Date,3M,6M,9M,1Y,15M,18M,21M,2Y,27M,30M,33M,3Y,5Y,7Y,10Y,15Y,20Y,30Y
2026-08-18,0.07744909871177823,0.07970697958555913,0.08076096281618911,0.07898676574764212,0.07965734295118991,0.07990586670946491,0.07985066281366396,0.08001329596279336,0.08052604509457517,0.08096545848596311,0.08099274634013905,0.09511146887793984,0.10033348645862952,0.10069107395702794,0.10213884373938249,0.10379430777194393,0.10537704446408598,0.10702890675378014
2026-08-17,0.07744909871177778,0.0786115755266065,0.07987576944456073,0.0789867657476561,0.07965734295120729,0.07992076994798139,0.07987373494000596,0.08001299664312826,0.08053390662786365,0.080970766646919,0.08100790969434574,0.09512202709504916,0.10041798478177924,0.10068375678226926,0.10217897781692686,0.10375032048156523,0.10534581285340817,0.10700341295421895
2026-08-14,0.07641317582256368,0.08226102273439719,0.07987576944456816,0.0789701187840892,0.07965444318978782,0.07986953073921811,0.07986759783896266,0.08001198957465404,0.08053656061466197,0.08094824761136019,0.08100818319649344,0.09512193848459598,0.10030062464440792,0.10060164239315358,0.1018111689517272,0.10384894117844136,0.10551057839612044,0.10711948415929884
2026-08-13,0.0760955461512501,0.08225188188953174,0.07987576944456816,0.07898676574765612,0.07964745748311085,0.0798640458365489,0.07986213626043959,0.08000767501973816,0.08053740379420476,0.08094932340911831,0.08100491139811318,0.09512241480932578,0.10042140743449261,0.10061703711910948,0.10177683076110744,0.10383983437512852,0.10550343306440944,0.10711406498425903
2026-08-12,0.07626231307518914,0.08227016627934244,0.08076096281613096,0.07898676574765612,0.07966230983136066,0.07985542358910305,0.07984861310092882,0.08000324137647906,0.08053130689299202,0.08094844907386367,0.08098567679613294,0.09511753472719899,0.10027958929276198,0.10055684890462725,0.10181900497694753,0.10386905203293013,0.10552557306496291,0.10713103953224874
2026-08-11,0.0766841040071356,0.08227016627934244,0.08076096281618335,0.07898676574765612,0.07966054439780271,0.07986731434997443,0.07984827149235399,0.08001120077079456,0.08052597639238963,0.08094364094692154,0.08099274634057317,0.09511146887851576,0.10041018035402524,0.10069111178084289,0.10187714548941296,0.10401651274136742,0.1056679518223109,0.107270441964206
2026-08-10,0.07668410400713692,0.08227016627934244,0.08076096281618335,0.07902372715071523,0.0796605443978027,0.07986691679049357,0.07984792988670208,0.08000936337784877,0.08053383757612212,0.08093965019992445,0.08099274634057323,0.09512077810356696,0.10038432299466779,0.10063961822633045,0.10184477442726803,0.10402441022101398,0.10567745691190317,0.10727359430461034
2026-08-07,0.0768053613595344,0.08226102273439742,0.08076096281618335,0.0790070648085076,0.07965276926219908,0.07986668768628552,0.0798418335320507,0.08000760602321572,0.08053372168801178,0.08094821091065761,0.08099300414792694,0.09512008016883919,0.10027752973967931,0.10062846567072999,0.1018490024101039,0.10404200735143876,0.10568772234847783,0.10728076325087271
2026-08-06,0.07668410400713707,0.08225188188953195,0.08076096281618335,0.07902372715071533,0.07964500471702862,0.07986109381583023,0.07983641233244325,0.08000404690187099,0.08053410234036584,0.08094921619850796,0.08098973197149735,0.09512118193303652,0.10024538917599157,0.10054666677703628,0.1018298276367383,0.1040726309300294,0.10561183017492459,0.10717289370334043
2026-08-05,0.07682142161121382,0.08227016627934243,0.08076096281618335,0.07902372715071522,0.07965996968732095,0.07985265123014121,0.07984622190228526,0.0799996183281176,0.08052811842253106,0.08094844806792932,0.08098567679613294,0.09511628443715976,0.1003335473326694,0.10057191304933677,0.10189005719985979,0.10419932306076556,0.10562965911981625,0.10720203338080446
2026-08-04,0.0763211703159095,0.08227016627934243,0.07909367502874173,0.07902372715071522,0.07966206346902407,0.07986453151672189,0.07988999205434189,0.08000756763408527,0.08052496177176865,0.08094364094692162,0.08102131584626424,0.09511022216413748,0.10038741995434117,0.10057225759120146,0.10194575716486512,0.10417854420747086,0.10561439254443446,0.10719371966220796
2026-08-03,0.07644869134210375,0.08227016627934243,0.07909367502872688,0.07902372715071522,0.07966152970929773,0.07986413398494498,0.07988965028043706,0.08000726835129497,0.08053251947922317,0.0809396501999244,0.08102131584626435,0.09512077810356695,0.10030766477281164,0.1004692292804243,0.10193269318730722,0.10419992386892503,0.10563442359557704,0.10720433449193735
2026-07-31,0.0763053178551931,0.08226102273439731,0.07909367502872688,0.07900706480850772,0.0796549035797825,0.07986398155733497,0.07988348852985276,0.08000698717828368,0.08053305513641038,0.08094825770471785,0.08102160334049455,0.09512127887711537,0.10072751026553077,0.10087452325327138,0.10235693916536989,0.10468460081716732,0.10600628904245486,0.10759109403931008
2026-07-30,0.07595820342075846,0.0822518818895318,0.07872712826283917,0.07863556426530538,0.0791502044068654,0.07938396166459659,0.07941159264222454,0.07957523013847825,0.08002937047752079,0.08043984727444403,0.08051327919673429,0.09453079675105175,0.1001876084171584,0.10028688915906414,0.10180302752296637,0.10401943880878446,0.10544459569938985,0.10700622326455271
2026-07-29,0.07583066662792824,0.08227016627934242,0.07872712826283769,0.07863556426530316,0.07916608903375147,0.07937540990136052,0.07940618625291011,0.07957085220468067,0.08002418486089445,0.08043895725621625,0.08051006251390037,0.0945259897065397,0.1001552202247992,0.10034313180521273,0.10176323095775881,0.10403578585776145,0.10545656325682898,0.10701598784597839
2026-07-28,0.07583066662792824,0.08227016627934242,0.07872712826283769,0.07863556426530316,0.07916608903375147,0.07938711256447883,0.0794159735927175,0.07957870515360974,0.08001990463506202,0.08043420130581004,0.08050597026540388,0.09451998480911904,0.10013301707573447,0.10031947363010085,0.10176610013966851,0.10405155985508677,0.10546983390813253,0.10702777141775671
2026-07-27,0.07583066662792824,0.08066736257031354,0.07835945838326684,0.0782749923388554,0.07879950254955818,0.07903854184893837,0.07906153954108915,0.07929478826023581,0.07975144936603548,0.08015612493006866,0.08023951243985966,0.09424590416771293,0.0998444686619362,0.10001702818033657,0.1014664244144868,0.10375412795237786,0.10517394471923075,0.10672150490896297
2026-07-24,0.07679555720390065,0.08065856945095913,0.07834296556857816,0.07825864017658686,0.07878826385219162,0.07903806877156443,0.07905962037451333,0.0792944961844823,0.07974921623440241,0.08016439821912943,0.0802389248129239,0.09424638930689082,0.09999034637420551,0.10020997281543051,0.101600051239441,0.10401069916813564,0.1053165099136701,0.10687360536770715
2026-07-23,0.07695873446267852,0.07949775898899246,0.0783594583832665,0.07827499233885511,0.07877964392226809,0.07904781237325152,0.07905517816259235,0.07928955971091697,0.0797489471171848,0.08017473679626665,0.08023978345111916,0.09424634807249367,0.10001223533153965,0.1001920027126215,0.10165618896933543,0.10399120815934076,0.10530132294252362,0.10686253069404991
2026-07-22,0.0771058501013911,0.07951484718101792,0.07828402637613363,0.07821026053656031,0.07879422601047704,0.07904038954686866,0.07905180291045437,0.079287872621747,0.07974317153199796,0.08017455279420944,0.08023785786364175,0.09424378018321455,0.10005797827514004,0.10021297159120315,0.10162748853760688,0.10400060888665502,0.10530784304948149,0.10686844618066638
2026-07-21,0.07724315310920707,0.07975500977915398,0.07835945838326641,0.07827499233885499,0.07879365797215705,0.07904877390135233,0.0790595134390797,0.07929300864771542,0.07973860243897861,0.0801677372341773,0.08023252560725407,0.09423553668286533,0.10039621314816413,0.10055732681409674,0.10198597743874478,0.10433053920101555,0.10563735602892432,0.10720346224638391
2026-07-20,0.07724315310920707,0.0797550097791542,0.07835945838326641,0.07827499233885499,0.07879365797215705,0.07904838045748862,0.07905917576550751,0.07929271205339473,0.0797462962832197,0.0801638037745803,0.0802395124398591,0.09424590416771224,0.10049121576056368,0.10064539870925286,0.10203205751470713,0.10448987222603089,0.1057930793447091,0.10734925764438907
2026-07-17,0.0770896711064961,0.07974641311361003,0.07834296556857832,0.07825864017658696,0.0787869401811954,0.07904772187452185,0.07905778472641044,0.07929242000858691,0.07974661181760333,0.0801719805753081,0.0802392672682875,0.0942463893068908,0.10047277787779568,0.1006573373224951,0.10207469086076619,0.10452829700471855,0.1057508995255649,0.10731948264614981
2026-07-16,0.07710585010139125,0.07949775898902034,0.07835945838326668,0.07827499233885514,0.07881662343113544,0.07908301184878937,0.07905281829646434,0.07928748650250061,0.07974505701544805,0.08017281243851963,0.08023976128559489,0.09424634809845771,0.1006483297632077,0.10073688074457912,0.10210195356438498,0.1045618793952269,0.10553836182610055,0.10719591956573597
2026-07-15,0.07724315310920736,0.07975500977915763,0.07835945838326652,0.07827499233885503,0.07883125807991015,0.07907232464295362,0.07904746606966742,0.07928314089141703,0.07973927257332306,0.0801706236078559,0.08023652742001008,0.0942416147009039,0.10056111859031186,0.10074116362694496,0.10209500906473393,0.10451602759174221,0.10559295263384079,0.10723572626839624
2026-07-14,0.07724315310920692,0.07975500977915433,0.07835945838326652,0.07827499233885503,0.07883125807991007,0.07908401572755276,0.07905714978464778,0.07929093253406506,0.07973502806335632,0.08016584241476277,0.0802325256072541,0.09423553668286541,0.10057181506806764,0.10074884895243602,0.10207263606942835,0.10452902340749592,0.10550427930020519,0.1073305532893157
2026-07-13,0.0782237507145552,0.07975500977915433,0.07835945838326652,0.0782102605365602,0.07882719978546064,0.07908362212199566,0.0790568121312662,0.07929330459870629,0.079740424378903,0.0801619110237459,0.08023951243985912,0.09424807018683039,0.10054748668992154,0.1007351294885964,0.10206123974558753,0.10452226125991869,0.10550242881059504,0.10732578082674064
2026-07-10,0.07845210819721571,0.07974641311360996,0.07826756498747735,0.07811998119510909,0.07874360189592518,0.0790067653624009,0.07905736354913681,0.07922859001029854,0.07966512982230985,0.08009470828827264,0.0802405270219871,0.09425550524214847,0.10055553038532147,0.10071033943080489,0.10206968360597789,0.10452814637755038,0.10550348812460436,0.10732646194450096
2026-07-09,0.07846886225045503,0.07973781891035908,0.07828402637613356,0.07813627620270924,0.0787358407172193,0.07900064477555023,0.07905244235624521,0.07922372226532924,0.07966537861725494,0.08009533354187526,0.08024109783019064,0.09425546534637966,0.10055550436014131,0.10070790620586702,0.10205632648192718,0.1043926553211686,0.10496022939293985,0.10719792722611367
2026-07-08,0.07846886225045503,0.07951484718101806,0.07828402637613356,0.07813627620270913,0.07875098938310342,0.07899691863891757,0.07904709087478919,0.0792193823336874,0.07965987548670815,0.08009740201604938,0.08023790238308096,0.09425067665863957,0.10049021484923595,0.10067217582974984,0.10211016394956307,0.10454175615597636,0.10551318488704269,0.10733432285065062
2026-07-07,0.07748832523355181,0.07927465550329137,0.0778030468936026,0.07813627620270913,0.07875504310601017,0.07901189937544213,0.07906944482258287,0.0792271633750825,0.07965792523133199,0.08009464585036936,0.08024201378336833,0.09424468424208052,0.10047900081042895,0.100671159482757,0.10212065896349863,0.10454819650428135,0.10551907626297335,0.10734087975909835
2026-07-06,0.0776452274423338,0.07987027749928861,0.07786907396854251,0.07821026053656016,0.0788295939340446,0.0790792750262345,0.07913439544574175,0.07929122853942976,0.07973991973249266,0.08016094070693668,0.08031413944838492,0.09432978925442481,0.10052771872904709,0.10073043419838498,0.10215472805337261,0.10459055696477536,0.10561821872993589,0.10743196894029845
2026-07-03,0.0776288220752452,0.079861656134336,0.07771135289745697,0.07811998119510846,0.07874708315185441,0.07900256524386957,0.07899265832565958,0.07922701922167094,0.07966524641779699,0.0800938239414436,0.08017406213754846,0.0941844100206889,0.10038793190504387,0.10058530222793331,0.10200110494775184,0.10445464799025118,0.10547667824742939,0.10728604189346538
2026-07-02,0.07764522744233403,0.08004505276361226,0.07772758337182277,0.0781362762027092,0.07873923087185186,0.07899399790134631,0.07898812532667833,0.07922165088670673,0.07966544978893551,0.08009294092956644,0.0801748550459505,0.0941840070470599,0.10038766935046332,0.1005827082130233,0.1020432576291657,0.1044751741161033,0.10544715611663334,0.10726476059731314
2026-07-01,0.07751774487035983,0.07967816091117924,0.07772758337182277,0.07813627620270909,0.07875492146486561,0.07899193128542592,0.07898276781846035,0.07921731389621266,0.07966023959785322,0.08009601508240027,0.08017162211315004,0.09417927580688303,0.10044309576707323,0.10062541392826996,0.10202132748949823,0.10447467735485477,0.10544594838007616,0.10726525523235325
2026-06-30,0.0778903747217973,0.07987890133825112,0.07781118112583642,0.07813627620270909,0.07871578004598143,0.07904033140703194,0.0790311872247487,0.07925397914634606,0.07969592823186535,0.08012366149514419,0.08021271295493358,0.09420190444184448,0.10044853101529924,0.10060496510882048,0.10202916294209312,0.10444401049503434,0.10544364164273172,0.10734670799865008
2026-06-29,0.07776290002691995,0.07968674358553492,0.07781118112583582,0.07813627620270909,0.07871630680651238,0.07904295997199089,0.07903084917547562,0.07925368272129867,0.07970389849579526,0.08013239987309696,0.08021271295493287,0.09421227116002309,0.10041255214501053,0.10053160493117307,0.10214267915350701,0.10460049546217029,0.10499661876932516,0.10690338315407628
2026-06-26,0.07760921789703232,0.0793045858309789,0.07766021857917527,0.07804602183306064,0.07870952128014194,0.07904225776812263,0.07902875806776419,0.07925685100129465,0.0797042323968341,0.08013568658313741,0.08021553511477865,0.094215564943578,0.10040691243217269,0.10053097873519991,0.10210413451219867,0.10452959349980831,0.10505144516871555,0.10694213470759543
2026-06-25,0.07762561500557782,0.07899482234870651,0.07758473091332001,0.07806228639477153,0.07870172513066094,0.07903952768527724,0.07902535297777365,0.07925150955252441,0.07970448044643064,0.08013823285132379,0.0802135722198272,0.09421518356358964,0.10047249229425041,0.10066410853026951,0.10226132189557376,0.10469752512420369,0.10516381797475587,0.10706087339585045
2026-06-24,0.07762561500557782,0.07884102947130832,0.0775847309133206,0.07806228639477153,0.07871687412533092,0.07905453180102617,0.07903508895198912,0.07924716683587532,0.07969893181452015,0.08013457442514288,0.08020954108628804,0.0942104095134796,0.10048401233221868,0.10067718097263183,0.10225195437731069,0.10467049206709861,0.10518734567864385,0.10707883511831162
2026-06-23,0.07762561500557782,0.07884102947130787,0.0775847309133206,0.07806228639477153,0.07871687412533092,0.0790545318010261,0.07903475089470335,0.07925495317556121,0.0796946951762348,0.0801306357555256,0.08021655701578907,0.0942043750038579,0.10049404566641659,0.10068439043108965,0.10222922027431129,0.10461265103469894,0.10523406671327261,0.10711422812644544
2026-06-22,0.07762561500557782,0.07867761154459098,0.07751867570927978,0.07784953519724641,0.07843483184646674,0.07891427289407732,0.07888293304993137,0.07911895651367193,0.07955899922287459,0.08007709108144304,0.08014603089350245,0.09416003834783186,0.10033405672895718,0.10062245232763448,0.10220663118083681,0.10456884850721143,0.10514321276124966,0.10702526061284832
2026-06-19,0.07733474900898782,0.0784975153984778,0.07733936656014467,0.0779443187290033,0.07853201680431356,0.0789486424230113,0.07891989187868631,0.07915322189434,0.07959392064785745,0.08003722330922695,0.08010739055223635,0.09411385744545073,0.10041496465770353,0.10055846636849736,0.10205645739201925,0.10450282292413696,0.10514793551639161,0.10701638133149916
2026-06-18,0.07751774487035772,0.07836035028325142,0.07726386077609443,0.077886538657071,0.07848602568603334,0.07890572850273242,0.07887820178467593,0.07911222929350985,0.07955645060858944,0.0800008374323046,0.08006756471524443,0.09407751973718875,0.10034549965970473,0.10043952820388764,0.10202802053190761,0.10445091057215763,0.10494648979947102,0.10700288550501755
2026-06-17,0.07715488743538146,0.07836035028325164,0.07726386077609472,0.07788653865707122,0.07850258658596451,0.07891860733853692,0.0788879063917066,0.07910790219790093,0.07955180527025962,0.07999581959945112,0.08006356142513535,0.09407276146368732,0.10013760062384136,0.10014635767498675,0.10178110534428136,0.1044884025260221,0.1052268504034792,0.10729362578319429
2026-06-16,0.07678218849502401,0.07836035028325164,0.07726386077609472,0.07788653865707122,0.07850412257778769,0.07891860733853692,0.07888756897406848,0.07911565891213157,0.0795484475778812,0.07999189299289723,0.08007055816894021,0.09406673094155132,0.10014757958683473,0.10015350895497353,0.10175839131305663,0.10450117344235088,0.10481674209410159,0.10699331034421623
2026-06-15,0.07678218849502401,0.07819689296677161,0.07715059410418144,0.07763673872702168,0.07840069287617236,0.07855027740057902,0.07874653997318065,0.07898115943304956,0.07941428653300997,0.07979154212594838,0.07985069337805091,0.09386013932213118,0.09981967001145328,0.09986641327415278,0.10155805617072824,0.10429563223141457,0.1048340280842068,0.10691834185407154
2026-06-12,0.07676614458829423,0.07794005974139334,0.0773676801298501,0.07762064873459773,0.0783933460726849,0.0785477400086334,0.07873488042862353,0.07898115503032757,0.07941432497854385,0.07979357790497191,0.07984739831151799,0.09386085482214755,0.09982328339099601,0.09986295529945088,0.10151749602911031,0.10429374962460992,0.10485163042635436,0.10693083329006572
2026-06-11,0.07678218849502358,0.07795649022272814,0.07715059410418151,0.0775627119477903,0.0783104580042798,0.07847428594186426,0.07865860660902088,0.0789019572680525,0.07933992777606455,0.07971764538976012,0.07978220980137397,0.09378648163194313,0.09979293421921423,0.09982852373009997,0.10148455010497816,0.10420625992944411,0.10474433057757321,0.1062929798521431
2026-06-10,0.07666448681856756,0.07795649022272814,0.07715059410418136,0.07756271194779019,0.07832595041897306,0.07848702542106434,0.07866824133083096,0.07889764947602163,0.07933459843376242,0.07971293768316112,0.07977799599867216,0.09378175777083354,0.09976050367268322,0.09983608456979615,0.10157989130806604,0.1043964064428271,0.10479223677425326,0.10622614698495923
2026-06-09,0.0768606543394544,0.0772832083471688,0.07715059410418136,0.07759972602239913,0.07832514384906444,0.07849617413135361,0.07866790486281329,0.07890385159741807,0.07932994609978958,0.07971461557953037,0.0797849333502471,0.0937745196929079,0.09979154731052496,0.09980277316268085,0.10160358915502533,0.10416798696623218,0.104984784608121,0.10637228129435639
2026-06-08,0.07686065433943545,0.07766796867648833,0.07715059410418136,0.07759972602239636,0.07832514384906425,0.07849094552522363,0.07866756839767383,0.07890355650509259,0.07933754099782213,0.07971851723854434,0.07978493335024679,0.09378480373246925,0.09976677640007892,0.09978865729510548,0.10153630573687687,0.10412822511475046,0.10492615316910577,0.10648036620185677
2026-06-05,0.07613862237610745,0.07726705860419825,0.07700899726908364,0.07737088846069615,0.07824548649406667,0.07841432339291345,0.07859823638150724,0.07876788083038477,0.07927431438276937,0.07964645944822125,0.07971144875451718,0.09380232381669937,0.09981419586062029,0.09983649802395825,0.10157087450637879,0.10412578925277713,0.10489825460664072,0.10646069391696394
2026-06-04,0.07615440586602876,0.0772832083466822,0.07697123558025418,0.07738687638135498,0.0782378246951448,0.07840739349169379,0.07859390022551364,0.07876262827853682,0.07927468731244194,0.07964628957332114,0.07970899864573801,0.0938019248508671,0.09985779037662766,0.09987570111452729,0.10161178447431907,0.10416602252513141,0.10493805430488216,0.10650049128177849
2026-06-03,0.07615440586602876,0.07737940538776057,0.0770845174473098,0.07753495049272827,0.07825281481694764,0.07841883256965068,0.07860057007856171,0.07881969273523184,0.07926899360988082,0.0796407816368944,0.07978264754110534,0.09378780301369195,0.09992891083315679,0.09995902698109355,0.10164360260898771,0.10407663394528979,0.1051591284445981,0.10668460250516278
2026-06-02,0.07656822804839854,0.07776414716266601,0.07708451744730654,0.07717398142571341,0.07811009966139074,0.07827104881462676,0.07844700113747305,0.07862060536025761,0.07911402463140547,0.07949255375534385,0.07963811027880438,0.0937370715111791,0.10006291032135485,0.10007834605385534,0.10173896513616594,0.10418308580425967,0.10444682563147717,0.1057471608828425
2026-06-01,0.0766975142855508,0.07824497003866837,0.07718835072767856,0.07734985442733221,0.0781472774744498,0.07829304629067742,0.07848227452925338,0.07872871718938783,0.07915868886513804,0.0795337286081528,0.07975402238904522,0.09376447515827176,0.10027808268088778,0.10030787325365825,0.10199292352595364,0.10440158759169277,0.1035973601004146,0.10569400777944037
2026-05-29,0.07597776440576574,0.0766900177132392,0.07669259551394447,0.07705628627507184,0.07785124284640269,0.07802818904991832,0.07819220274714199,0.07836444406789313,0.07880230742751747,0.07917465570145209,0.07938586788813119,0.09341131539841169,0.09990679813264389,0.0999566401149003,0.10151972382548581,0.10397041645084025,0.10290588592810987,0.10491567964782468
2026-05-28,0.07615440586602884,0.07629735691093335,0.0760335414128563,0.07621075974542459,0.07697756003295693,0.07721890363888192,0.07740634686164784,0.07765225491974552,0.07808888075766264,0.07853572637532658,0.0787488369068509,0.09285518264447547,0.09953121669942624,0.09932604719317879,0.10116242170384193,0.10357020650275721,0.1013656542321268,0.10350428991948943
2026-05-27,0.0764388821779146,0.07631310525713192,0.07595027192841851,0.07607175695124414,0.07684029783005025,0.07706984446438138,0.07732661697586278,0.07750913584169479,0.07793319523867119,0.07839443438089906,0.07860491431118848,0.09271131824927659,0.09885533225082402,0.0991153688745057,0.10021084168294281,0.10178712042253732,0.10246131621206979,0.1040645533361487
2026-05-26,0.076576208269617,0.076120643838904,0.07589968572755618,0.07607175695124414,0.07683974439842829,0.07708471470099525,0.07732303874166167,0.0775165799348384,0.07792883092595985,0.07839141099894957,0.07860626662088194,0.09270546955407052,0.0988219720926252,0.09909325128115364,0.10020085939709117,0.10180801773577708,0.10247805320927912,0.10407833424712873
2026-05-25,0.07581104521898141,0.07573566497461769,0.07582414570953852,0.0759976142264651,0.07684282829605002,0.07708989659823044,0.07725751184776859,0.07751927630360611,0.07793789285666591,0.07839079814767436,0.07860739264666255,0.09271804931067136,0.09879825944434772,0.099079824494105,0.10018974750029404,0.1018013834516006,0.10247597510532017,0.10407390862001746
2026-05-22,0.07566388155861968,0.07572790769462943,0.07574860137637707,0.07590806954912895,0.07677030959307128,0.07701389734512532,0.07719138255480681,0.07744504008947423,0.07787274096678402,0.07832188566194119,0.07853572794994855,0.09264445380082022,0.09867286820220995,0.0990109450344825,0.10016437353624533,0.1017175677943304,0.10229519568071468,0.10391072486793006
2026-05-21,0.07566388155862055,0.07552771333038656,0.07566535687383635,0.07585858179924473,0.07668780777076475,0.07693429349319664,0.07711656035483562,0.07737527488048955,0.07779835496352948,0.07824832376502779,0.07846133158993754,0.09257932857517805,0.09860788936316484,0.09894390685653548,0.10007261351031639,0.1015419005959977,0.1022970838453473,0.10389027469082315
2026-05-20,0.07566388155862055,0.07554314752130929,0.07573318129665818,0.07585858179924473,0.07670220215797569,0.0769279914010599,0.07710980539370736,0.07737112657719661,0.07779289059899587,0.07824838727342297,0.07846057605168251,0.09257471864697271,0.09859745480885455,0.09896020395531678,0.09998304727976254,0.10152876031372825,0.10225565821620873,0.10385020331658751
2026-05-19,0.07621326470758515,0.0748210406230507,0.07531413769523809,0.07585858179924473,0.07669999205807393,0.07694995785640628,0.07711550540837245,0.07737854570545367,0.07778760626674235,0.07824973595899166,0.07846792126973674,0.09256876962416007,0.09850921666873909,0.09897072666094768,0.09994645772239741,0.10137051337018593,0.1019674348762193,0.10359872075118373
2026-05-18,0.07621326470758515,0.07482104062305026,0.0753141376952378,0.07585858179924473,0.07669999205807383,0.07694995785640628,0.07712467284695555,0.0773782563403423,0.07779489411691068,0.07824595897707197,0.0784638727946746,0.09257888783845336,0.09844023931290742,0.09896291787483247,0.09999453148011019,0.10126148332336002,0.1019949574928142,0.10361505232331011
2026-05-15,0.07600133837272663,0.07481346840523592,0.0753141376952378,0.07569494804446979,0.07647702789930151,0.07673100132973217,0.07690314501714073,0.07716258172998036,0.07758013409085955,0.0780355414540821,0.07816938912546398,0.09228238578111994,0.09819411380786433,0.09866201244475827,0.09964625992847445,0.10097133588515216,0.10172236630090488,0.10332956531214543
2026-05-14,0.07597782410192383,0.07437268168398266,0.07530651398289241,0.07585858179924482,0.07668655028406131,0.07694936827426994,0.07712382305111055,0.07737325220145266,0.0777958299551428,0.07825595428236028,0.0784675489635835,0.09257932167842642,0.09842170681726292,0.098960402417254,0.09998473382830678,0.10125210744567081,0.1020064954580275,0.10362272088404231
2026-05-13,0.07565407045383617,0.07458027989801251,0.07529889231841863,0.07585858179924482,0.07670224162966385,0.07694088361250169,0.0771190815096451,0.07736910676729652,0.07779110590624558,0.07825469735318177,0.0784681102509712,0.09257470195895001,0.09842218456589755,0.09893857064974287,0.09992896811386252,0.10125075888858141,0.10192877414109526,0.1035151980194864
2026-05-12,0.07548727796028702,0.07458027989801867,0.0753141376952379,0.07585858179924482,0.0767029126785338,0.07695319385216878,0.07711321122093948,0.07737652019512159,0.07778744926648913,0.07825008206296771,0.0784679147748084,0.09256876962416008,0.09850921667813323,0.09893423162727079,0.09989823354120335,0.10122298263156193,0.10195141082205562,0.1035330355579608
2026-05-11,0.07516348427773094,0.07477289081566964,0.07531413769523775,0.07585858179924482,0.07660064269132791,0.07684592349500419,0.07700730919944278,0.07726056218063734,0.07768282363467774,0.07814108378138383,0.07836009834760628,0.09246389435523454,0.0983266898097906,0.09881390944784472,0.09976538223621514,0.10111168843358284,0.10184235581953105,0.10341723675406345
2026-05-08,0.07530503762073859,0.0747653282792183,0.07531413769523775,0.07598218806426366,0.07665874398137319,0.07691256147280916,0.07708303163233764,0.07733243065464263,0.0777575961783483,0.07822330167816172,0.07842932673995573,0.09253697963287791,0.09844694614271234,0.09887674422942515,0.0998348840511658,0.10118317641234824,0.10191202539850878,0.10349031102421678
2026-05-07,0.0756540704538335,0.07475776777569729,0.0753065139828924,0.07599761422646503,0.07665020066279153,0.07690634530210866,0.07708305811559518,0.07732710140510884,0.07775718184139171,0.0782234577897346,0.0784295575900651,0.09253641955816556,0.09844658212336768,0.09887414673250974,0.09983524086589732,0.10102910888379632,0.10186911772249185,0.10348368963247019
2026-05-06,0.07581104521898208,0.0747728908156735,0.07529889231841877,0.07599761422646492,0.07666394950989519,0.0769002523145038,0.0770783300767127,0.07732297233941432,0.07775153909401993,0.07822366330215175,0.07843012025352042,0.09253180344406468,0.09853468456936347,0.09887522281978527,0.09983139536193385,0.10099228500092146,0.10188329965551854,0.10349472668797398
2026-05-05,0.07581104521898163,0.0747728908156735,0.07531413769523786,0.07599761422646492,0.07666394950989511,0.07691253955438311,0.07707257668675968,0.07733035354548243,0.07774751045029323,0.07821905781541015,0.07842999376122722,0.09252589009196674,0.0984683776319892,0.09889450217614207,0.09980371860700817,0.10101503984686522,0.10190150416750808,0.10350950108406548
2026-05-04,0.07597782410192408,0.0747728908156735,0.07531413769523786,0.07599761422646492,0.07666327891712779,0.07691253955438311,0.0770817171867662,0.07733006437572996,0.07775440488214785,0.07821528647654483,0.07842595682223293,0.09253599085405124,0.0983009065607822,0.09870773391845943,0.09953043844107715,0.10086387812674623,0.10175055905977211,0.10381864705193296
2026-04-29,0.07598568265751084,0.07516569877129768,0.0753217634563827,0.07599761422646492,0.07666090839213205,0.07690803021471097,0.07707280677499243,0.07732095389198843,0.07774366056324307,0.07821433821650223,0.07843142836717049,0.09253180815743545,0.09834839418867043,0.09870960335394297,0.09967049121006213,0.1008183098897025,0.10171190480665682,0.10379209711963502
2026-04-28,0.07598568265751084,0.0751656987712875,0.0753217634563827,0.07599761422646492,0.07666090839213195,0.07690803021471096,0.07708196200165293,0.07732832940262971,0.07775093357193204,0.07821056799260684,0.07842738105129698,0.09252589009196684,0.09863272964028275,0.09897837175115697,0.09988684911572412,0.10106464614774742,0.10197894770969544,0.1040594886624653
2026-04-24,0.07630947678833062,0.07469793012936943,0.07555027696757569,0.07598218806426317,0.07664524207660843,0.0769076452524504,0.07707497947351322,0.07732817383007826,0.07775047371905909,0.07822066987024273,0.07842707408048495,0.09260832991686467,0.09868026846750177,0.0990281233697215,0.09994284741196062,0.10112481650590834,0.10204069395140622,0.10412137175027217
2026-04-23,0.07630947678833018,0.074953824117611,0.07554260582907311,0.075997614226465,0.07665963190886836,0.07689854677408786,0.077070204114247,0.07739051270860946,0.07782332356546356,0.07828822947471556,0.07850740632171066,0.09260355043995172,0.09872097983425569,0.0990167727748754,0.09993695242505077,0.10110372552275493,0.10204611024897102,0.10412491153088779
2026-04-22,0.0762309836416935,0.07495382411761078,0.07555795017392954,0.07603468627599753,0.07669759585195776,0.07694891067351509,0.07710275504783817,0.07742343105571582,0.07785685380087207,0.07832129459161274,0.07854517158781102,0.09263608837504485,0.09884616652970088,0.09913971728812083,0.10003531027801792,0.10116628469885434,0.10211121294835432,0.10388106222197051
2026-04-21,0.07612305305688624,0.07458780578616411,0.07555795017392954,0.07603468627599753,0.07669802155923947,0.07695378556952645,0.07711189603087261,0.0774308279702108,0.07786439182088525,0.078320493031398,0.07854112487314335,0.09263005143676532,0.0993173734077158,0.09958644894201672,0.10046472799502182,0.10158292943654212,0.10242953640006196,0.10422277983073339
2026-04-20,0.07563242288281377,0.07516569877128756,0.07555795017392954,0.07603468627599753,0.07669995688397914,0.076946089199211,0.07711156680379208,0.07743053843990082,0.07786522734438378,0.07832263720399331,0.07853773045128608,0.0926401750755327,0.09890804116976452,0.0990965715365095,0.10002527162963588,0.1011080880711892,0.10213498632739029,0.10421245980827044
2026-04-17,0.07563242288281422,0.07515041640231851,0.07555027696757304,0.076019245250562,0.07668554087266477,0.07694000491617456,0.07711089126883411,0.0774307056724542,0.07786575251248423,0.07832241097753265,0.07854471370783499,0.09264102168713899,0.09935041228510627,0.09946255414619375,0.10032968989561523,0.10153112902838868,0.10252019175538407,0.10460107943484628
2026-04-16,0.07563242288281422,0.07516569877128743,0.0755426058290733,0.07603468627599756,0.07669995688397915,0.0769337824123917,0.07710612568250355,0.07742554469653547,0.07786041829169282,0.0783225414717458,0.07854524721599501,0.09264065924450372,0.09921851166362797,0.09948039836367047,0.1003308154943416,0.1015117776067247,0.1025248502050933,0.10460104252158081
2026-04-15,0.0765155139902094,0.07516569877128743,0.07555795017392954,0.07610882625230743,0.07677177845203323,0.07694608919921109,0.07717711917192652,0.07741843583511117,0.07791942420063826,0.0783179279168824,0.07862108790584223,0.09263353721714214,0.09933800743310209,0.099438701083008,0.10028855518591709,0.101422600965892,0.10258609491621355,0.10464577967036713
2026-04-14,0.07739841071204982,0.07555086776142089,0.07555795017392954,0.07624782389420365,0.07683417839939916,0.07709317954623066,0.0772533759398036,0.0775744062825544,0.07799996728420967,0.07846170531437717,0.07868328944557852,0.0927763145552809,0.09951921945350188,0.09962727275581557,0.10052836509933478,0.10158476207635392,0.10256178618446386,0.10502446993320595
2026-04-13,0.07749649835242005,0.07555086776142089,0.07555795017392954,0.07610882625230576,0.07669260519265197,0.07694096081190754,0.07710926229294453,0.07742552943590893,0.07785925686440465,0.07831785232163775,0.07853773045130281,0.09263773743883759,0.09932316520362404,0.0995047181511233,0.10039126717977155,0.10141631771140219,0.10239962251019596,0.10485656216771659
2026-04-10,0.07749649835242094,0.07630523000408256,0.0750779562503059,0.07609335548113837,0.07667822128479311,0.07692445957174948,0.07712034308903352,0.0774261809182694,0.07785970044942565,0.07831121568806039,0.07855236160063056,0.09263897981470512,0.09941491877106327,0.0994877747768352,0.1004241563578366,0.10139640663710438,0.10238139623703874,0.10484341662445586
2026-04-09,0.07680983449164987,0.0767059286480042,0.07507037982830154,0.07582150322046254,0.07644113309071551,0.07665660873666745,0.07689444387004989,0.07721044233097547,0.07756446745591725,0.07801442366018592,0.07825464766460352,0.09235574221830985,0.09908965295403797,0.09922514221973848,0.10005201768657844,0.10115310964911677,0.1021278169790831,0.1045706982995829
2026-04-08,0.07680983449164942,0.07699458938264685,0.07508553470218923,0.07582150322046242,0.07651645047507055,0.07674102195500983,0.07711034416524959,0.07742794255247593,0.07778179122080311,0.07816194844392922,0.07840370718366682,0.09248985776174633,0.09916308526409777,0.09935177000576985,0.10019699759355483,0.10131071620675106,0.10228157771974732,0.10472758840161023
2026-04-07,0.07680983449164942,0.07699458938264729,0.07508553470218923,0.07582150322046242,0.0765164504750711,0.07674102195501029,0.07711950822131235,0.077435351376965,0.0777890728250714,0.07815819832453433,0.07839943725558862,0.0924838456790156,0.09921752391968203,0.09930395283876395,0.10019367045299733,0.10123599607399263,0.1023333184306317,0.10476685538688275
2026-04-06,0.07680983449164942,0.07709080034457462,0.07508553470218923,0.07553409761036667,0.07622457287144849,0.07652095674239538,0.07689867249809641,0.07708032642773077,0.07743050689709731,0.07778941630429487,0.07801850215061494,0.09212897981751254,0.0987845404662651,0.09893468930800678,0.09983951818002883,0.1008142247443135,0.10198967156444746,0.10439938314962519
2026-04-03,0.07680983449164942,0.07659382782113887,0.07436915872935532,0.07509240111293732,0.075701973871862,0.076159933986178,0.07654153053473617,0.07665427708815771,0.07699420579411163,0.07735610694674191,0.07751729252963742,0.0916314820867262,0.0983801086976031,0.09852235081853791,0.09933362253038783,0.10028143482296427,0.10167015912869476,0.10403439674855543
2026-04-02,0.07680983449164942,0.0771870066657597,0.07436172336236638,0.07514457754979584,0.07571599445428479,0.07614622759309472,0.07653580817142533,0.07664752182715309,0.07698905033750134,0.07735162156082317,0.07751728144291278,0.09162959455437507,0.09837886786423602,0.09845847675897401,0.09927702876032844,0.10031331767850112,0.10169493407401471,0.10405186767204551
2026-04-01,0.07627023040700012,0.07719662704266628,0.07437659607003085,0.07478274444360405,0.07550141454017756,0.07586307545728387,0.07646484998777144,0.07658071530379526,0.07699586321231114,0.0775191653047691,0.07768174417327273,0.09179498091639411,0.09847281439946033,0.09863611947461523,0.09948005650546987,0.1004539045781374,0.1018361872315596,0.10419976828529433
2026-03-31,0.0762702304070206,0.0770330743243348,0.07406454307010521,0.07514457754979717,0.07536008355687306,0.07586521950863198,0.07604096069680287,0.07620723163257882,0.07649118628658458,0.07675611601466548,0.07693703501024983,0.09101517323990307,0.09777353918791204,0.09789744666908073,0.09870851153717933,0.09974081805854064,0.10111495026467697,0.10345246513706811
2026-03-30,0.07626231307518855,0.07639008459631574,0.0740645430701027,0.07464354299577472,0.07471185899711787,0.07528245302067169,0.07522555971278892,0.07548426179781988,0.07576845926765036,0.07602825358080513,0.07620724611324103,0.09030274866853054,0.09706197921348457,0.09716314025334322,0.09791141019829262,0.09903928146868897,0.10040471125735287,0.10270800507998125
2026-03-27,0.07607978696899029,0.07590112212618726,0.07468107644202827,0.07441525906222551,0.0745549102164458,0.07514602231135711,0.0750658101843032,0.07533782805789445,0.07561859766804753,0.07588665878856536,0.07604998519172829,0.09016662245864365,0.09692781221049454,0.09702221988442192,0.0978429838994076,0.098878555898042,0.1002442481703045,0.10254775945667505
2026-03-26,0.07577180210996387,0.0750850315491052,0.07436172336236632,0.07364072015136229,0.07368187578054249,0.07423646512459943,0.07435921459121345,0.07469883117910678,0.07498213463370018,0.07525441563076281,0.07540274451426715,0.08936667082482945,0.09620815647289671,0.0962176536867567,0.0968826915502183,0.09813748099096077,0.0994830386631879,0.10159320068341493
2026-03-25,0.07577180210996387,0.07510028646083575,0.07437659607003093,0.0737893499704934,0.07369513195473024,0.07423078607234748,0.07435458467226504,0.07468925502926897,0.07497778853487942,0.07525469876356325,0.07540285584408146,0.08935771815452044,0.09610661878416844,0.09594251120939751,0.0969432744858964,0.09819264501634162,0.09952521239289965,0.10068024413081149
2026-03-24,0.07577180210996387,0.07494622465284875,0.07406454307010941,0.07357568765832191,0.07347810171688036,0.07402497517879013,0.07415096522931505,0.07448244184668171,0.07475847956040428,0.07503433202040892,0.07518586060413483,0.08921982642260338,0.0959383248548521,0.09585710551073465,0.09693229015429651,0.09806534138597879,0.0994008538278159,0.10055935331061372
2026-03-23,0.07577180210996387,0.07437801830449439,0.07343075513858155,0.07303668424397225,0.07307225879471871,0.07362250661466872,0.07376358364567233,0.07409767935640825,0.07437176214760859,0.07463933974842124,0.0747941676989457,0.0888329336849879,0.09560410849886773,0.09559071265404441,0.09659305590872863,0.09786509220697474,0.09918913636465032,0.10032703517370485
2026-03-20,0.07575617629364324,0.07437053493335442,0.07342350403695651,0.07302242265784835,0.07306568947548847,0.07362240728268454,0.07376350572178099,0.07409705753996026,0.07437128777641158,0.0746449528297017,0.0747991905640753,0.08883310494696486,0.09557434396469523,0.09548355134660669,0.09672769900094648,0.09788002310428774,0.0992022546315247,0.1003421992921111
2026-03-19,0.07577180210996408,0.07436305356341336,0.07341625483569232,0.07303668424397176,0.07305923236833943,0.07361673905587127,0.07375884173829185,0.07409308728595883,0.07437135174463087,0.07464521541235028,0.07479924009651448,0.08883338491898785,0.09562921157799771,0.09541316227540542,0.0966115713698832,0.09792552003689123,0.09923759511293492,0.10036625647023051
2026-03-18,0.07577180210996363,0.0743780183044941,0.07311847965806263,0.07282286103776442,0.07285513145847049,0.07339220032192054,0.07354136830089679,0.07379841642215756,0.07407316005916825,0.07449760678325347,0.07465577187695463,0.08870151439460551,0.09559603910145567,0.0952792891849943,0.09651289533344133,0.09777193322048412,0.09908485767188588,0.10021550789281983
2026-03-17,0.07544803164860718,0.0743780183044941,0.07311847965805733,0.07282286103776142,0.07285636570836754,0.07340328091629235,0.07355050287170722,0.07380505443020391,0.07407020795292825,0.07449318746234909,0.0746521270409519,0.08869605079871859,0.09556242857839069,0.09529300096085713,0.09648175609881948,0.09779139562180807,0.0991007084652947,0.10022849717698928
2026-03-16,0.07577180210996368,0.0743780183044941,0.07311847965805733,0.07282286103776142,0.07285513145846449,0.07340328091629235,0.07355050287170722,0.07380477849354374,0.07407606400526208,0.07448980184728926,0.07464908539554967,0.08870538830978382,0.09592115842630232,0.09572856972554215,0.09694371048106461,0.09819123507858038,0.09950580613181804,0.10063508961518086
2026-03-13,0.0757561762936438,0.07437053493335435,0.07278953687642509,0.07273432641931654,0.07278252532966707,0.07333645686856889,0.07348136647325018,0.0738072923036648,0.07407840712444695,0.0744984794379868,0.07466289699166935,0.08870813033870874,0.0957726726500631,0.09577300051539663,0.0968884781479683,0.09822321355641668,0.099527772054758,0.10065020308832781
2026-03-12,0.07577180210996359,0.07436305356341313,0.07278241118358589,0.0726740874894239,0.07270061344462649,0.07333083769996743,0.073476551299631,0.07380591054612134,0.07408168695865151,0.07449877628808083,0.07466283418900552,0.08871050577484013,0.0957742442321922,0.0959046150816793,0.09730094388571753,0.09836360236556431,0.09974637182550315,0.101015947868867
2026-03-11,0.07577180210996359,0.07389636005915746,0.07248423970138575,0.0726740874894239,0.07271350842839772,0.07333162962978021,0.07348014547631194,0.07380216824760617,0.07407746619886427,0.07450298252528242,0.07466825093712345,0.0887062724076105,0.09450647844485538,0.09503326596831124,0.09796007573502213,0.09889464319457819,0.0996682176858359,0.10092514796719686
2026-03-10,0.07577180210996359,0.07374220471737626,0.07248423970138575,0.0724601867292607,0.07249632512746462,0.07311586612114872,0.07326845015471742,0.07359499662082337,0.07385808357331443,0.07428289555888752,0.07444608667644198,0.08848661681174867,0.09425884576857646,0.0939925534831547,0.0978972507756757,0.09830049862056528,0.09979643003767684,0.10094553844949601
2026-03-09,0.07577180210996359,0.07389636005915518,0.07279666442147593,0.0724601867292607,0.07249632512746453,0.07311390265974241,0.07326078868717305,0.07359472147671198,0.07386460774583163,0.0742783239831131,0.0744380938449677,0.08849592449379082,0.09426784021185697,0.09422602813451779,0.09799693893037806,0.09847289955599327,0.0999922038353748,0.10113068697073686
2026-03-06,0.07543253864606558,0.07357107721836577,0.07184275156366135,0.07238106230488497,0.07241550933036568,0.07305104178171042,0.07321648778602105,0.07352014499302344,0.07378974331724582,0.07422019970131277,0.07439148352462159,0.08842194969538773,0.0942729938854577,0.09407769994296561,0.09800998005328408,0.09827240832704587,0.1005356214987425,0.10125520144157925
2026-03-05,0.07544803164860697,0.07356375483507921,0.07247010742934938,0.07239507741535034,0.07240920816619095,0.07304539056578538,0.07319645854777879,0.07351545785730092,0.07378982110005962,0.07422045757254957,0.07438153294994011,0.08842157571561303,0.09427275034080518,0.09407540198046714,0.09798282502167506,0.09828200110178358,0.1005432437903732,0.10126001870997298
2026-03-04,0.07577180210996372,0.07374220471737608,0.07248423970138583,0.07218111696000784,0.07227910793201099,0.0728189031757413,0.072961765575604,0.07322070624758487,0.07348770810530908,0.07392324009262372,0.07400414785215799,0.08805483075759472,0.09380439874071941,0.09372489824490576,0.09766038828469119,0.09790224388258617,0.10020386024750405,0.10091035198623388
2026-03-03,0.07577180210996372,0.0736940287162129,0.07149914709642463,0.07123169678001162,0.0722035461769374,0.07267785090365489,0.07285072881673044,0.07311841241536811,0.07334059705459804,0.07369891218799257,0.0738735755463615,0.08792469148583774,0.09368123046506945,0.09359511716410422,0.0974691782840902,0.09777960340614805,0.10007346403262,0.1007735706395354
2026-03-02,0.07577180210996372,0.0735325409524403,0.07135700608237583,0.07061688539556887,0.07191070561333204,0.07231717056725111,0.07263322543881837,0.07291924089206132,0.07313431095657275,0.07348587579920206,0.0738037913056471,0.08773202763898977,0.09373528343837953,0.09352501372589284,0.09732938573077185,0.0976501954220801,0.09879882439342812,0.09970606531861152
2026-02-27,0.07432246027727052,0.07190274966496478,0.07027055926490787,0.07028679190790564,0.07118310028227069,0.07160578157173429,0.07183848543786618,0.07196463624559002,0.07232423881196254,0.07261501274823585,0.0731002166067016,0.08717601068690976,0.09254640379947407,0.09280191397842574,0.09648433195055642,0.09722767206037666,0.0985351522772324,0.09935177490346501
2026-02-26,0.07363497412460336,0.07183520047271774,0.07027055926490505,0.07030001680015713,0.07118551095631846,0.0716066009829404,0.07184732622386251,0.07196055745219349,0.07233183540125068,0.07261228115592493,0.07309661068339944,0.0871758583047256,0.0925463050907588,0.09276384045257502,0.09649205770204376,0.09723296773545392,0.0985392716861628,0.09935421419108316
2026-02-25,0.07284913452122614,0.0718352004727173,0.07027055926490505,0.07030001680015713,0.07112211314850989,0.07153026540008206,0.0717800454210075,0.0718895769806706,0.07226741186946418,0.07255232043658787,0.07301711864888473,0.08709380533447747,0.09239310504245603,0.09266441098187872,0.0963977204856548,0.09706856229477878,0.09854059515270883,0.09933248226028682
2026-02-24,0.07284190847238595,0.0718352004727173,0.07012823187134187,0.07030001680015713,0.07112209970448323,0.07153026540008191,0.07178342492521567,0.07188930785831965,0.07226716336622303,0.07255210292492383,0.0730245918291082,0.08708922385116684,0.09244627365042406,0.09266507912100186,0.09639682040000778,0.09706901080658832,0.09854169123125076,0.09933460681189077
2026-02-23,0.07322746713637576,0.07182821567182761,0.07012823187134201,0.07030001680015713,0.07118061299898902,0.07160649918651243,0.07185070909882733,0.07196634760241287,0.07233252141764297,0.0726175840545576,0.07310095144978686,0.08717530359469298,0.09256495362671521,0.09274179189691435,0.09644958530695665,0.09716361421162996,0.09864013650631119,0.0994303497296842
2026-02-13,0.07324207314530562,0.06989460774338946,0.07076384362493336,0.0699792610806734,0.07112073632606068,0.07155379160323502,0.07175955205717699,0.0718943955305635,0.07225728267207011,0.07256104002508275,0.07301324810006743,0.0871080476099531,0.092498013841159,0.0926677090390828,0.09636530616969827,0.09709479307498377,0.09856608160752912,0.09935415242265164
2026-02-12,0.07324207314530562,0.06989460774324864,0.07076384362504647,0.06999237182003497,0.07112073632606059,0.0715537916032348,0.07176833552915794,0.0718909569296314,0.07226350261871259,0.0725578030294755,0.07300969106451277,0.08710843066601656,0.09254182099830299,0.09265956311468476,0.09636141081119197,0.09709220913921679,0.09856405870264312,0.09935236782924924
2026-02-11,0.07481345126580954,0.06989460774324864,0.07076384362504647,0.06999237182003497,0.07111523169701875,0.0715537916032348,0.07176833552915794,0.07189728543119175,0.0722601530942388,0.07256361694038695,0.07300675894113229,0.08710328259707721,0.09247548496395398,0.09268173203736173,0.09637337567839264,0.09710037676638117,0.09856973288121502,0.09935837996684373
2026-02-10,0.07676880397681446,0.0701167602605836,0.07171195616889854,0.06999237182003497,0.07124985433683038,0.0717038126098805,0.07188994043666254,0.07205165344153747,0.07239674250664103,0.07270317973486239,0.0731500195338166,0.08725252515146026,0.09263714057787623,0.09275541215637623,0.09655892718744163,0.09724468531232973,0.09883241090982375,0.09960208928919084
2026-02-09,0.076956986643968,0.07011010374334292,0.07171195616889914,0.06975924441485275,0.07124271967460925,0.07170297897525095,0.0718899404366626,0.07206010255475435,0.07239691624190929,0.07270245369341345,0.07314982029693724,0.08726893636195554,0.09257551354216861,0.09301539854307572,0.09684656769521342,0.09746526741718811,0.09912586393428763,0.09987815224674598
2026-02-06,0.07716939011169843,0.07062858377674117,0.07138967333493719,0.06974621985651655,0.07132428513915567,0.07176439566176918,0.07203288680405719,0.0722001170043598,0.0726104264570041,0.0729198320795278,0.07337728949537399,0.08756606124432247,0.0923353318724198,0.09284802707794543,0.09703689913606128,0.0979473814278218,0.09956579108890103,0.10027275632225809
2026-02-05,0.07540256287040582,0.07003949259551528,0.0710767950977844,0.06975924441485276,0.07111316855800136,0.0715520343237315,0.07168403727083053,0.07182044812347542,0.07217929242428867,0.0724761500484555,0.07285762801708191,0.08696721151631079,0.09170503534989118,0.09227246964666329,0.0964185206558992,0.09738542340338449,0.09899357624371961,0.09969054435537976
2026-02-04,0.07481345126582852,0.07018436703898191,0.0712379839395935,0.06975924441485276,0.07121917582660545,0.07166481346078582,0.0717955175797245,0.07194276336309281,0.0722835070012095,0.07258446277018614,0.07296633879823831,0.08706724692958802,0.09173185856599422,0.09226768434862244,0.09641020019509984,0.09736288913442888,0.09906689648217362,0.09960423596119722
2026-02-03,0.07676880397628148,0.07014573487171986,0.07123798393959069,0.06999237182002174,0.07128764638476182,0.07166528276586254,0.07179551757972175,0.07193379049908816,0.07220766570042543,0.07251533575843837,0.07281205424984233,0.08690238484041837,0.09139305995703498,0.09222557414899335,0.09619032878507351,0.09737121844833384,0.0991041882369353,0.09961258714234335
2026-02-02,0.07185255900767412,0.0689509948487903,0.0701282318713423,0.0706168853955391,0.07009823394585261,0.07060994716737468,0.07074521736372703,0.07082821088169923,0.07117077816372437,0.07146408996841698,0.07177335539209154,0.08581544862507344,0.0902957904745603,0.0911486125176341,0.09511084153495164,0.09629986024298749,0.09802399325879327,0.09852378996663914
2026-01-30,0.07052563445569326,0.06851284924875628,0.06981505826308973,0.06904676837008573,0.06981740935606758,0.07039586590028542,0.0705229203757142,0.07073628728883638,0.07103624811590517,0.07132535911735903,0.07162893253825851,0.08580026303613604,0.0900483976938051,0.09072879108420004,0.09513990249790973,0.09640891987204928,0.09824258411995215,0.09868517230281901
2026-01-29,0.07038566651467901,0.06851284924875628,0.06981505826308973,0.06905953593149464,0.06981822510692734,0.07039586590028557,0.07053138992131491,0.07073297228842151,0.0710333472501699,0.07132223334357982,0.07162560195740734,0.08580068195231264,0.09000529051289415,0.09073310686660849,0.09520029536690022,0.0963948461586561,0.09823146199702265,0.0986771275825649
2026-01-28,0.0698942395582983,0.06851284924875628,0.06981505826308973,0.06902220439007081,0.06975371059126058,0.07031944141756714,0.07045446578531547,0.07066308233916506,0.07096472393531626,0.0712521067900694,0.07155662988076042,0.08571974742588961,0.09005886502848533,0.09065231689184802,0.09504696237892422,0.09633537848076269,0.09807336542239806,0.09853405699999684
2026-01-27,0.0693961930737155,0.06829051995925661,0.06981505826308973,0.06866748522125453,0.06938630099273821,0.06988258051693735,0.07015637407287968,0.07045339783533153,0.0707553011484447,0.07104541716381929,0.07141613369981918,0.08558636939825247,0.09001155480079033,0.09062151620829721,0.09504916961128072,0.09627860901416811,0.098016638888546,0.09847806937184043
2026-01-26,0.06932084781026845,0.06960790547231396,0.06981505826308973,0.06859279146561159,0.06938662876842966,0.06986702927729253,0.07015637407287419,0.07045586283718912,0.07075525159052436,0.07103569936462201,0.07141593919289546,0.0855975193827581,0.09002363954177174,0.09060505466664517,0.09503538729893378,0.09627033689840271,0.0980131444679134,0.09847281364959412
2026-01-23,0.06891120696528544,0.0679908199540246,0.06949231780233199,0.06858019394451863,0.06938803487684107,0.06988612841890797,0.07015547524030044,0.070451669975481,0.07075224252380223,0.07104384204519965,0.07142087393168287,0.08559770006263866,0.08997214029309968,0.09066934843300095,0.09496340322896617,0.09623770978390495,0.09804780482514806,0.09849603274874061
2026-01-22,0.06806560831797866,0.06799081995403848,0.06949231780232605,0.06866748522124855,0.0693909838041285,0.06988612841890796,0.0701638552457762,0.07044577222838233,0.07075056870973173,0.07104073024904606,0.07141741568607024,0.08559600084416526,0.08993851370318177,0.09054004738510836,0.0950337484987104,0.09616022607066058,0.09809259112470244,0.09881901807529964
2026-01-21,0.06806560831797866,0.06806816615503952,0.06949231780232605,0.06866748522124855,0.06946671259016522,0.06996165861081732,0.07024079248413431,0.07052917674144914,0.07083178914366106,0.07112150076904518,0.07149075842753172,0.08565759954073765,0.08995983787773683,0.09056447432343108,0.09483303281453018,0.09621668710144397,0.09830037036822094,0.0986922888472129
2026-01-20,0.06848842968044408,0.0681068381430734,0.06996690917374061,0.06877018002638206,0.06956935427171566,0.07007586329480175,0.07034516373079651,0.07064119263745879,0.0709341667060272,0.07122473926924133,0.0715928874289406,0.08576550217024013,0.09021139793252655,0.09039066855334478,0.09520893794646458,0.09679621768004322,0.09842689006400879,0.09885459245560647
2026-01-19,0.0692782496642461,0.06840018335213482,0.06996690917374106,0.06884486053387065,0.06956655895240843,0.07007226627998847,0.0703451637307965,0.07063819255039935,0.07093234442386791,0.07122232777431432,0.0715926924443356,0.08577215901361038,0.09052443299469906,0.09136698623663252,0.0961952218819416,0.09704705762155216,0.0977314074271763,0.09839483443739536
2026-01-16,0.06915698745308012,0.06818417989437774,0.06965369777108597,0.06861752795457353,0.06934931407837595,0.06984561617631253,0.0701902009055235,0.07040969324810661,0.07071249142730267,0.071161294588472,0.07145523768099842,0.08571109114934225,0.0899946392920782,0.09046681058941694,0.09635541124127822,0.09713014570638005,0.0977746946195691,0.09839915656574601
2026-01-15,0.06915698745308012,0.06818417989437751,0.07060259760709674,0.06863013904082471,0.06934931407837595,0.06984561617631246,0.07017658055129611,0.0704066221720596,0.07070915447088835,0.07115816821110305,0.07143744048807787,0.08571171797075557,0.08981068893682158,0.09014572952792317,0.09616829323513094,0.09692587549523905,0.09757104132227121,0.09819443247450846
2026-01-14,0.06928478742042106,0.06847418504611061,0.07028953510600837,0.06848074037019501,0.06920687122191278,0.06969885000918892,0.07011653539995896,0.07035041277528459,0.0707206174666719,0.07116798485850483,0.07144250963587338,0.0857152009444026,0.09017289569671051,0.0902548111413285,0.09649664757702646,0.09725045047937259,0.0976068390782777,0.09827363431468322
2026-01-13,0.06830160707231588,0.06840652090763533,0.06996690917374077,0.06848074037019501,0.0692102904112501,0.0696996487148465,0.07012400785426942,0.07035014945627636,0.07072232670789257,0.07116826199742946,0.07145236512608849,0.08571072383801695,0.0897374760195561,0.09028786822272795,0.09681974801591252,0.09730751447078988,0.09787251662162265,0.09846683092600482
2026-01-12,0.06829525302343739,0.06840018335213514,0.069653697771086,0.06848074037019501,0.06921031652190945,0.06969973713581763,0.07013126407390302,0.0703498861392394,0.07072210611864779,0.0711681029605378,0.07145688487616249,0.08571966988811938,0.08962887672519099,0.0902869614615358,0.09697065270361724,0.09744437691150466,0.09726738690194485,0.0980217883490332
2026-01-10,0.06817377611843818,0.06840652090763572,0.06847299623793209,0.06847446117428055,0.06919894358302506,0.06968949270111453,0.07015444699992313,0.070349589142945,0.0707229966726489,0.07116854425823556,0.07147473737065131,0.08571986082573085,0.08932827269849662,0.08995947830493797,0.09674590032878566,0.09706429195824542,0.09699393822750241,0.09770932374417228
2026-01-09,0.06817377611843818,0.06840652090763549,0.06848562660209467,0.06846818350482277,0.06921073502871873,0.0696996487148455,0.07014989651042927,0.07034640085968043,0.07071853631667996,0.07116449933584496,0.07147473982342108,0.0857203599873361,0.08932858864877949,0.08995779209241872,0.09674700464775844,0.09706509581837999,0.09699454296797749,0.09770936609505018
2026-01-08,0.06891120696528467,0.06862883740899234,0.06870412399872136,0.06848074037019505,0.06920817031685933,0.06969702460109298,0.07015327395906433,0.07034254649248868,0.07071373696198245,0.07115976162830484,0.07146778979529093,0.0857202936863627,0.08897135204627384,0.09019605925922425,0.09747399835572834,0.09725398097295437,0.09646638794849555,0.09764514766775985
2026-01-07,0.06953054526970429,0.06869649408839636,0.06878011472391748,0.06863013904082602,0.06934801236026018,0.06983955573605463,0.07029580526001482,0.07048816738624047,0.07086935454294113,0.0713069128004303,0.0716066208023328,0.08601843750848272,0.08826182708299712,0.09035761494205635,0.09751340200653301,0.09772352925911648,0.09577041911941443,0.09716637792406228
2026-01-06,0.06953054526969933,0.06892844261514532,0.0687801147239172,0.06891953546460419,0.06964142374670539,0.07013298505816107,0.07051704723943684,0.07069969904354793,0.07100401902040972,0.07144026990039451,0.07160126957725003,0.08583853370385162,0.08739751254888095,0.08995021838842841,0.09707941451837315,0.09695237909444124,0.09639739328744963,0.09758191789298662
2026-01-05,0.07050665678417697,0.06914422619318107,0.06896057538809362,0.06919951680101706,0.06977989896361081,0.0703499500450782,0.07065711428409788,0.07076650613613367,0.07122114551846273,0.07158686351576825,0.0717511025523865,0.08598740700910629,0.08751595584469149,0.09007682013840386,0.09712644467425566,0.09711462501194709,0.09642023181710001,0.09769421517124906
2025-12-31,0.07087703393021656,0.06683994480528589,0.06704074535516158,0.06726604805186824,0.06811229265296065,0.06832212004562759,0.0686322956213671,0.06878505973720776,0.0693676830361097,0.06982312368590078,0.07014474994195864,0.08447982549772079,0.08636180889799622,0.08889636785611595,0.09581338299441984,0.09580316081400186,0.09520406813798815,0.09643471063956975
2025-12-30,0.07038566651468156,0.06683389262333142,0.06798527491219587,0.0672660480518678,0.06811397264811453,0.06832162458699685,0.06860864573262501,0.06878505973722229,0.06936840401763338,0.06982312640144134,0.07012957193929026,0.08447544241152741,0.086285034907202,0.0889151800106691,0.09577125584473357,0.09574709982455062,0.09526305505032635,0.09647667625827666
2025-12-29,0.07037891997075044,0.06683389262333142,0.0679852749121901,0.0672660480518678,0.06811386251581161,0.06832162458699685,0.06860864573262487,0.06878505973722229,0.0693681106941525,0.06982291733639402,0.0701344177212074,0.08448356829493821,0.08626384836092595,0.08890180394645263,0.09575941659117104,0.09574044028963474,0.09514888496524429,0.09627542742792627
2025-12-26,0.07013996047999921,0.06683389262333142,0.06862809622036602,0.06710437842654397,0.06818112955132678,0.0683883719659599,0.06866787750744353,0.06886378388069789,0.06936236419199168,0.0698195959598265,0.07012163373546912,0.08448247041338586,0.08623368091596066,0.08895094576611917,0.09575688470377539,0.09571903695294338,0.0950612611079274,0.09616760658021252
2025-12-25,0.07021858803071604,0.06691126903307656,0.06840331707375975,0.06777079171789055,0.06811454394001606,0.06839724491996747,0.06866812802403419,0.06883800854001745,0.06943995422033683,0.0698945616707107,0.07019433972624806,0.08453512038406935,0.08620492834327848,0.08897287985878033,0.09578342887178516,0.09574597007911301,0.09490982879933352,0.09618629510662415
2025-12-24,0.07073945705474961,0.06624379931171538,0.06792825899708892,0.06690135245177099,0.06774323708682334,0.06795537839158847,0.068244143149502,0.0684303089016917,0.06899910933185055,0.06946065795713932,0.06975965586190969,0.08411282183878897,0.08579364303515995,0.0885240034935982,0.09509674015929936,0.09503595520141857,0.09451129083269269,0.0956393702304734
2025-12-23,0.07017927444590656,0.06646631390281552,0.06769066641313665,0.06683588018625485,0.06730915021262214,0.06751262418710056,0.06779701460107442,0.06798745746891736,0.06864501710690406,0.06917655673606286,0.0696315939956434,0.0838202484749291,0.08551514034384523,0.08824215717460064,0.0948065872228089,0.0947477774297633,0.09422452789962937,0.09534708461713208
2025-12-22,0.06904235244039833,0.06616639714472891,0.06745303144528547,0.06647102764344191,0.06717067447227078,0.06737252087667261,0.06765792313017108,0.06784543118166192,0.06850558195349558,0.06895702401646168,0.06941703806719997,0.08361331478601008,0.08520505611050573,0.08802472262317773,0.09457062680671273,0.09453403078654735,0.09401420621137851,0.09512889396189295
2025-12-19,0.06835077175095818,0.06530509649461842,0.06612873662159455,0.06599139885207589,0.0668032856950856,0.06699967529578557,0.06724103212236651,0.06756859204696058,0.06813589435725592,0.06852375115906242,0.06891783520528041,0.08317446088924768,0.08477419380342163,0.08758894007169477,0.0940786024881837,0.09406488005172399,0.09361389114298897,0.09471062903938822
2025-12-18,0.0680656083179753,0.0651598970314624,0.06566465717148433,0.06586264409970118,0.06666197198713995,0.06686711184895207,0.06710260416788226,0.06741517561677833,0.06799197989671985,0.06836905673134867,0.06878131524231348,0.08303440736508493,0.08460253785660837,0.08742792973117612,0.09391782565519684,0.09405494032855369,0.0933898689574855,0.09457123497522096
2025-12-17,0.0680656083179789,0.06515989703146417,0.065664657171437,0.0659281801141064,0.06666197198713976,0.06686711184895075,0.0671103123085369,0.06741912700187178,0.0679974535974273,0.06836616312504437,0.06877811762133974,0.08302747589717721,0.08469603413345766,0.08746078248289668,0.09377959633619407,0.09390100705705423,0.0936671250481691,0.09478903829410235
2025-12-16,0.06779025907966289,0.06508245301909933,0.065664657171437,0.06586264409970234,0.0665870087764463,0.06679139341819719,0.06703321940083691,0.06735363816411041,0.06792233582737378,0.06830583968877699,0.0686991589926273,0.08294744369272725,0.08470535376685279,0.08742965451352913,0.09371760489471105,0.09380891281661631,0.09357990713237949,0.09470525852103727
2025-12-15,0.0683444085774893,0.06538253191004632,0.06590261135130594,0.06614348249779037,0.06666093062583493,0.06700818515852337,0.06724954540000486,0.06741161408434176,0.06799640988966464,0.06836348740360466,0.06877017562428271,0.0830247793671318,0.08460544702277528,0.08743802208561978,0.09375484596937043,0.09391400936070485,0.09368011942041922,0.09479686871028432
2025-12-12,0.0684884296804441,0.06538253191004142,0.06589090887932791,0.0661317590180305,0.06666055780381193,0.06699879253428404,0.06724618366110903,0.06734134767832962,0.06791432424188518,0.06829431340671446,0.06869042866666933,0.08286551291666877,0.08436726240097168,0.08713924781773606,0.09349040503932118,0.0937008942049362,0.09346239086852332,0.09443639956863845
2025-12-11,0.06848842968044411,0.06538253191004142,0.0659026113513001,0.06614348249777369,0.06666055780381193,0.0670081851585067,0.06724181209103551,0.06733765481061019,0.06791125781726721,0.06829074469284618,0.06869019046109455,0.0828650513465198,0.08436711285795324,0.0871136394479844,0.09353743016066378,0.09360862202249992,0.09320551955244755,0.09425305852219741
2025-12-10,0.06792793603565242,0.06523733805337252,0.06531240696088393,0.06600307315751387,0.0665106609226548,0.06686622772521483,0.06711816128981915,0.06719383920738282,0.06777673112496654,0.06813666403656865,0.06855247256912098,0.08272038899582579,0.08412887990899598,0.08692685790373099,0.09305137417410285,0.09323630718537555,0.09305950711932463,0.09403713526025506
2025-12-09,0.06809510891331046,0.0647532825989204,0.06507434732084966,0.06604051757595944,0.06651010307966831,0.06687175463825734,0.06712346706728235,0.06719253718728546,0.06777618925473752,0.06814515792167064,0.06855332011041934,0.08271508886485826,0.08413720635528367,0.0869329936719926,0.0930548938990063,0.09323987242018507,0.0929748647978558,0.09396766818981347
2025-12-08,0.06749884910840745,0.06441437425119666,0.06483624513009136,0.06557236154036844,0.06599961650710091,0.06635844346764166,0.06667570569631745,0.06684084293944248,0.06741478242723944,0.06779302749411263,0.06819264396425326,0.08260485487887109,0.08399093081438297,0.08679024918942058,0.09290908296347195,0.0930143263091243,0.0927181749515589,0.0937544934952024
2025-12-05,0.06624599017686822,0.06370732391588076,0.06517716892365168,0.06491464564375724,0.0650544881802192,0.06555259884076405,0.06585541382356498,0.06603705592684535,0.06665646040559586,0.067109205861527,0.06741590336266703,0.08184411419685941,0.08330168415076432,0.0861160799926042,0.09222689068364817,0.09228067593048536,0.09192478382676625,0.09306344867590641
2025-12-04,0.06582293494680846,0.06362982378966127,0.06518862125745639,0.06456039589831694,0.06473291955209871,0.06515034614919225,0.06551345611372615,0.06570734037841247,0.06633336724439677,0.06670749682617207,0.06701140319617414,0.08143507008347373,0.08307952516896164,0.08566164856757492,0.09180255727076381,0.09186403693352527,0.09179440996169219,0.0928805054671307
2025-12-03,0.06596067870407789,0.06362982378966127,0.06495053949294428,0.06445726783661127,0.06473247251119812,0.06515034614919187,0.06552591427998934,0.06571674412214666,0.06633833087197401,0.0667047391831986,0.06701164632216354,0.0814333467608502,0.08310077047365563,0.08576587760382258,0.09200630712889289,0.09183614657581428,0.09147676484920195,0.09279399812501088
2025-12-02,0.0646519240827944,0.0628158915956587,0.0641733099761281,0.06409154625918183,0.0639289673899402,0.06435396937899424,0.06480043854204393,0.06499270491406993,0.06539066391669077,0.0658275966407985,0.0660554788579844,0.08038975188763244,0.08214183331595128,0.08477097615180922,0.0907777641820314,0.09070840748651439,0.09042526270785112,0.09168267882004026
2025-12-01,0.06381957402144486,0.060537063029807006,0.06321477879824526,0.06250520535139867,0.06240017311435472,0.06274739358616287,0.06304616135883216,0.06332947523772813,0.0639383516546771,0.06431413625080232,0.06461364528594292,0.07896646889527954,0.08070264343871782,0.08341557659723167,0.08919276056332327,0.08931440731209543,0.0890323578652997,0.09015600177512623
2025-11-28,0.06228773219255339,0.059571376078390297,0.0606436275897354,0.0639023713592943,0.06167005823723305,0.061951296792053,0.06227247115438772,0.06253735775229305,0.06302961517162849,0.0634677588816928,0.06372532013624865,0.07822606875295313,0.08003139537644438,0.08267475243022127,0.08827892352346628,0.08855687235099463,0.08829762400928394,0.0894049629620986
2025-11-27,0.06176668501049241,0.05957137607837127,0.060643627589469104,0.06363186024477355,0.06144822967661036,0.06173035478188563,0.06205691996100431,0.06231840693183925,0.0628096240703955,0.0633253561777183,0.06365194959646743,0.07816239082538097,0.07996377153084488,0.08260350967280433,0.088261945080644,0.08825979092382864,0.08829780333211922,0.08938003090950426
2025-11-26,0.062219553071071264,0.05957137607837127,0.060643627589469104,0.06391332574365284,0.06145606155099707,0.06173035478188563,0.06205691996100431,0.062314484847339036,0.06280750886811193,0.06332978382563151,0.06364968694069166,0.07815028895398243,0.07996731976429937,0.08260914538631664,0.08784444775804018,0.08830147502946256,0.0884223159321725,0.0894674546281805
2025-11-25,0.06138269115795496,0.059425737140537276,0.06046204077256408,0.06380074905066127,0.06123960921272083,0.06151090245787553,0.061983324930035284,0.06227934103998548,0.06278227899617192,0.06333916279765026,0.06365934011976296,0.07815172849512826,0.07997871894462766,0.08261757636063578,0.08799779664889273,0.08826278983361141,0.08839340997569096,0.0894485444569261
2025-11-24,0.060535804121564674,0.05875097953304289,0.059869322713994484,0.0628621167566506,0.06072766831298518,0.06114292063421051,0.061473471206319644,0.061931388692354886,0.06235050860535828,0.06290211809783597,0.06330953313820269,0.07758308588208301,0.07938743692491629,0.08203223626958918,0.08743303598638257,0.08767090845800073,0.08780801432948308,0.08885441052105328
2025-11-21,0.05982673560101607,0.05852254088436316,0.05972588369888696,0.062382025468406335,0.06050604410580723,0.06100131205892298,0.061324886642276234,0.06180051722546391,0.06220128240823373,0.06274796137497606,0.06315778444265109,0.0774423288242642,0.07924605231623458,0.08188447118133356,0.08704583559910474,0.08759170535932788,0.08770953907033463,0.08873674328714432
2025-11-20,0.05911291637606063,0.058075649076265064,0.0592093757879925,0.062270325726124696,0.059836390986602914,0.060265625737505595,0.06045219120553672,0.060975620063209085,0.06139794715314948,0.06190519331216355,0.062320085095315066,0.07655065911424293,0.07841087775242869,0.08104867123472186,0.08644415362500758,0.0866527084874252,0.08673035268567142,0.08780480927271725
2025-11-19,0.05897031172514284,0.058075649076265064,0.059209375787992354,0.062270325726124585,0.0598456360694593,0.06026562573750544,0.06045219120553672,0.06098052360931961,0.061397178015612786,0.06190942130157178,0.06231790232227461,0.07654616116195924,0.0787505099553147,0.08144981603591593,0.08655235686299187,0.08707734781588837,0.08708973955259552,0.08812538135634154
2025-11-18,0.0589655730699196,0.058075649076265064,0.059209375787992354,0.062270325726124585,0.05984561696422588,0.06026562573750544,0.06045219120553672,0.06098052360931961,0.06140159156046607,0.0619092357518068,0.06232175322482268,0.07654252094621254,0.07875840718213438,0.08145564150127774,0.08655570882271038,0.08708060611451164,0.0870926280960021,0.08812834752579154
2025-11-17,0.059236427570318856,0.05810993133581743,0.05933373852243873,0.06192260260420273,0.05988284256035226,0.06030360323740496,0.06048839790408455,0.06099145046772404,0.06139951388534087,0.06190728295810461,0.062318376932186434,0.0762425700178345,0.07844018412140807,0.08114580795752793,0.08624524153410248,0.08669739568626621,0.08674340723593048,0.08783887839776099
2025-11-14,0.05884824514087707,0.05847397048487495,0.05933373852243858,0.06238202546837099,0.05987975575938036,0.06030003584471754,0.06048211362997838,0.06097660538655639,0.06139885139412967,0.06190232588174895,0.062318282635847176,0.07623185407496601,0.07840380286849018,0.08114271670286277,0.08622085218441128,0.08662491245188043,0.08677853376753965,0.08786280971702909
2025-11-13,0.05824042231324138,0.058473970484873836,0.05933373852243858,0.06239247001626602,0.05965800314094754,0.06007888098451223,0.06011125205573137,0.06060340914518708,0.06087408611165491,0.06145282629244093,0.06195183104362252,0.07593388844103963,0.07810939300002762,0.08084702080842619,0.08592454566182532,0.08633017286662453,0.08638124030782278,0.08750762352141649
2025-11-12,0.057875797403619776,0.059493703287077884,0.05933373852243858,0.06262732095745711,0.05974423787121024,0.06013584763718254,0.0601886176221373,0.06067844746009682,0.06094986212727745,0.061517373488410056,0.06201638847867098,0.07600061287300021,0.07816809954896742,0.0809550188243353,0.0859595575485774,0.0862896141136587,0.08630878350627863,0.08754453078656013
2025-11-11,0.05708730464273904,0.05925095652999626,0.05917110800387448,0.06262732095745356,0.05974669134397217,0.06013830947078907,0.060191837731632974,0.06052332302792342,0.06087703857161163,0.06140977489650429,0.06191252610795591,0.07592383772185325,0.07810209689618888,0.08088649488649488,0.08574058998511716,0.08617990528905091,0.08613483036595437,0.08737566033178652
2025-11-10,0.05649583221560168,0.05900345742160534,0.059888446753157416,0.06187560371819293,0.05967220105814735,0.060073797995384,0.06010028669707328,0.06046916410729665,0.060801987467802,0.0613346299933331,0.06182635485864348,0.07588323735202576,0.07798741914045493,0.08082339874914064,0.0857549905029234,0.08609236928300401,0.0860549621546244,0.08729682962760363
2025-11-07,0.05648713076105107,0.05852254088436525,0.059410263686675895,0.05898571086354033,0.059267225767554,0.05966486806092341,0.05976516567890143,0.060148545442009455,0.06040320999047113,0.06097404173235159,0.061347159139543805,0.0754715624423171,0.07773946008558859,0.08054368696971033,0.08541328418118757,0.08568044012116281,0.08505605491347357,0.08653574399261818
2025-11-06,0.0566929994891086,0.057064919775060896,0.059410263686672335,0.06125501131452742,0.05955786166042396,0.0599777431218509,0.06007105683275949,0.060376931944037246,0.06076200486466475,0.061306215679726155,0.06171176312046455,0.07570145878059138,0.07800965731753898,0.08075018926728604,0.0857005887772309,0.0859529791289505,0.0853698806709274,0.08685218006783463
2025-11-05,0.056692999489108165,0.05803678423832039,0.059410263686672335,0.05909875238719766,0.05934713776665072,0.05974670263422769,0.059848628336501265,0.060225506300916484,0.0605422949986946,0.061084842989989244,0.06148916637151301,0.07553194633627061,0.0777908350875138,0.08051331940839168,0.08542342822716016,0.08565862968677919,0.08515840102726997,0.08659338817628714
2025-11-04,0.05649583221559321,0.058036784238321065,0.05893190953440785,0.05888192773622783,0.05919503659302551,0.0596024253657345,0.059712952885389775,0.060076803446110945,0.06040489177654217,0.06102075669113523,0.0613552023353714,0.07547095024043765,0.07773823373658828,0.0804572067004232,0.08530979881455525,0.08553352942973991,0.08505755792843517,0.08649036206720091
2025-11-03,0.056495832215594094,0.05778933038015702,0.058692668262845395,0.058740495022600786,0.05912822042345472,0.059528101995582866,0.059640261204676186,0.0600131764576361,0.060328434534056986,0.060945846551131055,0.0612813935320769,0.07548493530268327,0.07772487128542475,0.08044927350316952,0.08523600684713248,0.08551678201795189,0.08502235772761427,0.08642490037055837
2025-10-31,0.05648713076105118,0.05777574110181594,0.05845338417397586,0.05837295200170972,0.05867537637473706,0.0590861117378558,0.05927128381528371,0.059536206392602486,0.05993110275929774,0.06054410279199093,0.06091988702091061,0.07543850464415025,0.0776702084238111,0.08038542803796307,0.08514659235555562,0.08545551014097968,0.08495619587228348,0.08635407147542166
2025-10-30,0.05649583221559355,0.05777121323113726,0.05893190953420777,0.057938664920512334,0.05867101247344729,0.05908572098003733,0.05926797950393572,0.05954712048057389,0.05992921780547954,0.06054411474953371,0.060911317854029486,0.07545018776323373,0.07767761511916926,0.08038939462688004,0.0850186532591216,0.08530705416130187,0.08485777953075989,0.08619497756081793
2025-10-29,0.05694930229662336,0.05790591847588469,0.056997614458249496,0.0569283873859068,0.05787584174120599,0.05841979699054372,0.05862803169825852,0.05898012816031485,0.059500786191542865,0.06003046616876102,0.06065144884547509,0.07526985891262675,0.0774951554906868,0.08020098625682,0.08452476452422482,0.08502521561240119,0.08436829954043737,0.0856950942362848
2025-10-28,0.05708730464273098,0.05790591847588447,0.05699761445821387,0.05692838738589225,0.05787542622607757,0.05841979699053434,0.05862803169824851,0.05898012816030587,0.059504689259879666,0.06003439964133552,0.06065511104366448,0.07526620579827113,0.07750311300502746,0.08020686469542455,0.08448831525782313,0.08502377854231437,0.08438529655148969,0.0857077082850063
2025-10-27,0.057412576895383136,0.05814420160820119,0.05692095107343673,0.05710785700641775,0.05809416159202386,0.05865811179958048,0.058929636975786424,0.05923720860087577,0.05979116831591237,0.06032108523237882,0.060973448554237225,0.07568328008592806,0.07788797581962875,0.08062048403857325,0.08490515406542129,0.08540917402689702,0.08453119279713672,0.08586994015869583
2025-10-24,0.057245936220894855,0.057905918475888295,0.05685386700557282,0.056768564719504935,0.05783265753971592,0.05848001855303507,0.05877972900884234,0.059060303045123295,0.0596332166027141,0.06024003052149756,0.06092019760288747,0.07570185011621787,0.0779019720502661,0.08059182649142566,0.08500058396274533,0.08531648779627841,0.08454955919564089,0.08588237650006132
2025-10-23,0.057254872466947146,0.0581487885752811,0.05689220117079474,0.056890600203301236,0.0578284640680082,0.058484755382105715,0.05878497218315224,0.05905421293298003,0.05963121747039017,0.06023548741287741,0.060917105224540725,0.07569872294163087,0.07794301909741051,0.08070087006078207,0.0851358262938185,0.0853812285375109,0.08461647162272981,0.08583464916295387
2025-10-22,0.05708730464273115,0.058634440555452694,0.05651839616760361,0.05663549936622451,0.05791364065623058,0.058556912234122634,0.05885997983493355,0.05914465343940869,0.05970414261324437,0.060267007727482995,0.06103687671353286,0.0758197397931909,0.0780715706144539,0.08085211795028455,0.0848940343959353,0.08512518728510222,0.08480607572603135,0.08612456059509889
2025-10-21,0.05626907773687197,0.05730347367992932,0.05637459717969853,0.056635499366225285,0.057916106179378334,0.058570169006715425,0.05886276433191061,0.05906684454545879,0.059631140873753076,0.06012066164272962,0.060882683249889546,0.07558516193469399,0.07794059983413702,0.0808122454671496,0.0847531164741806,0.08495685217684075,0.08484499832595063,0.08613389625249583
2025-10-20,0.05634795032985143,0.057303473679575744,0.05637459717969853,0.056635499366225285,0.05791586849397102,0.05857016900671536,0.05886276433191061,0.059066844545458144,0.059630806037909496,0.060120481666601236,0.0608825174757992,0.07559199097257367,0.07792191113027234,0.08083558465156304,0.0846839162014682,0.08496165712771674,0.08485079165829741,0.08601692646095702
2025-10-17,0.05626044582019455,0.057303473679575744,0.05637459717969853,0.05662687679842418,0.057912064804523385,0.05856297348156331,0.0588567337235745,0.0590648313187225,0.05963102697673344,0.06012073847314083,0.06088251790320167,0.075592049341681,0.07809593356174184,0.08096478672534262,0.08491007343331633,0.08503187276765062,0.0847051796257648,0.08600534754549086
2025-10-16,0.05602259077697459,0.05754641674298369,0.05622119454357924,0.05649374855446491,0.05735448572546472,0.058086445744803775,0.05838152519760518,0.05872591209855398,0.059382863909792714,0.05994577617008584,0.06079130989196169,0.07549111498623695,0.07806607935941225,0.08096419445656292,0.08465478431752774,0.08496851885690823,0.08473534644548956,0.08601048536585403
2025-10-15,0.05536193019916174,0.0566133548612877,0.056077363585246745,0.05602110067778262,0.056924828678359324,0.05769121964706023,0.05797749394930816,0.05841425421175683,0.05906150524127722,0.0595083633018122,0.06041769544402122,0.07504676474045328,0.07767028455532113,0.08053322810943717,0.08429521727388305,0.08463518155560673,0.08439649503695135,0.08554203304953648
2025-10-14,0.05536193019916042,0.056205003741209576,0.05574169783080712,0.05579415032220216,0.056771840280277264,0.057502592970686446,0.05787733409934874,0.05842108943537715,0.05891351340349194,0.059373136142505306,0.0602800152221753,0.07496736398417332,0.07760297873831118,0.08045197573039374,0.08421128311240182,0.08448917846864905,0.08435766237522337,0.08549139621077839
2025-10-13,0.05536193019916042,0.05685638153400856,0.05574169783079539,0.055794150322195944,0.056771840280274564,0.05749622504413326,0.057877334099347304,0.05842108943537722,0.05891331757342831,0.05936900103563143,0.06027985109219033,0.07497410808739909,0.07758436969927857,0.08048713020839358,0.08420653386225238,0.08439586939486761,0.08421774435119254,0.08536853122810924
2025-10-10,0.05536193019916042,0.05610776502760545,0.05515647886986274,0.05542644276659931,0.05636624559576835,0.05701506398168046,0.057398258729284814,0.057943387113637765,0.058435197340513806,0.058816518672810736,0.05972701788490286,0.0744575894427958,0.07707478170905255,0.08033684163810005,0.08352699080875418,0.08387165338207224,0.0835973276935441,0.08478755109132173
2025-10-09,0.05536193019916042,0.05610776502759899,0.055156478869856654,0.055434706888100566,0.05636232546759865,0.05702187796964858,0.0574039877388929,0.057940611198982604,0.05843334667673884,0.058813602013386854,0.05972443079828132,0.07445744360879843,0.07702122418921578,0.08001311803572687,0.08340349174672612,0.08377671237671325,0.08349830604059959,0.08465280261754074
2025-10-08,0.0551153868716267,0.05610776502759899,0.055156478869856654,0.055434706888100455,0.05637088761661561,0.057021877969648506,0.0574039877388929,0.057945322007079206,0.058430543434083326,0.05881144406085233,0.059722391945013026,0.07445299741634871,0.07677202384911433,0.08005371427866849,0.08308714135978952,0.083779788396014,0.0834040407804328,0.08475909292520835
2025-10-07,0.0551153868716245,0.05591327345506684,0.05507970983859078,0.055434706888100455,0.056370887616615614,0.057023763223131546,0.057405436454523374,0.057945322007079206,0.058434556805851315,0.05881639701446828,0.05972693919893411,0.07444938947547085,0.07682281472279417,0.08003087732230628,0.0832090154822425,0.08367214179173156,0.0833320734945991,0.08481455327126415
2025-10-06,0.0551153868716245,0.05591327345505971,0.055079709838588994,0.055434706888100455,0.056370887616615795,0.05702376322313154,0.05740543645452334,0.057945322007079206,0.05843436257238115,0.05881622095015384,0.059726776577971714,0.07445604228156306,0.07676158436934667,0.08004785084489957,0.08326502967050628,0.08364806985220644,0.08331613818911528,0.08480173890107183
2025-10-03,0.055107104453108464,0.05591327345505971,0.0549357560229359,0.05542644276659631,0.05632878845336829,0.056949516362761333,0.057324902645668904,0.05778783583483209,0.05828811429112493,0.05866031198623851,0.05950195299352414,0.07422951607296825,0.07654182707428475,0.07990649688967012,0.08278263006234479,0.08348793499348169,0.08314105342308306,0.08460896619943281
2025-10-02,0.05510296448684643,0.05643835741961738,0.0549357560229359,0.05543470688810059,0.05632496499739053,0.05695123606618942,0.05733062532943573,0.05778493949684413,0.058286319969762,0.058654288834041945,0.0594993959017033,0.0742292027533239,0.07654175293157117,0.07988137881479596,0.0829452645806611,0.08337000083172287,0.0831404198494977,0.08460828033336558
2025-10-01,0.05509882534887288,0.05591327345505737,0.05471499673117287,0.055254936709596116,0.05615102904352091,0.056773245940132236,0.05715063862238976,0.057610049352349264,0.05810244401248747,0.0584736391240486,0.059317563026620064,0.0741268417878936,0.07647135163744136,0.0798571374823789,0.08258222499544028,0.08325055744802148,0.08313232295922862,0.08504256215097274
2025-09-30,0.055168846614382566,0.05572297717937752,0.05459980349853056,0.055037276929903775,0.055929408534274375,0.056544221364036945,0.05685232465867221,0.057392638240991646,0.05788657956750451,0.058258714514835,0.059104460222101446,0.07397713662915023,0.07628909857846307,0.07966104813288595,0.08240986504280212,0.08304561013337389,0.08302924091523094,0.08492203334617641
2025-09-29,0.054626323071045625,0.05547559844160945,0.05445579799951304,0.05499941821860475,0.05593095516599568,0.05654666575750145,0.056855015487641145,0.057393757804679736,0.05788747246688326,0.058260054245854453,0.05910608526299308,0.07398470571880977,0.07629273616418572,0.07964705490352954,0.08239844682342799,0.08296099707126654,0.08305537139892405,0.08493859048290195
2025-09-26,0.05462632307104028,0.055479776066089344,0.05415813747452013,0.05499128218993929,0.055703212043550936,0.056324876383441025,0.05647691938413019,0.0569445141150883,0.057509905083957674,0.05788892240598968,0.058734686034865737,0.07362019224734391,0.07593410532937937,0.07928367076029774,0.08202599328591513,0.08257304632305495,0.08270815319604496,0.08457755231007555
2025-09-25,0.05462632307104028,0.05547977606608912,0.05415813747451983,0.05499941821860477,0.05571088389074537,0.05632487638344064,0.05648247398984706,0.056941497427750704,0.05750692057559382,0.05788683948524522,0.058732382416491646,0.07361969446594677,0.07568781829343321,0.07932371839064742,0.08195530593417062,0.08251931363037679,0.0827331041608238,0.08464755704384429
2025-09-24,0.05462632307104028,0.055401945514863785,0.054081311096403774,0.054819569764106575,0.05563432909550542,0.05610392785536483,0.0564160302154483,0.0567955350997179,0.05751386908408342,0.05789883397799128,0.058733959410534935,0.0736281355126153,0.07583209155980376,0.07935819771262838,0.08157873182151101,0.08227165272423412,0.0824153487540804,0.08463840353445304
2025-09-23,0.05462632307104028,0.055401945514863785,0.05378356717702056,0.054526063354565474,0.05533763895620241,0.055737612722307255,0.0561209423688638,0.056512045966502805,0.05721883051340992,0.05760445503781646,0.05844297480718517,0.0734122800557005,0.07554109435300563,0.07915975388636867,0.08137359181143551,0.08201703442582275,0.08222257483853783,0.08443234286810687
2025-09-22,0.054300773718492006,0.05539777954950538,0.05408131109640362,0.05481956976410642,0.05563525218124609,0.056104081063862554,0.05641603021544812,0.056795535099717555,0.05751440132530352,0.05789858205258361,0.05873726339907405,0.07363112761865741,0.07566124913089516,0.07937191149140625,0.08158662514214353,0.08215489419410235,0.08246917119489933,0.0846758450297176
2025-09-19,0.054300773718492006,0.05572297717936669,0.05371632550147463,0.05451806550584293,0.05526400096376524,0.05573460144409393,0.05611669238471972,0.056510552080964234,0.057220131978265434,0.05760000163590187,0.05844368344564296,0.07341923466955572,0.07557891241898233,0.07922160128236806,0.08142704903594825,0.08200902345945091,0.08241909109911073,0.08460665924059084
2025-09-18,0.054300773718492006,0.05572297717937833,0.05371632550146305,0.05452606335456544,0.05527155237803694,0.05573460144404551,0.05612218225384567,0.05650759673207766,0.057217147172955646,0.05759793276994598,0.0584412122715945,0.073418718374303,0.07550382229365328,0.07926420712628499,0.08138956145167163,0.08202068591154144,0.08242801069067378,0.08461280018918069
2025-09-17,0.054300773718492006,0.05572297717937833,0.05371632550146305,0.05452606335456544,0.05527155237803694,0.05573460144404551,0.056122182253845604,0.05651204596650266,0.05722154904511329,0.057601547888709206,0.058439256990931374,0.07341453583413973,0.07545833963960132,0.0792445316668398,0.08133753827670702,0.08201640808965399,0.08239989508946058,0.08473256047159557
2025-09-16,0.0538074667713984,0.05572297717937833,0.05363947373105961,0.05452606335456544,0.055272941816102684,0.05573460144404551,0.05612359942126976,0.05651204596650266,0.05722235139250648,0.057601375282735005,0.05844362766158568,0.07341100048148884,0.07562675358572947,0.07926611095605958,0.08133382594777538,0.08200216871388384,0.08231031400074636,0.08462778363711526
2025-09-15,0.05380746677136723,0.05571876301902227,0.053639473731057534,0.05452606335456544,0.055272941816102594,0.055734837965664356,0.05612359942126973,0.05651204596650266,0.05722235139250638,0.05760134967103989,0.05844346854384569,0.07341751611603155,0.07559776288856995,0.07924383479775861,0.08131392428503104,0.08198628136423412,0.08235732878498526,0.08466548012249303
2025-09-12,0.052583803669908634,0.0530266695505273,0.053120608703214785,0.054148800121923135,0.054895516663242556,0.05523903030464827,0.055681554860989455,0.05614169507450191,0.0568614562614776,0.05724630197467612,0.05816724736217121,0.07313040966875443,0.0753012689857155,0.07911717426062201,0.08110388376969808,0.08164946870543874,0.08202883079504755,0.08427793589758195
2025-09-11,0.05258380366990596,0.053026669550507825,0.05312060870321345,0.05415669095195502,0.05490298426957738,0.05523903030464578,0.055648168448270856,0.056138636847707306,0.05685850254660633,0.05724423982183002,0.05816621704294417,0.07312985009625686,0.07522616127670133,0.07908934323327448,0.08105179136631702,0.08162967618040268,0.08206613787639748,0.08418726544258279
2025-09-10,0.05254432445056326,0.052822109243237984,0.052957220622469624,0.05381561067161583,0.05444337916271529,0.054777807573418234,0.055204887204692694,0.05578280019420244,0.05647459600503114,0.05686870102942533,0.057833561739240404,0.07272414686483475,0.07497486416499245,0.07865878530671003,0.08051652336055899,0.08112422888718696,0.08176134446908526,0.08384765652267427
2025-09-09,0.05240614412267912,0.052822109243237984,0.052957220622469624,0.053739799252483525,0.054367127657338296,0.05470061027585804,0.0551272711934317,0.05570706119699988,0.05632976284267169,0.05679190925858031,0.057690019063689764,0.07256312954442831,0.0747103555890336,0.07851285480258499,0.08035227149760503,0.08095878271392445,0.08163385892372713,0.08370948841499659
2025-09-08,0.05240614412267912,0.052594286483101944,0.05281303808550014,0.053445975705610306,0.0540797090990221,0.05437459420202969,0.05479998334845771,0.05563755932383011,0.056260313930758525,0.05673510783610622,0.05770405954647257,0.07258099090717646,0.0747851297967916,0.07860184986598612,0.08040024392426334,0.08102545494420303,0.08172240701088944,0.08379473752063558
2025-09-05,0.05298844326540846,0.052373952238356794,0.05265922623930613,0.053153942085282374,0.05377389977737472,0.053922896055231824,0.054419154019727516,0.05527387829883603,0.056119893703269697,0.05659111706620514,0.057720338605509534,0.07260765638465726,0.07480405827253366,0.07860072613833287,0.08038817691802218,0.08104040833170086,0.08173217158158272,0.08380145140514426
2025-09-04,0.052988443265413805,0.0523739522383559,0.05265922623930553,0.05316154811423232,0.05378105188017883,0.053922896055233434,0.05442429091268846,0.055271225335288846,0.05611709294375192,0.05658907870689322,0.05771780613672033,0.07260756096421904,0.0748041174255973,0.07879862417558853,0.08051307029639501,0.08097781481356406,0.08168419577960201,0.08376704830266614
2025-09-03,0.052988443265413805,0.0523739522383559,0.05265922623930553,0.05316154811423232,0.05378105188017883,0.053922896055233434,0.05442429091268846,0.05527549610688517,0.056121360102879096,0.05659264216256405,0.057715862125617606,0.07260293107264543,0.07499361890939855,0.07907882744334147,0.08064743721953752,0.0810684497735278,0.08187869603672215,0.08372558933144901
2025-08-29,0.052858582708172466,0.05220324095584027,0.052582313680092925,0.05306673116131669,0.05363521132459245,0.053853054634167466,0.05434290357182598,0.055198831864290046,0.0560487610882379,0.05652639861488437,0.05764314458428164,0.072541401319862,0.07495292079644508,0.07907200210836988,0.08059010571180691,0.0809837126507765,0.08179858790496158,0.08364643649084277
2025-08-28,0.05286620443053127,0.05138142007561613,0.05251501156111849,0.05264937449519373,0.05296071921313977,0.05337731178562821,0.05398041887991426,0.05461351651863509,0.05569426323411004,0.05628205068983195,0.057535373461562025,0.07250005618982439,0.07500624650644079,0.07901003261893287,0.08059403093742547,0.08113319733772881,0.08169497530809486,0.08358973478259388
2025-08-27,0.05286620443053127,0.05145680043478371,0.05258231368009302,0.05264937449515243,0.052967640672703147,0.05337391255891332,0.05397922688503693,0.05461767871857897,0.05569171637342218,0.05628002623827202,0.057532622790589474,0.07249564418395847,0.07514259450362498,0.07909734776747512,0.08064829772293569,0.08121880266394635,0.08181735905653323,0.08365016153044216
2025-08-26,0.05249121669103736,0.05145680043478371,0.05258231368009302,0.05264937449515243,0.05296867169321139,0.053379901729364534,0.05397922688503693,0.05461767871857897,0.055696550095886456,0.05627750190926315,0.057536026228674875,0.0724921259125278,0.07520405209323704,0.07914380399957868,0.08075643326361481,0.08112081870506027,0.0819110562998099,0.08361659752622035
2025-08-25,0.052619505958924506,0.05145680043478371,0.052361165423326896,0.05264937449515243,0.05296831895358607,0.053379901729364534,0.05398314389960172,0.05461767871857897,0.05569634284332705,0.05628102529438098,0.05753853957009578,0.07249861457012322,0.07530367571737778,0.07891798628172779,0.08097736142886458,0.08130399042936413,0.08187029356019236,0.08371395371366626
2025-08-22,0.05199038383446736,0.05085881783733933,0.051851423610913494,0.052136938419826,0.05289938888529969,0.05338530684951653,0.053987098639961185,0.05462998204131232,0.0556998269094529,0.056283963281348166,0.05754491513146673,0.0725116337586497,0.07503564881274434,0.07846301327098816,0.0816266986120771,0.08186549897782376,0.08219238669006403,0.08386106105920484
2025-08-21,0.0518793184902052,0.05085530509701598,0.05185142361091468,0.05206099962645854,0.05289630349147976,0.05338224983878353,0.05399217510144212,0.05463000789967277,0.055698344227764145,0.056284050605639305,0.057542283540087724,0.07251383329713355,0.07424532558518163,0.07732925185581303,0.08131046035009729,0.08174591044464416,0.0824500029330403,0.08410201420738159
2025-08-20,0.051751005285042645,0.05044255098659979,0.05151469508137434,0.051804663616017016,0.05282684007145859,0.05322830608224028,0.05392046889756252,0.05464142294420495,0.05569808200179978,0.056289928027492366,0.05751732500794051,0.07243411050574967,0.0742313161435873,0.07718605890903407,0.08086347660588784,0.08153097318714791,0.08231013516378517,0.08379821806276151
2025-08-19,0.05163255864297445,0.05043909558519092,0.05151469508137389,0.05180466361601668,0.05282716490570925,0.05323424327128274,0.053920468897562454,0.05464142294420484,0.05570251685834937,0.05628736751188164,0.0575207513097275,0.07243058519064222,0.07420694018449438,0.07713724465865454,0.08095770765827605,0.0815985397446157,0.0823737614798715,0.0838591311878868
2025-08-18,0.05169178240603697,0.05027975898918698,0.051370356889176245,0.051662226323790486,0.052683119889556665,0.053235497943360494,0.05392302363326998,0.054645428843502875,0.055707001898558366,0.056291714027695235,0.05752233787994134,0.0724407261735959,0.07435176541897096,0.07728349361684382,0.08090647211103758,0.0816416727841767,0.0824801209587604,0.08389781649461232
2025-08-15,0.05119107462516041,0.050269462110351784,0.051370356889178174,0.0516550396752435,0.05268100627552005,0.053235570198749436,0.05391793881929687,0.05464368420464979,0.055708249107092316,0.056291255306435924,0.05752262433619148,0.07244103632476559,0.07451468792473337,0.07740268698549072,0.08101630760658521,0.0816553072817748,0.08238034063150243,0.08382461118205944
2025-08-14,0.0511982240318054,0.05026603106410657,0.051370356889178174,0.05158625147143201,0.052677605823946955,0.05323253721079721,0.05392302363327005,0.05464332194465528,0.05570663034547532,0.056291377104441584,0.05751992171150368,0.07244294055546063,0.07459089293807686,0.0775333657857484,0.08113243729365655,0.08189116632541697,0.08248459067420293,0.08393710884736338
2025-08-13,0.05150423745673758,0.05001417334365618,0.05115863268328173,0.05131079423446715,0.052491764002795774,0.052991079149199885,0.053887929348655966,0.0545382950907686,0.05566977319710639,0.05626026126668822,0.057481990639635404,0.07245140536538053,0.07440335742909072,0.07770082094116976,0.08092727716467026,0.08164130649597856,0.08238674459525903,0.08403457618149429
2025-08-12,0.05163255864297425,0.05022868430801292,0.05113938336552584,0.05136779161256355,0.05240506530447982,0.0529950509771109,0.05388826987557138,0.05453669505600378,0.05567657565030653,0.05625639408328601,0.057485650164624834,0.07244641054496961,0.07442090859807181,0.07762281485187618,0.0809162433942733,0.08176749983887904,0.08253981634641062,0.08402449905618462
2025-08-11,0.0518793184902045,0.050296932932386254,0.05121637897371213,0.05144378306356152,0.05240439417490277,0.05299442555415705,0.05388690782795357,0.05453456196799007,0.0556761769864564,0.056259548246030966,0.05748456428445264,0.07245100079360689,0.07454083099545389,0.07787437784933157,0.08105716153515735,0.08188171304904579,0.0826212334243844,0.08414553426509115
2025-08-08,0.051743701015422805,0.05051769527088325,0.051216378973712284,0.051655039675235215,0.05246845017910288,0.0530695858843494,0.05388182363766049,0.05452679039737339,0.05567460777134736,0.05625498048011273,0.05748495791950766,0.07244576831654,0.0744542742291102,0.07772803931572167,0.0809596983753589,0.08179883126944751,0.08255543492505575,0.08407461501884878
2025-08-07,0.05075396899151771,0.04991964115954881,0.05075433879964959,0.05113028110159494,0.052122448929891436,0.052811140666957884,0.053671702548633696,0.0542758500064504,0.05553790203548609,0.056188299414259305,0.05745611791542874,0.07251352087347218,0.07456420987250782,0.07784227817018194,0.08113704191923843,0.08187217884162466,0.08269192866566669,0.08394378426284875
2025-08-06,0.04971718039904843,0.049438779391810656,0.05023435267414261,0.05080717625127279,0.05197840508881329,0.05266776807355994,0.05361286661901662,0.05422079380938957,0.05546265256603638,0.05611513543799832,0.05738296750398431,0.07244917734121917,0.07503485676518551,0.07831045022103326,0.08120809643405905,0.08214854093124041,0.08288220429375617,0.08420389697078261
2025-08-05,0.04922337630048104,0.04936074702183549,0.05016693225598255,0.05073113640635753,0.05191254357172036,0.05251967598649536,0.05353633688803084,0.054144880027613605,0.05535165832577104,0.0560089807494031,0.0572400993536986,0.07232870510933173,0.07491681444249693,0.07816746838031528,0.08110290283063795,0.08196392052809466,0.08268267791500168,0.08445018705966377
2025-08-04,0.0488282887644521,0.04905834259200718,0.050012815675274706,0.05073113640635753,0.051913608292342525,0.05252242240386573,0.05353904593890795,0.05414488002761355,0.05535229320417611,0.056014296195121355,0.05724179664904439,0.07233526032337301,0.07494138082890026,0.07823258575155603,0.08114137714101363,0.08206790193747719,0.08276496163228368,0.084090425393998
2025-08-01,0.04872303277536389,0.04913310691336462,0.050079695563712084,0.050800223538056744,0.05197776048848662,0.05252178428681889,0.053533356989741036,0.054141303649195366,0.055350866334180474,0.05601338234273088,0.057241922810644504,0.07233380632268803,0.07494280075376439,0.07821802613507381,0.08114561026592974,0.0820536208809293,0.08276984026670466,0.08409353616307053
2025-07-31,0.048334374010084,0.048983530880797106,0.04992226065018086,0.05073113640635687,0.051908249292377716,0.05252030273689722,0.05354136328254933,0.05414068645851497,0.05535197054104177,0.056014479263425954,0.05724097051228262,0.07233540052120874,0.07493320623173114,0.07826545966970362,0.08127140102099174,0.0821540934925926,0.08286725547699327,0.0841888217649351
2025-07-30,0.04853194729060178,0.048990051340155355,0.04991888964559998,0.050731136406357534,0.05191440697292116,0.05251719183454509,0.05354035591405999,0.05414488002761358,0.05534852718980133,0.05601264941885543,0.057240654822625865,0.07233099422417627,0.07487679070766852,0.07828206060059976,0.08110960507193754,0.08206635752525687,0.08279912359411495,0.08411829447451205
2025-07-29,0.04892706433704733,0.04913638685829799,0.05008648203414296,0.050731136406357534,0.051913342092172916,0.05252171356974382,0.05353669390270937,0.05414488002761358,0.05535213447263507,0.05600912220561242,0.05723620734781131,0.07232744457560214,0.07486378007183009,0.07827922921320603,0.08094694683620733,0.08208707387866356,0.08285110195090267,0.08415556023163541
2025-07-28,0.0488776768581496,0.04897053912208249,0.04997090515185194,0.05069311431551793,0.05189427597610983,0.05256189301910542,0.05353873732671061,0.05414593963087996,0.05535282128823779,0.05601230040352691,0.05724102155725516,0.07233496773695669,0.07499561338743918,0.07848399759397075,0.08116041888851779,0.08229714309497162,0.0829817210327575,0.08415057059974178
2025-07-25,0.04877240898875185,0.04903556405795766,0.050114811080144504,0.050762214651782864,0.05196802094532947,0.05263867153145936,0.053534292600591435,0.054142321050903004,0.0553510952680909,0.05600875888843711,0.05723970254158125,0.07233347650937264,0.07499701294148742,0.07849283018211373,0.08122629122822386,0.08227802028736535,0.08296508539184054,0.0841387185217213
2025-07-24,0.04848255489287387,0.04896402383402523,0.0500479575208877,0.05073113640635757,0.05188865710948719,0.052636450406543946,0.05353232430664262,0.054140686458514956,0.055352326037785844,0.056009439334809674,0.057240393916374824,0.07233416907756078,0.07506188087100915,0.07848391664564679,0.0814445005301105,0.0823852466229235,0.08275214104870288,0.08412078850238423
2025-07-23,0.04828497915257853,0.048853461783006556,0.049932377295947794,0.05065509077894438,0.051819070830797766,0.05263441879019363,0.05353941854847095,0.05414699931697344,0.05535195336719092,0.05600842615046384,0.057238925328351106,0.07233167151759194,0.07540350291875138,0.07875873739361271,0.08180113536149981,0.08263490243656282,0.08280352161539109,0.08426864507634568
2025-07-22,0.04769219288930579,0.04844363667234269,0.04960484552252808,0.05029379505446716,0.05159982912969748,0.05242164177754376,0.053321713270205164,0.05385461260205043,0.055068648566184375,0.055628448346703614,0.056859230174818524,0.07196373217193426,0.07486815015463809,0.07843705596740148,0.08124626641475802,0.08218730073978961,0.08245398728222035,0.0841559232503367
2025-07-21,0.047395766540260044,0.048443636672342465,0.04960484552252793,0.05029379505446694,0.05160062323460845,0.052421641777543604,0.05332171327020503,0.05385461260205027,0.05506912253831897,0.05563192691240056,0.056862591072551934,0.0719702253354919,0.07486002508241231,0.07842358320429277,0.08122209893848428,0.08221503816856468,0.08244205795616093,0.08414556367201353
2025-07-18,0.04738963762325588,0.04840141792291128,0.0495596599655746,0.0502489524639622,0.05155898509302347,0.05238344564000583,0.05328157913991237,0.05381517160565226,0.055031534696588724,0.05560327691166943,0.05683487644521844,0.0719326405202511,0.07474977127270675,0.0783692185167019,0.08115826675984955,0.08213313439829589,0.08243924129319732,0.08413112606859881
2025-07-17,0.04769219288930033,0.048437260259296774,0.04956630707773442,0.05025575633104182,0.05155481540746774,0.05238024818802624,0.05327850542074431,0.05381248459469442,0.05502943738645772,0.055603341303996724,0.05683479692008876,0.07193230610727487,0.07464250801883798,0.0782279665547911,0.08118043808896722,0.08206776226835232,0.08229644257174808,0.08417510188377005
2025-07-16,0.04769219288930562,0.04844363667234241,0.049566307077734274,0.05025575633104182,0.051561419152963875,0.05237712967724148,0.05328352125822551,0.053816639667113114,0.05502625998283494,0.055601612227701304,0.05683196797949905,0.07192799356944042,0.07510078890837808,0.07865212416359257,0.08109276098870337,0.0822927526441598,0.08283154264255733,0.0846947067513317
2025-07-15,0.04749457778415137,0.04836556514598065,0.04948922684320747,0.050179674543083454,0.051494727385594234,0.05230630787995878,0.05328487759035063,0.05381874691981656,0.055032889032149736,0.05560193192689178,0.05683097989552316,0.07192640638198484,0.07507830561141778,0.0786985647119602,0.08104185086297565,0.08226208026219116,0.08290179340759851,0.08475169238116362
2025-07-14,0.046970850146458826,0.048258211779957046,0.04942177797913338,0.05017967454308334,0.051496127559925504,0.052307279014925975,0.05328606451237135,0.0538187469198165,0.05503372597192437,0.055606035465234786,0.05683514831545632,0.07193289493592843,0.0750593792921751,0.07867460922426761,0.0809552638323545,0.08207693743770808,0.08281266488514417,0.08468864929893836
2025-07-11,0.046856151329279505,0.047952514385908834,0.049338101208017196,0.05009682389585373,0.0514932009011543,0.0523101537041809,0.053285559794386095,0.05381942185622743,0.05503453416355433,0.05560738411038438,0.05683654811544773,0.07193528424357326,0.0742166810150226,0.07782521229085095,0.08015623201821216,0.08129074902509778,0.08202940952490471,0.08389285738824542
2025-07-10,0.046862143293386595,0.047955639214634076,0.048120309970364004,0.05010358696624555,0.05148982250714221,0.052307102747816525,0.05330388390051438,0.05381668791372537,0.05503293194307263,0.05560753799389509,0.056851177967337664,0.07193488865657753,0.07514894033223615,0.07869664682521864,0.08098558567459373,0.08229103758481916,0.08286878694696363,0.0847522074011934
2025-07-09,0.046862143293386595,0.047955639214634076,0.048120309970364004,0.050255756331041866,0.05164046353894737,0.05249755243148327,0.053454815442497444,0.05397274916690938,0.05517288401138686,0.055748268990072215,0.056992887232513646,0.07207236518717823,0.07547007759986993,0.07895600775525623,0.08127746139238566,0.08246957403325389,0.08309461564308018,0.08498689953585178
2025-07-08,0.046753433461662317,0.047955639214634076,0.048120309970364004,0.050037005587133906,0.05164075504345068,0.052503430149592335,0.05345481544249751,0.05397882694909467,0.055177287123760355,0.0557454386270779,0.05699094819384492,0.07207439117504509,0.07534256982582846,0.078793988587823,0.08116906515966361,0.0823444865479975,0.08296992728820884,0.0848599914212594
2025-07-07,0.0467534334616632,0.04791659423138921,0.048120309970364004,0.050037005587130465,0.05164075504345068,0.05250378478368049,0.05345481544249751,0.053978826949094706,0.055177287123760355,0.05574916463567842,0.05699435689978846,0.07208091107014208,0.07546309506695358,0.07889412126336462,0.0812694659597563,0.08246257503839095,0.08310975749281016,0.08499659622928472
2025-07-04,0.04640164222214466,0.04813794344542449,0.04948260025987159,0.050543635361894955,0.05178249630256123,0.052501947711703155,0.05342875699176017,0.05396331827083906,0.05517390465475907,0.055747485550043274,0.05697830431379616,0.07206848523850654,0.07545755682255162,0.07889754872136472,0.08126593202857403,0.08245847229956504,0.08310466889477326,0.08499270790009571
2025-07-03,0.04620983961745209,0.048134795048278764,0.04956630707773419,0.05055051859790121,0.05177956863453361,0.05249923951179866,0.053424234653097195,0.05396039491736921,0.05517254222388524,0.055747837982804034,0.056977257737426276,0.07206794272521162,0.07545733157137527,0.07888401247792114,0.08126857010300688,0.08247576953927463,0.08310017163750448,0.08498924701126687
2025-07-02,0.046308680401906395,0.04813164719906892,0.04956630707773419,0.0505505185979011,0.05178598226559132,0.0524964806187324,0.05342928457808526,0.053964561695839255,0.05516923791287786,0.05574630665661755,0.05697439484240896,0.07206362070615559,0.07546535011180651,0.07885784660855218,0.08122477712273689,0.0823406105498339,0.08317398925962068,0.08504330184383263
2025-07-01,0.046802847390804675,0.048245558200078864,0.04956630707773419,0.0505505185979011,0.05178465325844119,0.052501343034299604,0.05342928457808519,0.053964561695839255,0.05517266609212824,0.05574293799373638,0.056972474209055234,0.07206010159270268,0.07547388800959717,0.07884075266893945,0.08124530439953172,0.08237392131053904,0.08316443182544397,0.08503757794194745
2025-06-30,0.04650635458377114,0.04826137655512852,0.049569631522712404,0.0505505185979011,0.05178545062273643,0.05250075549612753,0.05343023693803042,0.053964561695839255,0.05517314117854621,0.05574583234762733,0.056975977447570554,0.07206659539323845,0.07547629230234609,0.07884942665551943,0.08119025146545544,0.08237444990911866,0.0831670777671109,0.0850373055864009
2025-06-27,0.046302828854287,0.04791347446843473,0.0495310868268092,0.050572148428487465,0.0517443513431682,0.05246258633287799,0.05339670605314848,0.05392347802651852,0.05517524642528955,0.05574974764959735,0.05697801412124005,0.0720684449279891,0.07554425986568486,0.07908697502528146,0.08130474710425654,0.08253384882086894,0.08302037809193129,0.08502192142477791
2025-06-26,0.045913302488539864,0.04784161214077269,0.04953108682680846,0.050579039368154076,0.051741964394859334,0.0524599712147535,0.053401762125284906,0.053920592863771065,0.05517418201950268,0.05574833054595458,0.056975141420973874,0.07206789830642131,0.07554403168901079,0.07910868593021013,0.0813016447911493,0.08243854935250243,0.08305405638396107,0.08504566034231331
2025-06-25,0.04507299357241782,0.04777327003688495,0.04938653431958075,0.05043642738185155,0.05160684785843943,0.05227305893595341,0.053248813940535725,0.05377261293311962,0.05502923081805504,0.05560369162721164,0.05683072972781872,0.07192162166984767,0.0753997831856805,0.07894189168706026,0.08115575575666245,0.08230605032591444,0.08299829095204589,0.08500402586612633
2025-06-24,0.04487524795903385,0.047617050719756165,0.049309433258206886,0.050141631478309696,0.05153054532228613,0.05227445870423877,0.05325016201198666,0.05378077109571176,0.055036169706683215,0.055608577359519844,0.05683501097304969,0.07192557952938147,0.07556295917950283,0.07913323786676528,0.08123356513101923,0.08235606770324881,0.0829927591476132,0.08501321057957274
2025-06-23,0.04487524795903385,0.04777327003688299,0.04945399410118511,0.050512489638768095,0.05160737795256242,0.052350424898026125,0.053247634508142856,0.053770508403062814,0.0550337532986342,0.055605023963086295,0.05683313051147036,0.07192265707945546,0.07538803238270848,0.07889987517258967,0.08111512282560432,0.08217767428604249,0.08298224963230813,0.08497942966620864
2025-06-20,0.0449686022145479,0.047464459884975795,0.04945399410118808,0.05050561666806825,0.05160395182945921,0.05235075573337195,0.05324261059398205,0.05376925523645564,0.05503417582345897,0.05560750008151706,0.05683358211668884,0.07192325777946455,0.07538004901823704,0.07893439990340001,0.0811002731109674,0.08217837425506141,0.0830209483717624,0.08501280251635956
2025-06-19,0.04487524795903452,0.04777327003688556,0.04945399410118808,0.050512489638844256,0.05160073118276192,0.052344568836039405,0.053247634508142926,0.053766381240579586,0.055032588001134475,0.055603796723034615,0.056830758097173306,0.07192270634536847,0.07534761360425293,0.07887774543891168,0.08106110840672615,0.08238752958541752,0.08288816211938874,0.08475747451735706
2025-06-18,0.045072993572400445,0.047919714535054496,0.04945399410118808,0.05057903936815402,0.051606847858437735,0.0523491107978037,0.053247634508142856,0.05376866720912978,0.055029230818047364,0.055600202296202585,0.05682884535333727,0.07191675300314997,0.07508626343758268,0.07888326950370464,0.08105362465107387,0.08207890509020968,0.0829415154269655,0.08481144286461191
2025-06-17,0.04527072933007605,0.04777327003688479,0.04953108682680849,0.05057903936815402,0.05160631781750201,0.05235042489802807,0.05324628673411728,0.05376866720912978,0.05503312102378401,0.055605023963086336,0.05683128210700653,0.0719132492671178,0.07501911479124897,0.0789689392475653,0.08126147158072274,0.08222337927212381,0.08326324011573426,0.08516755156829924
2025-06-16,0.045488227281371245,0.04791971453505473,0.04960817510743134,0.05057903936815402,0.0516057348338982,0.05234911079780378,0.05324493911868108,0.05376866720912978,0.05503277332672497,0.05560418082739014,0.05683020729453902,0.07191971344706681,0.07463628986777686,0.0788954429242056,0.08124899645874084,0.08217254713667474,0.08333366724394416,0.08521549689763287
2025-06-13,0.04556164843198173,0.048059870176056195,0.04953108682680855,0.05057214842848709,0.05160236576383046,0.0523454227134294,0.05324126703175017,0.053767410792799154,0.055033204158120914,0.05560407038863173,0.056831582133972235,0.07192030845518393,0.0746604139271532,0.07870276355452083,0.08128092072314207,0.0821772197028431,0.08335327892425806,0.08522917989323599
2025-06-12,0.04576502561207113,0.04806614828163948,0.0495310868268084,0.050103586966232246,0.05159835657019436,0.05234195038751308,0.053246286734117326,0.05377766604223328,0.055031438661075925,0.05560211191074736,0.056828757058058524,0.07193184024044529,0.07456064666765605,0.07861403342161895,0.08129977761745064,0.08224905660719845,0.08335524113737616,0.08523029701598263
2025-06-11,0.04576502561206937,0.0480661482816397,0.0495310868268084,0.05057903936811378,0.05160499294781871,0.052347796893120344,0.053246286734117326,0.053768667209129845,0.0550281272165887,0.05559936112872653,0.05682684634008748,0.07191549865888984,0.07453951732635487,0.0784905808559093,0.08129486406379141,0.08225515397211107,0.08337741043947815,0.08524776218234864
2025-06-10,0.0456266288606921,0.0480661482816397,0.0495310868268084,0.05057903936815397,0.05160536387783226,0.052347796893120344,0.053246286734117326,0.05376866720912979,0.055032552084949546,0.05560333781726892,0.05683019929702066,0.07191199612676637,0.07452595202787132,0.0785578473317839,0.0812773831345065,0.08236513733009457,0.08329713898335529,0.08524551378511033
2025-06-09,0.0461604183017981,0.04822233242914274,0.04964671758102975,0.05057903936815397,0.0516039332913094,0.05234639561027168,0.05324426537042536,0.05376866720912979,0.05503169886941982,0.05560243874485286,0.0568286644960033,0.07191845791557838,0.07456133601427224,0.07838694730739172,0.0812221546654832,0.0822044207224989,0.08339032624235226,0.08530978962024834
2025-06-06,0.04625342122735983,0.048284322498928244,0.04979124196218424,0.05064817927663364,0.05160048833748197,0.052343320591968626,0.0532367336762324,0.053765202034648796,0.05503205493878769,0.05560271897591206,0.05682739191872328,0.0719170263244418,0.07441279596567607,0.07803852392970426,0.08120552711576375,0.08212376112712012,0.08328345116529857,0.08517007816074168
2025-06-05,0.04625926031748521,0.048368743960787185,0.049935750722482714,0.05073113640635739,0.051741038632393904,0.05249391415541373,0.05346267675010515,0.05383836638620177,0.055094739070337045,0.05566456881534143,0.05688453365115572,0.07198218324106956,0.07458533675247268,0.07832438928473345,0.08146101203523491,0.08240460022285205,0.08358137104348028,0.08546675726245576
2025-06-04,0.04652612146027496,0.04844682571667522,0.049935750722482714,0.05073113640635761,0.051746990172779395,0.05249908671422844,0.053462676750105416,0.05384249397449392,0.05509132257492538,0.05566136047186241,0.056882629624329134,0.0719780708770221,0.07450763658937504,0.078179495464084,0.08128828534542523,0.08239366289264587,0.0836807377766151,0.0854188483558548
2025-06-03,0.047020261367755035,0.04844682571667411,0.049935750722482714,0.05073113640635761,0.051745662330100056,0.052499086714228295,0.053462676750105416,0.05384249397449392,0.05509473679705822,0.05566533573716383,0.05688596872044426,0.07197456672710172,0.07431199380915664,0.07778791711510137,0.0810901498066924,0.08220820025319059,0.08340979525445451,0.0851817682489835
2025-06-02,0.04721485828994141,0.04881767231935829,0.05023435267414259,0.050873706372809795,0.05189545555205028,0.05264076646051573,0.05361286661901658,0.054140907252877166,0.05532642986910983,0.055886549501403905,0.05710641464739739,0.07212581903158227,0.07432285207746096,0.0777745472446441,0.0812282359309508,0.08235825043880532,0.08360015949772456,0.08536325900369857
2025-05-30,0.04720573599290972,0.04881119718754889,0.05030113012360481,0.050866735593938235,0.05188557500607222,0.052640852114017006,0.053608669657201,0.05413935808275545,0.055327873309700286,0.05588699205530826,0.05710581949773145,0.07212617457178369,0.07432536496200648,0.07770244137484893,0.08117716493689578,0.08227531725597019,0.08366001024198048,0.08540552225625092
2025-05-29,0.0472179000993559,0.04903229764938846,0.05029770793050413,0.0508737063728098,0.051881998748136295,0.05263608769702292,0.05360756912881561,0.05413672453835431,0.05532599469222328,0.055886217512540026,0.05710542806844743,0.07212590128908218,0.07450728355674571,0.07783124375442882,0.08134679153988049,0.08250178902896535,0.08390102474458269,0.0856401597758925
2025-05-28,0.04734635999543462,0.04900956336629914,0.04890767237931122,0.0508737063728098,0.051898402105597895,0.05263300278254622,0.0536308176061407,0.05414090725287725,0.05532149479876872,0.055884469874216795,0.0571234537980717,0.0721215963897801,0.07445085217778352,0.07791793260230173,0.081317457484298,0.08263137071486018,0.083937770887439,0.08568015957758975
2025-05-27,0.047652670655729444,0.04907785394644045,0.050301130122878915,0.0508737063728098,0.05189757662315134,0.0526382602185811,0.053603410969883615,0.05414090725287725,0.05532524449907455,0.05588132679821954,0.0571049737108724,0.07211808797783856,0.07454485679413846,0.07784369939096338,0.08123305807132183,0.08253763289915361,0.08396986011249438,0.0855771866914971
2025-05-26,0.04743529133313481,0.04893151411015239,0.050301130123604224,0.0508737063728098,0.05189816243618429,0.052639592462220317,0.05360844342789455,0.05414090725287725,0.055325593753747154,0.05588618368920908,0.05710211050275527,0.07212455994598622,0.07442991589292033,0.07773784817447996,0.0812225883842959,0.08254089307743505,0.08399302549511753,0.08559126677186324
2025-05-23,0.047429152210905885,0.04892826134676051,0.050301130123604224,0.050866735593938214,0.051894919988155604,0.052639772055293896,0.05360844342789455,0.05413935808275542,0.05532611970845179,0.055886298940856116,0.057105142616577606,0.07212491890220567,0.07430400311469207,0.07764597980845715,0.08107070187031168,0.08257960600836169,0.08405771607451039,0.08563679664814025
2025-05-22,0.04743529133313523,0.048846977481068955,0.05029770793050401,0.05087370637280986,0.05189816243618424,0.05263769396142999,0.05360879018547196,0.05413672453835431,0.05532347520686703,0.05588722899257824,0.05710522438209093,0.07212464085392552,0.07438956619004199,0.07773946851756626,0.08113849176524873,0.08264719370380819,0.0841463532123789,0.08572355714487155
2025-05-21,0.047435291333134795,0.04885346178300686,0.05037127754483422,0.05094973537791092,0.05189816243618424,0.05263441879019364,0.053605252273520865,0.054138788915707274,0.055321352257562094,0.05596480741745009,0.05718487961608656,0.07219002264837433,0.07451904802727376,0.07778624250266031,0.08127364929838425,0.08280742729336009,0.0843222996935183,0.08589557719467228
2025-05-20,0.047435291333134795,0.04893151411015196,0.05039671279708568,0.05091172159791213,0.05189816243618424,0.05263959246222032,0.0535636778992359,0.05410083401903576,0.05528619965410105,0.05592188676811614,0.05714471254698692,0.0721587596411314,0.07449949490621939,0.07785804700080327,0.08127295417354062,0.08277657135823396,0.08427387373241167,0.08585333520756759
2025-05-19,0.047603267310076816,0.04893151411015174,0.050393278139872544,0.05091172159791213,0.051897709756802295,0.05263959246222032,0.05356902187972099,0.05410083401903547,0.055285929976483655,0.055925899167408887,0.05714209852920295,0.07216524210190667,0.07441669687096264,0.07787709334167539,0.08125166421433823,0.08275973550922801,0.08428139693902927,0.08585628343817744
2025-05-16,0.04759708472246855,0.04892826134676056,0.05035412690470069,0.05090474048600554,0.05189445848493742,0.052639755254292625,0.053570455001141846,0.054099309293850865,0.055286436285757135,0.05592600371678119,0.05714611910497218,0.07216561744363462,0.07438711840094354,0.07785561289638529,0.08126141750071629,0.08276457190593352,0.08428294951503403,0.08585705646310549
2025-05-15,0.047603267310077184,0.048925009158733775,0.05035069863899653,0.05091172159791207,0.05189101606584943,0.05263696742502557,0.05357077644333341,0.054096662727690044,0.055284684934981475,0.055926486241819943,0.05714618380671979,0.07216532031096341,0.07439775399793669,0.07785273895973664,0.08123508857648415,0.08280285810750315,0.08433787283742217,0.08590476511360923
2025-05-14,0.048205946101391145,0.04897053912208544,0.05037611418223116,0.05091172159791207,0.05189608575426754,0.052633356763281854,0.05356796907460204,0.05410083401903544,0.0552807326835078,0.05592441119400734,0.05714630529484374,0.07216101490908286,0.07440555940591477,0.07786151241223742,0.08129021989107432,0.08277472490326292,0.08433351767308299,0.08590350769611439
2025-05-13,0.04787991812240016,0.049038831045661986,0.05040702050351325,0.05091172159791207,0.05189696425134508,0.05263861546407146,0.05356266875637326,0.05410083401903556,0.05528548585171764,0.05592126068410129,0.05714293503310046,0.07215750231022348,0.07441386964569671,0.07786774840969679,0.08134631966536629,0.08276376216437349,0.08432550092227677,0.08589901799208133
2025-05-12,0.04759338656712642,0.04857049634970379,0.05040702050351325,0.05091172159791207,0.051897736383933024,0.052642879515214853,0.05356768622914774,0.05410083401903544,0.05528594583923621,0.055928010200079495,0.05714010217385182,0.07216398237209178,0.07439533014074774,0.0778791207826099,0.08129301808753608,0.0828125824999927,0.08431131835429093,0.08588656223046091
2025-05-09,0.047211817002495056,0.04913310691337177,0.05044552399414728,0.05098074591355883,0.0519723214764459,0.052676619497069664,0.0535669973414023,0.054097158717623245,0.055284649992539694,0.05592350863643123,0.057142666904824696,0.07216238964477496,0.07439663046799033,0.0778762794762513,0.08136100443879139,0.08279439738501226,0.0842947800751125,0.0858745095328002
2025-05-08,0.04707955402106373,0.049129827551007234,0.0504420822507787,0.050987747712918856,0.05196920358539598,0.05267391246112505,0.05356731692018797,0.05409455194945772,0.055283103221914695,0.05592402839963586,0.057142730339728366,0.07216212693683288,0.07439658432258785,0.07787470059646853,0.08136189573577002,0.08279497384146313,0.08429526939147854,0.08587453630935991
2025-05-07,0.04707955402102277,0.04913638685829745,0.050438641131543116,0.0509877477129193,0.0519759238361429,0.05267051268590386,0.05356510944142143,0.05409871745784919,0.05528011582065181,0.055922077524898535,0.05714324255279406,0.07215782331375249,0.07435086768576817,0.07787816673071137,0.08130561071836469,0.08275682708353799,0.08433803397626168,0.08590668447305606
2025-05-06,0.0473562413536191,0.049380255402102446,0.05044552399414721,0.0509877477129193,0.051975176992706575,0.05267417574591707,0.053561982011358075,0.05409871745784919,0.055283899928599674,0.0559179367026068,0.05714134980137639,0.07215431368375878,0.07448765227551067,0.07797443877080432,0.08149052243443686,0.08287041134042895,0.08445381169891733,0.08602634807274599
2025-05-05,0.04750445877318842,0.049380255402101565,0.05044552399414721,0.0509877477129193,0.051974776941143316,0.052674175745917075,0.05360585792383474,0.054137729871269705,0.055323054162845914,0.055961653868201344,0.05717709063299971,0.07218950448227501,0.07429422947290214,0.07807384453669246,0.08151772053929199,0.08289894790620915,0.08448515005465365,0.08605524905233847
2025-04-29,0.047300005342605665,0.048993312436134,0.05044896636183904,0.050911721597912046,0.052118017435129484,0.05267785003527541,0.0536069018018238,0.05413984804290664,0.05531767551907851,0.05596362273148182,0.05717634576302837,0.07218370005534282,0.07430326026559358,0.07806415120401959,0.08148087176719383,0.082860498438089,0.08479387979132653,0.08640816689185336
2025-04-28,0.047300005342605665,0.048993312436134445,0.05044896636183904,0.050911721597912046,0.052118017435129664,0.05267785003527533,0.0536069018018238,0.05413984804290664,0.055317675519078555,0.05596362273148182,0.05717969624972545,0.07219018002011834,0.07432757519032955,0.07802351805700242,0.08147075761534962,0.08286999987605263,0.08478536874715059,0.08639958254863264
2025-04-26,0.047293900852794515,0.048990051340155466,0.05044896636183904,0.05090474048600555,0.052114750061700625,0.05271671539906063,0.0536069018018238,0.05414031861902975,0.055318275213252915,0.05596241441777797,0.057219388438151636,0.07219025001179549,0.07423349394467987,0.07805789812059205,0.08143814341869153,0.08302431071714472,0.08473875898249976,0.08636641055075146
2025-04-25,0.047300005342605755,0.04898679082176785,0.05044552399414716,0.05090125088315506,0.052111252376776204,0.052713946032795306,0.05360724847146804,0.05413846529278266,0.055316625601972085,0.05596286395843058,0.05721947007333151,0.07219068722942265,0.07423388416364063,0.07805665108181452,0.08143932414725494,0.08302508974440843,0.08473941122618323,0.08636654633672236
2025-04-24,0.04746800885562498,0.04899331243613461,0.05044208225077885,0.05091172159791212,0.052117571539259604,0.05271060728437843,0.05360505619900839,0.054135668222400186,0.05531318440132187,0.05596091973586513,0.0572200000147048,0.07219026399135252,0.07444776608485673,0.07808789529201642,0.0814638697834985,0.08281941431784796,0.08467690953622274,0.0863986839452757
2025-04-23,0.047517420314384516,0.04881767231935831,0.050448966361838994,0.05091172159791212,0.05211744040057133,0.05271810455126806,0.05360186630766616,0.054139848042906606,0.05531733341989188,0.055959284808936006,0.05721806177071783,0.07218595379072539,0.07410240748729516,0.07791639578007474,0.08108838420412375,0.08281811838713068,0.08487909119013702,0.08654491483436244
2025-04-22,0.047517420314384516,0.049061612749168496,0.05078586992978023,0.051130281101605585,0.05237655913813298,0.05312186244311445,0.0540477033207581,0.05443608495544513,0.05576204186253817,0.05636478372159982,0.05761428867696863,0.07260141006741032,0.07465195911574467,0.07815573046776524,0.08167852371383011,0.08335961277840886,0.08548500599447732,0.08714769186851568
2025-04-21,0.047517420314384516,0.04906161274916916,0.050785869929782144,0.051130281101606695,0.052376559138134784,0.05312186244312112,0.054047703320768095,0.0544360849554499,0.055762041862551556,0.05636478372161229,0.05761769062830228,0.07260796879236536,0.07441941462518756,0.07801707390703036,0.08151557912796224,0.08323451373026013,0.08536049297813589,0.08701693449655085
2025-04-18,0.047794113234738436,0.04927941215383474,0.050782381726934084,0.05112324043645059,0.05236899243756219,0.053117165999355474,0.054048062477466116,0.05443437921468959,0.05576054031979571,0.056364087282328716,0.05761746611143625,0.07260812259854038,0.07440041006965646,0.07801767499223385,0.08150740814401401,0.08323957743764313,0.08536207940825749,0.08701771602802678
2025-04-17,0.0475174203143853,0.049217718968304215,0.05077889416087939,0.051130281101606716,0.05237655913813493,0.053114435980597965,0.054045864798757615,0.05443185550751024,0.055757735122809224,0.056362591331022144,0.057618040781762664,0.07260789374398603,0.07436829800618543,0.07796143456166237,0.08149455734737544,0.08320904546745908,0.08539387512111588,0.08704007621114965
2025-04-16,0.04779411323522169,0.04928601159738848,0.0507858699297822,0.051130281101606716,0.052375821049933984,0.053119818885556655,0.05404258155175085,0.05443608495544991,0.0557616028451992,0.05635939970654987,0.05761606623911214,0.07260369750405322,0.07437615966671486,0.0779819546182856,0.08140337113916775,0.0832347467911143,0.08541384275365578,0.0870563488032018
2025-04-15,0.04751742031438383,0.049090883595936004,0.05070887093905385,0.05120629060283138,0.05237655913813492,0.053121595865700554,0.054010234260533495,0.05443395525563161,0.055762041862551605,0.05636461286803717,0.05761560278976956,0.07259820147831784,0.07438321664361948,0.07797554205110267,0.08152637088186689,0.08320654441793146,0.08539201288809092,0.08704208039826888
2025-04-14,0.047300005342606394,0.049022584285254626,0.050708870939054,0.051206290602831044,0.05237713913650069,0.05319953590524643,0.05401023426053362,0.05443395525563162,0.05576238684755678,0.056362322387121945,0.05761900728087085,0.07260475425616891,0.07423645341318043,0.07801398414001866,0.08153514175225898,0.08320079905157365,0.08538996842461602,0.08703795854138442
2025-04-11,0.04730000534260595,0.049259905416223854,0.05074388804279601,0.05127521209465578,0.05237030476829165,0.05319474066476412,0.05400989858756438,0.05443024418779068,0.0557612182278019,0.056361600472126135,0.05761830776893809,0.07260308827119313,0.07420562880345764,0.0780150241748076,0.08154046626480432,0.08320250812502102,0.08538887375540136,0.08703682332783158
2025-04-10,0.04730000534260595,0.04926649965625416,0.050747370992785354,0.05128229432705012,0.052377139136500585,0.05319128851662239,0.05400698802210099,0.05442760807745541,0.055758079269454724,0.056359677755077824,0.05761834371361654,0.07260277066911024,0.07415209899422931,0.0780315508198358,0.08151800411903538,0.08321232864748757,0.08539676100665998,0.0870421091103781
2025-04-09,0.04730000534260595,0.04926649965625394,0.050747370992785354,0.05128229432705012,0.052377139136500765,0.05319731121702748,0.054004428774008933,0.05443182588860042,0.05576238684755678,0.056356830184930415,0.05761681657558594,0.07259854094075412,0.07417058964216336,0.0780976377628705,0.08150998378405862,0.08320671679985439,0.08514245629276751,0.08682631792766991
2025-04-08,0.04771506006264905,0.04906161274916857,0.05067036976852334,0.05128229432705012,0.052376031921816654,0.05319917991806578,0.05401092503376087,0.05443182588860042,0.05576172827250368,0.05636209459325845,0.0576149799555467,0.0725949933078044,0.07425368037374623,0.0781065949205227,0.08153118622025102,0.08321254881907449,0.0851291525176668,0.08681810641827635
2025-04-04,0.04746800885563632,0.048772174257603704,0.050743888042799265,0.05127521209465581,0.05236985853932271,0.05319905437378611,0.05400999474627844,0.05443024418779063,0.055760951595237744,0.05636436791660264,0.057617277013340726,0.07260182096438489,0.07421635855943512,0.0778493353686745,0.08135634636442958,0.08337226388513248,0.08524590218788818,0.08691058817660931
2025-04-03,0.047468008855623404,0.04877863908175357,0.05074040572816646,0.05128229432705016,0.052376690950387265,0.053195722263159786,0.05400786048204611,0.05442760807745541,0.05575781333465645,0.0563625262906956,0.05761784335439349,0.07260150244582976,0.07417351656818023,0.07806358920517172,0.08156295347228176,0.08334919289056676,0.08515313191673944,0.08672029409446673
2025-04-02,0.047052928568756626,0.0485346640384486,0.0506599542992143,0.05128229432705016,0.0524161830392459,0.05323298300476143,0.05408488025225408,0.05450008808716817,0.05583047991558898,0.05647919367290581,0.05777471762492755,0.07270634171076339,0.07356153772774968,0.07768032642938462,0.08105860104045227,0.08329625315810259,0.08581943690149348,0.08755919435974927
2025-04-01,0.046973860786575776,0.04821257127821712,0.05065648374059437,0.05128229432705016,0.05241639414930923,0.05323592356176134,0.054090708211405776,0.05450008808716934,0.05583060554950823,0.05648518024369431,0.05777235248028809,0.07270278275021513,0.0737191190495032,0.07762182629719733,0.08112198287782879,0.08326189530828625,0.08581144537091989,0.08755486525518262
2025-03-31,0.04705292856876064,0.048407785220821856,0.05067036976852348,0.05128229432705016,0.052416183039246174,0.05323414129108192,0.05408862882788603,0.05450008808716934,0.05583047991559032,0.05648403787798269,0.057774516738884854,0.07270935142814489,0.07362628381261942,0.07756028301876884,0.08104950009067897,0.0832888508957802,0.08583588629639344,0.08756959769516401
2025-03-28,0.04701422898375822,0.04791347446837437,0.05066689731298503,0.051341692393608376,0.052414268392291144,0.053238725482914875,0.05408923492565727,0.05449672554420797,0.05583226510324197,0.0564873763850752,0.057774931813539133,0.0727080012044229,0.07375580409545057,0.07771789885003225,0.08102510884805007,0.08327252252280092,0.08580110375922857,0.08754421481618344
2025-03-27,0.047020261367754584,0.047910355245903764,0.05066342548994702,0.051348792847482505,0.052410778595561314,0.0532358065049663,0.0540872721632329,0.05449399497234387,0.055830519163513975,0.056487870330630026,0.05777579884170893,0.07270759362760239,0.0737556707890493,0.07772798508573271,0.08110273071192566,0.08320301905500757,0.08580183681851287,0.08754437970607289
2025-03-26,0.04672378480875936,0.047916594231389345,0.05067036976852338,0.051348792847482505,0.05241842482681315,0.05323254193824156,0.05408349141962417,0.054498222698041,0.05582789900869199,0.056486063561704415,0.05777347233451465,0.07270336941165173,0.07385950354601223,0.0777368890335739,0.08116029966094114,0.08321075906737253,0.08576964808240063,0.08752335740733712
2025-03-25,0.04672378480875936,0.04784826366140315,0.05067036976852338,0.051348792847482505,0.05241842482681324,0.05323923535443087,0.05408862882788611,0.054498222698041,0.05583221885985173,0.05648359649880494,0.057770617780322,0.07269981322069662,0.07381423463932604,0.07772601719903578,0.08113309615614857,0.08324670453882344,0.0857805138721986,0.08753258378464235
2025-03-24,0.04672378480875936,0.048121571820152975,0.05060299003260201,0.051348792847482505,0.05241842482681324,0.05323671688838778,0.05408983960254984,0.054498222698041,0.05583221885985167,0.05648608800334242,0.05777534591516458,0.0727063763862184,0.07379608524877071,0.07770233047165478,0.08107253700533995,0.08317784679738875,0.08582224566094886,0.0875597595656152
2025-03-21,0.04671782810236976,0.04823553068777112,0.050599526747384375,0.05134169239360817,0.05241511071874796,0.05323582055612044,0.05409036866504116,0.054496767022120036,0.055832768326609286,0.056485513065029615,0.05777570823371308,0.0727067695385351,0.07374518797076692,0.07736795674750432,0.08103095705058766,0.08313909157210118,0.08592108694344387,0.08763047157656657
2025-03-20,0.046723784808759744,0.04832018248208887,0.050596064092171045,0.051348792847482325,0.052411582431859303,0.05323217533668824,0.054088292606633066,0.054493994972343966,0.05583100017481362,0.05648553500092935,0.05777650076336631,0.07270632345114895,0.07362760135800661,0.07734526185898628,0.08104805227276343,0.08315103262901205,0.08593081806275543,0.08763709944215993
2025-03-19,0.04672378480875931,0.04857049634973115,0.05060299003260181,0.051348792847482325,0.052418424826813304,0.053226539069927116,0.05408469842240417,0.054498222698041034,0.05582789900869198,0.05648219809949403,0.05777430683028531,0.07270210161288114,0.07363528848096339,0.07735386449863223,0.08105059017954072,0.08319989135163412,0.08608138196850397,0.0875184510163665
2025-03-18,0.04672378480875931,0.049380255402037915,0.0506703697685237,0.051424785742183565,0.05241842482681321,0.05322512303598506,0.054088628827886044,0.05449609113702331,0.05583221885985173,0.05647456414111634,0.05777061778032197,0.07269660081916587,0.07373830444384852,0.07737101025230463,0.08094928526335518,0.08321938230712424,0.08601370471332127,0.08745951252267344
2025-03-17,0.04734635999545686,0.0500726786344836,0.05074737099278687,0.051424785742183454,0.05241672952332616,0.05315110402085414,0.05408724523907585,0.05449609113702331,0.05583120897321115,0.056476921968212634,0.05777356921424631,0.07270315803100771,0.073837640241334,0.07752038926066518,0.08097882639617347,0.08310142076096216,0.08599667375418046,0.08744451309861781
2025-03-14,0.046846271262195024,0.05003027498499241,0.05082087429064879,0.05141766443707791,0.05241486121163351,0.05315181547648234,0.05408608067496992,0.05449454941267534,0.055832592618827705,0.05647737895688304,0.05777277168466998,0.07270347073661264,0.07389348488215397,0.07776950581616233,0.08104002254236109,0.08307143817240334,0.08593153538072604,0.08739765164313175
2025-03-13,0.04685226070450009,0.050104860061019364,0.05100018083493706,0.05150077286240308,0.05251676984445547,0.053293389727831667,0.05408049858962452,0.054489743830288075,0.05590616345731929,0.05662139683551675,0.057961154503792515,0.07293654005851467,0.07416241579457751,0.07789406873946284,0.08117192404848728,0.08322309456258091,0.08623484855897695,0.087683013651069
2025-03-12,0.04685226070450009,0.05011168120306674,0.051007217149134705,0.05150077286240308,0.05252363906234246,0.05328968404688189,0.054077458281851086,0.05449395990902063,0.055903087513887215,0.05661927259775174,0.05795928720442081,0.07293228426529508,0.07411676869320807,0.07790920123807622,0.08108758362335405,0.08315931711384007,0.08629693983841492,0.08772954089295813
2025-03-11,0.046328448263309625,0.0502579340059792,0.051007217149134705,0.051424785742184,0.05252506856034709,0.05329434570757028,0.054082576836557504,0.054496091137023354,0.05590826715945909,0.056615574795704386,0.05795646644457162,0.07293065361944355,0.0741261702602933,0.07798654258205377,0.08114584733405888,0.08324694826798351,0.08623546812164255,0.0876870867051333
2025-03-10,0.04632844826330522,0.049702115980889215,0.051084198834369716,0.05142478574218345,0.05252506856034719,0.053222159561377186,0.054042347814160493,0.05449609113702331,0.05590826715945909,0.05662567229270844,0.0579609257072325,0.07293727251540066,0.07412924233277048,0.07804216892305346,0.08107004003159766,0.08318309228517716,0.08626248203957983,0.08770348589294454
2025-03-07,0.04661902278052055,0.0496987603952999,0.051080669794593206,0.0514176644370778,0.05252102413205711,0.05322250203804517,0.05404268374052425,0.05449438947858531,0.05590840240034643,0.05662589258999642,0.057961156762206735,0.07293746393884187,0.07411026407691124,0.07790239659517864,0.08105865274769523,0.08322714899529662,0.08627662739343868,0.08771318669602858
2025-03-06,0.04702026136775455,0.05002687528588048,0.0513657035058401,0.051462780024048624,0.052593060877388825,0.053216762267842756,0.05403527993508927,0.054490806491267446,0.05590351853449774,0.05662447254709321,0.05795825279875425,0.07293629740540446,0.07434478098327449,0.07832888325325317,0.08119945022034067,0.08342527537239526,0.0860374601908242,0.08751070545243152
2025-03-05,0.04958879724591579,0.050355429884459305,0.051709509565731816,0.05186163285264441,0.052851956747247526,0.053442000519017596,0.05424931640901581,0.05463982091295892,0.05603558392212935,0.05677111399970711,0.058093619454242955,0.07307744826263603,0.07439270257198452,0.07902753859823287,0.08166843149626736,0.08382491669648301,0.08602506313390124,0.08744495887165368
2025-03-04,0.050378781546234964,0.050764860255828305,0.05182491933966834,0.05186163285264441,0.052849788494078356,0.05344425639672725,0.0542523597494962,0.05463982091295892,0.056038623201952784,0.05676597318073466,0.05808935447291263,0.0730738591355571,0.07480743161816147,0.07958442646873834,0.08220664163084598,0.08408305760714851,0.08613539117770586,0.08732225423330775
2025-03-03,0.050477518524456325,0.050764860255828305,0.0518922370737891,0.05193758678661992,0.05284951752355206,0.05344425639672725,0.054251146926223334,0.05463768516319115,0.05603846256266422,0.05677009210199021,0.05809245220149264,0.07307852657110925,0.07491605303178406,0.0795436620063839,0.08234397342456366,0.08430953249949676,0.08585419258304634,0.08753888300341503
2025-02-28,0.050685496460179204,0.050609584261903616,0.052139980581052445,0.051854391101071096,0.05276858224300014,0.053291785944865146,0.054166389624944314,0.054559763136841695,0.055968373862306374,0.05669211627225872,0.058012199202922374,0.0730058233078875,0.07507785390520585,0.07962475352725115,0.08235007314900473,0.08423953861457516,0.08568514746017802,0.08739396627687371
2025-02-27,0.05058672355788469,0.050609584261900036,0.052139980581059724,0.05193758678662217,0.052768837195874586,0.05329178594484597,0.05417149352248379,0.054555498588461024,0.05596852460047731,0.05669624345640731,0.05800933536248823,0.07300057274844586,0.07509584753113639,0.07960849526880785,0.08235513272216083,0.08430614623887302,0.08568376242240215,0.08724027159959791
2025-02-26,0.0510608117949994,0.05109713306924568,0.052139980581059724,0.05193758678661995,0.052767613534789995,0.053287414698084165,0.054171493522483724,0.05455969831108899,0.05596780112391053,0.05669343815988798,0.05801325617681455,0.07299636431258438,0.0751889624048815,0.07970967085026465,0.08261070515165825,0.08465594828411539,0.0854792582752985,0.08710316562222886
2025-02-25,0.05130412023579865,0.05134086327689915,0.052139980581059724,0.05223185380283923,0.052766986633199474,0.05328522987785487,0.054171493522483724,0.05455143789434932,0.05596743047505912,0.056692036027546557,0.05801325617681455,0.07299537280011047,0.07516806180376444,0.07975233436740661,0.08268003001054426,0.08459910681951602,0.08545430420715093,0.08708664822316692
2025-02-24,0.051300530092728315,0.05127879881237078,0.052139980581059724,0.05223185380283501,0.05284023960432901,0.0533630538045273,0.054171493522483724,0.054551437894349436,0.05596531357569164,0.05668969124650961,0.05801325617681455,0.07299519063774902,0.07514467803595411,0.07974382745848003,0.08265689841831102,0.08464358657661923,0.0854507703341682,0.08708178827884118
2025-02-21,0.0514262174102885,0.05139935414363257,0.05234193341129826,0.052224509197972585,0.05284338391156632,0.053361973714902596,0.054162810370293024,0.05454948756112964,0.05596479627345985,0.05668488787362031,0.05800967899913236,0.07299509484985861,0.07518978209137403,0.07987617664157073,0.08267323625422032,0.08461274539394935,0.08542703409299882,0.08706464409459992
2025-02-20,0.05155459543832744,0.051340863276897054,0.052341933411296185,0.05222083792370238,0.05284305211413438,0.05336249878311829,0.05416790304760388,0.05454746204154131,0.05596460041196956,0.056689335621435674,0.05800687767777276,0.07299189955094115,0.0751983581284821,0.07982688117265332,0.08271224316368668,0.08459831566428933,0.08543434634418014,0.08694631677929297
2025-02-19,0.052048319636252796,0.05146759134400022,0.052582313680085944,0.052217167334586,0.052841776165005704,0.0533613611743342,0.054163630116016395,0.054551423076127356,0.055963847213608926,0.056688606708701066,0.05800786293363226,0.07298750648826352,0.07532352834933176,0.0798651213960666,0.08279021411770252,0.08456166245229627,0.08522110730538172,0.08680081071381407
2025-02-18,0.05179780486039024,0.051467591343999544,0.05258231368009307,0.05221349743040767,0.052842414182028584,0.05336136117433406,0.0541636301160164,0.05455141951693251,0.055964223837843025,0.05668860670870117,0.05800786293363217,0.07299408080750884,0.07530731724276726,0.07980535471064223,0.08277435940033442,0.0845485941581706,0.08522993956219671,0.08680818499465928
2025-02-17,0.052159381696337895,0.051200816898825635,0.052649612411365385,0.052171894861401516,0.05283797179362095,0.053363661464771346,0.05416243397618639,0.05455229986577577,0.05596400908125649,0.05669008059947688,0.058007042542493455,0.07299470703498324,0.07512379846363795,0.07980523278854547,0.08278134549565061,0.08453788552919463,0.08525741578944497,0.0868253245695929
2025-02-14,0.05206806736790973,0.051204377989865525,0.05258231368009293,0.052160907150642644,0.052841725133472316,0.05336372406235492,0.05415855079161686,0.054550287770225456,0.05596381708947285,0.05668600693654679,0.05800674589307281,0.07299455846171661,0.07512603696841141,0.0792128975602089,0.08291009399206724,0.08475656133564563,0.08534520816269893,0.08687152056586028
2025-02-13,0.05206806736790973,0.051204377989865525,0.05258231368009293,0.05219388873069667,0.052841725133472316,0.053363724062354845,0.05416363011601644,0.054548323409157586,0.05596381708947285,0.0566901207083304,0.05800395285212809,0.07299142379572446,0.07534887063382614,0.07937265938553288,0.08298286774199429,0.08491294240111429,0.0853111634271745,0.08701599695972359
2025-02-12,0.05226553945472894,0.051204377989865525,0.05282265073839013,0.052155922217157195,0.05284121484534557,0.053363724062354845,0.05415935875238281,0.054553569136356304,0.05596351586417906,0.0566901207083304,0.05800493335295055,0.07298820086612176,0.07560349902233875,0.07927813671491767,0.08308253620566106,0.08530745366503949,0.08479086076796595,0.08620618088405614
2025-02-11,0.05236053203652502,0.051204377989865525,0.05269768085978771,0.052155922217157084,0.05284093655426556,0.053363724062354845,0.05416157966584486,0.05455356913635619,0.05596335158775313,0.0566901207083304,0.05800645660051731,0.07299477960192052,0.07551216689017184,0.07879346069818997,0.08305375364758033,0.08491501467249082,0.08495778436844899,0.08655491989407592
2025-02-10,0.05235679285189363,0.05133728325768215,0.05236116542336386,0.052155922217157084,0.052837459344763,0.053362430347683155,0.054167561155355815,0.05455356913635619,0.055963694494377124,0.05668929177203538,0.05801055909915583,0.07299459744740351,0.075360171649795,0.07856604852141665,0.08310826004083258,0.08506783798784742,0.08490442067694165,0.08660041215837952
2025-02-07,0.051870585772209654,0.051019133180840615,0.0523611654233125,0.05203472225170189,0.05272716630090481,0.05324947627802885,0.05405572763899141,0.05443772267156742,0.055849693752929024,0.05665142226503397,0.057983514341882605,0.07300333451600784,0.07505739382033351,0.07840492533279922,0.08271408391283497,0.0846703415066602,0.08525959822362683,0.0866980489656452
2025-02-06,0.051870585772209196,0.05085337339995243,0.05229385217090853,0.052042014027035226,0.05272716630090472,0.05325096125707878,0.05406198831309433,0.054435627551712135,0.05584969375292892,0.056656491585220826,0.057981528150441504,0.07300005844277874,0.0751194573660501,0.07859528149212656,0.08279983524838881,0.08486769300676038,0.08519960962591734,0.08666766215885052
2025-02-05,0.05196932775872713,0.05104838349254728,0.052216918589571955,0.052042014027035115,0.05272691170001149,0.05324921424858523,0.054063353257581465,0.054439793630926624,0.05584954344184349,0.05665537037290003,0.0579863844948103,0.0729958635879949,0.07493415344675776,0.07744278675103104,0.08262256215436373,0.08475084760006593,0.08555297590198661,0.08691844610437127
2025-02-04,0.05233091676326658,0.05098013210523719,0.052216918589571955,0.052193888730696684,0.0528793608594145,0.053404373231069335,0.054208951317931575,0.05459149142837381,0.05600153204197284,0.05680915096940853,0.058130817646648875,0.0731440298632993,0.07520901764175404,0.07776418960855613,0.08287850642028209,0.08491731606221253,0.08575183692087285,0.08712980180968605
2025-02-03,0.051991574574498135,0.05097660200526758,0.052216918589571955,0.052193888730696684,0.0528767500521586,0.05340430473094313,0.054208951317931575,0.05459149142837381,0.05600239159759426,0.05680910701457649,0.058130817646648965,0.07314384733952478,0.07524987307107073,0.07750294339976521,0.08291706696981767,0.0849637996965618,0.08576815686907052,0.0871389346212005
2025-01-24,0.05265667287529034,0.05075586128138366,0.05226500259668477,0.0519682882634454,0.05287969391276128,0.05340638852567032,0.054202989693213195,0.05459555140270175,0.055997794687613935,0.05680630152537353,0.05812910184770967,0.07314801783218985,0.07515927800056257,0.07734982103365431,0.0826942714188003,0.0847769651068194,0.08591715801666908,0.08729964059903389
2025-01-23,0.05265667287529034,0.0509313796999921,0.052457321333981,0.05193758678661986,0.05287969391276128,0.05340481129994435,0.054204674360110144,0.054594483405145486,0.05600210317810664,0.056809432067348294,0.05812394376681539,0.07314570634005249,0.0752112532663999,0.0772843759812899,0.0827320861357923,0.08474563794423576,0.08593012318449894,0.08743301850270549
2025-01-22,0.052854088088199726,0.05049255500624031,0.05264961241136672,0.05215592221715921,0.052879173074338946,0.05340875488612275,0.05420125392401007,0.054592557894920575,0.056001795433580824,0.056811962569445006,0.0581255306465473,0.07313584568162175,0.07532230035097046,0.07741435639992668,0.08292623910458889,0.08516945477338589,0.085229152656873,0.08690490719659795
2025-01-21,0.05324888968720974,0.05109713306938461,0.05293799718259757,0.05219388873069744,0.052839776358757425,0.05336468689969659,0.05415730905452368,0.05455250347376128,0.05596303994521971,0.05677013130300464,0.0580834995800367,0.07311278013632623,0.07536270008646913,0.07720016084891232,0.08321141087746763,0.08531723999682281,0.08520667209185744,0.08702831992476602
2025-01-20,0.05324502283489414,0.0510935868163454,0.05293799718255467,0.05233625031988268,0.052945198309717625,0.053470750820425156,0.05427375642308791,0.05466546306013953,0.05610725591857893,0.056835764924393226,0.058079064017313886,0.07302103898534924,0.075393247674233,0.07786173902344133,0.08308249928631545,0.08517934175518622,0.08484606721493916,0.08672096380135673
2025-01-17,0.05324888968718737,0.051097133069246195,0.05274574758010455,0.05211064137626473,0.05276306274330403,0.05328741469810629,0.05415565517099861,0.054552370546632006,0.055961183222666966,0.05676869741525906,0.058084782857909745,0.0731141832421164,0.07555691947108484,0.07788621500921787,0.08318333632336909,0.08503309439666294,0.08500868207827084,0.08686061143499495
2025-01-16,0.05324888968718737,0.05134086327690391,0.05274574758008807,0.05211795426210669,0.052763062743283365,0.05328522987785491,0.05416072541820478,0.054550448994024815,0.05596548965896647,0.05677143164281904,0.0580819227707488,0.07311108021502537,0.07552276175581005,0.0779473526293525,0.0832888194791321,0.08513008738365722,0.08493648388203304,0.08680893407159071
2025-01-15,0.05344627607513403,0.051097133069229174,0.05274574758008807,0.051861632852589594,0.05268582608406106,0.05328741469808419,0.054160725418204714,0.054561830843054694,0.05596763227165465,0.05677283588122042,0.058085846240331744,0.07311346702860466,0.07581323814740969,0.0781446404641201,0.0834181487399778,0.08521262542287492,0.08510661044091655,0.08697705537312096
2025-01-14,0.05381141556855208,0.05109713306924619,0.0526496124113687,0.05175718677284347,0.05268486655991425,0.05321013970353149,0.05408479315564853,0.0545647636183854,0.055967063501159896,0.056775540888113006,0.058089977756955416,0.07312278119600846,0.07603454711418911,0.07825723431615332,0.08342737256366393,0.08528258118083415,0.08501429252755412,0.0868817363866691
2025-01-13,0.053639728587482255,0.05016727017804363,0.05221691858957203,0.051605245725671746,0.0525413628911339,0.05307320251049064,0.054092473216193766,0.054569030597983494,0.05597186636215264,0.056785754145694194,0.05809526148675959,0.07312652394749022,0.07604572709675551,0.07824671761126446,0.08334954096005208,0.08521418042277487,0.084886715479142,0.08667000080540287
2025-01-10,0.053811415568538155,0.05017068952936929,0.05197647261104201,0.051529266543931335,0.052464284906674104,0.05299621717340716,0.05394606812975915,0.05456905143655775,0.05596978206957083,0.056784487997353035,0.05810273198382648,0.0731284011247531,0.07594200553539561,0.07876010550723284,0.08347801597109406,0.08486679691039088,0.08448903156939683,0.08657006593409369
2025-01-09,0.05347588320474872,0.05036576564795526,0.051976472611041415,0.051529266543931224,0.052465162811471705,0.05299447787258272,0.053951128541891075,0.05456693353651011,0.05597463225117466,0.056787536303779584,0.058099787992480015,0.07312524598956412,0.07552175543483719,0.07828266446851148,0.08321369775666149,0.08505557561532777,0.08487354730999899,0.08700058181061392
2025-01-08,0.049121314062606815,0.0507558612813491,0.05168788034585591,0.051529266543931224,0.052476563016553186,0.05299100029378133,0.05395623882858596,0.05457116458776295,0.05598142081975551,0.056785287313915765,0.058107273366963696,0.07312076273130258,0.07547548473682009,0.07807231118554918,0.08320728573083504,0.08495902349356525,0.0848622113031008,0.08685611543342152
2025-01-07,0.048169594529071526,0.05065834444735479,0.05159166907957958,0.051500772862403336,0.05245034615162135,0.05296288547946921,0.053919106602035125,0.05453296237068239,0.055944487372193,0.05674715466018677,0.05806992287243023,0.07308919001257037,0.07551775511619607,0.07815084903221525,0.08315236698562785,0.08497956477047686,0.08476010067587911,0.08689488952899459
2025-01-06,0.048166428985387824,0.05065485858423069,0.05159166907957869,0.051500772862403225,0.05245042683315492,0.05296316286935299,0.053919106602034805,0.0545329623706821,0.055944535409006894,0.05674733402443115,0.058069922872429625,0.07308900763838548,0.07539788065935746,0.07802525511684327,0.08313317665175456,0.0849579626227775,0.08489741373397515,0.08688015439511079
2025-01-03,0.048212288116406044,0.05024872224140039,0.05168788034586044,0.05152211652192681,0.05245016194651335,0.0529665352533992,0.053912336705262597,0.05453015533027791,0.0559400355932571,0.05674534903038646,0.05806772852893282,0.07308827642856638,0.0754212101579106,0.0778669917997909,0.08317368904847607,0.08485797278252603,0.08478529093560633,0.08702157962361964
2025-01-02,0.052488862388325584,0.05024872224133322,0.05168788034585406,0.05151854249867259,0.052438969623802394,0.052966535253399186,0.05391740395774977,0.05452809066119578,0.05593771392795444,0.056749514656398346,0.05806478758413651,0.07308516845798241,0.0753763134494083,0.07785932442186247,0.08325215562900531,0.08464140074574596,0.08485720171394236,0.08670406197410838
2024-12-31,0.052826080125036916,0.050249480769859876,0.051880801344401255,0.05150115837897184,0.05243840667506107,0.05296680030474278,0.05391423030753585,0.054533166477151444,0.05593737765807153,0.056749684858136834,0.058066556728477554,0.07308827815074914,0.07540000943614368,0.07779070858117898,0.0831070280642914,0.08460372905298488,0.08500273499170259,0.08682260839312607
2024-12-30,0.05282384285766858,0.05024680093084705,0.05187767722317433,0.051501543901311876,0.052438657548258,0.05296688735724354,0.05391330709299612,0.054533370585148566,0.055937525926650994,0.0567501733446248,0.058066339706219855,0.07308846052129303,0.07539811626651313,0.07772136558124733,0.08303864610069477,0.08455799443108415,0.08514044007460221,0.08680749507058387
2024-12-27,0.05266466690487459,0.05024906406239172,0.051612279699660264,0.05195124014105703,0.0523249922218505,0.05292308732613515,0.05373226661117942,0.05441229024684556,0.05581961562561622,0.05667118633214036,0.05807791675639043,0.07308363390671048,0.0755578152776776,0.07783633034766552,0.08330721158735402,0.08463375676889472,0.08522540919072825,0.08690391622853381
2024-12-26,0.05299205529265644,0.05024981848487705,0.05186050917725171,0.051958908027310464,0.0523244563921846,0.052929292971490606,0.053725090851881506,0.05440999464425745,0.05582360571821561,0.05666862684497795,0.058073093189637694,0.07308035674564257,0.0755664314872652,0.0778457925115075,0.08329706607563876,0.08463962697059534,0.08522989441521271,0.08690682285295355
2024-12-25,0.05299366437944731,0.05025057293001587,0.05186102634977574,0.051959296990786503,0.052324770609778554,0.05292955736017656,0.053730328032181335,0.054414367959462424,0.05582379172683808,0.05667294619940581,0.058070429393514526,0.07307596806599151,0.07567087272062585,0.07784019266396974,0.0832927174253747,0.0846357737281496,0.0852274598435325,0.08703003906799628
2024-12-24,0.05299527356396029,0.05000746893263136,0.05186154353261451,0.051959685960086176,0.05232508483114624,0.05293201315793897,0.05373055778053315,0.05441457162739149,0.05582397773670014,0.05667453302184464,0.058074555149383866,0.07308330871411677,0.07565406087717451,0.07782768350979691,0.08324205078492482,0.08464045969041446,0.08523160135134458,0.0870341508247445
2024-12-23,0.05299289431636854,0.05025208188825935,0.05186206072576867,0.0521214657015208,0.05232533088518509,0.05285277753029763,0.05373078753084975,0.054254296264277434,0.05575521365514321,0.05644763334269494,0.057884669581228586,0.07292359221330395,0.07554960176916241,0.07766717513762303,0.0829346076077052,0.08435139764602069,0.08517413170210493,0.08694264698184725
2024-12-20,0.05284372732136151,0.050010472384218616,0.0516158566467089,0.0521152972298356,0.052250003969170386,0.05277252439442232,0.0535883215382198,0.054107155222317946,0.05559671851265571,0.05645078075860657,0.05789456370525416,0.07293252235303051,0.07572876938568439,0.07791563437382484,0.08349074735181869,0.08429854394266459,0.08548532777135735,0.08684149028733233
2024-12-19,0.051028019174711864,0.05001122330348719,0.051383070710065315,0.05212302649314511,0.05173682605523674,0.05225674790298939,0.05298755306303754,0.05357854897163092,0.05524623272158218,0.056158640421363086,0.05764823766868718,0.07264908585760783,0.07522093340416708,0.07774202442300422,0.08353729985551395,0.08470824193180285,0.08475309047849235,0.08658769835646953
2024-12-18,0.05102956895355756,0.05001197424530679,0.05018016344334272,0.05212341670565705,0.05144914639423742,0.051966976276319465,0.052867936061762676,0.05358273134679698,0.0552554951078815,0.05617295072332366,0.05766581418080117,0.07264484637703073,0.0746396011273579,0.07707095717977712,0.08300448665082276,0.0846553848454065,0.08509011935427378,0.0873465578916012
2024-12-17,0.051199067082568245,0.050012725209678074,0.05018066389884433,0.05243703462022501,0.051516227710930326,0.05203491399891596,0.05293618122911441,0.053652273205281174,0.0553320873454696,0.056250229767379326,0.05774744967756366,0.07271174554173743,0.07462077405109951,0.07705927803310396,0.08281054834195024,0.08456273665413784,0.08529064606012665,0.08713697932074718
2024-12-16,0.05119677477025766,0.05001347619660244,0.05018116436423613,0.052437427189396923,0.05151651358271975,0.05203517393174835,0.05293640758947511,0.053652474026773575,0.05533225762372068,0.056250398294264856,0.05774760683571836,0.07271192697909179,0.07462962295992699,0.07709361458432357,0.08289593274159798,0.08471006902981036,0.08520008596112193,0.08706987298583847
2024-12-13,0.051205287922406875,0.050015729292702385,0.0506956807164472,0.05140594339890088,0.051517465256262635,0.05203021445700673,0.052925936404266044,0.053679969617750546,0.055328555178635386,0.05624942041497732,0.05774244878859992,0.07273991669484944,0.07475598977343663,0.07710205485272817,0.08285807730017698,0.08470269184881334,0.08519208794637202,0.08718491056042289
2024-12-12,0.051374810180461514,0.050133557226929644,0.05090539180338438,0.051413485265569096,0.05151734342575773,0.052035180254613636,0.0529198219881017,0.05367751225907585,0.055332750639869824,0.05624627248030763,0.05773831866389555,0.07273647438999324,0.0748607585914246,0.07732144142903256,0.08296091830946845,0.08464760483646654,0.08527581219982115,0.08751518739379303
2024-12-11,0.0515838559428095,0.049890388591988626,0.050703713830390885,0.05093873610516387,0.05129629417261795,0.05174751399661747,0.052704996726757665,0.05339251802978237,0.05495547560901441,0.056033565562818057,0.05774651012381091,0.07275968426106556,0.07418990982020471,0.07745778634330766,0.0827947354525733,0.08471670555634256,0.08409340492670866,0.08857065003834805
2024-12-10,0.05059727355721104,0.0497740431991068,0.05037680295143232,0.050225987526180564,0.05103983706381652,0.05144900268414073,0.05248741770691787,0.053226909043452494,0.05485694766013121,0.05596529480136332,0.05768304697478997,0.0727231854775358,0.07372588586756475,0.07698119393606806,0.08267856015573329,0.08464491140883658,0.08416769665007742,0.08860968633609756
2024-12-09,0.050594932301849985,0.049501539238012704,0.05037730540804997,0.050112214714866786,0.05104012290517689,0.051529018964912826,0.05248764215503959,0.05323023294332957,0.054857118041012,0.05596435722046157,0.05768320396066521,0.07272630182303387,0.07376859945267618,0.07701308458461675,0.08268237264868375,0.08470197894713281,0.08421883328222317,0.08865786730379296
2024-12-06,0.05060342258480534,0.04965016543127804,0.050179263673647986,0.050106522750780494,0.05104106321663103,0.05152287987490837,0.052489556473383187,0.05322894950056733,0.05485347530064928,0.055962518236671435,0.05768674348694821,0.07272750075030807,0.07356824392689074,0.07704583937259979,0.08271685142189689,0.08454985913121343,0.08428479559828811,0.08870880646320968
2024-12-05,0.05035784758491339,0.04965091109720075,0.05018667014246604,0.05011371549621336,0.05104199810225414,0.05152876937719675,0.0524870546814173,0.05322697716855873,0.054858238710233063,0.05596008290374943,0.05768513570360153,0.07272445279629072,0.07355534458741053,0.07698771662580012,0.08268029764958651,0.08460813216877515,0.08437417061375012,0.08878911252217635
2024-12-04,0.05085360261347353,0.04891954832201291,0.05070725402733272,0.05026629197124411,0.0509738148817799,0.05153542505676586,0.05248309716917006,0.053227063061448435,0.05485977153799807,0.055968555762190564,0.057675991574665936,0.07271606683351707,0.07356055057992338,0.07697999829241996,0.0826587682749655,0.08461823142858092,0.08438228425375699,0.0886681593399518
2024-12-03,0.050855147799061286,0.04940839235855689,0.05054405014207726,0.050266668325812794,0.050974121028978386,0.0515314164578215,0.05248615488914151,0.0532272623010659,0.054859954348450604,0.055965923172163735,0.057682146343277015,0.07272347762785437,0.07321345433413688,0.07679676284270884,0.0823156193345611,0.08451436490883363,0.08473886634085757,0.08796938811976347
2024-12-02,0.05085265894142569,0.04957506704130725,0.050223238256857664,0.05026704468601295,0.05097440177790466,0.051530223907074506,0.05248965328720025,0.05322746154217504,0.054860121895293164,0.05596513907117415,0.057686794800060656,0.07272365910082344,0.07306230076767037,0.07643010473616586,0.08208795627231626,0.08429127271929106,0.08463852861228308,0.08838446022536468
2024-11-29,0.051054917570393404,0.04990289875780736,0.05023168010272253,0.050261300574613824,0.05096938634493558,0.05152844416048278,0.052481522075693156,0.05322624424031363,0.05486000515640467,0.05595938385002442,0.057687220057465974,0.07272493383328325,0.07304359734977779,0.07635999168885743,0.08217223904470755,0.08445663250270773,0.08456364913758598,0.08826338910106792
2024-11-28,0.05105233312417578,0.0499036524413595,0.05038632872234252,0.050268550183174415,0.05097068924393055,0.05152870205802204,0.052491203971659885,0.053224213214039154,0.05486119205892316,0.055963660050740986,0.05768118310863278,0.07272177789677296,0.07305190483066024,0.07636916964227004,0.08217505118975447,0.08445861221541232,0.08456512793120469,0.08826431886243886
2024-11-27,0.05171592620097585,0.05014841265172069,0.05045426701796979,0.050192824845273466,0.050975704206265446,0.05152684792704608,0.05249026828137229,0.053230540729628815,0.054857548776891016,0.05596244260687068,0.057684535080337225,0.07271928755855128,0.07306012467790585,0.07637540366250037,0.08206067411325589,0.08431930353536647,0.08466046288608067,0.08846695000304654
2024-11-26,0.051598887649677225,0.049905159876866764,0.05071484487675037,0.05011709258293083,0.050899465558607034,0.051451848043382827,0.05241800220276238,0.05315475473006875,0.05478571105907935,0.055897127406364586,0.057604024049741756,0.0726506770796327,0.07296914441540323,0.0762879512287219,0.08197357904757793,0.08423598495734907,0.0845791911400357,0.08838355201894352
2024-11-25,0.05135336954115485,0.0499023787717479,0.04971330312815918,0.049755872621567596,0.05082355892467285,0.05137462393347674,0.05243545090930395,0.053164838529029264,0.05478869231679817,0.0558998910706532,0.05761632554341368,0.07257815582585303,0.07289387882146543,0.07627247719903914,0.08204639965403739,0.08435033706459821,0.08412798166494757,0.0883633312913522
2024-11-22,0.050064818446181915,0.05015219995292009,0.04971479634898362,0.0497502404751029,0.050757406385088785,0.05129602477241077,0.05243612469051905,0.05316360755836219,0.054793848979873,0.05589763913464046,0.05761478914852906,0.0725793957706667,0.07291781571322478,0.07625559620273406,0.0820508272607596,0.08433348292547718,0.08413325017984544,0.08836729412330731
2024-11-21,0.049748128644976325,0.049908928864094274,0.04971529410919223,0.049757362887241405,0.05067846691067739,0.05129838372650906,0.052436349288105366,0.05316156377940636,0.0547952000787376,0.055903300984893024,0.05761293406377494,0.07257626976419472,0.07277675013120485,0.076223981951226,0.08207696560290093,0.08435193107048328,0.08414718081446164,0.08837786670657115
2024-11-20,0.04974960792325785,0.04951916964765513,0.050072394150588395,0.04975773546760864,0.05067556444342246,0.051302005108664964,0.0524304429019364,0.05316583361094441,0.054793662573242766,0.05590568350991533,0.057612787535285113,0.07257184188852218,0.07275172001878434,0.07622137211511429,0.0820197012527121,0.08435999535716164,0.08417192327959719,0.08839871701694317
2024-11-19,0.05057172051147157,0.05015447260823617,0.05140210096279243,0.05007214653223221,0.050891417670397766,0.05145154190303739,0.052475831649674363,0.05315744783026327,0.054790106965418285,0.055896917461868895,0.0575942714071015,0.07265316786442097,0.07279996098669247,0.07627408175436931,0.08196927089907657,0.08429080653951057,0.08433807251270503,0.08861545359919759
2024-11-18,0.05172976714716558,0.04990762628784466,0.0503913737120949,0.050234261616952956,0.05080865880700514,0.051453764098664964,0.05249345233560126,0.05323129254848187,0.05486964692726666,0.055967914574455824,0.05768676782678589,0.07272717800630092,0.07289367053093077,0.0763584127874314,0.08204064672327507,0.08438381964556523,0.08440766127434388,0.08868903104562446
2024-11-15,0.05139945643296497,0.05040152436006902,0.049718280879838476,0.049914585215240094,0.050733524147111096,0.05137309337712563,0.052432841008123496,0.05316067655068697,0.054795432647132096,0.05589476795659367,0.05761692184771971,0.0726585990166597,0.0728138684741226,0.07627242445339058,0.08197342453745671,0.08430929170963761,0.08433268278823061,0.08860837638466981
2024-11-14,0.04515713985085363,0.05069507668297277,0.049718778709760526,0.04928394943655733,0.050295448863764206,0.0510710024840693,0.05228239199952034,0.053097845246196505,0.05473955053534582,0.055828233715231594,0.05754981680136776,0.072593832570238,0.07275535743944775,0.07613096188843473,0.08190483922230518,0.08452194000037674,0.08416670327369678,0.08845741248458595
2024-11-13,0.04507927095526185,0.050012587213383995,0.04923719670470653,0.04912241831076379,0.05018039222072073,0.05093200751712331,0.05214504269575814,0.05296009624636745,0.05459066690021918,0.05567828063829302,0.05740509594512559,0.0724471803919888,0.07254631429656797,0.07565412265297773,0.0818032275322102,0.08433659586382806,0.08410150576630593,0.08836641447714717
2024-11-12,0.04416953380471427,0.04864611712128345,0.04779039239552825,0.048646453670518314,0.050077269041074325,0.05090524932853217,0.052131114606767996,0.05293420480440707,0.05456038504399767,0.055657686036765824,0.057394156361774765,0.07242777959431437,0.07239338313285354,0.0754362386767804,0.0816534536566706,0.08425247871676828,0.08415631724543472,0.08839888472774964
2024-11-11,0.04405199236466676,0.04854575029207289,0.04779087093571666,0.04864681795696447,0.05007787698598432,0.0509067953439743,0.052131337907481194,0.0529344029641156,0.05456075460025003,0.055658705961460817,0.05739431272909655,0.07242796033887497,0.07233833383554536,0.07539635748995674,0.08166522227299973,0.08426460035007177,0.084164350723172,0.08833790262450343
2024-11-08,0.04404912937797664,0.04855135648935348,0.04638204195833962,0.049403271934308865,0.05007589809456114,0.050907103773566956,0.05215117915020548,0.052914162427701666,0.05456180253242162,0.055654797808433895,0.0574109841032887,0.07241133611869498,0.07223427280743833,0.07523421757161211,0.08144741586240446,0.083828691503563,0.08412571669115508,0.08826550412296397
2024-11-07,0.04420582010521106,0.04874748887470655,0.04638250641506691,0.04941032684171613,0.05003390020470821,0.05094439524034116,0.052195294172302696,0.0530275353827765,0.05466938814793626,0.055765957756267616,0.05759682859215278,0.07259543487619328,0.0724577103346706,0.0754802437921285,0.0817948775302525,0.08429385233377285,0.08422287326406451,0.0884054005207518
2024-11-06,0.04420713512841704,0.0485528235193117,0.0463829708810942,0.04941069686228652,0.050040515500328224,0.05094632195495706,0.05219551775271401,0.05303180726106617,0.054666824746684384,0.05576723075653655,0.05760109739058863,0.07259087272936435,0.07248588985429208,0.07550618490897583,0.08170044450527249,0.08398314405348,0.08467836885532315,0.08880112346581213
2024-11-05,0.04444619059101144,0.048553557067537896,0.04670233345585363,0.04941106688839882,0.049963248893994165,0.050869158778356495,0.05211242515258148,0.05295390187878543,0.05460427296374246,0.055690550601403696,0.05752014705998108,0.07253054331429978,0.07235056625346178,0.07538761749770176,0.08163508318075921,0.08391805465702337,0.08477847450665806,0.08862274455463993
2024-11-04,0.04444751284336186,0.04730974230909821,0.04722447569118547,0.04917335277067474,0.04996354771010109,0.05088031953722836,0.05210372764171742,0.052960583538213785,0.054604454497521944,0.05569793224288554,0.057513981343802874,0.07253683047764022,0.07238444343383622,0.07539870872058148,0.08151257015907251,0.08387285956739263,0.0846690216877167,0.08877265988389721
2024-11-01,0.0436420781219007,0.045591194315697935,0.04590195015599518,0.04797683561170797,0.04978073332475593,0.050820035814135335,0.0519760742981384,0.05284638907004528,0.05445498158969847,0.055638518460696396,0.0574549072669173,0.07249526925950123,0.07228888557970327,0.07527080886510618,0.08141436979544948,0.08355866485180953,0.08472111407935679,0.08879010192749871
2024-10-31,0.04363992498660847,0.045588820810048274,0.04590240983743941,0.04798351875331875,0.04977796136455696,0.05081767822288835,0.051981246553911904,0.052843146549075924,0.05445375210367982,0.0556434636180338,0.05745186507000162,0.07249105992084177,0.07229646036955627,0.07526769884009406,0.08141875158822959,0.0835617450624745,0.08472349271194608,0.08879173411534144
2024-10-30,0.04378631778904697,0.045586442917885744,0.04590286952808913,0.04822225481774535,0.04978418903582682,0.050817902175352404,0.05198146922411906,0.05284099901892112,0.05445022463252948,0.05564405986140994,0.05745612903641109,0.07248033726737618,0.07232093997840049,0.07530245406302072,0.0813600454486348,0.0834446908984535,0.08478082864211127,0.08883807248114205
2024-10-29,0.043784131068098656,0.04544583608498468,0.04590332922794627,0.04822261596280781,0.049784543804341164,0.05082976541053444,0.05198169189623417,0.05284119683933996,0.05445467871216874,0.05564257239841923,0.057456285578118514,0.0724878085412197,0.07230569164821628,0.0752445157204749,0.0813840157708939,0.08342100755637571,0.08478146031239606,0.08884016241248995
2024-10-28,0.043861145534737106,0.045446518998355424,0.045903788937010734,0.048222977113273696,0.04978468627078626,0.050830019385388746,0.051981914570256874,0.05284139466124006,0.05445476462532797,0.05564273912922737,0.0574564421206789,0.07248798944190357,0.07229327167035156,0.07516490389909476,0.08147697204461724,0.08350738211354797,0.08473645545127509,0.08893291568686065
2024-10-25,0.045962107209756055,0.04464594358667227,0.045740780121108306,0.04785538625077579,0.04966095219549642,0.05067430746905363,0.05182468777400094,0.052694830275747374,0.05430797113359353,0.05549338201655134,0.0573936891555997,0.07242565099313202,0.07219588230351832,0.07523528712799701,0.08130940379976914,0.08344000043013058,0.08466625696879534,0.08872533355046373
2024-10-24,0.044670148246367974,0.04464661452040801,0.04542207123875942,0.04774759011272823,0.04962334798091513,0.0506442352196335,0.051796319108047696,0.05269467373397848,0.054310224652314644,0.055491384221130584,0.05739595948965259,0.07242439178560808,0.07221587205349447,0.07523227993577601,0.0813270738771169,0.08343948963330586,0.08466582564973692,0.08878998670189484
2024-10-23,0.044671477636013986,0.04464728547430948,0.045422526150945754,0.04774794771900518,0.049629868230482814,0.050644488273793746,0.051796540992741204,0.05269899391255887,0.054306864219739424,0.05549568826510622,0.05740023642513366,0.07241973212550389,0.07216936971247903,0.07517388754909927,0.08134742351258405,0.08345297613006965,0.08467704650683575,0.0888007245303883
2024-10-22,0.04467280710470945,0.044647956448377754,0.04542298107223705,0.0477483053306388,0.04963016507581664,0.05064474133048301,0.051796762879335836,0.0526991912065247,0.0543112616383865,0.05549585455877145,0.05740039281754186,0.07242721943448288,0.07215417062835033,0.07503477307427416,0.08125261480421085,0.08344347458999846,0.08472593375027372,0.0888401683199944
2024-10-21,0.04434711117132362,0.04464862744261359,0.0450945077573385,0.046908868019500054,0.04960243523082557,0.05057718666612164,0.05165650057420647,0.05264395296320807,0.05423395625872426,0.05542872919321072,0.05724959302725005,0.07229899908499053,0.07196610790379929,0.07462760562997894,0.08085955055004294,0.08294988159929205,0.08486167898734581,0.0888998299885554
2024-10-18,0.043679696189992845,0.044356886423972265,0.04445710482269825,0.0466651954062828,0.04944801518323089,0.05041989371457588,0.051516958064315284,0.05250369674706,0.054093446094913615,0.05527593468291001,0.057111869332661325,0.07215093536000985,0.07180871992404646,0.07446476510500256,0.08075339627784442,0.08277056758999965,0.0845169662584108,0.08885677241249303
2024-10-17,0.04311326684777853,0.04435755308392207,0.044457550097280196,0.04674795413853939,0.049446619514327494,0.05042570957820388,0.051522103074360566,0.052498323710785964,0.054093322551981626,0.055273125677434025,0.05710888667523145,0.0721447780236598,0.07177243501218088,0.07441918997963753,0.08062346010612223,0.08277346809385157,0.08457513010409717,0.08890199417447914
2024-10-16,0.04361026101240286,0.04455406650771589,0.04445799538078191,0.04674830427638392,0.04963469693460157,0.0505017898732926,0.051590512250179466,0.05258089307160393,0.05416190558390058,0.05535320606166377,0.05719081173418131,0.07221814416538024,0.07188784989695425,0.07449713817863947,0.0806758101822442,0.08285839664971753,0.08466021552031662,0.08892721298500451
2024-10-15,0.0441072229755776,0.04406507610894091,0.04514559754374421,0.04707327143934871,0.04971069965347797,0.05058374431624279,0.05165700802359092,0.052572307632838614,0.054232147418468234,0.05543306751771257,0.05724994495596647,0.07229941174836632,0.0719255402130153,0.07455123818320708,0.08079844553019282,0.08291745520653006,0.08472474095048002,0.08900163092797547
2024-10-14,0.044604152749814475,0.044310587041130084,0.045262155225730454,0.04707362401905881,0.049786695220854264,0.05064971036365394,0.05173316727101586,0.0526409361662084,0.05430805290995903,0.055499136540539895,0.05732598519551112,0.0723679342310267,0.07200156541336387,0.07460576899836888,0.08084012896220243,0.08299642950486494,0.08480074003201571,0.08907722156297193
2024-10-11,0.04336149471198731,0.04472388215027482,0.04526351532094326,0.04706855171879771,0.049787734070607007,0.050641322950958974,0.051728893773077496,0.05264065246492302,0.05431163092562424,0.055496058250002415,0.05732548086963074,0.07237023373359512,0.07205805547871134,0.07458610325531519,0.08084181836715018,0.0829936377904888,0.08479842765459705,0.08907526809271948
2024-10-10,0.04426249792861707,0.04632978926332026,0.045263968704178766,0.0481245842802915,0.04978878063055946,0.05067214363934388,0.05177300721055956,0.05257992018534086,0.05434665910676594,0.05556240592786404,0.05736112974235824,0.0723407209797639,0.07207169381658528,0.0745922322543532,0.0808315728840605,0.0830495810647506,0.08476808188324193,0.08905139302695303
2024-10-09,0.04466035830278783,0.04639897426307388,0.04550628831047192,0.04820123329453449,0.049855406745733494,0.050749279988364634,0.05183728168055453,0.052650525623772836,0.054420890202364555,0.05564320614411075,0.05744012844211222,0.07241278213516246,0.0720584469219553,0.07467257785850011,0.08092321410638065,0.08307323510651601,0.08487924901201865,0.0891626844068349
2024-10-08,0.04466168799458384,0.046477942715947775,0.045506744134577976,0.048201594338939925,0.0498557049650267,0.05074886026392531,0.051837503754993075,0.05265072274661506,0.054425303676613336,0.05564292636685816,0.057440284949177994,0.07242025699166299,0.07206463574123813,0.0746588068942237,0.08092448123048815,0.08303079915594071,0.08488365658174574,0.08916782800868106
2024-10-07,0.04466301776555907,0.04655363925829932,0.04594245773511898,0.04826870409614674,0.049856003187887396,0.05082611501510901,0.05190820965004716,0.05272727240050882,0.05449451597404059,0.05570972350611035,0.0575425176636521,0.07260963998376814,0.07222597406579553,0.0748797830861925,0.08110552761352399,0.0832325459722698,0.08506386269572298,0.08935833418112905
2024-10-04,0.04485728550699744,0.04678402698993306,0.04623394029900989,0.048415851848421905,0.04993032663851766,0.05081912853575089,0.0519768628603809,0.052801264989398695,0.05457194052766592,0.05578712656670271,0.05761580962505121,0.07268626348680042,0.0724421763268003,0.07494828034603096,0.08123799961693082,0.08337517526431994,0.08508150168207627,0.08939435898109369
2024-10-03,0.04546144586557414,0.046784730276468754,0.04623440343499974,0.04856570711387601,0.050223927460149476,0.051115456905311274,0.05220593662337075,0.05301872904990579,0.05470825028663263,0.055933399829857566,0.05775463712594332,0.0728206134104456,0.07261024577933099,0.07504784736160579,0.08132298155305501,0.08347971413431596,0.08485475023246777,0.08963329719861649
2024-10-02,0.04546279965032933,0.046785433584150306,0.04623486658027535,0.04864233002074443,0.0502210271848042,0.05111571234082857,0.05220616028290088,0.05302099635941316,0.05470684807013279,0.05593775235036535,0.057758954766432224,0.07281404902814961,0.07252001730320931,0.07502837846757056,0.08132756019508958,0.08347922240388175,0.0848736445277801,0.08965035470002045
2024-10-01,0.045440177565206526,0.0468644012848607,0.04684435745722149,0.04864269438822584,0.05021822835796142,0.05111528962264866,0.05219595163839054,0.053021194874495754,0.054711961084395876,0.05593747114872383,0.05775169896509273,0.07282159272748503,0.07247273164555133,0.07506694502671397,0.08129946914341225,0.08347355592125211,0.08486986540033893,0.08964908080464676
2024-09-30,0.04561568422141422,0.04693358566436494,0.046844826722010104,0.04878603108383524,0.05045087051779322,0.051270079682382695,0.05234216181183971,0.05332029588887742,0.05500689764959816,0.05622977569627261,0.05805707716587182,0.07312052739127292,0.07276581809652774,0.07539682370170213,0.08160539176744094,0.0837533524842817,0.08517379733192863,0.08997191344711006
2024-09-27,0.04561568422141377,0.04693906706373115,0.04684623457278621,0.048932969970374135,0.050589508396826834,0.051415897196383904,0.05256161198292981,0.05354064563497202,0.05522883374858538,0.0563799455028436,0.058128242877328894,0.07350765631538396,0.0732200112279601,0.07574923540647235,0.08198476359080104,0.08412902798352782,0.08555311151912592,0.09037992906153958
2024-09-26,0.04561568422141377,0.046939776659750305,0.046846703875183096,0.048939978782466684,0.050596319061100535,0.05141615461179714,0.05256690027345486,0.05353731990820594,0.055225481445302656,0.05638438155328888,0.058125174267195524,0.07350338298900497,0.07318522597143792,0.07575127818897537,0.08194033815015636,0.08411797164493713,0.08558188341904135,0.09057118048334609
2024-09-25,0.045506625300076466,0.046940486277224046,0.046557177122997215,0.0489403453960373,0.0505969024713651,0.05141641202978784,0.05257212900207543,0.05354175975629381,0.055230199935832454,0.05638455070914001,0.0581330925732813,0.07349852280735118,0.07320290822992971,0.07576690057010826,0.08198126755760542,0.08410694715736647,0.085573889427572,0.0905669891887783
2024-09-24,0.045506625300076466,0.04694119591615369,0.04655764353898386,0.04894071201510072,0.05059720581556477,0.05141666945035598,0.05257235423815881,0.0535419602264124,0.05523038379931502,0.056384719866006114,0.05813325097451008,0.07350621103373228,0.07329378604506957,0.07581233773214517,0.0820421966724514,0.08423483256776566,0.08546904953316584,0.09075576011909745
2024-09-23,0.045506625300076466,0.04693852515046734,0.0465581099643133,0.04908401625431245,0.05075135068346735,0.05157196588955059,0.05272830679048983,0.0537628586801585,0.055304581158507685,0.056608278535234036,0.058358056024042274,0.07372703293683158,0.07360613681273297,0.0757643587645725,0.08205848067995472,0.08426442226196779,0.08560598387468255,0.09088952560347817
2024-09-20,0.04565534127780904,0.04698317617070761,0.046240425047429465,0.049040319392521674,0.05048577140770119,0.05133991959189459,0.05250553609570184,0.05353958201877752,0.05508536459620338,0.05638359056505281,0.058139420837004546,0.07350663981021746,0.07352877203365402,0.07566645153194713,0.0818181878494631,0.0840593247987182,0.08533918801093301,0.09061246504669074
2024-09-19,0.045932929724495926,0.04698388650871009,0.04624088831335433,0.049047371247491464,0.050491851581767506,0.05134017663593135,0.05251084612890081,0.05353583993235355,0.055081739618291936,0.056388034724421804,0.05813632400888028,0.07350200064432093,0.07354715621752302,0.07585938673128653,0.0820271058066047,0.08416312118242275,0.0858857972002469,0.09016029074560429
2024-09-18,0.04593292972449682,0.047366198130854756,0.046241351588562095,0.04934310071861791,0.050713314814029416,0.05156944663119239,0.052734960008383076,0.05375675016271261,0.055306046954388975,0.05660659932149561,0.05836277822219477,0.0737137041326223,0.07370594391064733,0.07613484666142117,0.08231567090995003,0.08447808381569948,0.08588461358492458,0.09020365467548316
2024-09-17,0.046220411848567976,0.04743540022029132,0.0462418148730528,0.04934347037416254,0.0507128789166981,0.0515691116561445,0.052735185948863485,0.053756951443069995,0.05530577963077625,0.056606375542913145,0.05836293725230505,0.07372142247680412,0.07365799985717887,0.07610345457854965,0.08220605876978143,0.0844745033674188,0.08587820651608905,0.09019473022768026
2024-09-16,0.04607171676370906,0.0475108997877575,0.04624227816682682,0.04942004948912467,0.05085778227464442,0.05156885921233632,0.05273541189127994,0.05375504527390866,0.055301642641180294,0.05660620652966448,0.05836309628328196,0.07371961766797844,0.07361228490071706,0.07621250051674414,0.08227045231934038,0.08444533897160725,0.08581188706434126,0.09026781656854542
2024-09-13,0.04678540304049863,0.04759480921786738,0.04624366810385092,0.049414362034809235,0.05085027337799537,0.05156878876009573,0.05273094703924831,0.05375557196682585,0.055300098199186624,0.05660185223864847,0.05836258563011266,0.07372280357267227,0.07365879503806386,0.07631034761706916,0.08228052587491552,0.08431103206712277,0.08583758882032529,0.09028778865639224
2024-09-12,0.04692416066690502,0.04774227636546677,0.04656324125980939,0.049640606897194677,0.051116347883199215,0.0517903684583854,0.0529935829594846,0.05400912852801307,0.05551515089840206,0.05686612923010836,0.058616151057291864,0.07397551496678423,0.07388962269134278,0.07656650755113491,0.08258714126728244,0.08456549148467904,0.0860959998594111,0.09056533553179082
2024-09-11,0.04716201974678794,0.04808537279172493,0.04689241135724871,0.049860008919621224,0.051298650289397243,0.052010206949334094,0.05321191564148302,0.05423210439924365,0.05574025384712489,0.05708516166780237,0.058838533633065924,0.07418905848236802,0.07411359533395039,0.07678903611658977,0.08281199993172543,0.08486880166022329,0.08629059917794855,0.09078417681315412
2024-09-10,0.04716201974678794,0.0481741310084405,0.0472118430245561,0.04966992278366831,0.05129895786660989,0.0521548302261668,0.05335252304972451,0.0543840902775947,0.05588828956903287,0.05722882921015052,0.0589794888241041,0.0743481298105361,0.07429765692920094,0.07688139350751386,0.08297598425657728,0.08497056838971877,0.08644138500795089,0.09094595234257431
2024-09-09,0.047290854208528486,0.048171254828360086,0.04721231607015105,0.04967029490993676,0.05129892996227774,0.05215520775137822,0.05335275164395777,0.0543842939129824,0.05588827115884281,0.0572290781152098,0.05897964953815073,0.0743483153765048,0.07419969639361136,0.07688149730147953,0.08298601981927525,0.08496537984472935,0.08645472317840247,0.09095304261321706
2024-09-06,0.04729085420852804,0.048177044957299534,0.04753263388242248,0.04981686594870671,0.05144687372151683,0.05237839558339474,0.05371222634932347,0.054604560133247895,0.05604074181211896,0.057376295895665355,0.059191549840555836,0.0747354570486718,0.07469675062807915,0.07749628303684099,0.08346197637943031,0.08545617126960098,0.08705652078395199,0.09100389984917816
2024-09-05,0.04790523871852626,0.04817777349959582,0.04753311016131969,0.04982415982486973,0.05145232067140286,0.052378657845162574,0.05371777191891227,0.05460099140162313,0.05603634523188291,0.057380883908904105,0.059188222974979145,0.07473089480464865,0.07473687798294343,0.0775014766666118,0.08348830642140756,0.08546443591665355,0.08704395391286511,0.09099400159290164
2024-09-04,0.04740977466423626,0.048178502063926355,0.047862075802583455,0.049824533120640606,0.05145392326160611,0.05237892010955591,0.053712208751790676,0.054605620433488225,0.05604180637156732,0.05738105606515618,0.05918864083200545,0.07472598483229287,0.0746694011192809,0.07752754513843967,0.08345766754746034,0.08546538339962517,0.08876301842622533,0.0898700268873454
2024-08-30,0.04740060128714535,0.047523047623401815,0.047864473846343784,0.04981253446592599,0.05145328019317461,0.05237994505838624,0.05370805698798894,0.05460042551948485,0.05604467788782435,0.05738498604939489,0.05918861266431652,0.07473964612688512,0.0746244188938704,0.07754200005849995,0.08346439886587348,0.08547383132110359,0.08874900301695157,0.08985825421373651
2024-08-29,0.04753552626244885,0.04752021061744935,0.04786495348393192,0.05004578487416968,0.051670825821809346,0.05253494140482926,0.0538692278289105,0.05474575352887946,0.05618378791621415,0.05752928362413436,0.05933957709335099,0.07487387713965189,0.07477163711998704,0.07769099900177787,0.08358300912849657,0.08562677647254356,0.08890445372184023,0.09001364100374355
2024-08-28,0.047902116274472245,0.04784015296116764,0.04818420632041686,0.05012232722794017,0.051753827033567,0.05259994820475435,0.05394163031847752,0.05482330259376137,0.0562561676051499,0.05760514023669713,0.05933709534923308,0.07486158665329966,0.07477452633985784,0.07770484040746552,0.08362264858612907,0.08561438175652118,0.08889520314000772,0.0900095069834629
2024-08-27,0.04803091015149506,0.04784086468815507,0.0483488776889836,0.050122702780169816,0.05175379156969073,0.052606235065422224,0.05393895399850608,0.05482350788373217,0.05626065985529059,0.05760223162161768,0.0593352032519613,0.07486952624863125,0.07481158945960947,0.07763949784162807,0.0836281374422522,0.08560630849783818,0.08888950754387842,0.09000702352723847
2024-08-26,0.04803091015149506,0.04784157643632063,0.04866802680101961,0.05026587869128909,0.05182136120345724,0.05268390748900958,0.05400161450326819,0.05489778197669414,0.05633753462163917,0.057604093641157046,0.059328729373166814,0.07486180146032344,0.07485836005312686,0.077629987758618,0.08356631416883978,0.08561914155596406,0.08889807157929128,0.09001007449431485
2024-08-23,0.04827223739461942,0.048720091208923434,0.04898808830588758,0.05033607215013285,0.051818250760086136,0.05271546670886838,0.05406911250805866,0.054973117215551676,0.056407351043711126,0.057667582877810084,0.05939154646600593,0.07493991787520012,0.07483015425318372,0.07772753977921247,0.08373566822900812,0.0856623120803509,0.08896915727776428,0.09008442360436994
2024-08-22,0.04839745451967406,0.0487952742143197,0.048988579237354245,0.050343539400607214,0.05181477902512778,0.05271207044225513,0.054074680765425986,0.05497454890628249,0.05640564096787267,0.057667786759962515,0.05938816571650781,0.07493463813800166,0.0748378077068148,0.07774791943869251,0.08364290236840151,0.08570509234736734,0.08898446986959387,0.09009489472166712
2024-08-21,0.04850642065730264,0.04895013510161727,0.04898907017867049,0.05041054724810406,0.051898500577953394,0.05274652917389235,0.05407491247268152,0.054972869457525615,0.056399673808580575,0.0576637801918757,0.059392675412174696,0.07492918023129133,0.07474866014393193,0.07762468861204848,0.08365317414798387,0.08559350946040022,0.08924784339292932,0.09004434506898869
2024-08-20,0.04861538381038829,0.04895086341786626,0.04898956112982669,0.05041092497969554,0.05189851832348445,0.052743770212049686,0.054075144181922746,0.0549730753129568,0.05640422153221957,0.05766214512440446,0.059392837260953964,0.07493711744359706,0.0747323072016922,0.07764736699750173,0.08362312490298433,0.08555473003362182,0.08925665841161605,0.09005214466583183
2024-08-19,0.04861538381038829,0.0489515917557885,0.04899005209082341,0.050411302716947555,0.05189882885690117,0.05274100827410458,0.05407537589314984,0.054973281169929604,0.05640440909800913,0.057667166599427895,0.05939299911061527,0.07493730448945539,0.07473043007935243,0.07778777875565915,0.08369165993590245,0.08557881090716675,0.0891945688316801,0.09000530820521842
2024-08-16,0.04839108174695187,0.048871780012133145,0.048991525032858654,0.05048143863968612,0.05182010018493435,0.05269482548133205,0.0540707292554058,0.05497060871924197,0.056408420143415426,0.05767089052175722,0.05939279560438237,0.0749375164512713,0.07477523282678188,0.07774443598335533,0.08365782273642984,0.08555830401758537,0.0892174203637601,0.09002104529883606
2024-08-15,0.048526232361668815,0.048946919042661415,0.048992016033219704,0.05056510247846186,0.05189344274064573,0.0527300796837008,0.05407630275791577,0.05496533069603954,0.05640416851906911,0.05766957295979015,0.05938929633205189,0.07493137611535736,0.07478235585781334,0.07771775718615857,0.0837058329861737,0.08555262660354292,0.08921267392120034,0.09001726832695413
2024-08-14,0.04839745451967429,0.048955233770531424,0.04899250704342276,0.05056548138518703,0.05190096718874104,0.052727154627200866,0.05407653447907188,0.054970002054640886,0.056401161254164604,0.057667721461419914,0.05939380837215353,0.07492645275963253,0.0748217404790823,0.0777077857817292,0.08365587271047484,0.08552116812634732,0.08924753512895199,0.0900443434570475
2024-08-13,0.04889273109737043,0.04899507066837965,0.048992998063467824,0.05063248034224079,0.0519768095797641,0.05282202912423015,0.05415455530497219,0.05503664969306585,0.05648145125202315,0.05773895715425175,0.05947111136765386,0.07500084465969754,0.07494609477987578,0.07777593547236822,0.08374119137958916,0.08557914435474169,0.08929026062036369,0.09009731759306552
2024-08-12,0.04914034626571054,0.04877091241396536,0.04843341613434511,0.050632859759544464,0.052043705112266955,0.05297913033402373,0.05423282185227561,0.05511494363319095,0.056479061709744455,0.05773941525824713,0.059475636967221454,0.0749969006350828,0.07492035388160233,0.07788205883131306,0.08381622735390848,0.0857839003779995,0.0891582043008842,0.09000117135861205
2024-08-09,0.04839108174694416,0.04876929597249314,0.04843487244261883,0.05062679983314017,0.052043222552826444,0.05297999466817161,0.05422810578388872,0.05511484173537274,0.05648147993697228,0.05773998132268414,0.05947521940682385,0.07499952646904598,0.0750521196439768,0.07789955523591528,0.08386983661724398,0.08575174397862,0.0891315886300898,0.08998205398417894
2024-08-08,0.048526232361669,0.04876622687627085,0.048435357898181916,0.0506343774856248,0.05203968925956273,0.052977247900799634,0.05423375144357739,0.055111271860694255,0.0564797327717293,0.057740659471434704,0.059471912006236506,0.07499500118366428,0.07497474787836361,0.07794221292456353,0.08388988690496384,0.08575265906490209,0.089132309788447,0.08998214052176438
2024-08-07,0.04877387034197421,0.049038556575945566,0.04891870300456253,0.05078702151873879,0.0521615349842296,0.05307831389918936,0.054303179434134374,0.0551897401093548,0.05658072352720229,0.05785287510604958,0.05961768862928495,0.07514607734056233,0.0751353707895847,0.07807735223843955,0.08405311242133066,0.08589651753803845,0.08930332197755986,0.09015376697855082
2024-08-06,0.048892731097368386,0.04918594851135537,0.04940188373163868,0.0509301302014633,0.05238246238565592,0.05323812554944933,0.05447952877129398,0.05533228932105758,0.05665697188807636,0.0579130626179527,0.05968472628561947,0.0752143244136432,0.07513838955594106,0.0782852046680387,0.08417855396149163,0.08620285427918957,0.08921150376927427,0.09024345880563113
2024-08-05,0.049387946022909024,0.049186680499576196,0.04940237889430165,0.050930511869243085,0.0523814325446529,0.053238390699363675,0.05447976222930833,0.055332496534037795,0.056656346952729815,0.057917700148791156,0.05968488893690421,0.07521451215798115,0.07527541631135409,0.07856119813347309,0.08450166562119141,0.08619580003053208,0.08911274429149399,0.09005146238521314
2024-08-02,0.049262496175678676,0.04926320428771121,0.04939315595543569,0.051000456507468137,0.05245603873982659,0.053306208632112585,0.05455305886181472,0.055407973609561297,0.05673409720285335,0.05799487532219647,0.059761777477735284,0.0752927599687579,0.07535414579504666,0.07879817687684537,0.08479599649626705,0.08639246919741919,0.08903206110688489,0.09001863063621851
2024-08-01,0.04938794602290959,0.04926004431314939,0.0502773253002761,0.05100815477817439,0.0524524978593047,0.05330339367882976,0.05453553786137185,0.05540469362120135,0.0567323828156177,0.057995501914480566,0.059749766441965654,0.07528854950861806,0.07531976472232463,0.0788244892561088,0.0848408949254464,0.08638427684950112,0.08902539391597926,0.0900135425413434
2024-07-31,0.049269100062635,0.049256883522888165,0.050274133096687885,0.05100853704498986,0.05246016252835267,0.053300622197741225,0.054533325238054604,0.05540944206632083,0.05672925098248865,0.05799389207598714,0.059755133232007596,0.07528358033757726,0.07534853612788313,0.07878066916725164,0.08485133999274586,0.08639064143319596,0.08903139749115709,0.09002007031792171
2024-07-30,0.04926910006263544,0.04925372193908866,0.050270939893156334,0.05082813122883471,0.05246047645992061,0.05323940000610889,0.05438684635848215,0.05519031246465952,0.0567340194820032,0.05799340615080715,0.059530182845239345,0.07491832257357803,0.07494512167475248,0.0784059401924514,0.08452661633859888,0.08600210905191587,0.08864014805170821,0.08963029937116589
2024-07-29,0.04912053761938674,0.049289642374955145,0.050289909093134334,0.05089512258761855,0.0525284271067331,0.05326844535349277,0.05442563194454816,0.05522766822823173,0.05684067076524785,0.05810623042133298,0.05963615167106563,0.07502754830904533,0.07509238595062423,0.07843712775577888,0.08457421179719925,0.08612082243622679,0.08877656032892224,0.08975705064545295
2024-07-26,0.0489654449848495,0.04928013559307086,0.05029141590689017,0.05088896767555357,0.052603105106805235,0.05326950528063472,0.054420967777455566,0.0552266071943876,0.056839734152079074,0.058106926189276244,0.05963782909975097,0.07502923837438875,0.07514881046337442,0.0784981728322255,0.0846154378569307,0.08612495931294606,0.08874054198318036,0.08973135639477131
2024-07-25,0.049120537619387644,0.04927696526061442,0.050291918198207865,0.05089664833512964,0.05259943999822752,0.05326660851917868,0.05441851288454816,0.0552239835676957,0.056838039527091384,0.05810742662556447,0.05963641168711956,0.07502561300215535,0.07511466836473477,0.07855970534120088,0.08461428570561078,0.08618835450216265,0.08882166420983795,0.08980331078798934
2024-07-24,0.04918986744996886,0.049312810691586544,0.050292420499559044,0.05089702978630088,0.05260664608985811,0.05326333149865595,0.054426796313495424,0.055228702380637276,0.056834407793045584,0.05810539915569515,0.05963261046706621,0.07502074021128381,0.0751118402701174,0.07852015228535489,0.08457450683845195,0.08618016732196539,0.08885521059571443,0.08982923622063134
2024-07-23,0.0490413020478091,0.04901038573022213,0.04996492986777718,0.05079273100492797,0.05253052878762374,0.05320485198105157,0.05436487095599697,0.05515379660786962,0.05677295233938252,0.05803727178740705,0.059563769572018484,0.07496375004672613,0.07510478861715024,0.07850309855117915,0.08462464889890076,0.08621191735332487,0.08871439224382835,0.08971625725774748
2024-07-22,0.0491898674499704,0.049011115257693576,0.04990753885679729,0.05071697315505416,0.052530438982328086,0.05320511698372562,0.054366142026142324,0.05515616409611406,0.056772896624197426,0.058041947738396604,0.05956466246081466,0.07496595784924592,0.07509342577033873,0.07843560924439708,0.08457076311420761,0.08611545296765018,0.0887916280811135,0.08976787432447438
2024-07-19,0.04918328474066149,0.049009393728110674,0.04995958258004633,0.05071084958403737,0.05252785619670538,0.05320593032993149,0.054363623689522036,0.055155204018431346,0.056774230397635496,0.05804248062252062,0.0595653770530906,0.07496772936242178,0.07510715436506696,0.0784199691599126,0.08450975651753856,0.08611836791332554,0.08881355344508607,0.08978298391018258
2024-07-18,0.049328523486570366,0.0490844348543656,0.049967425194712124,0.05071849364171983,0.052524252618879656,0.05320239517167573,0.05436066327175964,0.055152477898544175,0.056772605838949934,0.05804256158029055,0.05956361198209791,0.07496399563966054,0.07506225649470688,0.07842422294421737,0.08457316842051801,0.08609396494291811,0.08881339330069013,0.08978247665765923
2024-07-17,0.04932852348656992,0.04916147192358966,0.05029593688998875,0.0507950151588591,0.05260847213627374,0.05326661529201125,0.05442842651372231,0.055233125488131515,0.05683549976710951,0.05810756535858827,0.05963374469672699,0.07502482431036903,0.07518908807129392,0.07851293472564401,0.08458216691072669,0.0861723346116402,0.08889205688747379,0.08986149211195459
2024-07-16,0.04946717469070225,0.049240445146309396,0.0506147305298301,0.05087153203324486,0.05260840922387829,0.05327235431816414,0.05442294478183897,0.05523116847073848,0.05684005990893141,0.05810428074413054,0.059634241001829735,0.07503074135310064,0.07517099936889397,0.07853432160394802,0.08463107266645895,0.08617403685202987,0.0888549271432668,0.08983678902966154
2024-07-15,0.04961572419009089,0.049319417642136355,0.050933454632436606,0.050938528214238395,0.052685153296700905,0.05334928319949376,0.05449521139926294,0.055297806044408496,0.05691634069419778,0.05818525240377045,0.05970748735927667,0.07510763649315318,0.0752235527591143,0.07857822113804541,0.08464848963917221,0.0863916646569109,0.08890790912311708,0.08989563217717172
2024-07-12,0.04974763105551652,0.049386087562854564,0.05125503633015312,0.05100844023889072,0.05274937937774773,0.05342683049663113,0.054565957187094706,0.05537212928127552,0.05699406239558413,0.058262114822929194,0.05978214037057586,0.07518477421423268,0.07533368663654706,0.07874060269458848,0.0847509106096223,0.08639454115557052,0.08898550673156562,0.08997430363553163
2024-07-11,0.049754365385177225,0.049382830054000876,0.051263284993558506,0.05109230595866064,0.052899739710728616,0.05350135055480388,0.05456263276241846,0.0553678435871058,0.05698768851196636,0.0582598525822975,0.05978003727949954,0.0751795880690353,0.07537347656002266,0.07873391534577116,0.0847388222708847,0.08649579064807474,0.08894925573883254,0.08994838271184429
2024-07-10,0.049754365385177225,0.049391551040312176,0.051263797068247186,0.051092688916393264,0.05290723028628859,0.05350474098267828,0.05456822360028648,0.05537258940519551,0.0569840838895263,0.058257412488434725,0.05977689364990232,0.07517470782745567,0.0754027753722654,0.07869049864189803,0.08474955479337103,0.08638977063694075,0.08900215096024919,0.08998793281694692
2024-07-09,0.049754365385177225,0.049392286383794545,0.051264309153166036,0.051093071879867266,0.052907546932987055,0.053505007496296435,0.05456845709917649,0.05537279679006397,0.056988887109663024,0.05825531857712512,0.05978141399478258,0.07518266933588173,0.07536445794061356,0.07859835912909018,0.08484820030182963,0.08646408976111206,0.0889450088890719,0.08994911167847984
2024-07-08,0.049041302047824455,0.04902133092333659,0.05061877538043968,0.05068421982690834,0.05253524469836234,0.05324752371896203,0.05439564880929314,0.05523823380167628,0.05681520536667623,0.058082762640822495,0.05959660325306972,0.07503729637657709,0.07521563600901277,0.07843892442841632,0.08451075862323068,0.08637010789750145,0.08883457192844553,0.08981984532015763
2024-07-05,0.04819300581110082,0.04894130255544113,0.05029073894609301,0.050678076415997614,0.052534991706811425,0.053171754753087476,0.05440036436581156,0.05523703748130655,0.056817974937400026,0.05808661262706334,0.05960243961639325,0.07503888706081219,0.07521857531094515,0.07845957158814516,0.08443129766299663,0.0863410819213822,0.08886999872127276,0.08984446540177986
2024-07-04,0.0483380171865975,0.04893807669995575,0.05030246863408044,0.05061910200581366,0.05246409028981466,0.05309161588161414,0.054319169977597975,0.055158325802094586,0.056818502497132085,0.0581595911286982,0.059603401785627154,0.0753594783698671,0.07548414117211012,0.07872377318256153,0.08470406731909948,0.0865944636491776,0.08923686917989503,0.09019682892795242
2024-07-03,0.048338017186597054,0.048946715029258486,0.05030297114620466,0.050619481436597655,0.05247148418798992,0.05308860574893597,0.05432475599208605,0.05516306114213198,0.056814878276138646,0.05815770317103928,0.059600117645808935,0.0753545100940738,0.07564203216030244,0.07862987134265424,0.08464192232816312,0.0865677495469533,0.08927544007114116,0.09022634591361285
2024-07-02,0.048585666882798584,0.0490257103695167,0.050303473668368494,0.0508387992423226,0.05253837110141868,0.053162437938374024,0.054402757171798106,0.05523514647128199,0.05688607964645984,0.058232237977581855,0.05968176134448662,0.07543470200703403,0.07572981284195664,0.07871006442455984,0.08476563904144961,0.08674179302501318,0.08927535126618442,0.09025207005487237
2024-07-01,0.04871443863252939,0.049169179906472064,0.05030397620057322,0.05083918032561904,0.05253833514572627,0.05315834777349695,0.0544029899706213,0.05523535334758826,0.05688605642800378,0.0582364639159089,0.05968192384111119,0.07543489031791031,0.07625247381512146,0.07883426778022208,0.0846963616150525,0.08678055869916579,0.08918640459505836,0.09018656475083692
2024-06-28,0.048579244553110856,0.04916990806907524,0.050309245541109944,0.05083298316216334,0.05253612975443752,0.053168694736749754,0.0543993326799262,0.05523423440633201,0.05688759267063414,0.058235574991981176,0.0596816576348024,0.07543655807926464,0.07560252013399392,0.07891061976490837,0.08493685593502474,0.08656351603403775,0.08915850051697914,0.0901841308125905
2024-06-27,0.04812007270078116,0.0488829235526597,0.049778920115547146,0.05054559158788758,0.052024981266405645,0.05272338397691967,0.05418108242197704,0.05497646491559649,0.057090591928876645,0.05837089681842497,0.05973422496895588,0.07524938917687612,0.07545876985388883,0.07864848569212306,0.08469435977080973,0.08638572965175276,0.08899348396904073,0.09000655798111558
2024-06-26,0.04790211627447383,0.048726352882326796,0.04948012850970339,0.050469797570038444,0.05203285216191554,0.05273115240343263,0.054186633112679815,0.05498332230651031,0.057087529001559036,0.05836892691799222,0.059742572349535415,0.07524653722276577,0.0752856040616444,0.07863021843320264,0.08485871651469792,0.08643208639265199,0.08895309179870305,0.08998036907825677
2024-06-25,0.04809035207305812,0.04805100142408857,0.049480624660514685,0.050470175904352085,0.05203265640526875,0.05273750430172427,0.05418686535636913,0.0549835282442694,0.05709212071102091,0.05837781508039199,0.05974273517665375,0.07525458314687836,0.07524774831276795,0.0787022546489209,0.08480878681119884,0.0865214182857112,0.08908190157384571,0.08999883736537106
2024-06-24,0.048090352073057674,0.0480510014241916,0.04948112082128007,0.05047055424433908,0.05203296784565277,0.0527377674931299,0.05418709760204926,0.05498373418357119,0.057092310599701934,0.058377989881540276,0.05974289800465965,0.07525477101140231,0.07535275455983778,0.0785259729588692,0.08482612431934884,0.08652133432188,0.08909973845456402,0.09000857071307548
2024-06-21,0.048044442246201156,0.04780005873385174,0.049550200379071506,0.0505405918218197,0.05213622088911399,0.05284415327474081,0.054258985401683876,0.055049087195705323,0.05716905936127737,0.058446192616719315,0.059818893117039036,0.07533315970297179,0.075378118155495,0.07853544059787636,0.0847645261285793,0.0866396255751193,0.08923143983528703,0.09012519802088152
2024-06-20,0.048050724224034294,0.048295720327119505,0.049550697257428146,0.05054824400470326,0.05213302410321082,0.05283691958632527,0.05426461663526969,0.05504623099176927,0.057167529664842974,0.05844146626098528,0.059815402641102626,0.07532919876411721,0.07545083896274755,0.07838519710346126,0.08457341946319355,0.08657209262110373,0.08935486947192042,0.09021157083072248
2024-06-19,0.048199326622554106,0.04854040928992026,0.049628438394346774,0.050624794064902584,0.05221682491981094,0.052918534087402824,0.054341262775533854,0.05512690120160094,0.057240126661769614,0.058513833606569976,0.059886145881655806,0.07540027452462078,0.07548022251123443,0.07894097685740514,0.08508771389135428,0.08696835968335918,0.08916892308745407,0.09012274091345251
2024-06-18,0.048199326622554106,0.04891227918883469,0.049706176636659154,0.050691819059155346,0.052284403049791955,0.05299284056367995,0.054417904380167935,0.055203320287558574,0.057321725891068466,0.05859319046420696,0.060002567808203816,0.0755153699133143,0.07562234916851059,0.07908561136142889,0.08523497350841926,0.08721635384859655,0.08917487404010283,0.09016182798851909
2024-06-17,0.048199326622554106,0.048912279188826915,0.04970667509410677,0.050692199080589195,0.052323152238809574,0.053099535298848685,0.05474871296151179,0.05576002127454383,0.05788268039684078,0.05923620984943952,0.060641354020949244,0.07631779088172777,0.0764461908461405,0.07965000951396996,0.08605642834595774,0.08801524724019472,0.08999991962845588,0.09098606351434016
2024-06-14,0.048044442246201115,0.048661217603431624,0.049592303354512667,0.050467071001002846,0.0519558656755551,0.052731963511072386,0.05437658083310731,0.05535527241110095,0.05744261640072793,0.05887406238633669,0.06007579370991919,0.07563880885280426,0.07574109591963953,0.0790244587991279,0.08537417357657198,0.08749155188545481,0.08926034740882943,0.09025545765540921
2024-06-13,0.04791202364382006,0.04866763572074906,0.049592800689978525,0.05047471635859727,0.051953008427436116,0.052728988091731,0.0543822438586956,0.05535244355063356,0.057441214213408545,0.05887216490050128,0.060072071384056305,0.07563498414784185,0.07595318009690545,0.07897431642521754,0.0853637467793744,0.08732198678218016,0.08936527147291466,0.0900734301281309
2024-06-12,0.04791202364381696,0.04866763572074906,0.04959329803542,0.050475094766660684,0.052037185959065806,0.05273536618453038,0.05438247695375936,0.0553572457652408,0.05743521682789676,0.058869120459342755,0.060076725854119786,0.07562985219966457,0.0761748215065738,0.07915300289198944,0.08548756144405506,0.08770549352552455,0.08892886595309613,0.09007098889547831
2024-06-11,0.04791202364381696,0.04866763572074906,0.04959379539083671,0.05040880962843659,0.051960603900635095,0.052658207261540045,0.054382710050821355,0.05535935221912558,0.05744273542616332,0.05887686747841717,0.06007688959821441,0.07563977187582567,0.07615911343461962,0.07922317016640892,0.08544932398104418,0.0877908462411625,0.08887990178477001,0.0900378229709313
2024-06-10,0.04791202364381696,0.04866763572074906,0.04959429275622942,0.05040918754806479,0.05196091493581422,0.05265847007556908,0.054382943149881624,0.05535955957693899,0.057442926489887275,0.058877043781272675,0.06007705334320164,0.07563996070852921,0.07603936372748406,0.07910916295214095,0.08541509896529187,0.08754494038226934,0.08903539728830162,0.09014476162364168
2024-06-07,0.047905777804501955,0.04866121760343056,0.04959578491226461,0.05040305805228103,0.05195841847049336,0.052656415723641756,0.05437820726053346,0.05535857742403258,0.0574442143660234,0.05887810368845638,0.0600770057647363,0.07564188004072442,0.07606397644582599,0.0791858603484845,0.08547084920222506,0.08752921820587557,0.08904666805022875,0.09015848282069718
2024-06-06,0.04791202364381702,0.048785068320100544,0.04963490892056956,0.05041069928324608,0.05195517590998217,0.052652366012749564,0.05438318664552231,0.05535578487475536,0.05744259651755376,0.05887543521636968,0.06007272733940873,0.07563809298529395,0.07620131578151408,0.07920340903227334,0.0855380233363468,0.08761001515520689,0.08897390975183259,0.09010689319017348
2024-06-05,0.04777331822768643,0.049274296611671264,0.04963540672324229,0.05041107723120891,0.05196284339449396,0.052654324174819946,0.05438341975162104,0.05536059638930698,0.05743930293149189,0.05886947216545972,0.06007738320879993,0.07563295493962781,0.07614450416067857,0.07914655810505347,0.08545339342604664,0.08751025188268942,0.08898489150728012,0.09003947666153402
2024-06-04,0.047912023643817185,0.04927429661169658,0.049635904535900624,0.050411455184838964,0.0519627812250889,0.05265458697733826,0.054383652859718246,0.05536080375644091,0.057444072898923164,0.0588744000158585,0.0600775469578104,0.07564109372454994,0.07622411122923559,0.07908705169973054,0.08541229376181286,0.0875093307517271,0.08898492608127777,0.09004084810993057
2024-06-03,0.0479089004530126,0.04927429661169658,0.04963640235854462,0.050411833144136546,0.05192469124971683,0.052654849782480126,0.05438388596981384,0.055361011125128375,0.05744555836771253,0.05887457631502072,0.06000752945396649,0.07564128256385343,0.07637212243439026,0.079081078226455,0.08548910393873906,0.08773390705323333,0.08884865375146848,0.0899425040154558
2024-05-31,0.048325305088548716,0.04866121760343117,0.04975377598729774,0.05047233947315314,0.05143597029900811,0.052358154637729526,0.05352127244607109,0.05468439025441265,0.05657908660855195,0.05835284489753343,0.06681480125616868,0.0752767576148039,0.07606367221074359,0.07892795611012889,0.08550683648144956,0.08718616307761258,0.08835488980645335,0.08947643741136242
2024-05-30,0.048714438632533066,0.04865800938934208,0.0497505396927379,0.05048001458785507,0.05145460504285961,0.05235813161052008,0.05351993224759519,0.05468173288467029,0.05657812774820702,0.05835347613109247,0.06681333406153603,0.07527319199197957,0.07614381090566824,0.07910151830886207,0.08559081353182268,0.08714158775888131,0.08830075226313065,0.08943808201072902
2024-05-29,0.04858566688279871,0.04866442638051057,0.0494480042114801,0.0502613176745706,0.05107684092589428,0.051910092943551096,0.053324637982614685,0.05469254966874211,0.056619541859683396,0.058367740960743535,0.06682070412308533,0.0752736672854271,0.07610853763104869,0.07904214575892404,0.08559825341017573,0.08706208704709381,0.08835464283308024,0.08918955453570289
2024-05-28,0.04908092003087247,0.04866442638051057,0.04944480675835886,0.050118792373092906,0.05101752729872488,0.05191626222435686,0.0534008614848312,0.05477490548122767,0.05658497096809053,0.05843438570466781,0.06704086184128819,0.0753636079953826,0.07628504061875763,0.07921724069135039,0.0858548084446423,0.08721497500594982,0.08829992656966787,0.08917726568219293
2024-05-27,0.04943746412518595,0.04841978504151629,0.0494452972968347,0.05011916815788097,0.05101893940915967,0.05191871066043838,0.05337058248375271,0.054775110660654616,0.05660793846859737,0.05844076627654012,0.0672295221199432,0.0753637961452205,0.07636882147341599,0.07952404705020502,0.08612707321145958,0.0874004388059127,0.08806006907369775,0.08900808218606167
2024-05-24,0.0486188566169372,0.048534024547363615,0.048925295587287344,0.0495223505686723,0.05053641034518618,0.05155047012170006,0.053148871951956916,0.05471252591633863,0.056538329988001776,0.05838419784067222,0.0669841519086633,0.07530367269182858,0.0762193854583152,0.07938041495530138,0.08638011404503407,0.08753142811618775,0.08790483702321088,0.08888758855977466
2024-05-23,0.0485460439673727,0.048286239957135685,0.04843919200903708,0.04912928482899203,0.050206709400341734,0.05124974808111645,0.05285355562808603,0.05445736317505561,0.056427300115566494,0.05839723705607738,0.06695418412932583,0.07532511061402539,0.07632566617556154,0.07970564937860772,0.08637983770336488,0.0876078946433635,0.08762175897861565,0.0886942813050565
2024-05-22,0.046713052790667176,0.04674563104769022,0.04728609125387487,0.048137277064334696,0.049183798646214805,0.05025307069726623,0.05192983366324807,0.05355131872925249,0.05540835680063319,0.05728558006844194,0.06606800089713989,0.07485042172583785,0.07620523130565118,0.07923935907916971,0.08549061724290297,0.08730798580637864,0.08691420807414216,0.08801025175256949
2024-05-21,0.04599944407118284,0.04584433330484721,0.04665491694026419,0.04766018032627899,0.04875981680684879,0.04985945328741859,0.05172276630428239,0.05344732196882654,0.05531957001584689,0.057232519107367694,0.06616101497727381,0.07479516482949074,0.07578399907821019,0.07838315832869351,0.08421870246093466,0.08671153720061911,0.08747743872868034,0.08860719219073539
2024-05-20,0.04572189499622595,0.04584433330482645,0.04665537983256947,0.047660537695425366,0.048760119700350796,0.049859701705276226,0.05174281189948294,0.05344752218055428,0.05534241399139902,0.05723730580224376,0.06635584890474554,0.07479535156344401,0.07580346027475363,0.07843965737571869,0.08428603417986887,0.08673177207196639,0.08743461031033582,0.08857476545603028
2024-05-17,0.04571620603212701,0.04567491602018838,0.04665676856464301,0.04765504933772749,0.048758473940870135,0.049861898544012774,0.05179218572765951,0.0534467175993567,0.05533241381585812,0.05723883196880461,0.06616384417290817,0.0747978233703562,0.07578558770751755,0.07840463126710367,0.0841787223001923,0.08659341382966043,0.08753653008294014,0.08864600267840013
2024-05-16,0.04593005861775523,0.04567208806266935,0.046692605599922256,0.04766196722565016,0.048778488186186485,0.049859375499046114,0.05178952742212899,0.05344394335620003,0.05534172592480452,0.05723950849340901,0.06611341884079994,0.07479441809368234,0.07583390797871868,0.07844174637972712,0.08424993953984665,0.08649955658377773,0.08753964976176844,0.08864784635158827
2024-05-15,0.046148123110734435,0.04657911765598504,0.046244688168547994,0.0474426077577118,0.048594583164560855,0.04977160151503707,0.05178797144143045,0.05345456291120457,0.05537557798791757,0.05723528407282057,0.06601470248807237,0.07479412090332416,0.07602370489304203,0.07855405813221404,0.08430853031175682,0.08677013585739943,0.0873698644533809,0.08853066265409612
2024-05-14,0.04536501773056899,0.046167671859908485,0.045806365437249724,0.04692691318074196,0.04828114407562265,0.04963537497050335,0.05177455440671847,0.0534689539601562,0.05533403966652122,0.05723967071432897,0.06617512337352624,0.0748160006703324,0.07597912655889305,0.07859312720194855,0.08433109459672665,0.08671225343079506,0.0873827015124505,0.08854089059251764
2024-05-13,0.044373523983256016,0.04552094218169245,0.04580681994212492,0.04692726507012561,0.04828420874928435,0.04964115242844309,0.051586877115376246,0.053469154258170275,0.05535875188668884,0.0572483495152074,0.06637197806089827,0.07481618745956961,0.07583761511671472,0.07827108580707796,0.08408113823749055,0.08656738604326401,0.08729299717391623,0.08836665924374543
2024-05-10,0.04419962703250769,0.045518133069173905,0.045507978101830854,0.04670210980003875,0.04813327850638194,0.04956444721272513,0.05150632550610116,0.05340598905396902,0.055278693825206976,0.05717197776975524,0.0661046157815304,0.07474597211900853,0.07573558085962248,0.07816338610023629,0.08393938887834174,0.0865194917874364,0.08723816994960183,0.0883035261251659
2024-05-09,0.04420494546855012,0.04551532441804608,0.04543745577840422,0.04663229029441874,0.04808153166964724,0.04948452066055994,0.05140571440994813,0.05332690815933632,0.055211400735448765,0.057095893311561216,0.06598286601906464,0.07467664366770929,0.07569677023940172,0.07798526243893791,0.0839983452071683,0.08640269094784346,0.08717013717566338,0.08823414569669955
2024-05-08,0.044046276811278436,0.045354326233393846,0.04513451460569263,0.04634573265866966,0.04789758941112204,0.04948318217993207,0.05144361031264504,0.05333940894647737,0.05524780478037182,0.05709529436424837,0.06588662725835592,0.07467796015246347,0.07572655830642902,0.07781368459448004,0.08404447379288381,0.08619545332918473,0.08727556586011113,0.08843643998160222
2024-05-07,0.043957022910480564,0.04486419842273043,0.04528654919508846,0.04634608020561488,0.04791956066741025,0.049493041129205634,0.05149070608855579,0.05333960876369902,0.05519696256621331,0.057094693625304,0.06603784425182918,0.07468616573682058,0.07540548343340178,0.07751646453418823,0.08385542168003007,0.08613467529803565,0.08709672416282317,0.0882601058872878
2024-05-06,0.043957022910480564,0.04518769632771636,0.0452094990723233,0.04634642775777247,0.04791847849910101,0.04949052924042956,0.051447069016467714,0.053339808582417665,0.05521868264395833,0.05709755670549899,0.06623206928543576,0.07468635220516447,0.0756072569331129,0.07791299869396598,0.08377735535294929,0.08618282602459068,0.08708455704391513,0.08813530454250043
2024-05-04,0.0432998809679066,0.04567774444379046,0.04514257919134867,0.046267485939249085,0.04797930286815703,0.049709930972107914,0.05155644000904912,0.05334273679478572,0.05521490973544034,0.057087082676094955,0.06603399891207647,0.07468916787949337,0.0759437510746476,0.07810621372576607,0.0841104094564279,0.08640338888879463,0.08671783323183083,0.0878040569843029
2024-05-03,0.043297329224953274,0.045674916020180756,0.04514302715438631,0.046264720607883385,0.04798757362986987,0.04971042665185636,0.05154572562072879,0.05334112678593008,0.05520404084885141,0.05708742649488177,0.06603506244188273,0.07469092765148148,0.07594482415956434,0.07810545478257767,0.08411197626256874,0.08640448919452938,0.08671864532471223,0.08780430175620987
2024-05-02,0.04330243311156476,0.04559370780146428,0.04506282616538619,0.04618545281425457,0.04791319324211134,0.04964093366996811,0.05149127220628697,0.053341610742605836,0.05521649804672329,0.05709138535084073,0.06598776615086624,0.07469074736828248,0.07604892540080954,0.07813760866682432,0.084112706838965,0.0863917491850465,0.08670884482824046,0.08779713528309943
2024-04-26,0.04363233268297296,0.04579249508022072,0.044969233481584804,0.04619683894537153,0.04797189531428802,0.04970877842795899,0.05155416075805709,0.05341982201485957,0.05528351603770248,0.057167917771910305,0.06606191804836271,0.07476257049271834,0.07616432141660642,0.07826099290833469,0.08418875307769542,0.08642289340543757,0.0866830334000167,0.08778883569596378
2024-04-25,0.043463702693339816,0.04579818144810282,0.04459864614877025,0.04597711238684824,0.04777785642432149,0.0496379656498433,0.05148160962014666,0.05334551341429951,0.05520690178698496,0.05708897225270025,0.0658934026537618,0.07469783305482335,0.07611768335663123,0.07829678854580877,0.08410782103545639,0.08649077688424825,0.08655080432488692,0.08767474211116136
2024-04-24,0.043880305118866404,0.04540612750202738,0.04432626493114317,0.04553716278451602,0.04746991928375336,0.049423914865399904,0.05136309979751145,0.053178506967998855,0.055105207218947586,0.05709542506058693,0.06590365533164083,0.07471188560269473,0.0764672617599842,0.07838596331689084,0.0843197385755773,0.08666193096665875,0.08636485701055432,0.08754668005289237
2024-04-23,0.04256091604120129,0.045013996687556686,0.04402607375616606,0.04531728286131501,0.04728395778145921,0.04927224451391269,0.05124998596775868,0.053184733042173235,0.05513566537316928,0.05710803652098947,0.06620742351137948,0.07472599856621269,0.07647142536561195,0.0785319063559597,0.084421231525241,0.08679595247737175,0.0865986652625758,0.08776312457561722
2024-04-22,0.042560916041200846,0.044817902445364495,0.04402651228034774,0.045173972893963146,0.047212853773930294,0.04927413993829269,0.05121340899888208,0.053110520036415185,0.055064317905132845,0.05703958608010015,0.06592161293982274,0.07461055225911657,0.07663474349768166,0.07856056124024138,0.0844089618012446,0.08667802425058128,0.08638785891170456,0.08757708770685145
2024-04-19,0.041896097419869424,0.04491048175106655,0.04365622212081282,0.04487214455594449,0.04726119439987914,0.04965024424381379,0.051384057319006374,0.053117870394198956,0.05507273695794558,0.0570276035216922,0.06592095264041764,0.07462096808264906,0.07664337824722091,0.07873722293548653,0.08429286305013657,0.0866846867791312,0.0863927988726828,0.08758029556585113
2024-04-17,0.04189609741985335,0.045504148193695006,0.04420328464883734,0.044505003417385086,0.047062409941199285,0.04964791983340704,0.05144628018055132,0.05312985156936723,0.055042612289407024,0.05701843105516241,0.06581979469798384,0.07462115834080528,0.07663736872027055,0.07866082985053845,0.08458531113826773,0.08641516682324968,0.08632617520328026,0.0879235358921277
2024-04-16,0.04156860904523221,0.045112036599198824,0.04388364164775784,0.04340254907496514,0.046288033123470795,0.049205225787894095,0.050976523104813425,0.05270931395832147,0.05467014308523449,0.05665251978497073,0.06576241609395937,0.07429082965982108,0.07617467605910454,0.07842324207354187,0.08428087153069212,0.08678491517115944,0.08573341438181008,0.08740210285669867
2024-04-15,0.04073488192760557,0.04315032466070746,0.042593252148028705,0.04288462068085625,0.04588634412528279,0.0489210535416261,0.05072921159931647,0.05249806187314401,0.054500629334150376,0.056525203030991976,0.06539358489246862,0.07406917584391316,0.07626191551537997,0.07822137373467412,0.08414676033309512,0.08613738276489666,0.08630123478544445,0.08783195916298352
2024-04-12,0.04048671548090943,0.04059274700793263,0.04226151094826372,0.04221770529339382,0.04554023486906367,0.04886276444473351,0.05068858464521275,0.052514404845692,0.05452961115240154,0.05654481745911108,0.0654130349623829,0.07408846512862706,0.07608235066878218,0.07800386693449488,0.08381691679340886,0.0861040658612345,0.08649972051605395,0.08794076615477503
2024-04-11,0.03530149920047162,0.03848353261902341,0.039994610950753455,0.04158905959624458,0.04512178382208632,0.048770971483944825,0.050610903891433384,0.052450836298921936,0.05442577087284989,0.05640070544677783,0.06517627578106484,0.07395184611535184,0.07538192432411213,0.07743878664697727,0.08345610486028956,0.08561614196168073,0.08672895897607547,0.08805692404628848
2024-04-10,0.03501323552821258,0.038237610078260556,0.03967898364998125,0.04158937153602574,0.04516442192606912,0.04877875858413496,0.050637394791481466,0.05245562586388565,0.05439441060506431,0.05639711132672139,0.06517137606372458,0.07394564080072777,0.07514920785503085,0.07734097755843893,0.08326206494032677,0.08571568805617123,0.08689215889089819,0.08831332530402562
2024-04-09,0.03501323552821258,0.03749966097023295,0.03934844785297559,0.04144548346365964,0.045095267834048915,0.048785159724991915,0.050642629506959025,0.05245971951105728,0.054422185669105984,0.05640621738933104,0.06547127271552755,0.0739577074889881,0.07506643356563221,0.07725076965925175,0.08280050136639777,0.085495393146492,0.08620719985404739,0.08810154863030979
2024-04-08,0.034585772050533856,0.037381563840845865,0.03902756011651219,0.04136887859251612,0.0450573673423591,0.048786388935606946,0.05064438760408439,0.05246199499716016,0.05442375799316825,0.05640707882429732,0.06527994167590116,0.07395991620464407,0.07578578930547412,0.07752921622654455,0.08332452461227974,0.08551314514197464,0.0859666168158302,0.08819052579094967
2024-04-05,0.034734892377115356,0.03737777004802784,0.03902628410174334,0.04129491792474264,0.045019195906558285,0.04878485475483855,0.050776681633320817,0.05276850851180309,0.05458899262235387,0.05640947673290465,0.0652760175310981,0.07394980744237431,0.07589997740844044,0.07786914008250242,0.08406568064022182,0.08594944036525069,0.08631875869684795,0.08803031528668787
2024-04-04,0.035013235528211895,0.038483532618998645,0.039345449180257744,0.04137011980161272,0.045011374095097076,0.048772669738916086,0.05076749492306729,0.0527623201072185,0.054582144954993604,0.056401969802768716,0.065172637020718,0.0739433042386673,0.0765928717487396,0.07942313227904427,0.08412409637562694,0.08625421535481273,0.0857499823451026,0.08777442688344196
2024-04-03,0.034585772050534896,0.0389752870022752,0.03837693777053142,0.04130312147628082,0.04501830271768573,0.04877431012657862,0.050837517158643264,0.05276903012483144,0.05455211235532305,0.05639397751649021,0.06516633583670645,0.0739386941569227,0.07663004111007232,0.07945814547114768,0.08390468736434546,0.08566845741567701,0.08577396874091602,0.08800427527195329
2024-04-02,0.03345227684985963,0.037912946015675145,0.04065506392341106,0.03978296376803002,0.044331080275714765,0.04892917608568176,0.051032105443012114,0.05295794601235675,0.05470920183750989,0.05647970223217019,0.06559786747483204,0.07413402217008995,0.07710246255763395,0.08002305193515785,0.08477888551006343,0.08631153979675173,0.08651560449749876,0.08913291571061314
2024-04-01,0.03009963678073099,0.0359441565994216,0.03707910577236942,0.04111140290858639,0.045157083279631596,0.04924722167673225,0.05138742196951156,0.05330468473179302,0.055072658524870186,0.05686006060138777,0.06576746415615892,0.07448122850321764,0.07581667310844925,0.079851215259435,0.08483362113114254,0.08661232320847208,0.08866419135397903,0.09020763946573704
2024-03-29,0.028613073116991544,0.032570146679115765,0.0361040252493265,0.040818786599154354,0.04504817791008506,0.04927756922101576,0.051256407415596054,0.05323524561017635,0.05504874910024114,0.05688218120008687,0.06569712595343284,0.07441520318201678,0.07570645170162187,0.08008842474357697,0.084783426589595,0.08672562454089354,0.08898598609223632,0.09048873770614829
2024-03-28,0.02669342338505942,0.031828856665909726,0.03512618775234447,0.040708593907410634,0.044985629675804654,0.04912616430265418,0.0511207955869904,0.05311542687132661,0.05496994400590312,0.05682446114047963,0.06562168994501472,0.0744189187495498,0.07549062329991768,0.07958411089469758,0.08460656649966976,0.0863766805081185,0.08885615980455888,0.09122916733242319
2024-03-27,0.026275067090590125,0.031091356746798554,0.03480720653074655,0.0403816953955022,0.044674562445986034,0.04906075269321952,0.051169108469572136,0.0532079580115395,0.05512454598888557,0.05697996626482697,0.06566239577960739,0.0743448252943878,0.07549181391165583,0.07951204894152401,0.08509835343142581,0.08690227352644421,0.08931967479198494,0.09175293426865257
2024-03-26,0.026125643465668376,0.03084454440208831,0.03480720653074714,0.04030499305855882,0.044648011231149004,0.04899102940373919,0.05107280880239458,0.05313171150436144,0.05499488955544054,0.05689857147719527,0.06573334071369852,0.07427685382152581,0.0758039619836366,0.08004060395399595,0.08531925789043543,0.08727958128256938,0.08985048840877831,0.09292783335440252
2024-03-25,0.025986176351968277,0.030726063597887664,0.03415255265056562,0.0400453570228735,0.04447989415932714,0.04891443129578079,0.051003838997675154,0.05307028617537288,0.05495368277993925,0.05683707938450563,0.06552753518266503,0.07412249146655896,0.07550953716241064,0.07957509589748805,0.08512684963892138,0.08694940419673378,0.08986744267119892,0.09247394322376051
2024-03-22,0.02565561848060801,0.030596429044125552,0.0341509728522597,0.03996444977240459,0.04440652395652184,0.048848598140639084,0.05092210913121801,0.052995620121796934,0.054868111071620915,0.056761178845069336,0.06545927877468857,0.0740617951885977,0.07563195599538106,0.0796267331184267,0.08552235497517663,0.08748800630839149,0.09036725001180637,0.09296299871173228
2024-03-21,0.025318658895236684,0.030595156800182415,0.03414939324839701,0.039670961753286035,0.04425400020685877,0.048690771475743015,0.05077068715100605,0.05285060282626908,0.05473487374054582,0.05661914465482257,0.06526270122193054,0.0739062577890385,0.07547545849663051,0.07943671343536565,0.08520340876116295,0.0871313238460701,0.09027736092160035,0.09259386803191619
2024-03-20,0.024660994858890516,0.030548329158274146,0.03524671873490607,0.039603829116778407,0.044096881465162156,0.04868760886459773,0.0508424389746481,0.05292623072942209,0.054802227475544855,0.05661835198508924,0.06525815244697296,0.07389795290885667,0.07547780683466254,0.07950928992587862,0.08525986806390383,0.08715204676663131,0.09010200034058083,0.09217359084366643
2024-03-19,0.02378394032077631,0.030350827819851038,0.03509046435708396,0.04019158452333762,0.04459425471711728,0.048996924910896945,0.05107803271270436,0.0531362711980084,0.05505851615634944,0.05702254904856746,0.06571262023788582,0.07411620556382009,0.07587337946043361,0.07972721291524078,0.08570187041207826,0.08765024417478402,0.09075820772832091,0.09281345820784874
2024-03-18,0.024063024102564067,0.030153306869516058,0.035090464357084114,0.04012448976783492,0.04460059436781388,0.04907669896779283,0.05111872821165367,0.053138317573713845,0.055062182691153136,0.05698604780859242,0.06564091255953254,0.07420066890661617,0.07622107226609146,0.07983367206116358,0.08615014854868183,0.08799759732004332,0.09115154175206926,0.09320215108903569
2024-03-15,0.024061445378727415,0.030349575832106214,0.03508879698996721,0.040264956635017356,0.0446706545468088,0.04907635245860023,0.05110606647233069,0.05313578048606114,0.05505026896646331,0.05698579578181495,0.06564137379594805,0.07420183556816759,0.07604094317253575,0.07995881838765287,0.08623536662770809,0.08798852296618147,0.09130281858149794,0.09333656906775037
2024-03-14,0.0236244550833273,0.030545792713469685,0.03516524451658482,0.040491515779687036,0.04488628685522811,0.04914079927942213,0.051211063555566,0.05328132783170987,0.05517292133421908,0.057064514836728295,0.06570579001994545,0.07434706520316259,0.07616309152813493,0.08007308220305977,0.08622433283584026,0.0881037905953644,0.09168773677457472,0.09382551207561315
2024-03-13,0.023624455083328184,0.03035082781985069,0.03509046435708404,0.04049181955111208,0.04476868857605801,0.04913853301458972,0.051247224775015005,0.05328639922465704,0.055205972972190244,0.057064283727780905,0.0657024012255003,0.07434051872321971,0.07622043840493961,0.08008096243579106,0.08643570839359539,0.08805234209182818,0.0916254760609215,0.09378228083107273
2024-03-12,0.023435058059261094,0.029758206117722955,0.03509046435708404,0.040347733711065384,0.04474869234231852,0.04914965097357166,0.051231548313415046,0.0532905676605129,0.0551560591949623,0.05706210489320407,0.06585230621520469,0.07435272068043605,0.07595454012699515,0.08009511330950532,0.08619972030406227,0.08820896750382587,0.09178693180147662,0.09391816319583098
2024-03-11,0.021710133363853898,0.029856988663155806,0.03524671873490739,0.04045392495513051,0.04493286732222397,0.04941180968931743,0.051395099771731324,0.05335659545763518,0.055361746787389456,0.057366898117143725,0.06629781341735373,0.0751305867911878,0.07667192001344666,0.08068069601867821,0.08718684612691678,0.08940137020610349,0.09334669334530105,0.09597488464650099
2024-03-08,0.021858419821800014,0.029924916243846092,0.035469598675901215,0.041267609492891454,0.04545207120326282,0.04963653291363418,0.05160401052262055,0.05357148813160691,0.05552969717142098,0.05750942499189235,0.06643711706603186,0.07526670263386213,0.07683678977633088,0.08106634413338384,0.08786524849236384,0.09000912491781461,0.09310993451608568,0.09644302863851471
2024-03-07,0.02287678279334112,0.030022457244554872,0.035838792038338646,0.04149420944343114,0.045975833169805275,0.05031442635172067,0.052010551439696975,0.053706676527673275,0.05559683330539284,0.0574869900831124,0.06636667772619258,0.07524636536927276,0.07662746527201283,0.08089038528572898,0.08715344034334063,0.08924672558843186,0.09378315088313563,0.09695973321702611
2024-03-06,0.02150069852880235,0.0303508278198446,0.035920355675816334,0.04153298445366964,0.04587303327248156,0.05030743097865895,0.052077509064681615,0.05378923292808814,0.055666363967946435,0.05748358657036244,0.06635926386177868,0.0752349411531949,0.07648828729949259,0.08058896663226585,0.08673575001920379,0.0892263218101799,0.09451473516062192,0.09785341051469978
2024-03-05,0.021999334773006786,0.030350827819851448,0.0360667533824007,0.04167752286936936,0.04606861335073779,0.05045970383210622,0.052205766584198746,0.053932641833521026,0.05575763606551707,0.057622304085165194,0.06665329528228699,0.07538656149488827,0.07661988043903092,0.0805579283401341,0.08669871311259236,0.08920140918627602,0.09484849236743058,0.09823600489693532
2024-03-04,0.02199933477300723,0.030350827819851448,0.03614482557520392,0.04175474861771182,0.04614625483888492,0.050537761060058015,0.05228307672068842,0.05400921308834487,0.05585683521877458,0.05770445734920429,0.0666328049212551,0.07546303878372294,0.07662888743330357,0.08067793194833008,0.08669371869532151,0.08922428007367138,0.0948470085400388,0.0982354621681344
2024-03-01,0.022626131309943898,0.030514908106417125,0.036221116972535224,0.04182735713516711,0.04613292183620662,0.050533114332873365,0.05225163782459272,0.054008779821743964,0.05586581590317687,0.05778407295432735,0.06657572079333049,0.07546615119232246,0.07670827432687052,0.08070145498891332,0.08667240122959317,0.08931701011146329,0.094701886262666,0.0982666562738733
2024-02-29,0.022000654768884603,0.030521237307614576,0.03696615678800599,0.04249601048705279,0.04661569120826824,0.050826920389955135,0.05258081876507158,0.05427874166013111,0.0560809340143874,0.05806744149578354,0.06675857166636716,0.07574599036549343,0.07684900164911532,0.0810517489344119,0.08724668831639361,0.08972175286653267,0.09486728059236199,0.09848317378289885
2024-02-28,0.022997862048589692,0.030521237307614576,0.03674180279066574,0.042339921723239686,0.04647974688540739,0.05075911671596276,0.05246790297065417,0.05421383675262148,0.056055326616133674,0.058002649230422434,0.06698123188705993,0.07567326403337919,0.07701277066276664,0.08106740810004667,0.08703387015126497,0.08957821932765492,0.09493552576922873,0.09900288494176651
2024-02-27,0.022608980295836148,0.03074838071880734,0.03696615678800639,0.04249394550019138,0.04659065921612312,0.05082546440562558,0.052554410670842655,0.054283356936059735,0.056149662221916835,0.05807887667471294,0.06681531594696567,0.07574167781209346,0.07701588175440613,0.08096556580430672,0.08705852448454666,0.0897630802528902,0.09459744703876347,0.09902295043474295
2024-02-26,0.022388911150435144,0.03114335163953326,0.036819843237708566,0.042561503331220094,0.04666168413702596,0.05090007328460057,0.05263011303909308,0.05436015279358559,0.056220600138203576,0.05814375919106712,0.06698013181326465,0.07581650443546219,0.07717926664653599,0.08188718607448583,0.0874675135832875,0.09018356175056438,0.09438575632890596,0.09948956078455681
2024-02-23,0.022499288974999032,0.031143351639533707,0.036962457887121866,0.042713405395632405,0.04673961119758473,0.05104033103148834,0.05277779356407255,0.054515256096656764,0.056407508479659835,0.05829976086266291,0.06708727335779956,0.07597135192431133,0.07731038306419498,0.08185120461997687,0.08732153373504199,0.09003691425720659,0.09465984725597158,0.09854652577589755
2024-02-22,0.02249928897499858,0.031143351639533707,0.03674180279066662,0.04249012672795822,0.04657813771220551,0.05090109185646702,0.052620727359818036,0.05428548087901955,0.05613793389414009,0.05807458931903883,0.06701120779499127,0.07575564092737483,0.0770951418388077,0.08141951475872321,0.08714087939503486,0.08949589330959079,0.09484463788279553,0.09893140393201057
2024-02-21,0.02238959469534696,0.031143351639533707,0.036224669636231076,0.04197697424116613,0.04610704469443395,0.05037633100567709,0.05205698033932452,0.05377416552805125,0.05561154572672769,0.05755452248854646,0.06653756037431989,0.07523390556161119,0.07670637216084325,0.0808629972126205,0.0867646735423322,0.0892548441287863,0.09469260633056853,0.0986534459675326
2024-02-20,0.01718069776275995,0.03074838071885122,0.03584400978865878,0.04175620082129663,0.045963144613718206,0.05031189550026635,0.051978554053981406,0.053699560169230644,0.055525874766357466,0.05747960666095825,0.0662240390503707,0.07515856779607476,0.07655280409897458,0.08081595007567424,0.08663121836569469,0.0890232765622584,0.09471874954632326,0.09881367964396633
2024-02-19,0.016730960490861754,0.030945875876017406,0.03584400978858819,0.04175651327647035,0.045924342526206315,0.05023266040233787,0.05190892422139072,0.05365806907605456,0.055422215636718224,0.0573316448553189,0.06617360121416176,0.07501555757300464,0.07638488515092723,0.08061583830832295,0.08651278088143718,0.08901878901218081,0.09449555557932525,0.09843167622368723
2024-02-16,0.01673134238402433,0.03134080801316299,0.03565507783951106,0.041754828340839954,0.04577456497276003,0.05006837455685647,0.05172358503752255,0.05350611940131679,0.05526797936911057,0.05717666100088717,0.06597199254703145,0.07486397608818833,0.07624489311787758,0.0804023002139924,0.08633046841680325,0.08875250449041974,0.09440558535222404,0.09831604090653655
2024-02-15,0.017010947117769588,0.030847130721860957,0.03565852081425438,0.04179096446519776,0.04593262353263943,0.050312308983267405,0.05200484057059714,0.05376939477866432,0.055378339533130205,0.057245509988930125,0.06613124685994166,0.07501698373095318,0.07654713334290807,0.0808414269687183,0.08674202717990125,0.08891167195779438,0.09477686343014666,0.09886002104285324
2024-02-07,0.016951033436031975,0.0319330608327561,0.03573662457448173,0.04179872036164589,0.04605309574809873,0.05045087704645448,0.05224415925567035,0.05407642586073875,0.05579840359065996,0.05761934555793297,0.06652350115708855,0.07514348157754766,0.07680475404029556,0.08118356504076277,0.08683292921587243,0.08911753838855854,0.09522998843200446,0.1008581905570638
2024-02-06,0.017729842456425313,0.03153824500071331,0.03580496161866659,0.04186633031099017,0.046160965049104476,0.05060036275591927,0.05241855894869276,0.05423675514146625,0.05597722914276132,0.057776370807021395,0.06644003507773004,0.07529203987606276,0.07697202294007208,0.0813262172767063,0.08723501428696596,0.0893004599057244,0.09528742006362903,0.1009522814925812
2024-02-05,0.016730960491125185,0.03173566260600302,0.03565852081426864,0.04186664362309721,0.046160413390821345,0.05059891697094068,0.052417937541440356,0.05423695811194002,0.056050456989236365,0.05792508504217191,0.06661282966353982,0.07530057428490772,0.07692968458668335,0.08145292578857258,0.08718051530404138,0.0892741059968049,0.09509991318500643,0.10109995117365207
2024-02-02,0.016511639463138654,0.031093984516605028,0.03549888658441897,0.042018727808482426,0.046571290724019,0.05112385363955557,0.052866073623032916,0.05460829360651027,0.0564148432113609,0.05822139281621154,0.06687806276631306,0.07562986095762447,0.07731899402329133,0.08170889367755838,0.08729920602072033,0.08977212835728511,0.09545790476356056,0.10149200636460372
2024-02-01,0.015951994916396713,0.03171592171755749,0.03520933554660662,0.041939492951968776,0.04653512396804625,0.050979250664912386,0.052824179028149267,0.05461022669894242,0.05639353021456595,0.05817683373018948,0.06684934615037007,0.07552185857055066,0.07689003659248715,0.0815588668317399,0.0871315051370854,0.089466908880203,0.09552477453668043,0.10151956856623365
2024-01-31,0.016291200472620546,0.03134080801316321,0.03268718882893057,0.042158152080566696,0.04666960857861543,0.05098275929653015,0.052774960384712806,0.054606122366116824,0.05644546337730423,0.05822416677273821,0.06701096792234454,0.07551733924802725,0.076884078464939,0.08142513698993138,0.08704950492135959,0.0893035886648036,0.09566826428166002,0.10109902485419694
2024-01-30,0.015292114201639123,0.031014994599084203,0.0320314330669006,0.041934809241732325,0.0465081862694992,0.05083027884519097,0.0526519986347197,0.054473718424248425,0.056347712185218404,0.05808215321930763,0.0666296257042793,0.07536291280848945,0.0768360172830684,0.08121863823797204,0.08706098948584902,0.08928279598101233,0.09538034723563021,0.1025952139615337
2024-01-29,0.015401662630005088,0.031014994599085764,0.03236424487912138,0.04252796341799014,0.04672084659060034,0.051209697987159505,0.05298714525624658,0.054764592525333645,0.05650182774407674,0.05825836557636144,0.06696019356467052,0.07566202155297959,0.07712693996643082,0.08170303628460665,0.08715057535014077,0.08950079939228224,0.09554706222972709,0.10163869845973673
2024-01-26,0.015512511872898097,0.03166656864864002,0.03236140631469349,0.042703096065090665,0.04661090270195685,0.051042927302305086,0.05260187130531245,0.054160815308319815,0.055764724400478895,0.057333765903678,0.06587649083906762,0.07451309187264835,0.07599611128973183,0.08047908589866407,0.08606132233472093,0.08807613012304134,0.0945076012080314,0.09943563278618657
2024-01-25,0.015622387135961908,0.0316665686486398,0.03236424487911926,0.04270066783694382,0.046632391422106054,0.051049512980745115,0.052630360239669806,0.05416075492650116,0.05576175869574521,0.057327958035223094,0.06592218581493499,0.07451641359464689,0.07570799474722109,0.08025479915525567,0.08567859132138152,0.08765996606280245,0.09490469936613136,0.09951177388100921
2024-01-24,0.016401416544381296,0.0316665686486398,0.03236424487911926,0.042985062971364715,0.04699513749806061,0.051049768408386466,0.05257071024062802,0.05412471602574439,0.055701927692539885,0.05733290793888523,0.06604621355206952,0.07448143494355645,0.07528587029676727,0.07988412197964072,0.08529375461495586,0.08756177015283109,0.09514342172134375,0.0999441142844344
2024-01-23,0.016840802472972895,0.032002145634726704,0.032687188828954244,0.04328305968432741,0.047462598051823124,0.051688575734513235,0.05318946235936345,0.054690348984213655,0.056413699435286124,0.058156198224703845,0.06640302062348395,0.07482912177006362,0.07620174052940044,0.08033975589734967,0.08565641782464123,0.08800858641392942,0.09529121110261266,0.10016079217568695
2024-01-22,0.01662111550883508,0.032002145634726704,0.033176349122624765,0.04372493496356686,0.04786848750675006,0.0520580795226353,0.05359360193460492,0.055129124346574535,0.05662780245761369,0.05814313254766438,0.06659090823043157,0.07503868391319875,0.07626975150619962,0.08074725803973984,0.08601820396724509,0.08814021919769266,0.09566490161791602,0.09813048770193006
2024-01-19,0.01651126752672985,0.032002145634726704,0.03349605656284266,0.04372303200119449,0.04788765197586201,0.05205227195052953,0.05359265659678845,0.05513304124304736,0.05663888277251217,0.05814472430197698,0.06654736372631899,0.07504233984763178,0.07661587063963433,0.08096459494987067,0.08591670850955804,0.08806263903019777,0.0953946326917733,0.1002963591313281
2024-01-18,0.01673057862093403,0.032002145634726704,0.03383154319993051,0.04372047482666164,0.04781992121134045,0.05205912145004241,0.05364120925001196,0.05517280488615269,0.05665587025056724,0.058138935614981783,0.06659156213943593,0.07504418866389005,0.07653100022320468,0.08071434785391875,0.08585104118987001,0.08795788063895366,0.0951628217393959,0.1004738951189387
2024-01-17,0.01739995151319968,0.03331430614277586,0.03383154319993036,0.04405282225452881,0.0482503719636313,0.05249456111394605,0.054052891153721444,0.055645097933491955,0.05701382072711905,0.058429204525074344,0.06689128836911373,0.07508330570749232,0.07667698969074549,0.08087726634584286,0.08579521385896179,0.0880191336466759,0.09667829756894297,0.10061414414664499
2024-01-16,0.01861782855652888,0.03462561103076632,0.03415413264334705,0.04449438425689306,0.04865496024125732,0.052861764847670065,0.054436025270461,0.05601028569325194,0.05747011756507729,0.05894616979103404,0.06718430032190119,0.07560152064691764,0.07676713366061723,0.08082399633764067,0.08579687615414903,0.08814494496017822,0.09700996771608816,0.10043899383832951
2024-01-15,0.02161104072768466,0.03462561103076721,0.03869144744658723,0.04449471728872055,0.04870835857378725,0.05296881809535468,0.05456807945374391,0.05616734081213313,0.05768109947298002,0.059211677674503,0.06752500517571111,0.07583833267691925,0.07730314377760214,0.08119965125327964,0.08598810681933095,0.08824177571042653,0.09581873473526448,0.10161979855526944
2024-01-12,0.02259831210070631,0.03520704403263428,0.03884321315197887,0.044646140883866356,0.04884070449441819,0.05303526810497003,0.0546346700058338,0.056234071906697575,0.05775538897312924,0.05927670603956091,0.06754540412502372,0.07590496702461252,0.07560940105110288,0.0787749457915893,0.08339149467574271,0.08565577008392701,0.0931037089629798,0.09869535637556923
2024-01-11,0.022797731441754555,0.03520704403263428,0.038915474249816784,0.04464346885527054,0.04877249903436998,0.05304229160593873,0.054663727745740534,0.056233415923633776,0.057752077572836784,0.059270739222039785,0.06758930931619685,0.07590787941035389,0.07512960135700561,0.07849342783291775,0.08312418547404678,0.08546658671483304,0.09345751771397451,0.09763593538832385
2024-01-10,0.022997140895601467,0.03520704403263428,0.03907129682555634,0.044649815880794544,0.04882300208414837,0.05304255702309502,0.05463754986986542,0.056232542716635824,0.057745849640898655,0.05927597108654219,0.06772247455660585,0.07589940876698664,0.07522788409036717,0.07825246339153233,0.08288907658838618,0.0850838088455055,0.09369445253119336,0.09653415516968851
2024-01-09,0.023395930145615966,0.03528586946478705,0.039373151348551905,0.044726858516387545,0.04886151438659712,0.05304211087758679,0.05463631456099699,0.05623051824440718,0.05774468038924276,0.059275666557909855,0.06749518786681144,0.07589339442155872,0.07511365612210627,0.07872571571545023,0.08275932557959945,0.0849455451261469,0.09339217392590672,0.09618799204675703
2024-01-08,0.023694996136515295,0.0357390557490392,0.03966520369570832,0.04252906818001815,0.04794284927201812,0.053416783487262524,0.05496867304371337,0.05652056260016421,0.057996339597565186,0.0594885141171595,0.0678786909010784,0.07626886768499729,0.07568596846416954,0.07881547292853608,0.08299158574409811,0.0852110847306853,0.09547623150503923,0.0951974632757692
2024-01-05,0.02489103777041658,0.035817860330911735,0.03996260352120441,0.04300757773757251,0.04826595668756465,0.0534100230516874,0.05495910131068609,0.056508179569684784,0.05799932677506938,0.05949047398045398,0.06782808960749338,0.07625732738428047,0.07553984961938635,0.07884897845338829,0.0833559420704832,0.08551311199860467,0.09499605120071951,0.09546334817436158
2024-01-04,0.025787835642174118,0.035817860330911735,0.03992799622377051,0.04698224019341285,0.050217324409218625,0.05356269558692687,0.05511518863223956,0.056618134027169933,0.058127970356170885,0.05963780668517184,0.06797195964320832,0.07630611260124477,0.0757251394455551,0.07996108112198884,0.0839820651674639,0.08624597359889366,0.09468786702447078,0.0956206966726059
2024-01-03,0.027531037064946154,0.036418643743380406,0.040677157743160185,0.04784988064828344,0.050871233214617444,0.05392615636502182,0.05543049875539163,0.05696754424120426,0.05846061676294313,0.06000458948428675,0.06846013427472274,0.07664582125269802,0.07597038755115908,0.08030909471082305,0.08451271618353151,0.08669943235063451,0.09498495568174435,0.09602667047878975
2024-01-02,0.029154025356383534,0.037107846244383944,0.04164946803722563,0.04778332493837455,0.051244649866544464,0.054744433960582935,0.05628073865995444,0.05786714025169676,0.05942099659268318,0.061046294604519546,0.06924635680505487,0.07762468122734094,0.07671140487889584,0.08100700489545634,0.08491324085936612,0.08711437891996658,0.09629211154211337,0.09724145302427678
2023-12-29,0.02936042253969367,0.03753353187219632,0.038053072227264936,0.04776042634009062,0.05141955549735232,0.05507890439573564,0.05663087882500337,0.05818285325427109,0.059848241202465,0.061513629150658916,0.06989921348398001,0.07819365016150415,0.07711700902028494,0.08155664776462472,0.08491853995481255,0.08724279886573552,0.09710052800729858,0.09796780899636805
2023-12-28,0.029359538695431675,0.037497415447933634,0.03805074065127018,0.04768054807035503,0.051217787724487346,0.05499643745002818,0.05655188564062187,0.058107333831215566,0.05977110830101278,0.061434882770809995,0.06977835451141753,0.07812182625202507,0.07704412279738777,0.08125722907679195,0.08476378516270155,0.08716528228790649,0.09710856664382575,0.09794943878182985
2023-12-27,0.029468135963149126,0.03753621532314624,0.03805426948312005,0.04776277574157152,0.05134297125083072,0.05500328226306012,0.05657457453378432,0.0580957191788471,0.05970722331635695,0.06142860273596974,0.06976947808847091,0.07811035344097209,0.07698036702877989,0.0812689945882459,0.08446279965460984,0.08699937358842465,0.09737141626873169,0.09815037259166041
2023-12-26,0.029357771166537504,0.037535653412166914,0.0380538903847898,0.04768594112284663,0.05126572134438368,0.054925718903732546,0.05647903111048467,0.05801545948890253,0.05966303189312751,0.06134721701744638,0.06982311809058163,0.0780285116826594,0.07715502357479899,0.08100052604956838,0.08439405475561834,0.08681457223674975,0.09734813342511175,0.0981139168303398
2023-12-25,0.029137929604452856,0.03753509151801086,0.038053511294012764,0.04768558418413355,0.051265485944068934,0.0549257189037308,0.05647903111048224,0.058015459488899426,0.05966303189312366,0.06134721701744176,0.06973777172151781,0.07803712474402782,0.07727387581265376,0.08089480254939113,0.08450876938624932,0.08656949640108925,0.09734378905204827,0.09821432151350726
2023-12-22,0.02890639605358509,0.037372235470394484,0.03805042834061235,0.04760499469434425,0.051221050358420894,0.054838083422893265,0.056390391401461466,0.05794269938002966,0.059608642322044346,0.06127458526405903,0.06965981286016382,0.07795389667805006,0.07685831042817484,0.08076831305008848,0.08443150110313295,0.08673674262871234,0.0970370310669955,0.09802256210567924
2023-12-21,0.028905526060325072,0.03671601350672867,0.03804810649659064,0.04703752360269472,0.05053722717956947,0.05427659181383757,0.05583423497136162,0.05739187812888567,0.05905566492279642,0.060719451716707167,0.06906328933318909,0.07740712694967099,0.0763685283517433,0.08029654381982872,0.0838234804091048,0.08621275543131804,0.09640850645003386,0.09738775079673874
2023-12-20,0.028854895958479135,0.03671546392339402,0.03805161595341621,0.047043102891044575,0.05062292728824189,0.05428363693056538,0.05585851447818062,0.05738312997640388,0.05899344630326538,0.060713556925140175,0.06905592448927714,0.07739829205341409,0.07631698167530601,0.08007285719442928,0.08372178767189244,0.08583787638646517,0.09669540732549016,0.09752350705956428
2023-12-19,0.02896349581409988,0.03671491435651688,0.03837273262336091,0.047042750779917715,0.05062269429682299,0.05428363693056535,0.05584456945547117,0.05738853532249759,0.05903539395858949,0.06071884945326121,0.06919057074414747,0.07739191795128206,0.07622395420823515,0.08006381803348717,0.08384250376015649,0.08597683047322757,0.0968214562879421,0.09764702478233352
2023-12-18,0.02929100115573911,0.036635620048897616,0.03837235038293498,0.0469658712806503,0.050545766098434704,0.05420677011667064,0.055763189838769905,0.05730269195519418,0.058973962474738024,0.06068237233916062,0.06906984672656669,0.07736615291410964,0.07608279488628579,0.08004419580378372,0.08377958132399464,0.08606011545417379,0.09730725017280492,0.0978582355039683
2023-12-15,0.0296266261285024,0.03663043084253391,0.03836923483729682,0.04720095957633432,0.05077954947552458,0.05435985933381327,0.0559124283928258,0.05746499745183833,0.0590720620624192,0.060679126673000086,0.06906173945129818,0.07735323687331042,0.076021370858021,0.08001990626509856,0.08365401163375187,0.08578306556341166,0.0976013838563226,0.09808565550644693
2023-12-14,0.02939691548116662,0.03671216676889505,0.03836688665815378,0.047274115797160246,0.05069655938524361,0.05435416839383021,0.05590860385029706,0.05746303930676392,0.059069818489037536,0.06067659767131116,0.06901580470386903,0.0773550117364269,0.07597955346262544,0.08024775507300833,0.08386015363165364,0.08610766551066917,0.09720691169061457,0.09770558208373359
2023-12-13,0.0296745832944349,0.03682971978358966,0.03918839282765191,0.047279739636542036,0.05078001092093157,0.0543601310475366,0.05593232175427584,0.057454336161863837,0.05900917803823846,0.06067003186072954,0.06900813822978412,0.07734624459883872,0.0766126651097717,0.08180174662121378,0.08426621294887283,0.08668325034811154,0.0967867169033397,0.09742405014839313
2023-12-12,0.029673690422965537,0.036829168564255735,0.039188002485581186,0.04727938577276209,0.050779778228996736,0.05436013104753661,0.055918404958432824,0.05745974110942798,0.059049855964405755,0.0606753067050497,0.06914271729401206,0.07733989137481607,0.07643397356497131,0.08240846175013654,0.08447807829538831,0.08694332675611575,0.09655727908747266,0.097118958507307
2023-12-11,0.029672797605225048,0.03682861736142158,0.03918761215128032,0.04727903191427903,0.05077954553275159,0.054360131047536606,0.055918404958432796,0.057459741109427934,0.05904985596440573,0.0606753067050497,0.06905738842607968,0.07734836056318543,0.07660636648500004,0.08237775750844532,0.08453386262614507,0.0869045243420718,0.09652378645015972,0.09708947372348613
2023-12-08,0.02977952901583175,0.0368234231194741,0.03918439744260267,0.04727498722869895,0.050815286032778136,0.05435803133724773,0.05591025422350089,0.05746247710975406,0.05907017363998707,0.06067787017022007,0.06905993918242478,0.07735089874884465,0.07624374880776451,0.0824237965999365,0.08450501786255668,0.08698205239096966,0.09654658850994927,0.09710598663393376
2023-12-07,0.029888036393218922,0.03691497704618196,0.039181966289218786,0.04735768959842427,0.05078060384738355,0.054439511469604934,0.05598891209730737,0.05753831272500981,0.05914504607185467,0.06075177941869952,0.06909102860035253,0.07743027778200554,0.07653489099354073,0.08242470006511403,0.08437261024483793,0.08699698504979936,0.0963914777051416,0.09697500106899941
2023-12-06,0.030006479298476257,0.03691442460043501,0.03918566059640788,0.04736332070600053,0.0508646403248136,0.05444659433236886,0.05605808917198579,0.057618153325231965,0.05913049424527107,0.06074594931894921,0.0690815705499403,0.0774171917809314,0.07629893418470046,0.08198332476440935,0.08448564896630795,0.08693503863119874,0.0965649839900027,0.09703201857570214
2023-12-05,0.029886238183943425,0.036913872171226325,0.03918527030875821,0.04736296623523169,0.050864407273920144,0.0544465943323687,0.05604377337800147,0.057623591781833884,0.05917022859889072,0.060751235122993255,0.06921608872725889,0.07741078742926072,0.07612035646832269,0.08224628744279348,0.08423908464625708,0.08675954038737133,0.09667383835094676,0.09718568701321549
2023-12-04,0.030114061189979727,0.0369133197585511,0.039184880028883054,0.04736261176976871,0.050864174218709826,0.054446594332368835,0.056043773378001524,0.05762359178183386,0.05917022859889065,0.06075123512299314,0.06913078887797441,0.07741926052692327,0.07611089390022771,0.08214397413095834,0.08428818040915802,0.08693230176444011,0.09658826876907116,0.09711834460304014
2023-12-01,0.02994230490167611,0.034447250544938225,0.03917760800997707,0.04743503864973864,0.05094943032366963,0.05446699039975888,0.05616030818773269,0.05778079510310547,0.05931482508441226,0.06084885506571904,0.06939861234509823,0.07749359530110617,0.07760911705828245,0.08234400245818803,0.08407564269789154,0.08670160306120214,0.09655141459674577,0.0972925828736921
2023-11-30,0.03007066609533793,0.03445130976143033,0.039185351226638535,0.04743168927343691,0.05088953286909492,0.0544685911945653,0.05618726582547688,0.05778062043121782,0.05931018599779535,0.06083975156437287,0.0694429940580151,0.07749709341376526,0.07765403538156468,0.08233846973743593,0.08408708284044403,0.08671255456787696,0.09653882484192126,0.0972827209486373
2023-11-29,0.03006885274332383,0.03445079140821501,0.03950614977807592,0.04751380522911729,0.051047689830171106,0.05454620690884488,0.05618441980053692,0.057858246015961394,0.05942084458278462,0.060931928911141145,0.06965811406044552,0.07757465316496907,0.07765545528876543,0.08194287512746459,0.0848598731458473,0.08738140630456324,0.09588426676186179,0.09748383507765308
2023-11-28,0.030067958209714935,0.03477536119572625,0.04015762432240533,0.04747521070423419,0.05106598687783573,0.054543183592233035,0.05620403114436072,0.057864878696488396,0.05945664714237021,0.06092987964015444,0.06916008934787235,0.07756921665793194,0.07780966597580102,0.08212805988298362,0.08505271885488702,0.08745559534114038,0.09582676075998761,0.09769088436377057
2023-11-27,0.030186359425242094,0.03526728817491726,0.042625578490740564,0.04688196907857762,0.05073232432847271,0.054461000248146964,0.05612777110850323,0.05779454196885949,0.05934248327749055,0.060839948239101035,0.0691319439540816,0.0774239396690622,0.07754789341533008,0.08185741236610562,0.0848500248791026,0.08758915765106469,0.09506615642566847,0.0974650276868899
2023-11-24,0.03043037002443955,0.03526569640346946,0.042619504908330545,0.046877996191993246,0.05066381884345407,0.05445385188410916,0.05612494185295048,0.0577960318217918,0.059335084326041745,0.060840679167155826,0.06908768375891011,0.07742531477474962,0.07739821869366019,0.08185174309480307,0.08472492639523459,0.08742031250061334,0.09567422940729735,0.09798171087506202
2023-11-23,0.030868567001406107,0.035265165844917255,0.042866566512105304,0.04726672696271602,0.050961583177686225,0.05453860469837396,0.05627168096922207,0.05794944629525588,0.059475316046264014,0.06100118579727215,0.06933322798519742,0.07766527017312269,0.07745267547040793,0.08177972777460839,0.08457357183576589,0.08736505377451746,0.09588039234490645,0.09815521867165712
2023-11-22,0.03086764884054173,0.03543202829381625,0.04286613806062435,0.04727230960935975,0.05095745280128168,0.054372140541858384,0.056138715708134515,0.057943694682373176,0.059503411057933435,0.061011708212321374,0.06929060539604308,0.0776594905926313,0.07755298168361119,0.08165576700260707,0.08578286247191605,0.08836623143647034,0.09558007661827927,0.0976582355268443
2023-11-21,0.030985980977965857,0.03608123204321147,0.042943360257084714,0.04747272380766967,0.05105821102249495,0.05453100875481688,0.05632030227797886,0.058109595801140834,0.059699452423414845,0.0611709154674344,0.0694025410115653,0.07781311493709037,0.07609898789126357,0.08223677784944931,0.08603751495956805,0.08862126666233337,0.09557582439457848,0.09767599068223742
2023-11-20,0.031233478504051747,0.03608068923974278,0.04298175428493399,0.047548840410144684,0.05113502384191667,0.054608599194475124,0.056397099012829785,0.05818559883118444,0.059792810478398246,0.06124775996956022,0.06957267855870933,0.07789759714785842,0.0758978317364298,0.08239876569996091,0.08602857461267378,0.0883907757921994,0.09537512225882036,0.09748535598506211
2023-11-17,0.03160639964477859,0.036079060927328974,0.043140554079128805,0.047783677015672994,0.05119030338458946,0.054601436143988526,0.05639072865657083,0.05818002116915313,0.059832096975346735,0.061248161952084115,0.06952483075635342,0.07789245196506522,0.07773474923641908,0.08156936064854692,0.0859958158479444,0.0879056056565658,0.0956061724020524,0.09767059276693202
2023-11-16,0.03235229028285922,0.03607851818918418,0.0434652118358231,0.04843927605038264,0.05169677531879414,0.054851051563066806,0.05661642557994483,0.058325457872879946,0.05998241729790121,0.06140266823363372,0.06972270165484615,0.07804273507605856,0.07794153211166067,0.08314848220911612,0.08611463171491343,0.08850602040236732,0.095456568882359,0.09747991172603397
2023-11-15,0.033096171121630845,0.038212559139738395,0.04443459085776698,0.04866475252996058,0.052036104964699,0.055160667767823274,0.056840668788183314,0.058557191569855525,0.06024019144700393,0.0616312423658715,0.07008763544380235,0.07827414363626732,0.07812689516805589,0.08371969958013765,0.08662229250502401,0.08832310285324511,0.09573107703784066,0.09810691148375582
2023-11-14,0.03470241329055002,0.03870349524578049,0.044521394562466524,0.04965683617071394,0.052573114424107496,0.05539832403111564,0.0570437038887102,0.05868908374630476,0.0604629918192665,0.06186806752062234,0.07008885340095439,0.0784883520178154,0.07787300335183671,0.0843602228107504,0.08727160335854602,0.08946211359056169,0.09570775035326136,0.09835990374402859
2023-11-13,0.03446209565832965,0.03870291305448516,0.0425807834625049,0.04981859677410838,0.0526920459111694,0.055475846648480924,0.05712399447028293,0.058772142292084925,0.06038478709450672,0.06194484565337128,0.0702573505471381,0.07856985544090489,0.07852636153846752,0.0851858749015008,0.08718886786449334,0.08937452566240897,0.09574239359889447,0.09826128580062188
2023-11-10,0.03370172835187735,0.03886824286386356,0.04289500367064864,0.04997627632856147,0.05300018867749122,0.05602873851040219,0.05752141092075951,0.05901408333111683,0.06061013532536647,0.06217149053713243,0.07044591149220168,0.0788112601500739,0.07892465938615156,0.08524631172897995,0.08754945018401104,0.08982096158152816,0.0954409564103213,0.09801555601608843
2023-11-09,0.034513297971926676,0.03919193824058126,0.045323479608199595,0.047147098677371976,0.05166116427917658,0.05603310909658517,0.057589717528829146,0.0590966469685547,0.060630233784575875,0.06216382060059706,0.0705274029675595,0.07889098533452195,0.07897273860819502,0.0853066277980053,0.08780319361176932,0.09004838953485157,0.09531539061510376,0.09785004239353218
2023-11-08,0.03512617871230865,0.03919134874629338,0.045400524119731306,0.047783486349239186,0.05206458589860065,0.05603310909658515,0.05753674558861812,0.0590730698304779,0.060647136073639404,0.06216931002307031,0.07065434969477047,0.07886859022801214,0.07806529659533756,0.08520975288536685,0.08781563619930204,0.09051100809581247,0.09537377976411665,0.09756863169924213
2023-11-07,0.035261924618010046,0.039190759269738584,0.04556473592348556,0.047783128808839545,0.05197311819309339,0.05603310909658522,0.0575559723926552,0.05907883568872517,0.06068383340932433,0.06216931002307037,0.07042594160097607,0.0788620651697058,0.07802583299916635,0.08529018842867722,0.08868735865028038,0.0910816749378511,0.09487742603316643,0.09755467995332216
2023-11-06,0.035439472213792796,0.04017247273306306,0.04572892413770802,0.048107599726134286,0.05225093679228405,0.05626584224185456,0.05774564847982734,0.05922545471780012,0.060799933209582886,0.062323070011416216,0.07071674581800334,0.07911042162459048,0.07798456609599524,0.08625360531744251,0.08916007873121475,0.09093081052487799,0.09528974172644117,0.09743135692052732
2023-11-03,0.03636651403590722,0.04041614977748913,0.04568337036896598,0.047778685212736344,0.05209586464786509,0.05642057525501132,0.057950759689708926,0.059480944124406535,0.06099480240503563,0.06247575072304235,0.07087384369746856,0.07936422340787747,0.07819679877184624,0.08740701851183268,0.08966894106978969,0.09288328999298108,0.09475951973583648,0.09707802303983032
2023-11-02,0.036724726031301926,0.04078862312428407,0.0458045654610048,0.04777531640268395,0.052129193006011064,0.05649066479831174,0.058028718247171714,0.059566771696031695,0.06106302001868892,0.06255926834134615,0.07087259234196014,0.07918591634257412,0.07802689583639329,0.08747660647652537,0.08978542380795426,0.09276798061898908,0.09440282299654149,0.0967649636827456
2023-11-01,0.03657487540997033,0.04078595478097039,0.045804107740331765,0.0477809836788155,0.05224511154481597,0.056574443365129026,0.0579765588551213,0.05947427312852214,0.06101482813054661,0.06255538313257107,0.07091706580109797,0.07927874846962485,0.0782197302157835,0.08784158543083384,0.09010062522967535,0.092340510719364,0.09497233106382327,0.09711748802535503
2023-10-31,0.03562162723562123,0.04085199264239724,0.04580365002880648,0.04778062617586993,0.052266242279800534,0.056570665754432106,0.057984767734033445,0.05948013994234751,0.06104226281890552,0.06255453071004147,0.07063780244626269,0.07927220634631721,0.07862004277322356,0.088214295993667,0.0906404939082161,0.09349680728785835,0.09446817945422549,0.09654379495030045
2023-10-30,0.034876555868962086,0.040976892209294125,0.0458806547095868,0.04778026867827407,0.05232858366858076,0.05664775166296831,0.05805877059464573,0.059568232707602975,0.06108356300647787,0.06263183526837178,0.0707615818244501,0.07935855519409611,0.07855739702837464,0.0885438499806856,0.09071943393342724,0.09346736772984472,0.0945484489115248,0.0966952281471894
2023-10-27,0.03516913316559998,0.041214081334042196,0.04587380996055666,0.04777618970236259,0.05255707991437563,0.056662425518881655,0.058115698956209376,0.059568972393537103,0.061068784497791954,0.06255229429656578,0.07082266742348295,0.07927682661988718,0.0782318854048448,0.08861850189482887,0.09086652526772805,0.09345950879385205,0.09435666933781899,0.09685855010302363
2023-10-26,0.03626095529582689,0.04139072912313667,0.045801361608388776,0.04777282786424792,0.052608133055970646,0.05666134589886041,0.05812984921474483,0.05956677181415861,0.061047376761574165,0.06254425209302726,0.07086517655359496,0.0792785557303912,0.07801855157599978,0.08848917278332613,0.09085171432992906,0.09333365838433293,0.09407590948357805,0.09659861427044938
2023-10-25,0.03635903794183471,0.041566714977185636,0.045878362464802216,0.04841842602260875,0.05294514660702538,0.05658217729827194,0.0579950833978588,0.05945456881941005,0.06094594224662477,0.06245370439281988,0.07076462776738962,0.07916789473501015,0.07810854331804512,0.08865524376578963,0.09111181656695488,0.09351321400933803,0.09450398129101073,0.09736739184660458
2023-10-24,0.03723043535218022,0.041428737359563636,0.04576171574913503,0.04841806376923339,0.05254146720138501,0.05658351431191306,0.05797516325134954,0.05938210503627433,0.06093209105330422,0.062383141792651364,0.07059788391168748,0.07908344170497754,0.07830344370337976,0.08864068311207139,0.09217485548882956,0.09443609849021813,0.09352759902248378,0.09658746149253153
2023-10-23,0.036485773957414244,0.041006186018345686,0.045596642745245906,0.04841770152126259,0.05258241414007042,0.05666507688822619,0.058055091823831256,0.05946038164883858,0.060937699528367896,0.06238290180182048,0.0706897406105568,0.07908786336224627,0.07798030598874252,0.0889172009627617,0.09242912235538442,0.0944871221715518,0.09338899909198714,0.09648179302697597
2023-10-20,0.03436861515967229,0.0397342517745796,0.04534784404179253,0.04841353408218356,0.052501012820446925,0.05659734690170708,0.057990292647241364,0.05938323839277565,0.060866291914468205,0.06231710514221092,0.07061838875687175,0.079010895268397,0.07790417409357214,0.08865552093213809,0.09252860599273782,0.0947159814304549,0.09324772805339142,0.09654462062407249
2023-10-19,0.03238491806428854,0.03875533358403268,0.04514930554427838,0.047932704137713465,0.05221908660082812,0.056514755323115444,0.05791619394038203,0.05931763255764861,0.06077666184604303,0.06223569113443745,0.07058679218557098,0.07893789323670451,0.0779875179727133,0.08821093767197459,0.09176280193175974,0.0940483987109087,0.09299216352366697,0.09688024708164578
2023-10-18,0.031272339268207175,0.03861542626034148,0.044993859427928724,0.047623103877098505,0.0522156693632817,0.0565244855006288,0.0579007573907983,0.05932240088174262,0.060776428120879605,0.06223045536001659,0.07058600474114737,0.07894155412227817,0.07828652411520531,0.086911834321705,0.090539886490896,0.09288625471411913,0.09221333056701414,0.09546209830758925
2023-10-17,0.031023246270622154,0.03861663973837288,0.044867464437389946,0.04698233318368475,0.051760918898566204,0.056446197308144576,0.057845334478765484,0.059259846783129476,0.060798210081457624,0.062238379977764824,0.07046268051914605,0.07895811184760577,0.07808929879165341,0.08695530596376987,0.0904082211089125,0.09255658926170139,0.0924405308090913,0.09563360521209595
2023-10-16,0.03077415255889169,0.03833114301708308,0.04462478239955722,0.04698198169578458,0.051722941159329794,0.05637146637823676,0.05776881036699554,0.059181509784202224,0.060688885400492075,0.06216349198164518,0.07048048647452843,0.0788888765112895,0.07808875620061458,0.0868342161489409,0.09027798163810238,0.09215038047930302,0.09240302851260447,0.09574290251653045
2023-10-13,0.03077037948163148,0.038188397549047085,0.044618319394168965,0.0469780337332342,0.05166875517114194,0.05637062919560863,0.057776512475236484,0.059182395754864336,0.06069139898806122,0.06216759780314512,0.07048295537306709,0.07888969049870247,0.07821755526918127,0.08671871108218372,0.09024515327574531,0.09226870305026197,0.09237110065677033,0.09571893399537959
2023-10-12,0.030522337618546395,0.038191296805691416,0.04478771618325358,0.04649673770385707,0.05142512422466902,0.056365228400855935,0.05784355207691224,0.059321875752968545,0.06074399248065741,0.062166109208346275,0.07064002991898358,0.07911395062962086,0.07861215656054815,0.08694033206626928,0.09032230681114906,0.09231032062342195,0.0927139177354077,0.09629546335241969
2023-10-11,0.03076958150658379,0.03903553528264553,0.0448647748639315,0.04745816292973866,0.05205288384168662,0.05636460143192086,0.05780271730608985,0.05928824359369298,0.060760688955854854,0.062233134318016727,0.07069890989912761,0.07916468548023849,0.07862620630424841,0.08720272095869691,0.09044499996931926,0.09226993795463108,0.09218186770985223,0.09566098538279971
2023-10-10,0.03212821702465092,0.039594678321137666,0.04534863326150571,0.0484129927908566,0.052463958920249035,0.056436653085070454,0.05788186924333619,0.0593429668978466,0.06080335474109203,0.062231995022527783,0.07054241129479809,0.07912679733428611,0.07821415327948122,0.08724444550217857,0.090832300484653,0.09209789099281268,0.09206242894876006,0.09556165336679238
2023-10-09,0.03254395321915726,0.04034013353387702,0.04571613206349926,0.049052089346612794,0.052815788272118754,0.0565068756427918,0.05794629135603527,0.05940152482436932,0.06087367878152111,0.062313829391778305,0.07071365835092928,0.07920579312281821,0.07957826206531875,0.08724578822422664,0.09087519985434638,0.09228157045922984,0.09201752757150633,0.09556272542739896
2023-10-06,0.03336310512647557,0.040579758180852354,0.04586425547605209,0.048169804371140684,0.052306029008983686,0.05649853219999662,0.05795591106279434,0.059429483024067586,0.0608891535072885,0.06231709202348287,0.07072807333578153,0.07923148301414942,0.07838042423571061,0.08756753560043405,0.0910821328511607,0.09257898757611391,0.09240607901320917,0.0955952306984877
2023-10-05,0.03369058248864754,0.040583055667653294,0.04595631382056416,0.04840505086819605,0.0525035068407498,0.056657727476145045,0.05815292284754796,0.05966473150085534,0.061026620177493024,0.062388508854130706,0.07088313224818496,0.07937775564223924,0.07892417097325007,0.0879027372826508,0.09152038393208085,0.09274173245234688,0.09274559677379676,0.09594737258380491
2023-10-04,0.03336232932021052,0.040091756672652634,0.045626715543691305,0.048410819839555766,0.05267321096408286,0.05667388394495911,0.05814272787972946,0.059659995240920805,0.061021649033577235,0.062383302826233666,0.07087801104351736,0.07937271926080107,0.07881074716751885,0.08772107121377389,0.09130852729176765,0.09285679403673724,0.09263292189018615,0.09583836246898096
2023-10-03,0.03220089642384757,0.03978687207663807,0.04489993755585805,0.048295889704185586,0.05232147253470415,0.05627009675116777,0.05776096454143062,0.059268215494223835,0.060801571187632936,0.06223705311337763,0.07059430047989508,0.07922706149585816,0.07883246649779266,0.08683143733401626,0.09066211790369695,0.0925115187174234,0.09216173022262206,0.0952048676428305
2023-10-02,0.031872584269457827,0.038922260193715814,0.044899489009500713,0.0482955284270425,0.05224721406479674,0.05612346923610266,0.05764345805102168,0.059180150039731025,0.06069859999597215,0.062089180482214026,0.07057204422993547,0.07914812626059893,0.07906908755146012,0.0856703437066207,0.08930177479416859,0.09119971314476173,0.09303183946036689,0.09568309787212535
2023-09-29,0.030712118069221975,0.038558862465479384,0.04440869605375805,0.04745096373221775,0.051696778107173484,0.05595396919383691,0.05741900554619801,0.05888404189855911,0.06032143138426951,0.0617588208699799,0.07021722499348447,0.0787685786128517,0.07879632037025988,0.08506642643460201,0.08882080113353556,0.09088289613678463,0.09255822340452052,0.09505522084407744
2023-09-28,0.030384621858316113,0.03708434475662596,0.04409347748544817,0.04709414130054016,0.05156395071309579,0.055897976964511306,0.05737996836227491,0.05881466216223754,0.06024978677894204,0.06168491139564655,0.0701885302935258,0.07869214919140503,0.0781803415554013,0.08482723763149129,0.0885492483669475,0.0903583847326725,0.09249378829968337,0.09507585752100137
2023-09-27,0.03038462185831567,0.03695599697666663,0.04377315641391528,0.04697530442477474,0.051456136909282496,0.055899196306460376,0.057297074707720066,0.05872534176987671,0.060233091942282616,0.06169113606504876,0.0703310157489394,0.07869515459185478,0.077975122306245,0.08467532119390737,0.08810656351043522,0.09028654047524916,0.09271658930019197,0.09516451692747706
2023-09-26,0.034917570950266194,0.03842942902018908,0.03931554665447767,0.04136665320525628,0.045099522241823634,0.04880081108271808,0.05079282837186305,0.052784845661008016,0.05461054780717635,0.05641618729239778,0.0650916843356889,0.07395577914079073,0.0735896493171373,0.0798042514622888,0.08329405034851657,0.08553869557246137,0.08784509799309757,0.08997623196601577
2023-09-25,0.029392045778412708,0.0369548859858967,0.04377228189526796,0.04673557523837011,0.05133691879792318,0.055899196306481394,0.05733836943104602,0.05877754255561065,0.06030251428381304,0.061810728080936274,0.07023580975428717,0.07866089142763805,0.07801771870920543,0.08444260175008805,0.08801972853944119,0.09029853257636965,0.09274673377464754,0.0951798203397191
2023-09-22,0.028230419867774234,0.03695321962498281,0.04376610780711747,0.046731682936289536,0.05132540074044779,0.05593045935026435,0.057276195921622385,0.05862193249298042,0.06013658444490299,0.06165123639682556,0.07002730726662984,0.07849542287126715,0.07791941265908109,0.08447222853939637,0.08756045776104943,0.09000243036509285,0.09269458238990065,0.09509122341592254
2023-09-21,0.029223283414522735,0.036461131430799786,0.043683284718388685,0.046489473777627556,0.051225499230534134,0.05581665634503477,0.05719995458620273,0.058539105011163196,0.06013556788707189,0.06173203076298059,0.07012043039752164,0.07850883003206272,0.07803457411720804,0.08414042898877018,0.08723618259349109,0.08970942662115743,0.09289855993945115,0.09529868727210364
2023-09-20,0.029064441761813487,0.036460583415056515,0.043808870530682484,0.04625562080693103,0.05101794252854071,0.055739114578794005,0.05716883849478356,0.058629643365468546,0.06025163957478597,0.06182016338159843,0.07034524548421198,0.07859825049844427,0.07839734086152404,0.08386840765529532,0.08716948565449012,0.08941881231285086,0.09305199159417236,0.09541378504793468
2023-09-19,0.029679918129762874,0.03793422858975073,0.04368241204753905,0.046016087484534,0.05097445058471243,0.055889820802974506,0.05738872079957155,0.058887620796168605,0.06047935224226614,0.062053592134010946,0.07035781117680015,0.07884255672051955,0.07857973896372349,0.08421814275449101,0.08767293546031005,0.08995110891345526,0.09306411461926632,0.09549884751049888
2023-09-18,0.030424319792950395,0.03879800196043531,0.044253815449889815,0.04776525861071522,0.05191899121895067,0.05603658266434463,0.05751366437737329,0.058990746090401946,0.06065010975408787,0.062291238652238776,0.07058348704184364,0.07887573543144853,0.07867838877392254,0.08456344234521647,0.08779710978686849,0.09019012441389924,0.09294828204416829,0.09543286795123175
