Date,3M,6M,9M,1Y,15M,18M,21M,2Y,27M,30M,33M,3Y,5Y,7Y,10Y,15Y,20Y,30Y
2026-08-18,0.0578462317529927,0.0604592275377371,0.0618567591437457,0.0603893000128378,0.0608601087416453,0.0610904556258169,0.0611184349993855,0.0614102516716645,0.0618096782468263,0.0622287095830324,0.0623023733425802,0.0623335988670286,0.0678928615618458,0.0685273589894189,0.0700570775317298,0.0753045579395392,0.0763097915144544,0.077105505450314
2026-08-17,0.0578462317529923,0.0593531400887791,0.0609589566143649,0.0603893000127837,0.0608601087416008,0.06110187109848,0.0611361970994453,0.0614100219436047,0.0618142640571341,0.0622334622174431,0.0623140999716383,0.0623373143298666,0.0679965679029894,0.0685392558723818,0.0701075029837525,0.0752810735593292,0.0762938440343968,0.077092636287698
2026-08-14,0.0568123512584435,0.0630420022007246,0.0609589566143834,0.0603795088261192,0.0608592414908139,0.0610626241861958,0.0611324382605955,0.0614092524830728,0.0618160975266387,0.0622147976437861,0.0623142532381028,0.0623372598855674,0.0678815378982947,0.0684586972577295,0.0697690258708423,0.075327010420488,0.0763948581606437,0.0771625080037872
2026-08-13,0.056485973594699,0.0630366161002737,0.0609589566143834,0.0603893000127838,0.0608552581571992,0.0610595747843513,0.061129197720721,0.061406685110655,0.0618165582540098,0.0622155155186466,0.0623122637800499,0.0623375494733567,0.0679980642557492,0.0684796768235492,0.0697435009341351,0.0753202686215298,0.0763895952825859,0.0771585399966225
2026-08-12,0.0566535668182875,0.063047389525353,0.0618567591436335,0.0603893000127838,0.06086389204314,0.0610541323341357,0.0611168661302574,0.061404031452952,0.0618129841263451,0.0622147466982482,0.0622981061836794,0.0623359300531857,0.0678505210358392,0.0684068210501767,0.0697668434195685,0.0753379097837433,0.076402776154083,0.0771682564084148
2026-08-11,0.0570774474914852,0.0630473895253528,0.0618567591437125,0.0603893000127838,0.060862547301475,0.0610609311769633,0.0611166046598984,0.0614086436105332,0.0618096204014204,0.0622119210529523,0.0623023733429771,0.0623335988677873,0.0679668971966547,0.0685309585317964,0.0698260533102936,0.0754756623426559,0.0765371124850126,0.0772998133963407
2026-08-10,0.0570774474914865,0.0630473895253528,0.0618567591437125,0.0604269552228573,0.060862547301475,0.0610606272309461,0.0611163431917766,0.0614072225222821,0.0618142059647654,0.0622095181415331,0.0623023733429771,0.0623365064159562,0.0679643041664134,0.0684967232148939,0.0698050976453655,0.075485638444113,0.0765473185005481,0.0773050111818001
2026-08-07,0.0572065214066999,0.0630420022007369,0.0618567591437125,0.0604171519450684,0.0608579663152166,0.0610604507174016,0.061112615673619,0.061405874491188,0.0618139211339883,0.0622147695337001,0.0623025173968566,0.062336059581993,0.0678595967437935,0.0684829982860524,0.06980390503176,0.0754970223718041,0.0765537056454361,0.0773093816038301
2026-08-06,0.0570774474914864,0.0630366161002737,0.0618567591437125,0.0604269552228573,0.0608533898699029,0.0610573182267185,0.0611094061718403,0.061403889635436,0.0618140283985437,0.0622154335101316,0.0623005305309041,0.0623367494318442,0.067828332471583,0.068406088183865,0.0697805494545514,0.0755169016852214,0.0764926204401921,0.0772277528999488
2026-08-05,0.0572154453803215,0.0630473895253529,0.0618567591437125,0.0604269552228573,0.0608621095410978,0.0610520127038924,0.0611150358847252,0.0614012398638907,0.0618105404971816,0.0622147461008273,0.0622981061836793,0.0623351216767404,0.0679028593964605,0.0684235947631743,0.0698335377516389,0.0756303309928587,0.0765234789033428,0.0772651199152494
2026-08-04,0.0567127156775519,0.0630473895253527,0.0601657145888078,0.0604269552228573,0.0608637043873813,0.0610588036183856,0.0611487311811446,0.0614058442881329,0.0618088391805772,0.0622119210529523,0.062324467754549,0.0623327924268284,0.0679451866193806,0.0684192025696021,0.0698799754822221,0.0756149963204685,0.0765122013745141,0.0772588343131714
2026-08-03,0.0568408685141705,0.0630473895253527,0.0601657145887946,0.0604269552228573,0.0608632978192501,0.0610584996935489,0.0611484695834139,0.0614056145884561,0.0618131926853606,0.0622095181415332,0.0623244677545491,0.0623365064159562,0.0678902794152193,0.0683341416423586,0.0698711433714237,0.0756342118909513,0.0765295764391196,0.0772690117266246
2026-07-31,0.0567039474525041,0.0630420022007368,0.0601657145887946,0.0604171519450684,0.0608595922098567,0.0610583816365272,0.061144691678831,0.0614054049016679,0.0618134059743266,0.0622148053745712,0.0623246292333133,0.062336831528469,0.0682938617217659,0.0687333003474316,0.0702890797825589,0.0761167223542383,0.076924181696473,0.0776685017600071
2026-07-30,0.0563479503298528,0.0630366161002736,0.0597975600974429,0.0600315047808291,0.0603504821840729,0.0605750045460254,0.0606668239382967,0.0609679057632168,0.0613011290266424,0.0616989849536867,0.0618092682813799,0.0617421380480806,0.0677430053140555,0.0681376134609045,0.0697205891955683,0.0754408726101397,0.0763306229591501,0.0770661849569813
2026-07-29,0.0562197815699676,0.0630473895253529,0.0597975600974406,0.0600315047808254,0.0603598970906435,0.0605696206508256,0.0606636246383837,0.060965295981544,0.0612982500751595,0.0616982085309057,0.0618073178198765,0.061740569123912,0.0677011685652733,0.0681785410682472,0.0696814413823376,0.0754488155872507,0.0763361992323967,0.0770706220707025
2026-07-28,0.0562197815699667,0.0630473895253529,0.0597975600974406,0.0600315047808254,0.0603598970906435,0.0605762744825602,0.0606692411086085,0.0609698254085534,0.0612956909867109,0.0616954195096481,0.0618048772703421,0.0617382676947685,0.0676694282098093,0.0681477794035106,0.0696760640397089,0.075456847982069,0.076343084215065,0.0770768999477606
2026-07-27,0.0562197815699667,0.061428972162981,0.0594246275423003,0.0596641607213108,0.0599879021949892,0.0602180629933791,0.0603088515727698,0.0606798952400969,0.061018456563427,0.0614105895909264,0.0615294553042608,0.0614514168224475,0.0673965719863912,0.0678539880391787,0.0693810909533522,0.07515439816949,0.0760422469711507,0.0767712766049045
2026-07-24,0.0571966676406378,0.0614238564736067,0.0594150970868008,0.0596546009515303,0.059980696155115,0.060217701723413,0.0603073890834616,0.0606796775901882,0.0610165624146648,0.0614156155925341,0.0615290058167138,0.0614517301670503,0.0675356221096603,0.0680422878320964,0.069516689869739,0.0753985828915451,0.0761993528552416,0.0769323732065232
2026-07-23,0.0573534384693399,0.0602553734545049,0.0594246275422999,0.0596641607213102,0.0599754752435306,0.0602262785920185,0.0603049237015665,0.0606766336371241,0.0610161783310894,0.0614234374024248,0.061529607495404,0.0614516896543603,0.0675567562809138,0.0680276444465026,0.0695665304135418,0.075386337834682,0.0761898506252871,0.076925476038989
2026-07-22,0.0575012828816229,0.0602652217116586,0.0593481156502608,0.0595982128860241,0.0599838975183012,0.0602217560196218,0.0603032836382002,0.0606761025557856,0.0610128464697357,0.0614231975360688,0.0615286565220105,0.0614515599099643,0.0675899359586488,0.0680388968047128,0.0695379016646467,0.0753897131137296,0.076191867602932,0.0769274451696381
2026-07-21,0.0576392660292236,0.0605077260297329,0.0594246275423,0.0596641607213101,0.0599834664009009,0.0602258761483722,0.0603073060439817,0.0606785334015234,0.0610100679852071,0.0614188365142666,0.0615252532542576,0.0614478184828181,0.067906560368434,0.0683685895552699,0.0698854510672739,0.0757252118507955,0.0765255975984937,0.0772616835658276
2026-07-20,0.057639266029224,0.0605077260297333,0.0594246275423,0.0596641607213103,0.0599834664009009,0.0602255763903843,0.0603070484635517,0.0606783064343708,0.0610145231893571,0.0614164795577368,0.0615294553042599,0.0614514168224466,0.0680210459558638,0.0684704270368126,0.0699474051948419,0.0758819169782216,0.0766783404309122,0.077405633955772
2026-07-17,0.0574922697455549,0.0605027618564769,0.0594150970868009,0.0596546009515303,0.0599796911413772,0.0602250741694303,0.0603059893555679,0.06067808880799,0.0610145717913277,0.0614214319426688,0.0615292686647868,0.0614517301670503,0.0680014234648986,0.0684822000707763,0.0699850558732343,0.0759179742407061,0.0766528590757113,0.077387956375744
2026-07-16,0.0575012828816233,0.0602553734545251,0.0594246275423001,0.0596641607213103,0.0600131589602052,0.060262606247547,0.0603031235469137,0.0606750471065898,0.0610131951853306,0.0614219581577539,0.0615295904311326,0.0614516896665838,0.0681709105960133,0.0685656782597432,0.0700204434585287,0.0759577160807404,0.0765032372449441,0.0772953616004257
2026-07-15,0.0576392660292241,0.0605077260297332,0.0594246275423,0.0596641607213103,0.0600216213987252,0.0602555912109016,0.0602999666803793,0.0606724627839672,0.0610098562575048,0.0614201813434603,0.0615276306039077,0.0614501664108227,0.0680760754337798,0.0685554842172478,0.0700055783757923,0.0759110410460471,0.0765341925461425,0.0773173630248201
2026-07-14,0.0576392660292241,0.0605077260297332,0.0594246275423,0.0596641607213103,0.0600216213987252,0.0602622354907727,0.0603055030271782,0.0606769446671113,0.0610073252050828,0.0614173796541533,0.0615252532542576,0.0614478184828181,0.0680760490867616,0.0685554600899863,0.0699806509503566,0.0759168574871295,0.0764628213608491,0.0773638275929231
2026-07-13,0.0586247204038113,0.0605077260297332,0.0594246275423,0.0595982128860241,0.0600185408346258,0.0602619355622657,0.0603052454621498,0.0606787787299442,0.0610100290151884,0.0614150242880821,0.0615294553042599,0.0614528108814217,0.068074950903521,0.068556480323813,0.069980626043038,0.0759177178162157,0.0764659477416721,0.0773641751521356
2026-07-10,0.0588615992250025,0.0605027618564771,0.0593386095375382,0.0595133236207576,0.0599371811210983,0.0601843613175306,0.0603056767771264,0.0606128482034753,0.0609334505032725,0.0613435172701417,0.0615302399964397,0.0614575694982985,0.0680795144447048,0.0685341001087721,0.0699856855584756,0.0759213239305051,0.0764662439460222,0.0773643294511585
2026-07-09,0.0588710457560301,0.0604977987663691,0.0593481156502607,0.0595228386055771,0.0599326130198709,0.0601808294174389,0.0603028454834455,0.0606098573052475,0.060933463070653,0.0613438891287924,0.0615306201372258,0.0614575296161005,0.0680794875547211,0.0685329647947717,0.0699734698926907,0.0758035367117869,0.0760340356711644,0.0771994040163122
2026-07-08,0.0588710457560301,0.0602652217116583,0.0593481156502607,0.0595228386055771,0.0599414649675872,0.0601791267926586,0.0602996891443016,0.0606072774548217,0.0609303362812489,0.0613453756043814,0.0615286907502909,0.0614559706968418,0.0680058327602567,0.0684864402628736,0.0700114583462345,0.0759284109379502,0.0764710907580698,0.0773679636608006
2026-07-07,0.0578856525715299,0.0600226877441089,0.0588602490047714,0.0595228386055771,0.0599445410812618,0.0601882814714676,0.0603149463637992,0.0606117511581617,0.0609295537878651,0.0613441275993284,0.0615325683989043,0.0614536780947745,0.0679846536314558,0.0684772818361003,0.0700145837680126,0.0759303667839121,0.0764732202078942,0.0773709337700196
2026-07-06,0.0580433319288458,0.0606241175730773,0.0589272216732009,0.059598212886024,0.0600203581809069,0.0602586208438921,0.0603810787867748,0.0606771900366478,0.0610096391013066,0.0614142800163009,0.0616030475707677,0.0615330901161354,0.0680585912402846,0.06855337681245,0.0700650754968413,0.0759849888196899,0.0765694527780925,0.0774605787592025
2026-07-03,0.0580341484982353,0.0606191343814357,0.0587743772001394,0.0595133236207567,0.0599398231418617,0.0601811593054165,0.0602374164694178,0.060611648381073,0.0609335339248147,0.0613428388388454,0.0614606464040174,0.0613875870256998,0.0679152371747693,0.0684077455457583,0.0699094325187566,0.0758406357186103,0.0764221510868027,0.077312037621634
2026-07-02,0.0580433319288461,0.0608080594710107,0.0587837046891051,0.059522838605577,0.0599351855933406,0.0601757594122599,0.0602348816530733,0.0606082726036057,0.0609335113490524,0.0613420548742843,0.061461194792542,0.0613873161209792,0.067915054804614,0.0684065043754025,0.0699468699564225,0.0758616693158725,0.0764046189659949,0.0772995409864561
2026-07-01,0.0579152179283809,0.0604301278733694,0.0587837046891051,0.0595228386055771,0.0599444487754436,0.0601753244065043,0.0602317208442898,0.0606056949839637,0.0609306085224563,0.0613443140503909,0.0614592350209784,0.0613857952410367,0.0679579477699253,0.0684387643134767,0.0699261590092198,0.0758585586526722,0.0764016068427357,0.0772980321505704
2026-06-30,0.0582896933795418,0.060629101854419,0.0588649262934454,0.0595228386055771,0.0599051239266661,0.0602192449318746,0.0602757490844771,0.0606393155597699,0.0609680392939185,0.0613762881125252,0.0614992870679674,0.0614123142820764,0.0679549183004663,0.0684138461714814,0.0699276871286647,0.0758290131157094,0.0763940858573856,0.0773446348086632
2026-06-29,0.0581615873343964,0.0604350804665158,0.0588649262934451,0.0595228386055771,0.059905523588237,0.0602212511515064,0.0602754912600173,0.0606390887571264,0.060972705141002,0.0613816706687286,0.061499287067967,0.0614159123809018,0.0679423085061835,0.0683584794863558,0.0700353539893381,0.0759776875787112,0.0760781475340788,0.0770299405293643
2026-06-26,0.0580144451411835,0.0600566035789368,0.0587118091400411,0.0594379675043616,0.0599016967426588,0.0602218561338395,0.0602748398377146,0.0606415418206714,0.0609727688649465,0.0613840810694047,0.0615014034861918,0.0614180319847989,0.0679344925430278,0.0683586718693481,0.0699998205651588,0.0759124210657816,0.0761095701152168,0.077051711678614
2026-06-25,0.058023622351893,0.0597364471541126,0.0586352439870324,0.05944745864342,0.0598971021624541,0.0602209166743019,0.0602731788289684,0.0606381865064675,0.0609727806134434,0.061385923416574,0.0615004233585023,0.0614177743881908,0.0679978748676878,0.0684871668862799,0.0701503919363671,0.0760779178860565,0.0762319604514312,0.0771764256311242
2026-06-24,0.058023622351893,0.0595811620687161,0.0586352439870333,0.0594474586434199,0.0599059540220952,0.0602300832289106,0.0602787508124487,0.060635604371108,0.0609696192518079,0.0613839980876932,0.0614980276645722,0.0614162276366164,0.0679983810926174,0.0684897407283393,0.0701375608384329,0.0760504774134648,0.0762439063152038,0.0771852822800302
2026-06-23,0.058023622351893,0.0595811620687161,0.0586352439870333,0.0594474586434199,0.0599059540220952,0.0602300832289106,0.0602784929817668,0.0606400823569001,0.0609670942487374,0.0613816380231071,0.0615022501581768,0.0614139039971622,0.0679983645241829,0.0684897236651934,0.0701126094776752,0.075995640987324,0.0762696636535145,0.0772046192749062
2026-06-22,0.058023622351893,0.0594161584176001,0.0585682458812039,0.0592307095955643,0.0596197481248033,0.0600875599226303,0.0601247570688925,0.0605008514661372,0.0608243003925249,0.0613229404947618,0.0614295096257464,0.0613580054531075,0.0678603207922797,0.068434811529383,0.0700909892836638,0.0759546982917527,0.0761913959059833,0.0771269422561292
2026-06-19,0.0577385876439765,0.0592416193407171,0.0583863769541367,0.0593343435206286,0.0597212862453983,0.0601243925089128,0.0601633792306399,0.0605364428412718,0.0608602065080486,0.0612829218052001,0.0613904958538135,0.0613144582148018,0.0679364002700225,0.0683801119347568,0.0699554411405262,0.0758839149961341,0.0761760601738408,0.0771039270929112
2026-06-18,0.0579152179283794,0.0590958182398454,0.0583097931619502,0.059268408457059,0.0596780850529633,0.0600833226720197,0.0601230292029883,0.0604964339044321,0.0608219702917249,0.0612455790232103,0.0613511471931937,0.0612771986137721,0.0678670652680944,0.0682652223610691,0.06991895532307,0.075828277607,0.0760058665662945,0.0770545980318047
2026-06-17,0.0575505631280975,0.0590958182398454,0.0583097931619505,0.0592684084570591,0.0596880051919111,0.0600908661887974,0.0601285768959726,0.060493864059337,0.0608194963057727,0.0612426123650472,0.0613487720411383,0.0612756616496215,0.0676557680301154,0.0679718406776996,0.0696678647706497,0.0758157930599721,0.0761846564151429,0.0772393060028556
2026-06-16,0.057176017901875,0.0590958182398454,0.0583097931619505,0.0592684084570591,0.0596891695025538,0.0600908661887974,0.0601283197153308,0.0604983190979896,0.0608176412035626,0.0612402618822439,0.061352979139319,0.0612733398698833,0.067655743113447,0.0679718177535252,0.069642957195764,0.0758216040131571,0.0758664057878332,0.0769929493137788
2026-06-15,0.057176017901875,0.0589307744307272,0.058194909247878,0.0590139135573768,0.0595842127559881,0.0597174935449176,0.0599851837975075,0.0603602368185046,0.06067833260512,0.0610316605876143,0.0611307093718468,0.0610576315849021,0.0673497715261869,0.0676943866902657,0.0694394195493737,0.0756086645711431,0.0758249134117905,0.0768927522804679
2026-06-12,0.0571671061924163,0.0586786955901975,0.0584150947452794,0.0590045589970063,0.0595799611195077,0.0597166937262462,0.0599771994074723,0.0603602403151228,0.0606781731175117,0.0610331094705048,0.0611281168166412,0.0610580914484278,0.0673514043262529,0.0676927363018494,0.0694025830309666,0.0756029187520632,0.0758347893322733,0.0768995962470185
2026-06-11,0.0571760179018753,0.0586880381345242,0.0581949092478782,0.0589384952212472,0.0594991337941894,0.0596452175171103,0.0599009945803678,0.060281600568056,0.0606022884925908,0.0609561066223125,0.0610623234128469,0.060982483705257,0.0673179030850977,0.0676570095067299,0.0693671797129133,0.0755203296456709,0.0757367841195508,0.0764631081020024
2026-06-10,0.057057733115526,0.0586880381345242,0.0581949092478782,0.0589384952212471,0.0595082421360538,0.059652651937846,0.0599064883517983,0.0602790459902613,0.0605992916560034,0.0609533775025739,0.0610597850066995,0.0609809666070791,0.067276064635345,0.0676525190831545,0.0694460393556837,0.0756868062496343,0.0757956956099961,0.0764470501666102
2026-06-09,0.0572548724669568,0.0580082193043407,0.0581949092478782,0.0589762051002985,0.0595076312081819,0.0596596176870757,0.0599062321287401,0.0602823021771989,0.0605964513625674,0.0609553181741416,0.0610639452572621,0.0609778713297039,0.0672966648600805,0.0676159150649471,0.0694612294518082,0.0754884355297305,0.0759190042354337,0.0765427037933776
2026-06-08,0.0572548724669471,0.0583967155793749,0.0581949092478782,0.0589762051002972,0.0595076312081819,0.0596556366685994,0.0599059759078735,0.0602820767275616,0.0606008300294961,0.0609569948052631,0.0610639452572621,0.0609814192569785,0.0672946998625621,0.0676162339162561,0.0694110501577125,0.0754560330032749,0.0758708076403428,0.0766007921365931
2026-06-05,0.0565364083449217,0.0579990908926352,0.0580512904719371,0.0587500790544273,0.0594292497745002,0.0595793599365273,0.0598374292082989,0.060143081320921,0.0605358218745167,0.0608829562636035,0.0609888742287038,0.0609926051050083,0.0673352832483462,0.0676618575239831,0.0694438360060051,0.0754581387252629,0.0758531974868738,0.0765885753331851
2026-06-04,0.0565451249526001,0.0580082193040498,0.0580129895260295,0.0587593538735308,0.05942475962087,0.0595752176954228,0.0598350536274051,0.0601397969513598,0.060535931411183,0.0608827162000024,0.0609875203909083,0.0609923365798398,0.0673774451232472,0.0677016514891663,0.069484219936771,0.0754991483426835,0.0758936844356768,0.0766285899762307
2026-06-03,0.0565451249526001,0.0581053504673048,0.0581278890722886,0.0589102118787272,0.0594334868327939,0.0595816618151842,0.0598382772475691,0.0602006129736699,0.0605326564630624,0.0608793759871413,0.0610633538756076,0.0609848155526632,0.067437430793889,0.0677741211009175,0.0695157290545665,0.0754275155437605,0.0760595934951183,0.0767715842947913
2026-06-02,0.0569645930247615,0.0584938278256796,0.0581278890722863,0.058542455612116,0.0592890878476155,0.0594333884305199,0.0596831919955142,0.0599928422214659,0.060377230361712,0.0607313740230985,0.0609140119972557,0.0609293553362575,0.067549352385497,0.0678783791931856,0.0696024875843182,0.0755286535499027,0.0755318468457686,0.0760989824607568
2026-06-01,0.0570981286046771,0.0589793181452302,0.0582332049827592,0.0587216358160068,0.0593269290728851,0.0594572920183746,0.0597195784070573,0.0601037220901428,0.060419367050713,0.0607709701565955,0.0610309012533772,0.0609543796580991,0.0677829164336691,0.0681202236310317,0.0698649811282984,0.0757653613406984,0.0749416486094212,0.0760187577688049
2026-05-29,0.0563854248759418,0.0574163862021262,0.0577409210648768,0.0584295301769287,0.0590289782065079,0.0591842886694548,0.0594258820280225,0.0597334242848291,0.0600572302359976,0.0604046503996341,0.0606581611516134,0.0605953194352088,0.067402750417006,0.0677610362201128,0.0693945663388682,0.0753174674428319,0.0742951373524593,0.0753204967509632
2026-05-28,0.0565451249525999,0.0570234088149405,0.0570758351159358,0.0575611105245317,0.058145752778037,0.0583664996292915,0.0586267641211462,0.0590083614383343,0.0593302471237646,0.0597534417269362,0.0600088829592351,0.0600221280743619,0.0670034243833274,0.0671272074807553,0.0690009535483154,0.0748854808877802,0.0729825229281407,0.0740937406746004
2026-05-27,0.0568310107506263,0.0570322336460399,0.0569948374891865,0.0574194908674881,0.0580003926687982,0.0582183581616058,0.0585478835611462,0.0588643434324471,0.0591745905144828,0.0596099568122734,0.0598634342357889,0.059878986019756,0.0663323462271628,0.066883019091423,0.0681019853578904,0.0732340358306383,0.0735504106528454,0.0743323496024648
2026-05-26,0.0569690172113936,0.0568378923531837,0.0569365631307105,0.0574194908674863,0.0579999762042509,0.0582273994186429,0.0585460752681256,0.0588685565334456,0.0591719745259546,0.0596085024605042,0.059864419924635,0.05987678242052,0.0662900686898908,0.0668533425617862,0.0680849349205112,0.0732453289430106,0.0735595601985826,0.074339946501075
2026-05-25,0.0562000629317044,0.0564491526396965,0.0568599320915072,0.0573439521822015,0.0580022968785182,0.0582313208491149,0.0584752609954005,0.0588706252368695,0.0591774579149808,0.0596086782855672,0.0598659500430762,0.0598818007843242,0.0662890958875636,0.0668543647247548,0.068084943229762,0.0732460842847628,0.0735623214683352,0.0743402912804259
2026-05-22,0.0560521700207403,0.056444829114507,0.0567832966116094,0.0572595932909751,0.0579317248942009,0.058154366955777,0.0584082074707678,0.0587950246420613,0.0591109670146097,0.0595358266359387,0.059791721978007,0.0598066580244197,0.0661619457550708,0.0667823597622555,0.0680504039722279,0.0731623838412029,0.0734041349495408,0.074194072504366
2026-05-21,0.0560521700207417,0.0562461672054044,0.0567023144314683,0.0572023017657484,0.0578511707285882,0.0580757894500992,0.0583321444863856,0.0587259296177149,0.0590350708426571,0.0594606087512304,0.0597159771610539,0.0597404287209091,0.0660955141817739,0.0667149901162697,0.0679595504366235,0.0729965986925977,0.073374871361076,0.0741519311501001
2026-05-20,0.0560521700207417,0.0562547542116013,0.0567745896583074,0.0572023017657483,0.0578594346210197,0.0580721266103033,0.0583279189831941,0.058723500475687,0.0590319636490881,0.0594605572548802,0.0597153471229714,0.0597389766008491,0.0660749051388852,0.0667196383273175,0.067874394344941,0.0729738746888188,0.0733316736048098,0.0741102558902401
2026-05-19,0.0566042754286031,0.0555255903890095,0.0563425563991822,0.0572023017657483,0.0578577725469791,0.0580865320673109,0.0583331706990568,0.0587276943821496,0.0590286526482082,0.0594624297200877,0.0597209197554053,0.0597367098089922,0.0659797114210338,0.0667179360678265,0.0678334292663354,0.0728285896724735,0.0730855999457224,0.0738893068552854
2026-05-18,0.0566042754286031,0.055525590389009,0.0563425563991821,0.0572023017657483,0.057857772546979,0.0580865320673109,0.0583383211437236,0.0587274747638345,0.0590327935595607,0.0594601970415749,0.0597184983214021,0.059740159813346,0.0659354256122189,0.0667224801199183,0.0678853083886105,0.0727453302098364,0.0731047252467592,0.0739009641574166
2026-05-15,0.0563984295341321,0.0555214065274312,0.0563425563991821,0.0570424374764188,0.0576344727704505,0.0578649275518177,0.0581147506350678,0.0585083806418523,0.0588142031235765,0.0592437802163814,0.0594196685539156,0.0594417811612393,0.0656814006628025,0.0664201554882033,0.0675374387814962,0.0724377468306837,0.0728131612364621,0.0736039840628427
2026-05-14,0.056367668233103,0.0550797272766424,0.0563382693290303,0.0572023017657481,0.0578502250535478,0.0580871912442251,0.0583376798934026,0.0587243944540988,0.0590331570911088,0.0594664146650618,0.0597207347150669,0.0597404254401808,0.065915738762221,0.0667218431780904,0.0678750889649852,0.0727350125928452,0.0731108824304179,0.0739048764924907
2026-05-13,0.0560423102973232,0.0552824762082137,0.0563339831255646,0.0572023017657483,0.0578594643051489,0.058081876335471,0.0583349860377915,0.0587219674708974,0.0590306092991375,0.0594653565805541,0.0597211125326553,0.0597389686627444,0.0659056976069022,0.0666914075916495,0.0678183933012308,0.0727239678451713,0.0730421756128021,0.0738173466985303
2026-05-12,0.0558746912500911,0.0552824762082181,0.0563425563991821,0.0572023017657483,0.0578599689580916,0.0580889792910156,0.0583314352863608,0.0587261570884377,0.0590285288584393,0.0594626945297348,0.0597209160320634,0.0597367098089922,0.0659797114245424,0.0666839055576169,0.0677883055102125,0.0726958637709079,0.0730534216876448,0.0738263508253152
2026-05-11,0.0555492928820694,0.055476969936399,0.0563425563991821,0.0572023017657483,0.0577558433923219,0.0579810647037347,0.0582203271640838,0.0586092199383328,0.0589188159408045,0.0593540816014406,0.0596132115294785,0.0596245089409531,0.0658201384118638,0.0665737177842283,0.0676640058638168,0.0725843099168131,0.0729429980350968,0.0737116087630288
2026-05-08,0.0556986043575594,0.0554727933644092,0.0563425563991821,0.0573351146352838,0.0578181370478085,0.0580485093755684,0.0582970838675896,0.0586830208362363,0.0589946638902588,0.0594345026246836,0.0596820776862503,0.0596993312961169,0.065939038568088,0.0666429712520246,0.0677367159302728,0.0726595795206292,0.0730166324003591,0.0737870531544141
2026-05-07,0.0560423102973202,0.0554686176288425,0.0563382693290305,0.0573439521822013,0.0578129933554205,0.0580449123715188,0.0582971053313102,0.0586796862873567,0.0589941847735503,0.0594345138247973,0.0596822542289681,0.0596989651818755,0.0659387926373714,0.0666417331846165,0.0677368097249608,0.0725267005360251,0.0729680297763847,0.0737629645621299
2026-05-06,0.0562000629317049,0.0554769699364043,0.0563339831255646,0.0573439521822014,0.0578207715316559,0.0580414070160843,0.0582944217548574,0.058677271873105,0.0589909443098879,0.0594345687069467,0.0596826331644671,0.0596975113003849,0.0660133478174398,0.0666367303491349,0.0677311269067331,0.0724929987685883,0.0729738917085555,0.0737674797248456
2026-05-05,0.0562000629317049,0.0554769699364043,0.0563425563991821,0.0573439521822014,0.0578207715316559,0.0580484923245686,0.0582909597141983,0.0586814368525986,0.0589885827232144,0.0594319134808172,0.0596824893266552,0.0596952629669367,0.0659393227294835,0.0666442141097475,0.0676994579492143,0.0725053770071126,0.0729838876641876,0.0737756354003131
2026-05-04,0.0563676682331066,0.0554769699364043,0.0563425563991821,0.0573439521822014,0.057820267307593,0.0580484923245686,0.0582960897662667,0.0586812174187568,0.0589924261721486,0.059429685134814,0.0596800753970742,0.0596987021011239,0.0657999115514406,0.066477122772626,0.0674498039768073,0.0723478163335102,0.0728267693232491,0.0739155509294223
2026-04-29,0.0563720006214967,0.0558701361082529,0.0563468443363151,0.0573439521822014,0.057818875429625,0.0580448906987996,0.0582906153894884,0.0586757401551072,0.0589859359388953,0.0594282486341883,0.0596832593012349,0.0596975131928202,0.0658335989154569,0.0664736466664971,0.0675708840569931,0.0723169313634558,0.0728004620712966,0.0738974439938429
2026-04-28,0.0563720006214963,0.0558701361082445,0.0563468443363151,0.0573439521822014,0.057818875429625,0.0580448906987995,0.0582957522331352,0.0586799008501682,0.058990064557999,0.0594260219044048,0.059680839899086,0.0596952629669367,0.0660979697622934,0.0667301028791945,0.0677848749300151,0.0725635609379138,0.0730626914677032,0.0741580709742843
2026-04-24,0.0566973819144551,0.0554047329237743,0.0565821073451199,0.0573351146352833,0.0578096594276856,0.0580457061297864,0.0582904459856407,0.0586797898051211,0.058989363430424,0.059432318479322,0.0596800277236335,0.0597694870437291,0.0661667512336894,0.0667970339114704,0.0678524914529588,0.0726330333020544,0.0731318092841467,0.0742260378972335
2026-04-23,0.0566973819144546,0.055656201676678,0.0565777840039272,0.0573439521822014,0.0578179156826654,0.0580399300025709,0.0582877287496591,0.0587446864742134,0.0590649903974024,0.0595003746498498,0.0597602538338625,0.0597664578025515,0.0662070260578758,0.0667901972853603,0.0678485671538509,0.0726153925860629,0.0731344186535958,0.0742275827663659
2026-04-22,0.0566185040248282,0.0556562016766777,0.056586431564275,0.0573817222381066,0.0578563613167861,0.0580855478599395,0.0583229803792515,0.0587800202060193,0.0591007699652442,0.0595359537414411,0.0597985143720448,0.0598028018899666,0.0663195658108176,0.0669023951709536,0.0679441160534817,0.0726834790292461,0.0732041787596913,0.074098297855856
2026-04-21,0.0565100443937588,0.055286624511066,0.056586431564275,0.0573817222381056,0.0578566814468521,0.058089234313153,0.0583281065395139,0.0587841974682486,0.0591050994176902,0.0595359859540862,0.0597960927189427,0.0598004779511044,0.0667642312362265,0.0673334994063144,0.0683658371525857,0.0731080310766746,0.0735513060234484,0.0744569933277515
2026-04-20,0.0560170091041837,0.0558701361082446,0.056586431564275,0.0573817222381056,0.0578581368033666,0.0580834142311696,0.0583278575092966,0.0587839776616501,0.0591057305260135,0.0595363353756941,0.059794073881394,0.0598039309830394,0.0663915781716108,0.0668724495711583,0.0679411908483823,0.0726372941170091,0.0732198025314924,0.074311802552548
2026-04-17,0.0560170091041837,0.0558616651341371,0.056582107345117,0.057372873157024,0.0578498605348274,0.0580799192372387,0.0583273479116989,0.0587841117727509,0.059105773321873,0.0595360557444651,0.0597982619085762,0.0598044703790869,0.0668168049000224,0.0672359096618194,0.0682505676946456,0.0730556710861042,0.0736085357023629,0.0746991199643987
2026-04-16,0.0560170091041837,0.0558701361082443,0.0565777840039271,0.0573817222381056,0.0578581368033666,0.0580763185977417,0.0583246379776742,0.0587809048520955,0.059102775234576,0.0595360536895837,0.059798619150067,0.0598042281087264,0.0666895259498591,0.0672476766966105,0.0682476319056784,0.0730360564955592,0.0736074592972069,0.0746950214756224
2026-04-15,0.0569044289948502,0.0558701361082443,0.0565864315642749,0.0574572580704523,0.0579319390458982,0.0580834142311697,0.0583987046483465,0.0587762069785589,0.0591651189422871,0.0595333930578649,0.0598754230035201,0.0598011775623189,0.0667948922537377,0.0672045892698779,0.0682066080084128,0.0729532523507535,0.0736407517255344,0.0747187344240012
2026-04-14,0.0577916525898406,0.0562590490227648,0.0565864315642749,0.0575988723793983,0.0579961795474179,0.0582336126743091,0.0584716382883098,0.0589316659455489,0.0592441325872248,0.059681704190815,0.0599401597252115,0.0599501685797746,0.0669679864069805,0.0673879797795339,0.0684384242362218,0.0731269601087279,0.0736695098501716,0.0750049178493122
2026-04-13,0.0578902208760379,0.0562590490227648,0.0565864315642749,0.057457258070452,0.0578526083653387,0.0580795360959858,0.0583261143573141,0.0587801539507173,0.0591012103189358,0.0595326954246764,0.0597940738813941,0.0598023776554909,0.0667928706643607,0.0672730053023365,0.0683079984468155,0.072963975579744,0.0735104105717628,0.0748427666691267
2026-04-10,0.0578902208760375,0.0570278207763746,0.05610296205314,0.0574483859002235,0.0578443562384503,0.0580681644617496,0.0583345509218897,0.0587806575105247,0.0591011923041441,0.0595275389117872,0.0598041173579195,0.0598031681640961,0.0668794893267904,0.0672627816145228,0.0683393057215929,0.0729507384355817,0.0734981534741886,0.0748341196788337
2026-04-09,0.0572001919995305,0.0574253329702944,0.0560987111099544,0.0571645249323871,0.057596694246551,0.0578009677787302,0.0581085734107591,0.058562269853833,0.0588034796122796,0.0592274597767154,0.0595033346900886,0.0595167664814396,0.0665504976793149,0.0669919561474188,0.0679695037198966,0.0726813248561917,0.0732236969970434,0.0745497224245864
2026-04-08,0.0572001919995305,0.0577167974301286,0.0561072138524344,0.0571645249323869,0.0576731290115738,0.0578820744546176,0.0583287746241942,0.0587835053101272,0.0590245537542691,0.0593788348441999,0.0596549946148904,0.0596567156643819,0.0666189880903093,0.0671098661602709,0.0681088250146456,0.0728368517614465,0.0733763913480707,0.0747031928332704
2026-04-07,0.0572001919995305,0.0577167974301294,0.0561072138524344,0.0571645249323869,0.0576731290115745,0.0578820744546183,0.0583339185113126,0.0587876918531895,0.0590286891895638,0.0593766234431523,0.0596524104783791,0.0596544068834197,0.0666613358185955,0.0670601629732717,0.068099455555754,0.0727677117222786,0.0734047729976175,0.0747244226164191
2026-04-06,0.0572001919995305,0.0578139427859232,0.0561072138524344,0.0568717060765391,0.0573769206259866,0.0576596487003085,0.0581108768570571,0.0584267113492058,0.0586649831349658,0.0590014374580201,0.0592697775652787,0.0592875519565549,0.0662457028420339,0.0666946915869327,0.0677443180029217,0.0723446635308637,0.0730421709290013,0.0743493013508324
2026-04-03,0.0572001919995305,0.0573192520196954,0.0553839184571719,0.0564284797912252,0.0568528211394856,0.057295176981904,0.057745816451741,0.0579925400193232,0.0582202269812253,0.0585615602214961,0.0587580408809203,0.0587833196280938,0.0658264563091293,0.0662713335415075,0.0672352686346435,0.0717991632637417,0.0726637182505684,0.0739464007337705
2026-04-02,0.0572001919995305,0.057911083410397,0.055379775029251,0.056474846927979,0.0568607922626836,0.0572859394074636,0.0577423848866828,0.0579881207662605,0.0582173582664271,0.0585580668724772,0.058757979903353,0.0587821149766003,0.0658256341815001,0.0662130603378206,0.0671810284638262,0.0718191132129025,0.0726791721757806,0.0739569679053762
2026-04-01,0.0566579431635076,0.0579207972126543,0.0553880627090081,0.0561061937837612,0.0566424665217993,0.056994085987408,0.0576725552827674,0.0579189097944259,0.0582232379103501,0.0587246635832042,0.0589213594134392,0.0589417961895136,0.0659076317762461,0.0663745936832935,0.0673719676301119,0.0719646153890851,0.0728246058410287,0.0741053365446764
2026-03-31,0.0566579431635365,0.057755656140234,0.0550715127212919,0.0564748469279825,0.0564990360721554,0.0569956996212744,0.0572380914359252,0.0575423183860255,0.0577109955616524,0.0579604721736441,0.058171023120449,0.0581746591284984,0.0651936481347937,0.0656226152063613,0.0665891800634309,0.0712144591187317,0.0720733730997435,0.0733446847553427
2026-03-30,0.0566535668182872,0.0571099648324508,0.0550715127212884,0.0559643679174462,0.0558402365094197,0.0564040784679652,0.0564142187747848,0.0568079521032861,0.0569764461727115,0.0572223677680772,0.0574318138008771,0.0574454627754902,0.0644891653578167,0.0648878714444655,0.0657936310520253,0.0704792548897105,0.0713351779762545,0.0725903416994208
2026-03-27,0.0564772751692321,0.0566197447018764,0.0557003458060926,0.0557385059301187,0.0556838423962001,0.0562643090300511,0.0562568746117779,0.0566582310640519,0.0568239243682199,0.0570750033707679,0.0572727277367288,0.0573056196087573,0.0643492797879772,0.0647448277205458,0.0657134320642771,0.0703201266803272,0.0711766318909035,0.0724333495515694
2026-03-26,0.0561606253611624,0.0557991138442568,0.055379775029251,0.0549426274641243,0.054800511663296,0.0553434341917969,0.0555429612852624,0.0560074654031177,0.0561740854163438,0.0564283663026281,0.0566147909158967,0.0564951771303779,0.0636111501804134,0.0639274752386779,0.064753278148647,0.069523239618957,0.0703708522567652,0.0715106624239247
2026-03-25,0.0561606253611624,0.0558075655164276,0.055388062709008,0.0550940623095716,0.0548079001588497,0.0553402484276911,0.0555403578149613,0.0560009349118687,0.0561718096729117,0.056428490049372,0.056614826791444,0.0564910008644571,0.0635039638006953,0.0636569189498984,0.0647831144031399,0.0695573372750955,0.0703967694033348,0.0709207671191777
2026-03-24,0.0561606253611624,0.0556519979889582,0.0550715127212966,0.0548763675073623,0.0545876459590229,0.0551262692384365,0.0553284409932078,0.0557870070151704,0.0559505083888809,0.056206508083666,0.0563952123223019,0.0563514149358422,0.0633221318131575,0.0635546664726241,0.0647506625044585,0.0694297980032598,0.0702718511570976,0.0707991379564977
2026-03-23,0.0561606253611624,0.0550782372681432,0.0544285879861854,0.054327187476134,0.0541757718954972,0.0547169237260404,0.0549329336449421,0.0553935388021042,0.0555541297768697,0.0558058479348128,0.0559969547903212,0.0559495438660684,0.0629973797741972,0.0632863258563135,0.0644157054154295,0.0692043511576097,0.0700393146644684,0.0705544498953227
2026-03-20,0.056152026605017,0.0550741202399151,0.0544245851060175,0.0543192473358752,0.054172123223745,0.0547168506283809,0.0549328764863488,0.0553930775511693,0.0555536149395811,0.0558088418683065,0.0559996505204177,0.0559496518011964,0.0629669501121293,0.0631863579082213,0.0645285469801478,0.0692224774687843,0.0700558027288475,0.0705719167781119
2026-03-19,0.056160625361162,0.0550700040303347,0.0544205830081161,0.0543271874761333,0.05416855850051,0.0547136761815928,0.0549302508420535,0.0553907868263566,0.0555535132243952,0.0558089456801944,0.0559996422678479,0.0559498125689867,0.0630198664407764,0.0631241791813638,0.0644224257573368,0.069250184897469,0.0700772662599424,0.0705863112679032
2026-03-18,0.056160625361162,0.0550782372681428,0.0541118090569959,0.0541093256470359,0.0539554166008948,0.0544888555035374,0.0547105098692114,0.0550929904711805,0.0552533192073263,0.0556581334695347,0.055851969584543,0.0558138469353725,0.062967208627463,0.0629797091333889,0.06431307881328,0.0690934640827882,0.0699220956611769,0.0704338354274338
2026-03-17,0.0558352504450659,0.0550782372681426,0.0541118090569887,0.054109325647032,0.0539563278533363,0.0544950137245041,0.0547156165055515,0.0550965889475961,0.0552517701674499,0.0556556091290613,0.0558498663101589,0.0558118839084548,0.0629249613115932,0.0629837298599359,0.064279339407456,0.0691034967660447,0.0699303601375362,0.0704407163818185
2026-03-16,0.0561606253611621,0.0550782372681426,0.0541118090569887,0.054109325647032,0.0539554166008862,0.0544950137245041,0.0547156165055515,0.0550963829567076,0.0552548317889407,0.0556536804735813,0.0558481227961407,0.0558148687947013,0.0632929704350641,0.0634213915598765,0.0647426664133753,0.0695250168381633,0.0703520492762342,0.0708586659772955
2026-03-13,0.0561520266050169,0.0550741202399151,0.0537814422114822,0.0540256811867593,0.0538847359798053,0.0544273987145187,0.0546437500454308,0.0550982839111715,0.0552564335975785,0.0556589723144668,0.0558574188060536,0.0558165728382741,0.0631473575557836,0.063457135864141,0.0646896105359918,0.0695448367483074,0.0703653898436616,0.0708677417177246
2026-03-12,0.0561606253611626,0.0550700040303347,0.0537775335076931,0.053957741593384,0.0538045741557977,0.0544242616968176,0.0546410126023134,0.0550979451615393,0.0552587472130468,0.0556591027014456,0.0558573253049171,0.055818036569704,0.0631483675703464,0.0635808209205318,0.0650659146211762,0.0697062115846136,0.0705844515970993,0.0711798761111857
2026-03-11,0.0561606253611626,0.054591869423442,0.053468419165054,0.053957741593384,0.0538116876293949,0.0544258894777253,0.0546445612679433,0.0550958306189336,0.0552565586669322,0.0556621607566735,0.0558613491441273,0.0558168044941249,0.06191411902456,0.0626990095782556,0.0655519020770804,0.0701403663877113,0.0705551231617878,0.0711359036448736
2026-03-10,0.0561606253611626,0.0544362065243772,0.0534684191650539,0.0537397992524841,0.0535912740657886,0.054201895411556,0.0544265288655076,0.0548815739902954,0.0550351567273835,0.0554403434616959,0.0556377916503434,0.0555968261580548,0.0616531424943859,0.0616988316313426,0.0654122257089433,0.0695604889892925,0.0705316059922649,0.0710495164654666
2026-03-09,0.0561606253611626,0.054591869423442,0.0537853516703953,0.0537397992524839,0.0535912740657885,0.05420043721525,0.0544208043369398,0.054881368808658,0.0550387144268778,0.0554375291029211,0.0556323280049739,0.0555997940140324,0.0616830525389614,0.0619315143175011,0.0655269297868488,0.0697365254233575,0.0707240009734593,0.0712328154579782
2026-03-06,0.0558267507948403,0.0542668035599197,0.0528209452750004,0.0536657076542496,0.0535119144969951,0.0541357605966139,0.0543700067305204,0.0548054389187605,0.0549623912252231,0.0553751991048293,0.0555787968847659,0.0555242855579142,0.0616820407671151,0.0617911961694002,0.0655268351084568,0.0695558444704164,0.0711140301648461,0.0713570380673058
2026-03-05,0.0558352504450662,0.0542628065942903,0.053460692249095,0.0536734595457758,0.0535084673819033,0.0541326009817312,0.0543559051732644,0.0548026128573286,0.0549623028598491,0.0553753003615708,0.0555712759992573,0.0555240435199426,0.0616818772713866,0.0617901658853138,0.0655023269772062,0.069561611515402,0.0711185873438817,0.0713598216577671
2026-03-04,0.056160625361163,0.0544362065243773,0.0534684191650536,0.0534554552322187,0.0533708252117452,0.0539063100282005,0.0541207349028077,0.0545047165107184,0.0546591405361173,0.0550747394503759,0.0551905798112961,0.0551572484262903,0.0612012998249895,0.0614173244855516,0.0651591340534612,0.0691655333388706,0.070756130593722,0.0709944933665887
2026-03-03,0.0561606253611626,0.0543875593632736,0.0524691062117324,0.0524880803471455,0.0532941390741342,0.0537583470708961,0.0539980889806887,0.0543891216969993,0.0545119470318516,0.0548497303792286,0.0550557198563232,0.0550186215323511,0.0610591395648733,0.0612726341640219,0.0649618865257301,0.069024116211812,0.0706107499736652,0.070846779476234
2026-03-02,0.0561606253611626,0.0542278883870002,0.0523249124305036,0.051861632852669,0.0529969399313131,0.0533927736622327,0.0537773979411306,0.0541821813805176,0.0542983226498613,0.0546329668123255,0.0549838586037029,0.0548110321844244,0.0611175666337286,0.0612120416481392,0.0648369893433366,0.0689005630019645,0.0696056438881314,0.0699696723565621
2026-02-27,0.0546936687004025,0.0525688153479869,0.0512163789737211,0.0515316116220588,0.0522595811608731,0.0526657669216312,0.0529691727396888,0.0532158380054246,0.0534800568741585,0.0537460614450419,0.0542614424914367,0.0542417314160704,0.0599336378416898,0.060456371189227,0.0639722396840286,0.068381832737999,0.0692188254811197,0.0695309193039226
2026-02-26,0.0540028839378075,0.0525006154014733,0.0512163789737122,0.0515387642573568,0.0522613451911203,0.0526663706066032,0.0529740442876745,0.0532134736241528,0.053484396859155,0.0537446242204767,0.0542593756439163,0.0542416283242189,0.059933568642196,0.0604218758269341,0.0639767493337698,0.0683852155983177,0.0692214498315733,0.0695324103372246
2026-02-25,0.0532132731367084,0.0525006154014733,0.0512163789737122,0.0515387642573568,0.0521962156071301,0.0525890925566358,0.0529060582530213,0.0531388294484814,0.053418525136526,0.0536808895302387,0.0541802523806428,0.0541624872753636,0.059772332162479,0.0603098051544808,0.0638734043628275,0.0682212966391759,0.0691857323148925,0.0694843065978488
2026-02-24,0.053209411256741,0.0525006154014733,0.0510720085708545,0.0515387642573568,0.0521962055891879,0.0525890925566355,0.0529085635541927,0.0531386305205237,0.0534183413657627,0.0536807285950741,0.0541847698593001,0.0541610453756206,0.0598146642526586,0.0603061663801495,0.0638700122202295,0.0682195511126342,0.0691848697151723,0.0694844215453692
2026-02-23,0.0536002597600413,0.052496872537761,0.0510720085708548,0.0515387642573568,0.0522589339830137,0.0526662964081885,0.0529765529596027,0.0532164444924158,0.0534847569720247,0.0537473826014644,0.0542620883569843,0.0542413068253483,0.0599533180755532,0.0603997940414911,0.0639396392888834,0.0683222693243201,0.0692888648018505,0.0695851027709432
2026-02-13,0.0536080975407382,0.0505413180218762,0.0517167423755634,0.0512182254441303,0.0521952084640102,0.0526064181338796,0.0528925487279506,0.053143126125077,0.0534123118370329,0.0536879342454849,0.0541762300308417,0.0541698508813776,0.0598812137135242,0.0603243621018859,0.0638528372472661,0.0682473366233737,0.0692108931843542,0.0695065174903463
2026-02-12,0.0536080975407378,0.0505413180214717,0.0517167423757183,0.0512252920754456,0.0521952084640101,0.0526064181338794,0.0528973774809665,0.0531412374610447,0.0534156377468588,0.0536861226811043,0.054174191712617,0.0541700730713375,0.0599234416101281,0.0603197604996867,0.0638502974681198,0.0682454932782856,0.0692094556346844,0.0695052392161913
2026-02-11,0.0551870151603047,0.0505413180214717,0.0517167423757183,0.0512252920754456,0.0521911818424948,0.0526064181338794,0.0528973774809665,0.0531446065246186,0.0534131708277568,0.0536892587788762,0.0541725349904222,0.0541683056951433,0.0598498656695315,0.0603282494424104,0.0638546971886784,0.0682487936481586,0.069211513147828,0.0695079090336352
2026-02-10,0.0571553532480962,0.0507656127054289,0.0526784536877997,0.0512252920754456,0.0523298372070705,0.0527590340651493,0.0530263123945227,0.05330045262644,0.0535532391759657,0.0538315344011981,0.0543190417761232,0.054321617836092,0.0600044679956031,0.0604036926726019,0.0640309881612033,0.0683966035045748,0.0694497908261489,0.0697335303777616
2026-02-09,0.0573480653238839,0.0507621121266348,0.0526784536878003,0.0509877477129193,0.0523257881586781,0.0527584229568845,0.0530263123945227,0.053306763130717,0.0535532271306829,0.0538309984525845,0.0543188938287072,0.0543289563738517,0.0599637211730316,0.0606561216212566,0.0643110657491535,0.0686280622686653,0.0697346550799642,0.0700043283144484
2026-02-06,0.0575542524040752,0.0512823707135806,0.0523515494518844,0.0509807459135588,0.0524057107118917,0.052822077328602,0.0531727562992843,0.053450046250983,0.0537724290193652,0.0540522519645157,0.054546994109783,0.054624413586579,0.0597423165108691,0.0604996752070293,0.064468922252615,0.069049858387516,0.070127723215085,0.0703656161355767
2026-02-05,0.0557789525844435,0.050687599992718,0.0520341835896751,0.0509877477129192,0.0521896726636944,0.0526051240018765,0.0528141942886714,0.0530683064465674,0.0533325379639934,0.0536048886797146,0.0540226116543463,0.054026844616989,0.059107347153773,0.0599134815832262,0.0638423246415626,0.0684574961071465,0.0695316911492239,0.0697684186098826
2026-02-04,0.0551870151603208,0.0508338713534561,0.0521976845025129,0.0509877477129192,0.0522966855382337,0.0527197798670688,0.052927873025822,0.0531887190765025,0.0534382381652938,0.0537124732493692,0.0541347655688516,0.0541311304698578,0.0591291687240957,0.0599052994392364,0.0638339727568976,0.0684367627160255,0.0695848484586801,0.069719695870026
2026-02-03,0.0571553532475278,0.0507948666946415,0.0521976845025113,0.0512252920754307,0.0523681959512598,0.0527201256905143,0.0529278730258203,0.0531820251651951,0.0533639188428966,0.0536431116298811,0.0539779389779186,0.0539747999985453,0.0587893945249023,0.0598408485652642,0.0636155328471404,0.0684082663769256,0.0695817916326615,0.0696995399920602
2026-02-02,0.052218606063204,0.0495917633439225,0.0510720085708551,0.0518616328526446,0.0511589247758539,0.0516478670789628,0.0518594635015882,0.0520725639681191,0.0523052416160123,0.0525738468146769,0.0529205774954577,0.0528825899723399,0.0577006262521164,0.0587593687346597,0.0625269471466998,0.0673004566377393,0.0684726013171911,0.0685934634562406
2026-01-30,0.0508949924172085,0.0491462301902999,0.0507543387996267,0.0502679668989063,0.0508687888312956,0.0514295654320134,0.0516367982034718,0.0519662920980195,0.0521671633718609,0.0524327136531795,0.0527719784747086,0.0528465336423653,0.0574454066012679,0.0583455176514969,0.062508451658076,0.0673630115733508,0.0686226521082577,0.0687075526773239
2026-01-29,0.0507412464483492,0.0491462301902996,0.0507543387996267,0.0502747758736225,0.0508693825693124,0.0514295654320133,0.051641389595772,0.0519644968246551,0.0521656549646238,0.0524309869162937,0.0527701082996375,0.0528467764405539,0.0574036515897782,0.0583485143279851,0.0625607412436531,0.0673547827801864,0.0686161783471189,0.0687028365482886
2026-01-28,0.0502474331838335,0.0491462301902996,0.0507543387996267,0.0502367364267113,0.0508034030042138,0.0513521961564258,0.0515636573782994,0.051890648611492,0.0520927708873176,0.0523571018900534,0.0527013614827541,0.0527682907032184,0.0574422376787754,0.058263443699755,0.0624135805755007,0.0672828789725662,0.0684702904162977,0.0685674482285095
2026-01-27,0.0497501829321563,0.0489217553072104,0.0507543387996267,0.0498752894936589,0.0504299915790388,0.0509091886659227,0.0512624332005875,0.0516756406908157,0.051877917937349,0.0521442392611121,0.0525546914890102,0.0526310464400706,0.0573773483132732,0.0582177692660182,0.0624007450188167,0.0672228223543237,0.0684107182100083,0.0685088875818892
2026-01-26,0.0496776783328742,0.0502550448402719,0.0507543387996267,0.0497991787524833,0.0504302292257194,0.0508978406150377,0.0512624332005733,0.0516774674214801,0.0518778811811575,0.0521370995808677,0.0525545483525638,0.0526351462979469,0.0574081998992593,0.0582158075509638,0.0623986225332205,0.0672220552661213,0.0684122296647127,0.0685084322012596
2026-01-23,0.0492596262348586,0.0486191626626269,0.0504269637088721,0.0497924969320954,0.0504312479046113,0.050911777652632,0.0512634072684059,0.0516750307319588,0.0518762905245732,0.0521436515984446,0.0525581226387403,0.0526352461782399,0.0573568321363261,0.058274819721433,0.0623350583941178,0.0671887878384508,0.0684311304978629,0.0685209177249946
2026-01-22,0.048409919785159,0.0486191626626489,0.0504269637088662,0.0498752894936485,0.0504333842995571,0.0509117776526319,0.0512679312167526,0.0516713233404254,0.0518756777537983,0.0521419357500702,0.0525561576979409,0.0526342024156664,0.0573246991401789,0.0581537424980074,0.0623890273187126,0.0671214095047772,0.068456806193105,0.0687267867585034
2026-01-21,0.048409919785159,0.0486972554339327,0.0504269637088662,0.0498752894936485,0.050510248803243,0.0509885009455443,0.0513456770082499,0.0517525473045769,0.0519553272885441,0.0522213702980157,0.0526317781310913,0.0526998331860808,0.0573395639247049,0.0581713402941499,0.062209275937703,0.0671525314913369,0.0686062909837121,0.0686628556370936
2026-01-20,0.0488347952634653,0.0487363006855318,0.0509083699330226,0.0499799323050208,0.0506148581257046,0.0511042475173671,0.0514541769296939,0.0518666663343163,0.0520597263888131,0.0523264095584078,0.0527349622279484,0.0528127431873066,0.0575801292615571,0.058018909091916,0.0625436238440648,0.0676810286182988,0.0687899618451828,0.0688635925650097
2026-01-19,0.0496316604047447,0.0490356083242761,0.0509083699330232,0.0500560292906655,0.050612830778534,0.0511016204239855,0.0514541769296939,0.0518644448079923,0.052058393383499,0.0523246365521018,0.0527348186032651,0.0528141123107808,0.0579028213034121,0.0589593193854054,0.0635048616442838,0.0680418046734422,0.0684118881532107,0.0686242120804773
2026-01-16,0.0495066005291723,0.0488143889208084,0.0505906612743232,0.0498305428955848,0.0503921953206687,0.0508714112385831,0.0512995287288133,0.0516335699227897,0.0518364784966288,0.052261807205364,0.0525939728021865,0.0527462706799776,0.0573820722903937,0.0580893397450115,0.0635686472239839,0.0680667445343194,0.0684109913136743,0.0685981625594617
2026-01-15,0.0495066005291723,0.0488143889208082,0.051553182634421,0.0498372348471717,0.0503921953206687,0.0508714112385831,0.0512878811588541,0.0516319548631802,0.0518346510967276,0.0522600803598182,0.0525813966110184,0.052746633915475,0.0572041664496108,0.0577816521876445,0.0633754016218426,0.0678553739914546,0.0682013096579845,0.0683895980796263
2026-01-14,0.0496350212185814,0.0491071928750904,0.0512356271829568,0.0496850017780493,0.0502477451517251,0.0507237993401784,0.0512252059448383,0.0515708269315983,0.0518418447449594,0.0522661684503693,0.0525856552999054,0.052750089499016,0.0575430612987692,0.0578899541643042,0.0636822148052162,0.0681726086420953,0.0682962716637174,0.0685086368330449
2026-01-13,0.0486470650756999,0.0490388757550341,0.0509083699330229,0.0496850017780492,0.0502502196783592,0.0507243815812459,0.0512306966597713,0.0515706339038895,0.0518430922071306,0.0522663723565768,0.052591919517296,0.0527487069330781,0.0571136176674824,0.0578942434232757,0.0639509773298357,0.0682341216848029,0.0685175215853691,0.0686831133572064
2026-01-12,0.0486438364530417,0.0490356083242771,0.0505906612743233,0.0496850017780492,0.0502502385505794,0.0507244461210452,0.0512360285049532,0.0515704408776256,0.0518429304478375,0.0522662556515325,0.052595264967795,0.0527514680217736,0.0570282975299198,0.0579016221253758,0.0640925932808489,0.0683694625094891,0.068079777899538,0.0683421509875233
2026-01-10,0.0485186130979822,0.0490388757550344,0.0493992041922927,0.049681675747551,0.050244269243901,0.0507189394069565,0.0512538801258112,0.0515702251444931,0.0518433080784679,0.052266411487278,0.0526084333955178,0.0527515843057702,0.0567361957121898,0.0575819111941121,0.0638603885943915,0.0680002677421292,0.0677927773232788,0.0680330594187018
2026-01-09,0.0485186130979822,0.0490388757550342,0.0494058088902218,0.0496783503082865,0.0502505414559486,0.0507243815812458,0.0512513534845697,0.051568525834842,0.051840930321407,0.0522641768611487,0.0526083945787424,0.0527518788110809,0.0567363873119029,0.0575812756468582,0.0638609478815655,0.0680007208130258,0.0677931185493342,0.0680330096797267
2026-01-08,0.0492596262348562,0.0492633376019724,0.0496274464831155,0.0496850017780492,0.0502486853289294,0.0507224686534818,0.0512522014024279,0.051566333841949,0.0518380349837203,0.0522612653911094,0.052603852087627,0.0527518290782046,0.0563911312117494,0.0577884893087098,0.0645088376499431,0.0682244851838881,0.067457605518976,0.0679909164357711
2026-01-07,0.0498819726539358,0.0493316471183062,0.0497045292082126,0.0498372348471722,0.0503912524766907,0.0508669897445328,0.0513967159926745,0.0517118146471982,0.0519935737238778,0.0524080462566894,0.052746165034799,0.0530531693444784,0.0557097122474508,0.0579082377755724,0.0645301578862279,0.0686204288776058,0.0669577037382712,0.0676244886759035
2026-01-06,0.0498819726539327,0.0495658336089715,0.0497045292082123,0.0501321204860018,0.0506890641472621,0.0511648246832133,0.051620281709267,0.0519281904040702,0.0521322744494591,0.052545800328875,0.0527411998486315,0.0528877834945261,0.0548655919281751,0.0574808606625763,0.0640813614897587,0.0678744119446108,0.0672936570389018,0.0678362310444338
2026-01-05,0.05086609832922,0.0497868689098176,0.049887582871162,0.0504174109136028,0.0508306193503108,0.0513852452727058,0.0517629732362159,0.0519984279284645,0.0523528093400134,0.0526959341864482,0.0528937295071575,0.0530330385807066,0.0550069498728665,0.0576240701252568,0.0641518930523552,0.0680390454717774,0.0673492198389339,0.0679473913085531
2025-12-31,0.0512349995924087,0.0474571754823959,0.0479401490212893,0.0484472482376269,0.0491383452248345,0.0493245505569279,0.0497045878400381,0.0499801818098131,0.0504709513218858,0.0508983269872509,0.0512551848632828,0.0514850158772989,0.053785073959138,0.0563856025930144,0.0627988270919923,0.0666633693687888,0.0660562935727606,0.0666382664486095
2025-12-30,0.0507412464483541,0.047454114622296,0.0489013433485556,0.0484472482376267,0.0491395533176437,0.0493243461782693,0.0496878131602316,0.0499801818098342,0.0504714732190719,0.0508983881780973,0.0512443098810179,0.051483686373986,0.0537019858456757,0.0563928192007521,0.0627545325391038,0.0666063932566452,0.0660887950134127,0.0666611346410166
2025-12-29,0.0507377344846298,0.047454114622296,0.048901343348608,0.0484472482376267,0.0491394736179235,0.0493243461782693,0.0496878131602315,0.0499801818098342,0.050471259689379,0.0508982357776751,0.0512468669787597,0.0514859561436236,0.0537007031730895,0.0563927711907774,0.0627538981898882,0.0666068346485053,0.0660044473470165,0.0665184270544424
2025-12-26,0.0504943473320653,0.047454114622296,0.0495596599653973,0.0482885160257954,0.0492074705029032,0.0493966541345915,0.0497534660132593,0.0500599090204572,0.0504676680699643,0.0508956457118893,0.05123744804167,0.0514853067375378,0.0536701473590693,0.0564386159557217,0.0627520752842878,0.0665890458026729,0.0659352344737689,0.0664357090756922
2025-12-25,0.0505733566846636,0.0475322423564429,0.0493254165344557,0.04896157804838,0.0491399641366325,0.0494011633178361,0.0497544448186509,0.050041634682627,0.0505465328551854,0.0509727061026257,0.0513094222519666,0.0515442180110225,0.0536487777656706,0.0564638283101318,0.0627797237035829,0.0666174621213109,0.0658253778958693,0.0664353436355472
2025-12-24,0.0510967547713684,0.0468582905458609,0.0488435047256501,0.048075623231584,0.0487636044463046,0.0489515754111967,0.0493191095789372,0.0496186004230315,0.0500965804915309,0.0505322185181992,0.0508683875448914,0.0511122051059421,0.0532152971066971,0.0559953375296665,0.0621031062276724,0.0659006919995194,0.0653520028154697,0.0658731723937678
2025-12-23,0.0505338522007683,0.0470829663151366,0.0486024834286112,0.0480089066863117,0.0483224245015691,0.0485040892657224,0.0488657473512314,0.0491710491743815,0.0497354344683039,0.0502399200901568,0.0507348573007668,0.0508165697886276,0.0529205131505458,0.0556991371353484,0.061801351909177,0.0655958248049442,0.0650506532975171,0.0655709446806346
2025-12-22,0.0493946048425909,0.0467801365517512,0.0483614185154469,0.0476371187155665,0.0481807478098647,0.048361238199545,0.0487236639929124,0.0490241360215558,0.0495930986298471,0.0500174789215323,0.0505150732530909,0.0505997829492024,0.052627389631117,0.0554851869629948,0.0615696655585732,0.0653757612858684,0.0648332901412733,0.0653494121075847
2025-12-19,0.0486964685992151,0.0459104678900474,0.0470239665311154,0.0471542674611323,0.0478071009866658,0.0479854971308549,0.0482956361963147,0.048741580209574,0.0492184215714765,0.0495766233365405,0.0500045876102897,0.0501563848996206,0.0521866544153256,0.0550413454524642,0.0610726236622229,0.0648874054524167,0.0644011320510762,0.0649101109937652
2025-12-18,0.0484099197851595,0.045763857376432,0.0465472115105418,0.0470171647630562,0.0476633723152599,0.0478461685657874,0.048154760519953,0.0485869613186633,0.0490734211347674,0.0494211302263414,0.0498643040501039,0.0500135752254461,0.0520125797201913,0.0548775147601033,0.0609075528386028,0.0648488358872555,0.06419991553131,0.0647635142687488
2025-12-17,0.0484099197851595,0.045763857376432,0.0465472115105418,0.0470839475045125,0.0476633723152599,0.0478461685657874,0.0481587858006113,0.0485885875527536,0.0490761959501229,0.0494195786800574,0.049862537556628,0.0500107447731287,0.052094948402033,0.0549045083508459,0.0607856186220517,0.0647059624362103,0.064390348987153,0.0649198689956179
2025-12-16,0.0481332327521981,0.0456856607198649,0.0465472115105418,0.0470171647630562,0.0475870024073038,0.0477692499892728,0.0480808805049157,0.0485218537986047,0.0489997266361941,0.049355485885562,0.0497837446885143,0.0499326869092978,0.0520912633974698,0.0548660420349459,0.0607214563518628,0.0646147249475836,0.0643031982620359,0.0648358274929957
2025-12-15,0.0486932334289764,0.0459886557817733,0.0467886049233976,0.047303345115883,0.0476626297359707,0.0479897420763539,0.048301016514695,0.0485831222490668,0.0490754440866519,0.0494165479664608,0.049856279795465,0.0500078642903795,0.0520188574529531,0.0548866421801683,0.0607660682646548,0.0647164663335863,0.0644004992766672,0.0649262372982431
2025-12-12,0.0488347952634652,0.0459886557817693,0.0467826777941987,0.0472973112404406,0.0476623644405598,0.0479848638241549,0.0482993583317849,0.0485135393025734,0.0489945238503571,0.0493469795303107,0.0497763987264977,0.0498496968541296,0.0517805807580125,0.05459246489561,0.0604978220906256,0.064486938402187,0.0641697288345189,0.0646045879452536
2025-12-11,0.0488347952634656,0.0459886557817693,0.0467886049233924,0.0473033451158665,0.0476623644405597,0.0479897420763368,0.0482969724569309,0.0485114779120064,0.0489928993803252,0.0493450901298111,0.0497761902970464,0.0498494125834894,0.0517804835571228,0.0545695350632722,0.0605378746120496,0.0644102371033435,0.0639640509720927,0.0644453774313861
2025-12-10,0.0482715786282734,0.0458420509841362,0.0461898689631697,0.0471602651768605,0.0475096446161768,0.0478455348453692,0.0481644512133669,0.0483619695191801,0.0488529037439515,0.0491898903391333,0.0496356258557581,0.0497051559341044,0.0515336120226529,0.0543691964232135,0.0600745677241895,0.0640267230376798,0.0637580178802227,0.0641993159157247
2025-12-09,0.0484395637048328,0.0453532909100612,0.0459483670189178,0.0471984218290004,0.0475092474279182,0.0478494964187937,0.0481682809480204,0.0483610236159298,0.0488525140520655,0.0491949503086213,0.0496367313822582,0.0497032776600948,0.0515333441124176,0.054368935930432,0.0600738123509749,0.0640269825105137,0.0636906303607153,0.0641413658716926
2025-12-08,0.0478435206768847,0.0450110879703632,0.0457068212843797,0.0467213590003209,0.0469905052571174,0.0473286756413103,0.047714268464884,0.0480014993740213,0.0484831689727998,0.0488350242179169,0.0492668765706149,0.0495755334312053,0.0513974343277972,0.0542315273154139,0.0599324075043571,0.0638119494424208,0.063449731909832,0.0639289369494345
2025-12-05,0.046581459269191,0.044297162455288,0.0460585473265013,0.0460569144486727,0.0460298330958079,0.046514966303782,0.0468891481461236,0.0471853820549146,0.0477109171312537,0.0481379864347004,0.0484805438856787,0.0488014681809635,0.0506867733260746,0.0535370618487102,0.0592287340532146,0.0630523480705918,0.0626476397826302,0.0631989264884475
2025-12-04,0.0461563476448201,0.0442189085884673,0.0460642934162053,0.0456901259171159,0.0457029870472099,0.0461029307589499,0.0465456663801279,0.0468505440354587,0.0473835972654412,0.0477316938999719,0.0480715277914013,0.048387419573803,0.0504504429743395,0.0530860816226797,0.0588005881907157,0.0626209623881206,0.0624400830281932,0.0629629931716959
2025-12-03,0.0462947609730352,0.0442189085884673,0.0458227687029866,0.0455850332204837,0.0457026724489138,0.0461029307589495,0.0465530781690925,0.0468561056525161,0.0473860053556993,0.0477302438401626,0.048072241616034,0.0483876625903336,0.0504619460095754,0.0531756849271661,0.0589843823016566,0.0626157742839159,0.0622081603747415,0.0628787563103632
2025-12-02,0.0449796435863698,0.0433970585824426,0.0450371800887312,0.045212342821548,0.0448857183791669,0.0452939060625975,0.0458148407060334,0.0461218062112587,0.0464233100599927,0.0468367798961627,0.047103835428893,0.047343425532507,0.0494779213218008,0.052156846421431,0.0577571624537114,0.0614435119224491,0.0611015015786928,0.0617431640790229
2025-12-01,0.0441461632007462,0.0410960446419456,0.0440675596961476,0.0435957441176477,0.0433330138509732,0.043659634464924,0.0440355453325177,0.0444276292699329,0.0449453579108544,0.0452948580618112,0.0456322795161002,0.0458812303096553,0.0480187973529771,0.0507686992077281,0.0561636847153029,0.0599761020165176,0.0596435506176484,0.0602088330246325
2025-11-28,0.0426152929243488,0.0401182785124776,0.0414507610815058,0.0450252531932394,0.04259128142573,0.0428501001621713,0.0432400186716969,0.0436425974397172,0.0440202263845465,0.0444357448367539,0.0447222522973536,0.0451513400071698,0.047342148419237,0.0500256743943553,0.0552604788835304,0.0591822098476352,0.0588725716844865,0.0594340987203076
2025-11-27,0.0420859850615017,0.0401182785124774,0.0414507610815069,0.0447438938093916,0.042367974518617,0.0426263952840265,0.0430186952121849,0.0434209908435301,0.0437976492065918,0.0442915263068573,0.0446473733940949,0.0450812711354322,0.0472696744812052,0.0499513205066959,0.0552336996114409,0.0589164517426471,0.0588340107458998,0.0593824965026447
2025-11-26,0.0425411050781522,0.0401182785124774,0.0414507610815069,0.0450307253743034,0.0423714277945844,0.0426263952840265,0.0430186952121849,0.0434171089006517,0.0437969178045163,0.0442936466201348,0.0446462207725128,0.0450755302507154,0.0472669211512002,0.0499502397791603,0.0548582060728988,0.0589151413210748,0.058902337025349,0.0594302110530929
2025-11-25,0.0417000815380858,0.0399712278037274,0.0412665485665383,0.0449160026208309,0.0421508338501274,0.0424037108804135,0.0429431547007807,0.0433805332930405,0.0437661875316758,0.0443002300918621,0.0446521369746129,0.0450774949381423,0.0472690273580581,0.049951793094875,0.0549911457309688,0.0588916193649264,0.0588847886330922,0.0594186901997843
2025-11-24,0.0408489821226417,0.0392925550529392,0.0406652574411739,0.0439594675004868,0.0416302824803201,0.0420289351114857,0.0424240811689028,0.0430201300972985,0.0433258478182538,0.0438561333039978,0.0442931552611543,0.0444938306507494,0.0466824467287559,0.0493641131729546,0.0544196032617094,0.0582840796317045,0.0582837395982835,0.0588157039551516
2025-11-21,0.0401417925002446,0.0390592739921255,0.0405197431463954,0.043475751986547,0.0414070457954372,0.0418847230206784,0.042276418424975,0.0428841024395248,0.0431732290764586,0.0437006440984587,0.0441387978546378,0.0443460390004576,0.0465333338130473,0.0492119448017229,0.054051334081663,0.0581668723978736,0.0581563263098226,0.05867828302527
2025-11-20,0.0394270097178678,0.0386080475748518,0.0399957605133682,0.0433563802499151,0.0407289241662911,0.0411383278213524,0.0413876979034855,0.0420523085411621,0.0423589935715019,0.0428467360926996,0.0432883642731681,0.0434496156914759,0.0456828679123877,0.0483591701764156,0.0534054063213012,0.0572267919419186,0.0571857916509993,0.0577432940318654
2025-11-19,0.039286329372917,0.0386080475748518,0.039995760513368,0.0433563802499151,0.0407333364967655,0.0411383278213524,0.0413876979034856,0.0420546321479255,0.0423591764024847,0.0428487155073704,0.0432872702221933,0.0434482079639466,0.0460036310407828,0.0487423451378872,0.0535345558873399,0.0576257082332355,0.0575370654918968,0.0580676170331784
2025-11-18,0.039284222518758,0.0386080475748518,0.039995760513368,0.0433563802499151,0.0407333234060745,0.0411383278213524,0.0413876979034856,0.0420546321479255,0.0423611991861851,0.0428485870847665,0.0432891020050751,0.0434472852915157,0.046003783531829,0.0487424108987493,0.0535341563475941,0.0576260649186892,0.0575376319732694,0.0580684784417329
2025-11-17,0.0395591680255534,0.0386452557685317,0.0401219232496453,0.0430020165445434,0.0407714238618974,0.0411769411468261,0.0414250870692699,0.0420622387146049,0.0423597612197676,0.0428472317090913,0.0432867488536209,0.0431433396408708,0.0456999854958134,0.0484396459235529,0.0532282226355252,0.0572484957235168,0.057185328417972,0.0577572976522386
2025-11-14,0.0391768776829744,0.0390102325329707,0.040121923249645,0.0434757519865037,0.0407702601315416,0.0411745006962015,0.041422097321637,0.0420524429287277,0.0423591970815592,0.0428442718317772,0.0432866273644209,0.0431373453334168,0.0456659258141855,0.0484381760227982,0.0532051531859077,0.057183519215925,0.0572033036347839,0.0577694058340232
2025-11-13,0.038542178640807,0.0390102325329705,0.040121923249645,0.043480856611536,0.0405468757788254,0.0409505738703008,0.0410439204748163,0.0416778155535718,0.0418300718078409,0.0423918854164313,0.0429163318058104,0.0428366474551733,0.0453661223257206,0.0481371569152308,0.0529019535939248,0.0568760592396095,0.0568179754836328,0.0574127738512591
2025-11-12,0.0381757387695475,0.0400398528022136,0.040121923249645,0.0437201906895464,0.0406292149324527,0.0410116620064918,0.0411221110527516,0.0417532648468648,0.0419078695155988,0.0424571911415982,0.042983009830118,0.0429096747951042,0.0454205384211268,0.0482373476002451,0.0529411137074341,0.056850012115918,0.0567659175116633,0.0574318516846657
2025-11-11,0.0373833206237037,0.0397947527975793,0.0399569388146735,0.0437201906895429,0.0406308781745454,0.0410133437342303,0.0411243239221541,0.0415967004490236,0.0418317804574871,0.0423488234332649,0.0428763811169792,0.0428332268417713,0.0453445425407868,0.0481607997849894,0.0527319084438039,0.0567267975966318,0.0565947547452762,0.0572648474127685
2025-11-10,0.0367889031311135,0.0395474943887307,0.040684658150367,0.0429541199247655,0.0405546420587133,0.0409471026194412,0.0410363897257521,0.0415346446185935,0.0417551820165344,0.0422721599095381,0.0427920419009335,0.0427779722173817,0.0452418152326976,0.0481015126600884,0.0527412137442176,0.0566497885519793,0.0565216466396876,0.0571918793654636
2025-11-07,0.0367852070513102,0.0390592739921287,0.0401995559396915,0.0400141427410508,0.0401458827514924,0.0405315314790827,0.0406979345397704,0.0411839877465414,0.0413496620065318,0.0419059394770764,0.042306199931556,0.042331079290256,0.0449591765744476,0.0477972277415442,0.0523824834033029,0.0562268233005523,0.0556439526936059,0.0564660282753756
2025-11-06,0.0369870521909213,0.037587511167108,0.0401995559396866,0.0423216694454894,0.0404435950335588,0.0408434574357088,0.0410037866089544,0.0414380545781139,0.0417155147802722,0.04224108854952,0.0426761746114531,0.0425897774464942,0.0452495505529143,0.0480264717999769,0.0526796409869766,0.0565159119943751,0.0559632554474896,0.0567853631063025
2025-11-05,0.0369870521909208,0.0385688057231248,0.0401995559396866,0.040124151084143,0.0402248744161144,0.0406127692293774,0.0407789853247127,0.0412613662105757,0.0414932845432925,0.0420160486985116,0.0424516207401724,0.0423962962503733,0.0450052158228234,0.047767611927727,0.0523898098310358,0.0562076280684568,0.0557214093271526,0.0565158032224523
2025-11-04,0.0367889031311048,0.038568805723125,0.0397142776553665,0.0399031725325927,0.040070267676112,0.0404666822991795,0.0406387990098644,0.0411091448514322,0.041350919290507,0.0419501106857755,0.0423118251804646,0.042332903492025,0.04494107936943,0.0477024358185461,0.0522752848736152,0.0560804713664271,0.0556136112465562,0.0564077757705008
2025-11-03,0.0367889031311052,0.0383215277628903,0.0394715724456389,0.0397590297733491,0.0400024415704296,0.0403905511277931,0.0405637993145584,0.0410435320223318,0.0412733461842746,0.0418735949387884,0.0422360734449157,0.0423384470195959,0.0449428597376437,0.0477045155794278,0.0522169432142093,0.0560653152973097,0.0555831830358328,0.0563568927490457
2025-10-31,0.0367852070513102,0.0383155321751891,0.0392288231696317,0.03938957928158,0.0395450760946877,0.0399428263975407,0.04019263096693,0.0405598320706812,0.0408687628522352,0.0414665041138263,0.0418686087214443,0.0422775247589,0.0448769382895278,0.0476343165196525,0.0521225366055561,0.0559945860038039,0.0555099817929932,0.0562814273941536
2025-10-30,0.0367889031311051,0.0383135342008772,0.0397142776551558,0.0389418281146998,0.0395430490885501,0.0399426854664123,0.0401890755811412,0.0405678637871775,0.0408678875946644,0.0414665590910254,0.0418631572589787,0.0422839768307229,0.0448811386892979,0.0476369744047135,0.0520065208007048,0.0558547236013272,0.0554081403832592,0.0561406685931543
2025-10-29,0.0372446311743906,0.0384392530839462,0.0377519581948212,0.0379121650698767,0.038731592354024,0.0392690518852189,0.0395298998324383,0.0399830006745513,0.0404301038065653,0.0409449357614269,0.0415879460901825,0.0420841464678354,0.0446743272676636,0.0474269589334951,0.0515286463167564,0.0555432274073173,0.0549391249404903,0.0556655291994981
2025-10-28,0.0373833206237039,0.0384392530839462,0.0377519581947837,0.0379121650698608,0.0387313151616405,0.0392690518852088,0.0395298998324272,0.0399830006745414,0.0404317778524764,0.0409467117654666,0.041589645067787,0.0420832124623711,0.0446745741793503,0.0474270986834713,0.0514927281390266,0.0555362570685329,0.0549474077885677,0.0556716303888882
2025-10-27,0.0377102122871874,0.0386824552502415,0.0376741832506793,0.038095079865771,0.0389537026811842,0.0395111310397744,0.039834235318927,0.0402442415834159,0.0407225979635971,0.0412376846839094,0.0419118300740223,0.0424962951111026,0.0450825038153151,0.0478582245040164,0.0519260091269145,0.0559484304867694,0.0551689878882924,0.0558969412955758
2025-10-24,0.0375478720345072,0.0384392530839495,0.0376061264630691,0.0377542488685988,0.0386903716086947,0.0393339985421409,0.0396855664495559,0.0400636676801357,0.040560717789006,0.0411536834274182,0.0418563808535078,0.0425065255359202,0.0450898875808963,0.0478295265829755,0.0520058729010385,0.0558729517376585,0.0551779961252275,0.0559029447466012
2025-10-23,0.037551722723108,0.0386844919760942,0.0376450164801853,0.0378736524280823,0.0386884618780546,0.0393356434365139,0.0396878411697402,0.0400600169781221,0.040559766031687,0.041151137927832,0.0418547213763272,0.0425047822612485,0.0451303069853243,0.0479348706789664,0.0521349164445744,0.0559461967555843,0.0552518118269833,0.0559001184259912
2025-10-22,0.037383320623704,0.0391748798127038,0.0372657905511527,0.0376136532932802,0.0387701081565889,0.039410341604166,0.0397612530543493,0.0401461588964132,0.0406356165152838,0.0411858025590844,0.0419750670388809,0.0426255800068297,0.0452501694905816,0.0480770615390503,0.0519304298133147,0.055713986210699,0.0553643545107818,0.056085459538781
2025-10-21,0.0365610194771903,0.0378309311932583,0.0371199057785823,0.0376136532932805,0.0387717534824929,0.0394192790396456,0.0397631450447225,0.0400676276468544,0.0405593779781252,0.0410341766739603,0.0418181417329736,0.0423958341551318,0.0451071610209376,0.0480209880478048,0.0517876187520048,0.0555443907548114,0.0553563556599109,0.0560617293318774
2025-10-20,0.0366402848414341,0.0378309311928655,0.0371199057785821,0.0376136532932805,0.0387715948670124,0.0394192790396456,0.0397631450447224,0.0400676276468536,0.0405591505854294,0.0410340538347826,0.0418180278686608,0.0423974330305796,0.0451059677064963,0.0480537601490591,0.0517362529274984,0.0555503782456392,0.0553622803375656,0.0559863949867723
2025-10-17,0.036557368972443,0.0378309311928655,0.0371199057785821,0.0376098258273685,0.0387699452429038,0.0394159772750498,0.039760335318791,0.0400667678560086,0.0405592130611461,0.0410341241128722,0.0418179678870395,0.0423974526594336,0.0452727409330833,0.0481837191810382,0.0519512624038276,0.0556397813761046,0.0552815922897677,0.0559896688825355
2025-10-16,0.0363133050061727,0.0380762444794694,0.0369642778072852,0.037469180114476,0.0382059734026461,0.0389303071001159,0.0392757812488922,0.0397247302926464,0.040304483002279,0.0408549229358448,0.04172129139627,0.0422887960842321,0.0452342745609336,0.0481752114827862,0.0517154871509528,0.0555581360637261,0.0552750535573641,0.0559694157908003
2025-10-15,0.0356493539444025,0.0371340777928698,0.036818360130002,0.0369874520502836,0.0377645094157075,0.038526975829697,0.0388665084344283,0.0394029011499153,0.0399777502842105,0.0404106233186758,0.0413426697569692,0.0418418474164802,0.0448204941690912,0.0477279658942994,0.0513349822862316,0.0551966612287712,0.0549129301643043,0.0555250728434675
2025-10-14,0.0356493539444007,0.0367217406424047,0.0364778236054856,0.0367561401251266,0.0376092018984705,0.0383346044357641,0.0387631248734888,0.0394075555887465,0.0398248880730505,0.0402697205146417,0.0412002008591086,0.0417638443529502,0.044743684942052,0.0476398031190313,0.0512459834849161,0.0550532410846567,0.0548527814717747,0.0554593008920807
2025-10-13,0.0356493539444007,0.0373794763284786,0.0364778236054724,0.0367561401251194,0.0376092018984673,0.0383303519325622,0.038763124873487,0.0394075555887466,0.0398247556940734,0.0402669130437165,0.0412000886794973,0.0417654016570273,0.044742498105301,0.0476835576426834,0.0512528848502266,0.0549805628642278,0.0547406845540634,0.0553566935857169
2025-10-10,0.0356493539444007,0.0366235526334904,0.0358841096966254,0.036386202871308,0.0371997121506017,0.037844484342578,0.0382783606472896,0.0389230025767791,0.0393393669180515,0.0397052797641162,0.0406381848644091,0.0412421151200267,0.0442208168744299,0.0474990344776971,0.0505985945131833,0.0544372506901117,0.0541252399499229,0.0547699021451317
2025-10-09,0.0356493539444007,0.0366235526334826,0.0358841096966177,0.0363897867828683,0.0371979883107837,0.0378475233697063,0.0382809609240368,0.0389216264177291,0.0393385201037612,0.0397038489289011,0.0406368777488541,0.0412420259453013,0.0441689986090507,0.047194854084845,0.0504667598432826,0.0543291235832814,0.0540155604437216,0.0546378293159293
2025-10-08,0.0354015825428584,0.0366235526334826,0.0358841096966177,0.0363897867828683,0.037201910949657,0.0378475233697063,0.0382809609240368,0.0389238100502638,0.0393372689900314,0.0397028331882619,0.0406358882635897,0.0412406728272527,0.0439203094617903,0.0472134300926457,0.0501726787528478,0.054296934697333,0.053912331214536,0.0546682384100694
2025-10-07,0.0354015825428584,0.0364271621927782,0.0358062260180577,0.0363897867828683,0.037201910949657,0.0378487768242734,0.0382819326824398,0.0389238100502638,0.0393390173569989,0.0397052966271987,0.0406381913807013,0.0412397615054786,0.0439620246202994,0.047188720667406,0.050278394458171,0.0542117797378787,0.0538523164932092,0.0546919855459935
2025-10-06,0.0354015825428584,0.0364271621927727,0.0358062260180565,0.0363897867828683,0.037201910949657,0.0378487768242735,0.0382819326824398,0.0389238100502638,0.0393388865961225,0.0397051777711282,0.0406380807334477,0.0412412731114301,0.043919427221767,0.0472134315470577,0.0503368927946402,0.0542018431780019,0.0538461990984935,0.0546869516653921
2025-10-03,0.0353981595519818,0.0364271621927727,0.0356601818911652,0.0363862028713042,0.0371613997178009,0.0377774539751745,0.0382028017031241,0.0387659518750413,0.0391912997637355,0.0395477915694141,0.0404113895189184,0.0410148112156247,0.0436953969687125,0.0470643155706041,0.049881035944377,0.05400549916665,0.0536430738287205,0.0544752606392373
2025-10-02,0.0353964483872327,0.0369573722521743,0.0356601818911652,0.0363897867828683,0.0371597398027023,0.0377771077516271,0.0382053974386686,0.038764495233964,0.039190490948792,0.0395442648395945,0.0404101039508247,0.0410146320611082,0.0436953495315266,0.0470417738513906,0.0500248586176397,0.0539162260615955,0.0536415528882732,0.0544740340205875
2025-10-01,0.0353947374428803,0.0364271621927717,0.0354362165747185,0.0362065597689075,0.0369786604189308,0.0375951111497627,0.0380220678887483,0.0385836402033705,0.039005224380853,0.039360961827414,0.0402259279562239,0.0409106268624009,0.0436121775635517,0.0470022904483939,0.0496871653762538,0.0537731763993214,0.0535885463155613,0.054716084120888
2025-09-30,0.0354528546761484,0.0362325400306499,0.0353193502101317,0.03598471371951,0.0367544986956165,0.0373623036742344,0.0377198206392405,0.0383620524682342,0.0387839281584162,0.0391401319426533,0.0400064475412593,0.04075839310318,0.043418644166121,0.0467970400998391,0.0495045377765865,0.0535606886581592,0.053456388040489,0.0545752454351506
2025-09-29,0.0349076576149565,0.0359852133723992,0.0351732528877426,0.035946126773469,0.0367555117963729,0.0373639212922119,0.0377216163777068,0.0383628079145796,0.0387845240848308,0.0391410328978316,0.0400075540889879,0.0407604071207312,0.043438476467009,0.0467956301982714,0.0495030596436342,0.0534931620896026,0.0534722920885808,0.0545854815748656
2025-09-26,0.034907657614952,0.0359869768094358,0.0348712678224023,0.035942629198848,0.0365287617390188,0.0371393828501665,0.0373406938761675,0.0379103763183953,0.0384031011894629,0.0387673166317207,0.0396298189967127,0.0403914454438366,0.0430710636044423,0.0464254003636111,0.0491217207213124,0.0530918761141771,0.053104614660401,0.0542121989502886
2025-09-25,0.034907657614952,0.0359869768094358,0.0348712678224018,0.035946126773469,0.0365320926127769,0.0371393828501657,0.0373431740686398,0.037908843778361,0.0384017341261239,0.0387663536676925,0.0396287062754683,0.0403911693887854,0.0428329045085598,0.0464522870178473,0.0490513626885036,0.0530343300346372,0.0531087320962036,0.0542473226086341
2025-09-24,0.034907657614952,0.0359083902627485,0.0347933251189686,0.0357628184435219,0.036454372982856,0.0369153896812194,0.0372755253153858,0.037757234356632,0.0384054514880677,0.0387735440921161,0.0396301653034744,0.0403967539110578,0.0429615603019774,0.0464809913372599,0.0487154451275948,0.0527899676862696,0.0528100978353019,0.054152126170377
2025-09-23,0.034907657614952,0.0359083902627483,0.0344912542181064,0.0354636642755692,0.0361531674271646,0.0365444556401049,0.0369753638703121,0.0374681991589304,0.0381054070091569,0.0384739192731957,0.0393320025129001,0.0401770141379396,0.0426591074658821,0.0462655046119853,0.0484969686325811,0.0525270579199335,0.0525964201841994,0.0539323148057994
2025-09-22,0.0345805038036301,0.0359066344961227,0.0347933251189685,0.0357628184435217,0.0364549758805522,0.0369154903493688,0.0372755253153856,0.0377572343566317,0.0384058055215364,0.0387733752530865,0.0396316185505337,0.0403973304364692,0.0428054296161765,0.0464917628817033,0.0487226487631666,0.0526897735135417,0.0528400715677663,0.0541727955942652
2025-09-19,0.0345805038036301,0.0362325400306357,0.0344230352135287,0.0354602594084343,0.0360824908891611,0.0365424780188929,0.0369737497463519,0.0374676849087988,0.0381065884333682,0.0384713713246617,0.0393324281218697,0.0401786856863252,0.0427105265980898,0.0463377076328381,0.0485579348995935,0.052534560278653,0.0527607455038791,0.0540833933427507
2025-09-18,0.0345805038036301,0.03623254003065,0.0344230352135131,0.0354636642755692,0.0360857406805715,0.0365424780188265,0.0369761855565057,0.0374661961158909,0.0381052201585732,0.0384704182945832,0.0393312040973474,0.0401784004049969,0.042637970210431,0.0463749917832777,0.0485238211164381,0.0525410788934488,0.0527657393557965,0.0540867397236687
2025-09-17,0.0345805038036301,0.03623254003065,0.0344230352135131,0.035463664275569,0.0360857406805714,0.0365424780188265,0.0369761855565057,0.0374681991589302,0.038107225303664,0.0384719763425625,0.0393302740034681,0.040177188207696,0.0425863600918882,0.0463467438742177,0.048470376156782,0.0525279134671165,0.0527353676568838,0.0541535175248235
2025-09-16,0.0340847653608153,0.03623254003065,0.0343450663743793,0.035463664275569,0.0360866448859402,0.0365424780188265,0.0369771247305708,0.0374681991589302,0.0381077575647241,0.0384718610593244,0.0393324483722507,0.0401763138535844,0.042741917910033,0.0463690731481832,0.0484707300317939,0.052517925788712,0.0526664741302173,0.0540738911843976
2025-09-15,0.0340847653607944,0.0362307525184115,0.0343450663743781,0.035463664275569,0.0360866448859403,0.0365426327869424,0.0369771247305708,0.0374681991589302,0.0381077575647241,0.0384718436943086,0.0393323412863194,0.0401777596352973,0.0427303236672038,0.0463585625904738,0.0484599995003674,0.0525077274871196,0.0527038326499799,0.054105416413507
2025-09-12,0.0328550695617647,0.0335100282340231,0.0338186577477889,0.0350838484926744,0.0357066049915041,0.036031650667716,0.0365300981519224,0.0370916771187819,0.0377407239955638,0.0381054839820058,0.0390480837731477,0.0398821981589139,0.0424238244576771,0.0462131202457959,0.0482407691905431,0.0521765791575151,0.0523787860205839,0.0537435341072422
2025-09-11,0.0328550695617624,0.0335100282340043,0.0338186577477877,0.0350871818716742,0.0357097981991674,0.0360316506677134,0.0364932649228147,0.0370901224252765,0.0377393768370642,0.0381045361385056,0.0390478258269877,0.0398818909927538,0.0423512625250342,0.0461845780177491,0.0481894569263717,0.0521516725951079,0.0523989185046474,0.053680838559927
2025-09-10,0.0328153956778271,0.0333034784554686,0.0336528936094274,0.0347395338038975,0.0352431511962677,0.0355639231888382,0.036044177718746,0.0367251204112923,0.0373457129107061,0.0377198103498359,0.0387095741573244,0.0394734683910079,0.0420791704296101,0.045745950442966,0.0476581291689167,0.0516319443117244,0.0520374395265201,0.0533028735131912
2025-09-09,0.0326765339936162,0.0333034784554686,0.0336528936094272,0.034662262262001,0.0351655959185812,0.0354857511639375,0.0359657283652732,0.0366479241051031,0.0371990999836111,0.0376419083797809,0.0385630166272607,0.0393150455344188,0.041809146229676,0.0455860878308865,0.0474845657097444,0.0514556069333166,0.0518920208223133,0.0531524594633401
2025-09-08,0.0326765339936162,0.0330757424713516,0.0335066140651703,0.0343627786274823,0.0348737965186354,0.0351548495555314,0.0356340000850844,0.0365748648293852,0.0371260828218159,0.0375806504185045,0.0385724224117466,0.0393225475019518,0.0418946732416531,0.0456819313799109,0.0475429895515367,0.0515285740057314,0.051980529054879,0.0532381033506881
2025-09-05,0.0332617042478751,0.0328509621435107,0.0333505649089766,0.0340697258250539,0.0345681992177436,0.0346967143059707,0.035251085737683,0.0362060054849354,0.0369827014863117,0.0374316191196783,0.0385832809006393,0.0393367027454786,0.0419045249623358,0.0456773685159384,0.0475271358010473,0.0515369833196405,0.0519859014596582,0.0532417078972452
2025-09-04,0.0332617042478804,0.0328509621435098,0.0333505649089761,0.0340728703331353,0.0345711827505927,0.0346967143059728,0.0352532832933991,0.0362047241143254,0.0369814532997379,0.0374306884283264,0.0385820118451368,0.0393366434136815,0.0419045517189448,0.0458632140402282,0.0476503018432562,0.0515018143588314,0.0519589142755417,0.0532225511917291
2025-09-03,0.0332617042478804,0.0328509621435098,0.0333505649089761,0.0340728703331353,0.0345711827505927,0.0346967143059728,0.0352532832933991,0.0362066047886183,0.0369833649367854,0.0374322113387163,0.0385810910132204,0.0393351969189397,0.042080432200446,0.0461263278491982,0.0477901983794359,0.0516058236706652,0.0521423586704772,0.0532513471793307
2025-08-29,0.0331381925778803,0.0326877174558476,0.0332725335002962,0.0339877228612275,0.0344244523599378,0.0346277245178571,0.035173517263984,0.0361292490933915,0.0369079810638084,0.0373647028188078,0.0385050842425271,0.0392691523851941,0.042044388066119,0.04612172562453,0.0477385404163537,0.0515276762125541,0.0520668078474761,0.0531764911979835
2025-08-28,0.033141193001559,0.0318599636003248,0.0332042522816652,0.0335508235111189,0.0337417476947202,0.0341434548479556,0.0348037126595955,0.035535760927215,0.0365450804930006,0.0371111521341975,0.038393569686207,0.0392101771107493,0.0420825488078686,0.0460567440347653,0.0477318248779249,0.0516494925216857,0.0519948395379716,0.0531327650966281
2025-08-27,0.0331411930015586,0.031931613333835,0.0332725335002961,0.0335508235110818,0.0337445821007088,0.0341419499191435,0.0348029396211568,0.0355375681526085,0.0365439944906484,0.0371101853032408,0.0383921080811412,0.0392088476414371,0.0422068990324951,0.0461370239713898,0.0477866536727775,0.0517325569720918,0.0521070456593507,0.0532045436009799
2025-08-26,0.0327643361730762,0.031931613333835,0.0332725335002961,0.0335508235110818,0.033745236849474,0.0341444397420346,0.0348029396211568,0.0355375681526085,0.0365462753055434,0.0371090189710069,0.0383936265134352,0.0392079805183001,0.0422590355111276,0.0461775842960338,0.0478847330801662,0.0516578450852122,0.0521787834423769,0.0531942910743437
2025-08-25,0.0328932649060066,0.031931613333835,0.0330481678288984,0.0335508235110818,0.033745012842417,0.0341444397420348,0.0348054799050132,0.0355375681526085,0.0365461398342136,0.0371105201242279,0.0383953133597034,0.0392094192732006,0.0423717773250366,0.0459828857098461,0.0480825664436876,0.0518343766833182,0.0521810364742496,0.0532833342228356
2025-08-22,0.0322655726911241,0.0313299254840714,0.032531007890488,0.0330285040137871,0.0336764956769094,0.0341479037703931,0.0348091802012713,0.0355461126192972,0.036548362343434,0.0371124602634341,0.0383995458339256,0.0392163600295559,0.0421076682424533,0.0455435895724595,0.0486238829573872,0.0523439976259946,0.0525099214059101,0.053493189198896
2025-08-21,0.0321493876454478,0.0313285880406605,0.0325310078904889,0.0329511001396859,0.0336753171006812,0.0341466189094819,0.0348113368930608,0.035546593560299,0.036547765256326,0.0371124729024026,0.038398209857226,0.0392175251087025,0.0413425829676407,0.0444471787376443,0.0482439323988348,0.0521422795002627,0.052610559935094,0.05359290346255
2025-08-20,0.032020434735996,0.0309138941136425,0.0321893774734526,0.0326898178226578,0.0336004709463816,0.0339911725180838,0.0347366978043972,0.03555316497359,0.0365481858529188,0.0371167322299739,0.0383719358238473,0.0391392200590899,0.0413172180281285,0.0443017517904642,0.0478282896157909,0.0519077132449212,0.0524371404036339,0.0533159110343778
2025-08-19,0.0319013975608395,0.0309125919353911,0.0321893774734524,0.0326898178226576,0.0336006768986978,0.0339936286734684,0.0347366978043971,0.03555316497359,0.0365502060219567,0.0371155430261007,0.0383734695579512,0.0391383490018281,0.0412864812701961,0.044249443925323,0.0479050301915782,0.051968062328166,0.0524952147263677,0.0533721166283413
2025-08-18,0.0319609165948649,0.0307538240761685,0.0320429377107918,0.032544631475723,0.0334544992641206,0.0339944320103838,0.0347383532787626,0.035555796345534,0.0365531682201259,0.0371175880649905,0.0383745343390795,0.0391417371863278,0.0414417200581255,0.0444035253314223,0.047882024323729,0.0520177904994849,0.0525925597464144,0.0534251972144047
2025-08-15,0.0314621923878701,0.030749958433649,0.0320429377107938,0.0325417612479785,0.0334539353395744,0.0339944783492994,0.0347361914573765,0.0355551129022521,0.0365539138141273,0.0371172857052265,0.0383746806104075,0.0391418892033368,0.0415977667388157,0.0445235329771961,0.0479920275819071,0.0520478727894694,0.0525331204002441,0.0533806601512427
2025-08-14,0.0314648973592183,0.0307486701736706,0.0320429377107938,0.0324671901375012,0.0334525573182851,0.0339932092653359,0.0347383532787626,0.0355553391978865,0.0365532302752393,0.0371173210931786,0.0383732979365795,0.0391428950976614,0.0416709248389183,0.0446497426324916,0.0481058797871419,0.0522683207220191,0.0526530017266452,0.0535037195045482
2025-08-13,0.0317724365905338,0.0304747113505875,0.0318281303745892,0.0321864150026518,0.033260031411429,0.0337493317780341,0.0347015219913706,0.0354441769206138,0.0365158808548481,0.0370835376889014,0.0383350207864051,0.0391484086092607,0.0414787164623067,0.0447873874831966,0.0479190638506831,0.0520333076961278,0.0525347746599226,0.0535163564529284
2025-08-12,0.0319013975608402,0.030691345578992,0.0318086007234953,0.0322445128782226,0.0331721454670236,0.0337505326590577,0.0347017425637338,0.0354431271345759,0.0365194662772336,0.0370814859094363,0.0383367108566345,0.0391467534785884,0.0414888722635902,0.0447100020799169,0.0479016776000824,0.0521353566491933,0.052660395266721,0.0535361359715922
2025-08-11,0.0321493876454468,0.0307602696906089,0.0318867176162978,0.0323219714621242,0.0331717220001131,0.033750133628914,0.0347008603134519,0.0354417276130142,0.0365192057880229,0.037082743451685,0.0383359833104123,0.0391471798815501,0.0416215549499961,0.0449625736903218,0.0480568406334713,0.0522671915817304,0.0527639797756155,0.0536632969402013
2025-08-08,0.032017633540877,0.0309854093540736,0.0318867176162982,0.0325417612479659,0.0332387148041923,0.0338270440336146,0.0346986990423347,0.0354370895296845,0.0365180964461756,0.0370797251113128,0.0383362004370875,0.0391443749256884,0.0415377215149848,0.0448238367411938,0.0479572556429647,0.0521786938780862,0.0526897770012551,0.0535869024981094
2025-08-07,0.0310184270186396,0.0303835649550365,0.0314179477825299,0.0320024161253005,0.0328884225589356,0.0335650788818001,0.0344803728334874,0.0351798952132457,0.0363771528865751,0.0370084218047727,0.0383040457558902,0.0391988524319474,0.0416383311238858,0.0449322085422861,0.0481229610246554,0.0522620658658488,0.0528207987719873,0.0535421927690797
2025-08-06,0.0299764674577639,0.0298936209115448,0.0308903851866429,0.031673070454866,0.0327369787176656,0.033419954320544,0.0344175635042017,0.0351187127996081,0.0363008116047566,0.0369332410946042,0.0382289160084026,0.0391333168728823,0.0420805361435575,0.0453799393225255,0.0482242107299959,0.0525342618768465,0.0530268666511612,0.053791915569602
2025-08-05,0.029480200040714,0.0298148158807947,0.0308219821986833,0.0315955615897506,0.0326695966733287,0.0332661949536912,0.0343397772914545,0.0350413349071418,0.0361857594586038,0.0368261886399488,0.0380827421965985,0.0390147987530662,0.0419534399380253,0.0452307215678585,0.0481099076120061,0.0523511128021157,0.0528322317486002,0.0538901908305417
2025-08-04,0.0290831414072233,0.0295094168133548,0.03066561936927,0.0315955615897506,0.0326702645865845,0.0332679377038112,0.0343415251732146,0.0350413349071418,0.036186172913806,0.0368288691790883,0.0380838781698445,0.0390162744998406,0.0419935850764663,0.0453042745108308,0.0481585918621463,0.0524544729210543,0.0529180204252488,0.0536852223073973
2025-08-01,0.0289815748290088,0.0295870407165544,0.0307399490080799,0.0316703511066705,0.0327373326036619,0.0332675326889478,0.0343389737617439,0.0350394534910033,0.0361851618936037,0.0368282679514271,0.0380839138798413,0.0390154866932034,0.0419938512161088,0.0452921106226919,0.0481604743173291,0.0524414442769105,0.0529200314493148,0.0536864158501091
2025-07-31,0.0285867622274905,0.0294380865522638,0.0305823445685105,0.0315955615897496,0.0326684169495025,0.0332672495961519,0.0343430184551504,0.0350395087730712,0.0361862665192264,0.0368289456252098,0.0380837056275119,0.0390163276339632,0.0419840994697341,0.0453365454731972,0.0482749274356108,0.0525400291898061,0.0530162856496535,0.0537806450039067
2025-07-30,0.0287853213519729,0.0294404492260084,0.0305810732882532,0.0315955615897505,0.0326707656096383,0.0332659336585958,0.0343426859885182,0.0350413349071418,0.0361845902867402,0.0368281089622768,0.0380837020203995,0.0390150030256898,0.0419220054769536,0.045341782920405,0.0481249769855566,0.0524469402687576,0.0529394455463069,0.0537035914018222
2025-07-29,0.0291824097910781,0.0295882339771947,0.0307425182396793,0.0315955615897505,0.0326700975956843,0.033267487910034,0.0343403249877548,0.0350413349071418,0.0361860695422107,0.0368262826316701,0.0380811083047169,0.0390141188090562,0.0419016542102545,0.0453324787433478,0.0479745821214089,0.0524472989633873,0.0529665285696926,0.0537228032580819
2025-07-28,0.0291327759096273,0.0294207437606299,0.0306252507205876,0.0315568049042173,0.0326506890990774,0.0333076037227825,0.034341643475161,0.0350420272130613,0.0361865208595264,0.0368275539929883,0.038083571176455,0.0390161101435141,0.0420457570523798,0.0455417483951551,0.0481922393411981,0.0526660457298061,0.0531217125990416,0.0537857793198681
2025-07-25,0.0290312027136906,0.0294885266859771,0.0307777417186658,0.0316316040402963,0.0327274989403167,0.0333855620083391,0.0343393324788123,0.0350401183521881,0.0361853131096835,0.0368252184378551,0.0380826647027479,0.0390153026562793,0.0420460119512583,0.0455514653572083,0.0482506780266486,0.0526550853565394,0.0531120559010412,0.0537789166497756
2025-07-24,0.0287356825025061,0.0294183842407012,0.030703430213662,0.0315955615897519,0.0326486783961986,0.0333848099941783,0.0343386235353722,0.0350395087730712,0.0361865020911936,0.0368256219469526,0.0380831041846834,0.0390156619854373,0.042108509544151,0.0455469064667797,0.0484474632168047,0.0527669926711051,0.0529748455115415,0.0537643153809563
2025-07-23,0.0285371208936153,0.0293025068574645,0.0305861592534057,0.0315180467165454,0.0325737173905881,0.0333841793079254,0.0343420830232289,0.0350427195736056,0.0361868416816281,0.0368253228905552,0.0380825503126156,0.0390153552571509,0.0424307822128658,0.0458116170689152,0.0487911653302662,0.0530304767999531,0.0530827829742005,0.0539307321266207
2025-07-22,0.0279413764338989,0.028888622189016,0.0302538354578719,0.031149768992216,0.0323505119123004,0.0331637773926052,0.0341199223828286,0.0347440136015069,0.0358967124103402,0.0364421037508695,0.0376993258057233,0.0386450451310408,0.0418858850598088,0.0454647273735218,0.0482395179641511,0.0525567720897699,0.0526887326963603,0.0536976722727349
2025-07-21,0.0276434706542562,0.028888622189016,0.0302538354578717,0.0311497689922158,0.0323510081887323,0.0331637773926051,0.0341199223828284,0.0347440136015066,0.0358970201856266,0.0364435746914312,0.037700815829999,0.0386464904701303,0.0418949061276586,0.0454637254367851,0.0482266144616135,0.0525850339108371,0.0526853764032957,0.0536944325798776
2025-07-18,0.0276413821255052,0.0288480655591439,0.0302122509863469,0.0311083708421509,0.0323107448877721,0.0331249168942136,0.0340803746811432,0.0347048032926449,0.0358585057994341,0.0364144389446531,0.0376722765507709,0.0386079950395061,0.0417845361140073,0.0454071069174139,0.0481594315139102,0.0525019295226997,0.0526641591849409,0.0536671904552017
2025-07-17,0.0279413764338948,0.0288863470413721,0.0302147330896903,0.0311109950250528,0.0323088893304843,0.0331235457239566,0.0340789535794959,0.0347035081566941,0.0358575134965839,0.0364144375325559,0.0376722004047756,0.038607808424141,0.0416808303576567,0.0452710295099868,0.0481667146093722,0.0524381172016354,0.0525399991742639,0.0536647297287094
2025-07-16,0.0279413764338983,0.0288886221890159,0.0302147330896903,0.0311109950250527,0.0323115160005579,0.0331222255643333,0.0340810709654761,0.0347053079860681,0.0358560106297538,0.0364136681742696,0.0376707392699661,0.0386065361007306,0.0421164449015814,0.0456811349861797,0.0481261527418088,0.0526528298722706,0.0529969865017702,0.05411484496582
2025-07-15,0.0277427750663048,0.0288097772224033,0.0301365249097781,0.0310334425801732,0.0322436001913718,0.0330467231950036,0.0340819436402685,0.0347066799103109,0.0358594650429545,0.0364143722423557,0.0376704571009183,0.0386066913938478,0.0420863872149149,0.0457169740723061,0.0480780092799286,0.0526200123689719,0.0530428334507167,0.0541535740099218
2025-07-14,0.0272164333567215,0.0287013602761298,0.0300680889856222,0.0310334425801729,0.0322444741192828,0.0330473378659159,0.0340827073158691,0.0347066799103109,0.0358600083010077,0.0364162529438924,0.0376724852996169,0.0386081345720288,0.0420850233645021,0.0457057126013509,0.0480081598300833,0.0524588438500217,0.0529528557648838,0.0540814380796538
2025-07-11,0.0271051755000555,0.0283946904848656,0.029987426759786,0.0309532859041532,0.032243395308445,0.0330491570731319,0.0340829356058295,0.0347075702896569,0.035860467030321,0.0364171373802137,0.0376733944000554,0.038609387689704,0.0412678939885164,0.0448731202511527,0.0472098343576167,0.0516523699631858,0.0521521001363629,0.0532789446585079
2025-07-10,0.0271071838737161,0.0283957897257534,0.0287475651026842,0.0309558841204449,0.0322420342479896,0.0330478793829582,0.0340952824164887,0.0347062447243164,0.0358597961353988,0.036417194785122,0.0376831173010757,0.0386091733276262,0.0421695608052793,0.0457321010120371,0.0480379562046267,0.05264817357851,0.0530226558656471,0.0541543809673562
2025-07-09,0.0271071838737161,0.0283957897257534,0.0287475651026842,0.0311109950250525,0.0323908981794109,0.0332425045992769,0.0342448530096044,0.0348628775527565,0.0360038853858353,0.0365615864285921,0.037828223569855,0.0387526536479578,0.0424807131693151,0.0459881563513701,0.0483274910974201,0.0528477150567786,0.0532565840682238,0.0543924398941319
2025-07-08,0.0269979313822495,0.0283957897257534,0.0287475651026842,0.0308880155333995,0.0323910804395021,0.0332449191543796,0.0342448530096044,0.0348668409610684,0.036005881856158,0.0365602205137704,0.0378273072252939,0.0387547294410691,0.0423481265987347,0.0458235661113344,0.0482111738596669,0.0527162169345219,0.0531263457648862,0.0542619620675023
2025-07-07,0.0269979313822495,0.0283563578387737,0.0287475651026842,0.0308880155333944,0.0323910804395021,0.0332451441158135,0.0342448530096044,0.0348668409610685,0.036005881856158,0.0365618541209758,0.0378288294104448,0.0387561882870357,0.0424816800599721,0.0459347803164695,0.0483212077395874,0.0528414001073322,0.0532667132644846,0.0543990604232024
2025-07-04,0.0266483484823148,0.0285819667315809,0.0301340555903488,0.0314087791089902,0.0325366284353311,0.0332439782763079,0.0342286154502738,0.0348571799164432,0.0360035857121981,0.036560751694643,0.0378180920172899,0.0387495778489536,0.0424780932976707,0.0459414174790071,0.0483187496792941,0.0528384270783103,0.0532632009273478,0.0543964008509455
2025-07-03,0.0264516237920623,0.0285808530932207,0.0302147330896905,0.0314114539540932,0.0325355486268222,0.0332429164684883,0.0342262601696736,0.0348557304090357,0.0360030693313457,0.0365609386891869,0.0378173707476983,0.0387492814862143,0.0424779625492258,0.0459297603556594,0.0483200899388353,0.0528527949032825,0.0532609860284053,0.0543946547022911
2025-07-02,0.0265509580403285,0.0285797395704223,0.0302147330896903,0.0314114539540932,0.0325380573775888,0.0332418231691378,0.0342284001123599,0.034857538412777,0.0360014851850409,0.0365602979687993,0.0378158858203673,0.0387480021962735,0.0424780859549123,0.0458979371852313,0.0482756064665605,0.052728691802196,0.0532980269178393,0.0544215238282784
2025-07-01,0.0270475919786068,0.0286968691054746,0.0302147330896903,0.0314114539540932,0.0325372249991977,0.0332435936209496,0.0342284001123599,0.034857538412777,0.0360028478299428,0.0365585784408395,0.0378149817482923,0.0387471337353294,0.0424784839323913,0.0458762504491588,0.0482891544522208,0.0527553457016659,0.0532922702006175,0.0544179740774781
2025-06-30,0.0267496190758767,0.0287024833613354,0.0302159743449118,0.0314114539540932,0.0325377244011209,0.0332431137353942,0.0342286972665351,0.034857538412777,0.0360031566584246,0.0365596211604567,0.0378163607893022,0.0387485787456251,0.0424978517422321,0.0458964945845577,0.0482502666380448,0.0527588315693799,0.0532963667652499,0.0544198613955182
2025-06-27,0.0265490311488471,0.0283552616413657,0.0301768676301313,0.031437846061765,0.0324977996102689,0.0332049274953299,0.0341975272941413,0.0348172597200225,0.0360044657739299,0.0365621497092343,0.0378176698146296,0.0387495375501962,0.0425615805033674,0.0461223884511253,0.0483675912165683,0.0529172398249505,0.0532177347594511,0.0544227191025402
2025-06-26,0.0261536061238042,0.0282785819480533,0.0301768676301311,0.0314405258343191,0.0324970583217033,0.0332039281154761,0.0341996683458622,0.0348158353547681,0.0360041428623606,0.0365615826011676,0.0378161790160021,0.0387492401972094,0.0425614488135346,0.046143670545973,0.0483658525990215,0.0528356557532918,0.053234703422175,0.0544344630910103
2025-06-25,0.0253091011410094,0.02820956621358,0.0300302072613649,0.0312951579807117,0.0323548982782583,0.033010883330106,0.0340441452623229,0.0346626621179244,0.0358579310163714,0.0364154857017918,0.0376700935906323,0.0386031233491007,0.0424061426821464,0.0459669067063402,0.0482109910102614,0.0526910439847721,0.0531513210553985,0.0543627120778736
2025-06-24,0.0251103679588087,0.0280518069951788,0.0299519818194223,0.0309946641022036,0.0322772250167745,0.0330117688612851,0.0340450122116793,0.0346679712930313,0.0358615885271161,0.0364178779106658,0.0376721958607934,0.0386062176198738,0.0425545439748817,0.0461459902974377,0.0482928225547557,0.052749642417522,0.0531659476676978,0.0543856226912876
2025-06-23,0.0251103679588087,0.028209566213578,0.0300986507688215,0.0313726901322828,0.032355229562029,0.0330892252337336,0.0340433867659123,0.0346612925351947,0.0358600040196031,0.0364155434481768,0.0376709431697952,0.0386026727946013,0.0424044675804918,0.0459334152104682,0.0481776877235183,0.0525790411047161,0.0531240696232397,0.0543309055867484
2025-06-20,0.025207998455714,0.0279017732971125,0.0300986507688246,0.0313700218503613,0.0323538388790842,0.0330900884068326,0.0340412670633722,0.0346609269620079,0.0358602108834456,0.0364171223485279,0.0376711979646309,0.0386029784025972,0.0423950893826597,0.0459663210017047,0.04816469657418,0.0525789364416288,0.0531538415857742,0.05435773250822
2025-06-19,0.025110367958809,0.0282095662135803,0.0300986507688246,0.031372690132363,0.0323525757972972,0.0330868279393996,0.0340433867659123,0.034659511007929,0.0358595475989683,0.036415057353289,0.0376697395457934,0.0386026791948231,0.0423638151500345,0.0459128726655927,0.0481248888029492,0.0527523024824493,0.0530659756062177,0.0541866938231686
2025-06-18,0.0253091011409871,0.0283574541490593,0.0300986507688246,0.0314405258343191,0.0323548982782559,0.0330883931572845,0.0340433867659123,0.0346600943275847,0.0358579310163617,0.0364131932528214,0.037668841635075,0.0386005344220987,0.0421039342826025,0.0458983863504946,0.0481050667506804,0.0524759407901857,0.0530670721250578,0.054192471525198
2025-06-17,0.0255078243687904,0.0282095662135797,0.030176867630131,0.031440525834319,0.0323545670278053,0.0330892252337356,0.0340425200091942,0.0346600943275847,0.0358595936083209,0.0364155434481767,0.0376697146485257,0.0385996738695401,0.0420316923432935,0.0459695322020127,0.0482898326767622,0.0526168486310108,0.0533454742111363,0.0544942661564413
2025-06-16,0.0257264084232612,0.0283574541490587,0.0302550799158676,0.031440525834319,0.0323542026907931,0.0330883931572845,0.034041653355194,0.0346600943275847,0.0358593679173244,0.0364149906636139,0.0376689988914207,0.0386011041884123,0.041677882284958,0.0458945927938712,0.0482696663064799,0.0525651877773937,0.0533870138313708,0.0545224499530225
2025-06-13,0.025804070164692,0.028503115741712,0.0301768676301312,0.0314378460617649,0.0323528476627736,0.0330867115864517,0.0340404030152687,0.0346597266590294,0.0358595801197533,0.0364148741647804,0.0376698681984869,0.0386014068699362,0.041699575748604,0.045716703887337,0.0482863707590504,0.0525633703874793,0.0533977442195525,0.0545297900088564
2025-06-12,0.0260045888944543,0.0285053311199708,0.030176867630131,0.0309558841204402,0.0323510917773222,0.0330851699619269,0.0340425200091942,0.0346668549368346,0.035858804557795,0.0364139528566327,0.0376684098493899,0.0386075090370348,0.041599993341966,0.0456276297937416,0.0482920886069804,0.052618538434632,0.0534004799187917,0.0545315123213675
2025-06-11,0.0260045888944529,0.0285053311199708,0.030176867630131,0.031440525834271,0.0323537390474387,0.0330875612052502,0.0340425200091942,0.0346600943275846,0.0358572146660388,0.0364126417590793,0.0376675132777699,0.0385998611664696,0.0415752189196995,0.0455060814148584,0.0482776742525411,0.0526158843456691,0.0534114687853499,0.0545401492295769
2025-06-10,0.0258655010969959,0.0285053311199708,0.030176867630131,0.031440525834319,0.0323539708609549,0.0330875612052502,0.0340425200091942,0.0346600943275847,0.0358592243087884,0.0364144379617803,0.0376689969250876,0.0385990012423209,0.0415548501062538,0.0455625934834495,0.0482616276098112,0.0527086558004499,0.0533588635962361,0.0545366033416463
2025-06-09,0.0264019557352445,0.0286630544720508,0.0302941843430639,0.031440525834319,0.0323530768130277,0.0330866739268505,0.0340412200667075,0.0346600943275847,0.035858670484895,0.0364138485043228,0.0376679746049502,0.0386004303133442,0.0416053630689766,0.0454161662077095,0.0482130066494799,0.0525660625035347,0.0534102589186231,0.0545717608908289
2025-06-06,0.0264993715294815,0.0287298038443131,0.0304408157595918,0.0315153537829785,0.032351674275357,0.0330853808194036,0.0340374876087909,0.0346582895793687,0.0358588340519128,0.0364139883726629,0.0376670801243045,0.0385996588711585,0.0414605962268378,0.045084996260521,0.0481709839391882,0.052475269457721,0.053300643833128,0.0544415377625468
2025-06-05,0.0265012912270827,0.0288109087880074,0.0305874310964923,0.0315955615897505,0.0324964787667295,0.0332400907259405,0.0342638391476373,0.0347343385307244,0.0359244599166571,0.0364790499810878,0.037729030516003,0.0386666639262934,0.0416315207879648,0.0453643069783853,0.0484250655781409,0.0527577439308657,0.0535957361235748,0.0547338819926468
2025-06-04,0.0267694846323205,0.0288897599418291,0.0305874310964923,0.0315955615897505,0.0324986980951922,0.033242055204713,0.0342638391476377,0.0347361205967724,0.0359228046013468,0.0364774385114452,0.037728138224877,0.0386654946491441,0.0415488136770235,0.04521757616544,0.0482550790616713,0.0527221889422848,0.0536484473788874,0.0546935386054533
2025-06-03,0.0272660912181305,0.0288897599418288,0.0305874310964923,0.0315955615897505,0.0324978668267049,0.033242055204713,0.0342638391476377,0.0347361205967724,0.0359241581767051,0.0364792340758517,0.0377296128005754,0.0386646339699105,0.0413523898418729,0.0448368624479425,0.0480436112559184,0.0525200147804203,0.0533823483474388,0.054450800168587
2025-06-02,0.0274636855781712,0.0292642603581599,0.0308903851866428,0.0317408857840625,0.0326521856432491,0.0333867840375866,0.0344175635042018,0.0350387392463351,0.0361587874904858,0.0367036282728166,0.0379534993489304,0.0388170515398223,0.0413895852557792,0.0448445309114165,0.0481828287945757,0.0526724561525855,0.0535647376759708,0.0546264500414784
2025-05-30,0.0274605935854919,0.0292619257463797,0.0309646453500498,0.031738154840655,0.0326482595275617,0.0333869471273024,0.034415729428417,0.0350381826117048,0.036159529425847,0.036703964832599,0.0379532849416643,0.0388172276679974,0.0413904518867967,0.0447782299061414,0.0481315466262145,0.0525929471446837,0.0535956905103803,0.0546479676951099
2025-05-29,0.0274647164486047,0.0294873414657701,0.0309633421770671,0.0317408857840624,0.0326467729158869,0.0333845787349635,0.034415337389626,0.0350369202042341,0.0361586848716756,0.0367034095716241,0.0379532320105249,0.0388170735610797,0.0415664247752615,0.0449080545802775,0.0482974202594031,0.0528128127263312,0.0538270923818319,0.0548740652416626
2025-05-28,0.0275938175161163,0.0294601544956404,0.0295548461924025,0.0317408857840624,0.0326532768897619,0.0333832795872081,0.0344306740465262,0.0350387392463353,0.0361565105955665,0.0367026296907747,0.0379651126543376,0.0388158036181006,0.0415043718680098,0.044978861935464,0.0482702017268138,0.0529211170237255,0.0538660324635263,0.0549145272177061
2025-05-27,0.0279016569557129,0.0295291213979051,0.0309646453489928,0.0317408857840624,0.032652759170326,0.0333853007143984,0.0344135314870215,0.0350387392463353,0.0361580825427857,0.0367010563878286,0.0379531171479603,0.0388149408998518,0.04158756405502,0.044907878336981,0.0481896742765544,0.0528293322044309,0.0538714750053988,0.054834230926946
2025-05-26,0.0276831927173496,0.029381332242618,0.0309646453500499,0.0317408857840624,0.0326531265758078,0.0333861472117793,0.0344156664221762,0.0350387392463353,0.0361583099247171,0.036703433620062,0.0379516281336882,0.0388163739185331,0.0414931185719927,0.0448154064776161,0.0481795837724504,0.0528305956263018,0.053887528485469,0.0548443908709242
2025-05-23,0.02768109818938,0.0293801555706173,0.0309646453500499,0.0317381548406549,0.0326518498741034,0.0333862608986781,0.0344156664221762,0.0350381826117048,0.0361585841689858,0.0367035091179126,0.0379529046609574,0.0388165520763671,0.041369763511791,0.0447246280746655,0.0480321362103065,0.0528428013426178,0.0539229113230958,0.0548689408911153
2025-05-22,0.0276831927173492,0.0293001662170453,0.0309633421770671,0.0317408857840624,0.0326531265758078,0.0333855995831603,0.0344158895771838,0.0350369202042341,0.0361573647932905,0.0367040773638171,0.037952959325585,0.0388163956253376,0.0414525410766359,0.0448169388101702,0.0481012130431531,0.0529130196786207,0.0540089684502333,0.05495336681161
2025-05-21,0.0276831927173492,0.0293025068574647,0.0310401723321414,0.0318183833865191,0.0326531265758078,0.0333841793079254,0.0344141609908815,0.0350373552078426,0.036156417794228,0.0367829126663588,0.0380327917428682,0.0388845118598456,0.0415731848307839,0.0448613983177099,0.0482275702593918,0.0530663684497004,0.0541750941339681,0.055116410233121
2025-05-20,0.0276831927173492,0.0293813322426179,0.031068159174379,0.0317796353360256,0.0326531265758078,0.0333861472117792,0.0343736887276214,0.0349986683337553,0.0361186826836361,0.0367414548369035,0.0379929855032711,0.0388550242836014,0.0415447670692485,0.0449201943305862,0.0482251932098256,0.0530382283166099,0.0541332386683077,0.0550785038278862
2025-05-19,0.0278520070487615,0.0293813322426177,0.0310668474194513,0.0317796353360255,0.0326528426680041,0.0333861472117793,0.0343760238698971,0.0349986683337551,0.036118507177708,0.0367432769807917,0.0379916616920959,0.0388564625871542,0.0414813965235959,0.0449459680319891,0.0482139788037489,0.0530277117544561,0.0541401332278554,0.0550822280824585
2025-05-16,0.0278498869290406,0.0293801555706174,0.0310336266068262,0.0317768977561794,0.0326515604012011,0.0333862502742442,0.0343769470492836,0.0349981276026418,0.0361187684875401,0.036743345500875,0.0379935976641538,0.0388566498193439,0.0414512159408353,0.0449254895718414,0.0482189085721066,0.0530302609173426,0.0541407451250405,0.0550824317571426
2025-05-15,0.027852007048761,0.0293789790241161,0.0310323179025527,0.0317796353360257,0.0326501578664414,0.0333851380013724,0.0343771539011817,0.0349968568854247,0.0361179985894032,0.0367436185129104,0.0379936410330782,0.0388564834029843,0.0414615254761684,0.0449242268154311,0.0481952892005095,0.0530609287831651,0.0541849825711493,0.0551223291351116
2025-05-14,0.0284576934674343,0.02942074376063,0.0310602908551088,0.0317796353360255,0.0326518241396861,0.0333835045038664,0.034375897592562,0.0349986683337551,0.0361159932264179,0.0367426209889339,0.0379936977396291,0.0388552121304919,0.0414616034622068,0.0449252131188646,0.0482414658431515,0.05303900712169,0.0541810248370294,0.0551205533810023
2025-05-13,0.0281300385250852,0.0294897120330722,0.0310720953237831,0.0317796353360255,0.0326523751080349,0.0333855264345953,0.0343730395956823,0.0349986683337551,0.036118218141828,0.0367410430203494,0.0379918028274381,0.0388543472539074,0.0414619455761598,0.0449254346954269,0.0482882021942921,0.0530315204888164,0.0541755003682637,0.0551172375983226
2025-05-12,0.0278420769928112,0.0290167385763,0.0310720953237831,0.0317796353360255,0.0326528593677916,0.0333882357826631,0.0343751647011238,0.0349986683337551,0.0361185175011707,0.0367446655471697,0.0379903331809324,0.0388557843015557,0.0414607039576637,0.044947040016503,0.0482502949445503,0.0530762274051472,0.054171253726514,0.0551131546003005
2025-05-09,0.0274626548108522,0.0295870407165604,0.03111116587707,0.0318543790598075,0.0327301988650277,0.0334242594920344,0.0343747199776407,0.0349967231110023,0.036117589674236,0.0367417018709391,0.0379912972472139,0.0388549250005528,0.0414609064180593,0.0449458295099792,0.0483098990105971,0.0530658368910947,0.0541616988677059,0.0551062402271799
2025-05-08,0.0273256798314484,0.0295858475840729,0.0311098503907691,0.0318571299356595,0.0327289996773753,0.0334231982718245,0.0343749255767883,0.0349954783433793,0.0361169525727522,0.0367419994114925,0.0379913397338476,0.0388547767287513,0.0414608750773361,0.0449452707172685,0.0483103061843212,0.0530661232649588,0.0541619461334079,0.0551061916016177
2025-05-07,0.0273256798314061,0.0295882339771952,0.0311085350524963,0.0318571299356595,0.0327317015685774,0.0334216989877809,0.0343740563996751,0.0349972860148822,0.0361155756939367,0.03674108430485,0.037991657774533,0.0388535066408421,0.0414091922294653,0.0449387920905724,0.0482544809821247,0.0530244085610205,0.0541833439717622,0.0551221669263588
2025-05-06,0.0276037481934553,0.0298345174319816,0.03111116587707,0.0318571299356595,0.0327312327441995,0.033422706625808,0.034372596255476,0.0349972860148822,0.036117169906758,0.0367388542919994,0.0379907465931454,0.0388526433330915,0.0415337723361977,0.045029156207716,0.048426549794147,0.0531425587422377,0.0543025005826834,0.0552427474673955
2025-05-05,0.0277527053708026,0.0298345174319814,0.03111116587707,0.0318571299356595,0.0327309816154274,0.033422706625808,0.0344139966079569,0.0350366632704716,0.0361566403900815,0.0367805120501203,0.0380283704098846,0.0388832129091821,0.0413649385609847,0.0451260812974852,0.0484603249997546,0.0531763865840056,0.0543371082867119,0.0552750108883989
2025-04-29,0.0275452006965731,0.0294416307522857,0.0311124815114263,0.0317796353360255,0.0328769271697182,0.0334249330488116,0.0344143493064676,0.0350380471997951,0.0361532783139051,0.0367817616431274,0.0380276661322529,0.0388821269143866,0.041356487645521,0.0451053524361607,0.0484169611897874,0.0531325630766255,0.054562088047774,0.0555329521675214
2025-04-28,0.0275452006965731,0.0294416307522857,0.0311124815114263,0.0317796353360255,0.0328769271697183,0.0334249330488117,0.0344143493064676,0.0350380471997951,0.0361532783139051,0.0367817616431274,0.0380291533254804,0.0388835637475207,0.0413966614019471,0.0450803877334094,0.0484162533761556,0.0531460177865393,0.0545605402597509,0.0555306974029759
2025-04-26,0.027543126920537,0.0294404492260083,0.0311124815114263,0.0317768977561794,0.0328756355681754,0.0334642134755674,0.0344143493064676,0.0350383540473019,0.0361536006171809,0.0367809638804162,0.0380689914297592,0.0388835981007589,0.041304227449967,0.0451082957963208,0.0483845338363201,0.0532744950715545,0.0545369658167292,0.0555141487581267
2025-04-25,0.0275452006965731,0.029439267826009,0.0311111658770702,0.0317755292014359,0.0328741986350639,0.0334631141412324,0.0344145723934242,0.0350375992040116,0.0361528928159884,0.036781214730155,0.0380690460584443,0.0388838206313208,0.0413044340960388,0.0451079228020846,0.0483851065100395,0.0532749095862219,0.0545373156649112,0.0555141661544433
2025-04-24,0.0277140336790823,0.0294416307522861,0.0311098503907694,0.0317796353360256,0.0328766468039439,0.0334616546378237,0.0344137143208156,0.0350362300485315,0.0361512244324682,0.0367803035268739,0.0380693759365548,0.0388835863828559,0.0415113659560275,0.0451480931462977,0.0484166233162807,0.0531072173023002,0.0544765382625955,0.0555156739849144
2025-04-23,0.0277636890862001,0.0292642603581601,0.0311124815114264,0.0317796353360256,0.0328765643479323,0.0334650973407028,0.0344122151490328,0.0350380471997951,0.0361530556021469,0.0367797237368061,0.038068435433353,0.0388823136857995,0.041169895785142,0.0449640649018755,0.04805371181487,0.0530540262213457,0.0545854921625142,0.0555933598775314
2025-04-22,0.0277636890862001,0.0295106038682587,0.0314543285778943,0.032002416125493,0.0331396415412815,0.0338747751343865,0.0348620647191466,0.0353392213357199,0.0366032590985126,0.0371896326923236,0.0384734202878444,0.0393028935716851,0.0417138215668756,0.0452231717366518,0.0486247486782864,0.0536018824191262,0.0551809666521383,0.0561827539358011
2025-04-21,0.0277636890862001,0.0295106038682592,0.0314543285778966,0.0320024161254943,0.033139641541284,0.0338747751343942,0.034862064719158,0.0353392213357255,0.0366032590985277,0.0371896326923376,0.0384749427328313,0.0393043694149232,0.0415056139122882,0.0450945886199538,0.0484719601298855,0.053475095243956,0.0550543759723519,0.0560530348184829
2025-04-18,0.0280417480065076,0.0297348025399479,0.0314529839895693,0.0319996402365437,0.0331364060495478,0.0338724440312447,0.0348622969364199,0.0353385630949587,0.0366025796233336,0.0371891266643809,0.0384747931347497,0.0393044390170457,0.0414857195874909,0.0450952689818343,0.0484625555091148,0.0534776121578486,0.0550548782460807,0.0560531464932642
2025-04-17,0.0277636890862005,0.0296682477488179,0.0314516395542021,0.0320024161254944,0.033139641541284,0.0338713712710411,0.0348614354150583,0.0353373706811855,0.0366013228750988,0.0371885100771805,0.0384751537700315,0.039304307055382,0.0414546613270769,0.0450421060943581,0.0484462362116921,0.0534466481458553,0.0550719237449412,0.0560648978198226
2025-04-16,0.0280417480065063,0.0297372130287202,0.0314543285778967,0.0320024161254943,0.0331391760538542,0.0338734696920492,0.0348598729403665,0.0353392213357255,0.0366029720398253,0.0371869036113568,0.038474187135262,0.0393030941118991,0.0414547736182376,0.0450540528259814,0.0483621761754981,0.053459104707061,0.0550814920985058,0.0560727206857113
2025-04-15,0.0277636890861994,0.0295401630449678,0.0313761998675128,0.0320798934634119,0.033139641541284,0.0338746048423375,0.0348236939012448,0.0353378255542538,0.0366032590985277,0.0371895198366233,0.0384743028985779,0.0393011698086119,0.0414544324116711,0.0450427957442842,0.0484682933135131,0.0534421154742282,0.0550683437889592,0.0560640822668874
2025-04-14,0.0275452006965733,0.0294711909511927,0.0313761998675128,0.0320798934634115,0.0331400073268775,0.0339532944903116,0.0348236939012448,0.0353378255542538,0.0366034846727047,0.0371880020423523,0.0384758270638782,0.0393026424925974,0.0413291108126061,0.0450837143543895,0.0484827601952988,0.0534427914730906,0.0550704892514101,0.0560643602087302
2025-04-11,0.0275452006965729,0.0297151016028712,0.0314139235337195,0.0321545621100744,0.0331372336925578,0.0339508988235439,0.0348234753659378,0.0353358527028357,0.0366030216166347,0.0371874790734252,0.0384753585252179,0.0393017395373244,0.0412982595298033,0.0450846136982377,0.0484852933139787,0.0534434661947025,0.0550695210547338,0.0560634363148345
2025-04-10,0.0275452006965729,0.0297175089063612,0.0314152647975768,0.0321573647990562,0.0331400073268775,0.0339493646200788,0.0348221531349406,0.0353345869650149,0.0366015479011005,0.0371865808685183,0.0384753586965374,0.0393015607374008,0.0412465051806979,0.0450984795521509,0.0484638613972918,0.0534490083097037,0.0550739682360335,0.0560663246313469
2025-04-09,0.0275452006965729,0.0297175089063612,0.0314152647975768,0.0321573647990562,0.0331400073268774,0.0339518721249082,0.034821058816427,0.0353364299929352,0.0366034846727047,0.0371852015091048,0.0384746913146924,0.039300329061557,0.041256938452568,0.045153512723149,0.048457329263649,0.0534439537525123,0.0548779252973937,0.055893082592967
2025-04-08,0.0279623045676493,0.0295106038682586,0.0313371337876376,0.0321573647990562,0.0331393090436496,0.0339530668880338,0.034824141939988,0.0353364299929352,0.0366030540525172,0.0371878515751218,0.0384738887301874,0.0392994462698056,0.0413296480850844,0.0451597744797641,0.0484757943628265,0.0534501550202429,0.0548694100623707,0.0558876878002928
2025-04-04,0.0277140336790897,0.0292225142305217,0.0314139235337221,0.0321545621100744,0.0331369522708456,0.0339536572092471,0.0348235374450596,0.0353358527028357,0.0366028473656318,0.0371893068367915,0.038474670264098,0.0393010535256273,0.0413086135014235,0.0449304218203863,0.0483111786156536,0.0535667521166319,0.0549566094785056,0.0559597273258413
2025-04-03,0.0277140336790804,0.0292248425728863,0.0314125824222559,0.0321573647990563,0.0331397246708595,0.0339521993595394,0.0348227168457726,0.0353345869650149,0.0366013740152093,0.0371884614311295,0.0384750256074359,0.0393008744170329,0.0412671983737794,0.0451296036302222,0.0485067497325364,0.0535725756561666,0.0549058862187862,0.055843825171818
2025-04-02,0.0272969039881015,0.028978463763925,0.031333130360792,0.0321573647990563,0.0331793940414366,0.0339855016684359,0.0349013743093347,0.0354053302197118,0.0366722665439276,0.0373068518074328,0.0386334622254051,0.0394084536568874,0.0406724584732433,0.0447388052674764,0.0480090284335046,0.0534490986057474,0.0553420503115276,0.0564017239080274
2025-04-01,0.0272174457950163,0.0286531971279379,0.0313317961876338,0.0321573647990563,0.0331795272405523,0.0339873823362699,0.0349040227863133,0.0354053302197123,0.0366723487458009,0.0373099808154185,0.03863230247342,0.0394075649937147,0.0408173206786809,0.0446855724809613,0.0480640834075382,0.0534234580152818,0.0553359055835162,0.0563980344149025
2025-03-31,0.0272969039881041,0.0288503347545764,0.0313371337876374,0.0321573647990563,0.0331793940414366,0.0339862424637259,0.034902678364778,0.0354053302197123,0.0366722665439283,0.037309225404969,0.0386329962063451,0.039409045449335,0.0407439284239589,0.0446354781227633,0.0480018882697814,0.0534423505412408,0.0553528074277555,0.0564086698819874
2025-03-28,0.0272640592568038,0.0283552616413498,0.0313357991607651,0.0322223328420066,0.0331787206111572,0.0339892856614356,0.0349030702287743,0.035403584842502,0.0366731921818932,0.0373114798793398,0.0386332741877603,0.0394083104658305,0.0408681308028752,0.0447901390115499,0.0479929654934243,0.0534364430144804,0.0553323816330567,0.0563939768855469
2025-03-27,0.0272660912181303,0.0283541655568269,0.0313344646851597,0.0322251472947369,0.0331772865844496,0.0339880890049947,0.0349023605572887,0.0354022570617664,0.0366724240313185,0.0373117597919031,0.0386338321752718,0.0394080840141208,0.0408680524433041,0.044800496651803,0.0480627278178249,0.0533835577829524,0.055331957401642,0.056393426333909
2025-03-26,0.0269681347260599,0.0283563578387733,0.0313371337876375,0.0322251472947369,0.033180575037383,0.0339866725497217,0.034900476279665,0.0354041068182081,0.0366712863217386,0.0373109361352944,0.0386326288807132,0.0394068541847198,0.0409611016467936,0.0448061460453521,0.0481147437112642,0.0533954442825117,0.0553130513994752,0.0563812100294359
2025-03-25,0.0269681347260599,0.0282873501504188,0.0313371337876375,0.0322251472947369,0.033180575037383,0.0339896120245775,0.034902678364778,0.0354041068182081,0.0366732321221541,0.0373098092516363,0.0386311410205249,0.039405966994054,0.0409097324965904,0.044787919412769,0.0480839769200875,0.0534189168961841,0.0553183557289366,0.0563856119214751
2025-03-24,0.0269681347260599,0.028563366501401,0.0312687653809174,0.0322251472947369,0.033180575037383,0.0339880012222339,0.0349034643199581,0.0354041068182081,0.0366732321221541,0.0373106280336111,0.038633553749125,0.0394074445191266,0.0409086221432739,0.0447767213719188,0.0480374657123175,0.0533602784927919,0.0553430387978709,0.056401752604176
2025-03-21,0.0269661468796798,0.0286805260375699,0.0312674365483294,0.0322223328420065,0.0331792522182368,0.0339874274909568,0.0349038064092605,0.0354036119231664,0.0366735214423846,0.0373102475325597,0.0386337964212862,0.0394076426671333,0.0408578257615333,0.044462681968452,0.0479771691573582,0.0533064691428821,0.0553965705687773,0.0564393394733355
2025-03-20,0.0269681347260599,0.0287680969610993,0.0312661078660264,0.0322251472947369,0.0331777937892814,0.0339857660951557,0.0349030235222859,0.0354022570617664,0.0366727386122557,0.0373102156147689,0.038634304056167,0.0394073957989443,0.0407441276348878,0.0444368996689125,0.0479864519779903,0.0533136637217722,0.0554024213272468,0.0564432200392474
2025-03-19,0.0269681347260599,0.0290167385763123,0.0312687653809174,0.0322251472947369,0.033180575037383,0.0339828331404566,0.0349012597863863,0.0354041068182081,0.0366712863217385,0.03730838115626,0.0386331884805531,0.0394061670093977,0.0407441953526725,0.0444378189069864,0.0479856174837594,0.053353476773458,0.0555209967120982,0.0563899809630579
2025-03-18,0.0269681347260599,0.0298345174319003,0.0313371337876377,0.0323026073786262,0.033180575037383,0.0339805858619044,0.034902678364778,0.0354027088517846,0.0366732321221541,0.0373038361344472,0.0386311410205249,0.0394042390029681,0.0408367805414294,0.0444531474927085,0.047896051853065,0.0533621222495397,0.0554639040893993,0.0563383681227671
2025-03-17,0.0275938175161366,0.0305337957592185,0.0314152647975778,0.032302607378626,0.0331795053345767,0.0339080134808901,0.0349017802307511,0.0354027088517846,0.0366725713212564,0.0373045706632336,0.0386323590859716,0.0394057133613121,0.0409493039301251,0.044609165159872,0.0479447241882763,0.0532799668331957,0.0554554831194236,0.0563311306391142
2025-03-14,0.0270952450493894,0.030493139073832,0.0314920432917594,0.0322997794527524,0.033179095094088,0.0339084672352999,0.0349010238691166,0.0354021577873325,0.036673406438633,0.0373048722397385,0.0386318225365114,0.0394058684496503,0.0410017919278007,0.0448455812448524,0.0480147828980033,0.0532713824936017,0.0554186426821289,0.0563049801120371
2025-03-13,0.0270972519533575,0.0305706369000323,0.0316761955994874,0.0323800614629155,0.0332847280629005,0.0340537510156832,0.0348979657960145,0.0353994689879336,0.0367495927067282,0.0374509710566446,0.0388209150277228,0.039636019718162,0.0412703035357009,0.044982028251133,0.0481550924037209,0.0534297482303272,0.0556921476308221,0.0565667462466516
2025-03-12,0.0270972519533575,0.0305731843872335,0.0316789230059093,0.0323800614629155,0.0332875268472907,0.034052053295578,0.0348965599726654,0.0354013111058168,0.036748157193806,0.0374499396802298,0.0388200170462144,0.0396347730044346,0.0412187093212882,0.0449864747744533,0.0480748632954126,0.0533641257233353,0.0557234804277689,0.0565899582945152
2025-03-11,0.0265708245915288,0.0307208847772098,0.0316789230059093,0.032302607378626,0.0332884299280132,0.0340536929062929,0.0348987498193192,0.0354027088517846,0.0367506663733269,0.0374479935873329,0.0388185535229279,0.0396349195569075,0.0412196717375656,0.0450528281727565,0.048127496598528,0.0534445343481999,0.0556900884772552,0.0565671472616049
2025-03-10,0.0265708245915323,0.0301595647797989,0.0317570338993252,0.032302607378626,0.0332884299280132,0.0339786904483204,0.0348585897041618,0.0354027088517846,0.0367506663733269,0.0374538530341692,0.038820782974005,0.0396364253106934,0.0412391884011722,0.0451168104273497,0.0480727926753666,0.053393012353622,0.0557065754662721,0.0565774001362121
2025-03-07,0.0268668376745061,0.0301583251119607,0.0317556634113061,0.0322997794527524,0.0332866458109296,0.033978908576313,0.034858806921259,0.0354020533677515,0.0367506846076163,0.0374539983043451,0.0388209380501436,0.0396365154500858,0.0412193160098446,0.04498624781872,0.0480522293821978,0.0534225261737321,0.0557147911362617,0.0565829092485464
2025-03-06,0.0272660912181305,0.0304918719389275,0.032047117417528,0.0323413351706627,0.0333623639227146,0.0339759071578403,0.0348545675137733,0.0354001659239501,0.0367478449423937,0.0374530124383089,0.0388189573426677,0.0396358789842197,0.041446422340183,0.0453969514726912,0.0482119056343082,0.0536302161668225,0.0555861149067604,0.0564719902184399
2025-03-05,0.0298474439009587,0.0308193455945718,0.0323915145582434,0.0327478864598027,0.0336237091332556,0.0342071328703606,0.0350748212614418,0.035552112642603,0.0368866904965873,0.0376046398107263,0.0389596398791271,0.0397858035930203,0.0414955025477201,0.0460523510133651,0.0486768919521691,0.0540477660426543,0.0556849316826879,0.0565285006533795
2025-03-04,0.0306413684881694,0.0312328276685865,0.0325086162904492,0.0327478864598029,0.0336223341107074,0.0342072290986741,0.0350756621425928,0.0355521126426029,0.0368877975484626,0.037601737106721,0.0389571997206011,0.0397848994291894,0.041888902216088,0.0465859003826161,0.0492025048724317,0.0543484263817683,0.0558672295985364,0.0565543163126858
2025-03-03,0.0307405978916575,0.0312328276685865,0.0325769208633619,0.0328253060644208,0.0336221622717448,0.0342072290986741,0.0350748733516135,0.0355507097281565,0.0368876922116217,0.037603633499938,0.0389585160083345,0.0397853550065653,0.0420112122590834,0.0465654246070873,0.0493372790998089,0.0545636521682821,0.055691793508407,0.0566945502465866
2025-02-28,0.0309429735111489,0.0310694223197125,0.0328237644996348,0.0327449804664539,0.0335423192117581,0.034051729825183,0.0349922606637763,0.0354724991017829,0.0368181466104417,0.0375256301881868,0.0388781685785128,0.0397087388430861,0.0421622091013297,0.0466467080936446,0.0493494506468068,0.0545091248614719,0.0555602362173602,0.0565776090709096
2025-02-27,0.0308437239709085,0.0310694223197098,0.0328237644996434,0.0328253060644216,0.0335424807267978,0.0340517298251677,0.0349944358264687,0.0354701622824158,0.0368182453746323,0.0375275286851075,0.0388766732823112,0.0397069318297234,0.0421723153301205,0.0466247873630316,0.0493498920491136,0.0545636970075627,0.0555637232121302,0.0564822442859555
2025-02-26,0.0313200998602975,0.0315617177503408,0.0328237644996434,0.0328253060644208,0.0335417055261811,0.0340489320927183,0.0349944358264687,0.0354719939170516,0.0368177713502919,0.0375256699737055,0.0388785418946807,0.0397057118312771,0.0422552851667666,0.0467180571333004,0.0495835905543278,0.0548901597884395,0.0554646335953529,0.0564200198202125
2025-02-25,0.0315668288254867,0.03180782040496,0.0328237644996434,0.0331252504318336,0.0335413083718306,0.0340475337430036,0.0349944358264687,0.0354665721759078,0.0368175284959769,0.0375247409614712,0.0388785418946807,0.0397031310213167,0.0422520163589058,0.0467704096332259,0.0496583903492603,0.054856770667535,0.055452865252156,0.0564123350809095
2025-02-24,0.0315654674183233,0.0317473850044692,0.0328237644996434,0.0331252504318277,0.0336177854591345,0.034126135711183,0.0349944358264687,0.0354665721759079,0.0368160542645208,0.0375231822354188,0.0388785418946807,0.0397030319408432,0.0422307224458787,0.0467611489144014,0.0496367254157173,0.0548911379618683,0.0554513855362779,0.0564101951252183
2025-02-21,0.0316872685124151,0.0318668805732237,0.0330286559910226,0.0331222774552162,0.0336189982204448,0.0341254437962912,0.0349899349317697,0.0354657544008878,0.0368157857845945,0.0375208357000331,0.03887646986962,0.0397029684071175,0.0422728884995483,0.0468889191654382,0.0496590228324109,0.0548728876351954,0.0554373409366143,0.0564001429505056
2025-02-20,0.0318162659110687,0.0318078204049586,0.033028655991021,0.0331207912329763,0.0336187878414814,0.0341257801400071,0.0349921028037699,0.0354648881666223,0.0368156574555209,0.0375229465818313,0.038875017240679,0.0397022663144327,0.042273346650072,0.0468352574552541,0.0496872037888148,0.054858706690739,0.0554400966812062,0.0563217907022587
2025-02-19,0.0323123719414609,0.0319357819167675,0.0332725335002877,0.0331193051880662,0.033617978815458,0.0341250514204023,0.034989326340287,0.0354665642369906,0.036815163957731,0.0375224636254327,0.0388749078143794,0.0397009468282197,0.0423873490386103,0.046871273558049,0.0497595309572405,0.0548360744792936,0.0552797282669261,0.056203269976824
2025-02-18,0.0320629217882173,0.0319357819167675,0.0332725335002962,0.0331178193204503,0.033618383316129,0.0341250514204023,0.0349893263402869,0.0354665623469681,0.0368154106990921,0.0375224636254327,0.0388749078143794,0.0397024300825427,0.0423866877448157,0.046826657632477,0.0497510876640635,0.0548277090449668,0.0552872690883492,0.0562090670885957
2025-02-17,0.0324285547424825,0.031668639903646,0.0333408112319432,0.0330776568895958,0.0336163473676008,0.0341265252426042,0.0349885491144102,0.0354671411607453,0.0368151946054342,0.0375234403960591,0.0388743550191607,0.0397027659474693,0.0422102975548724,0.0468175386257824,0.049750732217432,0.0548129699250444,0.0553025819229407,0.0562186893787347
2025-02-14,0.0323322149344633,0.0316700066186231,0.0332725335002962,0.0330732112251828,0.0336179464585049,0.0341265650192912,0.0349871671447352,0.0354662834592423,0.036815144220314,0.0375215771589778,0.0388744947923092,0.0397026739607999,0.0422110162750086,0.0462663027407347,0.0498293449911123,0.0549853360269147,0.0553784356751473,0.0562667404690118
2025-02-13,0.0323322149344633,0.0316700066186231,0.0332725335002961,0.0330865529877892,0.0336179464585049,0.0341265650192912,0.034989326340287,0.0354654528373219,0.036815144220314,0.0375234667579256,0.0388730464340106,0.0397020004682235,0.0424186722586129,0.0464180496339446,0.0499080049741892,0.0551360837991877,0.0553827487415361,0.0563847799028032
2025-02-12,0.0325306395841282,0.0316700066186231,0.0335163665327186,0.0330478540462005,0.0336176229062667,0.0341265650192912,0.0349865509028868,0.0354679710179399,0.0368149468566966,0.0375234667579256,0.0388729338088116,0.0397013097564568,0.0426575218688154,0.0463358997662903,0.0499965336706561,0.0554831530771795,0.0550273257485477,0.0558305627409658
2025-02-11,0.0326283937530173,0.0316700066186231,0.0333895789055705,0.0330478540462004,0.0336174463413944,0.0341265650192912,0.0349879940023148,0.0354679710179399,0.0368148391539003,0.0375234667579256,0.0388739602005125,0.0397027950653144,0.0425842791296626,0.0458905795757995,0.0499486456417292,0.0551268759027889,0.0550995306789005,0.056027477647332
2025-02-10,0.0326269393698804,0.0318064418010982,0.0330481678289376,0.0330478540462004,0.0336160224343056,0.0341257366423804,0.034991880648918,0.0354679710179399,0.0368149938678371,0.037522917753928,0.0388767245450447,0.0397026959891408,0.0424386007458721,0.0456707296699519,0.0499786126048865,0.0552473422116056,0.0550640559523988,0.0560551929401972
2025-02-07,0.0321337806839558,0.0314829585571843,0.0330481678288932,0.0329288096998767,0.0335014357541823,0.0340102531597186,0.0348818148758873,0.0353511066442884,0.0366989663909527,0.0374851441758771,0.0388490145758988,0.039707344974605,0.0421419765008489,0.0455061393679787,0.049602194714962,0.0548554666399328,0.0552538914292401,0.0560879031240622
2025-02-06,0.0321337806839553,0.0313155850576996,0.0329798751505146,0.032931748234974,0.0335014357541822,0.0340112031880983,0.0348847404632307,0.0353501938432509,0.0366989663909526,0.0374876665034019,0.0388481101664219,0.0397065985287194,0.0421941948271217,0.0456791084079834,0.0496882497839613,0.0550392859504759,0.0552404340461146,0.0560905784567774
2025-02-05,0.0322329990093726,0.0315124936150894,0.0329018221035573,0.0329317482349739,0.0335012745325007,0.0340100855241613,0.0348856263887297,0.0353520030543471,0.0366988680169622,0.0374869238882712,0.038850608854633,0.0397053853386674,0.0420079282329833,0.0445877533709739,0.0494502124351208,0.0548639612039113,0.0554343837204065,0.0562266859170357
2025-02-04,0.0325986340362314,0.0314435778070706,0.0329018221035573,0.0330865529877891,0.0336564329303222,0.0341669792334526,0.0350327901810225,0.0355066240174218,0.0368536552544066,0.0376429063586191,0.0389970238476055,0.0398514093988816,0.0422969203437933,0.04491901985933,0.0497233094738065,0.0550620401975858,0.0556532216250515,0.0564502303947221
2025-02-03,0.0322599200940475,0.0314422305143966,0.0329018221035573,0.0330865529877892,0.0336555585222184,0.0341669356740828,0.0350327901810225,0.0355066240174218,0.0368541484560574,0.0376428774286811,0.0389970238476056,0.0398513099535862,0.0423377641851653,0.044676473293482,0.049744191822136,0.0550936888954779,0.0556632666646651,0.0564561091174294
2025-01-24,0.0329259789107556,0.0312171235683692,0.0329506057918907,0.0328610870933173,0.0336563971469619,0.0341682707220291,0.0350300573203094,0.0355097529791043,0.0368519129681894,0.0376418548501424,0.0389962065665214,0.0398535323947532,0.0422472179423813,0.0445300204533102,0.0495300279137786,0.0549042445264786,0.0557330981509324,0.0565386346439101
2025-01-23,0.0329259789107443,0.0313943507879329,0.0331457227472175,0.0328253060644208,0.0336563971469618,0.0341672599669532,0.0350300099731948,0.0355095144142263,0.0368538508113943,0.0376430928076653,0.0389931628800042,0.0398533039260455,0.0422894181700412,0.0444633509691691,0.049557482461331,0.0548757505404085,0.0557386173035505,0.0566228793389629
2025-01-22,0.033124356885502,0.030951253531212,0.0333408112319441,0.0330478540462018,0.0336560667449492,0.0341697871906823,0.0350277865468183,0.0355073242699439,0.0368536490907042,0.0376447712627119,0.0389934577307281,0.0398490439747245,0.0423911746002075,0.0445857858599488,0.0497394200893695,0.0552625991569592,0.0552618771928301,0.056246169043778
2025-01-21,0.0335210837263617,0.0315617177504489,0.0336333905948946,0.0330865529877897,0.0336164638569239,0.0341271817860702,0.034985219057233,0.035467271569369,0.0368144563057837,0.0376035303041264,0.0389520448604366,0.0398209059948965,0.0424439704423075,0.0443978795914417,0.0499920118511729,0.0554118803983124,0.0552785168608068,0.0563536201086788
2025-01-20,0.0335195487877093,0.0315603603412683,0.0336333905948618,0.0332316606821376,0.0337235187896251,0.0342346550449133,0.0351029187837162,0.035582697605021,0.0369607035916981,0.0376706775092268,0.0389490652409828,0.039735152943237,0.0424746501661059,0.0450176317076931,0.0499176121253417,0.0553122357253427,0.055002715471352,0.0561102412933678
2025-01-17,0.0335210837263462,0.0315617177503409,0.033438344800442,0.0330062013182615,0.0335385761274738,0.0340489320927213,0.0349852856338569,0.0354676475923127,0.0368141417511914,0.0376034224124553,0.0389532512024638,0.039821646841189,0.042631246065351,0.0450498913366696,0.0500135440591797,0.0552009348799315,0.0551263798757117,0.0562211857663811
2025-01-16,0.0335210837263462,0.0318078204049617,0.0334383448004354,0.0330091536069455,0.0335385761274686,0.0340475337430036,0.0349874389312517,0.0354668479673087,0.0368160781066311,0.037604397672235,0.0389517564286686,0.0398209924879898,0.0425903004378123,0.0450976500736389,0.0501058459562728,0.0552916677516435,0.0550869976294988,0.0561933278187011
2025-01-15,0.0337194325943298,0.0315617177503406,0.0334383448004354,0.0327478864598028,0.0334603555549626,0.0340489320927182,0.0349874389312517,0.0354733936136962,0.0368174986881108,0.037605328750556,0.0389536271547656,0.0398233205472764,0.0428623228997927,0.0452888064134425,0.0502385365128914,0.0553867748602017,0.0552484692236058,0.0563532583770412
2025-01-14,0.0340863524282405,0.0315617177503406,0.0333408112319442,0.0326414247157635,0.033459748186076,0.0339706794566597,0.0349100732288472,0.0354753185569096,0.0368171260092387,0.0376071274832322,0.0389564054842212,0.0398262762463058,0.0430907985524028,0.0454155276319148,0.0502712552769044,0.0554659281946333,0.0552004952610691,0.0563001121292249
2025-01-13,0.033916200331771,0.0306249753178199,0.0329018221035574,0.0324865510342989,0.0333139131344498,0.0338290316731092,0.0349150595296791,0.035478119219359,0.0368203040773289,0.0376139098070561,0.0389599681825059,0.0398282879996549,0.0431019427323793,0.0454052202892893,0.050201237071778,0.0553989908627675,0.0550877988883284,0.0561329070719149
2025-01-10,0.0340863524282344,0.030626253653612,0.0326578769583777,0.0324091051979419,0.0332357894348384,0.0337509550415694,0.0347685053245634,0.0354785947858954,0.0368198404681504,0.0376139123809353,0.0389653316516673,0.0398292829142919,0.0429996406973375,0.0458818902550164,0.0503406361162425,0.0551313108453351,0.0547718967834767,0.0560090731237115
2025-01-09,0.0337491840878475,0.0308232295290268,0.0326578769583774,0.0324091051979418,0.0332363437398695,0.0337498455136131,0.0347706514715893,0.0354776676844494,0.036822133261828,0.0376150959331771,0.0389637811362301,0.0398286005869469,0.04258531259026,0.0454081217687761,0.0500560619238838,0.0552344779165924,0.0550368633928131,0.0563086915308744
2025-01-08,0.0293733707533592,0.0312171235683253,0.032365084019281,0.0324091051979418,0.033243541796965,0.0337476271133256,0.0347739642912336,0.0354795198818304,0.0368265813833216,0.0376136047434746,0.0389680535408362,0.0398272357384684,0.0425335247018373,0.0452039204258985,0.0500317601051549,0.0551373270230656,0.0550059089603418,0.056192741036391
2025-01-07,0.0284190828546203,0.0311186572712896,0.0322674721223714,0.0323800614629156,0.033215938828186,0.0337188307345361,0.0347358150349589,0.0354406781166812,0.0367885753321359,0.0375748122656533,0.0389297915215043,0.039789962762502,0.042587379071093,0.0452893543840635,0.0499975035693965,0.0551613120194259,0.0549341053268169,0.0562103626723614
2025-01-06,0.0284179791580283,0.0311173376076403,0.0322674721223703,0.0323800614629155,0.033215989971603,0.0337190069212313,0.0347358150349584,0.0354406781166808,0.0367886069307099,0.0375749306746512,0.0389297915215037,0.039789863477477,0.0424727727580032,0.0451661633653819,0.0499687976885536,0.0551311646192921,0.0550280071168921,0.0562077781290385
2025-01-03,0.0284599071420327,0.0307050463126522,0.0323650840192776,0.0324062586962508,0.033215822346269,0.0337211582296607,0.0347325612785661,0.0354392983566291,0.0367865436774365,0.0375744522893375,0.0389286512145876,0.0397894567041299,0.0424940302174754,0.0450213464896215,0.0499949324991024,0.0550423628214043,0.0549285787908375,0.0562730867209078
2025-01-02,0.0327573500023291,0.0307050463126287,0.0323650840192767,0.0324048356947198,0.0332087578762037,0.0337211582296609,0.0347347117200814,0.0354384065144224,0.0367841386374088,0.0375763764951185,0.0389271041780013,0.0397888003246796,0.0424427223357484,0.0450042856840676,0.0500586150602769,0.0548581917472569,0.0549641940387964,0.0560584144797025
2024-12-31,0.0330956055318161,0.0307055098200077,0.0325606123095971,0.0323803038486022,0.033208403210447,0.0337213269746666,0.0347326543228154,0.0354408107643744,0.0367839188678497,0.0375764891932561,0.0389275219880317,0.0397894663423346,0.0424734371781322,0.0449472781006251,0.0499311473286631,0.0548153016106632,0.0550632854371088,0.0561416415987836
2024-12-30,0.0330950919599104,0.0307046833041142,0.0325594952939833,0.0323805462379171,0.03320856196827,0.0337214864458574,0.0347323754043047,0.0354409434130608,0.0367840163123117,0.037576855401954,0.0389275875482935,0.039789565625377,0.0424729029560327,0.0448821193676113,0.0498662259848849,0.0547660768292963,0.0551564109355005,0.0561382409923742
2024-12-27,0.0329309775412141,0.0307060662526018,0.0322941033260543,0.0328429594759764,0.0330926022580902,0.03368039961776,0.0345487004671427,0.0353240800783356,0.0366662342893151,0.0374977905931881,0.0389353461939656,0.0397869367920618,0.0426272672703798,0.0450000279848003,0.0501182799573166,0.0548642212789918,0.0552590023823196,0.0562465077747173
2024-12-26,0.0332593555360987,0.0307065272631151,0.03254127565569,0.0328461352653383,0.0330922651566541,0.033683019288035,0.0345446228105584,0.0353230358853393,0.0366679635598796,0.0374966020192007,0.0389324596870871,0.0397861904875023,0.0426277204941086,0.0450014163180675,0.0501058286505144,0.0548658275299116,0.0552602182834105,0.0562471573417342
2024-12-25,0.0332603654457798,0.0307069882874715,0.0325416001695434,0.032846381150932,0.0330924638815458,0.0336831875390866,0.0345468843036463,0.0353249795242749,0.0366680857404035,0.0374986285455429,0.0389310964724272,0.0397848752046796,0.0427211243475403,0.0449952171717755,0.0501008506028535,0.0548616396523423,0.0552573319670482,0.05632613052076
2024-12-24,0.0332613754167943,0.0304612029436298,0.032541924689869,0.0328466270402071,0.0330926626088244,0.0336847527448003,0.0345470320244963,0.0353251117423947,0.0366682079217416,0.0374996794859485,0.0389331038943525,0.0397867745086752,0.0427204630959298,0.0449947141966303,0.0500644019515412,0.0548678223929934,0.0552624306169629,0.0563302560593144
2024-12-23,0.0332607745982902,0.0307079103777165,0.0325422492166671,0.0330113775937584,0.033092818064347,0.0336052388223927,0.0345471797466096,0.0351648631035186,0.036598981785203,0.0372715487038896,0.0387429670739312,0.0396279296115739,0.0426142675947893,0.0448344944029431,0.0497725050055379,0.0545792190231675,0.055153310365399,0.0562039424781451
2024-12-20,0.0331066615224711,0.0304630324453076,0.0322963414426153,0.0330091502752635,0.0330157919933643,0.0335264079476197,0.0344025788751379,0.0350171279717418,0.0364407842612839,0.0372739592374649,0.0387495847831786,0.0396326784956777,0.0427838827192139,0.0450753724404406,0.0502879653675936,0.0545960039975081,0.0554433700776908,0.0562260684971504
2024-12-19,0.0312814893740726,0.0304634898550653,0.032055460165634,0.033012366128539,0.0324928068802768,0.0330004561878127,0.0337954116803552,0.0344848293872194,0.0360790638251039,0.036976022649146,0.0384954806798859,0.0393443566613287,0.0422676201535723,0.0448680869191367,0.0502849416741568,0.0549185154408185,0.054892511808453,0.0559762534106355
2024-12-18,0.0312824394284049,0.0304639472785594,0.030834766747025,0.0330126132714847,0.0322005976197465,0.0327069203063273,0.0336637563048137,0.034486644962642,0.0360851506532797,0.0369846497837209,0.0385076948987737,0.0393431168308023,0.0416979446737975,0.0442078350071327,0.0497425315914002,0.0547780385075827,0.0550635639104998,0.0564290836290165
2024-12-17,0.0314521571904449,0.0304644047157904,0.0308350742675144,0.0333321301085705,0.0322687555326265,0.0327756178931524,0.0337326507637737,0.0345598665676767,0.0361629669232368,0.0370629257244134,0.0385881418832465,0.0394090010663453,0.0417005698663466,0.0442121355699287,0.0495814743842706,0.0546910181148988,0.0552018446450495,0.0563042823893165
2024-12-16,0.0314515935508432,0.0304648621667592,0.0308353817940859,0.0333323796490152,0.0322689344486098,0.0327757816189686,0.033732795007924,0.034559995925911,0.0361630781237518,0.0370630367657105,0.0385882468998327,0.0394090994034676,0.041710409367283,0.0442444402609516,0.04966052631381,0.0548255269109529,0.0551542057910725,0.0562696417033342
2024-12-13,0.0314559787216403,0.0304662346020976,0.0313612293895066,0.0322849851130007,0.0322695307067654,0.0327739536180775,0.0337266291866056,0.0345783222351739,0.0361615395753684,0.0370627182216588,0.038584754522017,0.0394240748846382,0.0418240747020022,0.0442545540174341,0.0496258423336759,0.0548165350309085,0.0551449665293512,0.0563402248487517
2024-12-12,0.0316257205118581,0.0305849154445794,0.0315693979506288,0.032288076826407,0.0322694552901299,0.0327757844889357,0.0337232595993218,0.0345771758507082,0.0361634010964254,0.0370611399487675,0.0385823398611477,0.0394232405187762,0.0419176645955716,0.0444568263193035,0.0497305227111951,0.054787648300424,0.0552205572606054,0.0565757743006685
2024-12-11,0.0318351785435468,0.0303390645602807,0.0313645713146312,0.031804009056347,0.0320451050542925,0.0324835576048989,0.0335018304313639,0.0342823706058351,0.0357814878943434,0.0368415133041145,0.03858825179863,0.0394366145600282,0.0412542266737578,0.044541571963994,0.0495557428272682,0.0548132298815503,0.0542837235526631,0.0570728574283463
2024-12-10,0.0308431751504457,0.0302212787657645,0.0310326799878087,0.0310773374631176,0.0317836030086302,0.0321807742024178,0.0332797119647207,0.0341080648295619,0.0356789136387543,0.0367691710080854,0.0385184593679177,0.0393828837988758,0.04081094455873,0.0440787098110441,0.0494101829413548,0.0547100095999798,0.0542967170671273,0.0570633709692907
2024-12-09,0.0308425763736476,0.0299458047547307,0.0310329895067642,0.0309612146686688,0.0317837808275744,0.0322607833400373,0.0332798542763291,0.0341102139505954,0.0356790243464211,0.0367685492733612,0.0385185641968816,0.0393845515413156,0.0408527759548302,0.0441097407828844,0.0494170408805372,0.0547605930837237,0.0543435789496112,0.0571084837871627
2024-12-06,0.0308469234855186,0.0300949838240557,0.0308358148856083,0.0309592785281592,0.031784366560329,0.0322582151043297,0.0332816148074142,0.0341098252281653,0.0356775252623948,0.0367676649541632,0.0385209142016294,0.0393851865082516,0.0406573428232315,0.0441326944812903,0.0494403264958583,0.0546286095486587,0.0543780242871424,0.0571340754268466
2024-12-05,0.0305995424023704,0.0300954358024875,0.0308387649912664,0.0309621419079404,0.0317849474354188,0.0322606257121876,0.033280561776571,0.0341089934842661,0.0356797523653621,0.0367665563087071,0.0385201935681281,0.0393845600614197,0.0406371647372834,0.044069957406056,0.0493995867035522,0.054669318983847,0.0544450334517471,0.0571952631404562
2024-12-04,0.031097108657516,0.0293566072608404,0.0313667612283466,0.031117517148563,0.0317160940024021,0.0322647994847204,0.0332769512752762,0.0341081571436993,0.0356807600240406,0.0367713100284057,0.0385144836620145,0.039381111290344,0.0406359001378219,0.0440580521773188,0.0493761112633731,0.0546732251616933,0.0544483052314796,0.0571165138205825
2024-12-03,0.0310980535424741,0.0298499395208451,0.0312009707783119,0.0311177501321252,0.0317162844883085,0.0322622852516265,0.0332789006469737,0.0341082848174012,0.0356808789238411,0.0367695784881029,0.0385178506269675,0.0393830486436582,0.0403151603976189,0.0438822981999059,0.0490556664759232,0.0545441611008224,0.0546774926122936,0.0566725935757977
2024-12-02,0.0310973667675072,0.0300179458379698,0.0308774545333437,0.0311179831191733,0.0317164589481778,0.0322615370797193,0.0332816732787899,0.0341084124920589,0.0356809877625259,0.0367690626791523,0.0385209472554824,0.0393831469194695,0.0401701678887733,0.0435322515223433,0.0488251745114834,0.0543115992357637,0.0545412729313532,0.0568692634070713
2024-11-29,0.0312988192925241,0.0303458703517758,0.0308810409396755,0.0311160153717683,0.0317145963061189,0.0322603207714864,0.0332783619072694,0.0341080664489462,0.0356810414552995,0.0367660557159428,0.0385213107533479,0.0393838219056866,0.0401504630493896,0.0434674407276467,0.0488936728501725,0.0544566667128961,0.0545030077061189,0.0568000426416771
2024-11-28,0.0312980752504219,0.0303463286655041,0.0310377421573773,0.0311189151022551,0.0317151783787638,0.032260482232937,0.033281809490216,0.0341071968895801,0.0356816453781334,0.036768048339525,0.0385177571074278,0.0393831392070875,0.0401508988711505,0.0434687304000976,0.0488929535891528,0.0544560996638433,0.0545025548292754,0.0567995299277665
2024-11-27,0.0319643822246035,0.0305931700837379,0.0311064693545152,0.0310415753381475,0.031716816601285,0.0322593192294114,0.0332812118994146,0.0341103984144195,0.0356798418927685,0.0367672475759796,0.0385192410244764,0.0393828422535676,0.0401515569766939,0.0434692452764206,0.0487868571953936,0.0543242024981376,0.0545512150664106,0.0569182744765199
2024-11-26,0.031846165267071,0.030347245334548,0.0313706426948847,0.0309642283993757,0.0316391702437815,0.0321824540709005,0.033209751334728,0.0340330741491088,0.0356042361268775,0.0367002628994336,0.0384387775721629,0.0393073614410645,0.0400737327879265,0.043391200456876,0.0487074250254485,0.0542439419463021,0.0544717881649816,0.05683734377378
2024-11-25,0.0315988280920473,0.0303463559614483,0.0303543035781294,0.030595873310103,0.0315617268570227,0.0321041934733958,0.0332208701759819,0.0340395909949613,0.0356061825403222,0.0367020847586421,0.0384470304450976,0.0392318306806818,0.0399970471263034,0.0433690735588641,0.0487659543855287,0.0543419760311118,0.0541350203016026,0.056774934650502
2024-11-22,0.0303069302512262,0.0305954805366829,0.0303552153195621,0.0305939728624856,0.0314948581452227,0.0320250695669282,0.0332212970550854,0.0340392358577198,0.0356094714742067,0.0367014270924882,0.0384463796709641,0.039232486267825,0.0400186096288957,0.0433560368090084,0.0487678936926961,0.0543276200980422,0.0541375159378453,0.056776661201804
2024-11-21,0.0299832015756987,0.0303495372494589,0.0303555192455442,0.0305967897040351,0.0314162635411,0.0320265444792302,0.0332214393505577,0.0340383582009937,0.0356107300443573,0.0367043299777223,0.0384455172881534,0.0392318179561365,0.0398745610872513,0.043312220129308,0.0487799586026472,0.0543370722358778,0.0541446586339685,0.0567818112734731
2024-11-20,0.0299840931368508,0.029955678449256,0.0307176237808527,0.0305970188110956,0.0314152005837913,0.0320288088572161,0.033217674491203,0.0340402281111895,0.0356101035553116,0.0367058957116994,0.0384446538246073,0.0392304859391459,0.0398436064944383,0.0433033304569491,0.0487234359393809,0.0543352974630195,0.0541570821342902,0.0567920622664307
2024-11-19,0.0308097110129495,0.0305968669759929,0.0320665007719167,0.030917358719467,0.0316371268643054,0.0321822603990485,0.0332719980313192,0.034034806406646,0.0356068383996071,0.0367001241542526,0.0384322367277055,0.0393087007957819,0.0399094392418436,0.0433698601417899,0.0486960298545783,0.0542848785304221,0.0542858664981985,0.0569523674807281
2024-11-18,0.0319729369836675,0.030349547051637,0.0310408498466487,0.0310824570580505,0.0315561729949394,0.0321836533116694,0.0332832350551635,0.0341108738011226,0.0356865506097399,0.0367708509925083,0.0385207349332268,0.039385045933215,0.0400061898823192,0.0434567121327547,0.0487718377812528,0.0543785420521364,0.0543614555499533,0.0570301432165315
2024-11-15,0.0316442900294363,0.0308451134213074,0.0303573429293422,0.0307604634701947,0.0314852131103823,0.0321032320239309,0.0332202846712258,0.0340373325227761,0.0356100840505159,0.0366995342487735,0.0384477559362374,0.039311597420537,0.039921512125122,0.0433696246891394,0.0486980361047697,0.0542997350044197,0.0542828884632599,0.0569487590696549
2024-11-14,0.0253651323348353,0.0311412213298832,0.0303576468978394,0.0301131637273972,0.0310357241295079,0.0317981846704385,0.0330652294293193,0.0339688122801409,0.0355461068778607,0.0366275010784571,0.0383800108218138,0.0392411771222404,0.0398493266920567,0.0432207168178711,0.048617031704038,0.0544610896362038,0.0541577619304153,0.0568326343679655
2024-11-13,0.0252862792047721,0.030451782723948,0.0298688413237715,0.0299483562269434,0.0309007315796794,0.0316550468087546,0.0329232184558822,0.0338257173863826,0.0353976839282835,0.0364739339882801,0.0382292298143474,0.0390948233016017,0.0396322594212968,0.0427535229840081,0.0484805869445768,0.0542592019883445,0.0540508257929563,0.0567114211872522
2024-11-12,0.024371402835294,0.0290716958434754,0.0284007230903059,0.0294630278296491,0.0307949615467779,0.0316232870929327,0.0328997540555431,0.0337947792921317,0.0353630974541126,0.0364500700784797,0.0382119390625587,0.039064005686358,0.0394935877275074,0.0425498571821966,0.048334505170727,0.054164815695431,0.0540644434174429,0.0567109069593077
2024-11-11,0.0242526788142487,0.0289722207237595,0.0284010074755891,0.0294632484619878,0.0307953347958108,0.0316242480433511,0.0328998949797991,0.0337949058032154,0.0353633365116358,0.0364507380270335,0.0382120431689512,0.0390641031711432,0.0394415634276999,0.0425098570919177,0.0483410115463113,0.0541718497381849,0.0540690484587613,0.0566721419344482
2024-11-08,0.0242524084387251,0.0289748000515314,0.026970994118473,0.0302381590357109,0.0307948396643681,0.0316244399698801,0.0329135637395683,0.0337822921056138,0.03536394916662,0.0364489888783867,0.0382235219369402,0.0390552435990631,0.0393439149005873,0.0423585132738777,0.0481338368380345,0.053771390869273,0.0539717341380341,0.0565569976574799
2024-11-07,0.0244048929170441,0.0291725411595963,0.0269712641984251,0.0302409312864728,0.0307543345112743,0.0316627571543043,0.0329551282153046,0.0338985515839684,0.0354728584481688,0.0365590577932472,0.0384115160173931,0.039242035861128,0.0395610058294068,0.0425980443158021,0.0484685629611637,0.0542181304549891,0.0541361881622608,0.0567445159702284
2024-11-06,0.0244056189074333,0.0289756755553853,0.026971534283785,0.0302411577526258,0.0307569579808675,0.031663956362866,0.0329552693797762,0.0339004219836247,0.0354717556929977,0.0365598930676473,0.0384136143875907,0.0392406223703572,0.0395815862845752,0.04261842193968,0.0483825942600553,0.053942840255408,0.0544481123720074,0.0570204341141242
2024-11-05,0.0246452728273674,0.0289761133271538,0.0272953630343192,0.0302413842221708,0.0306786387527355,0.0315857141239892,0.0328732492489266,0.0338217134488054,0.0354056702675995,0.0364819840331358,0.03833282783657,0.0391741496052008,0.0394615238868183,0.0425096710256643,0.0483194896851103,0.0538777263210583,0.0545096998628751,0.0569049606909833
2024-11-04,0.0246460060121377,0.0277219870912848,0.0278249325500208,0.0299989199483701,0.0306788222330265,0.0315926550469243,0.0328677295321702,0.0338260206862723,0.0354057879749662,0.0364868241420066,0.0383286957786134,0.0391775040676834,0.0394939655363522,0.0425202721238468,0.0482114424868124,0.053828259048103,0.0544116586123845,0.056972800988836
2024-11-01,0.0238391988522297,0.0259917655119144,0.0264824755920231,0.0287829101462216,0.0304939407343931,0.0315305675024447,0.0327328637714003,0.0336993923290118,0.035252414209274,0.0364243703672463,0.0382628777016747,0.0391183991256536,0.0393870124296196,0.0423877208662865,0.0481024807639021,0.053535700481485,0.0543991361176112,0.0569406475408826
2024-10-31,0.0238386644684344,0.0259911011282387,0.026482740798678,0.0287854446084329,0.0304929579956157,0.0315297318768925,0.0327350694674554,0.0336977472003984,0.0352519879245468,0.036426756919473,0.0382612782958396,0.0391171577073015,0.0393871015402487,0.0423778263824878,0.0481026079817682,0.053535796657919,0.0543991911586227,0.0569404974682158
2024-10-30,0.0239874541022941,0.0259904340788886,0.0264830060106432,0.0290286547552377,0.0304953423031617,0.0315299637288648,0.0327352096935023,0.0336954835972575,0.0352502560632631,0.0364271932628059,0.0382633723195005,0.0391124691551287,0.0394057112250571,0.0424075282436571,0.0480499449945469,0.0534305179361941,0.0544271061969531,0.0569624274899558
2024-10-29,0.02398690165419,0.0258379863429103,0.0264832712279206,0.0290288721560157,0.0304955593316295,0.0315348247675686,0.0327353499207502,0.0336956097427657,0.0352522811015249,0.0364263802892964,0.0382634765697125,0.0391144389719944,0.0394052354174816,0.0423637280465934,0.0480769115874357,0.0534162820206951,0.0544300897790625,0.0569653672207744
2024-10-28,0.0240659753439132,0.0258383746096441,0.02648353645051,0.0290290895600386,0.0304956467018656,0.0315349823337597,0.0327354901491996,0.0336957358892185,0.0352523368254135,0.0364264894395308,0.0382635808204925,0.0391145365860471,0.039394461364844,0.0422885619748157,0.0481551916283794,0.0534933920050328,0.0544071680912864,0.0570295220474971
2024-10-25,0.0261834324510788,0.0250290354313139,0.0263175403696655,0.0286580455964674,0.0303740837364484,0.0313794702330502,0.032578186300364,0.0335446556515241,0.0351042294998714,0.0362735392687706,0.0381986095188631,0.0390443347070648,0.0392911053023038,0.042345560168976,0.0479993953524496,0.0534179578697167,0.0543306311595058,0.0568670624423311
2024-10-24,0.0248631986965056,0.0250294115645726,0.0259939690499957,0.0285438891961994,0.0303362579852088,0.0313437395043853,0.0325444420452741,0.0335449955414763,0.035106056983234,0.0362727658881286,0.0382005605269241,0.0390446644533931,0.0393024531753313,0.0423357506265035,0.0480113981700923,0.0534161146012109,0.0543291671932433,0.0569070246174134
2024-10-23,0.0248639386286732,0.0250297877091364,0.0259942293854014,0.0285441029760764,0.0303388198327709,0.0313438961197166,0.0325445814589172,0.0335468948602684,0.0351044324689047,0.0362747743318624,0.0382026627081366,0.039043206497231,0.0392508297187609,0.0422738099400348,0.0480201389015727,0.0534225736740194,0.0543346158006878,0.0569122168915746
2024-10-22,0.0248646786048233,0.0250301638650061,0.0259944897260161,0.0285443167591559,0.0303390012948103,0.0313440527366132,0.0325447208737549,0.0335470204527975,0.0351064200695992,0.0362748830297697,0.0382027667949278,0.039045184851221,0.0392503638176325,0.0421540570794175,0.0479361331991123,0.0534066791904294,0.0543638097177034,0.0569347254582341
2024-10-21,0.024536759702389,0.0250305400321814,0.02566100997167,0.0276884541268943,0.0303103863984985,0.031275542844874,0.0324007438587142,0.0334828398364333,0.0350280871042446,0.0362066756682994,0.038048599395152,0.0389075592336132,0.0390579157407033,0.0417551950416507,0.047546646394255,0.0529195806157971,0.0543607341914546,0.0568886678881425
2024-10-18,0.0238688420988614,0.0247350297492071,0.0250136753675669,0.0274436059435487,0.030154492164279,0.0311184011261897,0.0322582587174451,0.033339344248119,0.0348840240602977,0.0360514998643091,0.0379068097780107,0.0387546982141994,0.0388947157198152,0.0415898183678845,0.0474284385892251,0.0527403398583701,0.0540549961677933,0.0567753581889282
2024-10-17,0.0232943662642438,0.0247354015032912,0.0250139259001617,0.0275238158491492,0.030154346895522,0.0311207574513296,0.0322604436271669,0.0333363375497955,0.0348843109646482,0.0360501515415092,0.0379052541896033,0.0387524240216654,0.0388529360600822,0.041538642555453,0.0473046989934123,0.0527259121240651,0.0540849621986141,0.0567976772445754
2024-10-16,0.0237932472141792,0.0249335433177373,0.0250141764377756,0.0275240219999799,0.0303417662498105,0.0311983625050555,0.032329505148888,0.0334172067113246,0.0349575425262825,0.0361295008951383,0.0379859478185034,0.038829518719227,0.0389617789778319,0.0416147667191518,0.0473586811558447,0.0528089329441265,0.0541681381673753,0.0568423403344305
2024-10-15,0.0242920954560401,0.0244394489814243,0.0257116396973651,0.0278551413661143,0.0304193281056546,0.0312796032988854,0.0324010591047918,0.0334116967027124,0.0350269043944936,0.0362095118311737,0.0380488311594455,0.0389077675927468,0.0390173005841552,0.0416818812502296,0.0474854515658954,0.0528828772506057,0.0542441065819886,0.0569225379793951
2024-10-14,0.0247909110025353,0.0246870697899942,0.0258297012955777,0.0278553500016491,0.0304968825233814,0.0313471312200301,0.032478701947957,0.033480894214692,0.0351043260306159,0.0362770296538413,0.0381263442873693,0.0389766279116776,0.039095394270023,0.0417388848086088,0.0475313379209927,0.0529593938681063,0.054318706987247,0.0569967074288916
2024-10-11,0.0235449305961424,0.0251035190342027,0.0258304774595254,0.0278537778876475,0.0304982273496442,0.0313431779296655,0.0324770625614984,0.033481142393287,0.0351065728230265,0.0362753340240246,0.0381263271972059,0.0389778418623295,0.0391481887907765,0.0417244345133158,0.0475317696724091,0.0529575747146374,0.0543172019826183,0.0569954150601875
2024-10-10,0.0244451636064644,0.0267248869234187,0.0258307361912072,0.0289260770342256,0.0304981581915449,0.0313762500960301,0.0325186316989817,0.0334318191998984,0.0351438884451235,0.0363469876451161,0.0381639330292364,0.0389631406650851,0.039160760464692,0.041728656267079,0.047523728564525,0.0530054491033771,0.0542997746697807,0.056982141748381
2024-10-09,0.0248444146689997,0.0267944491827166,0.0260763990516447,0.029004060036799,0.0305660964442065,0.0314544947193707,0.0325850713271894,0.0335013979147543,0.0352206539891617,0.0364267982227781,0.0382426622607429,0.0390395133449523,0.0391454388230069,0.0418012755171919,0.0476083202853022,0.0530358883726557,0.0543966221960793,0.0570784433721309
2024-10-08,0.024845154372297,0.0268738908438089,0.026076660251835,0.0290042772875389,0.0305662792809391,0.031454233856312,0.03258521092385,0.033501523343526,0.0352226526688831,0.0364266147586519,0.038242766460489,0.039041485011932,0.0391656184975808,0.0417996534902661,0.0476183591198905,0.0530061633024218,0.0544011645885951,0.057082609586424
2024-10-07,0.0248458941196434,0.0269521519741175,0.0265185443441608,0.0290725361487188,0.030566462119859,0.0315325504217002,0.0326593959497814,0.0335793796470648,0.0352922097405987,0.036494599061969,0.038347779833345,0.0392301356548378,0.0393309026206362,0.0420199460086676,0.0478048365176728,0.0532120155085727,0.0545898787032308,0.0572760886231415
2024-10-04,0.0250442672654348,0.0271817715323545,0.0268136844166629,0.0292262768936264,0.0306437028135496,0.0315294623682705,0.0327333403006424,0.033656022026993,0.0353705450633137,0.0365733205822889,0.0384237626982523,0.0393079087035691,0.0395429657106632,0.0420990959302588,0.0479363674393943,0.0533568400802733,0.054638263156448,0.0573346892989386
2024-10-03,0.0256459226951728,0.0271821801456169,0.0268139530154891,0.0293746877781824,0.0309443612172954,0.0318259967604342,0.0329618581625941,0.0338786031908471,0.0355121430963887,0.0367249796611046,0.0385670074681542,0.0394497865347519,0.0397073747348671,0.0421997991733539,0.0480263325312884,0.0534642866999648,0.0544910248142772,0.0574806597426762
2024-10-02,0.0256466863985374,0.0271825887711659,0.0268142216197045,0.0294526434919829,0.0309433000267272,0.0318261558021495,0.032961999377065,0.0338791800056619,0.0355116053339589,0.0367270229143759,0.0385691394808115,0.0394473059665775,0.0396138876736825,0.0421726085225914,0.0480219681329244,0.0534581518720325,0.0545003913417263,0.0574889181378692
2024-10-01,0.0256258739933989,0.0272620294619428,0.027432418764018,0.0294528641143407,0.0309423008725298,0.0318258918795695,0.0329555149345387,0.0338793068521694,0.0355140001261234,0.0367268379750433,0.0385642672196432,0.0394493140520974,0.039582461283486,0.0422175442289936,0.0480069619842875,0.053458356270193,0.0545009524139946,0.0574901016906345
2024-09-30,0.0257977989398106,0.0273315908348376,0.0274326935691157,0.0295988250436075,0.0311712535369737,0.0319825854877331,0.0331032151649739,0.034182553934742,0.0358148857454056,0.0370221005016908,0.0388717435463826,0.0397517409607366,0.0398828092513865,0.0425517298314256,0.0483212291192908,0.0537540653414382,0.0548132308465384,0.0578112323557709
2024-09-27,0.0257977989398106,0.0273340588563049,0.0274335180174407,0.0297524102563994,0.0313157020473949,0.0321300116697985,0.0333277509214897,0.0344069615712813,0.0360401350636222,0.037176636712955,0.0389462911322739,0.0401380792872894,0.0403375761710249,0.0429172434434404,0.0487070720392986,0.0541453330396043,0.0552048951826093,0.0582161086140357
2024-09-26,0.0257977989398106,0.0273344720758374,0.0274337928445615,0.0297551495359442,0.0313184478968967,0.0321301725297795,0.0333300342361507,0.0344052551528398,0.0360385164932495,0.0371787370075517,0.0389446674141863,0.0401368010168259,0.040296495990757,0.0429100857976908,0.0486621833433025,0.0541280694744096,0.0552190869446211,0.0583323711313128
2024-09-25,0.0256882013083434,0.0273348853078636,0.0271398338942025,0.0297553724343166,0.0313188084559991,0.0321303333913709,0.0333333682474212,0.0344072366251048,0.0360407181673872,0.0371788485455473,0.0389492276736809,0.0401352303504382,0.040306814833182,0.0429202814459067,0.048696082950639,0.054120384155527,0.0552134460420286,0.0583292721929717
2024-09-24,0.025688201308343,0.0273352985523843,0.0271401057846652,0.0297555953360286,0.0313189962220168,0.0321304942545728,0.0333335110584022,0.0344073654520771,0.036040838148339,0.0371789600842122,0.0389493338026558,0.0401373155179618,0.0404093542700604,0.0429783035345327,0.0487663970211104,0.054247092495108,0.0551606902651091,0.0584592822676368
2024-09-23,0.025688201308343,0.027334467325333,0.0271403776805736,0.0299015223320412,0.031475380222808,0.0322875958733386,0.0334910573175945,0.0346316758403252,0.0361171057999762,0.0374049909083613,0.0391762748361822,0.040361142611168,0.0407245869198303,0.0429569708624855,0.0487976657636799,0.0542851772875914,0.0552807209435116,0.0585770359776871
2024-09-20,0.025837651883537,0.0273764749658622,0.0268174452900893,0.0298607984634942,0.031209569301534,0.0320525026985658,0.0332665661907769,0.0344062616747129,0.0358942639841329,0.0371790469789586,0.0389538084222142,0.0401375403677921,0.040636621440412,0.0428544188332722,0.0485651735701515,0.0540765618497597,0.0550255997228334,0.0583186065412544
2024-09-19,0.0261166114331261,0.0273768888704153,0.026817713964276,0.0298635648374648,0.0312118640828767,0.0320526631761189,0.033268862834648,0.0344042863779371,0.035892470384462,0.0371811526180172,0.0389521680224171,0.0401360671733321,0.0406470360515953,0.0430283804059405,0.0487600652645743,0.054189601572897,0.0554775509626863,0.0581402233070239
2024-09-18,0.0261166114331261,0.0277626261887702,0.0268179826438464,0.0301648661038492,0.0314365972095876,0.0322860144776152,0.0334953039270542,0.0346276970999688,0.0361180698118228,0.0374038795311146,0.0391794593457945,0.0403560160590195,0.0408065874633876,0.0432980825886605,0.0490440222556599,0.0545044139631782,0.0555489924042973,0.0582371831128137
2024-09-17,0.0264055134280651,0.0278321998197852,0.0268182513288006,0.0301650920849864,0.0314363284943014,0.0322858041403272,0.033495447436124,0.0346278267557838,0.0361178963839001,0.0374037314043488,0.0391795661041417,0.0403581173281561,0.0407749229833173,0.043277830993213,0.0489521945935726,0.0544964184705646,0.0555388130034546,0.0582246787387894
2024-09-16,0.026256083952645,0.0279103432963454,0.0268185200191387,0.0302430019630679,0.0315831771766356,0.0322856455559377,0.0334955909464236,0.0346265858860241,0.0361151751348637,0.0374036194986029,0.0391796728630707,0.0403571429608981,0.0407324703813341,0.0433779737877505,0.0490152923433038,0.0544798358131219,0.0554927190076668,0.058267228255542
2024-09-13,0.0269732948077566,0.0279919498215577,0.0268193261224576,0.0302410672636879,0.031579999465024,0.0322856005688786,0.0334938293849129,0.0346273709444077,0.0361144766806496,0.0374015713688218,0.0391796535170151,0.0403588579807109,0.0407753613642768,0.0434728695149572,0.0490297076724409,0.0543708393819845,0.0555044129247373,0.0582758568399913
2024-09-12,0.0271127376232377,0.0281405515873542,0.0271433688951625,0.0304672225660283,0.0318460902530396,0.0325103789525245,0.0337582542772771,0.0348873724511869,0.0363354534030382,0.037667278788292,0.039439538163344,0.040619089320211,0.0410054729891782,0.0437267918207297,0.0493325457361087,0.0546370702466865,0.0557720714848604,0.0585525706057775
2024-09-11,0.0273517712027094,0.0284866899158339,0.0274771476985182,0.0306907169815167,0.0320313044651289,0.0327340464583338,0.0339809659675164,0.0351120861874788,0.0365615433084942,0.0378902801103893,0.0396640499572083,0.0408399743839413,0.0412275227455213,0.0439495600592704,0.0495585206921531,0.0549356763217256,0.0559870381024918,0.0587798843935291
2024-09-10,0.0273517712027094,0.0285760100282486,0.0278010446179042,0.0304968037982704,0.0320314965189022,0.0328806959732115,0.0341250530999593,0.0352635279199094,0.0367103925042527,0.0380362521094156,0.0398082099091618,0.0409920002406647,0.0414261839486335,0.0440604653549587,0.0497309476059539,0.0550564009686578,0.0561427132881302,0.0589397871582823
2024-09-09,0.0274812417935831,0.028575060065205,0.0278013231743211,0.0304970322798237,0.0320314797762531,0.0328809340755564,0.0341251993121717,0.0352636599604085,0.0367103809349691,0.0380364175717757,0.0398083183831277,0.0409921025528733,0.0413326915736387,0.044055874499736,0.0497366884937123,0.0550490678985949,0.0561500674708536,0.0589438198453917
2024-09-06,0.0274812417935831,0.0285777385292105,0.0281257152301545,0.0306503478100883,0.0321854619472599,0.0331066934700576,0.0344933993650398,0.0354879641442392,0.0368658725580146,0.0381889428656411,0.0400268158741489,0.0413783957288994,0.0418288288357821,0.0446687656728931,0.0502259871799034,0.055560394016935,0.0567433949235961,0.0591837645355224
2024-09-05,0.0280986595882644,0.0285781706871245,0.0281259970509494,0.030653269563982,0.0321873641443629,0.0331068592372574,0.0344958558807768,0.0354860877094403,0.0368635667436017,0.0381911507582028,0.0400250124203359,0.0413769574949213,0.0418600503103265,0.0446678466147155,0.0502472374612301,0.0555679687343779,0.0567352237856823,0.0591774932070422
2024-09-04,0.0276007494091503,0.0285786028581089,0.0284595648669961,0.0306534992263773,0.0321883640555851,0.0331070250061166,0.0344922614338553,0.0354881988106092,0.0368662613752954,0.0381912653407071,0.0400245021697304,0.0413753528821344,0.0417877724245519,0.0446836433295061,0.0502144833947318,0.0555623872658512,0.0580439058450794,0.0586862615082835
2024-08-30,0.0275976348704305,0.0279174795590694,0.0284609907826309,0.0306492478523822,0.0321884859280295,0.0331090895368605,0.0344907000773693,0.0354866328136628,0.0368679039850225,0.0381942585661773,0.0400248157829371,0.041380662974658,0.041757830183779,0.0447073526941771,0.0502275273964855,0.0555752877403443,0.0580391543913816,0.0586820099287592
2024-08-29,0.0277291639503475,0.0279165519418391,0.0284612759829033,0.0308781240384728,0.0324114617146402,0.0332660791426608,0.0346504588851141,0.0356376304536146,0.0370112317833364,0.0383406854996498,0.0401794305428362,0.0415222984319634,0.0419015756971056,0.0448528376953841,0.0503494398314105,0.0557286130661171,0.0581939808778834,0.0588358127043608
2024-08-28,0.0280975835513179,0.0282416033521795,0.0287849879968665,0.0309559953581358,0.0324918365306169,0.0333330419826691,0.034725604929956,0.0357103288848003,0.0370868591828422,0.038418069971114,0.0401769515061445,0.0415166971608194,0.0418992323156944,0.0448619328161046,0.0503825544194865,0.0557199355709875,0.0581874064770384,0.0588325454527729
2024-08-27,0.0282270201766487,0.0282420235078444,0.0289518614386517,0.030956227302535,0.0324918149566958,0.0333357153411971,0.0347238709758219,0.0357104626048066,0.0370889208170616,0.0384166445131099,0.0401756627597662,0.0415189179878132,0.0419501171017613,0.0448142241628446,0.0503949749418954,0.0557189899858604,0.0581871653943977,0.0588331173002681
2024-08-26,0.0282270201766487,0.0282424436760112,0.0292754665035567,0.0311020201276292,0.0325602951689376,0.0334142660047818,0.0347891690162581,0.0357867737711913,0.0371669248942357,0.0384170319769395,0.0401712615727406,0.0415147115029816,0.0419986553736556,0.0448089339763525,0.0503426659855261,0.0557256120752095,0.0581914570015901,0.0588346936097472
2024-08-23,0.0284737149185971,0.0291310745533478,0.0295995932314859,0.0311775447720673,0.0325591040341671,0.033448914169805,0.0348622555520486,0.0358642423528733,0.0372368007335498,0.0384827699444882,0.0402368364228322,0.0415932337020689,0.0419737681855942,0.0449036228945715,0.0504993255761133,0.0557824163196433,0.0582682094638948,0.0589125555296471
2024-08-22,0.0285953936770661,0.0292090202349184,0.0295998898621977,0.0311805784566688,0.0325576841674605,0.0334474153032287,0.0348647293205534,0.0358647190233662,0.0372360581718032,0.0384828593300182,0.0402349902586061,0.0415914192713216,0.0419737521545926,0.0449155147237325,0.0504140025184852,0.0558092687029063,0.0582754990029944,0.0589173759847713
2024-08-21,0.0287049035456117,0.0293604919106949,0.0296001864988653,0.0312487305379347,0.0326385073122316,0.0334845664162496,0.0348648787141446,0.0358636116055127,0.0372326964940081,0.0384805629101778,0.0402372636640501,0.0415894956900192,0.041880630469214,0.0447907918454917,0.0504081393449633,0.0557033781978499,0.0584549664165351,0.0589000510910871
2024-08-20,0.0288144103997493,0.0293609287577607,0.0296004831414782,0.0312489646879918,0.0326385190592882,0.0334834739907538,0.0348650281090159,0.035863745903018,0.0372347954178289,0.0384798536820494,0.0402373733131265,0.0415917151810872,0.0418798327662983,0.0448228882053883,0.0503920521542139,0.0556755094101755,0.058462082739707,0.0589057547936383
2024-08-19,0.0288144103997493,0.0293613656178355,0.029600779790037,0.0312491988415618,0.0326387143510069,0.0334823801779935,0.0348651775051676,0.0358638802015291,0.0372349192378837,0.0384823132581755,0.0402374829628005,0.0415918189955696,0.041879308786173,0.0449539739975444,0.0504620340982886,0.0557073477847646,0.0584280616272153,0.0588806408369631
2024-08-16,0.0285931651083124,0.0292821943785421,0.0296016697713897,0.03132468521839,0.0325602666577804,0.0334404262532334,0.0348632979856405,0.0358625809935545,0.0372375066279399,0.0384846771470507,0.0402376768668139,0.0415919270820149,0.0419212831004671,0.0449173703451204,0.0504291699935634,0.05568610093244,0.0584400094654735,0.0588886983957064
2024-08-15,0.0287248141069326,0.0293601147444192,0.0296019664437333,0.0314053673242043,0.0326368528274239,0.0334780846672925,0.0348657751025778,0.0358595730575195,0.0372350754785166,0.0384837496033061,0.0402357562412703,0.0415896213350823,0.0419209668061954,0.04488539636456,0.0504668898719207,0.0556813827669654,0.0584360908001714,0.0588856838978498
2024-08-14,0.0285953936770659,0.0293635501132239,0.0296022631220236,0.0314056026585416,0.0326400579548155,0.0334768905989166,0.0348659245051313,0.0358617140641236,0.0372336779900376,0.0384829090008456,0.0402380312201346,0.0415880100731522,0.041952048779126,0.044872469087027,0.0504187566308732,0.0556477840059803,0.0584532392969551,0.0588989752782636
2024-08-13,0.0290931415183343,0.0294034828288215,0.0296025598062605,0.0314737453724395,0.0327174537677815,0.0335567605182395,0.0349446987571672,0.0359295712273428,0.037313030966252,0.0385579513301746,0.0403163377221235,0.041657900420431,0.0420911244070942,0.0449565694416908,0.0505160870333069,0.055720583601444,0.0585125092360161,0.0589624338158832
2024-08-12,0.0293419920871585,0.0291768055502824,0.0290346115154258,0.0314739812226985,0.032785507751624,0.0337149678142398,0.0350201202027101,0.0360085223768167,0.0373114443182468,0.0385573938270914,0.0403194287546179,0.0416557608369761,0.0420685623418613,0.0450552888948174,0.0505895848533098,0.0559062056323273,0.0584427847365554,0.0589124878543908
2024-08-09,0.0285931651083022,0.0291766097963187,0.0290354845356481,0.0314718197508394,0.0327859664853581,0.0337155172783229,0.0350181955465307,0.0360089166628457,0.0373129684219374,0.0385577714108237,0.0403194807692392,0.041657193289695,0.0421940612345536,0.0450791735418772,0.0506413676523767,0.0558873882229025,0.0584272752529583,0.0589014525026617
2024-08-08,0.0287248141069327,0.0291755447912073,0.0290357755540154,0.0314749246590832,0.0327845073597724,0.0337144308179375,0.0350207204738774,0.0360070334447818,0.0373122009754991,0.0385581772158398,0.0403176867471932,0.0416557742990444,0.0421115781750228,0.0451077552321958,0.0506547818216832,0.0558864476796238,0.0584264814145071,0.0589006164229335
2024-08-07,0.0289736877159392,0.0294456067762975,0.0295259718281355,0.0316303670688966,0.0329041516854387,0.0338194381327993,0.035093913934472,0.0360851599300282,0.0374169234345841,0.0386734965712005,0.0404642726594113,0.0418110580759138,0.0422673710918644,0.0452419534199495,0.0508149515543236,0.0560349544684732,0.0585947041733213,0.0590680685534754
2024-08-06,0.0290931415183323,0.0295941596437359,0.0300159987444436,0.0317760894762735,0.0331284507673175,0.0339780338591403,0.0352751749289794,0.0362303814236812,0.0374935756230309,0.0387375233202199,0.0405355781136723,0.0418775856810057,0.0422906794763079,0.0454522872701382,0.0509528908864014,0.0563277917966631,0.0585834820071813,0.0591666961784251
2024-08-05,0.0295908270907011,0.0295946000657856,0.0300162995994061,0.031776327604656,0.0331278021672045,0.0339782030850977,0.0352753260916725,0.0362305171022407,0.037493164126552,0.0387397709951862,0.0405356885801898,0.0418776902126845,0.042424546605634,0.045716581239958,0.0512635148822697,0.0563647345401009,0.0585470593354829,0.0590680138232009
2024-08-02,0.0294690212118501,0.0296733556936741,0.0300130359998056,0.0318516828172366,0.0332051735945957,0.0340468302568522,0.0353521678313549,0.0363080693865236,0.037571663774799,0.0388179709044126,0.0406140475648914,0.0419562729601104,0.0425030661349192,0.0459466049411258,0.0515439642231756,0.0565730973248226,0.0585418356561765,0.0590887113601791
2024-08-01,0.0295908270907014,0.0296722362122075,0.0309123121030789,0.0318548666157445,0.0332037082704669,0.0340456998998693,0.0353413220398579,0.0363063736385988,0.037570917348299,0.0388183424268412,0.0406062173287933,0.0419550198475541,0.0424620412159189,0.0459617197667516,0.0515801336166062,0.0565669101394189,0.0585368214323319,0.0590849552313814
2024-07-31,0.0294713882314232,0.0296711160201504,0.0309111514984785,0.031855105343424,0.0332070080103935,0.0340445977267444,0.0353404570484461,0.0363085680389347,0.0375694372840859,0.038817647789714,0.040609050294195,0.0419533859452618,0.0424828033288799,0.045916579538018,0.0515834532884902,0.0565690459230124,0.0585390379902015,0.0590877671678716
2024-07-30,0.0294713882314232,0.0296699951308674,0.0309099900520914,0.0316710636470191,0.0332072067274311,0.0339788434097477,0.0351929732752443,0.0360855273993833,0.0375716836606385,0.0388178479768418,0.0403823332906132,0.0415815058431656,0.0420906101038145,0.0455459220433912,0.0512553160778262,0.0561790207756584,0.0581477654722157,0.0586996828996994
2024-07-29,0.0293220846144766,0.0297083537402176,0.0309176413345796,0.0317391982451943,0.0332759177833813,0.034008242183336,0.0352264168898101,0.0361238189467454,0.0376795539461323,0.0389290148555027,0.0404898703086678,0.0416904486964133,0.042239069219184,0.0455854788321376,0.0513086723261453,0.0562917862660462,0.0582745585713071,0.0588203039452061
2024-07-26,0.0291704560376186,0.0297049758002287,0.0309185677058553,0.0317369781972346,0.0333533338348164,0.0340089161264887,0.035224523127396,0.0361235842861601,0.0376788506750053,0.0389294790134907,0.0404909591793408,0.0416913680627712,0.0422919098671428,0.0456467773345656,0.0513492228458713,0.0563029146094065,0.0582543984922031,0.0588060544945909
2024-07-25,0.0293220846144781,0.0297038485340577,0.0309188765086169,0.0317401497313145,0.0333517894759827,0.0340077335582914,0.0352234980394797,0.0361223216895458,0.0376781176709206,0.0389297660662787,0.0404903637586921,0.0416904364274081,0.0422510316832127,0.0456947766622549,0.0513463360862539,0.0563557646517049,0.0583216925361874,0.0588679311820175
2024-07-24,0.029391760333024,0.0297183928654049,0.030919185317547,0.0317403876117583,0.0333548009980072,0.0340063169863745,0.0352271705153444,0.0361244953746204,0.0376763060440511,0.0389287973474587,0.0404882515261034,0.0416888566629125,0.0422407787101122,0.0456517964627379,0.0513035966401336,0.0563402084383344,0.0583387365280512,0.0588810504104577
2024-07-23,0.0292424537275691,0.0294126738791029,0.030586703441002,0.0316339229605105,0.0332772487297133,0.0339423148554281,0.0351623778843254,0.0360477788715887,0.0376110025720589,0.0388604924182027,0.0404149276664001,0.0416242450383475,0.0422453797265694,0.0456444567105839,0.0513549032634294,0.0563764663721981,0.0582419879999952,0.0587990981971673
2024-07-22,0.0293917603330239,0.0294131116914796,0.0305282719653121,0.0315565504797632,0.0332771926548803,0.0339424839152757,0.0351632039748413,0.0360493397349253,0.0376109662826872,0.0388627666027708,0.0404155362368098,0.0416254568359912,0.0422351809056441,0.0455802884187757,0.0513024778517389,0.0562845449427505,0.0582831062015684,0.0588263717151482
2024-07-19,0.0293894060705708,0.029412855913998,0.0305850186152764,0.0315543497930577,0.0332763338290854,0.0339430017257672,0.035162134521037,0.0360491710147798,0.0376117791086786,0.0388631226569559,0.0404159943371218,0.0416264204092168,0.0422466942336232,0.0455678855572299,0.0512455635623324,0.0562812365391424,0.058294922617397,0.0588343543061919
2024-07-18,0.0295311081092999,0.0294907291459128,0.030588230988921,0.0315574965400515,0.0332748288974009,0.0339414108889399,0.0351607794324053,0.0360478414595249,0.0376110930667976,0.0388631280317737,0.0404151608320046,0.0416254297999219,0.0421954413056742,0.0455618673731923,0.0512965032973787,0.0562613939907871,0.0582934219059917,0.0588330408109131
2024-07-17,0.0295311081092999,0.0295634626526616,0.0309213471527998,0.031635345541026,0.033355959550094,0.0340084151745671,0.0352282256452669,0.0361274070875239,0.0376770305113093,0.0389302489936323,0.0404890216244685,0.041691106718138,0.0423145150158753,0.0456479029672984,0.0513123462059629,0.0563355964590281,0.058368031079251,0.0589076891702309
2024-07-16,0.0296704510047682,0.0296429189871391,0.0312446019615432,0.0317131896932683,0.0333559204237488,0.0340107426108484,0.0352246557437401,0.0361261134910764,0.0376791399905071,0.0389285699312393,0.0404885580332091,0.0416922176735154,0.0423130783202539,0.0456795917639256,0.0513673506236035,0.0563496004210736,0.0583507057085982,0.0588963343986295
2024-07-15,0.0298197415483854,0.0297223745478383,0.0315677850861133,0.0317813291252654,0.0334338688819551,0.0340888079174407,0.0352996671838386,0.0361939600212284,0.037756735627827,0.0390084555488592,0.0405640818222187,0.0417700666960026,0.0423692885717008,0.0457261148368548,0.0513905396334873,0.056542180942475,0.0584193026669805,0.0589672640224858
2024-07-12,0.029956628433261,0.0297912185843375,0.0318981538858365,0.0318566689545848,0.0335009969207002,0.0341672659466493,0.0353742529762866,0.0362707552211003,0.0378352154741905,0.0390864440237196,0.0406405350145014,0.0418480404474431,0.0424784677786517,0.0458880884498223,0.0514965710989723,0.0565656626356529,0.0584981143660713,0.0590464004183476
2024-07-11,0.0299590743346985,0.0297900405021731,0.0319016330136389,0.0319374733094549,0.0336556794268661,0.0342444580756874,0.0353726605725279,0.0362683912752918,0.0378313543310373,0.0390848699071674,0.0406394732659383,0.0418462489461387,0.042509462630268,0.0458760427454288,0.0514828862019158,0.0566492387556723,0.0584780323387426,0.0590321692888343
2024-07-10,0.0299590743346985,0.0297937271165961,0.03190195168262,0.0319377126938813,0.0336588735855563,0.0342459586830856,0.0353751549940187,0.0362705835612441,0.0378295595771177,0.0390837132158305,0.0406377786146735,0.0418446670171341,0.0425302461554995,0.0458309328334226,0.0514862081724334,0.0565548194199621,0.0585044138928429,0.0590517809437166
2024-07-09,0.0299590743346985,0.0297941706868546,0.0319022703579673,0.0319379520818968,0.0336590750319585,0.0342461292663684,0.0353753063652542,0.0362707194040913,0.0378318305738759,0.0390827396530492,0.0406400631779934,0.0418468995931675,0.0425087898146706,0.045755184109776,0.05157777652172,0.0566294197032837,0.0584776189989493,0.0590338333373042
2024-07-08,0.0292424537275681,0.0294192424337145,0.0312470988580181,0.0315210508262756,0.0332802361835887,0.0339840340126425,0.0351963898009656,0.0361307686881496,0.0376525318217601,0.0389033596579179,0.0404500979190663,0.0416958247722169,0.0423560214497859,0.0455911443206953,0.0512554523039746,0.0565027770194473,0.0583420285510675,0.0588890881740579
2024-07-05,0.0283940794228865,0.0293399228829761,0.0309205592960933,0.0315188379194595,0.0332808486114298,0.0339067022779869,0.0352000283708284,0.0361304452131787,0.0376542926428292,0.0389059446424384,0.0404540519724779,0.0416966894487839,0.0423571391819594,0.045612199158194,0.0511838540966403,0.0564718656571105,0.0583607164650526,0.0589018489456824
2024-07-04,0.0285356597509037,0.0293387643310592,0.0309253627918121,0.0314540708177656,0.0332110407505826,0.033827246843041,0.0351197684528433,0.0360516821454552,0.0376550421540635,0.0389779907810958,0.0404550731411492,0.0420117708213132,0.0426150555521635,0.0458706061464982,0.0514545628230766,0.0567329311425435,0.0587070918114443,0.0592376287059076
2024-07-03,0.0285356597509037,0.0293423920421685,0.0309256717303226,0.0314543065912637,0.0332141694609992,0.0338259969147899,0.0351222579533611,0.0360538661297273,0.037653234629093,0.0389771124921051,0.0404532865081648,0.042010138907735,0.0427601168702298,0.0457842519142532,0.0513946404224036,0.0567016601267291,0.058726235707204,0.0592522348705005
2024-07-02,0.0287845451930148,0.0294218706771085,0.0309259806750061,0.0316777108977864,0.0332822142090137,0.0339027604216574,0.0352010111183345,0.0361287222245223,0.0377231748373084,0.0390539330610417,0.0405337469844167,0.0420876595153503,0.0428660746553286,0.045879687004101,0.0515270416671816,0.0568778688740829,0.0587681212696338,0.0593066232716056
2024-07-01,0.0289139594696671,0.0295688792747618,0.0309262896258618,0.0316779483511983,0.0332821921384358,0.0339008161541722,0.0352011617495594,0.036128857540115,0.0377231599801482,0.0390558610641627,0.0405338573463912,0.0420877645805755,0.0433729693098345,0.0460200193993173,0.0514927680182205,0.0569247875740523,0.0587171980303577,0.0592698594979697
2024-06-28,0.0287822870811711,0.029569317170048,0.0309287260155767,0.0316757022246293,0.0332815716282942,0.033905306368284,0.0351996006265406,0.0361285850312875,0.0377241066389782,0.0390553504752324,0.0405337981056564,0.042088675220593,0.0427424966724307,0.0460627004301849,0.0516854751456831,0.0567437692663969,0.0586779640084845,0.0592480178752896
2024-06-27,0.0283166276810932,0.0292752657876916,0.0303904685959256,0.0313780829005025,0.0327641321467535,0.0334551456021248,0.0349724248938058,0.0358668437460968,0.0379233875282872,0.0391862255144857,0.0405828835872112,0.0418978601146383,0.0425832506280848,0.0457933787592958,0.0514358868352076,0.0565455602280641,0.0584920860932322,0.0590570249349697
2024-06-26,0.0280975835513197,0.0291171525152739,0.0300871185827758,0.0313006731090295,0.0327675557821994,0.0334587583060595,0.0349760279265445,0.0358704241895702,0.0379219503187221,0.039185429667308,0.0405877804900035,0.0418973891552911,0.0424081627700221,0.0457622854535247,0.0515701220953391,0.0565902193125927,0.0584703035361548,0.0590431347272528
2024-06-25,0.0282867587372056,0.0284351458041617,0.0300874202745568,0.031300907746758,0.0327674335227826,0.0334627955290378,0.0349761778336581,0.03587055854076,0.0379240823091859,0.0391905357380726,0.0405878911111414,0.0418996678449295,0.0423866798504167,0.045839679688396,0.0515386148380383,0.0566722387440958,0.0585822974773547,0.0590833232398157
2024-06-24,0.0282867587372052,0.0284351458042621,0.0300877219723947,0.0313011423880053,0.0327676296515752,0.0334629625282218,0.0349763277420567,0.0358706928929564,0.0379242084448746,0.0391906530866003,0.0405880017328824,0.0418997724426939,0.0424895722200792,0.0456796447093977,0.0515480063428761,0.0566676972627026,0.0585921663758287,0.0590888400865116
2024-06-21,0.028244758478214,0.0281858239635582,0.0301572037575652,0.0313765799804161,0.0328741710923289,0.0335713793222239,0.0350522590123258,0.0359381672808159,0.0380020489366568,0.0392594936222648,0.0406657602262914,0.0419784482041498,0.042516433532609,0.0456944585675789,0.0514951120101356,0.0567666960201585,0.0587027800796176,0.0591900097410771
2024-06-20,0.0282469331298401,0.0286822765524368,0.0301575061672776,0.0313797294883077,0.0328729238630066,0.0335674400322703,0.0350547744698474,0.0359367529813537,0.0380014251208761,0.0392567014570349,0.0406638332148136,0.0419773349504714,0.0425789360728722,0.0455494988393968,0.0513140743333729,0.0566845331546952,0.0587681678903922,0.0592351312086458
2024-06-19,0.0283962771017767,0.0289293767676032,0.0302361791767858,0.0314576077914096,0.0329538032123045,0.0336471739234922,0.0351326553347217,0.0360163397363473,0.038077179294758,0.0393322104183648,0.0407336665394603,0.0420530937156483,0.0426045056493409,0.0460681710898908,0.05180558626939,0.0570930132649008,0.058729415102131,0.0592494793285692
2024-06-18,0.0283962771017767,0.0293049106347298,0.0303148491795475,0.0315257768689953,0.0330222913858023,0.0337235813705466,0.0352105314907537,0.0360940594539172,0.0381573977102488,0.0394110179229363,0.0408514395114426,0.0421631487008148,0.0427624009032785,0.0462259718933272,0.051964581014409,0.0573388179694868,0.058788970826965,0.0593253311071521
2024-06-17,0.0283962771017767,0.0293049106347298,0.0303151531792386,0.0315260132083325,0.0330615111307964,0.0338315213438888,0.0355448072717662,0.0366558783614611,0.0387220025155677,0.0400572794220282,0.0414949637546685,0.0429645705409548,0.043595582590214,0.0468191786886621,0.0527852219719018,0.0581586161791454,0.0596246184683258,0.0601534071351696
2024-06-14,0.028244758478214,0.0290555611971991,0.0301985085877487,0.031300579328833,0.0326901989658887,0.033459932276439,0.0351707825949073,0.0362459764482044,0.0382747480422566,0.0396887257899689,0.0409241145396192,0.0422844054749713,0.0428813370828131,0.0461793456644715,0.0520909393456349,0.0575880305622777,0.0588948873228855,0.0594342571807061
2024-06-13,0.028107540364323,0.0290578568153344,0.0301988114329144,0.031303723673925,0.0326891648272775,0.0334587037646472,0.0351733194966015,0.0362445781262959,0.0382742085890855,0.0396878357356984,0.0409220287257675,0.0422833661188515,0.043078532300501,0.0461343807402135,0.0520823977780141,0.0574424105376943,0.0589578050848117,0.0593155770790782
2024-06-12,0.0281075403643217,0.0290578568153344,0.0301991142841547,0.0313039583573925,0.0327702850334631,0.0334614326117638,0.0351734702577061,0.0362468072652035,0.0382708050433299,0.0396863155458467,0.0409244053378222,0.0422816413955507,0.043285743833478,0.0463062006328648,0.0522074417549841,0.0577928703268814,0.0586826382401573,0.0593113024766053
2024-06-11,0.0281075403643217,0.0290578568153344,0.0301994171414694,0.0312362410830918,0.032692415175683,0.0333832012140782,0.0351736210201031,0.0362481984255607,0.0382748989104059,0.0396906716016565,0.0409245168806802,0.0422849541092422,0.0432854833070261,0.0463826567033812,0.0521869333153817,0.0578728523885864,0.0586594107945547,0.059295787771407
2024-06-10,0.0281075403643217,0.0290578568153344,0.0301997200048589,0.0312364752641548,0.0326926108718541,0.0333833678276813,0.0351737717837924,0.0362483341993164,0.0382750262188404,0.0396907904527272,0.0409246284241462,0.0422850596725193,0.0431709761423297,0.0462703318230621,0.0521454933822848,0.0576496847505562,0.0587425640176226,0.0593523755719453
2024-06-07,0.028105387096442,0.0290555611971977,0.0302006286314761,0.0312342710662918,0.0326918044202741,0.0333827226921937,0.035171834568463,0.0362481523011813,0.0382758123356163,0.0396914574319507,0.0409249403769059,0.0422861099382866,0.0431929567235139,0.0463447661648899,0.05219870621596,0.0576449032474479,0.058757458527093,0.0593686534015538
2024-06-06,0.0281075403643214,0.029176446457272,0.0302401213518082,0.0312374120235214,0.0326905286211434,0.0333808122228081,0.0351739266480129,0.0362467778463857,0.0382751299860376,0.0396900473579554,0.0409224737639663,0.042285090861938,0.0433177957343043,0.046359545708943,0.0522605800896192,0.0577212831154456,0.0587165830954312,0.0593399820953962
2024-06-05,0.0279681427145007,0.0296704942902806,0.0302404246386191,0.031237646222142,0.0326938234652485,0.0333807333735371,0.0351740774162435,0.0362490130833521,0.0382735377374625,0.0396865571961112,0.0409248513105005,0.0422833634050917,0.0432557048777611,0.0462982040977923,0.0521749968423812,0.0576212539557449,0.0587018306160258,0.0592766933296649
2024-06-04,0.0281075403643215,0.0296704942903086,0.0302407279315136,0.0312378804242746,0.0326937850980796,0.0333808999798118,0.0351742281857665,0.0362491488632106,0.0382757900872326,0.039689005470276,0.0409249628567022,0.0422856930632508,0.0433480766044729,0.0462582309837321,0.0521480803050225,0.0576241620055425,0.0587045780247921,0.0592792516803687
2024-06-03,0.028106463675426,0.0296704942903086,0.030241031230492,0.0312381146299187,0.0326549752074971,0.0333810665877494,0.035174378956582,0.0362492846440865,0.0382767852058112,0.0396891243188488,0.0408548228990549,0.0422857986302175,0.0434925732372168,0.0462593826753929,0.0522223251191234,0.0578260644770946,0.0586317449868887,0.0592274471500793
2024-05-31,0.0285312216520633,0.0290555611971977,0.0303595108591552,0.0313038469294079,0.0322114527256894,0.0330800217135288,0.0343239174539452,0.0355678131943617,0.037423395174602,0.0391605357518483,0.0405361612359632,0.041911786720078,0.0431705275876805,0.0460863937837782,0.0522014132341441,0.0573317275389657,0.0581745814338139,0.0587898871004492
2024-05-30,0.0289139594696692,0.0290544135692524,0.0303583249574884,0.0313070095627147,0.032227106944505,0.0330801138922064,0.0343233225971683,0.0355665313021302,0.0374230198094297,0.0391610090503058,0.0405359459552156,0.0419108828601254,0.0432436858525329,0.0462471807209787,0.052287719067839,0.0573092801690018,0.0581427700567731,0.0587675666842
2024-05-29,0.028784545193015,0.0290567089458844,0.0300534442190271,0.03108393448663,0.031847719287733,0.0326281081062513,0.0341250820820826,0.0355727052675018,0.0374593770400466,0.0391709967924584,0.0405416257153617,0.041912254638265,0.0432042440627753,0.0461858969526822,0.0522860954286444,0.0572358549990043,0.0581713189037684,0.0586019478803429
2024-05-28,0.0292822693702705,0.0290567089458844,0.0300522818068468,0.0309385027974797,0.0317846018488634,0.0326307009002471,0.0342009879794651,0.0356543387868264,0.0374275988408373,0.0392394080264571,0.040640377360732,0.041995160892778,0.0433862374324324,0.0463665770847205,0.052539887444281,0.0574073706255812,0.0581807035731904,0.0586338002287506
2024-05-27,0.0296405922237489,0.0288096439961606,0.0300525799534366,0.0309387347707234,0.0317854885367039,0.0326322423026844,0.0341684034282413,0.0356544723431823,0.0374486513929021,0.0392428304426218,0.0406722719763312,0.0419952657362538,0.0434686061146033,0.0466570708371031,0.0528047178901709,0.0576048004574423,0.0580494451770192,0.0585421894809479
2024-05-24,0.0288221010629318,0.0289271013552004,0.0295243130624049,0.0303343398762473,0.0312968985207994,0.0322594571653514,0.0339411475475279,0.0355862794431353,0.0373741964537099,0.0391817609039611,0.0405769228361978,0.0419265903576006,0.0433144639933349,0.0465114144261008,0.0530090590149062,0.0577237952002898,0.0579487130271898,0.0584601646944791
2024-05-23,0.0287447245686077,0.0286789215245051,0.0290330727359357,0.0299290995231514,0.0309588625013894,0.0319557607037261,0.0336409500800228,0.0353261394563196,0.0372583118015154,0.0391904841467113,0.0405800222057426,0.0419393529156646,0.0434065783044165,0.0468101566694505,0.0530262975821601,0.05780252867267,0.0577500063830777,0.0583155831490611
2024-05-22,0.0269025850355693,0.0271188964265962,0.0278648669242938,0.0289177326132294,0.0299193723276232,0.0309427868184169,0.0326999488884528,0.0343991825385973,0.0362202499526346,0.038061111577694,0.0397521559739069,0.0414432003701198,0.0432488993154775,0.0463366065252014,0.0521745711220945,0.0574257333595864,0.0570680917832654,0.0576510534771216
2024-05-21,0.026185413589125,0.0262086595220021,0.027219827886845,0.0284312399294944,0.0294844086897748,0.0305375774500553,0.0324860351587788,0.0342893949530229,0.0361261311924803,0.0380027964806215,0.0397171363110903,0.0413749594438514,0.0428426737984342,0.0455175302252872,0.0509736007493186,0.0567558208981967,0.0573009141471193,0.0579265642438201
2024-05-20,0.0259064786631542,0.0262086595219948,0.0272200979516067,0.0284314531147571,0.0294845913570436,0.0305377295993301,0.0325069031410406,0.0342895233998521,0.0361473305535137,0.0380051377071752,0.0397552645202002,0.0413750627407659,0.0428628339308623,0.0455710775046446,0.0510382590889223,0.0567810543686997,0.0572773164046308,0.0579090559825483
2024-05-17,0.0259046490780616,0.0260394956699846,0.0272209081780632,0.028429636693869,0.0294843567213082,0.0305390767487475,0.0325585057513911,0.0342894448965141,0.0361376434406899,0.0380061518589775,0.0397192039234034,0.0413763955944241,0.0428435566154926,0.0455389955367662,0.0509376233214153,0.0566509463589324,0.0573313661592658,0.0579463572591893
2024-05-16,0.0261156816911222,0.0260385734590666,0.0272592207446645,0.0284323058877961,0.0295022945370683,0.0305381346124275,0.0325573441963477,0.0342880952682793,0.0361473214716997,0.03800654767512,0.0397095725536228,0.0413755751521582,0.0428858218866146,0.0455706674219195,0.0510031129163103,0.0565780367951701,0.0573310685438737,0.0579459088628157
2024-05-15,0.0263348349691351,0.0269507318463464,0.0268065853580722,0.0282085431984437,0.0293191645218303,0.0304539297870297,0.0325563570962408,0.0342940776273235,0.0361791763571806,0.0380041123616167,0.0396903136981625,0.0413765150347083,0.0430641283822482,0.0456804525344485,0.0510660063227046,0.0568232308218459,0.057239943032971,0.0578837733348923
2024-05-14,0.0255478193041614,0.0265352054519381,0.0263573402278796,0.0276826974451486,0.0289968886422491,0.0303110798393497,0.0325388373613719,0.0343033977748548,0.0361355658749763,0.0380075637164047,0.0397252703394848,0.0413863492716942,0.0430261841665829,0.0457188642762343,0.0510905822811816,0.0567787272378883,0.0572481136330315,0.0578900303679271
2024-05-13,0.0245513736152556,0.0258820599757859,0.0263576017535312,0.0276829050285341,0.0289987595708888,0.0303146141132436,0.0323421274785051,0.0343035262775081,0.0361580092482057,0.0380124922189034,0.039764714736666,0.0413864525988506,0.0428906708323432,0.0454110367786073,0.0508432934288295,0.0566135699667562,0.0571281336812975,0.0577185593166065
2024-05-10,0.0243803322198734,0.0258811488367941,0.0260537430887622,0.0274570676836624,0.028846824599568,0.0302365815154735,0.032259421671721,0.0342382870419631,0.0360764165168248,0.0379347452166851,0.039651427428893,0.0413121308733115,0.0427848313952241,0.0453030616489676,0.0507011647276892,0.056549844269282,0.057060899793261,0.0576471008554299
2024-05-09,0.0243819530243932,0.0258802377832384,0.0259840634624378,0.0273816033563241,0.0287918960277145,0.0301571793585286,0.0321581921175202,0.0341592048765117,0.0360081698437056,0.0378571348108996,0.0395690936771642,0.041243836046336,0.0427388923134335,0.0451263963677643,0.05073711048823,0.0564421094339629,0.056989924571741,0.0575760995800137
2024-05-08,0.0242224917594621,0.0257137907943238,0.0256784963792577,0.027089333868497,0.0286066553014152,0.0301569619828751,0.0321952779467903,0.034166396681126,0.0360416753339352,0.0378571046680378,0.0395513805492416,0.0412456564304454,0.0427620736448306,0.0449630329260514,0.0507656765222208,0.056259226362628,0.0570451061707161,0.0576972823958307
2024-05-07,0.0241327919890014,0.0252187989193738,0.0258284410391782,0.0270895370115846,0.0286256597475456,0.0301617824835066,0.0322415933445777,0.0341665246734414,0.0359920340266668,0.0378572283658318,0.0395810393980564,0.0412480214951527,0.042460135295074,0.0446767568994758,0.0505729541043416,0.0561725756665419,0.05687023159807,0.0575240823135468
2024-05-06,0.0241327919890014,0.02554550737705,0.0257500518162205,0.0270897401577189,0.028624994402953,0.0301602486481871,0.032196652900699,0.0341666526667159,0.0360124720248009,0.0378582913828858,0.0396187571895794,0.0412481244787532,0.042656619712771,0.0450567633319975,0.0505349292383277,0.0562299157102956,0.0568806059467381,0.0574608289202495
2024-05-04,0.0234741805457289,0.0260404179679077,0.0256817428395962,0.0270110137145793,0.0286882436098229,0.0303839046028163,0.0323075884767618,0.0341685435287309,0.0360099339567134,0.037851324384696,0.0395786563355957,0.0412496622446183,0.0429799663507469,0.0452535863906149,0.050854791018785,0.0564657193076004,0.0566624437702833,0.0572568332885025
2024-05-03,0.0234734292892671,0.0260394956699823,0.0256819976870537,0.0270100933039218,0.0286971502593257,0.0303842072147296,0.0322968663242771,0.0341679458879649,0.0359996844477632,0.037851552002724,0.0395792447775431,0.0412505997444876,0.042980552145331,0.0452534890593786,0.0508555980591294,0.0564663465818577,0.0566629039889449,0.0572569247326069
2024-05-02,0.0234749318662772,0.0259594072137259,0.025602481297855,0.0269311735141108,0.0286231257376536,0.0303150779611965,0.0322418907344908,0.0341687035077851,0.0360114171646843,0.0378541308215835,0.0395714993652163,0.0412515338100745,0.0430759061050191,0.0452824829036008,0.0508593931811725,0.0564578550590208,0.0566563699413041,0.0572521784130264
2024-04-26,0.0238046480949161,0.0261582474781992,0.0255186959869067,0.0269357362524736,0.0286784574453962,0.0303837007632022,0.0323051287587469,0.0342476713476492,0.0360796273934633,0.0379319385064531,0.0396451831996481,0.041321183442991,0.0431953533059524,0.0454111089031514,0.0509433357185031,0.056503256393425,0.0566562121808867,0.0572616879066683
2024-04-25,0.0236351847173443,0.0261601089882344,0.0251443373368878,0.0267115929153377,0.0284834733491184,0.0303137674235731,0.0322321766224832,0.0341716672411615,0.036002090627218,0.0378528520508973,0.0395541172942436,0.04125538253759,0.0431406341913664,0.0454331332956502,0.0508660251639635,0.0565506574909288,0.0565516758829254,0.0571675321253432
2024-04-24,0.0240538459740199,0.0257641861055873,0.0248493161326082,0.0262629484207879,0.0281670971790658,0.0300921706489732,0.0321078461382052,0.0339948614898266,0.0358949464237809,0.037857671520393,0.0395608970261637,0.0412641225319343,0.0434697009292657,0.0455258593647604,0.0510681492099479,0.0567255551567362,0.0564503915966111,0.0570984747798967
2024-04-23,0.0227279357971068,0.0253681848299402,0.0245444975225942,0.0260386458634761,0.0279772447810537,0.0299371469834398,0.0319903300399217,0.0339988786821323,0.0359214827190637,0.0378652142728844,0.0396235796439168,0.0412697089274365,0.043480961405413,0.0456680154484221,0.0511726759898551,0.0568594104220929,0.0566606818619865,0.0572969911743862
2024-04-22,0.0227279357971068,0.0251701547850499,0.0245447419994412,0.0258924002116822,0.0279042959275746,0.0299383003875977,0.0319522749750314,0.0339224675062165,0.0358486975619686,0.0377960949809707,0.039492837482546,0.0411526942775653,0.0436341229064208,0.0456974304535012,0.0511661311705469,0.0567593599990633,0.0564872452999139,0.0571389529829838
2024-04-19,0.022059830485651,0.0252674351215304,0.0241703954514619,0.0255882193730979,0.0279544457489093,0.0303206721247207,0.0321241585442812,0.0339276449638416,0.035857857022047,0.0377880690802524,0.039491725109974,0.0411583451390495,0.0436384279192452,0.0458629680520063,0.0510700543910533,0.0567621785801742,0.0564893151475009,0.0571402042072034
2024-04-17,0.0220598304856412,0.0258631741743723,0.0247231187258717,0.0252096713593902,0.0277502007633786,0.0303186480729054,0.0321863969319283,0.0339349277786732,0.0358277011259854,0.0377828735946376,0.039471728111894,0.0411605826291504,0.0436217603024981,0.0457810673804772,0.0513202593911765,0.0565481692228473,0.0564258248134056,0.0573443912847852
2024-04-16,0.0217307228930658,0.0254671924998908,0.0243985609164973,0.0240856170414703,0.026961464583437,0.029868914845645,0.0317040997790765,0.0334993893878682,0.0354426345361964,0.0374072340268138,0.0391631229885025,0.04080693393136,0.0431566424637546,0.0455235416480019,0.0510061952673976,0.0568066694001802,0.0559526640539692,0.0569104235235998
2024-04-15,0.0208928729366364,0.023486107261877,0.023088927808004,0.0235574525759948,0.026549473552102,0.0295743738795949,0.0314480112776991,0.0332809174280184,0.0352655159946822,0.0372719233368038,0.0389430106271778,0.0405777699329785,0.043227617556057,0.0453272224256232,0.0508688448357084,0.0562257163620054,0.0563035872100438,0.0571851119323845
2024-04-12,0.0206434791236487,0.0209065691334837,0.0227536250289503,0.0228807864615569,0.0261944109088309,0.029508035356105,0.0313999224577904,0.0332918095594759,0.0352883179909312,0.0372848264223866,0.0389546549395189,0.0405881828367135,0.0430476668492612,0.0451137524273116,0.050549948975355,0.0561517418462581,0.0564129509544419,0.0572409829461226
2024-04-11,0.0154326007053042,0.0187731501301967,0.0204547157500695,0.0222360367192432,0.0257646145404182,0.0294095191029506,0.0313160434634056,0.0332225678238606,0.0351789386844672,0.0371353095450739,0.0387911411174695,0.0404469726898651,0.042355324175296,0.0445393502525622,0.0501588595218377,0.0556504698105358,0.0564656264436858,0.0572315999497059
2024-04-10,0.0151429094123987,0.0185247918426155,0.0201305797834997,0.022236203501192,0.0258050186170272,0.0294130514813881,0.0313398508542287,0.0332247632841815,0.0351474141492877,0.037133449108848,0.0387890801852666,0.0404447112616852,0.0421266163953896,0.0444342477934429,0.0499687072279358,0.055706663452911,0.0565749275912375,0.0574030493184085
2024-04-09,0.0151429094123987,0.0177795318807387,0.0197949515971649,0.0220893578208684,0.0257331172372767,0.0294169179659532,0.031343085620357,0.0332273800648825,0.0351723177879213,0.0371386284529715,0.0388484633046802,0.0404491597615991,0.042054129506197,0.0443518615399838,0.0495532188364056,0.0554757104861707,0.0559886514731245,0.0571202042478332
2024-04-08,0.0147133287402385,0.0176602645114743,0.0194691130723944,0.0220111074486813,0.0256941473587725,0.0294176602349087,0.0313441876783132,0.0332288340903392,0.0351733310675455,0.0371391961434025,0.0388129681826663,0.0404503538732505,0.042750563548638,0.0446450599125645,0.0500650037281715,0.0555676458101807,0.0558738007810362,0.0572128050495381
2024-04-05,0.0148631876742749,0.0176594149239369,0.01946898915925,0.0219406583823686,0.025658333821515,0.0294173167655407,0.0314775553198416,0.0335377938741425,0.0353392596514444,0.0371407254287463,0.0388109942608745,0.0404449529009999,0.042862214820579,0.0449722338709338,0.0507514332720503,0.0560248648053409,0.0562626871779037,0.0572649786914076
2024-04-04,0.0151429094123982,0.0187731501301836,0.0197944849633389,0.0220117678578516,0.0256511654450089,0.0294105431724021,0.0314724030565285,0.0335342629406548,0.0353352027861578,0.0371361426316608,0.0387892969359359,0.040442451240211,0.0435283347054067,0.0464520273502608,0.0509202899408524,0.056379560716165,0.0559374549818075,0.057131430336293
2024-04-03,0.0147133287402387,0.0192697742017294,0.0188078527588873,0.0219433113090009,0.025656435106195,0.0294103624615999,0.031542060976053,0.0335376936278813,0.0353054001064809,0.0371313826228365,0.0387862181381065,0.0404410536533766,0.0435600537061605,0.0464832039833968,0.0507251622161055,0.055859305156521,0.0558819115753328,0.0572159601050999
2024-04-02,0.0135742183280525,0.0181969116722832,0.0211194936928685,0.0203933240102948,0.0249533412239555,0.0295634685168873,0.0317294767914553,0.0337130843692175,0.0354542305176611,0.0372145101402635,0.038969759160128,0.0406129710085117,0.0440223371942218,0.0470373212379585,0.0515612013822835,0.0565271460759628,0.0566213942467502,0.0581984314823539
2024-04-01,0.0102049603343272,0.0162086082187181,0.0174920581849151,0.0217475497859924,0.0257909196844287,0.0298787222191115,0.0320928153909747,0.0340762738574356,0.0358263364048908,0.0375956304089115,0.039305624767738,0.0409784453361552,0.042808106417492,0.0468379215532368,0.0515691536822722,0.0567575772081611,0.0582788671004925,0.0591766620116965
2024-03-29,0.0087140771040125,0.0128035755817425,0.0165022628109673,0.0214523313795977,0.0256747990751903,0.0298972667707828,0.031950287442766,0.0340033081147492,0.0357969589010959,0.0376103201356442,0.0392674067475048,0.0409062836163779,0.042693198636643,0.0470509579844235,0.0515280473075249,0.0568544642540796,0.0585364201045454,0.0594091727670611
2024-03-28,0.0067827624995108,0.0120560328829495,0.0155112267908214,0.0213362745099772,0.0256077119802908,0.0297428269781475,0.0318131902351794,0.0338835534922113,0.0357158877474395,0.0375482220026677,0.0392287577511267,0.0409092934995858,0.0424781773324006,0.0465629381049359,0.0513288840669676,0.0565089194005417,0.0583592877015564,0.0597907956441788
2024-03-27,0.0063623070286886,0.0113087784647431,0.0151847716631731,0.0210028426198491,0.0252928356717146,0.029676089442099,0.0318595149811242,0.0339709594584233,0.035867052923464,0.0377026327672799,0.0392705417049775,0.0408384506426752,0.0424721792381918,0.0464900634775753,0.0517589800797615,0.0569950520512366,0.0587992242696677,0.0602638677032636
2024-03-26,0.0062121335906597,0.011059499086148,0.0151847716631738,0.0209244912183424,0.0252627491194916,0.0296010070206407,0.0317589390315598,0.0338931575038974,0.0357375412943405,0.0376220203845759,0.0392189118827638,0.0407631586062862,0.0427782261973928,0.0470017096900887,0.0520026489556378,0.0573722820809873,0.0592918534195741,0.0611579973002889
2024-03-25,0.0060719666004422,0.010939833887107,0.0145203918756824,0.0206596330637051,0.0250912832219118,0.0295229333801184,0.0316876022431674,0.0338284835362928,0.0356925604249283,0.0375566373135639,0.0390901327937275,0.040606776675208,0.0424867512833347,0.0465465387763999,0.0517873985713219,0.0570385833966669,0.0592246323562187,0.0607984473407203
2024-03-22,0.0057414634150576,0.0108100291106467,0.0145201048926671,0.0205801698978646,0.0250177517929108,0.0294553336879569,0.0316037254026724,0.0337521171173879,0.0356054433927104,0.0374791358908387,0.0390190327667933,0.040542007699056,0.0425983820418663,0.0465984227519877,0.0521426910905224,0.0575368239259047,0.0596942818777814,0.0612557740212828
2024-03-21,0.005401099053472,0.0108098697638027,0.0145198179247647,0.0202773181114436,0.024860271340572,0.029296960104941,0.0314511515567719,0.0336053430086028,0.035469646389022,0.0373339497694411,0.0388599567922119,0.0403859638149826,0.0424338162685584,0.0464013077080889,0.0518333312285086,0.0571852387832282,0.0595469551710034,0.0609368731243701
2024-03-20,0.0047401338260118,0.0107603225893267,0.0156308107851396,0.020208722317689,0.024703325814977,0.0292956380839452,0.0315236846930014,0.0336782792160448,0.0355356741159767,0.0373337904552725,0.0388581903142628,0.0403825901732531,0.0424329489095631,0.0464667161774269,0.0518860957554699,0.0572099702106125,0.0594219347954697,0.0606566011924856
2024-03-19,0.0038586759971267,0.0105608465897192,0.0154722362229567,0.0208078088665795,0.0252061913925086,0.0296045739184377,0.0317621848536707,0.0338960857786264,0.0357998384000076,0.0377449769479404,0.039198143361742,0.0406034031904732,0.0428388234673632,0.0467071752952498,0.0523238177943501,0.0577071171859904,0.0600368728538872,0.0612553317575595
2024-03-18,0.0041391610371136,0.0103613505840505,0.015472236222957,0.0207392523861038,0.0252119124864785,0.0296845725868532,0.0318026252560867,0.0338974026212627,0.035801875557369,0.0377063484934754,0.0392041677367078,0.0406855274278167,0.0431786467406991,0.0468244381569469,0.0527449588037674,0.0580576667258498,0.0604208585885987,0.0616327576171464
2024-03-15,0.0041391142435192,0.0105606944965257,0.0154719104600689,0.0208855242956426,0.025284942172735,0.0296843600498274,0.0317902783098379,0.0338961965698484,0.035790778393795,0.0377061797982245,0.039204386462642,0.0406861293175604,0.0430027788962099,0.0469347819439515,0.0528195211833013,0.0580574232306774,0.0605417580585431,0.0617428648506459
2024-03-14,0.0036983899522087,0.0107600068201383,0.0155508676769074,0.0211128404388846,0.0255023146192193,0.029751699198054,0.0318997355704673,0.0340477719428806,0.0359166303921581,0.0377854888414356,0.0393120482558305,0.0408386076702255,0.0431260469325824,0.0470493358674026,0.052825246554545,0.0581669552270782,0.0608561308774444,0.0621220335071601
2024-03-13,0.0036983899522096,0.0105608465897179,0.0154722362229568,0.0211129988295375,0.0253855182307622,0.0297509184885352,0.031936564557402,0.0340501563602621,0.0359482177885048,0.0377857027881866,0.0393109288693469,0.0408361549505072,0.0431778256426115,0.0470564960292373,0.0530139697993048,0.0581415240204372,0.0608205632776009,0.0620980162357874
2024-03-12,0.0035080418856579,0.0099622985386348,0.0154722362229571,0.0209659482893922,0.0253612149065672,0.0297564815237422,0.0319165314776154,0.0340528446188087,0.0358987488691261,0.0377847814727113,0.039338342290149,0.040840686816902,0.0429283787349772,0.047063267291332,0.0527998366841046,0.0582523394445919,0.0609373650892698,0.0621976588003669
2024-03-11,0.0017744535198217,0.0100620690554039,0.0156308107851419,0.0210740617221283,0.0255481250027558,0.0300221882833832,0.0320826521744785,0.0341204736052321,0.0361058943923287,0.0380913151794252,0.0398592238488698,0.0416077049505184,0.0436509814721941,0.0476651853341917,0.0537600266909647,0.0594165861894492,0.0623760721413779,0.0639320425048024
2024-03-08,0.0019247844431846,0.0101317654404494,0.0158583864145723,0.0219067992272042,0.0260780854666302,0.0302493717060563,0.0322973481270104,0.0343453245479645,0.0362803979329658,0.0382367358606595,0.0400051333928566,0.0417540979851395,0.0438217670703829,0.0480452265167418,0.0544000412493063,0.0600227897778798,0.0623396993281856,0.0643290571472374
2024-03-07,0.0029469630189847,0.010231381920525,0.0162344858273583,0.0221340418538234,0.0266072279940379,0.0309376528744583,0.032712118207102,0.0344865835397457,0.0363541430089274,0.0382217024781091,0.0399828772136165,0.0417440519491238,0.0436190654156046,0.0478688819937368,0.0537480062011361,0.0592963533476072,0.0627011756458292,0.0645952183340008
2024-03-06,0.0015639665126256,0.0105608465897169,0.0163144472376377,0.0221734218137391,0.0265065911800289,0.0309339598803684,0.0327812049282946,0.0345675517878276,0.0364232920016033,0.0382198064638756,0.0399793696976402,0.0417389329314048,0.0434819910269857,0.0475788931869831,0.0533508094883422,0.0592244352454505,0.0631987052576421,0.0651870852344622
2024-03-05,0.0020651077460823,0.0105608465897191,0.0164630174021836,0.0223206277338003,0.0267025112890258,0.0310843948442512,0.0329090553893032,0.0347136647195744,0.0365188107853034,0.0383631991568091,0.0401547111526465,0.0418871623134563,0.0436260400750969,0.0475693060584556,0.0533323234671255,0.0592108038900867,0.0634536278555915,0.0654680824295277
2024-03-04,0.0020651077460831,0.0105608465897191,0.0165422480423839,0.0223992080656174,0.0267812715795818,0.0311633350935462,0.0329875125991034,0.0347916441980062,0.0366178149750277,0.0384439857520491,0.0402141933644091,0.0419649481458641,0.0436404346023226,0.0476849691344352,0.0533385539929451,0.0592367211000023,0.0634616357301086,0.065477437701787
2024-03-01,0.0026964359697501,0.0107299314480298,0.0166210981211109,0.0224764687798095,0.0267718772150166,0.0311616902312172,0.0329565777205466,0.0347917997601979,0.0366279658531477,0.0385246648942168,0.0402360314725793,0.0419666268889009,0.0437149981287084,0.0477121545732786,0.0533216258487395,0.0593171029694111,0.06336350126185,0.0654878347786348
2024-02-29,0.0020651193962584,0.0107307165062934,0.0173742957085558,0.0231543132843494,0.0272600062321258,0.031456936800964,0.033294526569457,0.0350734698559768,0.0368551036846174,0.0388189500639143,0.0405106338721971,0.0422599887193986,0.043866061434404,0.0480557080092022,0.0538701399077934,0.0597402895239079,0.0636031510140861,0.0657546587937912
2024-02-28,0.0030672265643685,0.0107307165062934,0.0171466265487785,0.0229969047486354,0.0271229996614061,0.031388176425169,0.0331781704563454,0.035007077401243,0.0368246954325404,0.0387467742702343,0.0404931562758465,0.0421838026855349,0.0440186390186834,0.0480731649372242,0.0536832695348723,0.0596015602285234,0.0636240911789332,0.0660500219289455
2024-02-27,0.002676434141675,0.0109601061858433,0.0173742957085563,0.0231537869718721,0.027236107093088,0.0314560335105247,0.0332660327977012,0.0350760320848776,0.0369191761790278,0.0388244487257898,0.0405228911753591,0.0422582562868757,0.0440225993437509,0.0479789427919336,0.0536998977796162,0.0597579176384309,0.0633874841289651,0.0660345121291459
2024-02-26,0.002455962327295,0.0113589824459267,0.0172258202230448,0.0232225136982259,0.0273087997823492,0.0315328258468361,0.0333434842637266,0.0351541426806171,0.0369916985227709,0.0388911944494918,0.0406098512067555,0.0423285079640192,0.0441930684965648,0.0488569698621489,0.0541342347014468,0.0602056611815263,0.0633541340087207,0.0664154079646524
2024-02-23,0.0025662038476948,0.0113589824459269,0.0173734745536747,0.0233788241190137,0.02739174936476,0.031678283149989,0.033494811555266,0.035311339960543,0.0371802810409804,0.0390492221214177,0.0407577621492741,0.0424850773422717,0.0443278857226086,0.048836852112088,0.0540110774204414,0.0600730731414516,0.0635395558298803,0.0658579152429397
2024-02-22,0.0025662038476948,0.0113589824459269,0.0171466265487788,0.023152903529082,0.0272261333587155,0.0315334568567187,0.0333343938406819,0.0350778541123909,0.0369081170771578,0.0388215738130505,0.0405613772250556,0.0422637655099208,0.0441065103291385,0.0484142353017048,0.0538072477833551,0.059562221672137,0.0635764928193402,0.0660162357351237
2024-02-21,0.0024559705657515,0.0113589824459269,0.0166218498338698,0.0226258074873975,0.0267444701600443,0.0310019641587355,0.0327614147371331,0.034559114241148,0.0363741797415466,0.0382935593511636,0.0400430928668383,0.0417367902064808,0.0436978789358171,0.0478486701017489,0.0534038113859833,0.059271821890514,0.0633571336656606,0.065722322823962
2024-02-20,-0.0027785380326211,0.0109601061858541,0.0162355616699248,0.022400567149351,0.0265971905827646,0.0309352732330348,0.0326806077803118,0.0344828554106523,0.0362868703762914,0.0382167468511612,0.0399201905631719,0.0416606656602263,0.0435395249323402,0.0477897443672759,0.053269866208379,0.0590512576279029,0.0633308137953453,0.0657777901282579
2024-02-19,-0.0032301186521336,0.0111595542054389,0.0162355616698968,0.0224007347693273,0.0265581026511415,0.0308556065289719,0.0326107646924903,0.0344422340805095,0.0361832908991167,0.0380677288674915,0.0397903141077866,0.0415128993480816,0.0433797831983576,0.0475971135274617,0.0531482580538672,0.0590247830519361,0.0631406975342101,0.0654942590009948
2024-02-16,-0.0032301043947586,0.0115583909112306,0.0160466287764149,0.0224004108335851,0.02641046115585,0.0306939240000875,0.0324262962178231,0.0342919278369229,0.0360290716499573,0.0379109774474112,0.0396250618725885,0.0413579823903502,0.0432355157695663,0.0473851048938092,0.0529609739496201,0.0587624861090074,0.0630130105775095,0.0653532073630929
2024-02-15,-0.00294912388013,0.0110598326682741,0.0160473295242937,0.0224389531197267,0.026568572604686,0.030935526542804,0.0327093797219779,0.0345587160151593,0.036144266899084,0.0379842889125274,0.039748949951646,0.0415136109907645,0.0435362757636641,0.0478170125713254,0.0533706008095081,0.0589664671717434,0.0633728848749215,0.0658125114584835
2024-02-07,-0.0030093323560912,0.0121564976952164,0.016126588397548,0.0224419555472315,0.0266887677964736,0.0310787310204092,0.0329497037535073,0.0348613498068901,0.0365619466424386,0.038360278928306,0.0400325709276917,0.0416514919058204,0.0437924248581959,0.0481521608303346,0.053487211850666,0.0591774894585844,0.0637679633923165,0.0671276084241372
2024-02-06,-0.0022266916898624,0.0117577796052705,0.0161959360540121,0.0225107363058542,0.0267974533283738,0.0312286664303042,0.0331248748900104,0.0350210833497166,0.0367408993574942,0.0385186866913765,0.0401445529990234,0.0418057642264016,0.0439584648284949,0.0482965715775181,0.0538632608156423,0.0593821614370765,0.0638759140268468,0.0672569553788333
2024-02-05,-0.0032301186519725,0.0119571485319705,0.0160473295243011,0.0225109047678657,0.026797099287483,0.0312277722740538,0.0331244933416709,0.035021214409288,0.0368144869171738,0.0386682068129659,0.0402382589318528,0.0418083110507396,0.0439261110687771,0.0484196808705459,0.0538267456586378,0.0593639095364616,0.0637360402497948,0.0673213595627972
2024-02-02,-0.0034508884193946,0.0113091272398816,0.0158881106693221,0.0226673752425357,0.0272139906752141,0.0317606061078924,0.033578587195996,0.0353965682840997,0.0371833380141328,0.0389701077441659,0.0405469891623426,0.042141198947752,0.0443195561724024,0.0486913278673714,0.0539725185327236,0.0598305171746343,0.0640966170711554,0.0676954889537952
2024-02-01,-0.0040129602197631,0.0119372125287163,0.0155914997149581,0.0225882986265111,0.0271759928472237,0.0316124444013194,0.0335360595711696,0.0353982827675139,0.0371628956565191,0.0389275085455243,0.0404801039260118,0.0420326993064993,0.0438997021794141,0.0485280433573922,0.0537940136009911,0.0595329461037765,0.0640797753880265,0.067652558604278
2024-01-31,-0.0036717212769416,0.0115583909112306,0.0130320021791782,0.0228129770442326,0.0273126952911092,0.0316146237249362,0.033485001569677,0.0353960398023468,0.0372138137112908,0.0389716610078519,0.0405262633172608,0.0420312506593482,0.0438897119104431,0.0483976095230921,0.0537108699525978,0.0593785263370396,0.0641560717761932,0.0673899544474432
2024-01-30,-0.0046755434085302,0.0112293563392817,0.0123665235110446,0.0225869448101981,0.0271482893830396,0.031459010627703,0.0333576082933107,0.0352562059589185,0.0371104633962044,0.0388266378328413,0.0403349301334642,0.0418760113971442,0.0438298398273514,0.048191999214944,0.0536984108188216,0.0593447415322797,0.0639225424984923,0.0682170557915496
2024-01-29,-0.0045651409483919,0.0112293563392824,0.0127042705371814,0.0231935560846764,0.0273709031479266,0.0318431217685828,0.0336988254963675,0.0355545292241522,0.0372716545290967,0.0390078590040961,0.0405923001199584,0.0421767412358208,0.0441375553807761,0.0486787562175768,0.0538357305150939,0.0595825205793731,0.0641191368701416,0.0677498195770296
2024-01-26,-0.004454630385075,0.011887371655913,0.0127038309726742,0.0233774085485236,0.0272677139627163,0.0316798896153983,0.0333116540597151,0.0349434185040319,0.03652869816016,0.0380795152150679,0.0395475732491562,0.0410317637891136,0.0429956042447226,0.0474456422612678,0.0527165802556687,0.0581573576916358,0.0629932043617844,0.0659482111073742
2024-01-25,-0.0043442082966347,0.011887371655913,0.0127042705371799,0.0233766827885587,0.0272882495714369,0.0316827258336829,0.0333397146947724,0.0349438209326355,0.0365272182648346,0.038076193915899,0.0395548662383767,0.0410335385608544,0.0427161514597674,0.0472229461626213,0.0523499650314422,0.0577491113647622,0.0631965108125209,0.0659530605251087
2024-01-24,-0.0035613022581888,0.011887371655913,0.0127042705371799,0.0236493643367632,0.0276439323036573,0.0316828843590725,0.0332844777227498,0.0349208883334635,0.0364733032426443,0.0380786413873654,0.0395709443228957,0.0410156205689942,0.0423116519534165,0.0468579103641573,0.0519717360650612,0.0576055523153452,0.0633069841844935,0.0661741062101811
2024-01-23,-0.0031197301766848,0.0122262652340009,0.0130320021791969,0.0239530282228358,0.0281187691396107,0.032330796066572,0.0339114113586735,0.035492026650775,0.0371929525354939,0.0389127775967096,0.0401319577698719,0.041377641859842,0.0432162811377031,0.0473413217267082,0.0523692417086349,0.0580757199628837,0.0635496091982985,0.0664560237531152
2024-01-22,-0.0033405101574231,0.0122262652340011,0.0135284121103637,0.0244033765490848,0.0285311866811696,0.0327048613702776,0.0343220459589286,0.0359392305475795,0.037413425957853,0.0389040013171296,0.0402487306130034,0.0415934599088773,0.0433072204478189,0.0477448824843877,0.0527354241735303,0.0582521978850992,0.0639037381113393,0.0653577185608303
2024-01-19,-0.0034509046927204,0.0122262652340011,0.0138554189158976,0.0244029442170177,0.0285527230246888,0.0327025018323599,0.0343221475611199,0.03594179328988,0.0374235853948399,0.0389053774997997,0.0402430667530408,0.0415954558881857,0.0436410041152613,0.0479643451938874,0.0526693476958139,0.0581956245010339,0.0637040403598132,0.0666298025697854
2024-01-18,-0.0032301329096772,0.0122262652340011,0.0141933123214016,0.0244021466085865,0.0284842499712784,0.0327055159486075,0.0343704214996452,0.0359821917671392,0.0374421210483898,0.0389020503296404,0.0402492493477069,0.0415964483657735,0.0435584684812211,0.047727251336336,0.0525920026857041,0.0580860112843193,0.0635004066587069,0.066674011136164
2024-01-17,-0.0025577994524304,0.0135513887912167,0.0141933123214014,0.024736905681204,0.0289206111936676,0.0331508023229362,0.0347904026063375,0.0364656463741605,0.0378092311395302,0.039198619930992,0.0404466731152102,0.0416548948148257,0.0437081043517307,0.0478909625154371,0.0525635492520011,0.0581499405575712,0.0646477462153988,0.0669757317307553
2024-01-16,-0.0013338649953473,0.0148756397448833,0.0145206788738056,0.025186927865041,0.0293339180349451,0.0335269858734037,0.0351814018211864,0.0368358177689692,0.0382720692504633,0.0397242790817518,0.0409397376814767,0.0421816192942392,0.0438179920404173,0.0478632547155071,0.0525797174903692,0.058269330101763,0.0649187422032409,0.0669396139125803
2024-01-15,0.0016742268296429,0.0148756397448833,0.0191250612243553,0.025187116384306,0.029387864736539,0.0336352880704634,0.0353147718074885,0.0369942555445137,0.0384847641424637,0.0399918339470575,0.0412020072011021,0.0424121804551466,0.0443545764710221,0.0482536257546223,0.0528051438113358,0.0584100989398424,0.0640985814330841,0.0675513162200027
2024-01-12,0.0026664036187056,0.0154628103088875,0.0192821984562748,0.0253430506259116,0.0295255870265943,0.0337081234272769,0.0353851831707796,0.0370622429142823,0.0385605912556394,0.0400589395969966,0.0412628596119103,0.0424800095170977,0.0427203106596043,0.0459126323020627,0.050279569561148,0.0558142543894739,0.061427156986073,0.0648092261886336
2024-01-11,0.0028668136598821,0.0154628103088875,0.0193523934516763,0.0253421867239748,0.0294565916309712,0.0337112603416151,0.0354139389055798,0.0370622766643116,0.0385588727076361,0.0400554687509606,0.0412685286985513,0.042481588646142,0.0422554543901349,0.0456273740739877,0.0500051314809554,0.0556021994684329,0.0616234787518198,0.0641542715335574
2024-01-10,0.0030672137153791,0.0154628103088875,0.0195105147974652,0.0253444836773513,0.0295048432442951,0.0337114290286493,0.0353863297820388,0.0370612305354282,0.0385513982468232,0.0400581233772337,0.0412876977784766,0.0424780304435096,0.0423475516547003,0.0454025842058818,0.0497831911770444,0.055244702419953,0.0617308848752222,0.0634533855572449
2024-01-09,0.003467983873313,0.0155424134589208,0.0198168216504028,0.025422877121553,0.0295441151304061,0.0337111446726908,0.0353855133310058,0.0370598819893209,0.0385506177378023,0.0400579172168224,0.0412538556254219,0.0424757926950778,0.042233502118687,0.0458368414010835,0.049688667988566,0.0551315179747414,0.0614954634434465,0.0631946544809914
2024-01-08,0.0037685352867547,0.0160000704322621,0.0201131807745281,0.0231820468785106,0.028606872972836,0.034091974912654,0.0357112354818984,0.0373304960511427,0.0387954978992992,0.0402767775457686,0.0415476451373831,0.0428185127289976,0.0427939809884824,0.0459528837474366,0.0499279252890087,0.0554030183813774,0.0631160974730007,0.0629275504643856
2024-01-05,0.0049705163970119,0.0160796523186094,0.0204182161354536,0.0236713787091522,0.0289374292823562,0.0340890004952731,0.0357056143530023,0.0373222282107314,0.038800329339796,0.0402784304688605,0.0415383498847082,0.0428121145688619,0.0426554984186559,0.0459805137328389,0.0502511273764563,0.0556913387767537,0.0628225996161334,0.0630873880974504
2024-01-04,0.0058717665529391,0.0160796523186094,0.0203798477802946,0.0277256872076558,0.0309280536262055,0.0342395916272058,0.0358825778124495,0.0374731282683768,0.0389519342410933,0.0404307402138098,0.0416702122462946,0.0429096842787794,0.0428686693155651,0.0470559969031368,0.0509044780852018,0.056444684142311,0.0627947219856978,0.0633352512260135
2024-01-03,0.0076236195001458,0.016686360665227,0.0211400503067574,0.0286057725066012,0.0315910844988247,0.0346095666242952,0.036206067057772,0.0378372740224114,0.0392946198165978,0.0408016478537679,0.0420540731577514,0.043266527441395,0.0431262664994862,0.0474067660507044,0.0514221396281537,0.056911946194668,0.0631413809430227,0.0637423690870792
2024-01-02,0.0092546593103714,0.0173823578894908,0.022126680967629,0.0285377725119299,0.0319700063275835,0.0354403760745221,0.0370666455322527,0.0387459455157789,0.0402668688366778,0.0418577196665835,0.0430414174842152,0.0442508478630997,0.0438840603092764,0.0481257321032052,0.0518751257175997,0.0573745861682591,0.0642636740229312,0.0648006973025316
2023-12-29,0.0094638903998325,0.0178176295553261,0.0184809119820523,0.0285167562061491,0.0321490837913701,0.0357816295082019,0.0374202983083789,0.0390589671085559,0.0406944833985867,0.0423299996886175,0.0435772342492275,0.0448109119124396,0.0443077297494062,0.0486837483893555,0.051946732555666,0.0575357446664211,0.0649285378603342,0.0654124209754509
2023-12-28,0.0094636055059352,0.017778467222171,0.0184802667619629,0.0284374927423203,0.0319492187843125,0.0357006136408207,0.0373414663949939,0.0389823191491672,0.0406167064487436,0.04225109374832,0.0434934909869651,0.0447358882256102,0.0442320042431934,0.048397384784778,0.0517843380161563,0.0574377415733091,0.0648948188163234,0.0653640219933487
2023-12-27,0.0095733446690698,0.0178179523111218,0.0184810062113732,0.028517428034735,0.0320707858673777,0.0357036586452961,0.0373658413906083,0.0389749757504318,0.0405572341691582,0.0422473738437069,0.0434889520812049,0.0447305303187029,0.0441678343125397,0.0484015131784023,0.0515126129979155,0.0572676596749327,0.0650436979604698,0.0654769128910086
2023-12-26,0.0094630357695933,0.0178176855793017,0.0184808221027648,0.0284392512755882,0.0319923767662191,0.0356251223033699,0.0372666662099476,0.0388903672479754,0.0405082999597397,0.0421621867317654,0.0434268031174199,0.0446510594056599,0.0443288271489314,0.0481525867351477,0.0514369269522624,0.057092652782475,0.0649893781114593,0.0654165360826054
2023-12-25,0.0092427070639365,0.0178174188554674,0.0184806379978246,0.0284390384021602,0.0319922146069271,0.0356251223033686,0.0372666662099455,0.0388903672479726,0.0405082999597362,0.0421621867317612,0.0434147271775999,0.0446536530533751,0.0444522248025143,0.048065947060816,0.0515434970494024,0.0568948373515239,0.0649713731589423,0.0654637893975546
2023-12-22,0.0090118345484182,0.0176568000701686,0.0184796279476684,0.0283593500405727,0.0319477986670558,0.0355372172319008,0.0371761485471577,0.0388150798624146,0.0404510470653289,0.0420870142682432,0.0433342386662942,0.0445679062774099,0.0440450487433892,0.0479250422278463,0.0514471093989907,0.0570110694864444,0.0647364514105738,0.065298908972995
2023-12-21,0.0090115633200261,0.0169914260885294,0.0184789874207375,0.0277829525764676,0.031257031304572,0.0349690162904941,0.036611488699669,0.0382539611088438,0.0398886011097673,0.0415232411106907,0.0427662869981135,0.0440093328855363,0.0435394079124888,0.0474371612586513,0.0508367947397549,0.0564588341519359,0.064111912085649,0.064679096941288
2023-12-20,0.0089612851244983,0.0169911717525085,0.0184797175281423,0.0277848220474651,0.0313383575925669,0.0349721843926965,0.0366369510915291,0.0382485869382714,0.0398302713792332,0.0415197979411696,0.042762641056501,0.0440054841718325,0.0434864803559468,0.0472214266299949,0.0507295062975599,0.0561158317774888,0.0642618003484767,0.0647397517842123
2023-12-19,0.0090710266654335,0.0169909174241085,0.0188057918912664,0.0277846140819101,0.0313381978838179,0.0349721843926964,0.0366206687632875,0.0382512348255026,0.0398688971417932,0.041522507509557,0.0427829040661184,0.044003075200662,0.0433930101865399,0.0472058521702792,0.0508312891792464,0.0562410957184726,0.0643756672756299,0.0648501392685851
2023-12-18,0.0094007593833522,0.0169111377553523,0.0188056045620426,0.0277063904641698,0.0312599799846291,0.0348940827099193,0.0365378906984613,0.038163831208867,0.0398060865078294,0.0414848363689909,0.0427337042656661,0.0439689975112904,0.0432617262589265,0.0471850242366037,0.0507723422722459,0.0563050435513895,0.0647353083997949,0.0650417425565835
2023-12-15,0.0097398575898796,0.016909645657497,0.0188045732361558,0.0279484938895095,0.0314986707460213,0.0350505539056182,0.0366897878596261,0.0383290218136341,0.0399057774029413,0.0414825329922485,0.0427289370994336,0.0439617933358885,0.0432055760408696,0.047162821696543,0.0506573597567449,0.0560542830045088,0.0649091294666146,0.0651773949502106
2023-12-14,0.0095096105287086,0.0169896458963051,0.0188039178715925,0.028025220802557,0.0314197728205724,0.0350475737533446,0.0366878816956465,0.0383281896379483,0.0399046915888764,0.0414811935398045,0.0427219757535551,0.0439627579673057,0.0431647172259997,0.0473743592166205,0.0508529461561909,0.0563591273842504,0.0646808195480052,0.0649549277502313
2023-12-13,0.0097892582033316,0.0171086647791644,0.0196347336415453,0.0280271169288945,0.0314989797901764,0.0350500434354206,0.036712979191447,0.0383228425297279,0.0398480712510569,0.0414772928397492,0.0427181206006515,0.0439589483615537,0.0437740736423055,0.0488514281764494,0.0513299596326166,0.0569743738364374,0.0645544345159155,0.0649053511979975
2023-12-12,0.0097889636566729,0.0171084087189266,0.0196345380667308,0.0280269071607863,0.0314988203960242,0.0350500434354206,0.036696716415299,0.0383254907758309,0.0398854079617212,0.0414799899739646,0.0427383506440267,0.0439565508671719,0.043597733372518,0.0494066022338802,0.0515460945164652,0.0572363133398712,0.0644505719110132,0.0647516801999216
2023-12-11,0.0097886691277382,0.0171081526663534,0.019634342495811,0.0280266973958182,0.0314986609986725,0.0350500434354205,0.036696716415299,0.0383254907758309,0.0398854079617212,0.0414799899739646,0.0427263002242967,0.0439590636240818,0.04377283773233,0.049392797850098,0.0516064431614366,0.057215551232072,0.0644334657132933,0.0647371342590513
2023-12-08,0.0098977377706498,0.0171066533943915,0.0196332486669894,0.0280250186215649,0.0315359826648738,0.0350493729369781,0.0366883490837839,0.0383273252305896,0.0399044989933536,0.0414816727561176,0.042727849965939,0.0439604817713058,0.0434215734347155,0.0494191239403597,0.051568320227443,0.0572701759383935,0.0644478569510859,0.0647472977365233
2023-12-07,0.0100073858124812,0.0171965707058155,0.0196325473074624,0.0281114790996131,0.0315060699139252,0.0351347013377434,0.0367699426775201,0.0384051840172969,0.0399816232345195,0.0415580624517421,0.042798891376285,0.0440397203008279,0.043706679621908,0.0494373761472145,0.051462631149699,0.0572813787947165,0.0643328182567832,0.0646474498885555
2023-12-06,0.0101270185997499,0.0171963133530235,0.0196333646996489,0.0281133796840082,0.031585654861363,0.0351378955422858,0.03684064265621,0.0384890467771366,0.039971323380708,0.0415546642981593,0.042794086432972,0.0440335085677847,0.0434764090459801,0.0490105447790507,0.0515285941057726,0.0572110950427227,0.0644378862344263,0.0646815294872421
2023-12-05,0.010006783719598,0.0171960560079373,0.0196331691521029,0.0281131692812923,0.031585495111856,0.0351378955422858,0.0368239706900866,0.0384917189341068,0.0400077000105231,0.0415573695553041,0.0428142828853668,0.0440310819602148,0.0433002018250154,0.0492447722201628,0.0513145538330167,0.057044623885365,0.0644834331602656,0.0647568374449757
2023-12-04,0.01023633892516,0.0171957986705534,0.0196329736084524,0.028112958881726,0.0315853353591432,0.0351378955422858,0.0368239706900866,0.0384917189341069,0.0400077000105231,0.0415573695553042,0.0428022489012463,0.0440335969499499,0.0432993382910088,0.0491555000513043,0.051357882800588,0.0571965397422336,0.0644420161105738,0.0647250703302187
2023-12-01,0.0100655381011998,0.0147087395136512,0.0196308801964438,0.0281892436026042,0.0316689390214392,0.0351517715620005,0.0369394178319099,0.0386501760902102,0.0401498603761544,0.0416495446620986,0.0429134078918216,0.0441100443540062,0.044753340264453,0.0494174900688466,0.0512374086117898,0.0570331348575881,0.0644249176382691,0.0648396462749756
2023-11-30,0.0101951381329012,0.0147092918805064,0.0196326927765349,0.0281879759161527,0.0316100085748506,0.0351520006107321,0.0369674636525334,0.0386505491808701,0.0401473965902657,0.0416442439996612,0.0429187893199856,0.0441119806836934,0.0447959612247372,0.0494147121459345,0.051248136000701,0.0570438891450521,0.0644181105501891,0.0648343689661169
2023-11-29,0.0101947994747894,0.0147090705650093,0.019958423810114,0.028267846095619,0.031766727662956,0.0352305920222889,0.0369629188367832,0.0387329049298534,0.0402591172496237,0.0417350148775334,0.0430251927735206,0.0441956634420451,0.0447988253169695,0.049044521205659,0.05191817931887,0.0576679238406237,0.0640526379019555,0.0649862348841813
2023-11-28,0.0101944961845094,0.0150371458008819,0.0206197042179836,0.0282286523287823,0.0317848875141766,0.0352286358026907,0.0369825109903035,0.0387363861779164,0.0402929552791315,0.0417336096600434,0.0429504668824961,0.0441937775228283,0.0449441062491108,0.0492216338705216,0.0521049105496291,0.0577592376849473,0.0640443530263432,0.0651387234817326
2023-11-27,0.0103140866400367,0.0155342289336663,0.0231242013833982,0.0276240267513032,0.0314459502462316,0.03514709291424,0.0369032807993529,0.0386594686844657,0.0401761942987681,0.0416434614691258,0.0428398671515306,0.0440362728339354,0.0446885186990967,0.0489546713803354,0.0518968614177383,0.0578359690828937,0.0634532483552722,0.0648784835672844
2023-11-24,0.0105628600498515,0.0155335278039973,0.0231221186760974,0.0276223948558156,0.0313810370045602,0.0351438593137998,0.036902164934771,0.0386604705557421,0.0401687712409717,0.0416442827808702,0.0428341246970207,0.0440370417990629,0.0445435562339096,0.0489430376269506,0.0517778895967618,0.057674898395067,0.0638744035089796,0.0652414206007008
2023-11-23,0.0110020962016294,0.0155332941081722,0.0233695391556999,0.0280208405256898,0.0316816309351753,0.035225673061741,0.0370520534637005,0.0388201451294273,0.0403144449642401,0.041808744799053,0.0430444420111342,0.0442801392232154,0.0446089698777868,0.0488892514903339,0.0516479739208935,0.0576186772357239,0.0640136583891483,0.0653602320382376
2023-11-22,0.0110017689530572,0.0157021048635473,0.0233693055770699,0.0280227124579261,0.0316741909563155,0.0350576846807281,0.0369170153753274,0.038816766302418,0.0403410361262039,0.0418150552964584,0.0430398685205025,0.0442779949317644,0.0447021537150524,0.0487732174455033,0.0527238795258122,0.0585768401841274,0.0639932153163246,0.0652116645640475
2023-11-21,0.0111212896498905,0.0163580142395848,0.023447864768503,0.0282271736257403,0.0317797941529771,0.0352207581758789,0.0371020626716695,0.03898336716746,0.0405385993745913,0.0419780164173616,0.0431953376974877,0.0444391224837034,0.0433016841247882,0.049251936647092,0.0529343757084701,0.0588046027938322,0.0640255129081835,0.0652546476471431
2023-11-20,0.0113706230190659,0.0163577681507905,0.0234870246571124,0.0283049206461624,0.0318579052133793,0.035299324163499,0.0371800810047416,0.0390608378459842,0.0406328955826098,0.0420560215336603,0.0432875085160276,0.044518995498395,0.0431195419581449,0.0494036758223475,0.0529368580348125,0.0586141093801381,0.063856964856911,0.0650948574173202
2023-11-17,0.0117489914083273,0.0163570299288358,0.0236522848243926,0.0285467831532846,0.031919200706867,0.0352960793984555,0.0371765659739226,0.0390570525493897,0.0406722037625817,0.0420566190881749,0.0432796338239865,0.0445160882821697,0.0448978469445224,0.0487174115516541,0.0529279545763712,0.0582105127155572,0.0639911349198088,0.0652038688142334
2023-11-16,0.0124974224649258,0.0163567838696575,0.0239783960433529,0.0292173442955033,0.0324320172016975,0.035544824157464,0.0374077693017323,0.039211258749907,0.040829696629142,0.0422169290970578,0.0434455054930025,0.0446740818889472,0.0451095894675902,0.0502121760663861,0.0531419387338323,0.0588178017425433,0.0640323967175999,0.0652155973140604
2023-11-15,0.0132456251987828,0.0185121616524893,0.0249622229897292,0.0294432643401325,0.0327764199280684,0.0358655819687313,0.037638466417901,0.039449891833357,0.0410933706303062,0.0424517561665601,0.0437025511371971,0.0449134271194096,0.0452983313036979,0.0507596308496898,0.0536429598497817,0.0587399784938788,0.0642949676578927,0.0656929054045261
2023-11-14,0.0148615490018956,0.0190082356315827,0.0250505030548046,0.030454749749855,0.0333261550676608,0.0361078930174053,0.0378489775351857,0.0395900620529662,0.0413216338518812,0.0426931758708237,0.0439049238780973,0.0451430142333551,0.045066414057241,0.0513560972826468,0.0542597163194436,0.0598010284121155,0.0644783071402707,0.066037452517544
2023-11-13,0.014621633029463,0.0190079497031618,0.0230815636614009,0.0306197982789082,0.0334471997556068,0.036186389468065,0.0379309482369107,0.0396755070057565,0.0412489640940752,0.0427711127990793,0.0439961344443389,0.0452211560895985,0.045711770345895,0.0521682192782917,0.0542679991868317,0.0597812829954642,0.0645479008163745,0.0660258795135225
2023-11-10,0.0138620708814695,0.019175813726293,0.0234044950089106,0.0307831070677217,0.0337647141607622,0.0367508938582755,0.0383356897698729,0.0399204856814702,0.0414800728970166,0.0430057560426597,0.0442286364754283,0.0454649551547108,0.0461093823210586,0.0522541924596304,0.0546155649653622,0.0602142795242214,0.064416165977952,0.0659268760600506
2023-11-09,0.0146795229951394,0.0195029986369885,0.0258653730722626,0.0279009753815607,0.032397429626043,0.0367523175618808,0.0383910051303144,0.0399773941593299,0.0414892306732485,0.0430010671871671,0.04425570417005,0.0455103411529328,0.0461369979384906,0.0522987417836907,0.0548351408474581,0.0604256068475385,0.0643604222689518,0.0658447012139399
2023-11-08,0.0152972978983633,0.0195027052882335,0.0259437497816707,0.0285459376121182,0.0328045965327483,0.0367523175618808,0.0383398091065567,0.0399618113369865,0.041508359736018,0.0430039230229936,0.0442715482911426,0.0454987174337123,0.0452594357108353,0.052163289889148,0.0548070763822711,0.0607932974668287,0.0644255305272108,0.0656954388839238
2023-11-07,0.0154269853214484,0.0195024119483027,0.0261105732610797,0.0285457240168622,0.0327136781979879,0.0367523175618809,0.0383585176506756,0.0399647177394703,0.041543089544173,0.0430039230229936,0.0442366685211812,0.0454962128345469,0.0452176439476734,0.0522334143404097,0.0555860928201992,0.0613576695537252,0.0641796021703308,0.0657452931030152
2023-11-06,0.0156060167293178,0.020494091543782,0.0262773724982061,0.028876649804038,0.0329978510594519,0.0369913068452043,0.0385536229820038,0.0401159391188033,0.0416647182423766,0.0431629936988768,0.0444523453397808,0.0457416969806848,0.0451989494454422,0.053147062596078,0.0560772545238507,0.0613215363073116,0.0645626935846825,0.0657922829217518
2023-11-03,0.0165416159830227,0.020741072389639,0.0262355220696947,0.0285438009651223,0.0328446165340493,0.0371529347287883,0.0387616044404022,0.040370274152016,0.0418606130673498,0.0433185533106111,0.0446482897875898,0.0459926387533265,0.04541374695764,0.054240918945445,0.0566118761508993,0.0630984871723142,0.0644585642409718,0.0657843709642499
2023-11-02,0.0169000832259442,0.0211175126358212,0.0263549283141594,0.0285425197835307,0.0328810930391768,0.0372272347876294,0.0388426902298347,0.04045814567204,0.0419313883535331,0.0434046310350262,0.044611703133208,0.0458187752313898,0.0452444416640075,0.0542946420842567,0.0567095286732136,0.0630050500744258,0.064179465401692,0.065533603406408
2023-11-01,0.0167500774072556,0.0211166932911766,0.0263546649518633,0.0285444425124657,0.0329964250460888,0.0373139782669736,0.0387900420326109,0.0403667465095415,0.0418845414507519,0.0434023363919622,0.044656684035141,0.0459110316783198,0.0454286188950276,0.0546398128716881,0.057019065087958,0.06268796471956,0.0646146633150533,0.0658331398945566
2023-10-31,0.0157926525538789,0.0211852609558529,0.026354401594831,0.0285442289395861,0.0330185916722811,0.0373122163459916,0.0387982682178418,0.0403697253696833,0.041910526944957,0.0434021540018708,0.0446140223695304,0.0459085181258941,0.0458119836357655,0.0550029340714339,0.0575351894802665,0.0637505889494828,0.0644140981043171,0.0655781038412571
2023-10-30,0.0150444456858037,0.0213132836893668,0.0264327374340774,0.0285440153699023,0.0330815653657491,0.03739051071293,0.0388728608115373,0.0404586306844659,0.0419533115096157,0.0434804853961818,0.0446999143046997,0.0459894253343967,0.0457640432017324,0.0553174773166508,0.0576314136392699,0.0637519103757722,0.0644959084882277,0.0657046977987936
2023-10-27,0.0153421862778852,0.0215585124278089,0.0264301739566848,0.0285423101046868,0.0333063694613765,0.0373972624273869,0.0389281991214966,0.0404591358156063,0.0419373439643827,0.0433994846332811,0.0446403818275746,0.0459088545150746,0.0454464643980583,0.0553701157237668,0.0577512249238477,0.0637489328961245,0.0643519702040802,0.0657857960552741
2023-10-26,0.0164381539597667,0.0217292505362513,0.026353084888615,0.0285410330501527,0.0333579925523041,0.0373958270516078,0.0389436294178319,0.040458145711664,0.0419182784175666,0.0433944565378197,0.0446451855238059,0.0459098114985252,0.045239733560965,0.0552400982902967,0.0577212945818758,0.0636271477573756,0.0641114973849143,0.0655597249223621
2023-10-25,0.016537322040092,0.0219072768457689,0.0264314168272791,0.0291953234849295,0.0336983103413555,0.0373162719746582,0.0388101338676385,0.0403532439548928,0.0418207528005714,0.0433043881170817,0.0445500694644141,0.0458095917156058,0.045322593453408,0.0553933831535264,0.0579648069843226,0.0638119435311416,0.0644854964586976,0.0661465869963521
2023-10-24,0.0174136748642128,0.0217682349859876,0.0263132592681659,0.0291951050535311,0.0332965921547164,0.0373171553518429,0.0387890835712683,0.0402771868260719,0.0418019346977775,0.0432293582372466,0.0444587498273484,0.0457286708105305,0.0455037224872483,0.0553829855384892,0.0589134412294321,0.064693533750595,0.063910499069919,0.0656896661069303
2023-10-23,0.0166658812960989,0.0213418047570574,0.0261459644630913,0.0291948866253922,0.0333373965172006,0.0373982939589056,0.0388691582185676,0.0403561858217425,0.0418084717983008,0.0432291863405862,0.0444722113178984,0.045728895910346,0.0452007907598918,0.0556331473258212,0.059150663352075,0.0647670144928484,0.0638343276511934,0.0656333768086718
2023-10-20,0.0145416463778942,0.0200611847156091,0.0258978297759663,0.029193121140832,0.0332556712600194,0.0373270227154463,0.0388024911688355,0.0402779596222247,0.0417342145928731,0.0431588118467683,0.0443981105959653,0.0456510280127358,0.0451232818742697,0.0553835983081835,0.0592167751433287,0.0649536860847789,0.063740178290704,0.0656681675286655
2023-10-19,0.0125468677490155,0.0190698768478217,0.0256928641223645,0.0287050825337216,0.0329691844216461,0.0372425242988566,0.0387253357692931,0.0402081472397296,0.0416415715127652,0.0430749957858008,0.0443230707177753,0.0455711456497497,0.0451962196895753,0.0549683197079577,0.0585064181002729,0.0642957541862773,0.0634005583696911,0.0657110077858215
2023-10-18,0.0114293082995706,0.0189303197150089,0.0255353364353306,0.0283856066766008,0.032957789003976,0.0372474813457307,0.0387056725870913,0.0402119360671781,0.0416419607356716,0.0430719854041651,0.0443231764113243,0.0455743674184835,0.0454792130449587,0.0537648616566354,0.0573491917539368,0.0631454118475058,0.0625476057799939,0.064464272308536
2023-10-17,0.0111795611682558,0.0189304097982753,0.0254072862636671,0.0277325295515498,0.0324970290464671,0.0371684962855007,0.0386458604651576,0.0401394594160195,0.0416564120825519,0.0430765379831355,0.0443104261740076,0.0455849919975459,0.0452793790482242,0.0537884920941035,0.0572208575729049,0.0628440543692733,0.0626724933772073,0.0645558462458347
2023-10-16,0.0109298132057485,0.018642385697139,0.0251612407840626,0.0277323220767838,0.0324581570317994,0.0370918526239475,0.0385680153726932,0.0400603996901064,0.0415463135304407,0.0429999248959852,0.0442477050578634,0.0455091970896524,0.0452836574667631,0.0536797599374201,0.0571014724118068,0.0624825104409937,0.0625901155392806,0.0645696402059933
2023-10-13,0.0109290649310309,0.0185019370732113,0.0251589122973006,0.0277307033615231,0.032405805355666,0.0370920227998206,0.038576512692454,0.0400610025850875,0.0415480101932748,0.0430026915491103,0.044249325509447,0.0455096587440731,0.0454081654525236,0.0535790906568613,0.0570690038187681,0.0625784227873215,0.0625729903766457,0.0645571939419267
2023-10-12,0.0106791125610352,0.0185023546732384,0.0253273718010242,0.0272420989240959,0.0321598023872218,0.0370891981058504,0.0386437623974435,0.0401983266890365,0.0416001965516153,0.043002066414194,0.0443643989229035,0.0457267314316131,0.0457951066378003,0.0538097238455176,0.0571688633590084,0.0626444081774181,0.0628680175279604,0.0649987461962547
2023-10-11,0.010928189741129,0.0193552537284692,0.0254057632276845,0.028218515760827,0.0327938253720452,0.037087327264654,0.038606541326854,0.0401758393691266,0.0416248470312574,0.0430738546933881,0.0444323045827349,0.0457907544720817,0.0458134844175043,0.0540565709347877,0.0572983890300611,0.0626356753436926,0.0624782294172231,0.0645456967665551
2023-10-10,0.0122942277673601,0.0199202320603202,0.0258969274562026,0.029192047356984,0.0332159987280584,0.0371622001083671,0.0386915408107101,0.0402376874548371,0.0416704743164291,0.0430721136375516,0.0443993596961559,0.0457703611193295,0.0454187686435735,0.0540786133086537,0.0576325282304764,0.0625131643756478,0.0623909395843444,0.0644716766307911
2023-10-09,0.012712640824169,0.0206733645197991,0.0262700217436159,0.0298437013222083,0.0335757809720739,0.0372358590852862,0.0387611381544817,0.0403031785321298,0.0417455793013725,0.0431566235321534,0.0444965928811429,0.0458512871680334,0.0467549776291859,0.05415876471897,0.0577350905761342,0.0627229762728146,0.0624213920188394,0.0645305438452184
2023-10-06,0.0135391328396527,0.0209193040208984,0.0264246691449471,0.0289467512366485,0.033061287802604,0.0372318078281565,0.0387685306736545,0.0403223282174359,0.041756116904601,0.04315873627248,0.044504955979935,0.0458659693105489,0.0455906331220873,0.0543977621560257,0.0578871770048491,0.0629705921027143,0.0627436769949036,0.0646226162340324
2023-10-05,0.0138673892218706,0.0209198901272211,0.0265145321949214,0.0291887529599429,0.0332644685680065,0.0373956394275704,0.038970720461869,0.0405633023965487,0.0418983171609477,0.0432333319253466,0.0446253229658804,0.0460173140064142,0.0461263709141296,0.05474501053978,0.0583241615850177,0.0631826875012215,0.0630863305689304,0.0649705052125517
2023-10-04,0.013538085728465,0.0204240300260516,0.0261802976826838,0.0291907371116625,0.0334274993742451,0.0374041171493655,0.0389567559724634,0.0405605806908282,0.0418954974347033,0.0432304141785783,0.0446229955398703,0.0460155769011623,0.0460124479296055,0.0545646478393718,0.0581187122601487,0.0632505226746712,0.06298387781342,0.0648703583029387
2023-10-03,0.0123714282747796,0.0201164281646375,0.0254430501506594,0.0290737258236293,0.0330721986583784,0.0369942311512804,0.0385690130721596,0.0401611002888726,0.0416664068173494,0.0430756299503915,0.044448054728936,0.0458657242803995,0.0460182102466514,0.0537241001159298,0.0574811415992998,0.0628531712459125,0.0624962411878827,0.0642842832559653
2023-10-02,0.0120420648114781,0.0192435572138531,0.0254427959768594,0.0290735083377793,0.0329955893107333,0.0368428049162573,0.0384486898327198,0.0400722218361763,0.0415606408488804,0.0429237193131462,0.0443441369243987,0.0457801635203902,0.0462515304015158,0.0526563264093996,0.0562122937619557,0.0615706877980235,0.0628894658919318,0.0644413771231567
2023-09-29,0.0108752433052286,0.0188760607783473,0.0249489809192761,0.0282149586506761,0.0324389275787534,0.0366742146833954,0.0382194088258955,0.0397646029683956,0.0411772938176097,0.0425899846668237,0.0439821190459492,0.045389551605065,0.0459637752492824,0.0520618559579821,0.0557206120452587,0.0612103276607523,0.0624144991528112,0.0638731515541407
2023-09-28,0.0105461233402619,0.0173873157632382,0.0246257475648461,0.0278532845173583,0.0322983625766073,0.036608408759843,0.0381752884461658,0.039692161333989,0.0411034026109929,0.0425146438879969,0.043911159733122,0.0453076755782471,0.0453611570766116,0.0518050198349513,0.055435779131749,0.0607052236172386,0.0622611562539771,0.0637785153712639
2023-09-27,0.0105461233402619,0.017258004397733,0.0243009197565274,0.0277283806459723,0.0321875901040535,0.0366092087553226,0.0380899730867625,0.0396029279471467,0.0410848935242918,0.0425180030933991,0.0439368861875049,0.0453104857786074,0.0451566501767949,0.0516466781624154,0.0550210325561756,0.0605908837659029,0.0623760834536946,0.0638105226177649
2023-09-26,0.0151015353429648,0.0187462571287847,0.0197778794126607,0.0220104937004177,0.0257341234714497,0.0294262512113013,0.0314872135794231,0.033548175947545,0.0353565961061884,0.0371451435158358,0.0387797715102929,0.0404499348959339,0.0406203591986549,0.0466600682993854,0.0500830759813484,0.0556232265519195,0.0573487540916664,0.0586362511717864
2023-09-25,0.009548625169835,0.0172574855784571,0.0243004342624674,0.0274842903786311,0.0320662000944611,0.0366092087553502,0.0381297594393676,0.039650310123385,0.0411523921750222,0.0426379678304876,0.0439554160802648,0.045272864330042,0.0452002957972718,0.0514335266865257,0.0549335899384373,0.0605862918190262,0.062386058681931,0.0638114542645359
2023-09-22,0.0083812373118447,0.017256707408029,0.0242982786442949,0.0274827069814376,0.03205819568432,0.0366449801895097,0.0380689425755908,0.039492904961672,0.0409856085925163,0.0424783122233606,0.0437850971893914,0.0451062424297742,0.0450972512970384,0.0514510816990483,0.0545153191636134,0.0602869067075618,0.0622748224592321,0.0636810395098219
2023-09-21,0.0093790258076445,0.0167600693265464,0.0242109326232731,0.0272378430427868,0.0319530171483893,0.0365239607288888,0.0379893988364033,0.0394080676426142,0.0409838563539047,0.0425596450651953,0.043836718646257,0.0451137922273188,0.0452054469895207,0.0511453241645177,0.0542081205350255,0.0599946068221745,0.0623622928605502,0.0637739286186706
2023-09-20,0.0092193963273278,0.0167598174204346,0.0243385653158098,0.0269957514971749,0.0317411001264311,0.0364454457432954,0.0379558914815892,0.0394991729968025,0.041098191624432,0.0426444953522496,0.0439450861148137,0.0452041686615513,0.0455548272112842,0.0509053616942409,0.0541462527693514,0.0597379719570467,0.0624422960672071,0.0638320479335553
2023-09-19,0.0098379251788651,0.0182482889096963,0.0242104489560013,0.0267517066796429,0.0316988298583196,0.0366030576139809,0.0381786371483521,0.0397542166827233,0.0413275293236368,0.04288355281465,0.0441534656459622,0.0454509852779551,0.0457376644595416,0.0512453933833301,0.054627457224407,0.0602617556775734,0.0625685510334567,0.0639985274582396
2023-09-18,0.0105860181077027,0.019120872446321,0.0247904507968919,0.0285350483281658,0.0326627816119667,0.03675459995014,0.0383152073839716,0.0398758148178032,0.0415096368055719,0.0431255047055629,0.0443135818230776,0.0455016589405923,0.0458581992925944,0.0515922877481104,0.0547789511075811,0.0605080548596342,0.0625426470584566,0.0640018687283085
