Date,3M,6M,9M,1Y,15M,18M,21M,2Y,27M,30M,33M,3Y,5Y,7Y,10Y,15Y,20Y,30Y
2026-08-18,0.0877034281786524,0.0897392128330921,0.0905810945967516,0.0886150903536352,0.0894103469954216,0.0896696006246672,0.0895627061260175,0.0896443993365842,0.0902273399515163,0.09067927695766,0.0906781830679466,0.0905633003353205,0.0962232859068885,0.0968276195797326,0.0840123392737448,0.0869990797552194,0.0890906722876331,0.0911447918757198
2026-08-17,0.0877034281786524,0.0886493361437889,0.0897023812104479,0.0886150903536462,0.0894103469954315,0.0896863082180816,0.0895885067682144,0.0896440639879281,0.0902372328832127,0.0906847191402736,0.0906951126454491,0.0905709128194141,0.0963275797309251,0.0968355774650625,0.0840600269566626,0.0869704882184254,0.0890697765893778,0.0911283331380613
2026-08-14,0.0866656037560003,0.0922779907951002,0.0897023812104628,0.0885942044626108,0.0894060767706543,0.0896288644158211,0.0895809186120983,0.0896429318148869,0.0902403917584946,0.0906605125892662,0.0906954698508885,0.090570827679058,0.0962111912287935,0.0967544113402122,0.0837281926651102,0.087035062976593,0.0891916841836296,0.0912129618181651
2026-08-13,0.086353370158963,0.0922665077479278,0.0897023812104628,0.0886150903536463,0.0893972158907689,0.0896218487400561,0.0895740872665877,0.0896375421838668,0.0902415065110949,0.0906618169237802,0.0906914218548568,0.0905712854106861,0.0963303597074507,0.096770539196579,0.0836995167592682,0.087027486727278,0.0891857732318267,0.0912086910250556
2026-08-12,0.0865197064673595,0.092289477639355,0.0905810945966873,0.0886150903536463,0.0894159306833033,0.0896113090370227,0.0895604071115753,0.0896320140635305,0.0902337843046203,0.090660927243742,0.0906693945785724,0.0905678658923239,0.0961799380667987,0.0967022312624795,0.0837291866825861,0.0870480237393074,0.0892015008333564,0.0912204280076892
2026-08-11,0.086940408356651,0.092289477639355,0.0905810945967561,0.0886150903536463,0.0894139460113988,0.0896263763366562,0.0895600239539744,0.0896420519486199,0.0902272668117688,0.0906548574241761,0.0906781830679326,0.0905633003352643,0.0962989396806769,0.0968280653777035,0.0837817543373418,0.0871807672406474,0.0893317477057348,0.091349159447595
2026-08-10,0.0869404083566519,0.092289477639355,0.0905810945967561,0.0886516975945626,0.0894139460113988,0.0896259301990099,0.089559640799652,0.0896400015431059,0.0902371593361205,0.090649891745182,0.0906781830679326,0.0905697552024749,0.0962944124731257,0.0967919530502684,0.0837619079032661,0.087190826479835,0.0893410394011734,0.091353625654477
2026-08-07,0.0870567552033129,0.0922779907951078,0.0905810945967561,0.0886307946977938,0.0894041950717727,0.0896256738699376,0.0895520982447589,0.0896380308361156,0.0902372087884347,0.0906604714123015,0.0906785205332637,0.0905691040230899,0.0961884722133118,0.0967807756108931,0.0837621328708698,0.0872041426234585,0.0893496767564743,0.0913595676967154
2026-08-06,0.0869404083566519,0.0922665077479277,0.0905810945967561,0.0886516975945624,0.0893944585308867,0.0896185357451576,0.0895453120893039,0.0896334855094412,0.0902378041098113,0.0906616965556154,0.0906744699289433,0.0905701446631396,0.0961567303214565,0.0967003182968125,0.0837414223949113,0.0872264908784349,0.0892848575025812,0.0912703950823055
2026-08-05,0.0870773714386026,0.0922894776393553,0.0905810945967561,0.0886516975945626,0.089413299931036,0.0896081979807595,0.0895577250772146,0.0896279630723303,0.090230208884231,0.0906609259838995,0.0906693945785723,0.0905667067887189,0.0962332179561792,0.0967173970385927,0.0837937695541518,0.0873383169083686,0.0893090271036317,0.091303385469023
2026-08-04,0.0865784117347558,0.0922894776393553,0.0889260155972687,0.0886516975945626,0.0894156537267745,0.0896232534664007,0.0896066724107558,0.0896379896476611,0.0902261317770887,0.0906548574241761,0.090710080274426,0.0905621448288392,0.0962765311624691,0.0967109050712986,0.0838393113192645,0.0873208614639884,0.0892960283395151,0.0912956035066706
2026-08-03,0.0867056035008626,0.0922894776393553,0.088926015597258,0.0886516975945626,0.0894150536827416,0.0896228073598433,0.0896062890683429,0.0896376543405337,0.0902356836018235,0.0906498917451821,0.0907100802744264,0.0905697552024749,0.0962187736042185,0.0966236747145064,0.0838341561400728,0.0873411698937977,0.0893132724514989,0.0913056210290105
2026-07-31,0.0865580301998614,0.0922779907951075,0.088926015597258,0.0886307946977937,0.0894065943051007,0.0896226372009857,0.0895986734148761,0.0896373334324057,0.0902364645906617,0.0906605239136751,0.0907104550792303,0.0905702175702713,0.0966324185094514,0.0970255469784269,0.0842276244298695,0.0877968456111691,0.089681663134884,0.0916876775524209
2026-07-30,0.0862163820801828,0.0922665077479277,0.0885599094779647,0.0882672547116344,0.0889038038733975,0.0891440433893878,0.0891296951970433,0.0892083234963255,0.089737240973125,0.0901559388391381,0.0902056419893258,0.0899869872691786,0.0960956593651884,0.0964407560341134,0.0836992467802459,0.0871621670506628,0.0891264111340575,0.0911109570242725
2026-07-29,0.0860891746287587,0.0922894776393551,0.0885599094779629,0.0882672547116319,0.0889236828836648,0.0891335799818312,0.0891229265504487,0.0892028569970189,0.0897305430310705,0.090155028663768,0.0902016584079742,0.0899836263631986,0.0960532168185171,0.0964877522196932,0.0836612597514398,0.0871725619499099,0.0891341819453726,0.0911171434179686
2026-07-28,0.0860891746287587,0.0922894776393551,0.0885599094779629,0.0882672547116319,0.0889236828836648,0.0891484375343617,0.0891353120302219,0.0892127765882049,0.0897252035555256,0.090149020043267,0.090196532165168,0.0899791197646136,0.0960208523859707,0.09645675965412,0.0836575206429453,0.0871821039116846,0.0891421536221897,0.0911239199158286
2026-07-27,0.0860891746287587,0.0906947522574951,0.0881949438666705,0.0879101396481119,0.0885598571480435,0.0888048235079162,0.0887839248953738,0.0889319286261424,0.0894615921110607,0.0898742528041909,0.089934949703536,0.0897049623683409,0.0957552627969294,0.0961704234395942,0.0833830772764208,0.0868996723227092,0.0888562205720837,0.0908279540253554
2026-07-24,0.0870469768973809,0.090683655978223,0.0881741024739757,0.087889579928989,0.0885462049302955,0.0888042923662379,0.0887817677976633,0.0889315953996005,0.0894592589717634,0.0898845135056715,0.0899342897042342,0.0897054101902126,0.0958985918524236,0.0963616353005795,0.083508102722742,0.0871348896885059,0.0890012327248467,0.0909809451522986
2026-07-23,0.0872143297924484,0.0895264140718081,0.0881949438666701,0.0879101396481115,0.0885355020895268,0.0888143676840402,0.0887760838786845,0.088925508787521,0.0894591211597434,0.0898961974550042,0.0899353035141041,0.089705384760483,0.0959201992645153,0.0963443818564754,0.0835569526288625,0.0871199192952073,0.0889896236589716,0.0909727230436633
2026-07-22,0.0873610656394784,0.0895480497021858,0.0881200667651042,0.0878460285710693,0.0885539177937052,0.08880517237794,0.0887715886833654,0.0889230455121567,0.0894517625589997,0.0898960824809014,0.0899327598922979,0.08970409655306,0.0959547725775712,0.0963569783148227,0.0835292950983389,0.087125234244197,0.088993434651672,0.090976152358196
2026-07-21,0.0874980142004326,0.0897870007375448,0.0881949438666704,0.0879101396481116,0.0885532784006564,0.0888163061965148,0.0887816496387866,0.0889299327273308,0.0894460978699779,0.0898877600692544,0.0899262529042352,0.0896975129563216,0.0962780411458475,0.0966904714746736,0.0838574383172831,0.0874380308266295,0.0893091016677976,0.0912982296952068
2026-07-20,0.0874980142004326,0.0897870007375448,0.0881949438666704,0.0879101396481116,0.0885532784006564,0.0888158641374043,0.088781270440693,0.0889296000862388,0.0894558046056938,0.0898828572038712,0.0899349497035354,0.0897049623683402,0.0963933964107571,0.0967929337665436,0.0839132953107207,0.0875882360526892,0.0894556779849263,0.0914381023291867
2026-07-17,0.0873403153657031,0.0897761238051906,0.0881741024739758,0.0878895799289893,0.0885447152944546,0.0888151242813632,0.0887797060071476,0.0889292668945516,0.0894563359163466,0.0898930094889478,0.0899346733451738,0.0897054101902125,0.0963745933587537,0.0968049458667772,0.0839498226233149,0.0876233907506481,0.0894259797052178,0.0914174277240482
2026-07-16,0.0873610656394781,0.0895264140718281,0.0881949438666704,0.0879101396481116,0.0885721206139518,0.0888489856504864,0.0887734338350291,0.0889231836249912,0.0894547624859539,0.0898940434114906,0.0899352787201305,0.0897053847880109,0.0965478114079065,0.0968845786652834,0.0839785145015433,0.0876580983893333,0.0892583774689718,0.0913171302350036
2026-07-15,0.0874980142004332,0.0897870007375458,0.0881949438666704,0.0879101396481116,0.0885905952635135,0.0888361266682452,0.0887667252138757,0.0889177528712899,0.0894473941763528,0.089891681318435,0.08993127300817,0.089702090030046,0.0964512194869153,0.0968800406453783,0.0839672632946975,0.0876139697967389,0.0892972509430867,0.0913449190860315
2026-07-14,0.0874980142004332,0.0897870007375448,0.0881949438666704,0.0879101396481116,0.0885905952635133,0.0888509720312274,0.0887789953201535,0.088927604291944,0.0894420942757649,0.0898856393366785,0.0899262529042352,0.0896975129563217,0.0964512529545854,0.0968800545806439,0.0839425497135269,0.08762127052503,0.089221331468278,0.0914076428687091
2026-07-13,0.0884760807548569,0.0897870007375448,0.0881949438666704,0.0878460285710692,0.0885860274358363,0.0888505298149841,0.0887786161447334,0.0889302504746569,0.0894492188709359,0.0898807387865056,0.0899349497035354,0.0897069692304014,0.0964488343127302,0.0968815734513679,0.08394237728039,0.0876205753884896,0.0892222964797479,0.0914063885749025
2026-07-10,0.0886991611414039,0.0897761238051907,0.0880992603549435,0.0877522572930256,0.0885009395154963,0.0887740373158697,0.0887792264140241,0.0888661533483708,0.08937465660029,0.0898160624226236,0.0899360812887654,0.0897138772287612,0.0964559086939528,0.0968573414511871,0.0839476520662103,0.0876251702626505,0.089224106347203,0.0914075915817124
2026-07-09,0.0887205597232313,0.0897652503726584,0.0881200667651042,0.0877727537354468,0.0884912024963632,0.0887663054494685,0.0887730050340777,0.0888601435024412,0.0893750994610193,0.0898168618414409,0.0899367731262726,0.0897138532116906,0.0964558929949021,0.0968552827646402,0.0839348074571178,0.0875067563330865,0.0887679650963655,0.0912645716521883
2026-07-08,0.0887205597232313,0.0895480497021856,0.088120066765104,0.0877727537354468,0.0885102562001145,0.0887612607766389,0.0887662972810632,0.088854719031494,0.0893680490901001,0.0898192718062141,0.0899328097259921,0.0897105072835478,0.0963809410683649,0.0968114470129632,0.0839768976908189,0.0876333216276817,0.0892300589980916,0.091412391873364
2026-07-07,0.0877425534448943,0.089309069879913,0.0876426262780203,0.0877727537354468,0.088514819393367,0.0887797990498178,0.088792753138742,0.088864558640625,0.0893653277914317,0.0898154985152591,0.0899368577363064,0.0897060093497384,0.0963593670143629,0.0968027771909861,0.0839806722993657,0.0876358465822196,0.0892325370023112,0.0914153229570394
2026-07-06,0.0878990506515442,0.0899016870114715,0.0877081674577115,0.0878460285710692,0.0885887221785986,0.0888456475786154,0.0888570985135483,0.0889279221006232,0.0894486556519212,0.0898796515157038,0.0900101114670093,0.089787367918501,0.0964296576115191,0.0968771191945904,0.0840257760933135,0.0876842931030046,0.0893257592328273,0.0915030096651717
2026-07-03,0.0878780450095987,0.0898907824855722,0.0875471688829428,0.0877522572930249,0.0885048580503042,0.0887693199132785,0.0887163423601264,0.0888643900486856,0.0893747917574644,0.0898150716119084,0.089871220488378,0.0896439080232769,0.0962902458373721,0.0967330220453866,0.0838795343447412,0.0875516739766898,0.0891884783873238,0.0913610859321733
2026-07-02,0.0878990506515444,0.0900709184272958,0.0875677181238642,0.0877727537354468,0.0884950187245293,0.0887588420318666,0.0887105565854493,0.0888578201705353,0.089375183968636,0.0898141802275802,0.0898721627939362,0.0896435456967648,0.0962900092885674,0.0967308131457298,0.0839159374964722,0.0875706376828182,0.0891665210235742,0.0913456185075247
2026-07-01,0.0877718971413644,0.089710539537823,0.0875677181238642,0.0877727537354467,0.0885146824644523,0.0887556593584264,0.0887038419772048,0.0888523990130182,0.0893684623007483,0.0898177160291268,0.0898681586372596,0.0896402514024524,0.0963341640334566,0.09676489328888,0.0838951747825491,0.087568535671903,0.0891645784610579,0.0913450618486068
2026-06-30,0.0881435651792174,0.089912595052319,0.0876529231014101,0.0877727537354467,0.0884756307066807,0.088806975747252,0.0887551086025423,0.0888909887407768,0.0894030813382168,0.0898427578653052,0.0899099599382564,0.0896640212427889,0.0963298746164315,0.0967378121727998,0.0838972929840195,0.0875394468053807,0.0891587562799968,0.0914025114891807
2026-06-29,0.0880164195055243,0.0897214015856236,0.0876529231014096,0.0877727537354467,0.0884762237034237,0.0888099263274329,0.0887547289600115,0.0888906562714694,0.0894130987924437,0.0898535399370737,0.0899099599382559,0.0896714705380304,0.0963153520346353,0.096680070924719,0.0840060101592357,0.0876837731287342,0.088804943260493,0.0910504990582698
2026-06-26,0.0878584925090178,0.0893365371248197,0.0875030677847664,0.0876790108002334,0.0884675844504875,0.0888082753870171,0.0887516687495927,0.0888941867524063,0.0894136499056061,0.0898573234753413,0.0899131671569188,0.0896745212328153,0.096309070505013,0.0966796868173716,0.0839702620116041,0.0876204922936886,0.0888456687346423,0.0910788350853932
2026-06-25,0.0878794888383042,0.0890329533136582,0.0874281338273516,0.0876994735302295,0.0884578080328766,0.0888043466102187,0.0887471386201691,0.0888876471265221,0.0894140921209453,0.0898602780791004,0.0899105821862802,0.0896741794123623,0.0963737971614451,0.0968115439990585,0.0841133567393931,0.0877765040396412,0.0889577268616908,0.0911968059532545
2026-06-24,0.0878794888383042,0.0888799325327193,0.0874281338273522,0.0876994735302295,0.0884768623583019,0.088822915759063,0.0887594706303099,0.0888822196443468,0.0894069904976546,0.0898554815914756,0.0899055259302051,0.0896708442918939,0.0963746272784938,0.096816192387034,0.0841021272169368,0.0877505442166616,0.0889739029319836,0.0912088509983179
2026-06-23,0.0878794888383042,0.0888799325327193,0.0874281338273522,0.0876994735302295,0.0884768623583018,0.088822915759063,0.0887590909788648,0.0888920650124116,0.08940169941213,0.0898505722245564,0.0899142567344786,0.0896663102287503,0.0963746755857957,0.0968162170178637,0.0840773905134922,0.0876968495764396,0.0890060697162427,0.0912324298251128
2026-06-22,0.0878794888383042,0.0887173350886423,0.0873625631693025,0.0874887630227858,0.0881969453939692,0.0886838164117541,0.0886082529054039,0.0887577187204078,0.0892699908201457,0.0897999928577959,0.0898448682268794,0.0896190212637843,0.0962369149000403,0.0967683709073563,0.084061122064289,0.0876579662605606,0.088925738726492,0.0911530361215113
2026-06-19,0.087584747162577,0.0885335608110899,0.0871845694569296,0.087578288063712,0.088291566094079,0.0887166421465394,0.0886441290354339,0.0887913045358632,0.0893044872591938,0.0897602442017341,0.0898064370937576,0.0895738789701968,0.0963161820542522,0.0967061376007674,0.0839266848942784,0.087594007804536,0.0889206830598702,0.0911371529151737
2026-06-18,0.0877718971413624,0.0884016669118183,0.0871096176461734,0.0875254115179078,0.0882438029973972,0.0886724986465256,0.0886015200477947,0.0887496252630174,0.0892674806599457,0.0897243937723628,0.0897662470839479,0.089537891690197,0.0962473235723753,0.0965886597880074,0.0838953433012272,0.0875423183277177,0.0887453170945531,0.0911036792282764
2026-06-17,0.0874099763824916,0.0884016669118183,0.0871096176461734,0.087525411517908,0.0882644487399637,0.0886886828534148,0.0886138171894225,0.088744215063309,0.089261395041075,0.0897180730440716,0.0897612226915023,0.0895345698014122,0.0960317046695459,0.0962904805467781,0.0836614555911048,0.0875498968707572,0.0889551528196288,0.0913208753287959
2026-06-16,0.0870382396119477,0.0884016669118183,0.0871096176461734,0.087525411517908,0.0882661784289925,0.0886886828534148,0.08861343817233,0.0887540274742363,0.0892570917711,0.0897131769678296,0.0897699324580047,0.0895300388809252,0.0960317410188467,0.0962904966551948,0.0836367584329307,0.0875571965092834,0.0886143157387425,0.091062298333557
2026-06-15,0.0870382396119473,0.0882390304725663,0.0869971820511029,0.0872780081070703,0.0881635282030606,0.0883229306575177,0.0884734863294132,0.0886213562830583,0.0891259167275815,0.0895173773111037,0.0895512903823735,0.0893230484847755,0.0957275072309575,0.0960192509626849,0.0834517900698582,0.0873601162908297,0.0885969388840869,0.0909738755457359
2026-06-12,0.0870176418316505,0.0879789339963523,0.0872126753027217,0.087257738748566,0.0881542562628727,0.0883192213389787,0.0884597087732933,0.0886213448892028,0.0891261344053379,0.089519760271923,0.0895476560945024,0.0893237101126863,0.0957304563453325,0.0960161990447527,0.0834145595990726,0.0873566554313715,0.0886107130727399,0.0909834784952043
2026-06-11,0.0870382396119475,0.0879998351447592,0.0869971820511028,0.0872046916364827,0.0880699700644967,0.0882444656992638,0.0883831677383227,0.0885416778848074,0.0890525696485765,0.0894444179537981,0.0894826583887982,0.0892501517633853,0.0956999289252635,0.0959819695796976,0.0833814057495613,0.0872761184680554,0.08851303508227,0.0904832591803754
2026-06-10,0.0869208418161014,0.0879998351447592,0.0869971820511028,0.0872046916364827,0.0880894139115221,0.0882604955293294,0.088395386995325,0.0885362889843388,0.0890457164901001,0.0894384450082872,0.0894773995747749,0.0892468600219674,0.0956574839841448,0.0959810405422893,0.0834620695752063,0.0874416177978354,0.088564259960181,0.0904475759408631
2026-06-09,0.0871165028793009,0.0873299355796703,0.0869971820511028,0.0872413505436862,0.0880885053851439,0.0882707737338629,0.0883950089238171,0.0885443653462244,0.0890399571924469,0.0894398328772291,0.0894860436766284,0.0892412070805283,0.0956783891296159,0.095941371409038,0.0834780410652065,0.0872422255389565,0.0887092720076369,0.0905581445215669
2026-06-08,0.0871165028792895,0.0877127628813038,0.0869971820511028,0.0872413505436846,0.0880885053851438,0.0882648996093135,0.0883946308555431,0.0885440341993647,0.0890495537002946,0.089445193466069,0.0894860436766282,0.0892485865703942,0.0956747640819895,0.0959419147330922,0.0834280625362202,0.0872103297968619,0.0886591760861968,0.0906343095347519
2026-06-05,0.0863917742964453,0.0873093491037263,0.0868566242593795,0.0870103872375407,0.0880078589417975,0.0881878193155236,0.088324663386045,0.0884100501510625,0.0889873190779669,0.0893741963734783,0.0894133921153753,0.0892648599383512,0.0957203263595513,0.0959891540820157,0.0834583269004985,0.087210671901339,0.0886395469536591,0.0906206463812626
2026-06-04,0.0864120778876565,0.0873299355793472,0.0868191396858194,0.0870305434726181,0.0879982319544204,0.0881791744815582,0.0883190907419858,0.0884036084383916,0.0889878997584303,0.0893741070042083,0.0894102609127089,0.0892645021002215,0.0957633627501493,0.096028355577141,0.0834955505522249,0.0872484089742696,0.0886774498548827,0.0906591019486819
2026-06-03,0.0864120778876565,0.0874256492937206,0.0869315902538509,0.0871771965741435,0.0880171105175483,0.0881937435714687,0.0883279881733264,0.0884585717665014,0.088980637500012,0.0893672356476872,0.0894826102316924,0.0892524835082898,0.0958234100377641,0.0961028789139775,0.0835245246907076,0.0871738783049762,0.0888582683253855,0.0908129639986666
2026-06-02,0.0868225390672083,0.0878084582267538,0.0869315902538485,0.0868196919525679,0.087875250625195,0.0880462010519972,0.0881751925312947,0.0882642872384942,0.088825718185375,0.0892187220664565,0.0893408146441438,0.089202495748255,0.0959445347897856,0.0962130373489455,0.0836068557636273,0.087269802324559,0.0882804259480134,0.0900609803031847
2026-06-01,0.0869491924831887,0.0882868660960519,0.0870346616333971,0.0869938768365031,0.0879120886598939,0.0880672146988635,0.0882098949787789,0.0883709856704802,0.0888720319837274,0.0892610253225442,0.0894562329894173,0.0892274620944194,0.0961783452797306,0.0964554405648883,0.0838540604210449,0.0874872455354014,0.0876144121409761,0.0899988403037216
2026-05-29,0.0862245167412471,0.0867352382735302,0.0865359632806809,0.086698820022291,0.0876166940585268,0.0878064956740783,0.0879214042067302,0.0880097848946594,0.0885186677721158,0.088905644308793,0.0890902740146842,0.0888781016812554,0.095808607919853,0.0961055097027782,0.083409767811819,0.087071253583357,0.0869794176808462,0.0892930701532543
2026-05-28,0.0864120778876565,0.0863423391461319,0.0858796215079567,0.0858657209763253,0.086747532583783,0.0870012680552874,0.0871424248831476,0.0873039817283584,0.0878122354587899,0.0882730419664032,0.0884594098559798,0.0883267175193924,0.0954326938071672,0.0954782445258471,0.0830551812868308,0.086674117817953,0.0856317181196941,0.0880352420854284
2026-05-27,0.0866958196636229,0.0863624737490105,0.0857947984188581,0.085728053882673,0.0866150937877619,0.0868514491117897,0.0870620276707502,0.0871611347123781,0.087656201780906,0.0881329107350688,0.0883162829118574,0.0881857482972667,0.0947542380571497,0.0952579626754904,0.0821858319734768,0.0850651464094164,0.0863886836724276,0.0883874424015045
2026-05-26,0.086832791189427,0.086170984918484,0.0857489351239363,0.085728053882673,0.0866144689774472,0.0868698816574834,0.0870573133824151,0.0871705994821513,0.0876507629562665,0.0881288371510605,0.0883178438478645,0.0881813735457779,0.0947111231995269,0.0952286023579395,0.082170644604822,0.0850785586367575,0.0863993414686982,0.0883958022839899
2026-05-25,0.0860696038895982,0.0857879517944781,0.0856739556277271,0.0856546236826348,0.0866179506192137,0.0868757156789658,0.086994954809401,0.0871736157156936,0.087662016818093,0.0881276617539339,0.088318584698183,0.0881908964889294,0.0947088792991393,0.0952301259885064,0.0821705121482187,0.0850778173110099,0.0864000198436565,0.0883946628277836
2026-05-22,0.0859228202685847,0.085778015491001,0.0855989718801772,0.0855616882253695,0.0865440931109965,0.086800203618897,0.086929296912755,0.08710007298394,0.0875976255078761,0.08806108777771,0.0882483733314167,0.0881180384550483,0.0945839484082478,0.0951614517065582,0.0821410550836482,0.0849987718208808,0.0862408920278009,0.0882475664959588
2026-05-21,0.0859228202685856,0.0855766259277964,0.0855141782557482,0.0855169275227629,0.0864602504610799,0.0867197886527988,0.0868551086841768,0.0870297806984964,0.0875240822896008,0.0879884184048682,0.0881746660660568,0.0880536247960383,0.0945193236092287,0.0950949699959524,0.0820543936531671,0.0848377912069855,0.0862251002023672,0.0882148649759218
2026-05-20,0.0859228202685856,0.0855964074938585,0.085579329583471,0.0855169275227629,0.0864784674209715,0.0867118482395734,0.0868468259231688,0.0870245681626413,0.0875170835547546,0.0879885823950904,0.0881738666361619,0.0880504297149743,0.0944986014921731,0.0951027509695202,0.0819716093565211,0.0848198860358606,0.086184564027475,0.088175149665779
2026-05-19,0.0864707847476322,0.0848779515969138,0.0851677328050179,0.0855169275227629,0.0864759717245,0.0867382733087025,0.0868525291420236,0.0870340051000466,0.0875106073753777,0.087989421383302,0.0881821425102688,0.0880459604281148,0.0944013866858284,0.0951052683757755,0.0819325685032157,0.0846766358385423,0.085932070394785,0.0879491244426983
2026-05-18,0.0864707847476322,0.0848779515969133,0.0851677328050178,0.0855169275227629,0.0864759717245,0.0867382733087024,0.0868642150720184,0.0870336796273415,0.0875198623789282,0.0879846908491412,0.0881770776801179,0.0880532064916007,0.0943544941997207,0.0951121453142155,0.0819844025295923,0.0845892614250317,0.0859539992051725,0.0879627068759811
2026-05-15,0.0862548523248601,0.0848682234827154,0.0851677328050178,0.0853506255989279,0.0862528342451765,0.086520667817789,0.0866437279578053,0.0868197476080971,0.0873071345733014,0.0877776631577855,0.0878849506390932,0.0877603783642113,0.0941090601675313,0.0948131016042465,0.0816563795267694,0.0843057193176323,0.0856835741351497,0.0876799646407282
2026-05-14,0.0862359520953166,0.0844274955950733,0.0851580078308343,0.0855169275227628,0.0864588304778087,0.0867367633227221,0.0868632563582214,0.0870275056395288,0.0875212398810759,0.0879969927818692,0.0881816335826494,0.088053617556659,0.0943356158801715,0.0951102436344177,0.0819731597172548,0.0845796498609862,0.0859628306718073,0.0879686230995554
2026-05-13,0.0859130345007586,0.0846384084616846,0.0851482858015714,0.0855169275227628,0.0864785119933164,0.0867263662600284,0.0868572346069457,0.0870222963450769,0.0875150758213938,0.087995674457429,0.0881823096833213,0.0880504121976504,0.0943256833854233,0.0950805166972387,0.0819196532381263,0.0845728188166997,0.0858936022811383,0.0878761768044976
2026-05-12,0.0857466727546382,0.0846384084616896,0.0851677328050177,0.0855169275227628,0.086479269757205,0.0867419173855663,0.0868499452779897,0.0870317268422303,0.0875104342991971,0.087989809137066,0.0881821342680731,0.0880459604281148,0.0944013866972961,0.095069322487291,0.0818888627726287,0.0845456936264097,0.0859082421378962,0.0878872464550373
2026-05-11,0.0854237153321252,0.0848300452839098,0.0851677328050177,0.0855169275227628,0.0863779503583317,0.086634971480397,0.086747168674133,0.0869162680692976,0.0874087677881091,0.0878804461549908,0.0880740759354757,0.0879396612317998,0.0942416943839889,0.0949641178621099,0.0817729845886468,0.0844416648291646,0.085802873297728,0.0877758253424707
2026-05-08,0.0855603879849378,0.0848203280694993,0.0851677328050177,0.0856350908147502,0.0864335635491615,0.0867011973947645,0.0868223612618679,0.0869871476586508,0.0874830671418794,0.0879639097044204,0.0881436332305356,0.0880120459612867,0.0943604143607234,0.09502753882298,0.0818390871794618,0.0845118907874227,0.0858732502494292,0.0878490948082948
2026-05-07,0.0859130345007565,0.0848106138122446,0.0851580078308344,0.0856546236826346,0.0864229344920306,0.0866933523225862,0.0868223895783207,0.0869806149375315,0.0874827557123341,0.0879641845118509,0.088143891741452,0.0880115366845806,0.0943600826825146,0.0950253253303148,0.0818384628707219,0.0843776249943809,0.0858292040207526,0.0878328845069784
2026-05-06,0.0860696038895989,0.0848300452839144,0.0851482858015714,0.0856546236826345,0.0864404226980254,0.0866856478875773,0.0868163829784097,0.0869754239475837,0.0874755547274913,0.087964509366373,0.088144569323797,0.0880083337615067,0.0944365944068465,0.0950186373954733,0.0818333335846584,0.0843444586765703,0.0858385091767035,0.0878399648989371
2026-05-05,0.0860696038895985,0.0848300452839144,0.0851677328050177,0.0856546236826345,0.0864404226980254,0.0867011732996388,0.0868092251140919,0.0869848183586839,0.0874704938332362,0.0879586555595122,0.0881444713184581,0.088003900475095,0.0943610224193178,0.0950299056517981,0.0818028595924543,0.0843591459406683,0.0858501626621129,0.0878489919916379
2026-05-04,0.0862359520953165,0.0848300452839144,0.0851677328050177,0.0856546236826345,0.0864396654043728,0.0867011732996388,0.0868208807379984,0.0869844930869471,0.0874793054434976,0.0879539313419427,0.0881394204533509,0.0880111309785338,0.0942169337181021,0.0948599257718283,0.0815629043184203,0.0842146971471078,0.0857024697726521,0.0880511845597729
2026-04-29,0.0862460674407997,0.0852230709699362,0.0851774607256238,0.0856546236826345,0.0864366887968646,0.0866962466678867,0.086809883492392,0.086973153531493,0.087465953230149,0.0879534108465186,0.0881463296955451,0.0880083391009461,0.0942529171924009,0.0948545768917551,0.0816827590475948,0.0841791435968962,0.0856736391766043,0.088031594532516
2026-04-28,0.0862460674407997,0.0852230709699277,0.0851774607256238,0.0856546236826345,0.0864366887968646,0.0866962466678868,0.0868215590311914,0.0869825415076117,0.0874751923315593,0.0879486872964186,0.088141265148291,0.088003900475095,0.0945231465340051,0.0951133936819516,0.0818819864570886,0.0844107997642878,0.0859251859867616,0.0882851171454962
2026-04-24,0.0865690343758503,0.0847532725375811,0.0854021193122453,0.08563509081475,0.086417032198373,0.0866949657654452,0.0868137134519976,0.086982359980413,0.0874750054744371,0.0879611106720445,0.088141357940632,0.0880822549065231,0.0945909262749434,0.0951781669337303,0.0819441829736528,0.0844746119555887,0.0859896511275569,0.0883499176229203
2026-04-23,0.0865690343758503,0.085012262053654,0.0853923413124946,0.0856546236826347,0.0864352472372524,0.0866838752848209,0.0868076519252975,0.0870432081941554,0.0875461056129843,0.0880284606178355,0.088221771842137,0.0880778199891721,0.0946312729987422,0.0951676655466456,0.0819389183446125,0.0844562103055917,0.0859930542682515,0.0883521856679833
2026-04-22,0.0864907417492746,0.085012262053654,0.0854119002824171,0.0856913394566541,0.0864729661406919,0.0867372459042037,0.0868385888587059,0.0870747070239135,0.0875783067869136,0.0880599889607371,0.0882593039070364,0.0881113775646868,0.0947447455883614,0.0952815429832331,0.0820291137316685,0.084518097692406,0.0860582022586722,0.0881824024299856
2026-04-21,0.0863830868923461,0.0846480850734478,0.0854119002824169,0.085691339456653,0.086473446872615,0.0867427357040024,0.0868502482639697,0.0870841187819876,0.0875878442060742,0.0880586013444847,0.0882542420671394,0.0881068281086163,0.0951992345373978,0.0957165977416137,0.0824254900172273,0.0849144952598745,0.0863774337764399,0.0885220330470774
2026-04-20,0.0858937102136299,0.0852230709699279,0.0854119002824169,0.085691339456653,0.0864756323466471,0.086734068535837,0.086849877459267,0.0870837931559732,0.0875887864458242,0.0880619829652384,0.0882500001784344,0.0881140781486519,0.0948167405026763,0.0952468456003841,0.0820258765435375,0.0844704950730685,0.0860758156286927,0.088434614349604
2026-04-17,0.0858937102136299,0.085203458823651,0.085402119312243,0.0856717900779914,0.0864573879919707,0.0867263700148436,0.0868491151408233,0.0870839745984803,0.0875897103791885,0.0880618280075086,0.0882587004114959,0.0881148612463758,0.0952525965918006,0.095610094744141,0.0823127066217749,0.0848675294047391,0.0864468597709699,0.0888105426802527
2026-04-16,0.0858937102136299,0.0852230709699277,0.0853923413124947,0.085691339456653,0.086475632346647,0.0867185176767971,0.0868430646948998,0.0870776311033396,0.0875828486225597,0.0880620685422862,0.0882593449670342,0.0881145364098825,0.0951224769378893,0.0956273248552122,0.0823106868310477,0.0848482754266406,0.0864474527593546,0.0888077730098274
2026-04-15,0.0867745452498506,0.0852230709699279,0.085411900282417,0.0857647669607938,0.0865464336416226,0.0867340685358369,0.0869122543118731,0.0870691049588356,0.0876399639910474,0.0880562048584556,0.0883347139557056,0.0881090145183206,0.0952300647816789,0.0955787605709851,0.0822712292777466,0.0847677320016991,0.0864910507882444,0.0888389854993003
2026-04-14,0.0876551868923739,0.08560630283418,0.0854119002824169,0.0859024290007035,0.0866078848388699,0.0868795637045961,0.086990676352725,0.0872257079486808,0.0877216438851322,0.0881974975364515,0.0883954356441483,0.0882516843569662,0.095399622127077,0.095758926006885,0.0824902206406099,0.0849264359985722,0.0864969794138104,0.0891520562659089
2026-04-13,0.0877530240295708,0.08560630283418,0.0854119002824169,0.0857647669607924,0.0864673304130317,0.0867282932616062,0.0868472819150058,0.0870781756038425,0.0875820613535258,0.0880566052774922,0.0882500001784526,0.0881118212270683,0.0952264266979527,0.0956512329993344,0.0823693156145089,0.0847714461089766,0.0863433474606911,0.0889931048239616
2026-04-10,0.0877530240295708,0.0863524048883135,0.0849333047489872,0.0857451845420762,0.0864491223113403,0.0867088632070914,0.0868597193790619,0.0870789002734024,0.0875828926279483,0.0880492460378646,0.0882672690317444,0.0881129715552768,0.0953163212259175,0.0956353492139625,0.0823986351621418,0.0847568285017028,0.0863308130371062,0.0889842111051101
2026-04-09,0.0870681139480224,0.0867555568178036,0.0849236326686821,0.0854802053443993,0.0862181328320132,0.0864403785582657,0.0866336233444816,0.0868643282026674,0.0872885932693876,0.0877541656851056,0.0879711360930062,0.0878330285678992,0.0949933216522827,0.0953735194253748,0.0820490182887473,0.08451158978767,0.0860754296351846,0.0887124799539611
2026-04-08,0.087068113948022,0.0870427668745015,0.0849429797518603,0.085480205344399,0.0862928798840649,0.0865270572558888,0.0868470949892493,0.0870797353433404,0.0875038262998704,0.08789947415721,0.0881188850707796,0.0879670964612955,0.0950565142428357,0.0954914009663274,0.0821818202513346,0.0846591247609113,0.0862219988664238,0.0888623756453479
2026-04-07,0.087068113948022,0.0870427668745022,0.0849429797518603,0.085480205344399,0.0862928798840654,0.0865270572558893,0.0868587801710128,0.0870891603146708,0.0875130748350863,0.0878947731797245,0.0881135667375696,0.087962569521756,0.0950998559807187,0.0954370873908675,0.082173569493863,0.0845908849138613,0.086257856978134,0.0888886871350815
2026-04-06,0.087068113948022,0.0871384943701797,0.0849429797518603,0.085195562729642,0.0860032127870639,0.0863081947307621,0.0866390697734186,0.0867371746050588,0.0871571296920472,0.0875295783268497,0.0877333397737798,0.0876088850463936,0.0946911903554244,0.0950836990614633,0.0818448783084448,0.0841925227264767,0.0859180651708605,0.0885282899865331
2026-04-03,0.087068113948022,0.0866395368911397,0.0842297711408198,0.0847539019871817,0.0854806840835731,0.0859486505942023,0.0862859810048647,0.0863152682507886,0.0867252965242935,0.0870996661354716,0.0872377903414492,0.0871169771471235,0.0942877845662291,0.0946725985392244,0.081366506440463,0.0836817942700786,0.085580246268935,0.0881527298928438
2026-04-02,0.087068113948022,0.0872342172716358,0.0842202569509354,0.0848097886047899,0.0854984879508438,0.0859323581107845,0.0862788517942359,0.0863071350582676,0.0867186408803944,0.0870947072541559,0.0872378259305841,0.0871152395378088,0.0942866396604589,0.0946100472794052,0.081313873995347,0.083704932568908,0.0855981521653568,0.0881652406247564
2026-04-01,0.0865298882535668,0.0872437893091303,0.0842392881823423,0.0844514364693607,0.0852858256170379,0.0856542317548986,0.0862070849293697,0.0862413687626513,0.0867257590039774,0.0872625110430625,0.0874028832851212,0.0872783412354512,0.0943690073042999,0.0947774570992262,0.0814975264377328,0.0838397685053316,0.0857354221684463,0.0883085719356901
2026-03-31,0.0865298882535904,0.0870810584241069,0.0839295456600353,0.084809788604792,0.0851455662096903,0.0856566502505856,0.0857890699093951,0.0858698432947492,0.0862252926737927,0.0864998355238416,0.0866608364890501,0.0865118270399247,0.0936653758222998,0.0940357419805065,0.0807649180037202,0.0831442458232452,0.0850273618086401,0.0875755293485122
2026-03-30,0.0865197064673594,0.0864390641058196,0.0839295456600327,0.0843135745241924,0.0845028456490352,0.0850783627907456,0.0849779929383788,0.0851526895650288,0.0855086689670918,0.0857771782983774,0.085935716015564,0.0858046493909514,0.0929787791247756,0.0933187738407904,0.0800207704434369,0.0824630873085246,0.0843310569785326,0.0868481498578401
2026-03-27,0.086333094042681,0.0859503498691387,0.0845393720392657,0.0840833083522941,0.0843452678440753,0.0849436469830916,0.084817001722429,0.0850079304721957,0.0853602399508707,0.0856388632640888,0.0857796663938458,0.0856697503831596,0.0928445696193963,0.0931785638903311,0.0799495950261855,0.0823119810999678,0.0841796512504346,0.0866956650694751
2026-03-26,0.0860304621216528,0.0851362054978257,0.0842202569509354,0.0833204070662545,0.0834771427326669,0.0840395914498517,0.0841139106723976,0.0843747544650769,0.084730681114465,0.0850140359744859,0.085137912886762,0.0848788382647919,0.0921284670668824,0.0923774705485626,0.0790455297895205,0.0815792099476518,0.0834245661883655,0.0857878314148972
2026-03-25,0.0860304621216528,0.0851557853997856,0.0842392881823424,0.083467605241263,0.0834940906447106,0.0840323477306868,0.0841080109869235,0.0843634362052597,0.0847249526638747,0.0850144405646492,0.0851380839111009,0.0848716020004497,0.0920184322323126,0.0920981002619349,0.0790876044331295,0.0816195235434973,0.083455532591349,0.0850884163361884
2026-03-24,0.0860304621216528,0.0850025025965063,0.0839295456600395,0.0832560010507138,0.0832787058445097,0.0838312949053039,0.083909106352743,0.0841606276193972,0.0845064781138188,0.0847946511648856,0.0849222425639226,0.0847360867187562,0.0918410176559278,0.0920047480254776,0.079064048051424,0.0814974282922393,0.0833349023686634,0.0849694354849052
2026-03-23,0.0860304621216528,0.0844371698714701,0.0833004520299029,0.0827221915712003,0.0828759410542496,0.0834323491979463,0.0835258853614973,0.0837803077533143,0.0841250545790268,0.0844023935924265,0.0845337621595022,0.084350364148116,0.0915284328953624,0.0917521811212539,0.0787511308173897,0.081294744367029,0.0831194147424318,0.0847363331729185
2026-03-20,0.0860103367947202,0.0844275418180045,0.0832911437521075,0.0827039554957658,0.0828675323286564,0.0834322358484458,0.0835257960670833,0.0837796007918815,0.084124673091038,0.0844096730420068,0.0845402625622662,0.0843505205954996,0.0914984879333252,0.0916467769477153,0.0788664920446875,0.0813107719237073,0.0831349557550252,0.0847531451264243
2026-03-19,0.086030462121653,0.084417916681239,0.0832818382331312,0.0827221915712,0.0828592500904637,0.0834250011600898,0.083519854168102,0.083774587512823,0.0841248898502246,0.0844100587601549,0.0845403613087772,0.0843507917707352,0.0915526264227607,0.0915780195448728,0.0787616458214618,0.0813437909037001,0.0831605047554925,0.0847704884255966
2026-03-18,0.086030462121653,0.0844371698714696,0.0829904903105082,0.0825104295724831,0.0826604611664706,0.0832003141976955,0.0833033088320324,0.0834813236782053,0.0838273927878761,0.0842641291853278,0.0843990704275338,0.0842208881542117,0.0915083549010743,0.0914368644697372,0.0786627723809049,0.0811962674368721,0.0830129206229636,0.0846233293219128
2026-03-17,0.0857075278005518,0.0844371698714696,0.082990490310503,0.08251042957248,0.0826618637421964,0.0832144935031421,0.0833149733142221,0.0834898870322543,0.0838235440103721,0.0842584941804338,0.0843944511214813,0.0842168392209543,0.0914652517800352,0.0914430440614265,0.0786298160268774,0.0812084990948851,0.0830227909555248,0.084631066603248
2026-03-16,0.0860304621216527,0.0844371698714696,0.082990490310503,0.08251042957248,0.0826604611664649,0.0832144935031421,0.0833149733142221,0.083489574886687,0.0838311875324508,0.0842541986281382,0.0843906005689706,0.0842234251480779,0.0918397149808153,0.0918884298821988,0.0790687029921471,0.0815992362226997,0.0834192140324479,0.0850317593523751
2026-03-13,0.0860103367947197,0.0844275418180042,0.0826618904913198,0.08241865054802,0.0825865233601608,0.0831480725144707,0.0832472359780443,0.0834923985390013,0.0838339832014916,0.0842649380658257,0.0844070173166587,0.0842259581783973,0.091692520027286,0.0919316991083685,0.0790165310051876,0.0816227993156787,0.0834361396370075,0.0850432924154203
2026-03-12,0.0860304621216528,0.0844179166812387,0.082652723596406,0.0823630904251231,0.0825033691053957,0.0831408926901583,0.083241122352771,0.083490298271639,0.0838378266249645,0.0842653617969072,0.0844069900470975,0.0842281649462288,0.0916939837704835,0.0920616438142534,0.0793854278321601,0.0817656435157568,0.0836447198357164,0.0853664173523528
2026-03-11,0.0860304621216528,0.0839579481860728,0.0823609513288421,0.0823630904251231,0.0825199129372775,0.0831409769479964,0.0832445111800786,0.083485537243045,0.0838322447907263,0.084270201155973,0.0844131442028256,0.0842252842283341,0.0904331353308916,0.0911885784230376,0.0799208960706421,0.0822111777429522,0.0835926693626397,0.0853024722312902
2026-03-10,0.0860304621216528,0.0838045727927875,0.0823609513288419,0.0821512523607149,0.0823043782442321,0.0829300041856404,0.0830365244037917,0.0832823555804576,0.0836137100552639,0.0840507509812665,0.0841915026213783,0.0840093078416703,0.0901773146819088,0.0901534176930608,0.0798243919841915,0.0816569885044122,0.0836305990491998,0.0852581393545709
2026-03-09,0.0860304621216528,0.0839579481860701,0.0826710600839422,0.0821512523607149,0.082304378244232,0.0829277793207305,0.0830278677950402,0.0832820442189416,0.0836221115634852,0.0840451140354235,0.0841820683150398,0.0840158697138784,0.0902063406517337,0.0903976108597434,0.0799294990225057,0.0818229768793904,0.0838154872445556,0.08543632863791
2026-03-06,0.0856875527166082,0.083632149699204,0.0817221492333295,0.082068810212347,0.0822224734610152,0.0828658516131817,0.0829869014314896,0.0832081559418191,0.0835480650863148,0.0839894703323803,0.0841392927388074,0.0839426420924951,0.0902102535363366,0.0902513133632746,0.0799346790893287,0.0816447053426471,0.0842511683608001,0.0855557119605775
2026-03-05,0.0857075278005511,0.0836227037915148,0.0823427507255161,0.0820867709981093,0.0822143664352508,0.0828586345755138,0.0829635958904392,0.0832023322570744,0.0835482953190785,0.0839898500054293,0.0841281135437798,0.0839423064744213,0.090210034482942,0.0902493765264258,0.0799096380856265,0.0816511630267654,0.0842562651478741,0.0855589936377625
2026-03-04,0.0860304621216529,0.0838045727927876,0.0823609513288418,0.0818748743844379,0.0820888103590137,0.0826317511029905,0.0827289106082055,0.082908997271396,0.0832463870877476,0.0836943716672647,0.0837524275183514,0.0835812826257458,0.0897356069103262,0.0898918370697004,0.0795953948571571,0.0812821632816662,0.0839182651619598,0.0852105807935126
2026-03-03,0.0860304621216529,0.0837566405503281,0.0813831646348715,0.0809346174965067,0.082013822441781,0.0824948139957181,0.0826242942378301,0.0828138661247098,0.0830991330047674,0.0834701395530916,0.0836238691046734,0.0834522690609623,0.0896022111187118,0.0897545905691331,0.0794098259666793,0.0811543953439976,0.0837835754542329,0.0850699800346019
2026-03-02,0.0860304621216529,0.0835938094486502,0.0812420782499057,0.0803257445379247,0.0817232063032597,0.0821366334781142,0.0824084207287443,0.082618658834854,0.0828969582985298,0.0832588490551238,0.0835550122484162,0.0832581918451804,0.089673370690716,0.0896980333411169,0.0792900099561964,0.0810364183144091,0.0827145974514703,0.0841492032064533
2026-02-27,0.0845915595423178,0.081980784629906,0.0801677596913751,0.0799948618976402,0.0810002665083006,0.0814334140412149,0.0816203887718103,0.0816700419615872,0.0820904848978685,0.0823964125017405,0.0828615737195227,0.0827103418921106,0.0884965710354174,0.0889769394914191,0.0784845459062453,0.0805837702689323,0.0823926287974621,0.0837548849243323
2026-02-26,0.0839057928261545,0.0819135721850213,0.0801677596913708,0.0800119379693846,0.0810030142524989,0.0814343450847877,0.0816317334505825,0.0816649012711727,0.0821001125218238,0.0823928537153326,0.0828569934494562,0.0827102104915509,0.0884964857322576,0.088939735168438,0.0784895571025956,0.0805872150564807,0.0823952971835051,0.0837565330650303
2026-02-25,0.0831219189982601,0.0819135721850213,0.0801677596913708,0.0800119379693846,0.0809405083150477,0.0813584904878908,0.0815648125648703,0.0815961651985229,0.0820364320323016,0.0823351529702141,0.082777165054218,0.0826304976106232,0.0883352014887156,0.0888329718494724,0.0783956868076151,0.0804315894655348,0.0823760374156752,0.0837194535842486
2026-02-24,0.0831125193038924,0.0819135721850213,0.0800264820508331,0.0800119379693846,0.0809404931957574,0.0813584904878905,0.081568641258069,0.0815958597390569,0.0820361500356442,0.0823349061296442,0.0827864417109965,0.0826272678648418,0.0883786606942656,0.0888273866836792,0.0783915540128589,0.0804283169184988,0.0823739046385189,0.0837187301843832
2026-02-23,0.0834949010244444,0.0819045051668524,0.0800264820508334,0.0800119379693846,0.0809964996368869,0.0814342285875453,0.0816355655145378,0.0816725038368214,0.0821010363040725,0.0823997872850066,0.0828623123861571,0.0827096805430558,0.0885154504254115,0.0889174710934534,0.0784540832292555,0.0805238546310236,0.0824713531164979,0.0838148594624634
2026-02-13,0.083513874640548,0.0799826585255789,0.0806574066308433,0.0796903188141283,0.0809389387935247,0.0813852253204172,0.0815402662470833,0.0816010546083079,0.0820239305064673,0.0823445816136999,0.0827736934717777,0.0826426564848489,0.088447959883197,0.0888437476028208,0.0783724306627151,0.080457200757653,0.0824005698136596,0.0837412976768586
2026-02-12,0.0835138746405475,0.0799826585253756,0.0806574066309623,0.0797072668041535,0.0809389387935246,0.081385225320417,0.0815515462219077,0.0815966386040303,0.0820319925584548,0.0823404495795977,0.0827691748570007,0.0826430223357951,0.0884911860790688,0.0888362522057923,0.0783686983432346,0.0804547147885184,0.0823986331329892,0.0837398037940594
2026-02-11,0.0850813227143493,0.0799826585253756,0.0806574066309623,0.0797072668041535,0.0809326637368261,0.081385225320417,0.0815515462219077,0.0816048520898418,0.0820281831492341,0.0823479635389654,0.0827654445280718,0.0826392503905718,0.0884161127101488,0.0888501813749272,0.0783753688715678,0.0804592838476028,0.0824019325418522,0.0837430917049767
2026-02-10,0.087029487403122,0.0802037025455986,0.0815985316447207,0.0797072668041535,0.0810652078231716,0.0815339169576367,0.0816693899736146,0.0817584652305501,0.0821629852723761,0.0824861377974307,0.0829073293310999,0.082787924890381,0.0885676012862058,0.0889179163221511,0.0785434765269929,0.0805952902926408,0.0826376723466878,0.0839669753867916
2026-02-09,0.0872148902400192,0.0801950076408502,0.0815985316447212,0.0794763935017783,0.0810561445164057,0.0815329670408187,0.0816693899736147,0.0817680052237974,0.0821633222723828,0.0824853126546794,0.0829071035184798,0.0828010745912614,0.0885257082656666,0.0891870556487651,0.0788138261588021,0.080810211419289,0.0829127149872924,0.084230958916237
2026-02-06,0.0874313721256771,0.0807129726260731,0.081278623463287,0.0794595422567952,0.0811388986449376,0.0815932327990998,0.0818100803181202,0.0819061601862088,0.0823734947365582,0.0827005494036371,0.0831342999048939,0.0830939819943255,0.0882896813610059,0.0890224596457843,0.0789766778142391,0.0812345773517425,0.0833081463890493,0.0845939497918413
2026-02-05,0.0856689613266518,0.0801268204171119,0.0809680511271006,0.0794763935017782,0.0809303118394064,0.0813832283781737,0.0814666722000659,0.0815273623048373,0.0819471972992192,0.082258572889835,0.082616852561283,0.0825033584974272,0.0876642713371142,0.0884495070412393,0.0783904429690596,0.0806855880495367,0.0827464123672879,0.0840204029508348
2026-02-04,0.0850813227143676,0.0802709720036618,0.0811280519462487,0.0794763935017782,0.0810358119530822,0.0814950464346395,0.0815770270907305,0.0816510232015647,0.082050656574654,0.0823675881242361,0.0827236566920488,0.0826034875126979,0.0876819379320526,0.0884379752390807,0.0783821471608572,0.0806652958218496,0.0828057428573724,0.0839579141439927
2026-02-03,0.0870294874026028,0.0802325325881145,0.0811280519462466,0.0797072668041407,0.0811027106630103,0.0814955796372635,0.0815770270907286,0.0816408868064197,0.081974021876148,0.0822985768031464,0.0825709496300063,0.082442963770876,0.0873383897997091,0.0883879321184875,0.0781736077772167,0.0806499733737495,0.08281571071592,0.0839466865057855
2026-02-02,0.0821235085214275,0.0790417145254872,0.0800264820508336,0.0803257445379007,0.0799231311406174,0.0804489064169396,0.08053599262667,0.0805372877310495,0.0809483561657675,0.0812565417181617,0.0815417905071239,0.0813682443504401,0.086268099433316,0.0873291096983033,0.0771586354065791,0.0796175871479218,0.0817653607415498,0.0828812341778205
2026-01-30,0.0807935988067991,0.0786077974612961,0.0797156186832766,0.078766891112906,0.079647536655573,0.0802369902768879,0.0803134109925041,0.0804524953129209,0.0808154710582313,0.0811188798023374,0.0813995458258746,0.0813499144956349,0.0860208917346606,0.0869123915812457,0.0771619353719833,0.0796961593951033,0.0819368955969053,0.0830100004315103
2026-01-29,0.0806624917353721,0.0786077974612961,0.0797156186832766,0.0787834536073729,0.0796484675203636,0.0802369902768879,0.0803243390204032,0.0804482178902053,0.0808116768016117,0.0811148721087264,0.0813952843967658,0.0813503124556465,0.0859783343748772,0.0869167126466483,0.0772139293658581,0.079685352165552,0.0819284037848015,0.0830040279305253
2026-01-28,0.0801723085593655,0.0786077974612961,0.0797156186832766,0.078746483322235,0.0795847057941211,0.0801610479502447,0.0802478272759722,0.0803807234300871,0.0807455961063708,0.0810469977809651,0.0813260504483655,0.0812716144528417,0.0860213617633127,0.0868295532239064,0.0770721121927663,0.0796222178677683,0.0817840898537145,0.082869590131715
2026-01-27,0.0796734264822833,0.0783865784293179,0.0797156186832766,0.0783951974273814,0.0792203642413158,0.0797273288893522,0.0799513341592217,0.0801737550747195,0.0805389519747653,0.0808434744486197,0.0811890108053499,0.0811402006446678,0.0859644033379949,0.0867913608974122,0.0770642641009125,0.0795635821993091,0.0817255936620358,0.082811837897592
2026-01-26,0.0795961803099809,0.0796953287175123,0.0797156186832766,0.0783212267751958,0.0792207389947123,0.079709602480277,0.0799513341592116,0.0801765452774284,0.0805388959307763,0.0808324223827024,0.0811887896812993,0.081148516531809,0.0859948362266092,0.0867882562783459,0.0770615833669999,0.0795613766132095,0.0817251600712089,0.0828099817796483
2026-01-23,0.0791917644305093,0.0780883752445986,0.0793952595987138,0.078304855541487,0.0792223469254347,0.0797313729900533,0.0799490067933079,0.0801712648289026,0.0805349807577155,0.0808412304420652,0.0811944600431824,0.0811486917374948,0.0859434680929774,0.0868516762053207,0.0769967473277241,0.0795320821178356,0.0817520059735124,0.0828279722731303
2026-01-22,0.0783483068263258,0.0780883752446152,0.0793952595987082,0.0783951974273735,0.0792257193557574,0.0797313729900532,0.0799598343222409,0.0801640624261937,0.0805325864809216,0.0808372382039304,0.0811900542211869,0.0811471350891283,0.0859103531388256,0.0867244211985677,0.0770545434551243,0.0794638553407777,0.0817840316788762,0.0830735153549285
2026-01-21,0.0783483068263258,0.0781653351268645,0.0793952595987082,0.0783951974273735,0.0793008685653246,0.0798062925486177,0.0800363589317272,0.0802489553845076,0.0806149745456714,0.0809190238482534,0.0812620869028231,0.0812093030968501,0.0859225554753737,0.0867416070594063,0.0768753067962798,0.0795034782816025,0.0819502571055613,0.0829854751064626
2026-01-20,0.0787700575557679,0.0782038139666104,0.0798663493425631,0.0784968981407531,0.0794025016962798,0.0799197094860218,0.0801386130046137,0.0803598974816091,0.080716317535545,0.081021341820758,0.0813639640370846,0.0813173360865996,0.0861629234620995,0.0865660008278779,0.0772076736580714,0.080020942991764,0.0820996876108216,0.0831628208556319
2026-01-19,0.0795557848931649,0.0784936678743888,0.0798663493425635,0.0785708558000266,0.0793993062010718,0.0799156102435664,0.0801386130046137,0.0803564995685195,0.0807142404746754,0.0810185996739951,0.0813637424407646,0.0813215022767484,0.0864906259170019,0.0875430355236685,0.0781248646402343,0.0803178214993179,0.0816114817432095,0.0828485193857564
2026-01-16,0.0794369226893052,0.0782807694435014,0.0795554487361892,0.0783418262872239,0.0791837928692385,0.0796907819132633,0.0799830167210749,0.0801290211273575,0.0804952558181274,0.0809583277974976,0.0812280602555922,0.0812602209897931,0.0859660820085392,0.0866525106799695,0.0782293238228904,0.0803657511675129,0.0816289447189477,0.082835108082396
2026-01-15,0.0794369226893052,0.0782807694435014,0.0804973494755331,0.0783582127852418,0.0791837928692385,0.0796907819132631,0.0799688488380688,0.0801250202228045,0.0804909646060464,0.0809543191809014,0.0812074000819744,0.0812608153353899,0.0857845038453035,0.086335367385967,0.0780504054904344,0.0801686216330367,0.0814305782836282,0.0826344986520643
2026-01-14,0.0795643991273311,0.0785693263293732,0.080186595582227,0.0782102605365604,0.0790423730367894,0.0795444407187509,0.0799101526129903,0.080071696534824,0.0805049763942472,0.0809663777610101,0.0812127450343851,0.0812650140441682,0.0861323422247579,0.0864371790437603,0.0783478083832206,0.080470807283326,0.0814973563335059,0.0827340378506832
2026-01-13,0.0785837079905521,0.0785020000824353,0.0798663493425633,0.0782102605365602,0.0790462845975977,0.0795453514360718,0.0799186433370198,0.0800713968294081,0.0805069265095715,0.0809666927442469,0.081224731571704,0.0812618691581793,0.0856939229300717,0.0864611393288893,0.0786221793266297,0.0805232555986013,0.0817236759720625,0.0829075401784243
2026-01-12,0.078575304111552,0.07849366787439,0.0795554487361894,0.0782102605365602,0.0790463145426694,0.079545452012166,0.0799268883456577,0.0800710971262359,0.0805066754770594,0.0809665116265088,0.0812298545037758,0.0812681495207365,0.0856052636338191,0.0864727481149595,0.0787640302691837,0.080652767144828,0.0812372291943653,0.0825379728056043
2026-01-10,0.078456200722696,0.0785020000824352,0.0783794908286415,0.0782020966683559,0.079031480382124,0.0795321953469838,0.0799525767967865,0.0800707570076458,0.0805079656292811,0.0809671808062261,0.0812501332493656,0.0812683251770187,0.0853080109126867,0.0861484073690417,0.0785496740767439,0.0803023882816339,0.080971441832998,0.0822392565780328
2026-01-09,0.0784562007226956,0.0785020000824352,0.0783960000476498,0.0781939350576082,0.0790467932408716,0.0795453514360697,0.0799467539665783,0.0800666197726486,0.0805021207520445,0.0809619612767822,0.0812501759971424,0.0812687937823029,0.0853083080256259,0.0861470339435951,0.0785496333489593,0.0803024058848727,0.0809714526826771,0.0822391073182999
2026-01-08,0.0791917644305069,0.0787232064536694,0.0786128839692296,0.0782102605365602,0.0790438592048091,0.0795423593121493,0.0799518973820348,0.0800617295235216,0.0804961615571663,0.0809561205284005,0.0812418067155366,0.0812687419365957,0.0849556984852636,0.0863803056646011,0.0791922054289215,0.0804974827599524,0.0805713232461032,0.082191222404441
2026-01-07,0.0798095348620878,0.0787905253158427,0.0786883136088565,0.0783582127852427,0.0791823041006927,0.0796838733846829,0.0800934149226968,0.0802077976130618,0.0806521820703323,0.0811037940974811,0.0813787121109499,0.0815641941146064,0.0842479692445096,0.0865298635838165,0.0792187939903748,0.0808992915567534,0.0800113084214916,0.0817916343970335
2026-01-06,0.0798095348620842,0.0790213157837219,0.0786883136088562,0.0786448079899734,0.0794734699411302,0.079975049117609,0.0803134710233278,0.0804168566945133,0.080784781110187,0.0812348943000672,0.0813734391949661,0.0813897142674949,0.0833866583608173,0.0861176764209494,0.0788019305947701,0.0801818157637763,0.080448980364553,0.082073218780787
2026-01-05,0.0807810489202681,0.0792339761075773,0.0788674419494408,0.0789220800048458,0.0796103631297044,0.0801902449419621,0.0804521948405386,0.0804819126459781,0.0810001646642078,0.0813796732811825,0.0815218939254615,0.0815344744595514,0.0835226259800738,0.0862570051118928,0.0788624363148169,0.080338300493878,0.0804892078267002,0.082182351496088
2025-12-31,0.0811526156715268,0.0769432500795608,0.0769617949914004,0.0770073363607842,0.077955341217773,0.0781792397214202,0.0784445471911643,0.078519243681051,0.0791611813220665,0.0796332612819446,0.0799317323586329,0.0800415715562847,0.0823605285309611,0.0850699665227892,0.0776039219624295,0.079061281178158,0.0792810546017329,0.0809310827949079
2025-12-30,0.0806624917353759,0.0769352434065139,0.0778973702845335,0.077007336360784,0.0779572671758818,0.0781785440218754,0.0784172280219355,0.0785192436810668,0.0791620062566545,0.0796332144908339,0.0799142625120455,0.0800385030355207,0.0822758987017667,0.0850814697177169,0.0775608033528949,0.0790050747664507,0.079320753710837,0.0809589026507156
2025-12-29,0.0806536388989219,0.0769352434065139,0.0778973702845672,0.077007336360784,0.0779571413895852,0.0781785440218754,0.0784172280219354,0.0785192436810668,0.0791616716449381,0.0796329760523305,0.079920570460534,0.0800440317920301,0.0822731930337615,0.0850814316346612,0.0775599387919181,0.0790042505445328,0.0792280992703219,0.0807979953340028
2025-12-26,0.0804174075532483,0.0769352434065139,0.0785314482152756,0.0768434107053076,0.0780240386841225,0.0782418591482846,0.0784729303971927,0.0785972646895236,0.0791546397772977,0.0796293553852042,0.0799060722267241,0.0800429910190512,0.08224290586324,0.0851300242685138,0.0775567821753314,0.0789878010233217,0.0791567220326201,0.080709771757729
2025-12-25,0.0804958361029595,0.077012231071149,0.0783123138793785,0.0775071882666409,0.0779579221087489,0.0782535518451962,0.0784725731525829,0.0785674745288528,0.0792313994388226,0.079703007981429,0.0799791772722013,0.0800959719153572,0.0822155399957876,0.0851526070899681,0.0775817581523074,0.0790138024139129,0.0790345223773761,0.0807176431621562
2025-12-24,0.081015386939955,0.0763481152605853,0.0778407770514482,0.0766461767567424,0.0775891882348357,0.0778156408664386,0.0780548704485095,0.0781679784696706,0.0787955631001654,0.0792723052638376,0.079547556352973,0.0796785326726741,0.0817969071788434,0.0846977322140325,0.0769398823131267,0.0783380253395167,0.0786113904875966,0.080177236777713
2025-12-23,0.0804566220176887,0.0765695116339722,0.0776049460305141,0.0765813394289285,0.0771587267621175,0.0773752962149641,0.0776109280380224,0.0777275253612687,0.0784450756598407,0.0789927277732853,0.0794221660018886,0.0793902105052918,0.0815109590885871,0.0844100593326068,0.076658911183859,0.0780532823565206,0.0783260328455277,0.0798859850935563
2025-12-22,0.0793204913632136,0.0762711020969126,0.0773690732518934,0.0762200259114092,0.0770218962100247,0.0772366019550224,0.0774733684160671,0.0775879927797871,0.0783071267102405,0.0787746781277942,0.0792105692798246,0.0791829198977596,0.0812211728521367,0.0842058834545202,0.0764435702711164,0.0778487493122243,0.0781202911472511,0.0796724577265582
2025-12-19,0.0786327481799973,0.0754141311296908,0.0760507528201476,0.0757412826914538,0.0766577082146937,0.0768646575286796,0.0770619483869188,0.0773138800768401,0.077939803819714,0.0783453595065067,0.0787171537190025,0.0787491864658707,0.0807922653450797,0.0837719136807749,0.0759773007341859,0.0773958232290403,0.0777209385503782,0.0792557998193058
2025-12-18,0.0783483068263235,0.075269661753767,0.0755939707359355,0.075617546458588,0.0765176298071696,0.0767361457562059,0.0769245385271981,0.0771608885174398,0.0777962603111086,0.0781908271321732,0.0785825785143952,0.0786105851534318,0.0806217013180965,0.0836117033303543,0.0758231460860941,0.0773699775150934,0.0775177654308058,0.0791161289097027
2025-12-17,0.0783483068263258,0.0752696617537685,0.075593970735887,0.0756824463042425,0.0765176298071685,0.0767361457562038,0.076934607363678,0.0771664058172475,0.077803478918045,0.0781870799920112,0.0785784650186962,0.0786051396762099,0.0807054369071455,0.0836375723168343,0.075700324753426,0.0772304563625067,0.0777361481237295,0.0792914044848129
2025-12-16,0.0780736548642739,0.0751926071643827,0.075593970735887,0.0756175464585885,0.076443387295554,0.0766610415194716,0.0768579290048225,0.0771015522374256,0.0777290519030538,0.0781290173200922,0.0784992734325088,0.0785272512987976,0.0807054260213915,0.083599992462969,0.0756386371384226,0.0771412083161333,0.0776506375488023,0.0792084851073726
2025-12-15,0.0786243338433892,0.0754911772083749,0.0758301580066921,0.0758956590032714,0.0765164328981208,0.0768759381318054,0.0770723057006849,0.0771578480573908,0.0778022835701501,0.0781849086731531,0.0785697948887614,0.0786016779156066,0.0806254247809062,0.0836213668304972,0.0756820753133919,0.0772403979348559,0.0777449894603101,0.0792968778167753
2025-12-12,0.0787700575557677,0.0754911772083709,0.0758147029038878,0.0758802736818248,0.0765160038502753,0.0768636456974381,0.0770678341356245,0.0770870423959355,0.0777194144234471,0.078116008927845,0.0784901281787004,0.0784446944544412,0.0803889575525326,0.0833252572175382,0.075430938136318,0.077031713835366,0.0775313234921818,0.0789707913616188
2025-12-11,0.0787700575557677,0.0754911772083709,0.0758301580066875,0.0758956590032569,0.0765160038502753,0.0768759381317906,0.0770622085655775,0.0770823280473097,0.0777154273968654,0.0781113364426462,0.0784898924127559,0.078444272794721,0.0803888250418248,0.0833003151461992,0.0754711044164704,0.0769523904459667,0.0773133938376453,0.0788074296830217
2025-12-10,0.0782109831703114,0.0753467133826969,0.0752443367053064,0.0757566123992464,0.0763675533411872,0.076735132072098,0.076943578149831,0.0769417968454254,0.0775840626985242,0.0779576594612805,0.0783534496190448,0.0783023605403776,0.080143942256045,0.0831070359895713,0.0750240461309997,0.0765938492922114,0.0771406066420157,0.0785798848284065
2025-12-09,0.078377732719096,0.0748650921266125,0.0750080455350328,0.0757936933841214,0.0763669117628191,0.0767414689012342,0.0769496422382717,0.0769403131085428,0.0775834416968803,0.0779682480722946,0.0783540204269436,0.0782984328133409,0.0801436077825767,0.0831067003837726,0.0750230615293642,0.0765928973669317,0.0770669620190175,0.078517674572246
2025-12-08,0.0777809389455631,0.0745278884153532,0.0747717124439352,0.0753300822157701,0.0758606438902348,0.0762319975156282,0.0765050758073487,0.0765926143278283,0.0772260932378118,0.0776201092348172,0.0779983328184951,0.0781854289167725,0.0800149523883326,0.0829765822967808,0.0748922580070348,0.0763862621725032,0.0768296538697649,0.0783118128604552
2025-12-05,0.0765332974414548,0.0738243953147758,0.0751063002509212,0.0746750392871,0.0749234603318396,0.0754295845153936,0.0756869999716432,0.0757949278067918,0.0764747066530621,0.076943123393305,0.0772265021658942,0.0774327974704217,0.0793282060976473,0.0823040333893842,0.0742383630290368,0.0756782489087067,0.0760655347344881,0.0776200764951887
2025-12-04,0.0761113140276047,0.0737472851746482,0.0751214705275643,0.0743279479572709,0.0746045889747471,0.0750329232236012,0.0753455773745552,0.0754676366767122,0.0761535871306419,0.0765435086734152,0.0768243162624703,0.0770284388436795,0.0791060091552077,0.0818528792830381,0.0738366028018909,0.075275112478134,0.0758974793941062,0.0774113562487802
2025-12-03,0.0762487087969377,0.0737472851746482,0.0748851575603185,0.0742258223519716,0.0746040729032655,0.0750329232236011,0.0753610984381857,0.0754793816004364,0.076160222796857,0.0765399145992375,0.0768241388027497,0.0770277770889206,0.0791183900550268,0.0819487122424726,0.0740175977533263,0.0752603429692708,0.0756403339990494,0.0773294349059773
2025-12-02,0.0749432705172713,0.0729374496505867,0.0741118285438483,0.0738636565968208,0.0738074438244066,0.0742430188807011,0.0746421515427102,0.0747605777524342,0.0752202261073743,0.0756714426165353,0.0758740590482022,0.0759987331193251,0.0781571016632286,0.0809516530506348,0.0728595964482877,0.074165088425772,0.0745990567605189,0.0762346531125242
2025-12-01,0.0741110878383011,0.0706700996500463,0.0731585995012375,0.0722927542134763,0.0722908577990929,0.0726506272229986,0.0729006619698486,0.073113138584315,0.0737810023511798,0.0741725405858911,0.0744477258356114,0.0745869760820448,0.0767417713384514,0.079611126549232,0.0713661952540806,0.0728039706781129,0.0732251033789691,0.0747464918111975
2025-11-28,0.0725774747164725,0.0697110719856608,0.0706120832056114,0.0736726557316022,0.0715665505938296,0.0718614601848253,0.0721378215342763,0.0723172157272121,0.0728810286360637,0.0733325194427089,0.0735706167669329,0.0738581501916054,0.0760755421529063,0.0788751380826596,0.0705102011677631,0.0720681702924408,0.0725022679773685,0.0740050659494163
2025-11-27,0.0720615756418949,0.0697110719856389,0.070612083205316,0.0734084418251632,0.0713451259854607,0.0716419278076861,0.0719257025753737,0.0720994268032294,0.072662232652577,0.0731908773193403,0.0734978429468353,0.0737943579450105,0.0760077365790284,0.078803992451426,0.070488565922866,0.0718027485114749,0.0724813074407943,0.0739656337767274
2025-11-26,0.0725132701559119,0.0697110719856389,0.070612083205316,0.0736871693429224,0.0713558993533783,0.0716419278076521,0.0719257025753316,0.0720958673983027,0.0726591023467363,0.07319682149993,0.0734948639135958,0.073784146822879,0.0760034462819155,0.0788031825467144,0.0701147895371149,0.0718192829109514,0.0725698645504587,0.0740269808027345
2025-11-25,0.0716785769623544,0.0695661635345672,0.0704318453302912,0.0735756876583182,0.0711415692139096,0.0714241278813252,0.0718531041212839,0.0720614541464,0.0726370602215051,0.0732076419529057,0.0735067312389321,0.0737863888261374,0.0760068584028728,0.0788056533915324,0.070247402085667,0.0717882842265859,0.0725465808606784,0.0740115397697609
2025-11-24,0.0708338850900806,0.0688930218147756,0.0698435316225838,0.0726461899848792,0.0706340305970025,0.0710596271290182,0.0713479673751847,0.0717198545766329,0.0722096692616324,0.0727741994445664,0.0731616261103724,0.0732214728153978,0.0754349923016624,0.0782338672294128,0.0697159616795739,0.0712193619517289,0.0719757770406133,0.0734294609066136
2025-11-21,0.0701229930957274,0.0686674986465986,0.0697011587609202,0.0721671835771714,0.0704128798127798,0.0709193530251492,0.0711984276027407,0.0715914232017644,0.0720622406470656,0.0726205543441501,0.0730112432030001,0.0730814890150998,0.075293344471703,0.0780864778041539,0.0693590571621775,0.0711252713920645,0.0718668741539492,0.0733048604678178
2025-11-20,0.0694092537553309,0.0682228496576991,0.0691884908903772,0.0720601625364175,0.0697471973536834,0.0701891406460413,0.070334407462722,0.0707698512850239,0.0712643362555658,0.0717832981137457,0.0721798662064853,0.07220098061739,0.0744632156957829,0.0772539403653092,0.0687698418162729,0.0702326283027668,0.0709309597945566,0.0723977716157436
2025-11-19,0.0692652245019245,0.0682228496576989,0.0691884908903772,0.0720601625364174,0.0697596241549948,0.0701891406460411,0.070334407462722,0.0707764553643204,0.0712627782463945,0.0717890135209129,0.072176977536586,0.072197744917027,0.0747906098988069,0.0776446715688965,0.0688804138749843,0.0706210023029435,0.0712708490480116,0.0727102441255572
2025-11-18,0.0692586928982323,0.0682228496576989,0.0691884908903772,0.0720601625364174,0.0697596020040206,0.0701891406460411,0.070334407462722,0.0707764553643204,0.0712687825297881,0.0717887983608563,0.0721821578539337,0.0721952944420349,0.0747909051814294,0.0776448128788857,0.0688798337523384,0.0706202822356441,0.0712705093169215,0.0727104871042603
2025-11-17,0.0695269946523645,0.0682552078111011,0.0693119289004881,0.0717158275416005,0.0697963781566396,0.0702267923508936,0.0703700081485144,0.0707890762862775,0.0712663749111591,0.0717865370873033,0.0721782541489414,0.0718971922531035,0.0744910426436784,0.0773480287875484,0.0685936421966224,0.0702611916280136,0.0709338546997787,0.0724175898851405
2025-11-14,0.0691344790588631,0.0686191719837774,0.0693119289004881,0.0721671835771398,0.0697919576069113,0.0702226421482802,0.0703615542450156,0.0707714642692481,0.0712657242829388,0.0717803848056781,0.0721782066199587,0.0718873425996758,0.0744550772934366,0.0773454231399154,0.0685705478117209,0.0701981951515445,0.0709604637128292,0.0724357075794223
2025-11-13,0.0685444553512186,0.0686191719837767,0.0693119289004881,0.0721811169600076,0.0695706864580339,0.07000290149626,0.0699949136270055,0.0703988043844578,0.0707430466820547,0.0713321730967469,0.0718135326293184,0.0715929439839751,0.0741624302682441,0.0770510570826428,0.068287168852173,0.0699110103750918,0.0705849661262037,0.0720897253796306
2025-11-12,0.068180776253109,0.0696337887741967,0.0693119289004881,0.0724136805090481,0.0696596274630697,0.070057741705914,0.0700718582861672,0.0704740174838835,0.0708174897829251,0.071396659483252,0.0718768568761631,0.071660475044109,0.0742132481136266,0.0771519549166885,0.0683214223165865,0.0698801845168974,0.0705269680238672,0.0721156477067593
2025-11-11,0.0673943290837812,0.0693922596470882,0.0691505076713089,0.0724136805090453,0.0696624927398219,0.0700606071860893,0.0700755958502114,0.0703196277137617,0.0707467056324414,0.0712894496723286,0.0717746985933457,0.0715855132155885,0.0741400107820706,0.0770779419098394,0.0681176978439294,0.0697666854642224,0.0703596122192502,0.0719512647877638
2025-11-10,0.066804391383356,0.0691442261931834,0.0698625135251709,0.0716692866904923,0.0695888996218323,0.0699969847339312,0.069982183778618,0.0702694979171044,0.0706724470574677,0.0712150824286019,0.0716875821279586,0.0715417399259138,0.0740413035056531,0.0770256575919854,0.0681326540179705,0.0696902725957721,0.0702865234549527,0.0718783030666729
2025-11-07,0.0667922357456736,0.0686674986466012,0.0693878850887746,0.0688041769856386,0.0691854976196508,0.0695914533643713,0.0696482849160234,0.0699640109561125,0.0702771686410526,0.0708572049180787,0.0712118033142147,0.0711300850019395,0.0737898888397755,0.0767439795095435,0.0678000285345312,0.0692935754622042,0.0693940944865323,0.071160623688014
2025-11-06,0.0670010470305139,0.0672171947355003,0.0693878850887709,0.0710547443653845,0.0694721633278052,0.0699048465889075,0.0699546854166955,0.0701791044819356,0.0706322341989538,0.0711877121711851,0.0715734899464381,0.0713613563090851,0.0740610523534455,0.076952757875118,0.0680760710069805,0.0695617462328695,0.0696991840866063,0.0714703516211293
2025-11-05,0.0670010470305135,0.068184179894377,0.0693878850887709,0.068919535464589,0.0692662342002645,0.0696736037394544,0.0697334674712134,0.0700409522856201,0.0704135060971992,0.0709685372966862,0.0713517409470661,0.0711911068910503,0.0738332962001312,0.0767085660954966,0.0678071085561075,0.0692737417407782,0.0694787949136432,0.0712116587130226
2025-11-04,0.0668043913833469,0.0681841798943774,0.068913088101157,0.0687048300069925,0.0691154134542366,0.0695302497149807,0.069600103900671,0.069894044488349,0.0702790074574689,0.070905399964964,0.0712210584134164,0.0711312921032567,0.0737731205220973,0.0766467255103103,0.0676974842507386,0.0691516296445017,0.0693763526155242,0.0711072947334728
2025-11-03,0.0668043913833478,0.0679362247258546,0.0686756263632257,0.0685647798688096,0.0690491125217187,0.0694568547624237,0.0695285949838478,0.0698314306210744,0.0702031186598903,0.0708313121633836,0.0711482437991483,0.0711423649221278,0.0737753654886456,0.0766500850042068,0.0676393938327926,0.0691380310871728,0.0693452718852571,0.0710523358181788
2025-10-31,0.0667922357456734,0.0679174768639039,0.068438122442648,0.0681974395164665,0.0685982174353433,0.0690177914229626,0.0691602507209846,0.069357700481331,0.069809546546406,0.0704321274950143,0.0707898123531772,0.0710944257570631,0.0737191580044524,0.0765857315963073,0.0675514005431486,0.0690758977990884,0.0692793648104454,0.0709819835322856
2025-10-30,0.066804391383348,0.0679112306331951,0.0689130881009656,0.0677707917183007,0.0685923029060354,0.0690172220763661,0.0691575538692555,0.0693698930633514,0.0698070153980715,0.0704320985103215,0.0707794621724847,0.0711051519450126,0.0737259716122218,0.0765895541230717,0.0674356309468181,0.0689392192612549,0.0691828536329521,0.0708377513292193
2025-10-29,0.067256684799696,0.068052224445368,0.066993189829715,0.066770403633866,0.0678061517549702,0.0683552267370907,0.0685274581736877,0.0688124031091438,0.0693830621648333,0.0699223530119704,0.0705273282263967,0.0709250210353811,0.0735346270825041,0.076393728851233,0.0669761015531001,0.0686550094395495,0.0687231464990331,0.0703652563541847
2025-10-28,0.0673943290837815,0.0680522244453678,0.0669931898296822,0.0667704036338524,0.0678056641573347,0.0683552267370818,0.0685274581736783,0.0688124031091355,0.0693884738077519,0.0699277280533003,0.0705322922653693,0.0709225465430465,0.0735351061294294,0.076394009493574,0.0669401021714072,0.0686485450559788,0.0687329824452106,0.0703724106286905
2025-10-27,0.0677187574315175,0.0682875525542638,0.0669170974704234,0.0669481157313695,0.0680225327985506,0.0685916156834773,0.0688276722891298,0.0690673610538394,0.0696727380545232,0.0702122257101541,0.0708486692945401,0.0713320191268621,0.0739332503161285,0.0768172280924171,0.0673451768022623,0.0690303778389765,0.0689148645084936,0.0705668666383363
2025-10-24,0.0675490302643163,0.0680522244453708,0.0668505131034111,0.0666088354658683,0.0677616042358935,0.0684124322214652,0.0686766431742102,0.068892133243663,0.0695168523537824,0.0701327500144422,0.0707965833246657,0.07134909783745,0.0739458152689654,0.0767887178114098,0.0674266831842628,0.0689529237554592,0.0689293966732573,0.0705767583483618
2025-10-23,0.0675614621518422,0.0682938689801167,0.0668885617191722,0.066732986536106,0.067755886872704,0.0684193462681891,0.0686838903857457,0.0688846064825028,0.0695141869794132,0.0701269449070174,0.0707925724426807,0.0713462324331187,0.0739864739560919,0.0768968061184141,0.0675503598585334,0.0690182995277429,0.0689970593398655,0.0705554958338915
2025-10-22,0.0673943290837812,0.0687770707189921,0.0665175415192824,0.0664803844999119,0.0678435834329446,0.068490195266188,0.068759720374427,0.0689776257272825,0.0695853199213605,0.0701566806502494,0.0709119095659022,0.0714662965085919,0.0741058239359903,0.0770403555946115,0.0673393021891383,0.0687882355725892,0.0691381673913955,0.0707781044410174
2025-10-21,0.0665782253377161,0.0674528203278734,0.0663748140227608,0.0664803844999122,0.0678464763755695,0.0685056867739961,0.0687629633622314,0.068900185357583,0.0695143439353668,0.0700133780482329,0.0707593988293038,0.0712362820564082,0.0739680223379723,0.076993877671733,0.0672033240224986,0.0686253717272123,0.0691481542435522,0.0707667295162677
2025-10-20,0.0666568932506979,0.0674528203275263,0.0663748140227608,0.0664803844999122,0.0678461974854362,0.0685056867739962,0.0687629633622314,0.0689001853575823,0.0695139532929261,0.0700131684574498,0.0707592061624543,0.0712407726064225,0.073965390620801,0.077028369136278,0.0671506742970446,0.0686320409757958,0.0691539468654678,0.0706768796015696
2025-10-17,0.0665661516278294,0.0674528203275263,0.0663748140227606,0.0664685426179499,0.0678409375438674,0.0684958993044867,0.0687547991148798,0.0688973902923075,0.0695143133209502,0.0700135879087272,0.070759273006177,0.0712408202804801,0.0741367184166082,0.0771569272685283,0.067357578777339,0.0687103462428114,0.0690514426262414,0.0706761112210609
2025-10-16,0.0663323780552036,0.067694537091658,0.0662225545639272,0.0663400224591925,0.067286262871765,0.0680246354577739,0.0682848521691375,0.0685598692367017,0.0692693795301602,0.0698405632505591,0.0706707014315464,0.0711401148501078,0.0741058871644281,0.0771553674312087,0.067125090822609,0.0686397962377599,0.0690597813266552,0.070666167198418
2025-10-15,0.0656734322043002,0.0667661858158013,0.066079795571699,0.0658720066504382,0.0668633540803352,0.0676335660983224,0.0678834981020853,0.0682537862624874,0.0689504698679224,0.0694065027021211,0.0702994946900218,0.0707019810284488,0.0737041589634658,0.0767194738248975,0.0667750827333631,0.0683074012661378,0.0687209245417801,0.0702233623740869
2025-10-14,0.0656734322042988,0.0663598969612221,0.0657466319653631,0.065647281235861,0.0667115487441103,0.067446859356417,0.0677849902421629,0.0682617339566093,0.0688053352585758,0.0692745209793967,0.0701645593898955,0.0706245450399366,0.0736297398419915,0.0766329784784348,0.0666916083298106,0.0681679868943237,0.0686703658359758,0.0701641828320657
2025-10-13,0.0656734322042988,0.0670079853471805,0.0657466319653513,0.0656472812358548,0.0667115487441074,0.0674393969654251,0.0677849902421616,0.0682617339566092,0.0688051065478392,0.0692696989148404,0.0701643683463489,0.0706289685981216,0.0736271199653329,0.0766790661286689,0.0666967181518383,0.0680919011072989,0.0685515173558978,0.0700570277611524
2025-10-10,0.0656734322042988,0.0662631493867024,0.0651657768845967,0.0652799360771604,0.0663075815036266,0.0669600472863057,0.0673083381294633,0.0677873326614952,0.0683307476957245,0.0687219562337586,0.0696161989693541,0.0701183198059707,0.0731198957774185,0.0765255982029036,0.0660658685950561,0.0675847626846525,0.0679594185614422,0.0694901942574262
2025-10-09,0.0656734322042988,0.0662631493866959,0.0651657768845906,0.065291362681248,0.0663021814883888,0.066969394222495,0.0673161550706032,0.0677836497523443,0.0683282515172006,0.0687180431144647,0.0696127719751962,0.0701181901328775,0.0730670177182515,0.0762064708970605,0.0659455003153522,0.067487502307937,0.067858293088545,0.0693606087940127
2025-10-08,0.0654275288463694,0.0662631493866959,0.0651657768845906,0.065291362681248,0.0663138321465243,0.0669693942224949,0.0673161550706031,0.0677900364854325,0.0683243592595772,0.068715130727978,0.0696100465413318,0.0701149653940764,0.0728131917992015,0.0762387300126344,0.0656566123587505,0.0674711405628225,0.0677623579423922,0.0694205691525378
2025-10-07,0.0654275288463689,0.0660696402348668,0.0650895804478611,0.065291362681248,0.0663138321465243,0.0669716063508745,0.0673178487992564,0.0677900364854325,0.0683299011204069,0.0687216981454,0.0696160406053227,0.0701125251704472,0.0728560246562911,0.0762109341333778,0.0657621383905981,0.0673788381887807,0.0676983404403353,0.0694557314949124
2025-10-06,0.0654275288463689,0.0660696402348615,0.0650895804478598,0.065291362681248,0.0663138321465243,0.0669716063508745,0.0673178487992564,0.0677900364854325,0.0683296739953196,0.0687214924299994,0.0696158510589024,0.0701168739391035,0.0728111427268092,0.076238813312787,0.0658201403408584,0.0673648431130126,0.0676885723524427,0.0694481860377043
2025-10-03,0.0654158677062905,0.0660696402348615,0.064946700423558,0.0652799360771572,0.0662705636652848,0.0668952605600949,0.0672361106174429,0.0676325464238115,0.0681841610509075,0.0685663972832496,0.0693920048460162,0.0698933718981274,0.072592419051619,0.0760975672006216,0.0653766596597832,0.0671949078159235,0.0675065721670425,0.0692511149843876
2025-10-02,0.0654100392113682,0.0665920720996101,0.064946700423558,0.0652913626812481,0.0662652772856643,0.0668986291118789,0.0672439204015004,0.067628722495994,0.0681817306528778,0.0685588547606545,0.0693886120576231,0.0698930876933021,0.0725923556931523,0.0760730844805438,0.065520539993581,0.0670977090539264,0.0675055048979,0.0692502984748183
2025-10-01,0.0654042120991197,0.0660696402348601,0.0647275880593891,0.0651133558884134,0.0660957045249751,0.0667226951707532,0.0670656438937201,0.0674572620755571,0.0679982653425779,0.068379394087813,0.0692078261997988,0.0697925531102451,0.0725140737664242,0.0760415519123866,0.0651890655931195,0.0669713359600041,0.0674731530124542,0.0695635519768365
2025-09-30,0.0654825521320887,0.0658819932907913,0.0646132543084506,0.0648978315778484,0.0658752688901953,0.0664956558534416,0.0667693389923822,0.0672419815833397,0.0677854705427768,0.0681678456587576,0.0689982860841738,0.0696451848778953,0.0723255289063259,0.0758406814794276,0.0650196440896852,0.066770343441253,0.0673564380992143,0.0694333000555016
2025-09-29,0.0649414219152472,0.0656341763631191,0.0644703233690864,0.0648603443469264,0.0658770935761066,0.0664985280036271,0.0667724896250852,0.0672432868872146,0.0677865182146603,0.0681694123561453,0.0690001772620313,0.069650381710045,0.0723445414066286,0.0758382918185324,0.0650176728193975,0.0667006014920652,0.0673764463272209,0.0694463847369233
2025-09-26,0.0649414219152428,0.0656400143584204,0.0641748843317028,0.0648490664898923,0.0656481228864691,0.0662781407127187,0.0663953492376383,0.0667954757653628,0.0674108373458163,0.0677994169666524,0.0686320477472865,0.0692900888550311,0.0719874795905794,0.0754764516386234,0.0646610175345766,0.0663261009837654,0.0670332309901572,0.0690897461542863
2025-09-25,0.0649414219152428,0.0656400143584204,0.0641748843317026,0.0648603443469265,0.0656587301328358,0.0662781407127184,0.0664029649100026,0.0667915082361845,0.0674067273310585,0.0677965905057804,0.0686289508131611,0.0692896342262223,0.0717443071021085,0.0755149120681655,0.0645934982238222,0.0662723251679642,0.067045352959722,0.0691377276708583
2025-09-24,0.0649414219152428,0.0655625749671992,0.0640986314007097,0.0646822608065298,0.0655827695394808,0.0660587471562912,0.0663371375319302,0.0666488140962054,0.0674157022032592,0.0678113931254522,0.0686304432707313,0.0692982522645156,0.0718785677837637,0.075542847997008,0.06425662517552,0.0660389194801627,0.066750877133989,0.0690807512268806
2025-09-23,0.0649414219152428,0.0655625749671989,0.0638031102092334,0.0643916353503823,0.0652883827781574,0.065694788221288,0.0660446444592959,0.0663681541193352,0.067123217282831,0.0675196938732834,0.0683434260897388,0.0690854088115791,0.0715822312408689,0.0753387066961987,0.0640545561318405,0.0657900782945436,0.066552232491717,0.0688710391027532
2025-09-22,0.0646167087393088,0.0655567506636727,0.0640986314007098,0.0646822608065297,0.0655838594938004,0.0660589275578544,0.06633713753193,0.0666488140962051,0.0674163273203322,0.0678110981121229,0.0686349924150728,0.0693001200669215,0.0717180246449237,0.0755613316511782,0.0642657517627703,0.0659359774196163,0.06678826480664,0.0691066538542926
2025-09-19,0.0646167087393088,0.0658819932907799,0.0637363705765122,0.0643805181656154,0.065212516099138,0.0656912421176072,0.0660385582801732,0.0663659665941435,0.067124508352048,0.0675140905805469,0.0683443137922715,0.0690900464381795,0.0716343744678915,0.0754114807703681,0.0641116223704556,0.0657935325700949,0.0667258201000003,0.0690290258675071
2025-09-18,0.0646167087393088,0.0658819932907919,0.0637363705764999,0.0643916353503822,0.0652229833723219,0.0656912421175557,0.0660460991682446,0.0663620692261886,0.0671203992003669,0.0675112801804887,0.0683410198069616,0.0690895748636942,0.071560246313857,0.0754533672257645,0.0640770443945654,0.0658013431667703,0.0667317937051834,0.0690331683389009
2025-09-17,0.0646167087393088,0.0658819932907919,0.0637363705764999,0.0643916353503821,0.0652229833723219,0.0656912421175557,0.0660460991682445,0.0663681541193351,0.0671263993342369,0.0675162875133913,0.0683383899341436,0.0690865873440238,0.0715077040471329,0.0754273437340663,0.0640265310700125,0.0657921888095733,0.0667034486824916,0.0691192567597179
2025-09-16,0.0641246689848142,0.0658819932907919,0.0636600926309321,0.0643916353503821,0.0652246256931229,0.0656912421175557,0.0660477618751362,0.066368154119335,0.0671273424414608,0.0675160851973944,0.0683441837029392,0.0690842046546253,0.071666789530741,0.0754440005838584,0.0640232827959946,0.0657790577375925,0.066627119459351,0.0690306214983831
2025-09-15,0.0641246689847911,0.0658761124096254,0.0636600926309306,0.0643916353503821,0.0652246256931228,0.0656915210559849,0.0660477618751362,0.066368154119335,0.0671273424414607,0.0675160553368512,0.0683439976300945,0.0690884462974393,0.0716534834056058,0.0754332547072041,0.0640128760227859,0.0657684336937998,0.0666673126414591,0.0690641663301937
2025-09-12,0.0629041498648128,0.063199243868243,0.0631451026404795,0.0640148971729862,0.0648478255564589,0.0652035167312032,0.065607776761157,0.0660007573506833,0.0667695099234741,0.0671666515861122,0.0680719290554966,0.0688039101836548,0.0713577779734063,0.0753051053914676,0.0638087552197859,0.0654522010216509,0.0663549764617105,0.0687033218497926
2025-09-11,0.0629041498648105,0.063199243868226,0.0631451026404783,0.0640258897645584,0.0648581956554676,0.065203516731201,0.0655766421306722,0.0659967379281032,0.0667654372383327,0.0671638485234693,0.0680703228018774,0.0688033986992522,0.0712836338568026,0.0752775576403573,0.0637593273484514,0.065430232595452,0.0663811463147977,0.0686306189534138
2025-09-10,0.0628647720961289,0.0629957129153701,0.0629829350992561,0.0636881596827329,0.0644021830646594,0.0647456169251236,0.0651363262156655,0.065645964721821,0.0663868865696267,0.066793346897935,0.067740381659504,0.0684033849845309,0.0710251068086622,0.0748431707317518,0.0632552120201984,0.0649418970508027,0.0660574742140946,0.0682782539017383
2025-09-09,0.0627269468612636,0.0629957129153701,0.0629829350992561,0.0636130930610696,0.0643265981148368,0.0646689168385298,0.0650591353005277,0.0655709691074141,0.0662429598019751,0.0667171209633858,0.0675986731526655,0.0682455903788335,0.0707559796806603,0.0746917656231989,0.0630938243216709,0.0647765774943177,0.065923293971346,0.068135451428403
2025-09-08,0.0627269468612645,0.0627674328325886,0.0628398297557734,0.0633221566661402,0.0640414142045227,0.064345398184903,0.0647341157597743,0.0655032818501529,0.0661753383868093,0.0666626116755224,0.0676151074139257,0.0682602530534641,0.0708444370698843,0.0747907425391945,0.0631477313385071,0.0648445183820792,0.0660084526106806,0.0682188493515285
2025-09-05,0.063307749706032,0.0625498114149211,0.0626871671711324,0.0630298643596303,0.063734766931348,0.0638969888083263,0.0643538587920666,0.0651420477265652,0.066036351343519,0.066521040435435,0.0676342172585769,0.0682847500152105,0.0708615376687498,0.0747891113439068,0.0631333943778068,0.0648563491256421,0.0660169538615007,0.068224754809185
2025-09-04,0.0633077497060374,0.0625498114149206,0.0626871671711318,0.0630405247009482,0.0637447688471931,0.0638969888083278,0.0643609896828486,0.0651385009148916,0.0660324612308086,0.066518264307188,0.0676308560936873,0.0682846659558052,0.070861596755051,0.0749844620154559,0.0632493932225647,0.0648107694479205,0.0659820605578515,0.0682001081023954
2025-09-03,0.0633077497060374,0.0625498114149206,0.0626871671711318,0.0630405247009482,0.0637447688471931,0.0638969888083278,0.0643609896828487,0.0651443796493967,0.0660383064104862,0.0665232123469996,0.0676282382272839,0.0682812589322507,0.0710411502392572,0.0752553072430896,0.0633776504162491,0.064903514701432,0.0661630637660601,0.0681987972306466
2025-08-29,0.0631733092755946,0.0623735879014253,0.0626108293414969,0.062938830331544,0.0635991329396973,0.0638263087805729,0.0642782823113626,0.0650678728689185,0.06596726265147,0.0664576090507746,0.0675575330174855,0.0682191579391994,0.0710079709875526,0.0752540270661312,0.0633274016391373,0.0648271293713331,0.0660888753131031,0.068124845956162
2025-08-28,0.0631841865959884,0.0615544233231703,0.062544030164947,0.0625333871995057,0.0629284677792638,0.0633548813185203,0.0639200276993926,0.0644865324209534,0.0656169216181775,0.0662181318611456,0.0674515093353728,0.0681758230801611,0.0710586123891755,0.0751918662701112,0.0633250329854387,0.0649535456257203,0.0660052513196963,0.0680765329434874
2025-08-27,0.0631841865959884,0.0616325583179999,0.062610829341497,0.0625333871994706,0.0629381973458803,0.0633502109857575,0.0639186204956088,0.0644922851533993,0.0656133363056535,0.0662154266112811,0.0674479481447887,0.0681726144783231,0.0711856456941817,0.0752722740976432,0.0633757133964926,0.0650332038676307,0.0661173328744715,0.0681411139468262
2025-08-26,0.0628101728648049,0.0616325583180001,0.062610829341497,0.0625333871994706,0.0629394244468365,0.0633585939008035,0.0639186204956088,0.0644922851533993,0.0656198510926867,0.0662119745507743,0.0674526154942348,0.0681702388738034,0.0712391672166292,0.0753128808439961,0.0634711779626396,0.0649503983690596,0.0661941600769017,0.068120321476855
2025-08-25,0.0629381288986307,0.0616325583180001,0.0623913337992886,0.0625333871994706,0.0629390046228922,0.0633585939008035,0.0639232447062172,0.0644922851533993,0.0656196064330992,0.0662168713903527,0.0674555531993989,0.0681744735002407,0.071352777678796,0.0751021828078678,0.0636733315486522,0.0651224092913086,0.066178279792312,0.0682108819326777
2025-08-22,0.0623074138776701,0.0610360795720947,0.0618854024908145,0.0620259923790446,0.0628695090335492,0.0633650028127555,0.0639268455149965,0.0645063113121486,0.0656237932844126,0.0662203252180012,0.0674630601535516,0.0681863869491214,0.0710870783602788,0.0746520928934717,0.0642345736299496,0.0656287562914196,0.0664916070314578,0.0683890732753016
2025-08-21,0.0621998642302755,0.0610310290569503,0.0618854024908157,0.0619508008756502,0.0628650906003137,0.0633607371348254,0.0639339064214961,0.0645059101665202,0.0656217233984007,0.0662204828559468,0.0674595839375363,0.0681884044806607,0.0703066003907181,0.0735304234709584,0.0639071311058572,0.0654712369100313,0.0666528769857511,0.06854177744231
2025-08-20,0.0620718843833804,0.0606188654951752,0.0615511919194905,0.0616969878029146,0.0627990977309315,0.0632072641516912,0.0638637037660859,0.064520185120315,0.0656208229025828,0.0662270599175686,0.0674351533587504,0.0681106179601029,0.0702846784870656,0.073382503761337,0.0634995938893067,0.0652566558561025,0.066500501874542,0.0682611747356256
2025-08-19,0.0619537454757528,0.0606138839855716,0.0615511919194901,0.0616969878029145,0.0627994845160979,0.0632155856241862,0.0638637037660859,0.064520185120315,0.0656268667642319,0.0662235642772847,0.0674398474716059,0.0681082352936014,0.0702535715943833,0.0733289244257568,0.063578516497981,0.065314834158879,0.0665567244404269,0.0683161673187995
2025-08-18,0.0620128153693008,0.0604538407682437,0.0614079332391407,0.0615559526990405,0.0626565266369652,0.0632170733401121,0.0638667204245749,0.064524892113789,0.0656321332642255,0.0662294284278623,0.067441701866668,0.0681158143648869,0.0704114219413709,0.0734847542182195,0.0635473040681815,0.0653608134256549,0.0666543200888094,0.0683622803004935
2025-08-15,0.0615102258226058,0.0604389819463994,0.0614079332391428,0.0615457835054866,0.0626532661348415,0.0632171586449924,0.063859649423291,0.0645224112185268,0.0656336936623457,0.0662288884267802,0.0674420911086765,0.0681160942836205,0.0705718090060057,0.0736033769060009,0.0636500928386611,0.0653839183126349,0.066582366066645,0.0683091345824121
2025-08-14,0.0615205393812188,0.0604340311639526,0.0614079332391428,0.0614807258430195,0.0626484721663186,0.0632129211202261,0.063866720424575,0.0645215543886534,0.06563146030865,0.0662290866082886,0.0674385310277659,0.0681178423219797,0.0706469688868835,0.0737328045835982,0.0637577170492616,0.0655990971181278,0.0666901863375872,0.0684240064924659
2025-08-13,0.0618257576891986,0.0601973151897284,0.0611977927374182,0.061207981041144,0.0624667601538025,0.0629724024542768,0.0638325168880619,0.0644200463645592,0.0655945644015484,0.0661992095238727,0.067400627478476,0.0681264451986372,0.0704537343041307,0.0738902160690338,0.0635713132862018,0.065369019174736,0.0665852396105014,0.0684706555974478
2025-08-12,0.0619537454757531,0.0604107278599791,0.0611786874175546,0.0612644171037745,0.0623806656111533,0.0629783918818071,0.0638329190316287,0.0644181656720593,0.0656033866785562,0.0661941776928764,0.0674055943301738,0.068122717420237,0.0704640611762804,0.0738080923241878,0.0635563126735313,0.0654740360447031,0.066715413201967,0.0684758113798677
2025-08-11,0.0621998642302743,0.0604786270768162,0.0612551070589722,0.0613396602331712,0.0623798654213369,0.0629776493532311,0.0638313105280112,0.0644156584232451,0.0656029160081795,0.0661986403346737,0.067404324143882,0.0681252156471068,0.0705976180678621,0.0740678885982841,0.0636996152579993,0.0655931506555078,0.0668058518557167,0.0685974650115485
2025-08-08,0.0620613856428211,0.0606967122515581,0.0612551070589725,0.061545783505478,0.0624420627886555,0.0630519111303049,0.0638242401447197,0.0644060936786526,0.0656011646558968,0.0661932723939222,0.0674048396239142,0.0681204217358413,0.0705119057243165,0.0739236238249,0.0636061327166769,0.0655130447229817,0.0667400437954053,0.0685269193676754
2025-08-07,0.0610774387608756,0.0601002055364057,0.0607965236771251,0.0610292458273274,0.0620978988458367,0.0627949706642202,0.0636188099401295,0.0641581485290181,0.0654664956331233,0.0661290015024909,0.0673775280110195,0.0681853274942664,0.0706194734433414,0.0740363032265195,0.0637668572532209,0.065587183934026,0.0668676209547827,0.0684478048333456
2025-08-06,0.060043344819655,0.0596248678330969,0.0602804292897373,0.0607093241114471,0.0619583655273135,0.0626521990427607,0.0635620123773298,0.0641066066939593,0.0653915195360957,0.0660567369062031,0.0673052417668561,0.0681223367506392,0.0710758107859021,0.0744933649173252,0.0638466336570717,0.0658469047989268,0.0670586873052508,0.0686942338669014
2025-08-05,0.0595508243827975,0.0595472351327475,0.060213513577004,0.0606340335368504,0.0618932850524356,0.0625076092452613,0.0634861250623131,0.064031439714415,0.0652829733750859,0.0659508088870628,0.0671643575168192,0.0680044585623411,0.0709514208560788,0.0743457922945093,0.0637412666923551,0.0656701828540997,0.0668680066115956,0.0688490917719518
2025-08-04,0.0591567640059459,0.0592463797190016,0.0600605507991502,0.0606340335368504,0.0618945565534612,0.0625108748228487,0.0634893278250698,0.064031439714415,0.0652837236426395,0.065957814941239,0.0671663429395496,0.0680087579910896,0.0709908645070756,0.0744213175416411,0.0637862949231317,0.0657699655329296,0.0669489975266703,0.0685868847523926
2025-08-01,0.0590487362490346,0.0593192513929799,0.0601223972794467,0.0606994299318482,0.0619568603659855,0.0625101160721307,0.0634815420787164,0.0640268040070713,0.0652821369187057,0.0659567391607386,0.067166547189974,0.0680074231904614,0.0709918531319983,0.0744073002628725,0.0637884009059784,0.065758523109244,0.0669540286375874,0.0685902527043881
2025-07-31,0.0586641334879113,0.059168940281915,0.0599646472160638,0.0606340335368498,0.0618866870855962,0.0625077221560915,0.0634920685136772,0.0640256488769961,0.0652831075655939,0.0659580845159868,0.0671650323399317,0.0680088854769113,0.0709823056728223,0.0744542171492875,0.0639009446125184,0.0658522822818314,0.0670463913249915,0.068681915822942
2025-07-30,0.0588611930355747,0.0591784383101768,0.0599597959165175,0.0606340335368504,0.0618955103463374,0.0625033902251635,0.0634905740064838,0.0640314397144149,0.0652784688337072,0.0659556066258344,0.0671644734721294,0.0680056795783101,0.07091903026034,0.0744639737438028,0.0637530467793094,0.0657658288249341,0.0669762755425505,0.0686093272799934
2025-07-29,0.0592552827695897,0.0593240241941068,0.0601321542917061,0.0606340335368504,0.0618942386543347,0.0625100319967814,0.0634862437511064,0.0640314397144149,0.0652835360616594,0.0659509745058393,0.0671589255740566,0.0680032733909259,0.070898586766947,0.0744553123564771,0.0636034429714534,0.0657726183670486,0.0670107776919889,0.0686336978649822
2025-07-28,0.0592060236935721,0.0591590260516674,0.0600174457495412,0.0605963861236935,0.0618753477214251,0.0625502478646733,0.0634886595150048,0.0640326866565228,0.0652843439790473,0.065955467522559,0.0671652429782029,0.0680084586885723,0.0710443663770268,0.074669415408134,0.0638106431356671,0.0659779809237031,0.0671495922161511,0.0686674949920826
2025-07-25,0.059097981335354,0.0592222108503522,0.0601557358628189,0.0606617974956326,0.0619471682547308,0.0626264230473821,0.0634828770937715,0.0640280011748914,0.0652824054992605,0.0659513036384154,0.0671637275688218,0.0680070896371854,0.0710453360881399,0.0746784601314332,0.0638684475575326,0.0659655594191809,0.0671393389851728,0.0686603074650173
2025-07-24,0.0588119290662975,0.0591495342221894,0.0600939192084852,0.0606340335368514,0.0618671679004691,0.0626231496239701,0.0634800196022639,0.0640256488769962,0.0652835239266534,0.0659521589108824,0.0671645643111853,0.0680077281313613,0.0711093511583835,0.0746702587392709,0.0640636204772323,0.0660692917136481,0.0669753984125915,0.0686451605364175
2025-07-23,0.0586148670716066,0.0590425485111658,0.0599792073737056,0.0605587372931559,0.0618010502085742,0.0626201009373895,0.0634894648643688,0.0640339336956342,0.0652824991270466,0.0659506420237897,0.0671624456156039,0.0680062679547358,0.0714389307819186,0.074936538745479,0.0643928750309278,0.0663131323292514,0.0670553203247578,0.0687992276422896
2025-07-22,0.0580236223518932,0.0586348232517653,0.0596541368545795,0.0602010026907571,0.0615838368466147,0.0624118327465037,0.0632740394504422,0.0637447702195374,0.0650030536165191,0.0655720779855851,0.0667843900346015,0.0676435744817752,0.0709002575958702,0.0746087547506913,0.0638684666755965,0.065871512948155,0.0666930970991807,0.0686200699742255
2025-07-21,0.0577279669471751,0.0586348232517651,0.0596541368545793,0.0602010026907568,0.061584786152572,0.0624118327465036,0.0632740394504421,0.0637447702195372,0.0650036141977479,0.0655769230118032,0.0667890075675588,0.0676478233718627,0.0709078973030315,0.0746070586565639,0.0638551727226495,0.065899682085155,0.0666865184094571,0.0686145347002776
2025-07-18,0.0577188827871003,0.0585913309563303,0.0596062966079722,0.0601536201873698,0.0615420843284002,0.0623739767811781,0.0632333607291723,0.0637050166231289,0.0649665527440584,0.0655485207634376,0.0667617310275282,0.0676106024970139,0.0707982570465663,0.074552921441811,0.0637924524715684,0.0658225884946162,0.0666756194924155,0.0685945381436023
2025-07-17,0.0580236223518886,0.0586254980547804,0.0596158880483977,0.0601633389712717,0.0615363680402995,0.062369542041734,0.0632291956706604,0.0637014246311694,0.0649637513124369,0.0655486505814647,0.0667616657161897,0.0676103010463499,0.0706923604209566,0.0744133949465799,0.0638059041087086,0.0657608919453159,0.0665482170446689,0.0686112555851069
2025-07-16,0.058023622351893,0.0586348232517652,0.0596158880483977,0.0601633389712717,0.0615457257298803,0.0623652006042737,0.063236184643233,0.0637071709999845,0.0649594274748731,0.0655462903974013,0.0667579538186297,0.0676071767376636,0.0711372424886365,0.0748275683443647,0.0637442468826509,0.0659689530904488,0.0670199573925075,0.0690758905709901
2025-07-15,0.0578265211968399,0.0585571517952075,0.0595393871411864,0.0600880072763675,0.0614796604866853,0.0622973781824438,0.0632377893880098,0.063709653299215,0.0649680565737397,0.065546184654509,0.0667564547749591,0.0676065628051225,0.0711073311141863,0.074867306621656,0.0636954363499043,0.0659364654313072,0.0670723988244281,0.0691193426767995
2025-07-14,0.0573041557742471,0.0584503485764541,0.0594724452433069,0.0600880072763673,0.0614813348925024,0.062298533701924,0.0632391936945959,0.063709653299215,0.0649690465579741,0.0655517659943347,0.0667620181944252,0.0676108081170401,0.0711043594173244,0.0748552690521169,0.0636258310736292,0.0657750913912035,0.0669870729171928,0.0690538655709576
2025-07-11,0.0571868138495701,0.0581447401789333,0.0593864147742416,0.0600029992535735,0.0614771044557799,0.0623019543893075,0.0632380706905183,0.0637100234448898,0.0649700874763129,0.0655533546186476,0.0667636856813932,0.0676129902331773,0.0702717153139416,0.0740137255694051,0.0628722812424706,0.0650195331538073,0.0662274981909899,0.0682788457855328
2025-07-10,0.0571957316900767,0.0581493267457679,0.0581807644543763,0.0600126699061708,0.0614723340551162,0.0622976935197895,0.0632592221108948,0.0637063760504585,0.0649678716367299,0.0655535898696769,0.0667808538809963,0.0676126285420015,0.0711922138401292,0.0748779425114452,0.0636527444693823,0.0659661823720786,0.0670494833639213,0.0691219538711519
2025-07-09,0.0571957316900767,0.0581493267457679,0.0581807644543763,0.0601633389712717,0.0616246070397715,0.062485708388999,0.0634113426340401,0.0638625357304009,0.0651054211007248,0.0656923097696724,0.0669206430136785,0.0677498434395912,0.0715027299124367,0.0751297992780044,0.0639263276189948,0.0661467279421961,0.0672711471863634,0.0693517168963996
2025-07-08,0.0570873046427304,0.0581493267457679,0.0581807644543763,0.0599467450510676,0.0616249554724209,0.0624939625863031,0.0634113426340402,0.0638696919244379,0.0651114295448905,0.0656884966236576,0.0669180303536295,0.0677525371671661,0.0713689442130351,0.0749633852034849,0.0638185250874549,0.0660223856192047,0.0671465977453098,0.069225010689629
2025-07-07,0.0570873046427313,0.0581104818916881,0.0581807644543763,0.0599467450510639,0.0616249554724208,0.0624943842946471,0.0634113426340401,0.063869691924438,0.0651114295448905,0.0656936328235414,0.0669227036356714,0.0677568086250758,0.0715037235408446,0.0750744135168772,0.0639218603493294,0.066139774453815,0.0672814207500251,0.0693584083839382
2025-07-04,0.0567335124269882,0.0583292138409287,0.0595298201166367,0.0604453833493345,0.0617643966976152,0.0624922001502132,0.0633799983546134,0.0638510060849895,0.0651075442442876,0.065691655342476,0.06690393655102,0.0677454337115442,0.0714983285274925,0.0750784909138628,0.0639183755392188,0.0661380856109842,0.0672794062678869,0.0693568908580611
2025-07-03,0.0565451249525998,0.058324599237647,0.0596158880483977,0.0604551956999349,0.0617601657125649,0.0624883480287403,0.0633741204414386,0.0638471357267933,0.0651056132610803,0.0656921250099944,0.0669027386590381,0.0677449408317913,0.0714981270007708,0.0750654348706068,0.0639196557108463,0.0661525252546489,0.0672759545045102,0.0693543683761982
2025-07-02,0.0566437085893419,0.0583199856053763,0.0596158880483977,0.0604551956999349,0.0617692951758535,0.06248443504423,0.0633811492615566,0.0638528954902327,0.0651011378784404,0.0656899986125949,0.0668989876877341,0.0677418103041796,0.0714983953898895,0.0750333111932115,0.0638773231959735,0.0660298223210106,0.0673272079003081,0.0693911011813233
2025-07-01,0.0571365900316,0.0584318186755227,0.0596158880483977,0.0604551956999349,0.0617677073715677,0.0624914818509625,0.0633811492615566,0.0638528954902327,0.0651059936601545,0.0656855516522596,0.0668963965875393,0.0677394299600886,0.0714991480691238,0.0750106510807375,0.0638914995968147,0.0660557210796896,0.0673182083568184,0.0693853067742345
2025-06-30,0.0568408685141706,0.0584549834945455,0.0596206853065208,0.0604551956999349,0.0617686600064178,0.0624908902989357,0.0633825786774599,0.0638528954902327,0.0651065553873002,0.0656897520280952,0.0669013693808796,0.0677436775124374,0.0715173330480657,0.0750309105067895,0.0638513414779535,0.0660593800139355,0.0673218482128584,0.069386795227379
2025-06-27,0.0566349616366105,0.0581059014205728,0.0595824292933481,0.0604736139521859,0.0617266016024387,0.062452433593389,0.0633473485812204,0.0638112065867129,0.0651091234552435,0.0656944153757784,0.0669038128355467,0.0677453749293752,0.0715838811780853,0.0752656435778386,0.0639593850785302,0.0662113525772673,0.0672194259720548,0.069383925128753
2025-06-26,0.0562493593436038,0.0580373591496955,0.0595824292933476,0.0604834353795106,0.0617230166517361,0.0624486892028829,0.0633543873645335,0.0638073810973393,0.0651075450944894,0.0656924258498381,0.0669000496407163,0.067744877046907,0.0715836761712945,0.0752873309076255,0.0639564288335984,0.0661277580221326,0.0672426261023534,0.069400168482874
2025-06-25,0.0554112370262442,0.0579693655142656,0.0594389594940684,0.0603422290061631,0.0615922273197633,0.0622655179250058,0.0632027558101873,0.0636624399854955,0.0649629489615523,0.0655482970139493,0.0667563423236911,0.0676012619661491,0.0714325267910286,0.075114892561124,0.0638137023205119,0.0659949327691976,0.0671738313821591,0.0693419751694632
2025-06-24,0.0552140060411422,0.0578139427859225,0.0593624359723148,0.0600503393007155,0.0615166261275268,0.0622671837074294,0.0632043510106605,0.0636720512471343,0.0649719427220885,0.0655548011378561,0.0667620389221261,0.0676057216138326,0.0715860743374859,0.0752985590466998,0.063886838339542,0.0660447577186319,0.0671777343064582,0.0693574328069527
2025-06-23,0.0552140060411422,0.0579693655142641,0.059505913982938,0.0604175415531986,0.061592861015204,0.0623423860918967,0.0632013601631913,0.0636599606004947,0.0649690992864604,0.0655506188924564,0.0667598357505189,0.0676013560767713,0.0714291383352521,0.0750793345312349,0.0637811584911146,0.0658812272605383,0.0671511823709153,0.0693132893952927
2025-06-20,0.0553042810996566,0.0576592007381701,0.0595059139829407,0.0604077412989025,0.0615880333527643,0.0623421488481419,0.0631943589159109,0.0636580599978797,0.0649696854414152,0.0655535907448259,0.0667604198241439,0.0676019012710782,0.0714207483421049,0.0751135864432839,0.0637670992813547,0.0658828582127844,0.0671853404625936,0.069343356606904
2025-06-19,0.0552140060411425,0.0579693655142661,0.0595059139829407,0.0604175415532675,0.0615834520855873,0.0623341543231505,0.0632013601631914,0.0636542470138123,0.0649674882598441,0.0655489065719097,0.0667567140976214,0.0676013988919436,0.0713887443270924,0.0750578584967359,0.0637293122191993,0.0660619569534873,0.0670812405158679,0.0691426022709673
2025-06-18,0.055411237026225,0.0581150633234763,0.0595059139829407,0.0604834353795106,0.0615922273197614,0.062340822641164,0.0632013601631914,0.0636577914550282,0.0649629489615441,0.0655441902382387,0.0667541315020159,0.0675967759568938,0.0711231736361561,0.0750556017124716,0.0637153984496528,0.0657854750555465,0.0671045345553945,0.0691674005925957
2025-06-17,0.0556084582068467,0.0579693655142656,0.0595824292933477,0.0604834353795105,0.0615915936878218,0.0623423860918983,0.0631997653133769,0.0636577914550282,0.0649683513938572,0.0655506188924564,0.0667576675557987,0.0675944084912329,0.0710497403262999,0.075134179109793,0.0638985003717585,0.0659182776481601,0.0673878631217154,0.0694805557983845
2025-06-16,0.0558253901825448,0.058115063323476,0.0596589402250904,0.0604834353795105,0.0615908967660234,0.062340822641164,0.0631981706505362,0.0636577914550282,0.0649679401168459,0.065549625550305,0.0667564080709518,0.0675986314089915,0.0706869702681687,0.0750710657054102,0.063886880355509,0.0658706041453841,0.0674396544300078,0.0695158995866996
2025-06-13,0.0558957509709471,0.0582515428223682,0.0595824292933479,0.0604736139521859,0.0615861373083358,0.0623358038853461,0.0631927690500021,0.0636558870049968,0.0649685361427759,0.0655495496442872,0.0667580742965479,0.0675991713164013,0.0707102871702728,0.0748815311678167,0.0639094136360273,0.0658731723960178,0.0674555682526832,0.0695269884180876
2025-06-12,0.0561014682702908,0.0582607504904583,0.0595824292933476,0.0600126699061645,0.061580613379343,0.0623310390234482,0.0631997653133768,0.0636675418213515,0.0649661259521861,0.0655469215003764,0.0667543666117582,0.067609727435192,0.0706112642037894,0.0747933966576373,0.0639202732943459,0.0659318212893425,0.0674570639605969,0.0695279326303606
2025-06-11,0.0561014682702895,0.0582607504904583,0.0595824292933476,0.0604834353794672,0.0615900098857387,0.0623392594224891,0.0631997653133768,0.0636577914550282,0.0649616435552731,0.0655431992145805,0.066751786399203,0.0675955969600067,0.0705833982013719,0.0746656868106934,0.0639108197863211,0.0659328264131373,0.0674723530575085,0.0695394687022979
2025-06-10,0.0559634316278423,0.0582607504904583,0.0595824292933476,0.0604834353795105,0.0615904533103293,0.062339259422489,0.0631997653133768,0.0636577914550282,0.0649676784187257,0.0655486323557296,0.0667563956177678,0.0675932306098039,0.0705629197558263,0.0747264476617309,0.0638930294658887,0.066025888549206,0.0674082120187799,0.0695351513661967
2025-06-09,0.0564958322155926,0.058416138406892,0.0596971940491202,0.0604834353795105,0.0615887431296965,0.0623375922449588,0.0631973733892205,0.0636577914550282,0.0649666691836983,0.065547573110807,0.066754597329876,0.0675974513123775,0.0706129586510011,0.0745694614592025,0.0638485036491645,0.0658847004879249,0.0674757394831263,0.0695816390514657
2025-06-06,0.0565856853034354,0.0584748387597444,0.0598406361420408,0.0605488916424681,0.0615838930434523,0.0623333026139136,0.0631874046284462,0.0636532845170216,0.0649671768721963,0.0655479572557243,0.0667531619750275,0.067596136921656,0.0704658797529831,0.074225548578542,0.0638206176137368,0.0658042970080167,0.0673735057525226,0.0694527489313931
2025-06-05,0.0565944170771776,0.0585618035848629,0.0599840628471739,0.0606340335368503,0.061721910477998,0.0624814874973564,0.0634136320517864,0.0637247824406217,0.0650282195630088,0.065608021995477,0.0668076504340373,0.0676607009256,0.0706367929728559,0.0745089656345502,0.0640600394760358,0.0660712270527232,0.0676574579485945,0.0697380027077746
2025-06-04,0.0568605839677819,0.0586394873301427,0.0599840628471737,0.0606340335368503,0.0617304879570481,0.0624889058333712,0.0634136320517868,0.0637304963390823,0.0650236101439126,0.065603760789246,0.0668050781849058,0.0676577630871286,0.0705525331562665,0.0743594144107611,0.0638978735697883,0.0660475362516768,0.0677273443270603,0.0696948070235431
2025-06-03,0.0573534384693393,0.058639487330142,0.0599840628471737,0.0606340335368503,0.0617289013455609,0.0624889058333712,0.0634136320517868,0.0637304963390823,0.0650284495192879,0.065609192043654,0.0668096710147736,0.0676553958374893,0.0703523196142526,0.0739670164083841,0.0637035047292675,0.065860754285148,0.0674682047440933,0.0694601864339596
2025-06-02,0.0575460483800896,0.059008443806833,0.0602804292897371,0.0607751987144586,0.0618760217147599,0.062629021506711,0.0635620123773298,0.0640267645452565,0.0652586992407063,0.0658287830313581,0.0670283630329885,0.0678033656353456,0.0703795117758609,0.0739661915939437,0.063838793232177,0.0660062302495802,0.067647000782656,0.0696335586789621
2025-05-30,0.0575325097938897,0.0589989994873662,0.0603421567879215,0.0607652832690158,0.0618620172714677,0.0626290152819971,0.0635562198494835,0.0640245142007037,0.0652606572210737,0.0658292600028944,0.0670275049341306,0.0678036865127411,0.0703815034896383,0.0738953823521199,0.063789838365662,0.0659308647799387,0.0676908404633035,0.0696642498157532
2025-05-29,0.0575505631280973,0.0592174545916601,0.0603372444132509,0.0607751987144587,0.0618570120124007,0.0626227192842242,0.0635546148158679,0.064020986481524,0.0652581060651935,0.0658284048153324,0.0670268561767929,0.0678034403623075,0.0705611397506676,0.0740235892322219,0.0639473668757376,0.0661418504974363,0.0679163919174101,0.0698867900750951
2025-05-28,0.0576786889042569,0.0591978503787187,0.0589562854790543,0.0607751987144587,0.0618802754936983,0.062618417874032,0.063581784301171,0.0640267645452567,0.0652519776195235,0.0658260206474239,0.0670481013889576,0.0678003257636688,0.0704978951597157,0.0741024720809001,0.0639196792681681,0.0662529994295594,0.0679523822033866,0.0699251381534895
2025-05-27,0.0579842029042462,0.059265791122697,0.0603421567870874,0.0607751987144587,0.0618792896332467,0.0626259342140975,0.0635488660949298,0.0640267645452565,0.0652572132141291,0.0658218407685868,0.0670261581371748,0.0677979559506656,0.0705831447457599,0.0740240363741704,0.0638402158135392,0.066163157894338,0.0679672159231099,0.0698365506054854
2025-05-26,0.0577673889408245,0.0591202009647493,0.0603421567879212,0.0607751987144587,0.0618799892603805,0.0626275177160511,0.063555868446768,0.0640267645452565,0.0652576259795397,0.0658283082049152,0.0670224103213322,0.0678021820059298,0.0704852249383011,0.0739305946898456,0.0638347898122257,0.066166685584142,0.0679857523199658,0.069848348673599
2025-05-23,0.0577582924008547,0.0591154607404351,0.0603421567879212,0.0607652832690158,0.0618753820110387,0.0626277314924689,0.063555868446768,0.0640245142007037,0.0652583345178267,0.0658284440733568,0.067026637465859,0.0678025057489753,0.0703604071195089,0.0738396255555694,0.0636928254283923,0.0661907768699978,0.068033463335365,0.0698816511395238
2025-05-22,0.0577673889408247,0.059033093833542,0.0603372444132509,0.0607751987144588,0.0618799892603803,0.062624628253395,0.0635562788233719,0.0640209864815241,0.0652547206119158,0.0658295920882617,0.0670267330035936,0.0678022550296041,0.0704449019358235,0.0739325118587325,0.0637566459543055,0.0662558602300986,0.0681167688975637,0.0699643864583832
2025-05-21,0.0577673889408242,0.0590425485111659,0.0604087379212224,0.0608504786617983,0.0618799892603803,0.0626201009373896,0.0635515711207835,0.0640242716792054,0.0652518091577149,0.0659063933426488,0.0671063202625435,0.0678678655302056,0.0705655843080188,0.0739733378064982,0.0638793687749982,0.0664039918349,0.0682801782274534,0.0701257023222686
2025-05-20,0.0577673889408242,0.0591202009647489,0.0604324613482499,0.0608128393965125,0.0618799892603803,0.0626275177160512,0.0635091882770969,0.0639866901444789,0.065218349456957,0.065862487681861,0.067065833945505,0.0678379839201252,0.0705384820895991,0.0740380524205507,0.0638757244427761,0.0663738009675174,0.068235391457134,0.0700857338416601
2025-05-19,0.0579349280438824,0.0591202009647489,0.0604275351808569,0.0608128393965123,0.0618794486326452,0.062627517716051,0.0635165594766838,0.0639866901444787,0.0652180307042857,0.0658679608840019,0.0670623787758923,0.0678422189162059,0.0704722883380894,0.0740679057405464,0.0638644337944373,0.066362639492155,0.0682425305992317,0.0700895140954667
2025-05-16,0.0579257787971657,0.0591154607404353,0.0603841355735941,0.0608029117897484,0.0618748308759269,0.0626277114733288,0.0635182547442446,0.0639844686290312,0.0652187161218997,0.0658680841094769,0.0670677634839891,0.0678425574335279,0.0704425910328332,0.0740468336358422,0.0638705329669377,0.0663674122782437,0.0682453491482014,0.0700913493355837
2025-05-15,0.0579349280438826,0.0591107215269877,0.0603792182973673,0.0608128393965123,0.0618699851652248,0.0626237646409282,0.0635186351356393,0.0639809254289429,0.0652163259418151,0.065868706595894,0.0670678389693838,0.0678422889761087,0.0704531023984944,0.0740443308189894,0.0638463641922619,0.0663992902573217,0.0682918164686263,0.0701329634138281
2025-05-14,0.0585360395329782,0.0591590260516704,0.0604029203347891,0.0608128393965123,0.0618775091119399,0.0626188386147648,0.0635147904226221,0.0639866901444787,0.0652110839900899,0.0658659397173488,0.0670680097860864,0.06783917518749,0.0704532925650995,0.0740467514596845,0.0638933695216206,0.0663754846405013,0.0682879153452398,0.0701311098532676
2025-05-13,0.0582108593797492,0.0592269681253556,0.0604472462537927,0.0608128393965123,0.0618785582872888,0.0626263564581895,0.0635079938511424,0.0639866901444787,0.0652175057590663,0.0658617507593214,0.0670637490677202,0.06783680187661,0.070453953292771,0.0740471782700903,0.0639399145855069,0.0663646904110245,0.0682797718293242,0.0701260137342002
2025-05-12,0.0579250729983722,0.0587610328826762,0.0604472462537927,0.0608128393965123,0.0618794804330026,0.0626314246976835,0.0635149786130689,0.0639866901444787,0.0652180494536913,0.0658704456409723,0.0670600375120553,0.0678410346498833,0.0704511874398279,0.0740698079251293,0.0639010307558632,0.0664103938369871,0.0682717382812091,0.0701191488109253
2025-05-09,0.0575415345752726,0.0593192513929854,0.0604854585346361,0.0608781645604908,0.0619523027326274,0.0626639870443041,0.0635141643370205,0.0639819374464109,0.0652166198141998,0.065865149473196,0.0670637176707145,0.0678395721409555,0.0704520671307272,0.0740673426214626,0.0639604035676945,0.0663986948261053,0.0682616553062778,0.0701119407565519
2025-05-08,0.0574125768954256,0.0593144796131304,0.0604805229784175,0.0608881165104222,0.0619478448345413,0.0626601365366542,0.0635145425569724,0.0639784411733881,0.0652144717646376,0.0658658157511367,0.0670637916947376,0.0678393353676259,0.0704520298675032,0.0740660589915957,0.0639603883280993,0.0663986526917108,0.0682616509037357,0.0701118023023802
2025-05-07,0.0574125768953834,0.059324024194107,0.0604755884919487,0.0608881165104234,0.0619573396263444,0.0626554608902992,0.0635114070824053,0.0639841990827444,0.065210369722626,0.0658631943285367,0.0670644196669276,0.0678362229896455,0.0703993786019065,0.0740629634477872,0.0639066919745393,0.0663601672283906,0.0682910471890231,0.0701332877627465
2025-05-06,0.0576885445618044,0.0595666435926669,0.0604854585346361,0.0608881165104234,0.0619564479048157,0.0626610823207526,0.0635071821078343,0.0639841990827443,0.0652156461210479,0.0658578403624092,0.0670618907084435,0.0678338524096798,0.0705268709570052,0.0741528060629445,0.0640730334411177,0.0664681147003423,0.0684020942127624,0.0702484683837757
2025-05-05,0.0578363764871578,0.0595666435926666,0.0604854585346361,0.0608881165104234,0.0619559702482898,0.0626610823207526,0.0635528126990631,0.0640230253915767,0.0652546394688424,0.0659029539990102,0.0670964875959276,0.0678664719322301,0.0703516411468012,0.0742614749528803,0.0641056010575644,0.0664992536308442,0.0684339903490102,0.0702787663281483
2025-04-29,0.0576339382934275,0.0591831888454217,0.0604903951609952,0.0608128393965123,0.0620977216196997,0.0626655574539256,0.0635543533604398,0.0640255180637617,0.0652481528434979,0.0659053153968373,0.0670958041865947,0.0678628266016398,0.0703449588346727,0.0742403619472683,0.0640635814141526,0.066458360490929,0.068684389725067,0.0705663961675802
2025-04-28,0.0576339382934275,0.0591831888454219,0.0604903951609952,0.0608128393965123,0.0620977216196997,0.0626655574539256,0.0635543533604398,0.0640255180637617,0.0652481528434979,0.0659053153968373,0.0671004058611213,0.0678670587261933,0.0703844788932273,0.0742119887140257,0.0640627792487069,0.0664711169323792,0.0686803752656631,0.0705622596491717
2025-04-26,0.0576248831524798,0.0591784383101769,0.0604903951609952,0.0608029117897484,0.0620930839342344,0.062704211748481,0.0635543533604398,0.0640260717928673,0.0652489485339607,0.0659038956289053,0.0671400261115466,0.06786711376522,0.0702911074591914,0.0742453882312966,0.064032058362143,0.0666055194016325,0.0686498847146916,0.0705408218934637
2025-04-25,0.0576339382934272,0.0591736887891304,0.0604854585346359,0.0607979495986381,0.0620881718419303,0.0627002857222856,0.0635547636443299,0.0640234633481878,0.0652466840751773,0.065904479839332,0.0671401214733327,0.0678675181938177,0.070291470602002,0.0742444098771472,0.0640322473867224,0.0666056189318176,0.0686499918869708,0.070540755800468
2025-04-24,0.0578015095274654,0.059183188845422,0.0604805229784176,0.0608128393965124,0.0620971894576296,0.0626956815932847,0.0635516449474672,0.0640197434057163,0.0652420403013576,0.0659018667478804,0.0671407703583957,0.0678671352949855,0.0705026757987878,0.0742766198235817,0.0640582291008345,0.0664305120773119,0.0685914999176687,0.070555235878373
2025-04-23,0.0578507938522308,0.0590084438068328,0.0604903951609952,0.0608128393965123,0.0620970329479028,0.0627058621688552,0.0635473448214059,0.0640255180637617,0.0652477485238006,0.0658994603875235,0.0671381871602019,0.0678640161468877,0.0701541843771249,0.074099460066565,0.0637092050298392,0.066401277000799,0.0687340591481971,0.0706566379969649
2025-04-22,0.0578507938522308,0.059251141114956,0.0608247598355308,0.0610292458274495,0.0623541326102582,0.0631065946629018,0.0639916207532246,0.0643192366051235,0.0656896603243325,0.0663030502384816,0.0675297551671181,0.0682754010666929,0.0706917650674743,0.0743345848025061,0.0642556993019831,0.0669169656378909,0.0693080657066938,0.0712324292340621
2025-04-21,0.0578507938522308,0.0592511411149564,0.0608247598355329,0.0610292458274505,0.0623541326102602,0.0631065946629082,0.0639916207532344,0.064319236605128,0.0656896603243454,0.0663030502384936,0.067534416323168,0.0682796981351153,0.0704777341746099,0.0742082326991811,0.0641110354945233,0.0667988988830843,0.0691877809872151,0.0711066665684194
2025-04-18,0.0581267748800041,0.0594648032571725,0.0608197689021524,0.0610192481603376,0.0623436281908343,0.0631003822584556,0.0639920452560936,0.0643168015892025,0.0656876573645168,0.0663022874108393,0.0675341527269277,0.0682798340241003,0.0704584873746665,0.0742089895949447,0.0641018854678916,0.0668037767487215,0.0691906052689092,0.0711084994992438
2025-04-17,0.057850793852231,0.0594064518953636,0.0608147790565505,0.0610292458274506,0.0623541326102603,0.0630965020777056,0.0639889204362466,0.0643134043136421,0.0656837674875005,0.066300202457838,0.0675348536676919,0.0682796291205658,0.0704267865623532,0.074153650577778,0.0640875815252855,0.0667741564836917,0.069212747499708,0.0711239519202637
2025-04-16,0.0581267748805072,0.0594743965590556,0.0608247598355326,0.0610292458274505,0.0623532524557808,0.0631041692751357,0.0639845117182744,0.0643192366051281,0.0656891421113585,0.0662959650272304,0.0675322293508424,0.0682766174782853,0.0704270344110508,0.0741676401398519,0.0640041336379786,0.0667911819873458,0.0692261021540545,0.0711343664498941
2025-04-15,0.0578507938522301,0.0592802628075017,0.0607483410500991,0.0611045066532858,0.0623541326102603,0.0631062782766873,0.0639546133675945,0.0643167325676151,0.0656896603243454,0.0663028493807923,0.0675312909136299,0.0682724322270969,0.0704265526287441,0.0741556565468802,0.0641102815227915,0.0667681177184645,0.069208142015481,0.0711223999908312
2025-04-14,0.0576339382934284,0.0592123115301312,0.0607483410500992,0.0611045066532855,0.0623548242458646,0.0631838375798023,0.0639546133675946,0.064316732567615,0.0656900675421483,0.0663001608940161,0.0675359550247538,0.0682767238237123,0.0702971546593088,0.0742043058086889,0.0641251775870645,0.0667674098246184,0.0692086100206804,0.071121330425308
2025-04-11,0.0576339382934275,0.0594453969632829,0.0607815662800474,0.0611697152772845,0.0623451931172042,0.0631775088601079,0.0639542176823863,0.0643119400610779,0.0656884587367984,0.0662993682195815,0.067535136276437,0.0682751936201403,0.0702663168185154,0.0742054957950695,0.0641280352572254,0.0667699065215659,0.0692095425706609,0.0711218285520095
2025-04-10,0.0576339382934275,0.05945498403418,0.0607865509928001,0.0611797618153548,0.0623548242458647,0.0631727716293884,0.0639502501294538,0.0643084103102241,0.0656841737157098,0.0662967812956883,0.0675352067138238,0.0682749069400182,0.0702134704095898,0.0742217794080194,0.0641066076114399,0.0667764375190708,0.0692147666920178,0.071125355877545
2025-04-09,0.0576339382934275,0.0594549840341798,0.0607865509928001,0.0611797618153548,0.0623548242458647,0.0631811978465979,0.0639466971008215,0.064314228919509,0.0656900675421483,0.0662929484880951,0.0675331060676323,0.0682718653912524,0.0702242407613594,0.0742807340454147,0.0640988566362347,0.0667710137512977,0.069002555591397,0.070940217058707
2025-04-08,0.0580479250957995,0.0592511411149562,0.0607101300073669,0.0611797618153548,0.0623535039160315,0.0631834151786193,0.0639554288051101,0.0643142289195089,0.0656892901648736,0.0662998930967026,0.0675305593040469,0.068269463768238,0.0702987586180752,0.0742842213154245,0.0641156834254016,0.0667746145265576,0.0689906248725063,0.070932479208175
2025-04-04,0.0578015095274745,0.0589601775419872,0.0607815662800499,0.0611697152772845,0.0623446609987435,0.0631826269690561,0.0639543314677932,0.0643119400610778,0.0656881439192656,0.0663026218967374,0.0675339280778512,0.0682740018496306,0.0702769086288932,0.0740422335893949,0.0639594518536905,0.0669064861308318,0.069088268470468,0.0710119718917768
2025-04-03,0.0578015095274634,0.0589696094968465,0.0607765826530479,0.061179761815355,0.0623542897935512,0.0631780325482923,0.0639512816752531,0.0643084103102242,0.0656838598082038,0.0663001310165571,0.0675346190033203,0.0682737141662054,0.0702346157433294,0.0742534918509617,0.0641479776381411,0.0668991337533966,0.0690218879820863,0.0708697246344643
2025-04-02,0.057387497289669,0.0587268779271361,0.0606952164048424,0.0611797618153549,0.0623936959891077,0.0632179287327782,0.0640272222925954,0.0643821656590691,0.0657578117586689,0.0664156917411399,0.0676905698272285,0.0683782486340027,0.0696234753031409,0.0738666588399188,0.0636749177813715,0.066811047250961,0.0695346720157616,0.0715212324451865
2025-04-01,0.0573086329704369,0.0584064270167663,0.0606902473663649,0.0611797618153549,0.062393947702523,0.0632214175717577,0.0640351661993298,0.0643821656590697,0.0657579600278575,0.0664234842266429,0.0676874070928469,0.0683758375319688,0.0697716118238634,0.0738040933656832,0.0637291408322539,0.0667810904961605,0.0695264538205464,0.0715161619207181
2025-03-31,0.0573874972896717,0.0586006458357081,0.0607101300073669,0.0611797618153549,0.062393695989108,0.0632193029878846,0.0640327078799905,0.0643821656590697,0.0657578117586697,0.0664221416778573,0.0676906196906457,0.0683801418146639,0.0696952909387128,0.0737543969773657,0.0636698056877022,0.0668039221580556,0.0695458993874785,0.0715284290665417
2025-03-28,0.0573444715060334,0.0581059014205432,0.0607051577249473,0.0612355374832863,0.0623908983425668,0.0632246321982228,0.0640334244750871,0.0643777835489733,0.0657601660555811,0.0664260203677914,0.067691105473921,0.0683789004519087,0.0698227774776589,0.0739107715871422,0.0636530813198024,0.066795527290799,0.0695225956048553,0.0715117417150947
2025-03-27,0.0573534384693399,0.0581013219097572,0.0607001865242383,0.0612456054367776,0.0623859975153522,0.0632205304413225,0.0640305775493356,0.0643741427207769,0.0657577840077948,0.0664266573951489,0.0676921473185642,0.0683785307171766,0.0698226601136021,0.0739209900299924,0.0637219521322598,0.0667379316200042,0.0695225325981536,0.0715115303958285
2025-03-26,0.0570577331155261,0.0581104818916883,0.0607101300073669,0.0612456054367776,0.0623965941829545,0.0632160178498332,0.0640255805098705,0.0643799728204367,0.0657541154552857,0.0664242085677053,0.0676891121383229,0.0683754958392684,0.0699177436810441,0.0739240653509148,0.0637729732216638,0.0667471939623953,0.0694990283033283,0.0714959487575809
2025-03-25,0.0570577331155261,0.058042501566651,0.0607101300073669,0.0612456054367776,0.0623965941829544,0.0632252369790013,0.0640327078799906,0.0643799728204367,0.0657600229033429,0.0664208220802454,0.0676853765905758,0.0683730872868752,0.0698655856406294,0.0739073666574257,0.0637436651840793,0.066772397898499,0.069504309342369,0.0715004420761722
2025-03-24,0.0570577331155261,0.0583144088899925,0.0606432580354447,0.0612456054367776,0.0623965941829544,0.0632222490162093,0.0640341368344975,0.0643799728204367,0.0657600229033429,0.0664245061679247,0.0676915883858434,0.0683773864952816,0.0698630368496721,0.0738954012067789,0.0636973523517012,0.066714140473654,0.0695355331452722,0.0715210627375116
2025-03-21,0.0570488581489391,0.0584262983144143,0.0606382966176179,0.0612355374832861,0.0623919025342336,0.0632211859121383,0.0640347622951969,0.0643778324204847,0.0657607599419302,0.0664238307047026,0.0676920123887372,0.0683777411605939,0.0698122896806684,0.0735657486706962,0.0636491255844393,0.0666710483555426,0.0696075631769475,0.0715719384538857
2025-03-20,0.0570577331155266,0.0585090265664614,0.0606333362779723,0.0612456054367776,0.0623869559287236,0.0632162227553587,0.0640317813487898,0.0643741427207768,0.0657583518179243,0.0664239127320516,0.0676929674417719,0.068377335995585,0.0696961920973334,0.0735430302595925,0.063660862424996,0.0666792520302869,0.0696142102972104,0.0715764766366775
2025-03-19,0.0570577331155262,0.0587610328826949,0.0606432580354444,0.0612456054367776,0.0623965941829545,0.0632088959117783,0.0640270050128058,0.0643799728204368,0.0657541154552857,0.0664196646834404,0.067690088442375,0.0683743035098033,0.0696963640868241,0.0735453405760858,0.0636608950006609,0.0667204091162762,0.0697409468552725,0.0714976896033813
2025-03-18,0.0570577331155262,0.059566643592595,0.0607101300073669,0.0613208499815838,0.0623965941829545,0.0632084937907896,0.0640327078799905,0.0643774670844715,0.0657600229033429,0.0664102072116027,0.0676853765905758,0.068370114691072,0.0697907102477237,0.0735571453266695,0.063569036326474,0.0667311486705576,0.0696800017039706,0.0714433390346759
2025-03-17,0.0576786889042797,0.0602555209223206,0.0607865509928012,0.0613208499815837,0.0623945728737544,0.0631337203678345,0.0640310749698084,0.0643774670844715,0.0657588311001405,0.0664137305824264,0.0676895127330975,0.0683744084212039,0.069904152879298,0.0737163444395305,0.0636098639122857,0.0666398762039737,0.069669237131134,0.0714342368764829
2025-03-14,0.0571769600334915,0.0602118005103635,0.0608579704207129,0.0613107575277121,0.062391604744382,0.0631345654443911,0.0640297007301464,0.0643752252866187,0.0657605526096756,0.0664142681550763,0.0676885811296788,0.068374689448209,0.0699588126680251,0.073962476040385,0.0636704626122946,0.0666240847954361,0.0696243740791567,0.0714024635522334
2025-03-13,0.0571858748082208,0.0602844660732667,0.0610343868923995,0.0613960888650743,0.0624912510266376,0.0632739424860934,0.064022581319603,0.0643691453299263,0.0658326510343932,0.0665572570300906,0.067876632223241,0.068604248312167,0.0702253723587445,0.0740877763721901,0.0637985262272777,0.0667715353718971,0.0698989266707224,0.0716656759016371
2025-03-12,0.0571858748082208,0.060294323795177,0.0610444393381639,0.0613960888650743,0.0625009207094222,0.0632689055264903,0.0640184602012268,0.0643749617381043,0.0658284440487458,0.0665544329073634,0.0678741365750928,0.0686011857871066,0.0701728237334777,0.0740961883478824,0.0637200606858208,0.0667096747489131,0.069941697588394,0.071696933126993
2025-03-11,0.0566634250227366,0.0604398278089217,0.0610444393381637,0.061320849981584,0.0625026245276133,0.0632757141956284,0.0640255653203823,0.0643774670844715,0.0658353656760936,0.0665496044150621,0.0678704385916657,0.0686005421551624,0.0701745253570515,0.0741666418990463,0.0637702456372285,0.0667866094748119,0.0698959099263886,0.0716654423647455
2025-03-10,0.0566634250227357,0.0598868557686986,0.0611208410778946,0.0613208499815837,0.0625026245276133,0.0632049778460423,0.0639852994542642,0.0643774670844715,0.0658353656760936,0.066562219708968,0.0678763390458289,0.0686048886049214,0.0701930012135862,0.0742330152089896,0.0637127232797693,0.0667341918329742,0.069916585765736,0.0716784614955906
2025-03-07,0.0569503153618724,0.0598819924374303,0.0611158018112594,0.0613107575277122,0.0624970623529844,0.0632053849513789,0.0639856964674687,0.064375036843315,0.0658356139022851,0.0665624789993488,0.0678766091945104,0.0686050588168464,0.0701737800443954,0.0740953875561919,0.0636970957578802,0.0667697926733063,0.0699287303278375,0.0716868268510838
2025-03-06,0.0573534384693398,0.0602068847981035,0.0613971370608835,0.0613584701309403,0.0625668543381062,0.0631979371132923,0.0639764264879399,0.0643703945319445,0.0658295448198855,0.0665608661576112,0.067873247043913,0.0686039960168157,0.0704053998540766,0.0745173575187372,0.0638375478111382,0.0669622519979764,0.0697592423095439,0.0715431536903861
2025-03-05,0.0599152953878671,0.0605368245558018,0.0617414422352533,0.0617533962754821,0.0628251965349444,0.0634198069511925,0.0641870368479828,0.0645183027070391,0.065957837584268,0.0667048131323473,0.0680057561100039,0.0687452674426102,0.0704466192585572,0.0752010725423707,0.0642762323532961,0.0673499712222944,0.0698075406105256,0.0715488453729484
2025-03-04,0.0607032263603642,0.0609441591087261,0.0618559830326381,0.0617533962754821,0.0628226149203754,0.0634237634972892,0.0641916935530927,0.0645183027070391,0.0659622340036406,0.0666982892593121,0.0680003744953118,0.0687428318625551,0.0708485074238605,0.075746224740773,0.0647751365176386,0.0676148436148748,0.0699508014731411,0.0715130664625909
2025-03-03,0.060801706730021,0.0609441591087261,0.061922793933289,0.0618286026229333,0.0628222922912323,0.0634237634972892,0.0641902629498133,0.0645157931640091,0.0659620445448479,0.0667038848961427,0.0680046814103092,0.068745388602219,0.0709714517870462,0.075718501261767,0.0649078848874211,0.0678252584057305,0.0697387561230559,0.0716812235794955
2025-02-28,0.0610138782327308,0.0607943280761809,0.0621718022164159,0.0617431624146589,0.0627404571874201,0.0632729974294527,0.0641041972512222,0.0644378229363606,0.0658914484063388,0.0666256436806596,0.0679245235245869,0.0686723592693657,0.0711302202182775,0.075799143715867,0.0649161568163428,0.0677687171303293,0.069599711721005,0.0715588635135327
2025-02-27,0.0609153537728282,0.0607943280761778,0.0621718022164229,0.0618286026229343,0.0627407608437595,0.0632729974294371,0.0641112899929145,0.0644323811561383,0.065891626236074,0.0666312520362076,0.0679207776700537,0.0686684140403471,0.0711404847113554,0.075776847380229,0.0649180715277654,0.0678251468856514,0.0696006200199284,0.0714426012707468
2025-02-26,0.0613882495954542,0.0612794210131531,0.0621718022164229,0.0618286026229332,0.0627393034274115,0.0632678120571494,0.0641112899929145,0.0644381781564164,0.0658907727318883,0.0666279569559479,0.067926047713937,0.0686653941828301,0.0712253153072513,0.0758715392234443,0.0651466745986383,0.0681433487816162,0.069460375445298,0.071351320199877
2025-02-25,0.0616293506028964,0.0615219237297104,0.0621718022164229,0.0621199738083901,0.0627385568067738,0.0632652203213739,0.0641112899929145,0.0644284698242949,0.0658903354897845,0.0666263100203134,0.067926047713937,0.0686627673908976,0.0712197173724051,0.0759251879338173,0.0652186978895097,0.0681034297815312,0.0694448781395161,0.0713410596890511
2025-02-24,0.0616241744553731,0.0614586034299389,0.0621718022164229,0.0621199738083845,0.0628098018346038,0.0633426487185357,0.0641112899929145,0.064428469824295,0.0658879417992251,0.06662356028054,0.067926047713937,0.0686625960406959,0.0711970868536612,0.0759166628926871,0.0651976750622072,0.0681381135572748,0.0694410950986229,0.0713372041073579
2025-02-21,0.0617527362458009,0.0615801200426177,0.0623722455273198,0.0621096193529116,0.0628142934496249,0.0633413679125322,0.0640999740922276,0.0644257464983561,0.065887243197399,0.0666171577596772,0.0679215815187796,0.0686625029144939,0.0712411474301975,0.0760479048264755,0.0652141614168594,0.0681173270213541,0.0694251447972254,0.0713258940264741
2025-02-20,0.0618807914330892,0.0615219237297087,0.0623722455273181,0.0621044438419747,0.0628138983640281,0.0633419906258807,0.0641070535951816,0.0644229343409184,0.065887012134441,0.0666231426571279,0.0679179081619354,0.0686604380952343,0.0712420116502367,0.0759929018258162,0.0652451766234145,0.0681034215464046,0.0694294507394336,0.0712335732862773
2025-02-19,0.0623732741239223,0.0616480136183941,0.062610829341489,0.0620992694750032,0.0628123790357562,0.0633406414597826,0.0641020119612264,0.0644284494805634,0.0658861235663315,0.0666222864808805,0.067919750744537,0.0686572492493889,0.0713584838563154,0.0760257318287549,0.0653141513993944,0.0680754115461774,0.0692531800947501,0.0711073729289586
2025-02-18,0.0621217800073371,0.0616480136183941,0.0626108293414972,0.0620940962515709,0.0628131388203269,0.0633406414597826,0.0641020119612263,0.064428444566429,0.0658865679208101,0.0666222864808805,0.067919750744537,0.0686615498870029,0.0713572125530797,0.0759782021501758,0.0653069003286223,0.0680670409491088,0.0692619739172135,0.0711140936347566
2025-02-17,0.0624808185903784,0.0613810163539825,0.0626776251807863,0.0620513698303098,0.0628071016173462,0.0633433691117128,0.0641006006340744,0.0644294779913449,0.0658864091506179,0.0666240174396843,0.0679187928820693,0.0686621178927274,0.0711764303753849,0.0759770621071949,0.0653098958709813,0.0680523727357275,0.0692801081799944,0.0711256142018296
2025-02-14,0.0623929722015076,0.0613861258012268,0.0626108293414972,0.0620358790016829,0.0628123182702744,0.0633434437657355,0.0640949482133785,0.0644266811997679,0.0658860880280825,0.0666184722035161,0.0679181557277526,0.0686619763040373,0.0711781681485429,0.0753937765264691,0.0654074148868756,0.0682371544082092,0.0693587067727073,0.0711720033234393
2025-02-13,0.0623929722015076,0.0613861258012268,0.0626108293414972,0.0620823822965434,0.0628123182702744,0.0633434437657355,0.0641020119612263,0.0644239482873264,0.0658860880280825,0.0666240648148836,0.0679144932319362,0.06865997279511,0.0713905722395358,0.0755460229318802,0.0654779385869889,0.0683821393659437,0.0693465880468804,0.0712975656507549
2025-02-12,0.0625899477738507,0.0613861258012268,0.062849370588561,0.0620447893715276,0.0628117106478121,0.0633434437657355,0.0640969721705301,0.0644309746407123,0.0658857326645242,0.0666240648148836,0.0679163302581381,0.0686578553954513,0.0716347685081601,0.0754486997154747,0.0655651820548332,0.0687302444483355,0.0689356152092588,0.0706556108078408
2025-02-11,0.0626830766047202,0.0613861258012268,0.0627253344515275,0.0620447893715276,0.0628113794155151,0.0633434437657355,0.0640995926317157,0.0644309746407123,0.0658855389457412,0.0666240648148836,0.0679181087547296,0.0686621605763307,0.071559388286336,0.0749818116041513,0.0655340925753781,0.0683793831474233,0.0690461815309241,0.0709089102686791
2025-02-10,0.0626777224153364,0.0615167917671559,0.062391333799324,0.0620447893715276,0.0628064914329697,0.0633419090301145,0.0641066501966094,0.0644309746407123,0.0658860313254811,0.0666230908767274,0.0679228986986858,0.0686619892336297,0.071409771855606,0.0747568205060859,0.0655743116422879,0.0685048003526694,0.0690027665951177,0.0709421720127967
2025-02-07,0.0621959871680426,0.0612018139844135,0.0623913337992802,0.0619217095851812,0.0626987571229788,0.0632302531994038,0.0639934199778904,0.0643154519106797,0.065773013838603,0.0665848377428378,0.0678960811028915,0.0686700126799993,0.0711099674458611,0.0745966370839477,0.0652094709938327,0.0681327260001242,0.0692553111849374,0.071000168436719
2025-02-06,0.0621959871680421,0.0610368891309793,0.0623245236550907,0.0619320021163679,0.0626987571229788,0.0632320149584338,0.064001878348904,0.0643125597562125,0.0657730138386028,0.0665915529679872,0.0678933604078058,0.0686678754444715,0.0711636609884234,0.0747782827679257,0.0652893446170696,0.0683120601181652,0.0692223953838351,0.0709893900205784
2025-02-05,0.0622944808674725,0.0612309169701932,0.0622481651163762,0.0619320021163679,0.0626984538490663,0.0632299423311455,0.064003489353949,0.0643183174746591,0.0657728364551356,0.0665902358611017,0.0678997229271674,0.0686648684679442,0.0709736474127329,0.0736359545790307,0.0650939114582449,0.0681701123006083,0.0694737903165061,0.0711655454564144
2025-02-04,0.0626535366151944,0.061163009350012,0.062248165116376,0.0620823822965435,0.0628495172114084,0.0633842180715452,0.064148288742543,0.0644685242092055,0.0659233953243837,0.0667428942535799,0.0680431451340033,0.0688093061727384,0.0712607785629145,0.0739661567881898,0.0653473420182286,0.0683465120044452,0.0696768589722206,0.071378458077438
2025-02-03,0.0623134427387658,0.0611579367891226,0.062248165116376,0.0620823822965435,0.0628456608480527,0.0633841364112029,0.064148288742543,0.0644685242092056,0.0659244972971901,0.0667428423668963,0.0680431451340034,0.0688091344658429,0.0713015780819875,0.073708807576072,0.0653760735859087,0.0683808245456553,0.0696877051379083,0.071384801506126
2025-01-24,0.0629784646665964,0.060939868210188,0.0622958897141253,0.0618559327779053,0.0628501505809336,0.0633866078584648,0.0641401841992898,0.0644728636348194,0.0659183390200175,0.0667387866243413,0.0680408517224367,0.068812916880418,0.0712114046932432,0.0735577268408045,0.0651687424889062,0.0682042057479906,0.0697890525760335,0.0714970847099495
2025-01-23,0.0629784646665329,0.0611145025069265,0.0624867710714685,0.0618286026229333,0.0628501505809336,0.063384737544726,0.0641432429391367,0.064471178632455,0.0659242336811573,0.066743224324954,0.0680344285557041,0.0688116655915893,0.0712550886222031,0.073487250929889,0.0651989271067155,0.0681757279263844,0.0697972973510169,0.0715987010290024
2025-01-22,0.0631753780891353,0.0606778884056947,0.0626776251807872,0.062044789371529,0.0628495304872855,0.0633894139463738,0.0641392076248507,0.0644697774700141,0.0659238706757568,0.0667461956942858,0.0680369740701442,0.0688034695279028,0.0713578611361385,0.0736108553135872,0.0653741910272389,0.0685568210753181,0.0692454528556156,0.0711723244285987
2025-01-21,0.0635691762538762,0.0612794210132638,0.0629638552718,0.062082382296544,0.0628102346992371,0.0633445856580051,0.0640945537254253,0.064429722183855,0.0658853358943874,0.066704054717617,0.0679946235022108,0.0687785327250255,0.0714123159416351,0.073410771804363,0.0656322148196686,0.0686991165447517,0.069245936227679,0.0712836719968291
2025-01-20,0.0635636700276912,0.0612743292232002,0.0629638552717666,0.0622233431801321,0.062914823620722,0.0634499298106178,0.0642103622710289,0.0645414236716921,0.0660285169697648,0.066768913323059,0.0679894353610105,0.0686888826816905,0.0714430286017134,0.0740632191984323,0.06553515765455,0.0685864081451475,0.0689450894752125,0.0710221093707407
2025-01-17,0.0635691762538597,0.0612794210131533,0.0627730420198838,0.0619968777527645,0.0627341199696876,0.0632678120571562,0.0640915316654073,0.0644291339622522,0.0658823182135654,0.0667016049654166,0.06799582974504,0.0687798080670452,0.0716039934874195,0.0740886219289533,0.0656264597049956,0.0684683084367654,0.0690819195897857,0.0711426354599095
2025-01-16,0.0635691762538597,0.061521923729713,0.0627730420198755,0.0620071950332306,0.0627341199696795,0.0632652203213738,0.0640985847030679,0.0644264464540598,0.0658882105543468,0.0667055772457303,0.0679920899096016,0.068777831556596,0.0715626293949081,0.074142449194828,0.0657187171727665,0.0685563228588825,0.0690299235658843,0.0711059609202025
2025-01-15,0.063766060997836,0.0612794210131368,0.0627730420198755,0.0617533962754292,0.0626573830605693,0.0632678120571495,0.0640985847030679,0.0644406844816443,0.0658907229246527,0.0667072263084161,0.0679973628403833,0.068780851310049,0.0718419465957033,0.0743328497972792,0.0658400543152111,0.0686404728415002,0.0691878956706271,0.0712636123618714
2025-01-14,0.0641302725784563,0.0612794210131534,0.062677625180788,0.0616499783116922,0.0626562399932326,0.0631910357386405,0.0640233857758182,0.064444131314982,0.0658900519486015,0.0667103984008783,0.0680021926088828,0.0687876594129467,0.0720751710786034,0.0744560533682753,0.0658639378903985,0.0687133637022673,0.0691245759452938,0.0711958828565979
2025-01-13,0.0639573617173135,0.060352704124277,0.0622481651163761,0.0614995330875717,0.0625139271130881,0.0630565217763096,0.0640324495601369,0.0644491462061041,0.0658956894417024,0.0667223830930166,0.0680083604803252,0.0687910822908566,0.0720865011889721,0.0744455920439472,0.0657943375619578,0.0686472655088161,0.0690090220392711,0.0710151653194461
2025-01-10,0.0641302725784473,0.0603576446400916,0.0620095165710747,0.0614243019869991,0.0624373809012819,0.0629800944960394,0.0638856307864691,0.0644487406133026,0.065892403222306,0.0667201310845591,0.068016802959077,0.0687927986421424,0.0719835274619618,0.0749516171748027,0.0659177984332907,0.068361607597909,0.0686738417556005,0.0709071969399063
2025-01-09,0.0637955928850624,0.0605517378417231,0.0620095165710744,0.0614243019869991,0.0624384274661592,0.0629780293564443,0.0638926728594593,0.0644458204162987,0.0658989368734537,0.0667244721648975,0.0680129644112167,0.068790773917967,0.0715609573854779,0.0744724478324316,0.0656588783102117,0.0684944895797183,0.0689764434798693,0.0712490550448214
2025-01-08,0.059452096160808,0.0609398682101375,0.0617230820762165,0.0614243019869991,0.0624520178198341,0.0629739002887022,0.0638987064554006,0.0644516542364677,0.0659069453110903,0.0667218310711743,0.0680223953013401,0.0687875005138348,0.0715081630770754,0.0742594982238516,0.0656428495032816,0.0684019366837844,0.068954310469472,0.0711239380778167
2025-01-07,0.0585012901913253,0.060842842621287,0.0616275902729807,0.0613960888650744,0.0624265184155109,0.0629461354272069,0.0638620951523656,0.0644137782424681,0.0658705644790484,0.0666840357791885,0.067985511163832,0.0687540726566693,0.0715643829138237,0.0743480490322283,0.0656047425637152,0.0684246973502713,0.0688737277291233,0.0711503427692271
2025-01-06,0.058496625176323,0.0608378227603443,0.0616275902729799,0.0613960888650744,0.062426614422915,0.0629464653970329,0.0638620951523652,0.0644137782424677,0.0658706210460868,0.0666842468107698,0.0679855111638313,0.06875390109959,0.0714464832648735,0.0742235924993565,0.065582395481777,0.0683975291783547,0.0689804439148182,0.0711418127126086
2025-01-03,0.05854538310285,0.0604352841625498,0.0617230820762163,0.061414175800511,0.0624262989812509,0.0629504693371287,0.0638530343855814,0.0644100478457918,0.0658645007642953,0.0666811541924002,0.0679826595387463,0.0687532274876902,0.0714690699203778,0.0740682548905414,0.0656126842712838,0.0683106422323479,0.0688814140726608,0.071237549329276
2025-01-02,0.0628110807396944,0.0604352841625107,0.0617230820762133,0.0614091143678991,0.0624129552362171,0.0629504693371286,0.0638600846500701,0.064407189606493,0.0658625731320094,0.0666868075236873,0.0679788233463423,0.068751244717377,0.0714171204869982,0.0740542028368856,0.0656788568294795,0.0681221252222047,0.0689309115698305,0.0709874465980477
2024-12-31,0.0631477587392634,0.0604361964620678,0.061914664879071,0.0613965484544782,0.0624122834377609,0.0629507843493604,0.0638563379933983,0.064414019330945,0.0658621759465682,0.0666870075291084,0.0679815818907472,0.0687532148798365,0.0714481181559332,0.0739924045531128,0.0655527325768644,0.0680845005216962,0.0690456521160898,0.0710817253639
2024-12-30,0.0631442001201098,0.0604321454444569,0.0619101094582184,0.0613970080507626,0.0624125821756919,0.0629507848026852,0.0638549442535069,0.0644142604212268,0.0658623505943006,0.0666875406143511,0.0679811370564953,0.0687533864334907,0.0714467060502739,0.0739240153947082,0.06549015839031,0.0680373371997663,0.0691522960732856,0.0710727686488726
2024-12-27,0.0629880256904685,0.0604348673270869,0.0616439096581323,0.0618394405157059,0.0623000920339991,0.0629049913361201,0.0636750094537057,0.0642908357726133,0.0657440003814364,0.066608485125468,0.0679946999914638,0.0687490146982805,0.071604172388002,0.0740389334035885,0.0657340759013443,0.0681228773748207,0.0692450016557311,0.0711744311671201
2024-12-26,0.0633148994555374,0.0604357746757842,0.0618934859316691,0.0618501812367578,0.0622994523343596,0.0629136389394359,0.0636660005083353,0.0642877078960462,0.0657495193608132,0.0666049899711654,0.067988748869375,0.0687468825972671,0.0716050277560237,0.0740420372484922,0.0657226447879965,0.068125810296374,0.0692472292092427,0.0711758917046886
2024-12-25,0.0633168219921861,0.060436682051727,0.0618941031568148,0.061850644246132,0.0622998264535643,0.0629139532012253,0.0636732503565414,0.0642937105593746,0.0657497384433566,0.0666108233596465,0.0679852390652815,0.0687437022988276,0.0717005009136272,0.0740313532669422,0.0657163049044522,0.0681212335784853,0.0692439879409674,0.0712696273097241
2024-12-24,0.063318744645593,0.0601949663766061,0.061894720394271,0.0618511072624384,0.0623002005772624,0.0629168698824448,0.0636735226203607,0.0642939512047661,0.0657499575273601,0.0666126874894282,0.0679907478124485,0.0687487220078233,0.0716992229821394,0.0740304004567819,0.065679530846803,0.0681280822526713,0.0692495259048639,0.0712741147934032
2024-12-23,0.0633150153742385,0.0604384968853549,0.0618953376440381,0.0620113727587702,0.0623004937304846,0.0628377712630364,0.0636737948865083,0.0641336627921801,0.065681427291354,0.0663864037315511,0.0678009750779887,0.0685912914831734,0.071595763548869,0.0738709645392676,0.0653971636153902,0.0678522350575192,0.0691652079030836,0.0711648701395008
2024-12-20,0.0631688540182224,0.0601985816899016,0.0616481818391279,0.0620024168975165,0.0622260382761417,0.0627561887313393,0.063532179451563,0.0639866313904106,0.0655224030111077,0.0663898293817564,0.0678125749653413,0.0685995245921697,0.0717718503896061,0.0741171173642004,0.0659002562981223,0.0678405027769235,0.0694541642017913,0.0711375728536322
2024-12-19,0.0613580796505907,0.0601994855860817,0.061420357841842,0.0620132297063811,0.061717883161288,0.0622462154131409,0.0629344318223905,0.0634597140265112,0.0651780417516126,0.0661004229992712,0.0675701123999323,0.0683199241661679,0.0712605258505382,0.0739351828631556,0.0659190230718519,0.0681807243723689,0.0688474217598254,0.0708931832460083
2024-12-18,0.0613599431651116,0.0602003895094066,0.0602265870605062,0.0620136939606611,0.0614325148475442,0.0619583646338637,0.0628214775970278,0.0634654942989169,0.0651889343312749,0.0661179951474088,0.0675902716043378,0.0683168821028262,0.0706790768288442,0.0732649630273815,0.0654110139884659,0.0680831359764524,0.0690787815866261,0.071453407018591
2024-12-17,0.0615293279830076,0.0602012934598773,0.060227187710688,0.0623243040780347,0.0614990462297028,0.0620259156154012,0.0628893922514535,0.063533159747873,0.0652649020543914,0.0661947667661789,0.0676728170012928,0.0683813406542285,0.0706763626737622,0.0732653230475331,0.0652482286853897,0.0680003089982837,0.0692387711519612,0.071298254281586
2024-12-16,0.0615257110238298,0.0602021974374955,0.0602277883727908,0.0623247706679807,0.0614993876786917,0.0620262254568165,0.0628896611727195,0.0635333975537005,0.0652651030014214,0.0661949650870873,0.0676730011710444,0.068381511285921,0.0706855526431575,0.0732992055945038,0.0653257720358691,0.0681309805401054,0.069173583365136,0.0712510642719
2024-12-13,0.0615368039804432,0.0602049095332459,0.060735683992695,0.0613006240926333,0.0615005235866554,0.062019058206458,0.0628767373500906,0.0635653766283419,0.0652599207960936,0.0661935434451992,0.0676670043731536,0.0684071575105721,0.0708086626130718,0.0733077723366949,0.0652898055559137,0.0681247150072902,0.0691664401789518,0.0713385250941205
2024-12-12,0.0617062129801615,0.0603222973465918,0.0609469925131386,0.0613112183893219,0.0615003772716017,0.0620262341100417,0.0628689711049497,0.0635620560591374,0.0652656837970258,0.0661893581265666,0.0676618609367764,0.0684048694691101,0.0709045454753952,0.0735183917015562,0.0653864919962224,0.0680859830161002,0.069242380823108,0.0716055055504931
2024-12-11,0.0619150450299519,0.0600805175003115,0.0607469328670275,0.0608412232880552,0.0612810104626185,0.0617409006763271,0.0626580144881785,0.0632824567370616,0.0648907686060069,0.0659805334177985,0.0676710538346524,0.0684270261614874,0.0702336030553659,0.0736426435915979,0.0652222247085905,0.0681260304757978,0.0682388345740388,0.0723129498097988
2024-12-10,0.0609312892196648,0.0599649184270104,0.0604225811523314,0.060135577139882,0.0610271381453951,0.0614445719898568,0.0624427588745682,0.0631212841063955,0.064794316283239,0.0659143555085004,0.0676111391898297,0.0683870336294677,0.069788922479785,0.0731805980077178,0.0651030927088902,0.0680421642522239,0.0682769672369811,0.0723222656218284
2024-12-09,0.0609276158153203,0.0596939521440502,0.0604231838052007,0.060023003981262,0.0610274801334201,0.0615245992443764,0.0624430258939593,0.0631252077241835,0.0647945176508337,0.0659132563789294,0.0676113231952584,0.0683898908715812,0.069831420564238,0.0732121481715812,0.0651081614212523,0.0680907272225155,0.0683223008006384,0.072366491633524
2024-12-06,0.0609386941280651,0.0598422957016671,0.0602238952050986,0.0600146159657654,0.0610286042275815,0.0615160242130191,0.0624447775308828,0.0631232737143208,0.0647894051211141,0.0659108201415401,0.067615490603848,0.0683910115347482,0.0696330938713178,0.073243890099256,0.0651335968191944,0.0679587094624787,0.068369899116267,0.0724023231925907
2024-12-05,0.0606940616147987,0.0598431944370542,0.0602343964467618,0.0600248015750272,0.0610297233280942,0.0615243026253385,0.0624412894326471,0.0631205254641523,0.0647958421159099,0.0659074735572603,0.067613295291965,0.0683890863894083,0.0696129300748651,0.0731803198512567,0.0650965024100181,0.0680042582084691,0.0684430508556711,0.0724688073780755
2024-12-04,0.0611888738002567,0.0591156951769824,0.0607511742941757,0.0601759516417226,0.0609618776291194,0.0615322424454188,0.0624376394706149,0.0631214728075566,0.0647976426854538,0.0659181990662117,0.0676022081562388,0.0683822410830701,0.0696108553908685,0.0731672328224056,0.0650733067874215,0.0680097026326799,0.0684474116882823,0.0723744976286235
2024-12-03,0.061190733022827,0.0596022183833019,0.0605893000252189,0.0601764021920485,0.0609622437643227,0.0615274608792396,0.0624412668470102,0.0631217090839426,0.0647978586120983,0.0659151003406116,0.0676100902091793,0.0683873327848843,0.0692829327617029,0.0729960883025668,0.0647647438054446,0.0678993597109474,0.0687210271015472,0.0718406315401613
2024-12-02,0.0611868808241179,0.0597682052807391,0.0602694757452925,0.0601768527491179,0.0609625797825824,0.0615260385665696,0.062444895735172,0.0631219453620975,0.0647980566572489,0.0659141774814753,0.0676155517875443,0.0683875034375089,0.0691341156384844,0.072633807602348,0.0645494824429585,0.0676810986732003,0.068604201092973,0.072118329930311
2024-11-29,0.0613895630436253,0.0600964064270654,0.0602812199844915,0.0601684022578758,0.0609553431191981,0.0615240168248993,0.0624334541994618,0.0631200894823767,0.0647978456597453,0.065906690250731,0.0676160065042246,0.0683886941264182,0.0691151612218514,0.0725650814529577,0.0646201677610548,0.0678287296549091,0.068553188237167,0.0720315726387738
2024-11-28,0.0613855954362226,0.0600973140632076,0.0604348153685156,0.0601786550448687,0.0609571267552679,0.0615243247498291,0.0624475574367834,0.063117271845688,0.0647994034670198,0.0659124767736357,0.0676084687953589,0.0683866685004192,0.0691160033086841,0.0725680372440049,0.0646203747300865,0.0678288726272135,0.0685532724320341,0.0720315792431015
2024-11-27,0.0620477754286998,0.0603409986088997,0.0605023495365493,0.060103754199026,0.0609645839369607,0.0615221131688132,0.0624464484604772,0.0631255848346034,0.0647945275962453,0.0659110437776302,0.0676130760442523,0.0683852210402581,0.069117171615692,0.0725689238661939,0.064514484747602,0.067700026548701,0.0686188935041776,0.072179114869483
2024-11-26,0.0619313521212064,0.060099129417809,0.0607610816340328,0.0600288465546921,0.0608890655957935,0.0614480712940636,0.0623737663686249,0.0630505839771708,0.0647249904598961,0.0658465846989118,0.0675325365512119,0.0683151020549057,0.0690410086196435,0.0724926366071982,0.0644399639751562,0.0676240350413826,0.0685428499285138,0.0721001415145482
2024-11-25,0.0616867831129034,0.0600949566783813,0.0597671417807438,0.0596712668303951,0.0608139465107799,0.0613713759197566,0.0623944668470443,0.0630624875829621,0.0647285042985774,0.0658498335734568,0.0675469181421356,0.0682430802410185,0.0689664119643332,0.0724763991691182,0.0645017117251426,0.0677213027723839,0.0681702068332955,0.0720568027469452
2024-11-22,0.0603991289411046,0.0603455556730613,0.0597689369851475,0.0596629502288573,0.0607478135318708,0.0612930419159445,0.0623952685988927,0.0630606156604589,0.064734678283434,0.0658464265324693,0.0675447799261667,0.0682442383385876,0.0689895662037903,0.0724603787318107,0.0645033100172792,0.0677084570054742,0.0681751593490228,0.0720605290428786
2024-11-21,0.0600869589347401,0.0601036682841651,0.0597695354105807,0.0596730540775277,0.0606683389670312,0.0612958583965842,0.0623955358540876,0.0630577828605363,0.0647359420233329,0.0658538447449363,0.0675422671780408,0.0682422398011783,0.0688429360374799,0.0724223433341395,0.0645204559980151,0.0677205697964333,0.0681842987678942,0.0720673463257297
2024-11-20,0.0600887456418149,0.0597160312779091,0.0601240659657032,0.0596735009060394,0.0606641359139859,0.0613001820097288,0.0623885298428527,0.0630636679183616,0.0647338004055517,0.0658566499491721,0.0675427846347188,0.0682390170596068,0.0688113932157639,0.0724144163978941,0.0644648709791242,0.0677221500861193,0.0682005139289576,0.0720803519354565
2024-11-19,0.0609090327474727,0.0603482902419942,0.0614439268668683,0.0599848891263564,0.0608765207830994,0.0614477078897731,0.0624293321354985,0.0630537708916913,0.0647305106054565,0.0658463382600435,0.0675211327917538,0.0683174136910948,0.0688738611076469,0.0724780083964208,0.0644323990669086,0.0676683693255405,0.0683411010315544,0.072258762800956
2024-11-18,0.0620643815300299,0.0601012760014318,0.0604408664745382,0.0601454837087961,0.0607924662192781,0.0614503587354175,0.062450232262766,0.0631264824632116,0.0648100079215785,0.06591748082748,0.0676156903816415,0.068390788101953,0.068967497415811,0.0725621647610154,0.0645020228342989,0.0677550464646362,0.0684099437172965,0.072332016083131
2024-11-15,0.0617323569331133,0.0605947283956012,0.0597731262149138,0.059826208170561,0.0607141193854932,0.0613695527000802,0.0623903342922546,0.0630571643477477,0.064737089384232,0.065843051341936,0.0675473357446097,0.068322412935628,0.0688873817069311,0.0724767969800706,0.0644338996012002,0.0676836301980904,0.0683371838448533,0.0722543887827392
2024-11-14,0.0555100901498256,0.0608869596104385,0.059773724724167,0.0592048568186651,0.060281568843287,0.0610689636577423,0.0622427323075584,0.0629970401774237,0.0646852381376138,0.0657796772123762,0.067480378929218,0.0682583682669512,0.0688210920056923,0.0723299555602751,0.0643624564405219,0.0678571638638977,0.068198842206565,0.0721274616269687
2024-11-13,0.0554327353089813,0.0602080666935632,0.0592958542237386,0.0590449977957593,0.0601799549073416,0.0609320987943516,0.0621077722257455,0.0628624090740824,0.0645355038701553,0.0656315771851115,0.0673390589309873,0.0681144047760327,0.0686068078052044,0.0718527383301785,0.0642487761250499,0.0676716992813561,0.0681126545347704,0.0720205041515788
2024-11-12,0.0545256774019425,0.0588486428863906,0.0578599987893186,0.0585738099266451,0.0600781928393089,0.0609079248582614,0.0620987412893808,0.0628390920807268,0.0645078039204814,0.065612670794937,0.0673313811785016,0.0680921437133728,0.0684691487084877,0.0716472449228859,0.064113385048622,0.0675878651052668,0.0681436190718811,0.0720330472325448
2024-11-11,0.054408753378049,0.0587474010930265,0.0578605781597396,0.0585742485535995,0.0600789228032765,0.0609097739899298,0.0620990072858654,0.0628393273194769,0.0645082412941163,0.0656138730539511,0.0673315646192631,0.068092313638292,0.0684152277428267,0.0716076297404483,0.0641221304266711,0.0675945560680724,0.0681480521951761,0.071985871921982
2024-11-08,0.0544036889362706,0.05875499148684,0.0564626334750561,0.0593205073677192,0.0600758273086682,0.0609101428140569,0.0621215329564539,0.0628150047729823,0.0645095661711554,0.0656085187620894,0.0673507929708421,0.0680771220722482,0.0683127575198413,0.0714483208811035,0.0639207916308857,0.0672024192479826,0.0680815117235659,0.0718928440003863
2024-11-07,0.0545634266620744,0.0589502926772409,0.0564631988759918,0.0593305327205203,0.0600327022434852,0.0609469073278154,0.0621674470116255,0.0629267089565907,0.0646163410600829,0.0657205824931742,0.0675353639802491,0.0682598710404974,0.0685271587489546,0.0716868620608466,0.0642416991565262,0.0676332843598983,0.0682105922555245,0.0720557378334504
2024-11-06,0.0545650498006587,0.0587567668302901,0.0564637642882495,0.0593309770308285,0.060042082490534,0.0609492105754787,0.0621677133081106,0.0629325970024637,0.0646127422539568,0.0657220820331509,0.0675410435353712,0.0682565343029873,0.0685481899687475,0.0717074284656641,0.064154710797427,0.0673569156648904,0.068569547378922,0.072369122262068
2024-11-05,0.0548037945710038,0.0587576545422488,0.0567808340200806,0.0593314213477916,0.0599653511071989,0.0608725986111437,0.0620840672552121,0.0628551018241293,0.064552369984671,0.0656460291663808,0.0674600054653447,0.0681947017576139,0.0684282350326371,0.071600180294456,0.0640981744819452,0.0672965472169776,0.068645481993654,0.0722320388857368
2024-11-04,0.0548054249569899,0.0575187605541375,0.0572991624808113,0.0590961310034534,0.0599657097430614,0.0608859428039436,0.0620737379157961,0.0628629950354167,0.0645525845912427,0.0656547259182483,0.0674527952881772,0.0682004605571927,0.0684618662487338,0.07161107912906,0.0639894834041775,0.0672494640655664,0.0685454347452496,0.0723301824456799
2024-11-01,0.0539998544611179,0.0558050078197418,0.05598687759381,0.0579087712058604,0.0597835981119453,0.0608256986038685,0.0619492972620161,0.0627549492063472,0.0644051618189129,0.0655966392269239,0.0673970738273565,0.0681568252061743,0.0683650345115221,0.071483373143721,0.0638898453034165,0.0669642488868846,0.0685616177088938,0.0723193417747746
2024-10-31,0.0539964319770532,0.0558013358391077,0.0559874382699608,0.0579183587080128,0.0597795507824843,0.060822257487167,0.0619564809632326,0.0627506960299775,0.0644033835607643,0.0656032681074358,0.0673931063285953,0.0681538295766985,0.0683652795657011,0.0714743454555333,0.0638912348176947,0.0669652252884582,0.0685623543016379,0.0723198266485655
2024-10-30,0.0541411502714848,0.0557976587546248,0.0559879989573402,0.05815481403242,0.0597884667792821,0.0608224303243041,0.0619567463639964,0.0627489992764267,0.0643986494222574,0.0656039250489266,0.0673987809219624,0.0681448476557408,0.0683829362508356,0.0715038057932289,0.0638368644672363,0.0668598281415171,0.0686009640730178,0.0723498452219829
2024-10-29,0.0541376864891059,0.0556652567394321,0.0559885596559495,0.058155249564191,0.0597888931553922,0.0608390980698637,0.0619570117670325,0.0627492341893458,0.0644047211117705,0.0656019706061557,0.0673989645528547,0.0681499998439885,0.0683819582473839,0.0714572862997074,0.0638650320259435,0.0668439155636385,0.0686039558287652,0.0723529424033774
2024-10-28,0.0542132027298938,0.0556660932197652,0.0559891203657897,0.0581556851024764,0.0597890641844761,0.0608394020571227,0.0619572771723425,0.0627494691040237,0.0644048226449017,0.065602167179914,0.0673991481847477,0.0681501699192305,0.0683701341461437,0.0713787232117773,0.063946043301829,0.0669188492774334,0.0685712790931799,0.0724259613973595
2024-10-25,0.0563042982630354,0.0548700549762978,0.055827649197755,0.0577890708727112,0.0596638369135,0.0606826866736237,0.0617995975626385,0.0626050149672448,0.0642587381308578,0.0654545800179115,0.0673374235639875,0.0680875193304006,0.0682723917152774,0.071447218506662,0.0637914970871354,0.0668519921859561,0.0685014792942526,0.0722513871352248
2024-10-24,0.0550309094350048,0.0548708795567188,0.0555114388650711,0.0576853072797062,0.0596259960220021,0.0606564244948125,0.0617744763695117,0.0626044091794245,0.0642610784160544,0.0654516910393648,0.067339675998896,0.0680872223570896,0.0682847772553288,0.0714382577615842,0.0638047216815385,0.0668504070627657,0.0685002164633703,0.0722998852859899
2024-10-23,0.0550325471622655,0.0548717041619239,0.0555119948245237,0.0576857393146616,0.0596352647697241,0.0606567275769007,0.0617747409985623,0.0626103557270086,0.0642565430507786,0.0654575117207184,0.067345366098067,0.0680837889318623,0.0682321011441488,0.0713753160935722,0.0638166142260932,0.0668585972847113,0.0685069655571043,0.0723059844826904
2024-10-22,0.055034184986948,0.0548725287919138,0.055512550795107,0.0576861713560889,0.0596356214591677,0.0606570306620178,0.0617750056298805,0.0626105901270314,0.0642625481685856,0.0654577078651376,0.0673455495869277,0.0680889571249881,0.0682311385046166,0.0712487404779666,0.0637366134731371,0.066847870495131,0.0685441716317122,0.0723348261929668
2024-10-21,0.0547096486235285,0.0548733534466898,0.0551866499789301,0.0568551119708809,0.0596083476466748,0.0605899640430427,0.0616366460450842,0.0625599130536757,0.0641857677782738,0.0653911348617288,0.0671964718601704,0.0679610162013324,0.0680441847245864,0.0708449504365286,0.0633677932359431,0.0663811579358243,0.0685978486216719,0.0723306157024037
2024-10-18,0.0540416439161519,0.054583565787338,0.0545543514024146,0.0566112524508531,0.0594543260039129,0.0604319878617459,0.0614981224750603,0.0624211160002477,0.0640471282126977,0.0652394524876617,0.0670607189788853,0.0678142433801239,0.0678870344815182,0.070683043599757,0.0632603413146731,0.0662124565642167,0.0682896278203855,0.0722503188411423
2024-10-17,0.0534802639606898,0.0545843861487331,0.0545548978092512,0.0566961018052969,0.0594519348615227,0.0604401846728707,0.0615052762054621,0.0624143399076852,0.0640466588226413,0.0652356616190384,0.0670568187521361,0.0678094630069275,0.0678441108798017,0.0706320605630568,0.0631400300876821,0.0662057514000654,0.0683297019445125,0.0722806107026379
2024-10-16,0.053976276082082,0.0547800583003175,0.0545554442270337,0.0566965264538464,0.0596410723644166,0.06051548346179,0.0615733533285455,0.062498168231307,0.0641125745848799,0.0653164579477764,0.0671396768453145,0.0678830789274997,0.0679518169986477,0.0707048246041281,0.0631883933888008,0.0662846598296625,0.0684095979129596,0.0723151833251657
2024-10-15,0.0544722562648639,0.054293709443442,0.0552379827183514,0.0570183571351643,0.059716275363832,0.0605978143848497,0.0616372545288156,0.0624880148938182,0.0641836405075881,0.0653962506713719,0.067196886882373,0.0679614373238474,0.0680036960013138,0.0707694529478331,0.0633101637042809,0.0663502056030654,0.0684789196055743,0.0723913138583883
2024-10-14,0.0549682045214593,0.0545381300203,0.0553537690748164,0.0570187842037595,0.059791471357673,0.0606629788282047,0.0617126551515215,0.062556353739949,0.0642587701182997,0.0654615776651566,0.0672721745813273,0.0680290909957045,0.0680796265895509,0.0708239502912196,0.0633516542647959,0.0664219569600357,0.0685497717098871,0.0724631205025113
2024-10-11,0.0537264256522414,0.0549497968248614,0.0553554324157679,0.0570111409455722,0.0597920073910409,0.060651707176323,0.0617065421384939,0.0625556055089941,0.0642630892580607,0.0654576814898223,0.0672713087180488,0.0680312208183692,0.0681348871420613,0.0708053010668384,0.063351301328791,0.0664216024699065,0.0685494162271715,0.0724628232791547
2024-10-10,0.0546286870393642,0.0565477067314876,0.0553559868849662,0.0580596677214651,0.0597939775976293,0.0606819575640063,0.0617524519995742,0.0624888587290474,0.0642967053375677,0.0655210655663581,0.0673057705686284,0.0680050721340939,0.068142242240576,0.0708063482983076,0.0633423128424381,0.0664703805479571,0.0685272640098951,0.0724459863189185
2024-10-09,0.0550258238870046,0.0566166976985761,0.0555965904473478,0.0581356374667152,0.0598599310709908,0.0607585278568313,0.0618156174061085,0.0625603795927669,0.0643694529455734,0.0656027152438798,0.06738520797934,0.0680775014915647,0.0681229526007835,0.0708808369290296,0.063423514997487,0.0664956042470496,0.0686254066762194,0.0725441323469461
2024-10-08,0.0550274621942034,0.0566954224810324,0.0555971473432646,0.0581360729233459,0.0598602891341878,0.0607580260847026,0.0618158822284155,0.0625606138179657,0.0643754766088996,0.0656023856886846,0.0673853915837551,0.0680826583632291,0.0681430832573484,0.0708778643584456,0.0634328967318097,0.0664636471664635,0.0686308940388729,0.0725491981745619
2024-10-07,0.0550291005989612,0.0567693775165586,0.056029692763203,0.0582025977027813,0.0598606472016683,0.0608347385951413,0.0618848045450638,0.0626364975584935,0.0644445159283796,0.0656685762423934,0.0674862025776432,0.0682694095594427,0.0683038273717887,0.0710973789235605,0.0636063130676456,0.0666553386370481,0.0688070838762256,0.0727348941880898
2024-10-04,0.055220377155505,0.0570005819520682,0.0563193000707438,0.05834559909303,0.0599331202619873,0.0608251455086162,0.0619502567897363,0.0627089457184194,0.0645215292602322,0.0657452006164318,0.0675580053001708,0.0683452000063537,0.0685174395592408,0.0711670072756994,0.0637296364461577,0.0667937779548047,0.0688422706122285,0.07278427736235
2024-10-03,0.0558266993571061,0.0570014388202005,0.0563198642340985,0.0584969791690326,0.0602227511301115,0.0611219846830481,0.062180112506231,0.0629236039858693,0.0646549931872094,0.0658884827696469,0.0676943838567284,0.0684795708003999,0.0686773521117911,0.0712610594511785,0.0638117225633684,0.0668945390318775,0.0686681777458539,0.0729637346044129
2024-10-02,0.0558283618060913,0.0570022957140957,0.056320428408763,0.0585729233998872,0.0602185498820887,0.061122290123452,0.0621803788969073,0.0629271249815406,0.0646530105811136,0.065894358607914,0.0677001200188511,0.0684743983480686,0.0685815474768427,0.0712363422931121,0.0638098973331001,0.0668901594241373,0.0686802258268855,0.0729740142750519
2024-10-01,0.0558043701123819,0.0570810198563632,0.0569254486181021,0.0585733621549503,0.0602144708601794,0.0611217853914196,0.0621682577862089,0.0629273605860043,0.0646599374436014,0.0658940276545908,0.0676916400270425,0.0684796116194284,0.0685489736167808,0.0712847495266463,0.0637934702539318,0.0668893455251792,0.068679955689368,0.0729747207633519
2024-09-30,0.0559825977197789,0.057150010339834,0.0569260188705309,0.0587153615231573,0.0604503375377239,0.0612756542764859,0.0623137086107782,0.0632243473906463,0.064951565686464,0.066184849232175,0.0679959617786705,0.0687750519268321,0.0688408404399503,0.0716131472234911,0.0640862362060862,0.0671615828568933,0.0689750782641583,0.073286099874376
2024-09-27,0.0559825977197789,0.0571574701491242,0.0569277296963672,0.0588581275214751,0.0605852860451617,0.0614206536889452,0.062530069615178,0.0634424346001479,0.0651717325997549,0.0663324486632754,0.0680652765967866,0.0691569049270809,0.0692909783416102,0.0719651861129797,0.0644459384374258,0.0675284452819526,0.0693473874380391,0.0736809446219419
2024-09-26,0.0559825977197789,0.0571583342206922,0.0569282999944976,0.0588681013121384,0.0605948996266098,0.0614209611935073,0.0625373885322748,0.0634380873392643,0.0651672021870023,0.0663384217303047,0.0680612829347233,0.0691538587894457,0.06924928794591,0.0719609737558116,0.0644030302590198,0.0675142770279714,0.069366703645243,0.0738229364126095
2024-09-25,0.0558738195468236,0.0571591983183855,0.0566410508534154,0.0588685422981248,0.0605955988874126,0.0614212687011483,0.0625435908268627,0.0634441721439075,0.0651735833427403,0.0663386207487541,0.0680712217854763,0.069150249348657,0.0692598767342458,0.0719712949573293,0.0644363827403764,0.0675047560707775,0.0693596070357169,0.0738185733287979
2024-09-24,0.0558738195468236,0.0571600624422056,0.0566416182909874,0.0588689832907184,0.0605959621769134,0.0614215762118684,0.0625438587839287,0.0634444096904651,0.0651738003081328,0.0663388197683977,0.06807140726615,0.0691555839961339,0.0693638964819623,0.0720273282351555,0.0645023390401777,0.0676269168774775,0.0692883393972645,0.0739686919713586
2024-09-23,0.0558738195468236,0.0571560250450355,0.0566421857399272,0.0590109509436865,0.0607489659869133,0.0615759530087096,0.062698999110061,0.063663568381462,0.0652469395131425,0.0665611222882257,0.0682951290387691,0.0693738900322558,0.0696743106270799,0.0719828864692557,0.0645257836317579,0.0676584073982094,0.0694099855536889,0.0740888811861286
2024-09-20,0.056022152689623,0.0572024631345217,0.0563271993864811,0.0589649547414098,0.0604827773410663,0.0613454621214186,0.0624766177567983,0.0634411897436698,0.065029490307265,0.0663367311236011,0.0680783402898395,0.0691560057848487,0.0695959416291585,0.0718852406240523,0.064301084423029,0.067463565670986,0.0691617476940125,0.0738326810049931
2024-09-19,0.0562990265867492,0.0572033279777854,0.0563277637081129,0.058974979632602,0.060491515067954,0.0613457692602951,0.0624839628372426,0.0634363503786071,0.0650246359596494,0.0663427137335187,0.0680743115543228,0.0691526225389466,0.0696067249648554,0.0720695224504295,0.0644903321576261,0.0675662176607913,0.0696338550482326,0.0735500487415813
2024-09-18,0.0562990265867488,0.0575838683538304,0.0563283280410527,0.0592678684307452,0.0607113115135178,0.0615729493822947,0.0627068903512175,0.0636563763103973,0.0652486625804544,0.0665591496368771,0.0683006422798073,0.069363420216864,0.0697582837919028,0.0723380882610381,0.0647584274760772,0.0678641522493348,0.069671552017037,0.0736224447992012
2024-09-17,0.0565857687454655,0.057652879351833,0.0563288923853001,0.0592683124380302,0.0607107882011583,0.0615725500555978,0.0627071590159692,0.0636566146577329,0.0652483461296823,0.0665588867643234,0.0683008283891565,0.0693687788558496,0.0697253351069564,0.0723177037055348,0.0646675631853171,0.0678599744060751,0.0696643165951557,0.0736121670688343
2024-09-16,0.0564374563881171,0.0577265962652316,0.056329456740856,0.0593442139026585,0.0608547019769363,0.0615722490786845,0.0627074276830229,0.0636543697048744,0.0652434834245819,0.0665586881832557,0.0683010144995199,0.0693671303690765,0.0696807269002833,0.0724250399727837,0.0647275155217895,0.0678368129489231,0.0696104607432457,0.0736651886005019
2024-09-13,0.0571493058305746,0.057812116467075,0.0563311498753767,0.0593358298922472,0.0608442507325923,0.0615721659568363,0.0627010888275454,0.0636545726601463,0.0652414214166469,0.0665528126485638,0.0683001416146456,0.0693700726447886,0.0697260836004031,0.0725221814576207,0.064737399932769,0.0677246940668002,0.069629251487292,0.0736794216120214
2024-09-12,0.057287706370342,0.057958997721578,0.0566484284287479,0.0595629072714602,0.0611110448431209,0.0617921115135023,0.0629633029914304,0.0639046458014001,0.0654531564820469,0.0668167057985257,0.0685502895325306,0.0696212373936848,0.0699484721209831,0.0727713417660203,0.0650242220412472,0.0679722509967544,0.0698821384219841,0.0739479622501131
2024-09-11,0.0575249533589482,0.0583005214596084,0.05697523247061,0.0597802231162851,0.0612918604794017,0.0620099897233753,0.0631793954221781,0.064127125968003,0.0656781339165852,0.0670337093493108,0.0687718845139687,0.0698337175144329,0.0701642646817705,0.0729879464515607,0.0652350697019392,0.0682568470594765,0.0700791499726811,0.0741639378081934
2024-09-10,0.0575249533589482,0.0583889900974065,0.0572923717515609,0.0595920899705632,0.0612922279740534,0.0621535782511187,0.0633182214924585,0.0642793898241568,0.0658257602175869,0.0671762006307902,0.0689112007912799,0.0699881571065498,0.0703611765870405,0.0730914472049616,0.0653979572314907,0.0683651834481247,0.0702277309683996,0.0743202798056612
2024-09-09,0.0576534563014345,0.0583847027607534,0.057292945800409,0.0595925364335454,0.0612921939650941,0.0621540279507007,0.063318492785726,0.0642796305114319,0.0658257380507739,0.0671764926990343,0.0689113885683915,0.0699883317904342,0.0702648979425149,0.0730910309527223,0.0654053797945776,0.0683569096452849,0.0702357556372249,0.0743245950096823
2024-09-06,0.057653456301434,0.0583925219209702,0.057611174263134,0.0597348855577536,0.061436333063449,0.0623759064160083,0.0636730155570677,0.0644976447413166,0.0659765876418313,0.0673206557070192,0.069119795145847,0.0703701832187856,0.0707573313462282,0.073701966053836,0.0658586843350287,0.0688352046755244,0.0708097013227039,0.0744831088255182
2024-09-05,0.058266260011374,0.058393404943622,0.0576117515294098,0.0597451956582873,0.0614443100490315,0.0623762187359121,0.0636806337138635,0.0644930175343684,0.0659708258551533,0.0673268027965301,0.0691155018092789,0.0703668817303035,0.0707894424970149,0.0737010970945023,0.06588038158196,0.068842337941474,0.0707998218186602,0.0744756363081673
2024-09-04,0.0577720707581964,0.0583942879929806,0.0579383544304948,0.0597456432850801,0.0614462264385496,0.0623765310589429,0.0636740597240954,0.0644993211782049,0.0659780788595155,0.0673270047928962,0.0691166912374691,0.0703632361395919,0.0707157927940642,0.0737211225679742,0.0658484176486939,0.0688388168677781,0.072221299759595,0.0737422177258072
2024-08-30,0.0577584615501303,0.0577413561036459,0.0579412573281858,0.0597281287968698,0.0614449461539343,0.0623763813409712,0.0636680937814425,0.064491497550834,0.0659817108790945,0.0673313006974761,0.0691163780683625,0.0703740865183533,0.0706857787164931,0.0737465529843757,0.0658603558259297,0.0688502994577194,0.0722139547151046,0.0737361405006184
2024-08-29,0.0578960082973304,0.057737116446972,0.0579418379426309,0.0599651811006876,0.0616593587662574,0.062530311463996,0.0638304817878758,0.0646337372638802,0.0661185277527498,0.0674744943991192,0.0692652912311317,0.0705083552899983,0.0708248398211875,0.0738889775666262,0.0659731749746613,0.0689954352547541,0.0723624195478248,0.07388590361006
2024-08-28,0.0582616448943395,0.0580540012736463,0.0582588014750146,0.0600410467058282,0.0617444229306329,0.0625942619563035,0.0639014784309436,0.0647147383539027,0.0661889560054815,0.0675495468471482,0.0692630996473331,0.070497902415875,0.0708209394134643,0.0738975361274061,0.0660055670245487,0.068984887928873,0.0723543457206891,0.0738815298919955
2024-08-27,0.0583901038293662,0.0580548649539841,0.0584223428727939,0.0600414965761794,0.0617443799473479,0.0626030035277845,0.0638983184569389,0.0647149806830971,0.0661950645738986,0.0675456453690443,0.0692608978296203,0.0705034452355355,0.0708721612635199,0.073844390200923,0.0660183532904815,0.0689826714242629,0.0723530697161308,0.0738814901935013
2024-08-26,0.0583901038293658,0.0580557286600205,0.058739204318025,0.060183338833332,0.0618114861246091,0.0626802288204713,0.0639596271908598,0.0647882162768214,0.0662713641430605,0.067548598302133,0.0692533566652168,0.0704963496601247,0.070919123046417,0.0738355136346185,0.0659648725354699,0.0689896682110379,0.0723576333779021,0.0738830531590419
2024-08-23,0.0586277822576687,0.058928598876446,0.0590571810504145,0.060250031808087,0.0618070337402151,0.0627101942157037,0.0640237736444715,0.0648622703982841,0.0663412067881864,0.0676109311544067,0.0693146485521453,0.0705734999767249,0.0708913037035594,0.0739324659458908,0.0661169021881603,0.0690395486576322,0.0724303406103189,0.0739583469491183
2024-08-22,0.0587556950196268,0.0590019389418463,0.0590577728887502,0.0602605460104167,0.0618021520679252,0.0627055241298166,0.0640314169039296,0.0648643843084922,0.066338865350718,0.0676112263812648,0.0693102974153234,0.0705695247297163,0.0708913600768906,0.0739463932491348,0.0660321992848833,0.069071293046846,0.0724401664404729,0.0739650426756572
2024-08-21,0.0588643778138644,0.0591593844301774,0.059058364738957,0.0603269713240136,0.061888078015618,0.062738301106345,0.0640316912752929,0.0648624136360991,0.0663312730941028,0.0676062027338295,0.0693162505581046,0.0705653960661544,0.0707963413061985,0.0738191496818793,0.0660324888547211,0.0689677467545577,0.0726456722863631,0.0739333223154545
2024-08-20,0.0589730576390538,0.0591602646471649,0.0590589566010264,0.0603274233604215,0.0618880986058277,0.0627343873933752,0.0640319656490075,0.0648626565246413,0.0663374464494016,0.0676039552931111,0.0693164394492508,0.0705709354439184,0.0707948098692302,0.073852482587649,0.0660148418096213,0.0689383314060028,0.072654363059919,0.07394024971397
2024-08-19,0.0589730576390542,0.0591611448903563,0.0590595484749588,0.0603278754036073,0.0618884689116347,0.0627304697177345,0.0640322400250735,0.0648628994150025,0.0663376670469947,0.0676106580022619,0.0693166283414264,0.0705711115916226,0.0707934112350146,0.0739908958416955,0.0660799093981843,0.0689630275444231,0.07260884586378,0.0739068706902242
2024-08-16,0.0587463109538484,0.0590805899095179,0.0590613241679377,0.0603945011448883,0.0618092391178804,0.0626812162836594,0.0640256880510782,0.0648593336535473,0.0663424640384821,0.0676151717571949,0.0693161131197931,0.0705713311436984,0.0708372024724964,0.0739489386486059,0.0660471446649317,0.0689451492764221,0.0726263607513998,0.0739189126974501
2024-08-15,0.0588841380029119,0.0591538763238332,0.0590619160893256,0.0604804713048312,0.0618805637872153,0.0627149372080898,0.0640333375528518,0.0648527032173356,0.0663371432709573,0.0676136838261711,0.0693116169256784,0.0705665864406199,0.070836790031578,0.0739165105822235,0.0660868684909555,0.0689399356909283,0.0726220454080855,0.0739156977799278
2024-08-14,0.0587556950196264,0.0591655464992553,0.0590625080225783,0.0604809245118097,0.0618910199780163,0.062710822851098,0.0640336119406751,0.0648590553111012,0.0663330228840819,0.0676111668903116,0.0693175728177471,0.0705629286044133,0.0708686304875583,0.0739015583006431,0.0660387612429299,0.0689082582046616,0.0726450098027337,0.0739330285244154
2024-08-13,0.0592496837977024,0.0592053349692943,0.0590630999676962,0.0605473411741476,0.0619660655346585,0.0628161035397011,0.064111249125536,0.0649250865328843,0.0664141650002211,0.0676800192967237,0.0693943643344393,0.0706342126645552,0.0710065481132793,0.0739808730056136,0.0661291479740256,0.0689728384739844,0.0726963368096136,0.0739911641164666
2024-08-12,0.059496655186299,0.0589824808445227,0.0585078164870232,0.0605477948890115,0.0620323684343825,0.0629726467540775,0.0641909800268879,0.0650030457551415,0.0664113625384972,0.0676813324631897,0.0693996243679195,0.070630582268676,0.0709817496633873,0.0740854864966993,0.0661990322406656,0.0691543939412744,0.0726020921272212,0.0739238405380441
2024-08-09,0.0587463109538382,0.0589797174774853,0.0585095757150202,0.0605389654954686,0.0620310538896228,0.0629736745893955,0.0641843462834208,0.0650024984298052,0.0664142973554894,0.0676819963151801,0.0693988552098861,0.0706330143306778,0.0711113068236115,0.074103886349274,0.066247288157036,0.069132976459409,0.0725845013427051,0.0739114325652179
2024-08-08,0.0588841380029118,0.058975197609755,0.0585101621478441,0.0605496098164684,0.0620260991875656,0.0629697769635126,0.0641920803085055,0.0649978732556541,0.0664119126794269,0.0676828477312207,0.0693945872759703,0.070629749040984,0.0710273698872766,0.0741392931557697,0.0662621011081815,0.0691323212102967,0.0725839388953206,0.0739108391289363
2024-08-07,0.0591311320850122,0.0592495321780743,0.0589899892911818,0.0607008276206908,0.0621497921009417,0.0630685212821547,0.0642595775340208,0.0650769058270063,0.0665107051028219,0.067793337006305,0.0695402526381503,0.0707801495750064,0.0711798419813675,0.0742687765662332,0.0664127031078324,0.0692705559253748,0.0727455488193676,0.0740738914273183
2024-08-06,0.0592496837977003,0.059396324742051,0.0594696545837551,0.0608426042495206,0.0623689993980639,0.0632295607493776,0.0644334114329648,0.0652180924940753,0.0665871187834981,0.0678513223751426,0.0696050975783391,0.070845775613661,0.0711982675188988,0.0744854376433462,0.0665407702404913,0.0695550304343606,0.0727023305020789,0.0741666827121343
2024-08-05,0.0597436112437938,0.0593972086817001,0.0594702506572308,0.0608430602008718,0.0623677706077103,0.0632298756611527,0.0644336875457843,0.0652183367282373,0.0665863824313722,0.0678575223683133,0.0696052872643652,0.0708459524535561,0.0713340288575036,0.0747582349697815,0.066838980230425,0.0695694517181983,0.0726409100059703,0.0740340319430285
2024-08-02,0.0596154111586534,0.0594721660805058,0.0594567581918843,0.0609094645923999,0.0624406077929899,0.0632972817874749,0.0645046813125315,0.0652925626232905,0.0666638073496248,0.0679341759106612,0.0696813123074699,0.0709232210711703,0.0714117910789036,0.0749931968738946,0.0671079296726747,0.0697636568332094,0.0726063260185513,0.0740344071104089
2024-08-01,0.0597436112437936,0.0594675366227612,0.0603327675259689,0.060920250338584,0.062435645159214,0.0632933036966148,0.0644834895532801,0.0652882800946905,0.0666614618903555,0.0679349670517854,0.0696670224464865,0.070920252732972,0.0713702562857617,0.075012620760352,0.0671452312687123,0.0697564920735288,0.0726005370502566,0.0740301949825711
2024-07-31,0.0596250742493933,0.0594629064947386,0.0603281300572475,0.0609207068889178,0.0624462641431934,0.0632893768903646,0.064480341761878,0.0652947210780744,0.0666571947202502,0.0679327512177969,0.0696740025983788,0.0709165515483859,0.0713915604239346,0.0749641587143267,0.0671498487550378,0.0697594860638905,0.0726034177111144,0.0740333960893906
2024-07-30,0.0596250742493924,0.0594582757231031,0.0603234917007404,0.0607421566214094,0.0624466378334883,0.0632310777007096,0.0643342353164903,0.0650775869658376,0.0666636267315401,0.0679316834210165,0.0694498600527416,0.0705537487844661,0.0710057980936879,0.0746021180334141,0.0668461962983277,0.0693914495900361,0.0722293715060407,0.0736568378775754
2024-07-29,0.0594768980394132,0.0594925216514161,0.0603502905680815,0.0608085659447271,0.0625142032546879,0.0632599433975301,0.0643767360345165,0.0651144659468135,0.06676965898133,0.0680457012525641,0.0695549670656317,0.0706614800440724,0.0711522573786908,0.074634113157695,0.0668941559225509,0.0694989721530821,0.0723534586311947,0.0737755863781282
2024-07-26,0.0593191487915817,0.0594786056579707,0.0603520988164881,0.0607996232184902,0.0625871265492207,0.0632612044940025,0.0643701663784886,0.0651127898812721,0.0667686579864998,0.0680465176441721,0.069556980919208,0.0706630545906965,0.0712074591897865,0.0746950842265478,0.0669310873266296,0.0695084408930575,0.0723292073133554,0.0737585675786433
2024-07-25,0.0594768980394144,0.0594739659261581,0.0603527015900371,0.0608103888800776,0.0625820162905022,0.0632571292103739,0.0643667351627229,0.0651092782754407,0.0667663354942528,0.0680471611175413,0.0695550116386233,0.0706606203185716,0.0711661617505089,0.0747492373180614,0.0669282262165853,0.0695623855204359,0.0723987863848457,0.0738222130454186
2024-07-24,0.0595460476242193,0.0595245615433833,0.0603533043756267,0.0608108446309929,0.0625920876219376,0.0632525949912151,0.0643781132950036,0.0651156852320694,0.0667614810713083,0.0680444517487851,0.069550145617858,0.0706570056128794,0.0711558156073989,0.0747044703331168,0.0668873198900092,0.0695498279386029,0.0724209832652509,0.0738388653984524
2024-07-23,0.0593978684706938,0.0592238415936126,0.0600283784369651,0.060707651618761,0.0625167048890963,0.0631975506334911,0.0643176584355773,0.0650417035997015,0.0667023666679377,0.0679761831377501,0.0694838974763179,0.070598201744213,0.0711634641057554,0.0746987485628152,0.0669392961571105,0.0695836976671214,0.07231114266028,0.0737477602310964
2024-07-22,0.0595460476242196,0.0592247231500197,0.059971522928546,0.0606327183777858,0.0625165972258059,0.0631978654077887,0.0643191584397075,0.0650444830395373,0.0667023006417739,0.0679824276161169,0.0694849366421664,0.0706002303599031,0.0711526154992532,0.0746320820931337,0.0668894256229043,0.0694926986249935,0.0723641282589514,0.0737831818202739
2024-07-19,0.0595364100648852,0.0592218312207154,0.0600203470735614,0.0606238127493346,0.0625127752571653,0.063198832449061,0.064315654759268,0.0650429258803935,0.0667039564399668,0.0679830523788853,0.0694858002977507,0.0706018792447303,0.0711656545034329,0.0746172279213552,0.0668324108877341,0.0694940335383789,0.0723810359017756,0.0737948216913172
2024-07-18,0.0596843431880874,0.059294993177775,0.0600313763483086,0.0606345361368933,0.0625077378632696,0.0631939998625956,0.0643116287124289,0.06503929349014,0.0667017157396747,0.0679832052368501,0.0694834276986475,0.0705993444977608,0.0711137462070868,0.0746148740325267,0.0668854210812384,0.0694728571754428,0.0723798682299043,0.0737938259654051
2024-07-17,0.0596843431880874,0.0593750884457833,0.0603575242119307,0.060710381647613,0.0625942595420313,0.0632564930381265,0.06438004155869,0.06512088297003,0.0667627632454807,0.0680469881408106,0.0695514684819326,0.070660782553013,0.0712319287086142,0.0746976497183621,0.066895142623557,0.0695442230575411,0.0724522570460687,0.0738669633776265
2024-07-16,0.0598226339445781,0.0594538129085575,0.0606740276085352,0.0607862226189897,0.0625941839537945,0.0632645814113799,0.0643735782574177,0.0651185881116328,0.0667689495540484,0.0680426471007374,0.0695527519700854,0.070664468281245,0.0712293398538001,0.0747302822287689,0.066948397767079,0.069553956283169,0.0724287162530244,0.0738513528168705
2024-07-15,0.059970797277911,0.0595325366684896,0.0609904625580156,0.0608526367580914,0.0626703130511569,0.0633409295952137,0.0644444383951982,0.0651846095534237,0.0668445592314626,0.0681245149721847,0.0696248324363709,0.070740479444712,0.0712822226192985,0.0747742615873316,0.0669677713854623,0.0697447987409013,0.0724862285702189,0.0739145011492263
2024-07-12,0.060099257884814,0.05959766984592,0.0613067283407421,0.0609189995032558,0.0627326976744459,0.0634180136801354,0.0645129741636339,0.0652574777733379,0.066921950160196,0.0682008036849225,0.0696985813055965,0.070816730911295,0.071391041662781,0.0749358889312678,0.0670644035059371,0.0697604970430543,0.072563090352446,0.0739924955632787
2024-07-11,0.060109078077328,0.0595929225047038,0.0613182338016521,0.0610052117856017,0.0628804918414571,0.0634908671591633,0.0645085187336317,0.0652520187757989,0.0669141530807618,0.0681982201908648,0.0696958132257354,0.0708128690054234,0.0714227837964244,0.0749232186628412,0.0670515759032895,0.0698466781395909,0.0725367207164962,0.0739739540731905
2024-07-10,0.060109078077328,0.0596050796398245,0.061318846316349,0.0610056690446185,0.0628909001118069,0.0634955263536726,0.0645161839235521,0.0652584569600203,0.0669093310829972,0.0681949202433224,0.0696917458807233,0.070809246380696,0.0714441216064875,0.0748747982740304,0.0670561972947981,0.0697516039092269,0.0725723208983673,0.0739999371348645
2024-07-09,0.060109078077328,0.0596059670427492,0.0613194588432831,0.0610061263104905,0.0628912765101893,0.0634958426326071,0.0645164599900307,0.0652587013700553,0.0669158028295552,0.068192083723129,0.0696977087176922,0.0708148039198902,0.0714215203653432,0.0747953685958316,0.0671502873732355,0.0698236871206006,0.0725351299963123,0.0739748066425958
2024-07-08,0.0593978684707086,0.0592370676960722,0.0606788763427433,0.0606013808127219,0.0625223173054486,0.0632407207614999,0.0643467824605287,0.0651268870066776,0.0667449979674638,0.0680233622622382,0.0695155361983798,0.0706705151741215,0.0712736317932953,0.0746362757960244,0.0668393342522675,0.0697148360845065,0.0724135868331269,0.0738394795524968
2024-07-05,0.0585487611222744,0.0591562602589898,0.0603488638948539,0.0605924512375676,0.0625212724953089,0.0631657543003293,0.0643518099261091,0.0651250517608902,0.0667483438456038,0.0680278655564148,0.0695223564807056,0.07067199872964,0.0712760243342655,0.0746571438944898,0.0667666205183474,0.0696882164541597,0.0724398656028616,0.0738576460932076
2024-07-04,0.0586964122440254,0.0591515505705493,0.0603653626165137,0.0605372170809638,0.0624494495520605,0.0630849633741075,0.0642698915308501,0.0650461726214729,0.066748623032362,0.0681013634703229,0.0695231621552265,0.0709882464535725,0.0715315907830529,0.0749134546899518,0.0670218624576642,0.0699321911129041,0.0727798148772435,0.0741895332345646
2024-07-03,0.058696412244025,0.0591636133044211,0.0603659656550405,0.0605376708559778,0.0624597458679631,0.0630807490259608,0.0642775522614516,0.0650525993991346,0.0667437782949875,0.0680988197595278,0.0695189283483478,0.0709845450136988,0.0716798502625505,0.0748159504641075,0.0669626539932745,0.0699038946945085,0.0728055213186267,0.0742086614644229
2024-07-02,0.0589434179811703,0.0592423597912701,0.060366568705616,0.0607549054305892,0.0625260404551912,0.0631527796016429,0.0643551705303878,0.0651232719983565,0.0668159984743287,0.0681720478535505,0.0696014777702279,0.071061827499663,0.0717825561688998,0.0749076574171354,0.067087823757072,0.0700716982581074,0.0728295442568785,0.074250772597455
2024-07-01,0.0590718549038326,0.0593835840517345,0.0603671717682405,0.0607553608441729,0.0625259969831077,0.0631472875162049,0.0643554459173122,0.0651235159093957,0.0668159707109373,0.0681778187117307,0.0696016672754466,0.0710620048943457,0.072299081523968,0.0750328413714704,0.067039569476102,0.070111406259135,0.0727645539231543,0.0742039901827766
2024-06-28,0.0589339740104521,0.0593844634828188,0.0603743034578107,0.0607463671913248,0.0625226248841007,0.0631615929033094,0.064350368768768,0.0651217715334607,0.0668178650230256,0.0681766635283687,0.0696012656212456,0.0710635596149469,0.0716568131955262,0.075105186090873,0.0672410452958497,0.0699256784976197,0.072732702734731,0.0741913843453803
2024-06-27,0.0584790345084188,0.0591019640442237,0.0598480534566454,0.0604649778056707,0.0620143275906367,0.062718456998315,0.0641371795150852,0.0648658341059638,0.067022651164055,0.0683141550442421,0.0696554533730929,0.0708791019525869,0.0715055730639704,0.0748383263319971,0.0670083378420732,0.0697456573832385,0.0725625577766971,0.07401115049611
2024-06-26,0.0582616448943417,0.0589461913656426,0.0595516043952003,0.0603900089743717,0.0620251967821135,0.062728961908898,0.0641437310097252,0.0648747531708719,0.067018466882519,0.0683113506786741,0.0696658678170684,0.0708773428339588,0.0713274243788072,0.0748139260894215,0.0671467372289019,0.0697873879940767,0.0725328450485476,0.073991631488541
2024-06-25,0.0584493911696195,0.0582742826749504,0.059552201535459,0.0603904616730885,0.0620249624442083,0.062736511331206,0.0641440059294956,0.0648749961565762,0.0670246890708594,0.0683225215998468,0.0696660576899188,0.0708829775615388,0.0713047795910766,0.0748959744908253,0.067112416203631,0.0698695386948751,0.0726477322709199,0.0740219457365287
2024-06-24,0.0584493911696195,0.0582742826750472,0.0595527986877002,0.0603909143785937,0.0620253336933326,0.0627368244235836,0.0641442808516227,0.0648752391441005,0.0670249119953127,0.0683227261785076,0.0696662475638042,0.0708831545128457,0.0714089226848643,0.0747227441545463,0.0671256229241248,0.0698652535804746,0.0726592057610969,0.0740284274062085
2024-06-21,0.058400592170671,0.058021671013008,0.0596216749563544,0.0604574159003547,0.0621265497261863,0.0628418762621998,0.0642136107102223,0.0649393166638245,0.0671011594438932,0.0683906396181733,0.0697412285907683,0.0709605569500307,0.0714339868303068,0.0747331398649801,0.0670703601615564,0.069969054247005,0.0727750758664652,0.0741334854160641
2024-06-20,0.0584098663742897,0.0585177539304597,0.0596222728292116,0.0604681507495188,0.0621219962293221,0.0628326455040384,0.0642213278806786,0.0649355309018958,0.0670990311345755,0.0683847821369438,0.0697367536408908,0.0709578148724398,0.0714981758175597,0.0745791084487767,0.0668947303333265,0.0698973073894138,0.0728613824458735,0.0741933033529434
2024-06-19,0.0585580823320302,0.0587611955503269,0.059699536412554,0.0605440244205459,0.0622080129670336,0.0629158264763118,0.0642973431572918,0.065017143932799,0.0671697231645128,0.068455305004832,0.0698082617019358,0.0710293426037429,0.0715206308983125,0.0751221205612399,0.0673654205416258,0.0702775593473573,0.0727624915474896,0.0741657592023994
2024-06-18,0.0585580823320302,0.0591311700708179,0.059776797158177,0.0606104669537304,0.0622751279075208,0.0629890533080855,0.0643733539855657,0.0650929001260497,0.0672524039357631,0.0685352804767008,0.0699239970772385,0.0711406978835256,0.0716764163364859,0.0752772829208288,0.0675139729936731,0.0705129257110646,0.0727984655678107,0.074225381353198
2024-06-17,0.0585580823320302,0.0591311700708104,0.0597773966045988,0.0606109213323062,0.0623136380740474,0.063095113711834,0.0647023946247623,0.0656469909154398,0.0678115147754439,0.06917667941162,0.0705603925803283,0.0719321797038546,0.0724946913114095,0.0758415425253773,0.0682884606960559,0.0712797473493239,0.0735937300745262,0.07502634147096
2024-06-14,0.0584005921706708,0.0588783930008651,0.059664195637972,0.0603851672144237,0.0619480463092704,0.0627292937069062,0.0643307366453023,0.0652446771452655,0.0673751732686985,0.0688178383763167,0.0699974027896601,0.0712621526960839,0.0717941325621248,0.0752185468704881,0.0676380153867525,0.0707595439371184,0.0728911929541796,0.0743252469857426
2024-06-13,0.0582715264981489,0.058887773483103,0.0596647939792171,0.0603958945871444,0.0619438981033455,0.0627251214082297,0.0643384908159658,0.0652409247273178,0.0673731953246467,0.0688152892903803,0.0699926576621002,0.0712595393094218,0.0719958593626716,0.0751638726916495,0.0676286885067818,0.0706118448125165,0.072969201161118,0.0741849920001416
2024-06-12,0.0582715264981467,0.058887773483103,0.0596653923324638,0.0603963473741071,0.0620303627859567,0.0627339740314049,0.0643387665858411,0.0652474293860241,0.0673655785723093,0.0688112291456965,0.0699987766002759,0.0712556909240377,0.0722074837114574,0.075335723230638,0.067743755288515,0.0709564276180196,0.0726381084718206,0.0741816616910317
2024-06-11,0.0582715264981467,0.058887773483103,0.0596659906977118,0.0603307937583141,0.0619544385776389,0.0626573629833119,0.0643390423580808,0.0652499012052677,0.0673752236057659,0.0688210544034453,0.0699989673877421,0.0712630379767977,0.0722068375252295,0.0754160718229152,0.0677201672276647,0.0710358122367805,0.0726060793381931,0.0741600535700178
2024-06-10,0.0582715264981467,0.058887773483103,0.0596665890749613,0.060331246063999,0.061954809435721,0.0626576757025419,0.0643393181326844,0.0652501456098044,0.0673754477065339,0.0688212604835057,0.0699991581762482,0.0712632158831,0.0720890641688212,0.0753030473941387,0.0676847275997454,0.0708130020034405,0.0727144507853153,0.074234182195179
2024-06-07,0.0582622960618457,0.0588783930008641,0.0596683842787247,0.0603223323027619,0.061951090780882,0.0626545994588518,0.0643326608059041,0.0652485617521514,0.0673770479524058,0.0688225558842901,0.0699988148654035,0.0712650023993216,0.0721128376413366,0.0753792783426515,0.0677343521635619,0.0708057628337325,0.0727288013818505,0.074250212101173
2024-06-06,0.0582715264981467,0.0590046075419037,0.0597073200025347,0.0603330553545595,0.0619464824063924,0.0626491498014498,0.0643396086891434,0.0652448520477366,0.0673748163312713,0.0688191058588735,0.0699934235462188,0.0712624239713262,0.0722407284692783,0.0753909145757296,0.0677944661709663,0.0708796515530284,0.0726763095806975,0.0742135067283208
2024-06-05,0.0581331818112113,0.0594913426689567,0.059707918824294,0.0603335076941557,0.0619571095317286,0.0626527486280342,0.0643398844720849,0.0652513676599525,0.0673703621831669,0.0688116364316996,0.0699995441312883,0.0712585694382876,0.072177454686474,0.0753291307634106,0.0677123619063421,0.0707842412386737,0.0726720670389366,0.0741493771108236
2024-06-04,0.058271526498147,0.0594913426689816,0.0597085176580652,0.0603339600405349,0.0619570346774534,0.0626530613335979,0.0643401602573907,0.0652516120754751,0.0673767923424493,0.0688181727471491,0.0699997349244866,0.0712642833395679,0.0722709872120441,0.0752822112509766,0.0676848417144537,0.0707871744327826,0.0726747921469095,0.0741519894320446
2024-06-03,0.0582669107931775,0.0594913426689816,0.0597091165038483,0.0603344123936968,0.0619193130734848,0.0626533740422831,0.0643404360450607,0.0652518564928288,0.0673785299014029,0.0688183788229001,0.0699297744743948,0.0712644612520883,0.0724175920112679,0.0752770935243227,0.0677562763052775,0.0709856342267087,0.0725772314551385,0.074082815896828
2024-05-31,0.0586776858481517,0.058878393000864,0.0598259253482846,0.0603914710788061,0.0613966566261087,0.0623586083864305,0.0634680622782118,0.0645775161699931,0.0665002132722921,0.0683001850276357,0.0696018524008336,0.0709035197740314,0.0721096293307489,0.0751226872816177,0.0677522005354955,0.0704962338589602,0.0721257822249652,0.0736488061094355
2024-05-30,0.0590718549038358,0.0588737042501008,0.0598212324966217,0.0604022342224872,0.0614173642543834,0.0623584743881205,0.0634662187963441,0.0645739632045677,0.0664988527641144,0.0683008770326262,0.0696010125994378,0.0709011481662494,0.0721848357159265,0.0752906930993796,0.0678323850984842,0.0704660598644305,0.072086639597656,0.0736214629689969
2024-05-29,0.0589434179811707,0.05888308274508,0.0595194981391777,0.0601857714233759,0.0610396810273446,0.0619121538835736,0.0632722656719362,0.0645875386101331,0.0665431026999403,0.0683172226989407,0.0696098234663516,0.0709024242337625,0.0721458868295323,0.0752288495999092,0.0678340238353114,0.0703936530589428,0.0721241383570094,0.073426575029033
2024-05-28,0.0594373834513028,0.05888308274508,0.0595148522275715,0.0600447295637094,0.0609827448680079,0.0619207601723064,0.0633486789275293,0.0646702633073631,0.0665065296290292,0.068382714783775,0.0697075198888445,0.0709886501003403,0.0723283035292087,0.0754085765488678,0.0680764967725374,0.0705486990283474,0.0721069565331745,0.0734401578936638
2024-05-27,0.0597930006157309,0.0586396950433298,0.0595154426702656,0.0600451797720016,0.0609844288482305,0.0619236779244595,0.0633198555038458,0.0646705055534696,0.0665307284765707,0.0683909513996718,0.0697401245336323,0.0709888273278298,0.0724114892244359,0.0757114398479441,0.068328860349288,0.0707281878352099,0.0719348196961627,0.073320248102568
2024-05-24,0.0589734808699508,0.0587518551507354,0.058999688688071,0.0594514431173228,0.0605045990716312,0.0615577550259396,0.0631009449503479,0.0646105872677039,0.0664634618139322,0.0683366976189102,0.0696539411945349,0.0709282311753022,0.0722622571487909,0.0755686380311372,0.0685422314304227,0.070846905142409,0.0718163660032975,0.0732260867858419
2024-05-23,0.058903898093813,0.0585038600691408,0.0585158191102312,0.0590653748039071,0.0601795926276138,0.0612582503080107,0.0628080096619323,0.0643577690158539,0.0663548862529347,0.0683520034900155,0.0696646963901247,0.0709488524880575,0.0723622352877422,0.0758854220407677,0.0685495637182193,0.0709203336742567,0.0715909840781099,0.073066993787867
2024-05-22,0.0570756742058479,0.0569741241826943,0.0573700700281902,0.0580832415642164,0.0591646737718245,0.0602696153752501,0.0618929569628352,0.0634627817947856,0.0653457906994782,0.0672492670922653,0.0688636605256006,0.0704780539589358,0.0722342417904721,0.0754180252542204,0.0677280909328104,0.0705942114486097,0.07092494589227,0.0724129991343057
2024-05-21,0.0563639220501138,0.0560774502334007,0.0567468276470456,0.0576109378723059,0.0587467422236064,0.0598825465749069,0.0616894199915325,0.0633617390047925,0.0652595740657105,0.0671986664105614,0.0688364039066155,0.0704201500566458,0.071825111192376,0.074576896714519,0.0665667585121809,0.0699913176627409,0.0712847220535142,0.0728072096611012
2024-05-20,0.0560870951518454,0.0560774502333863,0.0567473906674506,0.0576113698549761,0.0587471073932132,0.0598828449314503,0.0617089083860974,0.0633619763555675,0.0652835106916383,0.0672050450277092,0.0688748593867123,0.0704203258679172,0.0718447900527048,0.0746326840431639,0.0666289372973883,0.0700109483211025,0.071252797522014,0.0727838188011675
2024-05-17,0.0560785421601992,0.0559074857311818,0.0567490797957309,0.0576032220365477,0.0587443518167827,0.0598854815970178,0.061756703160512,0.0633606073577928,0.0652732129382277,0.0672068361624037,0.0688413813100598,0.0704226260724662,0.0718265954117873,0.0745985431118013,0.0665295117658827,0.0698862692892216,0.0713260411832812,0.0728345953498167
2024-05-16,0.0562947171314258,0.0559032560872157,0.0567832406512189,0.0576130978504726,0.0587658670418044,0.0598818457270299,0.0617530350886104,0.0633569116842509,0.0652823046763193,0.0672076976683877,0.0688317004013653,0.0704203987271043,0.0718703841735674,0.0746318896565622,0.0665941570411377,0.0698088375014457,0.0713277341421314,0.0728356228975192
2024-05-15,0.0565122142506965,0.0568084648728782,0.0563373405888073,0.0573959850988688,0.0585810729381721,0.0597919235565907,0.0617510280544072,0.0633702878944392,0.0653174261504529,0.0672024216961684,0.0688116881996459,0.0704209547031235,0.0720536564083551,0.0747404980509082,0.0666502324107752,0.0700512780184676,0.0712071528293287,0.0727528348123628
2024-05-14,0.0557311465469596,0.0563991297730875,0.0559054401824923,0.0568854686317315,0.0582725844596363,0.0596597002875412,0.0617397229244543,0.0633872656071578,0.0652766198138926,0.0672070469381652,0.0688502476784486,0.0704392769657557,0.0720168975650883,0.0747842170883173,0.0666743079634904,0.070003612304712,0.0712169328746031,0.0727602635150772
2024-05-13,0.054742233286199,0.0557557186636845,0.0559059948935022,0.0568858951970301,0.0582762666861278,0.0596666381752254,0.0615579065143369,0.0633875030597817,0.0653027478623713,0.067217992664961,0.0688910161749714,0.0704394528278533,0.0718776484266054,0.0744660050346935,0.066440697444425,0.0698537344087456,0.0711131082864018,0.0725920434929695
2024-05-10,0.054565994747797,0.0557515116314269,0.0556097325199381,0.0566602994226049,0.0581254562001062,0.0595906129776075,0.0614784270230507,0.0633252016327233,0.0652233335722226,0.0671423241044636,0.0687827037713457,0.0703695927969163,0.0717756417652276,0.0743592025110713,0.0663053114383151,0.069801562978688,0.0710548776274632,0.0725268674676983
2024-05-09,0.0545740935820234,0.055747305443595,0.0555383716722399,0.0565941513831029,0.058075775082884,0.0595101129199062,0.0613780196211844,0.0632459263224625,0.0651564931234006,0.0670670599243387,0.068702354976103,0.0703021001354376,0.0717328857140454,0.0741795085305923,0.0663504531094594,0.0696959354097521,0.0709883754661226,0.0724589967549062
2024-05-08,0.0544158379567931,0.0555899578470157,0.05523637290722,0.0563105077750073,0.0578920130937008,0.0595078989628008,0.061416167688813,0.0632615264568248,0.0651946316458546,0.0670660419884259,0.0686850858822857,0.0703041297761454,0.0717581356198203,0.0740074100924708,0.0663848755488979,0.0695124379771468,0.0710621555088874,0.0726085435630213
2024-05-07,0.0543268164009792,0.0551023459576298,0.0553902957938709,0.0563109300478646,0.0579159425991408,0.059520955150417,0.0614636953690534,0.0632617634437488,0.0651428476833146,0.0670648250585232,0.0687145677462275,0.0703099233123592,0.0714489408162733,0.0737185584957133,0.0662074850667169,0.0694412948822266,0.0708926077709173,0.0724388872760003
2024-05-06,0.0543268164009792,0.0554241832158165,0.0553139344046829,0.056311352327055,0.057914644919013,0.0595179375109711,0.0614209971174678,0.0632620004324483,0.0651654733813003,0.0670689463301523,0.0687521968124487,0.0703100988545741,0.0716486193111787,0.0741105194781258,0.0661522931939381,0.0694897469686962,0.07089205416494,0.0723524758929583
2024-05-04,0.0536700131612142,0.055911716226623,0.0552477300415846,0.0562319065583807,0.0579739612532176,0.0597351594062396,0.0615295656346554,0.0632654586164925,0.0651610608717485,0.0670566631270044,0.0687116593252256,0.0703126882561134,0.0719802592459311,0.0743029437637062,0.0664590102444675,0.0697091048128802,0.0706234036658166,0.0721057296002556
2024-05-03,0.0536660963005164,0.0559074857311776,0.0552482782809942,0.0562278053334955,0.0579817803285976,0.0597357553236997,0.0615188275086651,0.063263137254827,0.0651497363215454,0.0670570672461398,0.068712691820917,0.070314328637821,0.0719812615367437,0.0743024240167462,0.0664594524494901,0.0697094137029286,0.0706236146434462,0.072105743915724
2024-05-02,0.0536739307834731,0.0558252823103617,0.0551673196647085,0.0561479650414506,0.0579068690533262,0.0596657730652018,0.0614645296156501,0.0632632861660984,0.06516253233406,0.0670617785020216,0.0687062932329011,0.0703150576435441,0.0720799678493447,0.0743310775703825,0.0664618647972008,0.0696999747084537,0.0706163630737398,0.0721005937563272
2024-04-26,0.0540043530736278,0.0560244582366811,0.0550662578339633,0.0561640259510839,0.0579680479668768,0.059733273810287,0.0615273370299162,0.0633411152299808,0.0652289094535475,0.0671376791684871,0.0687791277711945,0.0703848927086256,0.0721982943387696,0.0744571712045382,0.0665370228846595,0.069737004028439,0.0706056927128449,0.072102784169745
2024-04-25,0.0538361574018623,0.0560329553618423,0.0546972003430566,0.0559465529295651,0.0577740053886284,0.0596617035331553,0.0614547376948696,0.0632674755286907,0.065152601347914,0.0670586730095732,0.0686901405895819,0.0703216081695906,0.0721475866711427,0.074488141379728,0.0664623736551311,0.0697903480091466,0.0704937112536026,0.0720035155572327
2024-04-24,0.0542516868728201,0.0556429027778787,0.0544401084151426,0.0555110385594315,0.0574708151341721,0.0594521277152286,0.0613393208776518,0.063106054902048,0.0650537842538861,0.0670657244634771,0.0687005258484936,0.0703353272335102,0.0724879442286489,0.0745743032137844,0.0666562843901291,0.0699541330235971,0.0703611408609438,0.0719126192175839
2024-04-23,0.0529356962463304,0.055252774108492,0.0541422946626686,0.0552934151175457,0.0572868435789532,0.059302177847629,0.0612287337356398,0.0631134079739112,0.0650865037979959,0.0670812819937739,0.0687677306698655,0.070346533685781,0.0724997009298894,0.0747238849473566,0.0667551514352941,0.0700809739900013,0.0705722569829556,0.0721118545239547
2024-04-22,0.0529356962463309,0.0550576812325347,0.0541428339500374,0.0551516033288731,0.0572166836940825,0.0593044572501184,0.0611929136155275,0.0630403165816887,0.0650158893598539,0.0670131717289879,0.0686404765759878,0.0702324052306616,0.0726605970106308,0.0747523246861044,0.0667462806178124,0.0699767163308183,0.0703894438457601,0.0719472057763938
2024-04-19,0.052272590470424,0.0551469958201223,0.0537742218987372,0.0548501831712437,0.0572636213201456,0.0596770594690474,0.0613628201567847,0.0630485808445219,0.0650238856894231,0.0669991905343243,0.0686384064934901,0.0702419873231088,0.0726682234972504,0.0749267321382984,0.066644319838745,0.0699826516062397,0.0703938511731912,0.0719501856555129
2024-04-17,0.052272590470412,0.0557404230556822,0.0543187880152593,0.0544896559860515,0.057068098335384,0.0596748752160278,0.0614248658109895,0.0630631548786133,0.064993554561992,0.0669875937953723,0.0686157333261985,0.0702438728570247,0.0726540009322051,0.0748446397400029,0.0668991087824884,0.0697567387760011,0.0703321906609982,0.0722048898753537
2024-04-16,0.0519459459439786,0.0553503134104551,0.0540016700048453,0.0533982175234584,0.0563010499004583,0.0592357815343484,0.0609617856455275,0.0626502679282027,0.0646277684464802,0.0666269997396839,0.06832419595385,0.0699130604947716,0.0722014050165401,0.074610939201258,0.0666087168713199,0.0700462331416944,0.0698260221250526,0.0717471517162837
2024-04-15,0.051114367423008,0.053398622975779,0.0527211635565778,0.0528855099250115,0.0559046389938185,0.05895694530514,0.0607189743049518,0.0624426983265068,0.06446215282323,0.0665037991276095,0.0681160555443479,0.0696932629085485,0.0722859713300143,0.0744107679945382,0.0664808383768104,0.0694662829342119,0.0702522353532953,0.072074863759732
2024-04-12,0.0508668406114125,0.050851568385043,0.0523908454165338,0.0522227708699812,0.0555626437072718,0.0589025165445625,0.060682070977475,0.0624616254103876,0.064494273942116,0.0665269224738444,0.0681364393449937,0.0697109667189442,0.0721074156629835,0.0741953309432392,0.0661737025868947,0.0694147624939606,0.0703947965243478,0.0721503169047931
2024-04-11,0.0456949979431924,0.0487557108166848,0.0501399715053342,0.0516031370462297,0.0551500503417474,0.0588138948448097,0.060607324974709,0.0624007551046084,0.0643931097347727,0.0663854643649371,0.06798083811602,0.069576211867103,0.0714105215649423,0.0736299541122665,0.0658195882650737,0.0689449739592756,0.0705180093649968,0.0721902702440028
2024-04-10,0.0454074782598905,0.0485110481949671,0.0498295354788707,0.05160352409685,0.0551942708887857,0.0588244764366767,0.0606355539878112,0.0624072602878341,0.0643617794131245,0.066380733234853,0.0679760346044989,0.0695713359741448,0.0711769760449723,0.0735294669482538,0.0656374553130896,0.0690157473887107,0.0706439418388809,0.0723890424734884
2024-04-09,0.0454074782598905,0.0477768806991568,0.0495016156733782,0.0514611452265269,0.0551265275482964,0.0588321887966788,0.0606418180550594,0.0624121075469535,0.0643912785850032,0.0663921987553391,0.0680389962001831,0.0695806789145051,0.071102834325202,0.0734457841063061,0.0652263907375953,0.0688020011535825,0.0700415981979002,0.0721445216716241
2024-04-08,0.0449811181343221,0.0476593888860962,0.049183271204962,0.0513853805009722,0.0550891747451273,0.0588336700249325,0.0606439127877396,0.0624148024470073,0.0643931373545891,0.0663932122062102,0.0680054837975312,0.0695827060064322,0.0718133965688237,0.0737239635396582,0.0657148413255994,0.0688566868660726,0.0698793497829931,0.0722344831652628
2024-04-05,0.0451298535440291,0.0476532328899012,0.0491809957176487,0.0513084318201071,0.0550490468356277,0.0588312242402098,0.0607755495339394,0.062719874827669,0.0645579869413763,0.0663960990550836,0.0680022158909676,0.0695734171434628,0.0719260783405149,0.0740605319349815,0.066385439850455,0.0692823473082665,0.0702378410755093,0.0722002767343704
2024-04-04,0.0454074782598901,0.0487557108166675,0.0494965004874971,0.051386922239687,0.0550411972202736,0.0588159428046157,0.0607640387629041,0.0627121347211925,0.0645495433576101,0.0663869519940276,0.0679776505277485,0.0695683490614695,0.0726062657787714,0.0755924641365725,0.0664903388945943,0.069597703621613,0.0698256072150075,0.0720242743741581
2024-04-03,0.0449811181343226,0.0492449462887134,0.0485381168494223,0.0513206685645843,0.0550494061557699,0.0588191188853201,0.060834329453893,0.0627209095606421,0.064519334240133,0.0663770476453215,0.0679709897312045,0.0695649318170876,0.0726389845125538,0.0756241588549747,0.0662939701122894,0.069077748434688,0.0698064590030988,0.0721648838440849
2024-04-02,0.0438505492337378,0.0481880476988398,0.0507990347686109,0.0498157218661278,0.0543702901804676,0.0589749086960639,0.0610324486764034,0.0629167221320827,0.0646808948523981,0.0664644540861236,0.0681627341556816,0.0697526133697359,0.0731124152746063,0.0761887555761266,0.0671006809609287,0.0696996396975539,0.0705157930535874,0.0731756870898359
2024-04-01,0.0405065693601608,0.0462293520420567,0.0472490978574886,0.0511310137027395,0.0551904155216907,0.0592944261518391,0.0613835583559627,0.0632550726221568,0.0650399578660496,0.0668444572335017,0.0684890623463482,0.0700979151741329,0.0718474704432119,0.0760157395878455,0.0671303179688753,0.0699441563964494,0.0723034070013539,0.0741553524136266
2024-03-29,0.0390209661263685,0.0428705451415298,0.0462815733540445,0.050838925995881,0.0550848759601587,0.0593308259244364,0.0612590331280055,0.0631872403315746,0.0650187575299099,0.0668704012908643,0.0684598797218479,0.0700318913568867,0.0717371977637301,0.0762486995729129,0.0670848282458664,0.0700438792075207,0.072577021511395,0.0743999419888335
2024-03-28,0.0371082552280692,0.0421320668284486,0.0453100996240255,0.0507325260272361,0.055025102345343,0.0591806815469145,0.0611239362116916,0.0630671908764686,0.0649410837865644,0.0668149766966601,0.0684255936012969,0.0700362105059337,0.0715199244044933,0.0757467179906388,0.0669087404858187,0.0697156905068681,0.0724274674807413,0.0749127860554708
2024-03-27,0.0366909927885304,0.0414004557111235,0.0449957808976096,0.0504089599384113,0.0547154958610381,0.0591156521298091,0.0611731039370324,0.063162727662699,0.0650977082036644,0.0669709340465139,0.0684675791513063,0.0699642242560988,0.0715167953776935,0.0756723643987353,0.0673417034745286,0.0701914520655508,0.0728564688600813,0.0753886639813644
2024-03-26,0.0365419598817767,0.041154919294514,0.0449957808976102,0.050333099540254,0.0546911926891481,0.0590492858380422,0.0610794350587039,0.0630872749472705,0.0649676405222619,0.0668888836097531,0.0684169583780524,0.0698946570550891,0.0718321712922876,0.0762004818923237,0.0675617561173466,0.0705485532072489,0.0733430920806571,0.0763638666843729
2024-03-25,0.0364028574648117,0.0410370510479937,0.0443461207065008,0.0500761272968929,0.0545247856285719,0.0589734439602509,0.0610116744125091,0.0630275067279293,0.0649286153691712,0.0668297240104132,0.0682939381915278,0.0697420621069159,0.0715408930016809,0.0757392468743412,0.0673702004281075,0.0702317234263192,0.0733116796781639,0.0759771516244277
2024-03-22,0.0360714093942839,0.0409070820217748,0.0443434639278261,0.0499936840659405,0.0544511017114811,0.0589085193570216,0.0609310183012837,0.0629535172455458,0.0648436949721489,0.0667546438825608,0.0682262170924966,0.0696816191682573,0.0716605463194337,0.0757907563777676,0.0677218951790739,0.0707213646235139,0.0737734190576227,0.0764317553238313
2024-03-21,0.0357370856960754,0.0409048118136169,0.0443408075723837,0.0497057745306271,0.0543015572108821,0.0587506659758097,0.0607799312531993,0.0628091965305888,0.0647117301262882,0.0666142637219875,0.0680715524205483,0.0695288411191091,0.0715009678897513,0.0755981280676549,0.0674262331992057,0.0703865834229734,0.0736563528423833,0.0761033287117947
2024-03-20,0.0350811418648441,0.0408602355813871,0.0454319418772201,0.0496393890266407,0.0541438597312781,0.0587462537121033,0.0608511171603942,0.0628865895059941,0.064780017867675,0.0666130176646213,0.0680675214179653,0.0695220251713093,0.0714995370245468,0.0756667746613815,0.0674764422867836,0.070407978785568,0.0735158249348387,0.0757766076461644
2024-03-19,0.034206381817383,0.0406637555162237,0.0452768787933005,0.050221367965515,0.0546388773439436,0.0590563867223723,0.0610856784727169,0.0630926703137171,0.0650319559470489,0.067013399963714,0.0683976760234408,0.069736316608671,0.0718999064811114,0.0758913407013768,0.0678935566577752,0.0708799892523788,0.0741211730036685,0.0763715836605394
2024-03-18,0.0344847354243621,0.0404672560414584,0.0452768787933008,0.0501550196225511,0.0546455357154824,0.0591360518084137,0.0611265070799378,0.0630950892166099,0.0650367069319914,0.0669783246473728,0.0684066595394151,0.0698192984436328,0.0722438632972728,0.075998284425892,0.0683031099851616,0.0712083572645293,0.0744906238410126,0.0767402160093011
2024-03-15,0.0344814960257282,0.0406615120599588,0.0452741099672064,0.0502917272927564,0.0547136822910578,0.0591356372893592,0.0611136599786307,0.0630916826679022,0.0650242379946834,0.0669780301931875,0.0684070733904117,0.0698204128162378,0.0720655465046215,0.0761212223539882,0.0683762410696374,0.0712059373418628,0.0746198867152526,0.0768570320448201
2024-03-14,0.034047313868621,0.0408557056886509,0.0453488565199125,0.0505187041031102,0.0549288769211262,0.0591982995428225,0.0612161283691154,0.0632339571954083,0.0651452249798262,0.067056492764244,0.0685110014463727,0.0699655101285013,0.0721835086078155,0.0762319593293877,0.068374404493184,0.0713127649044882,0.0749497025574192,0.077266722630212
2024-03-13,0.0340473138686219,0.0406637555162228,0.0452768787933008,0.0505190830995105,0.0548103805803022,0.0591949671367632,0.0612517826595985,0.0632407910772854,0.065179282069243,0.0670559063274147,0.0685081159708903,0.0699603256143659,0.0722362581799513,0.0762370594920783,0.0685616215862045,0.0712776432724222,0.0749048414040131,0.0772357997275393
2024-03-12,0.0338584124182694,0.0400741988479324,0.0452768787933008,0.0503765100315364,0.0547930301836892,0.059209550335842,0.061238782188519,0.0632457147900677,0.0651288060596351,0.0670528340959322,0.0685357543735665,0.0699697871695206,0.071981466594511,0.0762555269363145,0.0683516769510178,0.0714013063208444,0.0750335927421914,0.0773448134911877
2024-03-11,0.0321380022209715,0.0401724704279175,0.0454319418772221,0.0504817222650364,0.0549758101094783,0.0594698979539203,0.0614010228438514,0.0633109265811459,0.0653340063508641,0.0673570861205823,0.0690556727811921,0.0707355936543227,0.0726934323441909,0.0768391216801712,0.0692686781335063,0.072512648335042,0.0764552230100583,0.0791441666124681
2024-03-08,0.0322843599586338,0.0402390604094062,0.0456519984378644,0.051284893953415,0.0554891322486603,0.0596933705439055,0.0616069608731585,0.0635205512024116,0.0654984750813258,0.0674981343874807,0.0691941220483182,0.0708714724821136,0.0728575938025215,0.0772221548671391,0.069887236446786,0.0730883386583562,0.0763405909191484,0.0795586774227898
2024-03-07,0.0333015980648565,0.0403351054081055,0.0460172340910551,0.05151196832961,0.056010600285406,0.0603656588809107,0.0620090516978808,0.0636524445148509,0.0655621856104127,0.0674719267059745,0.0691628073874593,0.0708536880689442,0.0726476718990603,0.0770445597374511,0.0692465020530403,0.0723878304718003,0.0768138889619811,0.0799108504836284
2024-03-06,0.0319291156547807,0.0406637555162204,0.046100444553448,0.0515504359655057,0.0559062019955421,0.0603566585914488,0.0620747508349093,0.0637362026747393,0.0656321656678016,0.0674676192036386,0.069155820977755,0.0708440227518713,0.0725066009733803,0.0767439488838237,0.0688626088115802,0.0723410783996426,0.0773823000710818,0.0805943348244643
2024-03-05,0.0324264465917447,0.0406637555162239,0.0462457268004128,0.0516936152900698,0.0561020504295945,0.0605104855691193,0.0622036624909831,0.0638782330730463,0.0657209321138672,0.0676036898294886,0.0693260613678688,0.0709916514269618,0.0726454906071617,0.0767210447242221,0.0688394253961676,0.0723245301327652,0.0776580902520569,0.0809037793222525
2024-03-04,0.0324264465917447,0.0406637555162239,0.046323204181366,0.0517701514153577,0.0561791223398685,0.0605880932643792,0.0622803882937337,0.063954086674414,0.0658204859442416,0.0676868852140691,0.0693864280488,0.0710672945886437,0.0726554283347114,0.076839814332554,0.0688400576889317,0.0723456892800879,0.0776605196767497,0.0809085276397949
2024-03-01,0.0330500186970184,0.040823980233947,0.0463977698922054,0.0518395907681358,0.0561629398455901,0.0605813075840873,0.062248502973409,0.0639531634276594,0.0658285267509727,0.0677657152387908,0.0694087241089505,0.0710701937529323,0.0727332229904514,0.0768639048257091,0.0688205481357502,0.0724288032950518,0.0775494830743793,0.0809284106654326
2024-02-29,0.0324293120204213,0.0408352895266435,0.0471394445325638,0.0525043586968532,0.0566437309051906,0.0608750891626022,0.0625731184683336,0.0642169553494139,0.0660368799280893,0.0680429331568564,0.0696682875044976,0.0713490516594447,0.0728708207884122,0.077208398419128,0.0693494664406687,0.0728220927193755,0.0777489896200332,0.0811680024759299
2024-02-28,0.0334239656263921,0.0408352895266435,0.0469167928820866,0.0523485441993069,0.0565080551277259,0.0608077742896872,0.0624622096290481,0.0641526109540473,0.0660141978824087,0.0679827725652738,0.0696556371430199,0.0712751124257315,0.0730305494284031,0.077223066138267,0.0691594907273867,0.0726874199924055,0.0777867632443771,0.0815371977510527
2024-02-27,0.0330360796576176,0.0410612710020382,0.0471394445325641,0.052501111597977,0.0566178464130404,0.0608733475701847,0.0625480788125564,0.0642228100549281,0.0661087494018478,0.0680582597379896,0.0696835582490502,0.0713441893364382,0.0730304452199543,0.077120306050421,0.0691782846455811,0.07284691023512,0.0775194165165734,0.0815361689932228
2024-02-26,0.0328157886288075,0.0414542217882958,0.0469942411438658,0.0525680745202644,0.0566880171499959,0.0609468342503924,0.0626228850957032,0.0642989359410139,0.0661788765977288,0.0681221860406251,0.0697690292164953,0.0714158723923654,0.0732000571946759,0.0780358375800178,0.0695756636634767,0.0732586020023322,0.0774145604910939,0.0819381002798862
2024-02-23,0.0329266692333194,0.0414542217882958,0.0471334449564015,0.0527173326652557,0.0567626695040794,0.061083824763732,0.062768399936632,0.0644529751095319,0.0663650260283689,0.0682770769472059,0.0699139911601591,0.0715688934413866,0.0733305553416207,0.0780022349042068,0.0694489617126946,0.0731285335824945,0.0776293979041349,0.081253300619991
2024-02-22,0.0329266692333194,0.0414542217882958,0.0469167928820869,0.0524950025490055,0.0566034688335427,0.0609480538700647,0.062613046088029,0.0642249002564838,0.0660965348220972,0.0680532436861475,0.0697222157714469,0.0713552959839442,0.0731162968565348,0.0775745072437162,0.0692674108484381,0.0726322923763538,0.0777241710189944,0.081491134188598
2024-02-21,0.0328172558653416,0.0414542217882958,0.0464035846968372,0.0519897597610138,0.0561383239430519,0.0604267273671812,0.0620542591120236,0.0637171719817538,0.0655738488161344,0.0675372312157093,0.0692156936976431,0.0708405882280258,0.0727248586599099,0.0770173579883548,0.068900315276428,0.0723770537885359,0.0775407103898469,0.0812119156359044
2024-02-20,0.0276217068909843,0.0410612710020551,0.0460258149685808,0.0517712649988512,0.0559961527490672,0.0603634524459196,0.0619770251683017,0.0636432143925006,0.0654888681170828,0.0674632883805895,0.0690973280523422,0.0707668903256548,0.0725686360447192,0.0769665582173752,0.068773047732369,0.0721633231681521,0.0775363279268283,0.0813040895656975
2024-02-19,0.0271724973499499,0.0412577559930766,0.0460258149685473,0.051771652395221,0.0559574951001593,0.0602844336266124,0.0619074753143857,0.0636010840320621,0.0653850153311818,0.0673158586196407,0.06896977241157,0.0706236862034992,0.0724099034311725,0.0767738793958255,0.0686623430998636,0.0721473261543048,0.0773401375770188,0.0809927132534247
2024-02-16,0.0271735037994386,0.0416506683914481,0.0458360589463715,0.0517688765592447,0.0558059093367464,0.0601181943490777,0.0617212938772688,0.0634477087537822,0.0652304198133583,0.067161690127899,0.068808673800195,0.0704737561941646,0.072270571499239,0.0765620464402663,0.0684875919018166,0.0718975891157176,0.0772345693988686,0.0808668716310271
2024-02-15,0.0274523915251949,0.0411595158972683,0.0458417345957055,0.0518033869169273,0.0559641072765911,0.0603639494960057,0.062001629582689,0.0637089981836993,0.0653377919476661,0.0672279970564672,0.068926541476664,0.0706250858968608,0.0725700746276133,0.0769976149078212,0.0688731084028319,0.0720718137378988,0.0775829752471519,0.0813423913015633
2024-02-07,0.0273926314797381,0.0422398930859531,0.0459192452130665,0.0518143754969425,0.0560852731986386,0.0605001337442121,0.0622408718940224,0.0640194521775242,0.0657602441172562,0.0676010815707658,0.0692021618462193,0.0707521438150093,0.0728220122567893,0.0773338058563747,0.0689712023785291,0.072270162364679,0.0779843024596985,0.0828688147440502
2024-02-06,0.0281694435810815,0.0418470958062805,0.0459870633139232,0.0518813895758693,0.0561927318779318,0.0606494003250076,0.0624149380628876,0.0641804758007675,0.065939299021582,0.067757408418379,0.0693119138252609,0.0709002128279445,0.0729843609527452,0.0774731689347683,0.0693364266684636,0.0724546965662496,0.0780670136774684,0.0829802770650224
2024-02-05,0.0271724973501326,0.0420435040365485,0.0458417345957147,0.0518817778369699,0.0561920780774881,0.0606476693373496,0.0624141926605127,0.0641807159836758,0.0660123470270794,0.0679057184427326,0.0694060085769109,0.0709062987110891,0.0729503604355355,0.0776038581286756,0.0692955698221359,0.072434267968367,0.0779136546802459,0.0830742656160454
2024-02-02,0.0269543643110598,0.0414051071388941,0.0456810623219239,0.0520312287207586,0.056599603399006,0.0611679780772534,0.062858992213288,0.0645500063493225,0.0663745483806762,0.0681990904120299,0.0697070901908931,0.0712316613958977,0.0733369046204535,0.0778602819558869,0.0694199822532006,0.0728896259269698,0.078257839604308,0.0834420810783237
2024-02-01,0.026395551635759,0.0420238640767149,0.0453959612409982,0.051951514194965,0.0565646955977407,0.0610257940971281,0.0628174165959476,0.0645518596533155,0.0663525619376465,0.0681532642219776,0.0696391636041467,0.0711250629863157,0.0729128014166597,0.0777099068565856,0.0692559307905608,0.0726039990708202,0.0782746635495411,0.0834256425996307
2024-01-31,0.0267332645473123,0.0416506683914481,0.0428929933575337,0.0521667059809505,0.0566979357030539,0.0610299904923176,0.0627693974016366,0.0645466175046365,0.0664052317615769,0.0682025730210358,0.0696858732575356,0.0711218341247855,0.0729030493926613,0.0775745169087599,0.0691788588197958,0.0724548446412111,0.0783754029680503,0.0831131022400318
2024-01-30,0.0257362128466552,0.0413265212047347,0.0422422299635622,0.0519443352851285,0.0565379233221624,0.0608791164121066,0.0626487568233416,0.0644183972345766,0.0663107071636202,0.0680621003958201,0.0695004366229942,0.07097004102902,0.0728504680189514,0.0773667332663775,0.0691772226514427,0.0724275578307909,0.0781298661506194,0.0841597514575254
2024-01-29,0.0258448831872607,0.0413265212047356,0.0425725077250268,0.0525302318520056,0.056744450434719,0.0612561432703299,0.0629808103592677,0.0647054774482056,0.0664608596177911,0.0682357460337053,0.0697498363009371,0.0712639265681689,0.0731478757885387,0.0778536637548454,0.0692864771611551,0.0726454290787931,0.0783055847593309,0.0835278376850018
2024-01-26,0.0259572083454056,0.0419747633379615,0.0425676087037871,0.0526997266512807,0.0566297337580691,0.0610869369401582,0.0625961956279413,0.0641054543157244,0.06572681278537,0.0673129243317624,0.0687143325984285,0.070131140955937,0.0720254918187709,0.0766368096059641,0.0682457836042824,0.0712959681665339,0.0772664596139571,0.0816405557424757
2024-01-25,0.0260667986468615,0.0419747633379615,0.0425725077250249,0.0526960332040886,0.0566518568290864,0.0610960537411211,0.0626249071601092,0.0641049673848743,0.0657228593464532,0.06730557974365,0.0687198996892392,0.0701342196348285,0.0717409334856322,0.0764144215534544,0.0678925046925379,0.0709059587704733,0.0775383339252097,0.0816698791553132
2024-01-24,0.0268438078643813,0.0419747633379615,0.0425725077250249,0.0529899921481949,0.0570207825127471,0.0610963594369054,0.0625632425969401,0.0640620145213233,0.065659847469304,0.0673121519950567,0.0687302073039179,0.0701030055284538,0.0713216830115001,0.0760444008912669,0.0675343587308776,0.0707894783455461,0.0776953332472001,0.08196106197027
2024-01-23,0.0272820545428319,0.0423086247225078,0.0428929933575529,0.0532851003023461,0.0574844782496755,0.0617305159519753,0.0631778730289123,0.0646252301058494,0.0663678922369783,0.0681299172806753,0.0692768798529611,0.0704487763942096,0.0722251115016025,0.0764978722203955,0.0678924023811267,0.0712263204783106,0.0778901827496136,0.0822098851693154
2024-01-22,0.0270629371726899,0.0423086247225078,0.0433784311832545,0.0537226562804043,0.0578870396521823,0.0620976939503133,0.0635787007044419,0.0650597074585705,0.0665787350899595,0.0681146408061416,0.0693848140247268,0.0706549872433121,0.0723023134938167,0.076907718270461,0.0682372934694632,0.0713754223153175,0.0782358753401195,0.080796832234828
2024-01-19,0.0269533740108873,0.0423086247225078,0.0436935633505046,0.0537196078632103,0.0579045606070258,0.0620895133508413,0.0635769171487044,0.0650643209465675,0.0665902931778328,0.0681162654090981,0.0693803667166718,0.0706583592474057,0.0726438751984459,0.0771239118470542,0.068157638392455,0.0713138962906113,0.0780191837608181,0.0823657220062249
2024-01-18,0.0271714909998018,0.0423086247225078,0.0440286414086563,0.0537157558940367,0.0578370962363906,0.0620989368176884,0.0636256157737817,0.0651035709334038,0.0666062630756328,0.0681089552178618,0.0693845170056917,0.0706600787935216,0.0725600262700719,0.0768770649157579,0.0680900472108332,0.0712117961064047,0.0778132860883985,0.0824589681210122
2024-01-17,0.0278397539878052,0.0436140796835007,0.044028641408711,0.054047672222189,0.0582650680234361,0.0625293237780303,0.064033298843163,0.0655699690184073,0.0669594637212565,0.0683963275617028,0.0695679863925692,0.0707022518564931,0.0727021974808366,0.0770364051763154,0.0680512265777079,0.0712723035388268,0.0790558949418111,0.0826843313871004
2024-01-16,0.0290544743775325,0.0449186877442422,0.0443487779085157,0.0544849213843406,0.0586651954316965,0.0628919169684674,0.0644124607759968,0.0659330045835261,0.0674127061991988,0.0689088489439345,0.0700497478538597,0.0712154489140007,0.0727908294803186,0.076984273551953,0.0680599480994302,0.0713889989082892,0.079339013506171,0.0825963147969012
2024-01-15,0.0320399323982021,0.0449186877442425,0.0488516535567971,0.0544853291933986,0.0587183150100224,0.0629983340023864,0.0645438444561508,0.0660893549099153,0.0676228196654439,0.0691733229182561,0.0703100014309696,0.0714466799436831,0.073328984852858,0.0773643403503405,0.0682586232569197,0.0715052291914794,0.0784097035652342,0.0834058615092732
2024-01-12,0.0330246474295036,0.0454971527607554,0.0489998402569632,0.0546340578519698,0.0588474790256923,0.0630609001994147,0.0646081749968451,0.0661554497942755,0.0676963281880286,0.0692372065817817,0.0703686928889437,0.071512613111569,0.0716573092852902,0.0749661790401941,0.0658487124751139,0.0690532797354525,0.0758473641742052,0.0807018913382428
2024-01-11,0.0332235504900349,0.0454971527607554,0.0490739829561247,0.0546300669360994,0.0587795646729136,0.0630705225598464,0.0646373901110502,0.0661542512510454,0.0676919758351541,0.0692297004192628,0.0703725093784062,0.0715153183375497,0.0711834799985814,0.0746863270941442,0.0655927459267887,0.0688610695759399,0.0760973543430793,0.0799139271351504
2024-01-10,0.0334224437144924,0.0454971527607554,0.0492286250636004,0.0546392763839325,0.0588317656633817,0.0630708381570471,0.0646122467188727,0.0661536552806982,0.0676866070270384,0.0692365915705601,0.0703909159144594,0.0715084001197235,0.0712768882734306,0.0744460245212031,0.065378306116676,0.0685126945796113,0.0762539435115527,0.0790844134898044
2024-01-09,0.0338202006590782,0.0455755758859879,0.0495281932098899,0.0547156313087432,0.0588698906664834,0.0630703084615319,0.0646107975742551,0.0661512866869783,0.0676852394868502,0.0692362362067207,0.0703578108727309,0.0715037675966978,0.0711604430585967,0.0749091059316889,0.0652704569859478,0.0683943496536575,0.0760021453098154,0.0788014632902416
2024-01-08,0.0341184925550578,0.0460264495157837,0.0498180339142573,0.0525397881120055,0.0579606930787607,0.0634418303229242,0.0649465344744588,0.0664512386259934,0.0679403468908599,0.0694460008031138,0.0706568241555857,0.0718676475080577,0.0717322387578602,0.0750057541765689,0.0654949195502624,0.0686497286321494,0.077733688822044,0.0782592607726749
2024-01-05,0.0353114389586036,0.0461048520029972,0.0501106934333599,0.053012383295777,0.0582797072703292,0.0634325242019563,0.0649346425571951,0.066436760912434,0.0679424006472924,0.0694480403821508,0.0706459793332375,0.0718570824486218,0.0715884700115615,0.0750386783159688,0.065818164721526,0.0689284297286888,0.077379252000012,0.0784564421474131
2024-01-04,0.036205916613678,0.046104852002997,0.0500788367873078,0.0569460405063726,0.0602108080204204,0.0635868744269926,0.0650800887735392,0.0665256473430683,0.0680591079592638,0.0695925685754593,0.0707526903966417,0.0719128122178242,0.0717768828908311,0.07614053366106,0.066420175247038,0.0696339213601915,0.0772403634725394,0.0786636145608293
2024-01-03,0.0379446094605424,0.0467025704769638,0.0508223283861574,0.0578081281874881,0.0608606054075113,0.0639469990410904,0.065391469797583,0.0668673420922603,0.0683865666708988,0.0699575829965364,0.071123038795592,0.0722512991968053,0.0720186054060474,0.0764841186286668,0.0669150018827036,0.0700718567528744,0.077552416618088,0.0790575493696008
2024-01-02,0.0395634018442512,0.0473882580850865,0.0517872845948599,0.0577423100904939,0.0612312066813288,0.0647588687898396,0.0662364018223117,0.0677621152797557,0.0693407492022005,0.0709919639946428,0.0720932573999011,0.0732184919661433,0.0727520946477175,0.0771776315010594,0.0673172379409123,0.0704921690742381,0.0786991723577193,0.0801390036810365
2023-12-29,0.0397683186485342,0.0478077227350149,0.048215418481313,0.0577180547715774,0.0614036760966732,0.0650895187538206,0.0665846523493711,0.0680797859449216,0.0697682994602678,0.071456812975614,0.0726231900479759,0.0737768891086816,0.0731630822800623,0.0777300664796006,0.0673551045849266,0.0706328405090145,0.079392233545478,0.080773722374373
2023-12-28,0.0397671214927308,0.0477740197652664,0.048211809295177,0.0576374673112878,0.0612001600742193,0.0650060000362108,0.0665053259829684,0.0680046519297261,0.0696913372124413,0.0713780224951566,0.0725417998734487,0.0737055772517409,0.0730904056588546,0.0774342552165483,0.067205361327773,0.0705480289632228,0.0793759453762521,0.0807376771812479
2023-12-27,0.0398751225021194,0.0478124640579348,0.0482175906155458,0.0577216521684728,0.061328170961704,0.0650153943048248,0.0665271502729419,0.0679906587101617,0.069624706508418,0.0713701666565554,0.0725330612020832,0.0736959557476111,0.073023805628433,0.0774421443131544,0.0669358651677209,0.0703892124989805,0.0795641279738724,0.0808798487766615
2023-12-26,0.0397647273973395,0.0478117483131994,0.048217110269757,0.0576455009080453,0.0612515115268976,0.0649383272661942,0.0664337932628765,0.0679130041943775,0.0695834723137442,0.0712910619468745,0.0724725185323169,0.0736162690565217,0.0731918700875305,0.0771750841584789,0.0668674191825055,0.0702195239194092,0.0795250086498606,0.0808302742309079
2023-12-25,0.0395451385236873,0.0478110325898931,0.0482166299335389,0.0576450694200552,0.0612512380357274,0.0649383272661928,0.0664337932628745,0.0679130041943749,0.069583472313741,0.0712910619468707,0.0724630885893275,0.0736223758117576,0.0733170294222518,0.0770775048889708,0.0669742276012579,0.0700130630094031,0.0795137201646089,0.0808967993447632
2023-12-22,0.0393132569504661,0.0476461768104033,0.0482120685259868,0.057563622407415,0.061206585670597,0.064850533607154,0.0663460349660276,0.0678415363249013,0.0695306592037955,0.0712197820826897,0.0723861752220684,0.0735398901751496,0.0729060165010755,0.0769503118710125,0.0668911695206233,0.0701437103827413,0.0792604942122621,0.0807275645591883
2023-12-21,0.0393120737428291,0.0469955266847868,0.0482084717159108,0.0570003068736585,0.0605255323125154,0.0642921665557661,0.0657939714957448,0.0672957764357235,0.0689823572095337,0.0706689379833439,0.0718338443071991,0.0729987506310543,0.0724181788698156,0.0764795086658315,0.066315515223175,0.0696305449549819,0.0786618316059341,0.0801228527572808
2023-12-20,0.0392612590728119,0.0469948232326478,0.0482142283959924,0.0570085670814823,0.0606144476601073,0.0643018022168208,0.0658176438100471,0.0672851074800853,0.0689176605706873,0.070661524099285,0.0718265360631497,0.0729915480270145,0.0723635657327091,0.0762553550116508,0.0662178030157148,0.0692929026431812,0.0788610945509289,0.0802101218989004
2023-12-19,0.0393692627804267,0.0469941198015733,0.0485327982925836,0.0570081403802325,0.0606141765563514,0.0643018022168208,0.0658052253017507,0.0672923068314096,0.0689618415903658,0.0706684771217434,0.0718463058757603,0.0729865443503938,0.0722679946303625,0.0762430905608844,0.0663215422402363,0.0694167768909587,0.078973400385065,0.0803202298279285
2023-12-18,0.0396956061843739,0.0469150753991426,0.048532314845197,0.056931945232143,0.0605379063086946,0.0642255671654535,0.0657245599167328,0.0672072592685417,0.0689011153591994,0.0706326126963162,0.0718018649501028,0.0729584079402614,0.0721358976528007,0.0762285730684359,0.0662660048785698,0.0694853431289309,0.0793646128633599,0.0805103582265819
2023-12-15,0.0400294176057989,0.0469071309009003,0.0485277152865886,0.0571630578822776,0.0607689776349397,0.064376630482106,0.0658723633656612,0.0673680962492164,0.0689985123637694,0.0706289284783224,0.071794054150797,0.0729465154137881,0.0720757716403368,0.0762049884140391,0.0661520664285997,0.0692372616840235,0.0795801540285413,0.0806767221135092
2023-12-14,0.0397999853243584,0.0469906029620509,0.048524086490199,0.05723399742706,0.060683120817284,0.064369242869883,0.0658673080610582,0.0673653732522335,0.0689955193067297,0.0706256653612259,0.0717869195845259,0.0729481738078259,0.0720344308685885,0.0764295826577857,0.0663401495699399,0.0695333763046519,0.079295067768633,0.0804024478539602
2023-12-13,0.040076620187985,0.0471073965977998,0.0493416319540161,0.0572423108650613,0.0607697201213487,0.0643775972963346,0.0658903170584584,0.0673547585303017,0.068932333143125,0.070617469661368,0.0717792513586879,0.0729410330560079,0.0726557964424869,0.0779610932089682,0.0667540213446533,0.070099546260046,0.0790581969406126,0.080268897538066
2023-12-12,0.0400754143321044,0.0471066915555697,0.0493411404790253,0.0572418824367187,0.0607694493092943,0.0643775972963346,0.065877931157539,0.0673619570419911,0.0689752541595516,0.0706244023241689,0.0717989686659596,0.0729360488479058,0.0724756399126374,0.0785550597212699,0.0669530946747947,0.0703456709792233,0.0789076382215995,0.0800620122426273
2023-12-11,0.0400742085487871,0.0471059865344436,0.0493406490138226,0.057241454014789,0.060769178492349,0.0643775972963345,0.0658779311575389,0.067361957041991,0.0689752541595515,0.0706244023241689,0.0717895506987902,0.0729420344171657,0.0726535835122752,0.078531865172104,0.0670102727189801,0.0703190666754192,0.0788845294022135,0.0800425618383968
2023-12-08,0.0401797184178798,0.0470980384460623,0.0493359320193688,0.0572358046612295,0.0608039034145825,0.0643744678792995,0.06586981171808,0.0673651555568606,0.0689963113142518,0.0706274670716431,0.0717922483724414,0.0729443690069267,0.0722954654437718,0.0785754948475676,0.0669773747965188,0.07037983793745,0.0789016322300546,0.0800547007128892
2023-12-07,0.0402876301796248,0.0471912769228874,0.0493322018145895,0.0573161948933548,0.0607660088983665,0.0644536708846465,0.065946719652829,0.0674397684210115,0.069069875748713,0.0706999830764145,0.0718613314450253,0.0730226798136361,0.0725833721784052,0.0785785888023759,0.0668650671918422,0.0703922387502236,0.078776188400737,0.0799470608333766
2023-12-06,0.0404054518203017,0.0471905706886628,0.0493381918346603,0.0573245168192454,0.0608533000026351,0.064463350052799,0.0660151163624005,0.0675173582153125,0.0690526610192863,0.0706926435598947,0.0718520985741468,0.073011553588399,0.0723468460997477,0.0781389902825708,0.0669504376287399,0.0703294028979886,0.0789040548129343,0.0799882907401867
2023-12-05,0.0402852062803308,0.047189864475579,0.0493377004281961,0.0573240877981116,0.0608530288297032,0.0644633500527989,0.066002336590738,0.0675245950141342,0.0690946467782334,0.0706995885815349,0.0718717604382665,0.0730065225548897,0.0721668184219391,0.0783942114690144,0.0667316513866213,0.0701674892383317,0.0789724555413665,0.080089982784314
2023-12-04,0.0405121254017465,0.0471891582836319,0.0493372090315204,0.0573236587833997,0.0608527576518736,0.064463350052799,0.0660023365907379,0.067524595014134,0.0690946467782333,0.0706995885815348,0.0718623689662642,0.0730125104337683,0.072165169188828,0.0782994586459154,0.0667775761437163,0.07032024608606,0.0789139178311443,0.0800452999739757
2023-12-01,0.0403398676596937,0.0447331017208597,0.0493260455122644,0.0573937203410483,0.0609386760055517,0.0644868276271993,0.0661190971326752,0.0676811614981307,0.0692406197161263,0.0708000779341219,0.0719743424456729,0.0730861460789499,0.0736450385954662,0.0785053697172931,0.0666216202845944,0.070140493288833,0.0788951101275835,0.0801831955869033
2023-11-30,0.0404675820765044,0.0447402353683401,0.0493384718624788,0.0573889137600756,0.060878042194222,0.064489482048398,0.0661453702874086,0.0676805166756579,0.0692345869866215,0.070788657297585,0.0719769451871966,0.0730893849136415,0.0736892608094138,0.0785003318042425,0.0666314291509648,0.0701503200718284,0.0788858887741504,0.0801762260351328
2023-11-29,0.0404645698663552,0.0447395622083055,0.0496567363389592,0.0574729631769811,0.0610376193644982,0.0645666000640688,0.0661439204582143,0.0677555304261455,0.0693449118089168,0.070881896003245,0.0720803366947746,0.0731675818582241,0.0736875284536098,0.07810751049849,0.0673125449482621,0.0707600253612466,0.0784206939813672,0.0803437058067372
2023-11-28,0.0404633660652641,0.0450623175127993,0.0503031741659396,0.0574346731588362,0.0610561238144977,0.0645630247496757,0.0661635912144746,0.0677641576792734,0.0693820772949876,0.0708795135350636,0.0720091985525436,0.0731634419399688,0.0738358857130812,0.0782878245166542,0.0674900807345977,0.0708390984694787,0.0783928859761575,0.080511827209461
2023-11-27,0.0405811464024825,0.045551576109324,0.0527523608375517,0.0568472357360543,0.0607251444484293,0.0644805030831738,0.0660888400381787,0.0676971769931835,0.0692690595524018,0.0707896850716455,0.0719032245547272,0.0730167640378089,0.0735837624932271,0.0780245189296684,0.0672985256295849,0.0709348602708257,0.077758346982817,0.0802742475680524
2023-11-24,0.040821813936477,0.0455495201616744,0.0527434190442058,0.056841670674543,0.0606540871795442,0.0644707436499993,0.066084830340148,0.0676989170302967,0.0692615923162254,0.0707902964002861,0.0718980758761244,0.073018028752796,0.0734359488790262,0.0780183708436777,0.0671826111827654,0.0707792215075642,0.0782364283986461,0.0806823671985082
2023-11-23,0.0412603259109841,0.0455488348870327,0.0529911105582566,0.0572250518861705,0.0609507398436613,0.0645576098347901,0.0662299648005172,0.0678489467354231,0.0693987339250213,0.0709485211146195,0.072101893302374,0.0732552654901285,0.0734914197394731,0.0779493558133516,0.0670502316254187,0.0707267574482641,0.0783964832024307,0.0808176892570901
2023-11-22,0.0412590986555746,0.0457146883411288,0.0529905809119438,0.0572333152164184,0.0609489643735791,0.0643919192234893,0.0660983061575814,0.0678417884598059,0.0694278090834574,0.0709615433129226,0.072100022412608,0.073250876285116,0.0735865967516784,0.0778241838484611,0.0681271311866343,0.0716510160629487,0.0782628976567943,0.080541721216301
2023-11-21,0.0413768102692765,0.0463604221616904,0.0530671153706425,0.0574316645552039,0.0610469589274408,0.064548626998008,0.0662781734316432,0.0680077198652784,0.0696234326105636,0.0711188263216255,0.0722492517538671,0.073404251652027,0.0721486319734551,0.0783870901319051,0.0683422375023735,0.0718748348771906,0.0782754889717108,0.0805706456252036
2023-11-20,0.0416233499770272,0.0463597247188232,0.0531051149695023,0.0575069486309019,0.0611231089065925,0.0646257198141259,0.0663543470650217,0.0680829743159175,0.0697163993005285,0.0711950787602817,0.0723402488674306,0.0734854189745794,0.0719582236672135,0.0785522110080614,0.0683409873978062,0.0716781473943951,0.078101590143361,0.0804052308421607
2023-11-17,0.0419925722651447,0.0463576325161281,0.0532597790664253,0.0577378046730835,0.0611746012460954,0.064615944119667,0.0663462141083171,0.0680764840969672,0.0697558507211392,0.0711953078275722,0.0723317586396285,0.073480697922147,0.0737721170709553,0.0777450173997628,0.0683250111193413,0.0712665924414206,0.078275008636012,0.0805438075561823
2023-11-16,0.0427379947423038,0.0463569351571939,0.0535845038412785,0.05838537926294,0.0616781690800781,0.0648666175928067,0.0665691044792348,0.0682172566777981,0.0699022762779824,0.0713465787924261,0.0724883769477771,0.073630175103128,0.0739779578203253,0.0793040748110117,0.0684784963007782,0.0718376585008578,0.0782367726188352,0.0804785848008968
2023-11-15,0.043479622294377,0.0484799374367525,0.054546461809728,0.0586114159796698,0.0620155527781196,0.0651705000650259,0.0667902810869872,0.0684452747398607,0.0701572609585416,0.0715722699760227,0.0727349008988935,0.0738604265795451,0.0741588573248672,0.0798658077573944,0.0689532554063108,0.0717211592426605,0.078494870818458,0.0809990690842036
2023-11-14,0.045080390528862,0.0489682145527138,0.0546325061876746,0.0595936039675743,0.0625457819895032,0.065405770298042,0.0669895510944532,0.0685733318908644,0.0703776117164824,0.0718067442516253,0.0729285958196685,0.0740748354652778,0.0739068365141961,0.0804945623507223,0.0695471207498803,0.072756313079908,0.0785835144562046,0.0812954973480255
2023-11-13,0.0448394347792469,0.0489674779559775,0.052706442276496,0.0597536866794401,0.0626636349831536,0.0654827961539343,0.067068984702637,0.0686551732513397,0.0702958016185654,0.0718829312346859,0.0730180892208503,0.0741532472070148,0.0745604360234092,0.0813184748937343,0.0695137814661615,0.0727108171774197,0.078637122663334,0.0812526420953967
2023-11-10,0.044077361777613,0.049131493362064,0.0530153707275433,0.059908099511768,0.0629662788121811,0.0660291481485083,0.0674623576243345,0.0688955671001607,0.0705181209541471,0.0721054018982642,0.073242328917016,0.0743917496392705,0.0749552788272173,0.081381788713068,0.0698471947337729,0.073127043752885,0.0784444666476511,0.0811032974680507
2023-11-09,0.044885438897547,0.0494533824343253,0.0554280196552838,0.0571055292300453,0.0616419908437754,0.0660356265573529,0.0675372856967952,0.0689910195445532,0.0705434776060384,0.0720959356675236,0.0732804749523608,0.0744650142371979,0.074999485074526,0.0814390777508361,0.070067777320976,0.0733316229080956,0.0783609877183071,0.0809909405512592
2023-11-08,0.0454953423887107,0.0494526385954702,0.055504378868954,0.0577383326246033,0.0620441708919158,0.0660356265573529,0.0674836594492841,0.0689631713171268,0.0705594534338098,0.0721031108653274,0.0732932341031303,0.0744453746844075,0.0741004075217011,0.0813356008805845,0.0700599194055601,0.0737172090755298,0.0784178577107824,0.0807933504687155
2023-11-07,0.045637233872645,0.0494518947789914,0.0556672482627334,0.0577379005969704,0.0619521389920722,0.066035626557353,0.0675032042782641,0.0689707819991751,0.0705975163274531,0.0721031108653274,0.073259108636307,0.0744402367936122,0.074057595938475,0.0814115166154224,0.0708348731180475,0.0742520895332911,0.0780803722821802,0.0808178290888102
2023-11-06,0.0458140070879301,0.0504284515288451,0.0558300943988403,0.0580590786762671,0.0622267041795604,0.0662651451940855,0.0676900994472398,0.0691150537003941,0.0707106127663698,0.072254142732368,0.0734687364496874,0.0746833301670068,0.0740264156690398,0.082368280395443,0.0712888175692744,0.0741707219381712,0.0784586297614705,0.0807974945899349
2023-11-03,0.0467357321315156,0.0506704160448491,0.0557818241027845,0.0577317729953062,0.0620699743476554,0.0664157435440385,0.0678934377001247,0.0693711318562109,0.0709048768130324,0.0724052794881838,0.0736623441612932,0.0749332227319093,0.0742370668175931,0.0835069338361128,0.071776721822386,0.075920515640716,0.078183558882119,0.0806569478357997
2023-11-02,0.0470946639600234,0.0510408361210579,0.0559047480305236,0.0577269443863996,0.0621013419632422,0.0664833705271955,0.0679695474594989,0.0694557243918023,0.0709715446803396,0.0724873649688769,0.0736226828231159,0.0747580006773548,0.07406878686013,0.0835743973957077,0.07187601801829,0.0758222201456944,0.0778850071662085,0.0803908925796799
2023-11-01,0.0469448930417646,0.051036792510385,0.0559041893796853,0.0577353085669551,0.0622179988181487,0.0665653325253454,0.0679177950934176,0.0693624710184039,0.0709225050330386,0.0724825390476733,0.0736664165549857,0.0748502940622982,0.074255350396324,0.0839311737353008,0.072169482337214,0.0754781297780345,0.0783576228358839,0.080701495739428
2023-10-31,0.0459938201536425,0.0511011031575432,0.055903630740012,0.0577348765845787,0.0622385092127991,0.066560221449618,0.0679259637126019,0.06937019691024,0.0709509335033005,0.072481221056157,0.0736242140751551,0.0748451384363576,0.0746465495827294,0.0842971097510253,0.0726642643219583,0.0765191313517308,0.0780405228549781,0.0803307369754735
2023-10-30,0.0452503815151556,0.0512239688711628,0.0559799506522367,0.0577344446086666,0.0623005644507447,0.0666366402771711,0.0679997088045999,0.0694578751362678,0.0709912617549735,0.0725579828653902,0.0737098854306944,0.0749279892928551,0.0745933115784989,0.0846285998013783,0.0727483382060311,0.0765078904615667,0.0781174779544685,0.0804629527588161
2023-10-27,0.0455394105384447,0.0514557458188962,0.0559700929055718,0.0577287576289783,0.0625320210851444,0.0666565785718458,0.0680576567308343,0.0694587348898229,0.0709773726792122,0.0724795035361081,0.073650507522501,0.0748475338197026,0.0742716088153691,0.0847003609925378,0.0728720613292681,0.0765024489432239,0.0779609904908166,0.080574666087555
2023-10-26,0.0466299254502522,0.0516375341078171,0.0559008377091087,0.0577239374838667,0.062582913571013,0.0666559686314111,0.0680710626638875,0.0694557245666333,0.0709544736569561,0.0724696925175023,0.0736528491053979,0.0748491518776034,0.0740609359062196,0.0845720654277533,0.0728502055766193,0.0763850189918449,0.0777143372157915,0.0803430655781325
2023-10-25,0.0467274413094193,0.0518124633438584,0.0559771538362206,0.0583658900904793,0.0629188667025645,0.0665769930140686,0.0679358989668164,0.0693396040169075,0.0708508613028654,0.0723787258117459,0.073554034326966,0.0747424018256885,0.0741459712282923,0.0847322860194601,0.0730869608251601,0.0765575677629109,0.0780940967338012,0.0809814645212578
2023-10-24,0.0475962552939635,0.051675035088282,0.0558612819488026,0.0583654534128989,0.0625129246417481,0.0665785646821698,0.0679166100360114,0.0692693591849503,0.0708402918141386,0.0723109521478467,0.0734665877316739,0.074660321191891,0.0743340738548947,0.0847153476697269,0.0740303933080108,0.0774051302596135,0.0773793551675652,0.0804155122396081
2023-10-23,0.0468532248996089,0.0512544890482556,0.0556973489042405,0.0583650167418424,0.0625539486288778,0.0666603534964137,0.0679964690834892,0.0693472672594336,0.0708452553889931,0.0723106785592144,0.0734801827102516,0.0746625385552561,0.0740231464491138,0.0849928081915072,0.0742623938437853,0.0774645827785354,0.0772797227892812,0.0803417505364309
2023-10-20,0.0447388957491649,0.0499862088285515,0.0554473944353115,0.0583592274223852,0.0624722382114794,0.0665941596576362,0.0679324184861947,0.0692706773147531,0.0707753380150108,0.0722472887000455,0.0734104928348365,0.0745864794326471,0.0739474709455047,0.0847345042566488,0.0743394889669485,0.0776577502098991,0.0771706145745601,0.0803871173192838
2023-10-19,0.0427618262002163,0.0490145337032795,0.0552529670689828,0.0578816783393647,0.0621922966978241,0.066512253821458,0.0678596391545622,0.0692070244876665,0.0706870078159602,0.0721669911442539,0.0733402045512718,0.0745134179582898,0.0740286336541918,0.0842963900454455,0.0736465381384487,0.0770334069143189,0.0768808274883446,0.080543905919996
2023-10-18,0.0416518416164367,0.0488740258443414,0.0550985888808315,0.0575779011781774,0.0621940723783274,0.0665250357624759,0.0678467795604159,0.0692120973297165,0.0706862246333481,0.0721603519369798,0.0733390333599873,0.0745177147829948,0.0743194961691415,0.083014125528272,0.0725323430481961,0.0759457844013552,0.0760986445445389,0.0792722370295208
2023-10-17,0.041403088310844,0.0488762375156237,0.0549730428336881,0.056943405135883,0.0617421024952225,0.066447099846593,0.0677936462777548,0.0691549899224458,0.0707123693165244,0.0721703415152363,0.0733329107651366,0.0745338064738248,0.0741200282311756,0.0830519142771397,0.0724082808048544,0.0756488160564805,0.0762596693950644,0.0793905581427152
2023-10-16,0.0411543343518592,0.0485920469669936,0.0547320870499179,0.0569429791264331,0.0617045836305291,0.0663733513746851,0.0677177994273892,0.0690770216345187,0.0706032692916502,0.0720963376518876,0.0732732156508272,0.0744630263750298,0.0741269283570041,0.08293878033735,0.0722934580721157,0.0752894672541387,0.0761992542569316,0.0794416249727519
2023-10-13,0.0411481261389551,0.0484472734100309,0.0547226851549077,0.0569374453146854,0.0616489740493379,0.0663717048416554,0.067724878728052,0.0690780526144485,0.0706062284998374,0.0721011831703264,0.0732760241958969,0.0744637755624076,0.0742540689947088,0.0828259568973985,0.0722624249015335,0.0753897742913102,0.0761777566959973,0.0794258808479842
2023-10-12,0.0409019340723291,0.0484522917665954,0.0548933743758107,0.0564594797561054,0.0614061982698604,0.0663646780248525,0.0677915584327089,0.0692184388405654,0.0706587843627314,0.0720991298848974,0.0733915173297885,0.0746839047746796,0.0746441542166263,0.0830471449850441,0.0723451735068994,0.075442332633999,0.0764799353751593,0.0799060719573813
2023-10-11,0.0411482214746761,0.0492920493003479,0.0549697474828409,0.0574140490617087,0.0620318758978945,0.0663652762457726,0.067749289276119,0.0691789291096636,0.0706711874327093,0.0721634457557551,0.0734501345757002,0.0747368233956454,0.0746554192639228,0.083302983398898,0.0724640501114255,0.0754218150618235,0.0760503365202766,0.0793992041134975
2023-10-10,0.0425029984281181,0.0498481727961059,0.0554498526807836,0.0583593406126507,0.0624370019499145,0.0664358755230924,0.0678255051023413,0.0692304053363072,0.0707127866621932,0.0721629423070817,0.0734123019559944,0.0747028492856404,0.0742460590225558,0.0833397225270378,0.0728015725623467,0.075285066380239,0.0759536930905278,0.079317576065362
2023-10-09,0.0429173385558986,0.0505896556678962,0.0558144766530896,0.0589920321011318,0.0627847656345069,0.0665043274598427,0.0678872787847066,0.0692854273768767,0.0707806671408281,0.0722434016925197,0.0735045803481574,0.0747796181099011,0.0756019780213285,0.0833560802498822,0.072875066441681,0.0754757928970348,0.0759537749606251,0.0793544205807141
2023-10-06,0.0437318081355194,0.0508251760101498,0.0559584355920445,0.0581168289260577,0.0622767066725989,0.0664931848026873,0.0678977285430661,0.0693178783250047,0.0707987108070582,0.0722473512786323,0.0735183046087897,0.0748032244590587,0.0744183785746473,0.0836659706302138,0.0730397285784557,0.0757271307904371,0.0762869079791725,0.0794170769978402
2023-10-05,0.0440597323122052,0.0508307092574966,0.0560524308331096,0.0583482361204269,0.0624709226194875,0.0666497034682643,0.0680918469433052,0.0695500142347354,0.0709335154476632,0.072317016660591,0.0736326630690811,0.0749483094775713,0.074956572942439,0.0840005744627514,0.073450716188489,0.0759077614022156,0.0766143920546572,0.0797562437161838
2023-10-04,0.0437320252928338,0.0503417684412665,0.0557252125241533,0.0583567212330631,0.0626453780782776,0.0666707040194306,0.0680840825589125,0.0695440559953003,0.0709271925386477,0.0723103290819952,0.0736274741954866,0.074944619308978,0.0748405711766588,0.0838170703915959,0.0732553114392378,0.0759914470617134,0.0765120768147698,0.0796557739493495
2023-10-03,0.0425733137121101,0.050038288256315,0.0550038103282944,0.058242851347039,0.0622951781994133,0.0662700351619889,0.0677054259489486,0.0691565902610398,0.070712344114919,0.0721687945313166,0.0734635693583268,0.074801029069744,0.074856513162817,0.0829362925675391,0.0726524612173165,0.0756377717469066,0.0760518967249584,0.0790690030057043
2023-10-02,0.0422455482172173,0.0491779473635234,0.0550032608451569,0.0582424156617032,0.0622221285540123,0.0661258759907372,0.0675893666237434,0.0690689395713981,0.0706108911916357,0.0720229942543796,0.0733644594430668,0.0747206660074538,0.0750975845352475,0.081799728660279,0.0714220461088944,0.074416714873557,0.0766247255338925,0.0793443262689851
2023-09-29,0.0410888212843247,0.048817084489845,0.0545132044131679,0.0574045852416414,0.061674252156809,0.0659553596968584,0.0673670313526288,0.0687787030083992,0.0702365005986758,0.0716942981889524,0.0730121711103726,0.0743445261518083,0.0748249828804588,0.0812007471358978,0.0709636194637361,0.0740933136933813,0.0761710092546593,0.0787710870568758
2023-09-28,0.0407621712679888,0.0473499254442554,0.0542029130746901,0.0570498411845604,0.0615457184354372,0.0659050206405174,0.0673306052689078,0.0687106925155412,0.0701657804727155,0.0716208684298898,0.0729445897868087,0.0742683111437276,0.0742158659467953,0.0809612276285202,0.0707004974876653,0.0736063685104337,0.0760599924130152,0.0787238033945375
2023-09-27,0.0407621712679883,0.0472220749783323,0.0538849053887322,0.0569348861578097,0.0614396589851408,0.0659064569098179,0.0672491996440093,0.0686211324376395,0.0701502206092549,0.0716288992807072,0.0729718929173322,0.0742720250549161,0.0740090324381342,0.0808064604622726,0.0702975339953577,0.073515993965215,0.0762137732413571,0.0787757258305014
2023-09-26,0.045283414111639,0.048687839115533,0.0494608959880754,0.0513819340820112,0.0551324186598019,0.0588511740138576,0.0607952345810008,0.0627392951481441,0.0645817615555647,0.0664039810793872,0.0679745730067119,0.0695793082368046,0.069636601339182,0.0759478004546304,0.0656981019125687,0.0688925317231532,0.0714559415387282,0.0737526459249522
2023-09-25,0.0397721602570232,0.0472206553632836,0.0538838288532836,0.0566973787360961,0.0613215477440909,0.065906456909838,0.0672913171038425,0.0686761772978469,0.0702207294365865,0.0717483084749004,0.0729925986492454,0.0742368888235903,0.0740547495325952,0.0805803079791214,0.0702171940923706,0.0735186024920256,0.0762301754926705,0.0787809540079524
2023-09-22,0.0386135370872231,0.0472185261007429,0.0538747748082095,0.0566919109011881,0.0613076616841286,0.0659348076669547,0.0672281457645182,0.0685214838620818,0.0700551508460452,0.0715888178300086,0.0728243670361724,0.0740734937061402,0.0739566634304878,0.0806083910848227,0.069803086061183,0.0732369354101666,0.0761489857664776,0.0786715284013917
2023-09-21,0.0396038340809638,0.0467287904039799,0.0537950862930344,0.0564506594062014,0.0612107874855203,0.0658253099610881,0.0671535954792593,0.0684394889064251,0.0700542870179314,0.0716690851294376,0.0728774715790327,0.0740858580286277,0.0740698430828795,0.0802819241711584,0.0695059897105825,0.0729602842067565,0.0762802416902656,0.0788054815055732
2023-09-20,0.0394454029914678,0.0467280880639319,0.0539196197897967,0.0562217964764105,0.06100569863246,0.0657482646476458,0.0671239505070837,0.0685295425808572,0.0701714581075755,0.0717592445509953,0.0729866908154895,0.0741749632630317,0.074424322884133,0.0800123706329228,0.0694470169616266,0.0727049287888225,0.0763886975981834,0.0788848298508664
2023-09-19,0.0400592886078447,0.0481940624491764,0.0537940116164398,0.0559845626541739,0.060961565299215,0.0658954134429233,0.0673424080005342,0.0687894025581452,0.0703984349614946,0.0719897856900819,0.073190342205445,0.0744169977754899,0.0746017255156619,0.0803559081857104,0.0699091021105977,0.0732035803845677,0.076462187509569,0.0790139443381857
2023-09-18,0.0408017666262249,0.049053277141602,0.0543609980506339,0.0577163074578972,0.0618961962662734,0.0660397163296363,0.0674614118294151,0.068883107329194,0.0705634005395756,0.0722252289894036,0.0733381141801532,0.0744509993709029,0.074709734138849,0.0807051534666337,0.0700415047430394,0.0734345157042357,0.0764006493588438,0.0789911834862336
