Date,3M,6M,9M,1Y,15M,18M,21M,2Y,27M,30M,33M,3Y,5Y,7Y,10Y,15Y,20Y,30Y
8/28/2026,0.07693,0.08042,0.08356,0.091488538,0.091678538,0.091868538,0.092028538,0.092488538,0.092718538,0.093098538,0.093258538,0.093408538,0.099058538,0.099558538,0.100858538,0.102148538,0.103028538,0.103698538
8/27/2026,0.07679,0.08042,0.08356,0.091638538,0.091828538,0.092028538,0.092178538,0.092638538,0.092868538,0.093258538,0.093408538,0.093568538,0.099208538,0.099698538,0.101038538,0.102308538,0.103188538,0.103858538
8/26/2026,0.07679,0.08167,0.08325,0.091638538,0.091828538,0.092028538,0.092178538,0.092638538,0.092868538,0.093258538,0.093408538,0.093568538,0.099168538,0.099698538,0.101008538,0.102308538,0.103188538,0.103858538
8/25/2026,0.07679,0.08167,0.08439,0.091638538,0.091828538,0.092028538,0.092178538,0.092638538,0.092868538,0.093258538,0.093408538,0.093568538,0.099168538,0.099698538,0.101058538,0.102308538,0.103188538,0.103858538
8/24/2026,0.07679,0.08167,0.08325,0.091638538,0.091828538,0.092028538,0.092178538,0.092638538,0.092868538,0.093258538,0.093408538,0.093568538,0.099158538,0.099668538,0.100988538,0.102308538,0.103188538,0.103858538
8/22/2026,0.07693,0.08167,0.08325,0.091638538,0.091828538,0.092028538,0.092178538,0.092638538,0.092868538,0.093258538,0.093408538,0.093568538,0.099018538,0.099618538,0.100978538,0.102308538,0.103188538,0.103858538
8/21/2026,0.07693,0.08167,0.08325,0.091638538,0.091828538,0.092028538,0.092178538,0.092638538,0.092868538,0.093258538,0.093408538,0.093568538,0.099018538,0.099618538,0.100978538,0.102308538,0.103188538,0.103858538
8/20/2026,0.07693,0.08167,0.08325,0.091638538,0.091828538,0.092028538,0.092178538,0.092638538,0.092868538,0.093258538,0.093408538,0.093568538,0.099018538,0.099618538,0.101008538,0.102308538,0.103188538,0.103858538
8/19/2026,0.07807,0.08167,0.08431,0.091638538,0.091828538,0.092028538,0.092178538,0.092638538,0.092868538,0.093258538,0.093408538,0.093568538,0.099068538,0.099628538,0.101028538,0.102308538,0.103188538,0.103858538
8/18/2026,0.07821,0.08133,0.08325,0.091638538,0.091828538,0.092028538,0.092178538,0.092638538,0.092868538,0.093258538,0.093408538,0.093568538,0.098908538,0.099618538,0.101008538,0.102308538,0.103188538,0.103858538
8/17/2026,0.07821,0.08019,0.08231,0.091638538,0.091828538,0.092028538,0.092178538,0.092638538,0.092868538,0.093258538,0.093408538,0.093568538,0.099008538,0.099638538,0.101058538,0.102308538,0.103188538,0.103858538
8/14/2026,0.07717,0.084,0.08231,0.091638538,0.091828538,0.092028538,0.092178538,0.092638538,0.092868538,0.093258538,0.093408538,0.093568538,0.098898538,0.099558538,0.100768538,0.102268538,0.103188538,0.103858538
8/13/2026,0.07683,0.084,0.08231,0.091638538,0.091828538,0.092028538,0.092178538,0.092638538,0.092868538,0.093258538,0.093408538,0.093568538,0.099008538,0.099588538,0.100758538,0.102268538,0.103188538,0.103858538
8/12/2026,0.077,0.08488,0.08325,0.091638538,0.091828538,0.092028538,0.092178538,0.092638538,0.092868538,0.093258538,0.093408538,0.093568538,0.098868538,0.099508538,0.100758538,0.102268538,0.103188538,0.103858538
8/11/2026,0.07743,0.084,0.08325,0.091638538,0.091828538,0.092028538,0.092178538,0.092638538,0.092868538,0.093258538,0.093408538,0.093568538,0.098978538,0.099628538,0.100828538,0.102388538,0.103308538,0.103978538
8/10/2026,0.07743,0.084,0.08325,0.091678538,0.091828538,0.092028538,0.092178538,0.092638538,0.092868538,0.093258538,0.093408538,0.093568538,0.098978538,0.099598538,0.100808538,0.102388538,0.103308538,0.103978538
8/7/2026,0.07757,0.084,0.08325,0.091678538,0.091828538,0.092028538,0.092178538,0.092638538,0.092868538,0.093258538,0.093408538,0.093568538,0.098878538,0.099578538,0.100798538,0.102388538,0.103308538,0.103978538
8/6/2026,0.07743,0.084,0.08325,0.091678538,0.091828538,0.092028538,0.092178538,0.092638538,0.092868538,0.093258538,0.093408538,0.093568538,0.098848538,0.099508538,0.100768538,0.102388538,0.103268538,0.103928538
8/5/2026,0.07757,0.084,0.08325,0.091678538,0.091828538,0.092028538,0.092178538,0.092638538,0.092868538,0.093258538,0.093408538,0.093568538,0.098918538,0.099528538,0.100818538,0.102478538,0.103318538,0.103978538
8/4/2026,0.07706,0.084,0.08148,0.091678538,0.091828538,0.092028538,0.092178538,0.092638538,0.092868538,0.093258538,0.093408538,0.093568538,0.098958538,0.099528538,0.100858538,0.102478538,0.103318538,0.103978538
8/3/2026,0.07719,0.084,0.08148,0.091678538,0.091828538,0.092028538,0.092178538,0.092638538,0.092868538,0.093258538,0.093408538,0.093568538,0.098908538,0.099448538,0.100838538,0.102478538,0.103318538,0.103978538
7/31/2026,0.07706,0.084,0.08148,0.091678538,0.091828538,0.092028538,0.092178538,0.092638538,0.092868538,0.093258538,0.093408538,0.093568538,0.099288538,0.099838538,0.101248538,0.102928538,0.103728538,0.104388538
7/30/2026,0.07669,0.084,0.0811,0.091258538,0.091298538,0.091528538,0.091678538,0.092178538,0.092328538,0.092718538,0.092868538,0.092948538,0.098708538,0.099218538,0.100648538,0.102268538,0.103108538,0.103768538
7/29/2026,0.07656,0.084,0.0811,0.091258538,0.091298538,0.091528538,0.091678538,0.092178538,0.092328538,0.092718538,0.092868538,0.092948538,0.098668538,0.099248538,0.100618538,0.102268538,0.103108538,0.103768538
7/28/2026,0.07656,0.084,0.0811,0.091258538,0.091298538,0.091528538,0.091678538,0.092178538,0.092328538,0.092718538,0.092868538,0.092948538,0.098638538,0.099218538,0.100608538,0.102268538,0.103108538,0.103768538
7/27/2026,0.07656,0.08233,0.08071,0.090868538,0.090908538,0.091138538,0.091298538,0.091868538,0.092028538,0.092408538,0.092568538,0.092638538,0.098348538,0.098908538,0.100298538,0.101958538,0.102798538,0.103458538
7/24/2026,0.07756,0.08233,0.08071,0.090868538,0.090908538,0.091138538,0.091298538,0.091868538,0.092028538,0.092408538,0.092568538,0.092638538,0.098478538,0.099088538,0.100438538,0.102168538,0.102968538,0.103628538
7/23/2026,0.07771,0.08113,0.08071,0.090868538,0.090908538,0.091138538,0.091298538,0.091868538,0.092028538,0.092408538,0.092568538,0.092638538,0.098498538,0.099078538,0.100478538,0.102168538,0.102968538,0.103628538
7/22/2026,0.07786,0.08113,0.08063,0.090798538,0.090908538,0.091138538,0.091298538,0.091868538,0.092028538,0.092408538,0.092568538,0.092638538,0.098528538,0.099088538,0.100458538,0.102168538,0.102968538,0.103628538
7/21/2026,0.078,0.08138,0.08071,0.090868538,0.090908538,0.091138538,0.091298538,0.091868538,0.092028538,0.092408538,0.092568538,0.092638538,0.098828538,0.099408538,0.100798538,0.102498538,0.103298538,0.103958538
7/20/2026,0.078,0.08138,0.08071,0.090868538,0.090908538,0.091138538,0.091298538,0.091868538,0.092028538,0.092408538,0.092568538,0.092638538,0.098938538,0.099508538,0.100868538,0.102628538,0.103428538,0.104088538
7/17/2026,0.07786,0.08138,0.08071,0.090868538,0.090908538,0.091138538,0.091298538,0.091868538,0.092028538,0.092408538,0.092568538,0.092638538,0.098918538,0.099518538,0.100898538,0.102658538,0.103428538,0.104088538
7/16/2026,0.07786,0.08113,0.08071,0.090868538,0.090948538,0.091178538,0.091298538,0.091868538,0.092028538,0.092408538,0.092568538,0.092638538,0.099078538,0.099608538,0.100948538,0.102708538,0.103378538,0.104048538
7/15/2026,0.078,0.08138,0.08071,0.090868538,0.090948538,0.091178538,0.091298538,0.091868538,0.092028538,0.092408538,0.092568538,0.092638538,0.098988538,0.099588538,0.100928538,0.102668538,0.103378538,0.104048538
7/14/2026,0.078,0.08138,0.08071,0.090868538,0.090948538,0.091178538,0.091298538,0.091868538,0.092028538,0.092408538,0.092568538,0.092638538,0.098988538,0.099588538,0.100908538,0.102668538,0.103338538,0.104048538
7/13/2026,0.079,0.08138,0.08071,0.090798538,0.090948538,0.091178538,0.091298538,0.091868538,0.092028538,0.092408538,0.092568538,0.092638538,0.098988538,0.099588538,0.100908538,0.102668538,0.103338538,0.104048538
7/10/2026,0.07925,0.08138,0.08063,0.090718538,0.090868538,0.091098538,0.091298538,0.091798538,0.091948538,0.092328538,0.092568538,0.092638538,0.098988538,0.099568538,0.100908538,0.102668538,0.103338538,0.104048538
7/9/2026,0.07925,0.08138,0.08063,0.090718538,0.090868538,0.091098538,0.091298538,0.091798538,0.091948538,0.092328538,0.092568538,0.092638538,0.098988538,0.099568538,0.100898538,0.102588538,0.103088538,0.103878538
7/8/2026,0.07925,0.08113,0.08063,0.090718538,0.090868538,0.091098538,0.091298538,0.091798538,0.091948538,0.092328538,0.092568538,0.092638538,0.098918538,0.099518538,0.100918538,0.102668538,0.103338538,0.104048538
7/7/2026,0.07825,0.08088,0.08012,0.090718538,0.090868538,0.091098538,0.091298538,0.091798538,0.091948538,0.092328538,0.092568538,0.092638538,0.098898538,0.099508538,0.100918538,0.102668538,0.103338538,0.104048538
7/6/2026,0.07841,0.0815,0.08019,0.090798538,0.090948538,0.091178538,0.091368538,0.091868538,0.092028538,0.092408538,0.092638538,0.092718538,0.098978538,0.099588538,0.100978538,0.102728538,0.103418538,0.104128538
7/3/2026,0.07841,0.0815,0.08004,0.090718538,0.090868538,0.091098538,0.091218538,0.091798538,0.091948538,0.092328538,0.092488538,0.092568538,0.098828538,0.099438538,0.100818538,0.102578538,0.103268538,0.103978538
7/2/2026,0.07841,0.0817,0.08004,0.090718538,0.090868538,0.091098538,0.091218538,0.091798538,0.091948538,0.092328538,0.092488538,0.092568538,0.098828538,0.099438538,0.100848538,0.102598538,0.103268538,0.103978538
7/1/2026,0.07828,0.0813,0.08004,0.090718538,0.090868538,0.091098538,0.091218538,0.091798538,0.091948538,0.092328538,0.092488538,0.092568538,0.098868538,0.099468538,0.100838538,0.102598538,0.103268538,0.103978538
6/30/2026,0.07866,0.0815,0.08012,0.090718538,0.090828538,0.091138538,0.091258538,0.091828538,0.091988538,0.092368538,0.092528538,0.092598538,0.098868538,0.099448538,0.100838538,0.102578538,0.103258538,0.103988538
6/29/2026,0.07853,0.0813,0.08012,0.090718538,0.090828538,0.091138538,0.091258538,0.091828538,0.091988538,0.092368538,0.092528538,0.092598538,0.098858538,0.099398538,0.100918538,0.102688538,0.103128538,0.103838538
6/26/2026,0.07839,0.08092,0.07996,0.090638538,0.090828538,0.091138538,0.091258538,0.091828538,0.091988538,0.092368538,0.092528538,0.092598538,0.098848538,0.099398538,0.100888538,0.102638538,0.103128538,0.103838538
6/25/2026,0.07839,0.08058,0.07988,0.090638538,0.090828538,0.091138538,0.091258538,0.091828538,0.091988538,0.092368538,0.092528538,0.092598538,0.098908538,0.099518538,0.101028538,0.102788538,0.103258538,0.103968538
6/24/2026,0.07839,0.08042,0.07988,0.090638538,0.090828538,0.091138538,0.091258538,0.091828538,0.091988538,0.092368538,0.092528538,0.092598538,0.098908538,0.099518538,0.101018538,0.102768538,0.103258538,0.103968538
6/23/2026,0.07839,0.08042,0.07988,0.090638538,0.090828538,0.091138538,0.091258538,0.091828538,0.091988538,0.092368538,0.092528538,0.092598538,0.098908538,0.099518538,0.100998538,0.102728538,0.103258538,0.103968538
6/22/2026,0.07839,0.08025,0.07981,0.090408538,0.090528538,0.090988538,0.091098538,0.091678538,0.091828538,0.092298538,0.092448538,0.092528538,0.098768538,0.099448538,0.100958538,0.102678538,0.103188538,0.103898538
6/19/2026,0.07811,0.08008,0.07962,0.090528538,0.090638538,0.091028538,0.091138538,0.091718538,0.091868538,0.092258538,0.092408538,0.092488538,0.098838538,0.099408538,0.100848538,0.102608538,0.103148538,0.103858538
6/18/2026,0.07828,0.07992,0.07954,0.090448538,0.090598538,0.090988538,0.091098538,0.091678538,0.091828538,0.092218538,0.092368538,0.092448538,0.098768538,0.099298538,0.100798538,0.102548538,0.103028538,0.103778538
6/17/2026,0.07791,0.07992,0.07954,0.090448538,0.090598538,0.090988538,0.091098538,0.091678538,0.091828538,0.092218538,0.092368538,0.092448538,0.098568538,0.099018538,0.100548538,0.102458538,0.103048538,0.103818538
6/16/2026,0.07753,0.07992,0.07954,0.090448538,0.090598538,0.090988538,0.091098538,0.091678538,0.091828538,0.092218538,0.092368538,0.092448538,0.098568538,0.099018538,0.100528538,0.102458538,0.102878538,0.103658538
6/15/2026,0.07753,0.07975,0.07942,0.090178538,0.090488538,0.090598538,0.090948538,0.091528538,0.091678538,0.091988538,0.092138538,0.092218538,0.098258538,0.098728538,0.100298538,0.102228538,0.102738538,0.103508538
6/12/2026,0.07753,0.0795,0.07965,0.090178538,0.090488538,0.090598538,0.090948538,0.091528538,0.091678538,0.091988538,0.092138538,0.092218538,0.098258538,0.098728538,0.100268538,0.102218538,0.102738538,0.103508538
6/11/2026,0.07753,0.0795,0.07942,0.090098538,0.090408538,0.090528538,0.090868538,0.091448538,0.091598538,0.091908538,0.092068538,0.092138538,0.098218538,0.098688538,0.100228538,0.102148538,0.102658538,0.103298538
6/10/2026,0.07741,0.0795,0.07942,0.090098538,0.090408538,0.090528538,0.090868538,0.091448538,0.091598538,0.091908538,0.092068538,0.092138538,0.098178538,0.098678538,0.100288538,0.102268538,0.102728538,0.103338538
6/9/2026,0.07761,0.0788,0.07942,0.090138538,0.090408538,0.090528538,0.090868538,0.091448538,0.091598538,0.091908538,0.092068538,0.092138538,0.098198538,0.098648538,0.100298538,0.102138538,0.102758538,0.103368538
6/8/2026,0.07761,0.0792,0.07942,0.090138538,0.090408538,0.090528538,0.090868538,0.091448538,0.091598538,0.091908538,0.092068538,0.092138538,0.098198538,0.098648538,0.100258538,0.102108538,0.102718538,0.103368538
6/5/2026,0.07689,0.0788,0.07927,0.089908538,0.090328538,0.090448538,0.090798538,0.091298538,0.091528538,0.091828538,0.091988538,0.092138538,0.098228538,0.098688538,0.100288538,0.102118538,0.102718538,0.103368538
6/4/2026,0.07689,0.0788,0.07923,0.089908538,0.090328538,0.090448538,0.090798538,0.091298538,0.091528538,0.091828538,0.091988538,0.092138538,0.098268538,0.098728538,0.100328538,0.102158538,0.102758538,0.103408538
6/3/2026,0.07689,0.0789,0.07935,0.090068538,0.090328538,0.090448538,0.090798538,0.091368538,0.091528538,0.091828538,0.092068538,0.092138538,0.098328538,0.098798538,0.100368538,0.102128538,0.102848538,0.103498538
6/2/2026,0.07732,0.0793,0.07935,0.089678538,0.090178538,0.090298538,0.090638538,0.091138538,0.091368538,0.091678538,0.091908538,0.092068538,0.098418538,0.098888538,0.100448538,0.102218538,0.102608538,0.103168538
6/1/2026,0.07746,0.0798,0.07946,0.089868538,0.090218538,0.090328538,0.090678538,0.091258538,0.091408538,0.091718538,0.092028538,0.092098538,0.098648538,0.099128538,0.100708538,0.102458538,0.102408538,0.103118538
5/29/2026,0.07675,0.0782,0.07896,0.089568538,0.089908538,0.090028538,0.090368538,0.090868538,0.091028538,0.091328538,0.091638538,0.091718538,0.098248538,0.098748538,0.100238538,0.102008538,0.101848538,0.102528538
5/28/2026,0.07689,0.0778,0.07827,0.088638538,0.088988538,0.089178538,0.089528538,0.090098538,0.090258538,0.090638538,0.090948538,0.091098538,0.097798538,0.098098538,0.099778538,0.101538538,0.100898538,0.101568538
5/27/2026,0.07718,0.0778,0.07819,0.088488538,0.088828538,0.089028538,0.089448538,0.089948538,0.090098538,0.090488538,0.090798538,0.090948538,0.097148538,0.097808538,0.098968538,0.100218538,0.100728538,0.101358538
5/26/2026,0.07732,0.0776,0.07812,0.088488538,0.088828538,0.089028538,0.089448538,0.089948538,0.090098538,0.090488538,0.090798538,0.090948538,0.097108538,0.097778538,0.098948538,0.100218538,0.100728538,0.101358538
5/25/2026,0.07654,0.0772,0.07804,0.088408538,0.088828538,0.089028538,0.089368538,0.089948538,0.090098538,0.090488538,0.090798538,0.090948538,0.097108538,0.097778538,0.098948538,0.100218538,0.100728538,0.101358538
5/22/2026,0.07639,0.0772,0.07796,0.088328538,0.088758538,0.088948538,0.089298538,0.089868538,0.090028538,0.090408538,0.090718538,0.090868538,0.096978538,0.097698538,0.098898538,0.100138538,0.100608538,0.101238538
5/21/2026,0.07639,0.077,0.07788,0.088258538,0.088678538,0.088868538,0.089218538,0.089798538,0.089948538,0.090328538,0.090638538,0.090798538,0.096908538,0.097628538,0.098808538,0.099998538,0.100538538,0.101168538
5/20/2026,0.07639,0.077,0.07796,0.088258538,0.088678538,0.088868538,0.089218538,0.089798538,0.089948538,0.090328538,0.090638538,0.090798538,0.096888538,0.097628538,0.098738538,0.099968538,0.100498538,0.101128538
5/19/2026,0.07695,0.07625,0.0775,0.088258538,0.088678538,0.088868538,0.089218538,0.089798538,0.089948538,0.090328538,0.090638538,0.090798538,0.096798538,0.097618538,0.098698538,0.099858538,0.100328538,0.100958538
5/18/2026,0.07695,0.07625,0.0775,0.088258538,0.088678538,0.088868538,0.089218538,0.089798538,0.089948538,0.090328538,0.090638538,0.090798538,0.096758538,0.097618538,0.098738538,0.099808538,0.100328538,0.100958538
5/15/2026,0.07675,0.07625,0.0775,0.088098538,0.088448538,0.088638538,0.088988538,0.089568538,0.089718538,0.090098538,0.090328538,0.090488538,0.096488538,0.097308538,0.098388538,0.099488538,0.100018538,0.100648538
5/14/2026,0.07671,0.0758,0.0775,0.088258538,0.088678538,0.088868538,0.089218538,0.089798538,0.089948538,0.090328538,0.090638538,0.090798538,0.096738538,0.097618538,0.098728538,0.099798538,0.100328538,0.100958538
5/13/2026,0.07638,0.076,0.0775,0.088258538,0.088678538,0.088868538,0.089218538,0.089798538,0.089948538,0.090328538,0.090638538,0.090798538,0.096728538,0.097588538,0.098678538,0.099778538,0.100278538,0.100898538
5/12/2026,0.07621,0.076,0.0775,0.088258538,0.088678538,0.088868538,0.089218538,0.089798538,0.089948538,0.090328538,0.090638538,0.090798538,0.096798538,0.097588538,0.098658538,0.099758538,0.100278538,0.100898538
5/11/2026,0.07588,0.0762,0.0775,0.088258538,0.088568538,0.088758538,0.089098538,0.089678538,0.089828538,0.090218538,0.090528538,0.090678538,0.096638538,0.097468538,0.098528538,0.099638538,0.100158538,0.100778538
5/8/2026,0.07604,0.0762,0.0775,0.088408538,0.088638538,0.088828538,0.089178538,0.089758538,0.089908538,0.090298538,0.090598538,0.090758538,0.096758538,0.097548538,0.098608538,0.099718538,0.100238538,0.100858538
5/7/2026,0.07638,0.0762,0.0775,0.088408538,0.088638538,0.088828538,0.089178538,0.089758538,0.089908538,0.090298538,0.090598538,0.090758538,0.096758538,0.097548538,0.098608538,0.099628538,0.100188538,0.100818538
5/6/2026,0.07654,0.0762,0.0775,0.088408538,0.088638538,0.088828538,0.089178538,0.089758538,0.089908538,0.090298538,0.090598538,0.090758538,0.096828538,0.097548538,0.098608538,0.099608538,0.100188538,0.100818538
5/5/2026,0.07654,0.0762,0.0775,0.088408538,0.088638538,0.088828538,0.089178538,0.089758538,0.089908538,0.090298538,0.090598538,0.090758538,0.096758538,0.097548538,0.098578538,0.099608538,0.100188538,0.100818538
5/4/2026,0.07671,0.0762,0.0775,0.088408538,0.088638538,0.088828538,0.089178538,0.089758538,0.089908538,0.090298538,0.090598538,0.090758538,0.096628538,0.097388538,0.098348538,0.099438538,0.100018538,0.100768538
4/29/2026,0.07671,0.0766,0.0775,0.088408538,0.088638538,0.088828538,0.089178538,0.089758538,0.089908538,0.090298538,0.090598538,0.090758538,0.096658538,0.097388538,0.098448538,0.099438538,0.100018538,0.100768538
4/28/2026,0.07671,0.0766,0.0775,0.088408538,0.088638538,0.088828538,0.089178538,0.089758538,0.089908538,0.090298538,0.090598538,0.090758538,0.096908538,0.097638538,0.098668538,0.099678538,0.100268538,0.101018538
4/24/2026,0.07704,0.07613,0.07775,0.088408538,0.088638538,0.088828538,0.089178538,0.089758538,0.089908538,0.090298538,0.090598538,0.090828538,0.096978538,0.097708538,0.098738538,0.099748538,0.100338538,0.101088538
4/23/2026,0.07704,0.07638,0.07775,0.088408538,0.088638538,0.088828538,0.089178538,0.089828538,0.089988538,0.090368538,0.090678538,0.090828538,0.097018538,0.097708538,0.098738538,0.099738538,0.100338538,0.101088538
4/22/2026,0.07696,0.07638,0.07775,0.088448538,0.088678538,0.088868538,0.089218538,0.089868538,0.090028538,0.090408538,0.090718538,0.090868538,0.097078538,0.097818538,0.098838538,0.099818538,0.100418538,0.101088538
4/21/2026,0.07685,0.076,0.07775,0.088448538,0.088678538,0.088868538,0.089218538,0.089868538,0.090028538,0.090408538,0.090718538,0.090868538,0.097128538,0.098238538,0.099258538,0.100238538,0.100798538,0.101468538
4/20/2026,0.07635,0.0766,0.07775,0.088448538,0.088678538,0.088868538,0.089218538,0.089868538,0.090028538,0.090408538,0.090718538,0.090868538,0.097198538,0.097798538,0.098838538,0.099788538,0.100418538,0.101168538
4/17/2026,0.07635,0.0766,0.07775,0.088448538,0.088678538,0.088868538,0.089218538,0.089868538,0.090028538,0.090408538,0.090718538,0.090868538,0.097598538,0.098158538,0.099158538,0.100178538,0.100798538,0.101548538
4/16/2026,0.07635,0.0766,0.07775,0.088448538,0.088678538,0.088868538,0.089218538,0.089868538,0.090028538,0.090408538,0.090718538,0.090868538,0.097478538,0.098158538,0.099148538,0.100158538,0.100788538,0.101538538
4/15/2026,0.07725,0.0766,0.07775,0.088528538,0.088758538,0.088868538,0.089298538,0.089868538,0.090098538,0.090408538,0.090798538,0.090868538,0.097578538,0.098128538,0.099118538,0.100098538,0.100788538,0.101538538
4/14/2026,0.07815,0.077,0.07775,0.088678538,0.088828538,0.089028538,0.089368538,0.090028538,0.090178538,0.090568538,0.090868538,0.091028538,0.097758538,0.098318538,0.099348538,0.100288538,0.100898538,0.101738538
4/13/2026,0.07825,0.077,0.07775,0.088528538,0.088678538,0.088868538,0.089218538,0.089868538,0.090028538,0.090408538,0.090718538,0.090868538,0.097578538,0.098188538,0.099208538,0.100128538,0.100738538,0.101578538
4/10/2026,0.07825,0.0778,0.07725,0.088528538,0.088678538,0.088868538,0.089218538,0.089868538,0.090028538,0.090408538,0.090718538,0.090868538,0.097658538,0.098188538,0.099238538,0.100128538,0.100738538,0.101578538
4/9/2026,0.07755,0.0782,0.07725,0.088218538,0.088408538,0.088598538,0.088988538,0.089638538,0.089718538,0.090098538,0.090408538,0.090568538,0.097318538,0.097898538,0.098868538,0.099828538,0.100438538,0.101278538
4/8/2026,0.07755,0.0785,0.07725,0.088218538,0.088488538,0.088678538,0.089218538,0.089868538,0.089948538,0.090258538,0.090568538,0.090718538,0.097398538,0.098018538,0.099008538,0.099978538,0.100588538,0.101428538
4/7/2026,0.07755,0.0785,0.07725,0.088218538,0.088488538,0.088678538,0.089218538,0.089868538,0.089948538,0.090258538,0.090568538,0.090718538,0.097438538,0.097978538,0.098998538,0.099928538,0.100588538,0.101428538
4/6/2026,0.07755,0.0786,0.07725,0.087908538,0.088178538,0.088448538,0.088988538,0.089488538,0.089568538,0.089868538,0.090178538,0.090328538,0.097008538,0.097588538,0.098618538,0.099508538,0.100198538,0.101038538
4/3/2026,0.07755,0.0781,0.0765,0.087448538,0.087638538,0.088068538,0.088598538,0.089028538,0.089098538,0.089408538,0.089638538,0.089798538,0.096558538,0.097138538,0.098098538,0.098968538,0.099748538,0.100588538
4/2/2026,0.07755,0.0787,0.0765,0.087488538,0.087638538,0.088068538,0.088598538,0.089028538,0.089098538,0.089408538,0.089638538,0.089798538,0.096558538,0.097088538,0.098048538,0.098968538,0.099748538,0.100588538
4/1/2026,0.077,0.07871,0.0765,0.087098538,0.087408538,0.087758538,0.088528538,0.088948538,0.089098538,0.089568538,0.089798538,0.089948538,0.096638538,0.097238538,0.098228538,0.099118538,0.099898538,0.100738538
3/31/2026,0.077,0.07854,0.07617,0.087488538,0.087258538,0.087758538,0.088068538,0.088568538,0.088568538,0.088798538,0.089028538,0.089178538,0.095908538,0.096468538,0.097428538,0.098348538,0.099128538,0.099968538
3/30/2026,0.077,0.07788,0.07617,0.086948538,0.086568538,0.087138538,0.087218538,0.087798538,0.087798538,0.088028538,0.088258538,0.088408538,0.095168538,0.095698538,0.096608538,0.097578538,0.098358538,0.099198538
3/27/2026,0.07683,0.07738,0.07683,0.086718538,0.086408538,0.086988538,0.087068538,0.087638538,0.087638538,0.087868538,0.088098538,0.088258538,0.095018538,0.095548538,0.096508538,0.097428538,0.098208538,0.099048538
3/26/2026,0.0765,0.07654,0.0765,0.085868538,0.085488538,0.086028538,0.086328538,0.086948538,0.086948538,0.087178538,0.087408538,0.087408538,0.094238538,0.094698538,0.095538538,0.096578538,0.097358538,0.098158538
3/25/2026,0.0765,0.07654,0.0765,0.086028538,0.085488538,0.086028538,0.086328538,0.086948538,0.086948538,0.087178538,0.087408538,0.087408538,0.094138538,0.094448538,0.095528538,0.096578538,0.097358538,0.097908538
3/24/2026,0.0765,0.07638,0.07617,0.085798538,0.085258538,0.085798538,0.086098538,0.086718538,0.086718538,0.086948538,0.087178538,0.087258538,0.093948538,0.094328538,0.095468538,0.096458538,0.097238538,0.097788538
3/23/2026,0.0765,0.07579,0.0755,0.085218538,0.084828538,0.085368538,0.085678538,0.086298538,0.086298538,0.086528538,0.086758538,0.086828538,0.093598538,0.094028538,0.095118538,0.096188538,0.096968538,0.097518538
3/20/2026,0.0765,0.07579,0.0755,0.085218538,0.084828538,0.085368538,0.085678538,0.086298538,0.086298538,0.086528538,0.086758538,0.086828538,0.093568538,0.093938538,0.095198538,0.096208538,0.096988538,0.097538538
3/19/2026,0.0765,0.07579,0.0755,0.085218538,0.084828538,0.085368538,0.085678538,0.086298538,0.086298538,0.086528538,0.086758538,0.086828538,0.093618538,0.093888538,0.095108538,0.096208538,0.096988538,0.097538538
3/18/2026,0.0765,0.07579,0.07517,0.084988538,0.084598538,0.085138538,0.085448538,0.085988538,0.085988538,0.086368538,0.086598538,0.086678538,0.093548538,0.093738538,0.094988538,0.096058538,0.096838538,0.097388538
3/17/2026,0.07617,0.07579,0.07517,0.084988538,0.084598538,0.085138538,0.085448538,0.085988538,0.085988538,0.086368538,0.086598538,0.086678538,0.093508538,0.093738538,0.094958538,0.096058538,0.096838538,0.097388538
3/16/2026,0.0765,0.07579,0.07517,0.084988538,0.084598538,0.085138538,0.085448538,0.085988538,0.085988538,0.086368538,0.086598538,0.086678538,0.093858538,0.094158538,0.095408538,0.096478538,0.097258538,0.097808538
3/13/2026,0.0765,0.07579,0.07483,0.084908538,0.084528538,0.085068538,0.085368538,0.085988538,0.085988538,0.086368538,0.086598538,0.086678538,0.093718538,0.094178538,0.095358538,0.096478538,0.097258538,0.097808538
3/12/2026,0.0765,0.07579,0.07483,0.084828538,0.084448538,0.085068538,0.085368538,0.085988538,0.085988538,0.086368538,0.086598538,0.086678538,0.093718538,0.094288538,0.095678538,0.096658538,0.097468538,0.098058538
3/11/2026,0.0765,0.07529,0.0745,0.084828538,0.084448538,0.085068538,0.085368538,0.085988538,0.085988538,0.086368538,0.086598538,0.086678538,0.092548538,0.093398538,0.095898538,0.096888538,0.097468538,0.098048538
3/10/2026,0.0765,0.07513,0.0745,0.084598538,0.084218538,0.084828538,0.085138538,0.085758538,0.085758538,0.086138538,0.086368538,0.086448538,0.092278538,0.092468538,0.095648538,0.096358538,0.097238538,0.097818538
3/9/2026,0.0765,0.07529,0.07483,0.084598538,0.084218538,0.084828538,0.085138538,0.085758538,0.085758538,0.086138538,0.086368538,0.086448538,0.092308538,0.092678538,0.095768538,0.096518538,0.097408538,0.097988538
3/6/2026,0.07617,0.07496,0.07383,0.084528538,0.084138538,0.084758538,0.085068538,0.085678538,0.085678538,0.086068538,0.086298538,0.086368538,0.092298538,0.092548538,0.095748538,0.096378538,0.097578538,0.098078538
3/5/2026,0.07617,0.07496,0.0745,0.084528538,0.084138538,0.084758538,0.085068538,0.085678538,0.085678538,0.086068538,0.086298538,0.086368538,0.092298538,0.092548538,0.095728538,0.096378538,0.097578538,0.098078538
3/4/2026,0.0765,0.07513,0.0745,0.084298538,0.083988538,0.084528538,0.084828538,0.085368538,0.085368538,0.085758538,0.085908538,0.085988538,0.091808538,0.092148538,0.095358538,0.095978538,0.097198538,0.097698538
3/3/2026,0.0765,0.07508,0.07346,0.083278538,0.083908538,0.084368538,0.084678538,0.085218538,0.085218538,0.085528538,0.085758538,0.085828538,0.091648538,0.091988538,0.095158538,0.095818538,0.097038538,0.097538538
3/2/2026,0.0765,0.07492,0.07331,0.082618538,0.083598538,0.083988538,0.084448538,0.084988538,0.084988538,0.085298538,0.085678538,0.085598538,0.091678538,0.091918538,0.095038538,0.095698538,0.096428538,0.096928538
2/27/2026,0.075,0.0732,0.07215,0.082278538,0.082828538,0.083218538,0.083598538,0.083988538,0.084138538,0.084368538,0.084908538,0.084988538,0.090488538,0.091098538,0.094138538,0.095048538,0.095868538,0.096368538
2/26/2026,0.0743,0.07313,0.07215,0.082278538,0.082828538,0.083218538,0.083598538,0.083988538,0.084138538,0.084368538,0.084908538,0.084988538,0.090488538,0.091068538,0.094138538,0.095048538,0.095868538,0.096368538
2/25/2026,0.0735,0.07313,0.07215,0.082278538,0.082758538,0.083138538,0.083528538,0.083908538,0.084068538,0.084298538,0.084828538,0.084908538,0.090328538,0.090948538,0.094028538,0.094898538,0.095788538,0.096288538
2/24/2026,0.0735,0.07313,0.072,0.082278538,0.082758538,0.083138538,0.083528538,0.083908538,0.084068538,0.084298538,0.084828538,0.084908538,0.090368538,0.090948538,0.094028538,0.094898538,0.095788538,0.096288538
2/23/2026,0.0739,0.07313,0.072,0.082278538,0.082828538,0.083218538,0.083598538,0.083988538,0.084138538,0.084368538,0.084908538,0.084988538,0.090508538,0.091048538,0.094108538,0.094998538,0.095888538,0.096388538
2/13/2026,0.0739,0.07112,0.07267,0.081948538,0.082758538,0.083138538,0.083528538,0.083908538,0.084068538,0.084298538,0.084828538,0.084908538,0.090428538,0.090968538,0.094018538,0.094918538,0.095808538,0.096308538
2/12/2026,0.0739,0.07112,0.07267,0.081948538,0.082758538,0.083138538,0.083528538,0.083908538,0.084068538,0.084298538,0.084828538,0.084908538,0.090468538,0.090968538,0.094018538,0.094918538,0.095808538,0.096308538
2/11/2026,0.0755,0.07112,0.07267,0.081948538,0.082758538,0.083138538,0.083528538,0.083908538,0.084068538,0.084298538,0.084828538,0.084908538,0.090398538,0.090968538,0.094018538,0.094918538,0.095808538,0.096308538
2/10/2026,0.0775,0.07135,0.07367,0.081948538,0.082908538,0.083298538,0.083678538,0.084068538,0.084218538,0.084448538,0.084988538,0.085068538,0.090558538,0.091058538,0.094188538,0.095068538,0.096008538,0.096508538
2/9/2026,0.0777,0.07135,0.07367,0.081698538,0.082908538,0.083298538,0.083678538,0.084068538,0.084218538,0.084448538,0.084988538,0.085068538,0.090518538,0.091278538,0.094438538,0.095288538,0.096258538,0.096758538
2/6/2026,0.0779,0.07188,0.07333,0.081698538,0.082988538,0.083368538,0.083828538,0.084218538,0.084448538,0.084678538,0.085218538,0.085368538,0.090328538,0.091138538,0.094548538,0.095588538,0.096558538,0.097058538
2/5/2026,0.0761,0.07127,0.073,0.081698538,0.082758538,0.083138538,0.083448538,0.083828538,0.083988538,0.084218538,0.084678538,0.084758538,0.089678538,0.090528538,0.093908538,0.094978538,0.095948538,0.096448538
2/4/2026,0.0755,0.07142,0.07317,0.081698538,0.082868538,0.083258538,0.083568538,0.083948538,0.084098538,0.084328538,0.084798538,0.084868538,0.089708538,0.090528538,0.093908538,0.094968538,0.095978538,0.096438538
2/3/2026,0.0775,0.07138,0.07317,0.081948538,0.082948538,0.083258538,0.083568538,0.083948538,0.084028538,0.084258538,0.084638538,0.084718538,0.089378538,0.090438538,0.093698538,0.094888538,0.095918538,0.096378538
2/2/2026,0.0725,0.07015,0.072,0.082618538,0.081678538,0.082138538,0.082448538,0.082828538,0.082908538,0.083138538,0.083528538,0.083598538,0.088258538,0.089318538,0.092578538,0.093768538,0.094798538,0.095258538
1/30/2026,0.07117,0.06969,0.07167,0.080948538,0.081368538,0.081908538,0.082218538,0.082678538,0.082758538,0.082988538,0.083368538,0.083528538,0.087988538,0.088908538,0.092488538,0.093748538,0.094838538,0.095298538
1/29/2026,0.071,0.06969,0.07167,0.080948538,0.081368538,0.081908538,0.082218538,0.082678538,0.082758538,0.082988538,0.083368538,0.083528538,0.087948538,0.088908538,0.092528538,0.093748538,0.094838538,0.095298538
1/28/2026,0.0705,0.06969,0.07167,0.080908538,0.081298538,0.081828538,0.082138538,0.082598538,0.082678538,0.082908538,0.083298538,0.083448538,0.087978538,0.088828538,0.092398538,0.093668538,0.094718538,0.095178538
1/27/2026,0.07,0.06946,0.07167,0.080528538,0.080908538,0.081368538,0.081828538,0.082368538,0.082448538,0.082678538,0.083138538,0.083298538,0.087898538,0.088768538,0.092368538,0.093608538,0.094658538,0.095118538
1/26/2026,0.06993,0.07083,0.07167,0.080448538,0.080908538,0.081368538,0.081828538,0.082368538,0.082448538,0.082678538,0.083138538,0.083298538,0.087928538,0.088768538,0.092368538,0.093608538,0.094658538,0.095118538
1/23/2026,0.0695,0.06915,0.07133,0.080448538,0.080908538,0.081368538,0.081828538,0.082368538,0.082448538,0.082678538,0.083138538,0.083298538,0.087878538,0.088818538,0.092318538,0.093578538,0.094658538,0.095118538
1/22/2026,0.06864,0.06915,0.07133,0.080528538,0.080908538,0.081368538,0.081828538,0.082368538,0.082448538,0.082678538,0.083138538,0.083298538,0.087848538,0.088708538,0.092348538,0.093528538,0.094658538,0.095198538
1/21/2026,0.06864,0.06923,0.07133,0.080528538,0.080988538,0.081448538,0.081908538,0.082448538,0.082528538,0.082758538,0.083218538,0.083368538,0.087868538,0.088728538,0.092208538,0.093528538,0.094728538,0.095188538
1/20/2026,0.06907,0.06927,0.07183,0.080638538,0.081098538,0.081568538,0.082028538,0.082568538,0.082638538,0.082868538,0.083328538,0.083488538,0.088108538,0.088618538,0.092488538,0.093948538,0.094968538,0.095428538
1/19/2026,0.06988,0.06958,0.07183,0.080718538,0.081098538,0.081568538,0.082028538,0.082568538,0.082638538,0.082868538,0.083328538,0.083488538,0.088418538,0.089488538,0.093388538,0.094438538,0.095028538,0.095488538
1/16/2026,0.06975,0.06935,0.0715,0.080488538,0.080868538,0.081328538,0.081868538,0.082328538,0.082408538,0.082798538,0.083178538,0.083408538,0.087908538,0.088658538,0.093308538,0.094358538,0.094948538,0.095408538
1/15/2026,0.06975,0.06935,0.0725,0.080488538,0.080868538,0.081328538,0.081868538,0.082328538,0.082408538,0.082798538,0.083178538,0.083408538,0.087738538,0.088368538,0.093108538,0.094148538,0.094738538,0.095198538
1/14/2026,0.06988,0.06965,0.07217,0.080328538,0.080718538,0.081178538,0.081798538,0.082258538,0.082408538,0.082798538,0.083178538,0.083408538,0.088058538,0.088488538,0.093388538,0.094438538,0.094908538,0.095368538
1/13/2026,0.06888,0.06958,0.07183,0.080328538,0.080718538,0.081178538,0.081798538,0.082258538,0.082408538,0.082798538,0.083178538,0.083408538,0.087648538,0.088458538,0.093578538,0.094498538,0.095058538,0.095508538
1/12/2026,0.06888,0.06958,0.0715,0.080328538,0.080718538,0.081178538,0.081798538,0.082258538,0.082408538,0.082798538,0.083178538,0.083408538,0.087568538,0.088458538,0.093688538,0.094608538,0.094848538,0.095308538
1/10/2026,0.06875,0.06958,0.07027,0.080328538,0.080718538,0.081178538,0.081798538,0.082258538,0.082408538,0.082798538,0.083178538,0.083408538,0.087288538,0.088148538,0.093448538,0.094278538,0.094558538,0.095008538
1/9/2026,0.06875,0.06958,0.07027,0.080328538,0.080718538,0.081178538,0.081798538,0.082258538,0.082408538,0.082798538,0.083178538,0.083408538,0.087288538,0.088148538,0.093448538,0.094278538,0.094558538,0.095008538
1/8/2026,0.0695,0.06981,0.0705,0.080328538,0.080718538,0.081178538,0.081798538,0.082258538,0.082408538,0.082798538,0.083178538,0.083408538,0.086958538,0.088308538,0.093968538,0.094528538,0.094488538,0.095028538
1/7/2026,0.07013,0.06988,0.07058,0.080488538,0.080868538,0.081328538,0.081948538,0.082408538,0.082568538,0.082948538,0.083328538,0.083718538,0.086328538,0.088378538,0.093968538,0.094788538,0.094258538,0.094818538
1/6/2026,0.07013,0.07012,0.07058,0.080798538,0.081178538,0.081638538,0.082178538,0.082638538,0.082718538,0.083098538,0.083328538,0.083568538,0.085518538,0.087928538,0.093508538,0.094128538,0.094198538,0.094758538
1/5/2026,0.07113,0.07035,0.07077,0.081098538,0.081328538,0.081868538,0.082328538,0.082718538,0.082948538,0.083258538,0.083488538,0.083718538,0.085668538,0.088078538,0.093598538,0.094278538,0.094288538,0.094868538
12/31/2025,0.0715,0.06796,0.06875,0.079028538,0.079568538,0.079718538,0.080178538,0.080598538,0.080988538,0.081368538,0.081758538,0.082068538,0.084338538,0.086748538,0.092198538,0.092878538,0.092928538,0.093508538
12/30/2025,0.071,0.06796,0.06975,0.079028538,0.079568538,0.079718538,0.080178538,0.080598538,0.080988538,0.081368538,0.081758538,0.082068538,0.084258538,0.086748538,0.092158538,0.092828538,0.092928538,0.093508538
12/29/2025,0.071,0.06796,0.06975,0.079028538,0.079568538,0.079718538,0.080178538,0.080598538,0.080988538,0.081368538,0.081758538,0.082068538,0.084258538,0.086748538,0.092158538,0.092828538,0.092878538,0.093428538
12/26/2025,0.07075,0.06796,0.07044,0.078868538,0.079638538,0.079798538,0.080258538,0.080678538,0.080988538,0.081368538,0.081758538,0.082068538,0.084228538,0.086788538,0.092158538,0.092818538,0.092838538,0.093378538
12/25/2025,0.07083,0.06804,0.07019,0.079568538,0.079568538,0.079798538,0.080258538,0.080678538,0.081068538,0.081448538,0.081828538,0.082138538,0.084218538,0.086818538,0.092188538,0.092848538,0.092788538,0.093368538
12/24/2025,0.07136,0.06735,0.06969,0.078638538,0.079178538,0.079328538,0.079798538,0.080218538,0.080598538,0.080988538,0.081368538,0.081678538,0.083758538,0.086328538,0.091538538,0.092168538,0.092238538,0.092788538
12/23/2025,0.07079,0.06758,0.06944,0.078568538,0.078718538,0.078868538,0.079328538,0.079758538,0.080218538,0.080678538,0.081218538,0.081368538,0.083448538,0.086018538,0.091228538,0.091858538,0.091928538,0.092478538
12/22/2025,0.06964,0.06727,0.06919,0.078178538,0.078568538,0.078718538,0.079178538,0.079598538,0.080068538,0.080448538,0.080988538,0.081138538,0.083148538,0.085788538,0.090988538,0.091628538,0.091698538,0.092248538
12/19/2025,0.06893,0.06638,0.06781,0.077678538,0.078178538,0.078328538,0.078718538,0.079298538,0.079678538,0.079988538,0.080448538,0.080678538,0.082688538,0.085328538,0.090488538,0.091138538,0.091238538,0.091788538
12/18/2025,0.06864,0.06623,0.06731,0.077528538,0.078028538,0.078178538,0.078568538,0.079138538,0.079528538,0.079828538,0.080298538,0.080528538,0.082508538,0.085158538,0.090318538,0.091058538,0.091068538,0.091638538
12/17/2025,0.06864,0.06623,0.06731,0.077598538,0.078028538,0.078178538,0.078568538,0.079138538,0.079528538,0.079828538,0.080298538,0.080528538,0.082588538,0.085188538,0.090228538,0.090948538,0.091148538,0.091718538
12/16/2025,0.06836,0.06615,0.06731,0.077528538,0.077948538,0.078098538,0.078488538,0.079068538,0.079448538,0.079758538,0.080218538,0.080448538,0.082578538,0.085148538,0.090168538,0.090868538,0.091068538,0.091638538
12/15/2025,0.06893,0.06646,0.06756,0.077828538,0.078028538,0.078328538,0.078718538,0.079138538,0.079528538,0.079828538,0.080298538,0.080528538,0.082518538,0.085168538,0.090208538,0.090948538,0.091148538,0.091718538
12/12/2025,0.06907,0.06646,0.06756,0.077828538,0.078028538,0.078328538,0.078718538,0.079068538,0.079448538,0.079758538,0.080218538,0.080368538,0.082278538,0.084878538,0.089938538,0.090708538,0.090908538,0.091438538
12/11/2025,0.06907,0.06646,0.06756,0.077828538,0.078028538,0.078328538,0.078718538,0.079068538,0.079448538,0.079758538,0.080218538,0.080368538,0.082278538,0.084858538,0.089968538,0.090658538,0.090778538,0.091318538
12/10/2025,0.0685,0.06631,0.06694,0.077678538,0.077868538,0.078178538,0.078568538,0.078908538,0.079298538,0.079598538,0.080068538,0.080218538,0.082028538,0.084648538,0.089548538,0.090288538,0.090508538,0.091038538
12/9/2025,0.06867,0.06581,0.06669,0.077718538,0.077868538,0.078178538,0.078568538,0.078908538,0.079298538,0.079598538,0.080068538,0.080218538,0.082028538,0.084648538,0.089548538,0.090288538,0.090468538,0.090998538
12/8/2025,0.06807,0.06546,0.06644,0.077218538,0.077328538,0.077638538,0.078098538,0.078528538,0.078908538,0.079218538,0.079678538,0.080068538,0.081878538,0.084498538,0.089398538,0.090088538,0.090248538,0.090788538
12/5/2025,0.06679,0.06473,0.06681,0.076528538,0.076328538,0.076798538,0.077258538,0.077678538,0.078098538,0.078488538,0.078868538,0.079258538,0.081128538,0.083768538,0.088668538,0.089328538,0.089458538,0.090028538
12/4/2025,0.06636,0.06465,0.06681,0.076138538,0.075988538,0.076368538,0.076908538,0.077328538,0.077758538,0.078068538,0.078448538,0.078828538,0.080868538,0.083318538,0.088238538,0.088898538,0.089158538,0.089728538
12/3/2025,0.0665,0.06465,0.06656,0.076028538,0.075988538,0.076368538,0.076908538,0.077328538,0.077758538,0.078068538,0.078448538,0.078828538,0.080878538,0.083398538,0.088398538,0.088928538,0.089048538,0.089668538
12/2/2025,0.06517,0.06381,0.06575,0.075638538,0.075138538,0.075528538,0.076138538,0.076568538,0.076758538,0.077138538,0.077448538,0.077758538,0.079858538,0.082348538,0.087188538,0.087758538,0.087908538,0.088518538
12/1/2025,0.06433,0.06146,0.06475,0.073948538,0.073528538,0.073828538,0.074298538,0.074798538,0.075218538,0.075528538,0.075908538,0.076218538,0.078328538,0.080888538,0.085578538,0.086248538,0.086398538,0.086978538
11/28/2025,0.06279,0.06046,0.06204,0.075448538,0.072758538,0.072988538,0.073448538,0.074028538,0.074258538,0.074638538,0.074948538,0.075488538,0.077638538,0.080138538,0.084698538,0.085448538,0.085608538,0.086188538
11/27/2025,0.06225,0.06046,0.06204,0.075148538,0.072528538,0.072758538,0.073218538,0.073798538,0.074028538,0.074488538,0.074868538,0.075408538,0.077558538,0.080058538,0.084658538,0.085238538,0.085528538,0.086108538
11/26/2025,0.06271,0.06046,0.06204,0.075448538,0.072528538,0.072758538,0.073218538,0.073798538,0.074028538,0.074488538,0.074868538,0.075408538,0.077558538,0.080058538,0.084348538,0.085188538,0.085528538,0.086108538
11/25/2025,0.06186,0.06031,0.06185,0.075328538,0.072298538,0.072528538,0.073138538,0.073758538,0.073988538,0.074488538,0.074868538,0.075408538,0.077558538,0.080058538,0.084458538,0.085188538,0.085528538,0.086108538
11/24/2025,0.061,0.05962,0.06123,0.074328538,0.071758538,0.072138538,0.072598538,0.073368538,0.073528538,0.074028538,0.074488538,0.074798538,0.076948538,0.079448538,0.083868538,0.084578538,0.084918538,0.085498538
11/21/2025,0.06029,0.05938,0.06108,0.073828538,0.071528538,0.071988538,0.072448538,0.073218538,0.073368538,0.073868538,0.074328538,0.074638538,0.076788538,0.079288538,0.083528538,0.084418538,0.084758538,0.085338538
11/20/2025,0.05957,0.05892,0.06054,0.073698538,0.070828538,0.071218538,0.071528538,0.072368538,0.072528538,0.072988538,0.073448538,0.073718538,0.075908538,0.078408538,0.082828538,0.083518538,0.083828538,0.084418538
11/19/2025,0.05943,0.05892,0.06054,0.073698538,0.070828538,0.071218538,0.071528538,0.072368538,0.072528538,0.072988538,0.073448538,0.073718538,0.076218538,0.078778538,0.082988538,0.083868538,0.084158538,0.084738538
11/18/2025,0.05943,0.05892,0.06054,0.073698538,0.070828538,0.071218538,0.071528538,0.072368538,0.072528538,0.072988538,0.073448538,0.073718538,0.076218538,0.078778538,0.082988538,0.083868538,0.084158538,0.084738538
11/17/2025,0.05971,0.05896,0.06067,0.073328538,0.070868538,0.071258538,0.071568538,0.072368538,0.072528538,0.072988538,0.073448538,0.073408538,0.075908538,0.078468538,0.082678538,0.083508538,0.083808538,0.084408538
11/14/2025,0.05933,0.05933,0.06067,0.073828538,0.070868538,0.071258538,0.071568538,0.072368538,0.072528538,0.072988538,0.073448538,0.073408538,0.075878538,0.078468538,0.082658538,0.083458538,0.083808538,0.084408538
11/13/2025,0.05867,0.05933,0.06067,0.073828538,0.070638538,0.071028538,0.071178538,0.071988538,0.071988538,0.072528538,0.073068538,0.073098538,0.075568538,0.078158538,0.082348538,0.083148538,0.083448538,0.084058538
11/12/2025,0.0583,0.06038,0.06067,0.074078538,0.070718538,0.071098538,0.071258538,0.072068538,0.072068538,0.072598538,0.073138538,0.073178538,0.075628538,0.078258538,0.082398538,0.083148538,0.083428538,0.084068538
11/11/2025,0.0575,0.06013,0.0605,0.074078538,0.070718538,0.071098538,0.071258538,0.071908538,0.071988538,0.072488538,0.073028538,0.073098538,0.075548538,0.078178538,0.082208538,0.083018538,0.083268538,0.083908538
11/10/2025,0.0569,0.05988,0.06125,0.073278538,0.070638538,0.071028538,0.071178538,0.071828538,0.071908538,0.072408538,0.072948538,0.073028538,0.075438538,0.078108538,0.082198538,0.082948538,0.083198538,0.083838538
11/7/2025,0.0569,0.05938,0.06075,0.070218538,0.070218538,0.070598538,0.070828538,0.071408538,0.071488538,0.072028538,0.072448538,0.072528538,0.075108538,0.077768538,0.081818538,0.082528538,0.082488538,0.083178538
11/6/2025,0.0571,0.05788,0.06075,0.072618538,0.070528538,0.070908538,0.071138538,0.071718538,0.071868538,0.072368538,0.072828538,0.072828538,0.075428538,0.078028538,0.082128538,0.082828538,0.082808538,0.083498538
11/5/2025,0.0571,0.05888,0.06075,0.070328538,0.070298538,0.070678538,0.070908538,0.071488538,0.071638538,0.072138538,0.072598538,0.072598538,0.075158538,0.077748538,0.081828538,0.082518538,0.082538538,0.083218538
11/4/2025,0.0569,0.05888,0.06025,0.070098538,0.070138538,0.070528538,0.070758538,0.071328538,0.071488538,0.072068538,0.072448538,0.072528538,0.075088538,0.077678538,0.081718538,0.082398538,0.082428538,0.083108538
11/3/2025,0.0569,0.05863,0.06,0.069948538,0.070068538,0.070448538,0.070678538,0.071258538,0.071408538,0.071988538,0.072368538,0.072528538,0.075088538,0.077678538,0.081668538,0.082378538,0.082398538,0.083068538
10/31/2025,0.0569,0.05863,0.05975,0.069568538,0.069598538,0.069988538,0.070298538,0.070758538,0.070988538,0.071568538,0.071988538,0.072448538,0.075008538,0.077598538,0.081568538,0.082298538,0.082318538,0.082988538
10/30/2025,0.0569,0.05863,0.06025,0.069098538,0.069598538,0.069988538,0.070298538,0.070758538,0.070988538,0.071568538,0.071988538,0.072448538,0.075008538,0.077598538,0.081468538,0.082178538,0.082218538,0.082868538
10/29/2025,0.05736,0.05875,0.05823,0.068028538,0.068758538,0.069298538,0.069598538,0.070138538,0.070528538,0.071028538,0.071678538,0.072218538,0.074778538,0.077368538,0.081018538,0.081848538,0.081788538,0.082428538
10/28/2025,0.0575,0.05875,0.05823,0.068028538,0.068758538,0.069298538,0.069598538,0.070138538,0.070528538,0.071028538,0.071678538,0.072218538,0.074778538,0.077368538,0.080988538,0.081838538,0.081788538,0.082428538
10/27/2025,0.05783,0.059,0.05815,0.068218538,0.068988538,0.069548538,0.069908538,0.070408538,0.070828538,0.071328538,0.072008538,0.072638538,0.075198538,0.077808538,0.081428538,0.082258538,0.082088538,0.082718538
10/24/2025,0.05767,0.05875,0.05808,0.067868538,0.068718538,0.069368538,0.069758538,0.070218538,0.070658538,0.071238538,0.071948538,0.072638538,0.075198538,0.077778538,0.081488538,0.082208538,0.082088538,0.082718538
10/23/2025,0.05767,0.059,0.05812,0.067988538,0.068718538,0.069368538,0.069758538,0.070218538,0.070658538,0.071238538,0.071948538,0.072638538,0.075238538,0.077878538,0.081608538,0.082288538,0.082168538,0.082758538
10/22/2025,0.0575,0.0595,0.05773,0.067718538,0.068798538,0.069448538,0.069828538,0.070298538,0.070738538,0.071278538,0.072068538,0.072758538,0.075358538,0.078018538,0.081458538,0.082108538,0.082198538,0.082838538
10/21/2025,0.05667,0.05813,0.05758,0.067718538,0.068798538,0.069448538,0.069828538,0.070218538,0.070658538,0.071118538,0.071908538,0.072528538,0.075208538,0.077948538,0.081318538,0.081948538,0.082138538,0.082778538
10/20/2025,0.05675,0.05813,0.05758,0.067718538,0.068798538,0.069448538,0.069828538,0.070218538,0.070658538,0.071118538,0.071908538,0.072528538,0.075208538,0.077978538,0.081278538,0.081948538,0.082138538,0.082738538
10/17/2025,0.05667,0.05813,0.05758,0.067718538,0.068798538,0.069448538,0.069828538,0.070218538,0.070658538,0.071118538,0.071908538,0.072528538,0.075368538,0.078108538,0.081478538,0.082058538,0.082138538,0.082768538
10/16/2025,0.05642,0.05838,0.05742,0.067568538,0.068218538,0.068948538,0.069328538,0.069868538,0.070388538,0.070928538,0.071798538,0.072408538,0.075318538,0.078088538,0.081268538,0.081958538,0.082088538,0.082718538
10/15/2025,0.05575,0.05742,0.05727,0.067068538,0.067758538,0.068528538,0.068908538,0.069528538,0.070048538,0.070468538,0.071408538,0.071948538,0.074888538,0.077628538,0.080868538,0.081578538,0.081708538,0.082298538
10/14/2025,0.05575,0.057,0.05692,0.066828538,0.067598538,0.068328538,0.068798538,0.069528538,0.069888538,0.070318538,0.071258538,0.071868538,0.074808538,0.077538538,0.080778538,0.081448538,0.081628538,0.082218538
10/13/2025,0.05575,0.05767,0.05692,0.066828538,0.067598538,0.068328538,0.068798538,0.069528538,0.069888538,0.070318538,0.071258538,0.071868538,0.074808538,0.077578538,0.080788538,0.081398538,0.081548538,0.082138538
10/10/2025,0.05575,0.0569,0.05631,0.066448538,0.067178538,0.067828538,0.068298538,0.069028538,0.069388538,0.069738538,0.070678538,0.071328538,0.074268538,0.077348538,0.080168538,0.080858538,0.080958538,0.081558538
10/9/2025,0.05575,0.0569,0.05631,0.066448538,0.067178538,0.067828538,0.068298538,0.069028538,0.069388538,0.069738538,0.070678538,0.071328538,0.074218538,0.077068538,0.080028538,0.080738538,0.080838538,0.081428538
10/8/2025,0.0555,0.0569,0.05631,0.066448538,0.067178538,0.067828538,0.068298538,0.069028538,0.069388538,0.069738538,0.070678538,0.071328538,0.073978538,0.077068538,0.079768538,0.080668538,0.080728538,0.081388538
10/7/2025,0.0555,0.0567,0.05623,0.066448538,0.067178538,0.067828538,0.068298538,0.069028538,0.069388538,0.069738538,0.070678538,0.071328538,0.074018538,0.077048538,0.079858538,0.080618538,0.080688538,0.081388538
10/6/2025,0.0555,0.0567,0.05623,0.066448538,0.067178538,0.067828538,0.068298538,0.069028538,0.069388538,0.069738538,0.070678538,0.071328538,0.073978538,0.077068538,0.079908538,0.080618538,0.080688538,0.081388538
10/3/2025,0.0555,0.0567,0.05608,0.066448538,0.067138538,0.067758538,0.068218538,0.068868538,0.069238538,0.069578538,0.070448538,0.071098538,0.073748538,0.076908538,0.079488538,0.080388538,0.080458538,0.081158538
10/2/2025,0.0555,0.05724,0.05608,0.066448538,0.067138538,0.067758538,0.068218538,0.068868538,0.069238538,0.069578538,0.070448538,0.071098538,0.073748538,0.076888538,0.079608538,0.080338538,0.080458538,0.081158538
10/1/2025,0.0555,0.0567,0.05585,0.066258538,0.066948538,0.067568538,0.068028538,0.068678538,0.069048538,0.069388538,0.070258538,0.070988538,0.073658538,0.076838538,0.079308538,0.080178538,0.080358538,0.081218538
9/30/2025,0.05555,0.0565,0.05573,0.066028538,0.066718538,0.067328538,0.067718538,0.068448538,0.068818538,0.069158538,0.070028538,0.070828538,0.073458538,0.076628538,0.079118538,0.079968538,0.080198538,0.081058538
9/29/2025,0.055,0.05625,0.05558,0.065988538,0.066718538,0.067328538,0.067718538,0.068448538,0.068818538,0.069158538,0.070028538,0.070828538,0.073478538,0.076628538,0.079118538,0.079918538,0.080198538,0.081058538
9/26/2025,0.055,0.05625,0.05527,0.065988538,0.066488538,0.067098538,0.067328538,0.067988538,0.068428538,0.068778538,0.069638538,0.070448538,0.073098538,0.076248538,0.078728538,0.079518538,0.079818538,0.080678538
9/25/2025,0.055,0.05625,0.05527,0.065988538,0.066488538,0.067098538,0.067328538,0.067988538,0.068428538,0.068778538,0.069638538,0.070448538,0.072868538,0.076258538,0.078658538,0.079458538,0.079798538,0.080678538
9/24/2025,0.055,0.05617,0.05519,0.065798538,0.066408538,0.066868538,0.067258538,0.067828538,0.068428538,0.068778538,0.069638538,0.070448538,0.072988538,0.076288538,0.078378538,0.079238538,0.079538538,0.080518538
9/23/2025,0.055,0.05617,0.05488,0.065488538,0.066098538,0.066488538,0.066948538,0.067528538,0.068118538,0.068468538,0.069328538,0.070218538,0.072678538,0.076058538,0.078148538,0.078978538,0.079308538,0.080288538
9/22/2025,0.05467,0.05617,0.05519,0.065798538,0.066408538,0.066868538,0.067258538,0.067828538,0.068428538,0.068778538,0.069638538,0.070448538,0.072838538,0.076288538,0.078378538,0.079158538,0.079538538,0.080518538
9/19/2025,0.05467,0.0565,0.05481,0.065488538,0.066028538,0.066488538,0.066948538,0.067528538,0.068118538,0.068468538,0.069328538,0.070218538,0.072728538,0.076128538,0.078208538,0.078998538,0.079428538,0.080408538
9/18/2025,0.05467,0.0565,0.05481,0.065488538,0.066028538,0.066488538,0.066948538,0.067528538,0.068118538,0.068468538,0.069328538,0.070218538,0.072658538,0.076158538,0.078178538,0.078998538,0.079428538,0.080408538
9/17/2025,0.05467,0.0565,0.05481,0.065488538,0.066028538,0.066488538,0.066948538,0.067528538,0.068118538,0.068468538,0.069328538,0.070218538,0.072608538,0.076128538,0.078128538,0.078978538,0.079398538,0.080428538
9/16/2025,0.05417,0.0565,0.05473,0.065488538,0.066028538,0.066488538,0.066948538,0.067528538,0.068118538,0.068468538,0.069328538,0.070218538,0.072608538,0.076158538,0.078138538,0.078978538,0.079358538,0.080378538
9/15/2025,0.05417,0.0565,0.05473,0.065488538,0.066028538,0.066488538,0.066948538,0.067528538,0.068118538,0.068468538,0.069328538,0.070218538,0.072758538,0.076148538,0.078128538,0.078968538,0.079378538,0.080398538
9/12/2025,0.05293,0.05373,0.05419,0.065098538,0.065638538,0.065948538,0.066488538,0.067138538,0.067738538,0.068078538,0.069028538,0.069908538,0.072428538,0.075978538,0.077898538,0.078658538,0.079068538,0.080068538
9/11/2025,0.05293,0.05373,0.05419,0.065098538,0.065638538,0.065948538,0.066448538,0.067138538,0.067738538,0.068078538,0.069028538,0.069908538,0.072358538,0.075948538,0.077848538,0.078628538,0.079068538,0.080028538
9/10/2025,0.05289,0.05352,0.05402,0.064738538,0.065158538,0.065468538,0.065988538,0.066758538,0.067328538,0.067678538,0.068678538,0.069488538,0.072068538,0.075508538,0.077328538,0.078118538,0.078658538,0.079618538
9/9/2025,0.05275,0.05352,0.05402,0.064658538,0.065078538,0.065388538,0.065908538,0.066678538,0.067178538,0.067598538,0.068528538,0.069328538,0.071798538,0.075338538,0.077148538,0.077938538,0.078498538,0.079458538
9/8/2025,0.05275,0.05329,0.05387,0.064348538,0.064778538,0.065048538,0.065568538,0.066598538,0.067098538,0.067528538,0.068528538,0.069328538,0.071878538,0.075428538,0.077208538,0.078008538,0.078578538,0.079538538
9/5/2025,0.05334,0.05306,0.05371,0.064048538,0.064468538,0.064578538,0.065178538,0.066218538,0.066948538,0.067368538,0.068528538,0.069328538,0.071878538,0.075418538,0.077188538,0.078008538,0.078578538,0.079538538
9/4/2025,0.05334,0.05306,0.05371,0.064048538,0.064468538,0.064578538,0.065178538,0.066218538,0.066948538,0.067368538,0.068528538,0.069328538,0.071878538,0.075588538,0.077308538,0.078008538,0.078578538,0.079538538
9/3/2025,0.05334,0.05306,0.05371,0.064048538,0.064468538,0.064578538,0.065178538,0.066218538,0.066948538,0.067368538,0.068528538,0.069328538,0.072048538,0.075838538,0.077458538,0.078128538,0.078748538,0.079628538
8/29/2025,0.05322,0.0529,0.05363,0.063968538,0.064318538,0.064508538,0.065098538,0.066138538,0.066868538,0.067298538,0.068448538,0.069258538,0.072008538,0.075828538,0.077408538,0.078058538,0.078678538,0.079558538
8/28/2025,0.05322,0.05206,0.05356,0.063508538,0.063618538,0.064008538,0.064718538,0.065528538,0.066488538,0.067028538,0.068328538,0.069178538,0.072028538,0.075758538,0.077388538,0.078138538,0.078638538,0.079528538
8/27/2025,0.05322,0.05213,0.05363,0.063508538,0.063618538,0.064008538,0.064718538,0.065528538,0.066488538,0.067028538,0.068328538,0.069178538,0.072148538,0.075838538,0.077448538,0.078218538,0.078738538,0.079608538
8/26/2025,0.05284,0.05213,0.05363,0.063508538,0.063618538,0.064008538,0.064718538,0.065528538,0.066488538,0.067028538,0.068328538,0.069178538,0.072198538,0.075878538,0.077538538,0.078178538,0.078788538,0.079618538
8/25/2025,0.05297,0.05213,0.0534,0.063508538,0.063618538,0.064008538,0.064718538,0.065528538,0.066488538,0.067028538,0.068328538,0.069178538,0.072308538,0.075708538,0.077698538,0.078328538,0.078828538,0.079698538
8/22/2025,0.05234,0.05152,0.05287,0.062968538,0.063548538,0.064008538,0.064718538,0.065528538,0.066488538,0.067028538,0.068328538,0.069178538,0.072048538,0.075288538,0.078108538,0.078738538,0.079138538,0.079948538
8/21/2025,0.05222,0.05152,0.05287,0.062888538,0.063548538,0.064008538,0.064718538,0.065528538,0.066488538,0.067028538,0.068328538,0.069178538,0.071308538,0.074238538,0.077658538,0.078438538,0.079048538,0.079888538
8/20/2025,0.05209,0.0511,0.05252,0.062618538,0.063468538,0.063848538,0.064638538,0.065528538,0.066488538,0.067028538,0.068298538,0.069098538,0.071278538,0.074098538,0.077288538,0.078198538,0.078848538,0.079638538
8/19/2025,0.05197,0.0511,0.05252,0.062618538,0.063468538,0.063848538,0.064638538,0.065528538,0.066488538,0.067028538,0.068298538,0.069098538,0.071248538,0.074048538,0.077348538,0.078248538,0.078898538,0.079688538
8/18/2025,0.05203,0.05094,0.05237,0.062468538,0.063318538,0.063848538,0.064638538,0.065528538,0.066488538,0.067028538,0.068298538,0.069098538,0.071398538,0.074198538,0.077348538,0.078298538,0.078978538,0.079748538
8/15/2025,0.05153,0.05094,0.05237,0.062724269,0.063574269,0.064104269,0.064894269,0.065784269,0.066744269,0.067284269,0.068554269,0.069354269,0.071804269,0.074574269,0.077714269,0.078604269,0.079224269,0.079994269
8/14/2025,0.05153,0.05094,0.05237,0.06286,0.06379,0.06432,0.06511,0.066,0.06696,0.0675,0.06877,0.06957,0.07209,0.07491,0.07804,0.07901,0.07957,0.08034
8/13/2025,0.05184,0.05065,0.05215,0.06257,0.06359,0.06407,0.06507,0.06588,0.06692,0.06746,0.06873,0.06957,0.0719,0.07502,0.07788,0.07881,0.07944,0.08028
8/12/2025,0.05197,0.05087,0.05213,0.06263,0.0635,0.06407,0.06507,0.06588,0.06692,0.06746,0.06873,0.06957,0.07191,0.07495,0.07786,0.07888,0.07953,0.08032
8/11/2025,0.05222,0.05094,0.05221,0.06271,0.0635,0.06407,0.06507,0.06588,0.06692,0.06746,0.06873,0.06957,0.07204,0.07519,0.07802,0.07902,0.07965,0.08045
8/8/2025,0.05209,0.05117,0.05221,0.06294,0.06357,0.06415,0.06507,0.06588,0.06692,0.06746,0.06873,0.06957,0.07196,0.07506,0.07792,0.07893,0.07957,0.08037
8/7/2025,0.05108,0.05056,0.05173,0.06238,0.06321,0.06388,0.06484,0.06561,0.06677,0.06738,0.06869,0.06961,0.07205,0.07516,0.07807,0.07902,0.07969,0.0804
8/6/2025,0.05003,0.05006,0.05119,0.06204,0.06305,0.06373,0.06477,0.06554,0.06669,0.0673,0.06861,0.06954,0.07247,0.07559,0.07821,0.07928,0.07991,0.08064
8/5/2025,0.04953,0.04998,0.05112,0.06196,0.06298,0.06357,0.06469,0.06546,0.06657,0.06719,0.06846,0.06942,0.07234,0.07544,0.07809,0.07911,0.07973,0.08061
8/4/2025,0.04913,0.04967,0.05096,0.06196,0.06298,0.06357,0.06469,0.06546,0.06657,0.06719,0.06846,0.06942,0.07238,0.07551,0.07814,0.0792,0.07981,0.08054
8/1/2025,0.04903,0.04975,0.05104,0.062,0.06301,0.06353,0.06465,0.06542,0.06653,0.06715,0.06842,0.06938,0.07234,0.07546,0.0781,0.07915,0.07977,0.0805
7/31/2025,0.04863,0.0496,0.05088,0.064801676,0.065821676,0.066411676,0.067531676,0.068301676,0.069411676,0.070031676,0.071301676,0.072261676,0.075211676,0.078381676,0.081081676,0.082121676,0.082741676,0.083471676
7/30/2025,0.04883,0.0496,0.05088,0.064801676,0.065821676,0.066411676,0.067531676,0.068301676,0.069411676,0.070031676,0.071301676,0.072261676,0.075151676,0.078381676,0.080951676,0.082031676,0.082661676,0.083391676
7/29/2025,0.04923,0.04975,0.05104,0.064801676,0.065821676,0.066411676,0.067531676,0.068301676,0.069411676,0.070031676,0.071301676,0.072261676,0.075131676,0.078371676,0.080821676,0.082011676,0.082661676,0.083391676
7/28/2025,0.04918,0.04958,0.05092,0.064761676,0.065801676,0.066451676,0.067531676,0.068301676,0.069411676,0.070031676,0.071301676,0.072261676,0.075271676,0.078571676,0.081031676,0.082221676,0.082831676,0.083511676
7/25/2025,0.04908,0.04965,0.05108,0.064841676,0.065881676,0.066531676,0.067531676,0.068301676,0.069411676,0.070031676,0.071301676,0.072261676,0.075271676,0.078581676,0.081081676,0.082221676,0.082831676,0.083511676
7/24/2025,0.04878,0.04958,0.051,0.064801676,0.065801676,0.066531676,0.067531676,0.068301676,0.069411676,0.070031676,0.071301676,0.072261676,0.075331676,0.078581676,0.081251676,0.082331676,0.082781676,0.083511676
7/23/2025,0.04858,0.04946,0.05088,0.064721676,0.065721676,0.066531676,0.067531676,0.068301676,0.069411676,0.070031676,0.071301676,0.072261676,0.075641676,0.078841676,0.081581676,0.082601676,0.082951676,0.083701676
7/22/2025,0.04798,0.04904,0.05054,0.064341676,0.065491676,0.066301676,0.067301676,0.067991676,0.069111676,0.069641676,0.070911676,0.071881676,0.075091676,0.078471676,0.081041676,0.082121676,0.082521676,0.083361676
7/21/2025,0.04768,0.04904,0.05054,0.064341676,0.065491676,0.066301676,0.067301676,0.067991676,0.069111676,0.069641676,0.070911676,0.071881676,0.075101676,0.078471676,0.081031676,0.082141676,0.082521676,0.083361676
7/18/2025,0.04768,0.049,0.0505,0.064301676,0.065451676,0.066261676,0.067261676,0.067951676,0.069071676,0.069611676,0.070881676,0.071841676,0.074991676,0.078411676,0.080961676,0.082061676,0.082481676,0.083321676
7/17/2025,0.04798,0.04904,0.0505,0.064301676,0.065451676,0.066261676,0.067261676,0.067951676,0.069071676,0.069611676,0.070881676,0.071841676,0.074891676,0.078281676,0.080951676,0.082001676,0.082381676,0.083281676
7/16/2025,0.04798,0.04904,0.0505,0.064301676,0.065451676,0.066261676,0.067261676,0.067951676,0.069071676,0.069611676,0.070881676,0.071841676,0.075311676,0.078681676,0.080971676,0.082201676,0.082741676,0.083651676
7/15/2025,0.04778,0.04896,0.05042,0.064221676,0.065381676,0.066181676,0.067261676,0.067951676,0.069071676,0.069611676,0.070881676,0.071841676,0.075281676,0.078711676,0.080931676,0.082171676,0.082761676,0.083671676
7/14/2025,0.04725,0.04885,0.05035,0.064221676,0.065381676,0.066181676,0.067261676,0.067951676,0.069071676,0.069611676,0.070881676,0.071841676,0.075281676,0.078701676,0.080871676,0.082041676,0.082671676,0.083591676
7/11/2025,0.04714,0.04854,0.05027,0.064141676,0.065381676,0.066181676,0.067261676,0.067951676,0.069071676,0.069611676,0.070881676,0.071841676,0.074491676,0.077891676,0.080081676,0.081251676,0.081881676,0.082801676
7/10/2025,0.04714,0.04854,0.049,0.064141676,0.065381676,0.066181676,0.067261676,0.067951676,0.069071676,0.069611676,0.070881676,0.071841676,0.075361676,0.078731676,0.080901676,0.082191676,0.082751676,0.083671676
7/9/2025,0.04714,0.04854,0.049,0.064301676,0.065531676,0.066381676,0.067411676,0.068111676,0.069221676,0.069761676,0.071031676,0.071991676,0.075671676,0.078991676,0.081191676,0.082411676,0.082991676,0.083911676
7/8/2025,0.04703,0.04854,0.049,0.064071676,0.065531676,0.066381676,0.067411676,0.068111676,0.069221676,0.069761676,0.071031676,0.071991676,0.075541676,0.078831676,0.081071676,0.082281676,0.082861676,0.083781676
7/7/2025,0.04703,0.0485,0.049,0.064071676,0.065531676,0.066381676,0.067411676,0.068111676,0.069221676,0.069761676,0.071031676,0.071991676,0.075671676,0.078941676,0.081181676,0.082401676,0.082991676,0.083911676
7/4/2025,0.04668,0.04873,0.05042,0.064611676,0.065681676,0.066381676,0.067411676,0.068111676,0.069221676,0.069761676,0.071031676,0.071991676,0.075671676,0.078951676,0.081181676,0.082401676,0.082991676,0.083911676
7/3/2025,0.04648,0.04873,0.0505,0.064611676,0.065681676,0.066381676,0.067411676,0.068111676,0.069221676,0.069761676,0.071031676,0.071991676,0.075671676,0.078941676,0.081181676,0.082411676,0.082991676,0.083911676
7/2/2025,0.04658,0.04873,0.0505,0.064611676,0.065681676,0.066381676,0.067411676,0.068111676,0.069221676,0.069761676,0.071031676,0.071991676,0.075671676,0.078911676,0.081141676,0.082311676,0.082991676,0.083911676
7/1/2025,0.04708,0.04885,0.0505,0.064611676,0.065681676,0.066381676,0.067411676,0.068111676,0.069221676,0.069761676,0.071031676,0.071991676,0.075671676,0.078891676,0.081151676,0.082331676,0.082991676,0.083911676
6/30/2025,0.04678,0.04885,0.0505,0.064611676,0.065681676,0.066381676,0.067411676,0.068111676,0.069221676,0.069761676,0.071031676,0.071991676,0.075691676,0.078911676,0.081121676,0.082331676,0.082991676,0.083911676
6/27/2025,0.04658,0.0485,0.05046,0.064641676,0.065641676,0.066341676,0.067381676,0.068071676,0.069221676,0.069761676,0.071031676,0.071991676,0.075751676,0.079121676,0.081241676,0.082481676,0.082991676,0.083941676
6/26/2025,0.04618,0.04842,0.05046,0.064641676,0.065641676,0.066341676,0.067381676,0.068071676,0.069221676,0.069761676,0.071031676,0.071991676,0.075751676,0.079141676,0.081241676,0.082421676,0.082991676,0.083941676
6/25/2025,0.04533,0.04835,0.05031,0.064491676,0.065491676,0.066141676,0.067221676,0.067911676,0.069071676,0.069611676,0.070881676,0.071841676,0.075591676,0.078961676,0.081081676,0.082271676,0.082881676,0.083841676
6/24/2025,0.04513,0.04819,0.05023,0.064181676,0.065411676,0.066141676,0.067221676,0.067911676,0.069071676,0.069611676,0.070881676,0.071841676,0.075731676,0.079131676,0.081171676,0.082341676,0.082921676,0.083881676
6/23/2025,0.04513,0.04835,0.05038,0.064571676,0.065491676,0.066221676,0.067221676,0.067911676,0.069071676,0.069611676,0.070881676,0.071841676,0.075591676,0.078931676,0.081051676,0.082181676,0.082841676,0.083801676
6/20/2025,0.04523,0.04804,0.05038,0.064571676,0.065491676,0.066221676,0.067221676,0.067911676,0.069071676,0.069611676,0.070881676,0.071841676,0.075581676,0.078961676,0.081041676,0.082181676,0.082861676,0.083821676
6/19/2025,0.04513,0.04835,0.05038,0.064571676,0.065491676,0.066221676,0.067221676,0.067911676,0.069071676,0.069611676,0.070881676,0.071841676,0.075551676,0.078911676,0.081001676,0.082301676,0.082821676,0.083731676
6/18/2025,0.04533,0.0485,0.05038,0.064641676,0.065491676,0.066221676,0.067221676,0.067911676,0.069071676,0.069611676,0.070881676,0.071841676,0.075301676,0.078881676,0.080971676,0.082081676,0.082771676,0.083691676
6/17/2025,0.04553,0.04835,0.05046,0.064641676,0.065491676,0.066221676,0.067221676,0.067911676,0.069071676,0.069611676,0.070881676,0.071841676,0.075231676,0.078941676,0.081131676,0.082211676,0.082991676,0.083931676
6/16/2025,0.04575,0.0485,0.05054,0.064641676,0.065491676,0.066221676,0.067221676,0.067911676,0.069071676,0.069611676,0.070881676,0.071841676,0.074891676,0.078851676,0.081091676,0.082151676,0.082991676,0.083931676
6/13/2025,0.04583,0.04865,0.05046,0.064641676,0.065491676,0.066221676,0.067221676,0.067911676,0.069071676,0.069611676,0.070881676,0.071841676,0.074911676,0.078691676,0.081091676,0.082141676,0.082991676,0.083931676
6/12/2025,0.04603,0.04865,0.05046,0.064141676,0.065491676,0.066221676,0.067221676,0.067911676,0.069071676,0.069611676,0.070881676,0.071841676,0.074811676,0.078601676,0.081081676,0.082171676,0.082991676,0.083931676
6/11/2025,0.04603,0.04865,0.05046,0.064641676,0.065491676,0.066221676,0.067221676,0.067911676,0.069071676,0.069611676,0.070881676,0.071841676,0.074791676,0.078491676,0.081061676,0.082161676,0.082991676,0.083931676
6/10/2025,0.04589,0.04865,0.05046,0.064641676,0.065491676,0.066221676,0.067221676,0.067911676,0.069071676,0.069611676,0.070881676,0.071841676,0.074771676,0.078541676,0.081051676,0.082231676,0.082971676,0.083931676
6/9/2025,0.04643,0.04881,0.05058,0.064641676,0.065491676,0.066221676,0.067221676,0.067911676,0.069071676,0.069611676,0.070881676,0.071841676,0.074821676,0.078411676,0.081001676,0.082111676,0.082971676,0.083931676
6/6/2025,0.04653,0.04888,0.05073,0.064721676,0.065491676,0.066221676,0.067221676,0.067911676,0.069071676,0.069611676,0.070881676,0.071841676,0.074681676,0.078101676,0.080931676,0.082011676,0.082861676,0.083811676
6/5/2025,0.04653,0.04896,0.05088,0.064801676,0.065641676,0.066381676,0.067451676,0.067991676,0.069141676,0.069681676,0.070951676,0.071911676,0.074851676,0.078371676,0.081181676,0.082281676,0.083141676,0.084091676
6/4/2025,0.0468,0.04904,0.05088,0.064801676,0.065641676,0.066381676,0.067451676,0.067991676,0.069141676,0.069681676,0.070951676,0.071911676,0.074771676,0.078231676,0.081021676,0.082221676,0.083141676,0.084051676
6/3/2025,0.0473,0.04904,0.05088,0.064801676,0.065641676,0.066381676,0.067451676,0.067991676,0.069141676,0.069681676,0.070951676,0.071911676,0.074581676,0.077871676,0.080801676,0.082011676,0.082891676,0.083811676
6/2/2025,0.0475,0.04942,0.05119,0.064951676,0.065801676,0.066531676,0.067611676,0.068301676,0.069381676,0.069911676,0.071181676,0.072071676,0.074631676,0.077891676,0.080931676,0.082151676,0.083051676,0.083971676
5/30/2025,0.0475,0.04942,0.05127,0.064951676,0.065801676,0.066531676,0.067611676,0.068301676,0.069381676,0.069911676,0.071181676,0.072071676,0.074631676,0.077831676,0.080881676,0.082081676,0.083051676,0.083971676
5/29/2025,0.0475,0.04965,0.05127,0.06407,0.06492,0.06565,0.06673,0.06742,0.0685,0.06903,0.0703,0.07119,0.07392,0.07708,0.08016,0.0814,0.08238,0.0833
5/28/2025,0.04763,0.04962,0.04983,0.06407,0.06492,0.06565,0.06673,0.06742,0.0685,0.06903,0.0703,0.07119,0.07386,0.07714,0.08014,0.08148,0.08242,0.08334
5/27/2025,0.04794,0.04969,0.05127,0.06407,0.06492,0.06565,0.06673,0.06742,0.0685,0.06903,0.0703,0.07119,0.07394,0.07708,0.08007,0.0814,0.0824,0.08328
5/26/2025,0.04772,0.04954,0.05127,0.06407,0.06492,0.06565,0.06673,0.06742,0.0685,0.06903,0.0703,0.07119,0.07385,0.07699,0.08005,0.08139,0.0824,0.08328
5/23/2025,0.04772,0.04954,0.05127,0.06407,0.06492,0.06565,0.06673,0.06742,0.0685,0.06903,0.0703,0.07119,0.07373,0.0769,0.07991,0.08137,0.0824,0.08328
5/22/2025,0.04772,0.04946,0.05127,0.06407,0.06492,0.06565,0.06673,0.06742,0.0685,0.06903,0.0703,0.07119,0.07381,0.07699,0.07998,0.08144,0.08248,0.08336
5/21/2025,0.04772,0.04946,0.05135,0.06415,0.06492,0.06565,0.06673,0.06742,0.0685,0.06911,0.07038,0.07126,0.07393,0.07704,0.0801,0.08158,0.08263,0.08351
5/20/2025,0.04772,0.04954,0.05138,0.06411,0.06492,0.06565,0.06669,0.06738,0.06846,0.06907,0.07034,0.07123,0.0739,0.07709,0.0801,0.08156,0.0826,0.08348
5/19/2025,0.04789,0.04954,0.05138,0.06411,0.06492,0.06565,0.06669,0.06738,0.06846,0.06907,0.07034,0.07123,0.07384,0.07711,0.08009,0.08155,0.0826,0.08348
5/16/2025,0.04789,0.04954,0.05135,0.06411,0.06492,0.06565,0.06669,0.06738,0.06846,0.06907,0.07034,0.07123,0.07381,0.07709,0.08009,0.08155,0.0826,0.08348
5/15/2025,0.04789,0.04954,0.05135,0.06411,0.06492,0.06565,0.06669,0.06738,0.06846,0.06907,0.07034,0.07123,0.07382,0.07709,0.08007,0.08157,0.08263,0.08351
5/14/2025,0.0485,0.04958,0.05138,0.06411,0.06492,0.06565,0.06669,0.06738,0.06846,0.06907,0.07034,0.07123,0.07382,0.07709,0.08011,0.08156,0.08263,0.08351
5/13/2025,0.04817,0.04965,0.05138,0.06411,0.06492,0.06565,0.06669,0.06738,0.06846,0.06907,0.07034,0.07123,0.07382,0.07709,0.08015,0.08156,0.08263,0.08351
5/12/2025,0.04788,0.04917,0.05138,0.06411,0.06492,0.06565,0.06669,0.06738,0.06846,0.06907,0.07034,0.07123,0.07382,0.07711,0.08012,0.08159,0.08263,0.08351
5/9/2025,0.0475,0.04975,0.05142,0.06419,0.065,0.06569,0.06669,0.06738,0.06846,0.06907,0.07034,0.07123,0.07382,0.07711,0.08017,0.08159,0.08263,0.08351
5/8/2025,0.04736,0.04975,0.05142,0.064833944,0.065643944,0.066333944,0.067333944,0.068023944,0.069103944,0.069713944,0.070983944,0.071873944,0.074463944,0.077753944,0.080813944,0.082233944,0.083273944,0.084153944
5/7/2025,0.04736,0.04975,0.05142,0.064833944,0.065643944,0.066333944,0.067333944,0.068023944,0.069103944,0.069713944,0.070983944,0.071873944,0.074413944,0.077743944,0.080763944,0.082193944,0.083273944,0.084153944
5/6/2025,0.04764,0.05,0.05142,0.064833944,0.065643944,0.066333944,0.067333944,0.068023944,0.069103944,0.069713944,0.070983944,0.071873944,0.074533944,0.077833944,0.080923944,0.082313944,0.083393944,0.084273944
5/5/2025,0.04779,0.05,0.05142,0.064833944,0.065643944,0.066333944,0.067373944,0.068063944,0.069143944,0.069753944,0.071023944,0.071903944,0.074373944,0.077913944,0.080953944,0.082343944,0.083423944,0.084303944
4/29/2025,0.04758,0.0496,0.05142,0.064753944,0.065793944,0.066333944,0.067373944,0.068063944,0.069143944,0.069753944,0.071023944,0.071903944,0.074363944,0.077893944,0.080913944,0.082303944,0.083553944,0.084463944
4/28/2025,0.04758,0.0496,0.05142,0.064753944,0.065793944,0.066333944,0.067373944,0.068063944,0.069143944,0.069753944,0.071023944,0.071903944,0.074403944,0.077873944,0.080913944,0.082313944,0.083553944,0.084463944
4/26/2025,0.04758,0.0496,0.05142,0.064628416,0.065668416,0.066248416,0.067248416,0.067938416,0.069018416,0.069628416,0.070938416,0.071778416,0.074188416,0.077768416,0.080758416,0.082278416,0.083428416,0.084338416
4/25/2025,0.04758,0.0496,0.05142,0.064628416,0.065668416,0.066248416,0.067248416,0.067938416,0.069018416,0.069628416,0.070938416,0.071778416,0.074188416,0.077768416,0.080758416,0.082278416,0.083428416,0.084338416
4/24/2025,0.04775,0.0496,0.05142,0.064628416,0.065668416,0.066248416,0.067248416,0.067938416,0.069018416,0.069628416,0.070938416,0.071778416,0.074388416,0.077818416,0.080798416,0.082168416,0.083378416,0.084318416
4/23/2025,0.0478,0.04942,0.05142,0.064628416,0.065668416,0.066248416,0.067248416,0.067938416,0.069018416,0.069628416,0.070938416,0.071778416,0.074058416,0.077628416,0.080458416,0.082058416,0.083378416,0.084318416
4/22/2025,0.0478,0.04967,0.05177,0.064858416,0.065938416,0.066668416,0.067708416,0.068248416,0.069478416,0.070048416,0.071358416,0.072208416,0.074608416,0.077918416,0.081008416,0.082588416,0.083938416,0.084878416
4/21/2025,0.0478,0.04967,0.05177,0.064858416,0.065938416,0.066668416,0.067708416,0.068248416,0.069478416,0.070048416,0.071358416,0.072208416,0.074408416,0.077788416,0.080858416,0.082458416,0.083808416,0.084748416
4/18/2025,0.04808,0.0499,0.05177,0.064858416,0.065938416,0.066668416,0.067708416,0.068248416,0.069478416,0.070048416,0.071358416,0.072208416,0.074388416,0.077788416,0.080848416,0.082458416,0.083808416,0.084748416
4/17/2025,0.0478,0.04983,0.05177,0.064732887,0.065812887,0.066542887,0.067582887,0.068122887,0.069352887,0.069922887,0.071232887,0.072082887,0.074232887,0.077612887,0.080702887,0.082302887,0.083682887,0.084622887
4/16/2025,0.04808,0.0499,0.05177,0.064732887,0.065812887,0.066542887,0.067582887,0.068122887,0.069352887,0.069922887,0.071232887,0.072082887,0.074232887,0.077622887,0.080632887,0.082302887,0.083682887,0.084622887
4/15/2025,0.0478,0.0497,0.05169,0.064812887,0.065812887,0.066542887,0.067542887,0.068122887,0.069352887,0.069922887,0.071232887,0.072082887,0.074232887,0.077612887,0.080722887,0.082302887,0.083682887,0.084622887
4/14/2025,0.04758,0.04963,0.05169,0.064812887,0.065812887,0.066622887,0.067542887,0.068122887,0.069352887,0.069922887,0.071232887,0.072082887,0.074112887,0.077642887,0.080732887,0.082302887,0.083682887,0.084622887
4/11/2025,0.04758,0.04988,0.05173,0.06404,0.06496,0.06577,0.06669,0.06727,0.0685,0.06907,0.07038,0.07123,0.07323,0.07679,0.07988,0.08145,0.08283,0.08377
4/10/2025,0.04758,0.04988,0.05173,0.06404,0.06496,0.06577,0.06669,0.06727,0.0685,0.06907,0.07038,0.07123,0.07318,0.0768,0.07986,0.08145,0.08283,0.08377
4/9/2025,0.04758,0.04988,0.05173,0.06404,0.06496,0.06577,0.06669,0.06727,0.0685,0.06907,0.07038,0.07123,0.07319,0.07685,0.07986,0.08145,0.08271,0.08365
4/8/2025,0.048,0.04967,0.05165,0.06404,0.06496,0.06577,0.06669,0.06727,0.0685,0.06907,0.07038,0.07123,0.07326,0.07686,0.07988,0.08146,0.08271,0.08365
4/4/2025,0.04775,0.04938,0.05173,0.06404,0.06496,0.06577,0.06669,0.06727,0.0685,0.06907,0.07038,0.07123,0.07324,0.07665,0.07972,0.08151,0.08275,0.08369
4/3/2025,0.04775,0.04938,0.05173,0.06404,0.06496,0.06577,0.06669,0.06727,0.0685,0.06907,0.07038,0.07123,0.0732,0.07683,0.0799,0.08155,0.08275,0.08365
4/2/2025,0.04733,0.04913,0.05165,0.06404,0.065,0.0658,0.06677,0.06734,0.06857,0.06919,0.07054,0.07134,0.07263,0.07644,0.07942,0.08135,0.08291,0.08391
4/1/2025,0.04725,0.0488,0.05165,0.06404,0.065,0.0658,0.06677,0.06734,0.06857,0.06919,0.07054,0.07134,0.07277,0.0764,0.07947,0.08134,0.08291,0.08391
3/31/2025,0.04733,0.049,0.05165,0.06404,0.065,0.0658,0.06677,0.06734,0.06857,0.06919,0.07054,0.07134,0.0727,0.07635,0.07941,0.08134,0.08291,0.08391
3/28/2025,0.0473,0.0485,0.05165,0.064419321,0.065309321,0.066109321,0.067079321,0.067649321,0.068879321,0.069499321,0.070849321,0.071649321,0.073129321,0.076809321,0.079729321,0.081659321,0.083219321,0.084219321
3/27/2025,0.0473,0.0485,0.05165,0.064316214,0.065206214,0.066006214,0.066976214,0.067546214,0.068776214,0.069396214,0.070746214,0.071546214,0.073026214,0.076716214,0.079686214,0.081526214,0.083116214,0.084116214
3/26/2025,0.047,0.0485,0.05165,0.064316214,0.065206214,0.066006214,0.066976214,0.067546214,0.068776214,0.069396214,0.070746214,0.071546214,0.073116214,0.076726214,0.079736214,0.081546214,0.083116214,0.084116214
3/25/2025,0.047,0.04843,0.05165,0.064316214,0.065206214,0.066006214,0.066976214,0.067546214,0.068776214,0.069396214,0.070746214,0.071546214,0.073066214,0.076706214,0.079706214,0.081556214,0.083116214,0.084116214
3/24/2025,0.047,0.04871,0.05158,0.064316214,0.065206214,0.066006214,0.066976214,0.067546214,0.068776214,0.069396214,0.070746214,0.071546214,0.073066214,0.076696214,0.079666214,0.081506214,0.083116214,0.084116214
3/21/2025,0.047,0.04883,0.05158,0.064316214,0.065206214,0.066006214,0.066976214,0.067546214,0.068776214,0.069396214,0.070746214,0.071546214,0.073016214,0.076406214,0.079586214,0.081436214,0.083116214,0.084116214
3/20/2025,0.047,0.04892,0.05158,0.064316214,0.065206214,0.066006214,0.066976214,0.067546214,0.068776214,0.069396214,0.070746214,0.071546214,0.072906214,0.076376214,0.079586214,0.081436214,0.083116214,0.084116214
3/19/2025,0.047,0.04917,0.05158,0.064316214,0.065206214,0.066006214,0.066976214,0.067546214,0.068776214,0.069396214,0.070746214,0.071546214,0.072906214,0.076376214,0.079586214,0.081466214,0.083196214,0.084116214
3/18/2025,0.047,0.05,0.05165,0.064396214,0.065206214,0.066006214,0.066976214,0.067546214,0.068776214,0.069396214,0.070746214,0.071546214,0.072996214,0.076396214,0.079516214,0.081466214,0.083156214,0.084076214
3/17/2025,0.04763,0.05071,0.05173,0.064499321,0.065309321,0.066039321,0.067079321,0.067649321,0.068879321,0.069499321,0.070849321,0.071649321,0.073209321,0.076649321,0.079679321,0.081529321,0.083259321,0.084179321
3/14/2025,0.04713,0.05067,0.05181,0.06419,0.065,0.06573,0.06677,0.06734,0.06857,0.06919,0.07054,0.07134,0.07295,0.07656,0.07945,0.08124,0.08295,0.08387
3/13/2025,0.04713,0.05075,0.052,0.06381,0.06465,0.06542,0.06631,0.06688,0.06819,0.06888,0.07027,0.07111,0.07276,0.07625,0.07914,0.08094,0.08272,0.08364
3/12/2025,0.04713,0.05075,0.052,0.06381,0.06465,0.06542,0.06631,0.06688,0.06819,0.06888,0.07027,0.07111,0.07271,0.07625,0.07907,0.08088,0.08272,0.08364
3/11/2025,0.0466,0.0509,0.052,0.06373,0.06465,0.06542,0.06631,0.06688,0.06819,0.06888,0.07027,0.07111,0.07271,0.07631,0.07912,0.08095,0.08272,0.08364
3/10/2025,0.0466,0.05033,0.05208,0.06373,0.06465,0.06534,0.06627,0.06688,0.06819,0.06888,0.07027,0.07111,0.07273,0.07637,0.07908,0.08091,0.08272,0.08364
3/7/2025,0.0469,0.05033,0.05208,0.06373,0.06465,0.06534,0.06627,0.06688,0.06819,0.06888,0.07027,0.07111,0.07271,0.07625,0.07905,0.08092,0.08272,0.08364
3/6/2025,0.0473,0.05067,0.05238,0.06377,0.06473,0.06534,0.06627,0.06688,0.06819,0.06888,0.07027,0.07111,0.07293,0.07664,0.07923,0.08113,0.08272,0.08363
3/5/2025,0.0499,0.051,0.05273,0.06419,0.065,0.06558,0.0665,0.06704,0.06834,0.06904,0.07042,0.07127,0.07299,0.07725,0.07969,0.08155,0.08294,0.08381
3/4/2025,0.0507,0.05142,0.05285,0.06419,0.065,0.06558,0.0665,0.06704,0.06834,0.06904,0.07042,0.07127,0.07337,0.07776,0.0802,0.08189,0.0832,0.08398
3/3/2025,0.0508,0.05142,0.05292,0.06427,0.065,0.06558,0.0665,0.06704,0.06834,0.06904,0.07042,0.07127,0.07349,0.07775,0.08032,0.08207,0.08314,0.08406
2/28/2025,0.051,0.05125,0.05317,0.06419,0.06492,0.06542,0.06642,0.06696,0.06827,0.06896,0.07034,0.07119,0.07363,0.07783,0.08034,0.08204,0.08306,0.08398
2/27/2025,0.0509,0.05125,0.05317,0.06427,0.06492,0.06542,0.06642,0.06696,0.06827,0.06896,0.07034,0.07119,0.07364,0.07781,0.08034,0.08208,0.08307,0.08394
2/26/2025,0.05138,0.05175,0.05317,0.06427,0.06492,0.06542,0.06642,0.06696,0.06827,0.06896,0.07034,0.07119,0.07372,0.0779,0.08055,0.08236,0.08309,0.08396
2/25/2025,0.05163,0.052,0.05317,0.06458,0.06492,0.06542,0.06642,0.06696,0.06827,0.06896,0.07034,0.07119,0.07372,0.07795,0.08062,0.08235,0.08309,0.08396
2/24/2025,0.05163,0.05194,0.05317,0.06458,0.065,0.0655,0.06642,0.06696,0.06827,0.06896,0.07034,0.07119,0.0737,0.07794,0.0806,0.08237,0.08309,0.08396
2/21/2025,0.05175,0.05206,0.05338,0.06458,0.065,0.0655,0.06642,0.06696,0.06827,0.06896,0.07034,0.07119,0.07374,0.07806,0.08063,0.08237,0.08309,0.08396
2/20/2025,0.05188,0.052,0.05338,0.06458,0.065,0.0655,0.06642,0.06696,0.06827,0.06896,0.07034,0.07119,0.07374,0.07801,0.08065,0.08236,0.08309,0.08392
2/19/2025,0.05238,0.05213,0.05363,0.06458,0.065,0.0655,0.06642,0.06696,0.06827,0.06896,0.07034,0.07119,0.07385,0.07805,0.08072,0.08236,0.083,0.08384
2/18/2025,0.05213,0.05213,0.05363,0.06458,0.065,0.0655,0.06642,0.06696,0.06827,0.06896,0.07034,0.07119,0.07385,0.07801,0.08071,0.08235,0.083,0.08384
2/17/2025,0.0525,0.05186,0.0537,0.06454,0.065,0.0655,0.06642,0.06696,0.06827,0.06896,0.07034,0.07119,0.07368,0.07799,0.0807,0.08233,0.083,0.08384
2/14/2025,0.0524,0.05186,0.05363,0.05043,0.05089,0.05139,0.05231,0.05285,0.05416,0.05485,0.05623,0.05708,0.05957,0.06338,0.06661,0.06832,0.06894,0.06977
2/13/2025,0.0524,0.05186,0.05363,0.05043,0.05089,0.05139,0.05231,0.05285,0.05416,0.05485,0.05623,0.05708,0.05977,0.06353,0.0667,0.06846,0.06899,0.06987
2/12/2025,0.0526,0.05186,0.05388,0.05039,0.05089,0.05139,0.05231,0.05285,0.05416,0.05485,0.05623,0.05708,0.06,0.06347,0.06678,0.06873,0.06883,0.06958
2/11/2025,0.0527,0.05186,0.05375,0.05039,0.05089,0.05139,0.05231,0.05285,0.05416,0.05485,0.05623,0.05708,0.05993,0.06306,0.0667,0.06843,0.06879,0.06962
2/10/2025,0.0527,0.052,0.0534,0.05039,0.05089,0.05139,0.05231,0.05285,0.05416,0.05485,0.05623,0.05708,0.05979,0.06285,0.0667,0.0685,0.06877,0.06963
2/7/2025,0.0522,0.05167,0.0534,0.05027,0.05077,0.05127,0.0522,0.05273,0.05404,0.05481,0.0562,0.05708,0.0595,0.06268,0.06635,0.06814,0.06877,0.06958
2/6/2025,0.0522,0.0515,0.05333,0.05027,0.05077,0.05127,0.0522,0.05273,0.05404,0.05481,0.0562,0.05708,0.05955,0.06284,0.06644,0.0683,0.06881,0.06962
2/5/2025,0.0523,0.0517,0.05325,0.05027,0.05077,0.05127,0.0522,0.05273,0.05404,0.05481,0.0562,0.05708,0.05937,0.06183,0.06614,0.06806,0.06881,0.06962
2/4/2025,0.05267,0.05163,0.05325,0.05043,0.05093,0.05143,0.05235,0.05289,0.0542,0.05497,0.05635,0.05723,0.05966,0.06216,0.06642,0.06828,0.06904,0.06985
2/3/2025,0.05233,0.05163,0.05325,0.05043,0.05093,0.05143,0.05235,0.05289,0.0542,0.05497,0.05635,0.05723,0.0597,0.06194,0.06642,0.06829,0.06904,0.06985
1/24/2025,0.053,0.0514,0.0533,0.0502,0.05093,0.05143,0.05235,0.05289,0.0542,0.05497,0.05635,0.05723,0.05961,0.0618,0.06622,0.06811,0.06902,0.06985
1/23/2025,0.053,0.05158,0.0535,0.05016,0.05093,0.05143,0.05235,0.05289,0.0542,0.05497,0.05635,0.05723,0.05965,0.06174,0.06624,0.06809,0.06902,0.06989
1/22/2025,0.0532,0.05113,0.0537,0.05039,0.05093,0.05143,0.05235,0.05289,0.0542,0.05497,0.05635,0.05723,0.05975,0.06186,0.06641,0.06841,0.06881,0.06969
1/21/2025,0.0536,0.05175,0.054,0.05043,0.05089,0.05139,0.05231,0.05285,0.05416,0.05493,0.05631,0.0572,0.0598,0.06169,0.06661,0.06854,0.06886,0.06978
1/20/2025,0.0536,0.05175,0.054,0.05058,0.051,0.0515,0.05243,0.05297,0.05431,0.055,0.05631,0.05712,0.05983,0.06226,0.0666,0.0685,0.0687,0.06962
1/17/2025,0.0536,0.05175,0.0538,0.05035,0.05081,0.05131,0.05231,0.05285,0.05416,0.05493,0.05631,0.0572,0.05998,0.0623,0.06669,0.06844,0.06878,0.0697
1/16/2025,0.0536,0.052,0.0538,0.05035,0.05081,0.05131,0.05231,0.05285,0.05416,0.05493,0.05631,0.0572,0.05994,0.06234,0.06677,0.06852,0.06878,0.0697
1/15/2025,0.0538,0.05175,0.0538,0.05008,0.05073,0.05131,0.05231,0.05285,0.05416,0.05493,0.05631,0.0572,0.0602,0.06253,0.06691,0.06863,0.06893,0.06985
1/14/2025,0.05417,0.05175,0.0537,0.04997,0.05073,0.05123,0.05223,0.05285,0.05416,0.05493,0.05631,0.0572,0.06042,0.06266,0.06696,0.06871,0.06893,0.06984
1/13/2025,0.054,0.0508,0.05325,0.04981,0.05058,0.05108,0.05223,0.05285,0.05416,0.05493,0.05631,0.0572,0.06043,0.06265,0.0669,0.06865,0.06884,0.06972
1/10/2025,0.05417,0.0508,0.053,0.04973,0.0505,0.051,0.05208,0.05285,0.05416,0.05493,0.05631,0.0572,0.06029,0.06308,0.06705,0.0685,0.06864,0.0696
1/9/2025,0.05383,0.051,0.053,0.04973,0.0505,0.051,0.05208,0.05285,0.05416,0.05493,0.05631,0.0572,0.05993,0.06262,0.06675,0.06849,0.06875,0.06975
1/8/2025,0.04942,0.0514,0.0527,0.04973,0.0505,0.051,0.05208,0.05285,0.05416,0.05493,0.05631,0.0572,0.05988,0.06243,0.06671,0.0684,0.0687,0.06966
1/7/2025,0.04846,0.0513,0.0526,0.0497,0.05047,0.05097,0.05204,0.05281,0.05412,0.05489,0.05627,0.05716,0.05993,0.06251,0.06669,0.06842,0.06866,0.06966
1/6/2025,0.04846,0.0513,0.0526,0.0497,0.05047,0.05097,0.05204,0.05281,0.05412,0.05489,0.05627,0.05716,0.05982,0.06239,0.06665,0.06838,0.0687,0.06966
1/3/2025,0.0485,0.05088,0.0527,0.04973,0.05047,0.05097,0.05204,0.05281,0.05412,0.05489,0.05627,0.05716,0.05984,0.06226,0.06666,0.06831,0.06862,0.06966
1/2/2025,0.05283,0.05088,0.0527,0.04973,0.05047,0.05097,0.05204,0.05281,0.05412,0.05489,0.05627,0.05716,0.05979,0.06224,0.06671,0.06818,0.06862,0.06954
12/31/2024,0.05317,0.05088,0.0529,0.0497,0.05047,0.05097,0.05204,0.05281,0.05412,0.05489,0.05627,0.05716,0.05982,0.06219,0.0666,0.06813,0.06866,0.06958
12/30/2024,0.05317,0.05088,0.0529,0.0497,0.05047,0.05097,0.05204,0.05281,0.05412,0.05489,0.05627,0.05716,0.05982,0.06213,0.06654,0.06808,0.0687,0.06958
12/27/2024,0.053,0.05088,0.05263,0.05018,0.05035,0.05093,0.05185,0.0527,0.054,0.05481,0.05627,0.05716,0.05997,0.06225,0.06677,0.0682,0.06882,0.0697
12/26/2024,0.05333,0.05088,0.05288,0.05018,0.05035,0.05093,0.05185,0.0527,0.054,0.05481,0.05627,0.05716,0.05997,0.06225,0.06676,0.0682,0.06882,0.0697
12/25/2024,0.05333,0.05088,0.05288,0.05018,0.05035,0.05093,0.05185,0.0527,0.054,0.05481,0.05627,0.05716,0.06006,0.06225,0.06676,0.0682,0.06882,0.06974
12/24/2024,0.05333,0.05063,0.05288,0.05018,0.05035,0.05093,0.05185,0.0527,0.054,0.05481,0.05627,0.05716,0.06006,0.06225,0.06673,0.0682,0.06882,0.06974
12/23/2024,0.05333,0.05088,0.05288,0.05035,0.05035,0.05085,0.05185,0.05254,0.05393,0.05458,0.05608,0.057,0.05995,0.06209,0.06646,0.06793,0.06866,0.06958
12/20/2024,0.05317,0.05063,0.05263,0.05035,0.05027,0.05077,0.0517,0.05239,0.05377,0.05458,0.05608,0.057,0.06011,0.06232,0.06692,0.06803,0.06892,0.06971
12/19/2024,0.05133,0.05063,0.05238,0.05035,0.04973,0.05023,0.05108,0.05185,0.05339,0.05427,0.05581,0.0567,0.05959,0.06208,0.06686,0.06822,0.06858,0.06949
12/18/2024,0.05133,0.05063,0.05113,0.05035,0.04943,0.04993,0.05093,0.05185,0.05339,0.05427,0.05581,0.0567,0.05904,0.06144,0.06632,0.06798,0.06855,0.06963
12/17/2024,0.0515,0.05063,0.05113,0.05068,0.0495,0.05,0.051,0.05193,0.05347,0.05435,0.05589,0.05677,0.05905,0.06145,0.06619,0.0679,0.06861,0.06957
12/16/2024,0.0515,0.05063,0.05113,0.05068,0.0495,0.05,0.051,0.05193,0.05347,0.05435,0.05589,0.05677,0.05906,0.06148,0.06626,0.06801,0.06861,0.06957
12/13/2024,0.0515,0.05063,0.05167,0.0496,0.0495,0.05,0.051,0.05193,0.05347,0.05435,0.05589,0.05677,0.05916,0.06149,0.06623,0.068,0.0686,0.0696
12/12/2024,0.05167,0.05075,0.05188,0.0496,0.0495,0.05,0.051,0.05193,0.05347,0.05435,0.05589,0.05677,0.05925,0.06168,0.06634,0.06801,0.06867,0.06975
12/11/2024,0.05188,0.0505,0.05167,0.0491,0.04927,0.0497,0.05077,0.05162,0.05308,0.05412,0.05589,0.05677,0.0586,0.06171,0.06616,0.06798,0.06804,0.06979
12/10/2024,0.05088,0.05038,0.05133,0.04835,0.049,0.04939,0.05054,0.05143,0.05297,0.05404,0.05581,0.0567,0.05816,0.06125,0.06597,0.06783,0.06797,0.06972
12/9/2024,0.05088,0.0501,0.05133,0.04823,0.049,0.04947,0.05054,0.05143,0.05297,0.05404,0.05581,0.0567,0.0582,0.06128,0.06598,0.06787,0.06801,0.06976
12/6/2024,0.05088,0.05025,0.05113,0.04823,0.049,0.04947,0.05054,0.05143,0.05297,0.05404,0.05581,0.0567,0.05801,0.06129,0.06599,0.06777,0.06801,0.06976
12/5/2024,0.05063,0.05025,0.05113,0.04823,0.049,0.04947,0.05054,0.05143,0.05297,0.05404,0.05581,0.0567,0.05799,0.06123,0.06595,0.06779,0.06805,0.0698
12/4/2024,0.05113,0.0495,0.05167,0.04839,0.04893,0.04947,0.05054,0.05143,0.05297,0.05404,0.05581,0.0567,0.05799,0.06122,0.06593,0.06779,0.06805,0.06976
12/3/2024,0.05113,0.05,0.0515,0.04839,0.04893,0.04947,0.05054,0.05143,0.05297,0.05404,0.05581,0.0567,0.05768,0.06104,0.06563,0.06763,0.06812,0.06952
12/2/2024,0.05113,0.05017,0.05117,0.04839,0.04893,0.04947,0.05054,0.05143,0.05297,0.05404,0.05581,0.0567,0.05754,0.06071,0.0654,0.0674,0.06795,0.06952
11/29/2024,0.05133,0.0505,0.05117,0.04839,0.04893,0.04947,0.05054,0.05143,0.05297,0.05404,0.05581,0.0567,0.05753,0.06065,0.06545,0.06751,0.06795,0.0695
11/28/2024,0.05133,0.0505,0.05133,0.04839,0.04893,0.04947,0.05054,0.05143,0.05297,0.05404,0.05581,0.0567,0.05753,0.06065,0.06545,0.06751,0.06795,0.0695
11/27/2024,0.052,0.05075,0.0514,0.04831,0.04893,0.04947,0.05054,0.05143,0.05297,0.05404,0.05581,0.0567,0.05753,0.06065,0.06536,0.0674,0.06795,0.06954
11/26/2024,0.05188,0.0505,0.05167,0.04823,0.04885,0.04939,0.05047,0.05135,0.05289,0.05397,0.05573,0.05662,0.05744,0.06057,0.06528,0.06732,0.06787,0.06946
11/25/2024,0.05163,0.0505,0.05063,0.04785,0.04877,0.04931,0.05047,0.05135,0.05289,0.05397,0.05573,0.05654,0.05736,0.06054,0.06532,0.06739,0.06767,0.06938
11/22/2024,0.05033,0.05075,0.05063,0.04785,0.0487,0.04923,0.05047,0.05135,0.05289,0.05397,0.05573,0.05654,0.05738,0.06053,0.06532,0.06738,0.06767,0.06938
11/21/2024,0.05,0.0505,0.05063,0.04785,0.04862,0.04923,0.05047,0.05135,0.05289,0.05397,0.05573,0.05654,0.05724,0.06048,0.06532,0.06738,0.06767,0.06938
11/20/2024,0.05,0.0501,0.051,0.04785,0.04862,0.04923,0.05047,0.05135,0.05289,0.05397,0.05573,0.05654,0.05721,0.06047,0.06527,0.06737,0.06767,0.06938
11/19/2024,0.05083,0.05075,0.05238,0.04818,0.04885,0.04939,0.05054,0.05135,0.05289,0.05397,0.05573,0.05662,0.05728,0.06054,0.06526,0.06734,0.06775,0.06948
11/18/2024,0.052,0.0505,0.05133,0.04835,0.04877,0.04939,0.05054,0.05143,0.05297,0.05404,0.05581,0.0567,0.05738,0.06063,0.06534,0.06743,0.06783,0.06956
11/15/2024,0.05167,0.051,0.05063,0.04802,0.0487,0.04931,0.05047,0.05135,0.05289,0.05397,0.05573,0.05662,0.05729,0.06054,0.06526,0.06735,0.06775,0.06948
11/14/2024,0.04535,0.0513,0.05063,0.04735,0.04823,0.049,0.05031,0.05127,0.05281,0.05389,0.05566,0.05654,0.05721,0.06039,0.06517,0.06744,0.06767,0.0694
11/13/2024,0.04527,0.0506,0.05013,0.04718,0.04808,0.04885,0.05016,0.05112,0.05266,0.05373,0.0555,0.05639,0.05699,0.05994,0.065,0.06723,0.06752,0.06925
11/12/2024,0.04435,0.0492,0.04863,0.04668,0.04797,0.04881,0.05012,0.05108,0.05262,0.0537,0.05547,0.05635,0.05685,0.05974,0.06485,0.06712,0.06748,0.06921
11/11/2024,0.04423,0.0491,0.04863,0.04668,0.04797,0.04881,0.05012,0.05108,0.05262,0.0537,0.05547,0.05635,0.0568,0.0597,0.06485,0.06712,0.06748,0.06919
11/8/2024,0.04423,0.0491,0.04717,0.04748,0.04797,0.04881,0.05012,0.05108,0.05262,0.0537,0.05547,0.05635,0.05671,0.05956,0.06466,0.06679,0.06733,0.06904
11/7/2024,0.04438,0.0493,0.04717,0.04748,0.04793,0.04885,0.05016,0.0512,0.05273,0.05381,0.05566,0.05654,0.05693,0.0598,0.06498,0.06719,0.06756,0.06927
11/6/2024,0.04438,0.0491,0.04717,0.04748,0.04793,0.04885,0.05016,0.0512,0.05273,0.05381,0.05566,0.05654,0.05695,0.05982,0.06491,0.06698,0.06771,0.06942
11/5/2024,0.04462,0.0491,0.0475,0.04748,0.04785,0.04877,0.05008,0.05112,0.05266,0.05373,0.05558,0.05647,0.05683,0.05971,0.06484,0.06691,0.06772,0.06935
11/4/2024,0.04462,0.04783,0.04804,0.04723,0.04785,0.04877,0.05008,0.05112,0.05266,0.05373,0.05558,0.05647,0.05686,0.05972,0.06475,0.06686,0.06764,0.06935
11/1/2024,0.04381,0.04608,0.04667,0.04598,0.04766,0.0487,0.04993,0.05097,0.0525,0.05366,0.0555,0.05639,0.05674,0.05958,0.06463,0.06661,0.06756,0.06927
10/31/2024,0.04381,0.04608,0.04667,0.04598,0.04766,0.0487,0.04993,0.05097,0.0525,0.05366,0.0555,0.05639,0.05674,0.05957,0.06463,0.06661,0.06756,0.06927
10/30/2024,0.04396,0.04608,0.04667,0.04623,0.04766,0.0487,0.04993,0.05097,0.0525,0.05366,0.0555,0.05639,0.05676,0.0596,0.06459,0.06653,0.06756,0.06927
10/29/2024,0.04396,0.04592,0.04667,0.04623,0.04766,0.0487,0.04993,0.05097,0.0525,0.05366,0.0555,0.05639,0.05676,0.05956,0.06461,0.06652,0.06756,0.06927
10/28/2024,0.04404,0.04592,0.04667,0.04623,0.04766,0.0487,0.04993,0.05097,0.0525,0.05366,0.0555,0.05639,0.05675,0.05949,0.06467,0.06658,0.06756,0.06931
10/25/2024,0.04617,0.0451,0.0465,0.04585,0.04754,0.04854,0.04977,0.05081,0.05235,0.0535,0.05543,0.05631,0.05664,0.05953,0.06453,0.0665,0.06748,0.06919
10/24/2024,0.04483,0.0451,0.04617,0.04573,0.0475,0.0485,0.04973,0.05081,0.05235,0.0535,0.05543,0.05631,0.05665,0.05952,0.06454,0.0665,0.06748,0.06921
10/23/2024,0.04483,0.0451,0.04617,0.04573,0.0475,0.0485,0.04973,0.05081,0.05235,0.0535,0.05543,0.05631,0.0566,0.05946,0.06454,0.0665,0.06748,0.06921
10/22/2024,0.04483,0.0451,0.04617,0.04573,0.0475,0.0485,0.04973,0.05081,0.05235,0.0535,0.05543,0.05631,0.0566,0.05935,0.06446,0.06647,0.06748,0.06921
10/21/2024,0.0445,0.0451,0.04583,0.04485,0.04747,0.04843,0.04958,0.05073,0.05227,0.05343,0.05527,0.05616,0.0564,0.05896,0.06408,0.06602,0.06733,0.06906
10/18/2024,0.04383,0.0448,0.04517,0.0446,0.04731,0.04827,0.04943,0.05058,0.05212,0.05327,0.05512,0.056,0.05623,0.05879,0.06395,0.06585,0.06708,0.0689
10/17/2024,0.04325,0.0448,0.04517,0.04468,0.04731,0.04827,0.04943,0.05058,0.05212,0.05327,0.05512,0.056,0.05619,0.05874,0.06384,0.06582,0.06708,0.0689
10/16/2024,0.04375,0.045,0.04517,0.04468,0.0475,0.04835,0.0495,0.05066,0.0522,0.05335,0.0552,0.05608,0.0563,0.05882,0.0639,0.0659,0.06716,0.06896
10/15/2024,0.04425,0.0445,0.04588,0.04502,0.04758,0.04843,0.04958,0.05066,0.05227,0.05343,0.05527,0.05616,0.05636,0.05889,0.06402,0.06598,0.06724,0.06904
10/14/2024,0.04475,0.04475,0.046,0.04502,0.04766,0.0485,0.04966,0.05073,0.05235,0.0535,0.05535,0.05623,0.05644,0.05895,0.06407,0.06605,0.06731,0.06911
10/11/2024,0.0435,0.04517,0.046,0.04502,0.04766,0.0485,0.04966,0.05073,0.05235,0.0535,0.05535,0.05623,0.05649,0.05894,0.06407,0.06605,0.06731,0.06911
10/10/2024,0.0444,0.04681,0.046,0.04612,0.04766,0.04854,0.0497,0.0507,0.05239,0.05358,0.05539,0.05623,0.05651,0.05895,0.06407,0.06609,0.06731,0.06911
10/9/2024,0.0448,0.04688,0.04625,0.0462,0.04773,0.04862,0.04977,0.05077,0.05247,0.05366,0.05547,0.05631,0.0565,0.05902,0.06415,0.06613,0.06739,0.06919
10/8/2024,0.0448,0.04696,0.04625,0.0462,0.04773,0.04862,0.04977,0.05077,0.05247,0.05366,0.05547,0.05631,0.05652,0.05902,0.06416,0.06611,0.06739,0.06919
10/7/2024,0.0448,0.04704,0.0467,0.04627,0.04773,0.0487,0.04985,0.05085,0.05254,0.05373,0.05558,0.0565,0.05669,0.05924,0.06435,0.06631,0.06758,0.06938
10/4/2024,0.045,0.04727,0.047,0.04643,0.04781,0.0487,0.04993,0.05093,0.05262,0.05381,0.05566,0.05658,0.0569,0.05933,0.06448,0.06645,0.06766,0.06946
10/3/2024,0.0456,0.04727,0.047,0.04658,0.04812,0.049,0.05016,0.05116,0.05277,0.05397,0.05581,0.05673,0.05707,0.05944,0.06458,0.06656,0.06761,0.06954
10/2/2024,0.0456,0.04727,0.047,0.04666,0.04812,0.049,0.05016,0.05116,0.05277,0.05397,0.05581,0.05673,0.05698,0.05941,0.06457,0.06655,0.06761,0.06954
10/1/2024,0.04558,0.04735,0.04763,0.04666,0.04812,0.049,0.05016,0.05116,0.05277,0.05397,0.05581,0.05673,0.05695,0.05945,0.06456,0.06655,0.06761,0.06954
9/30/2024,0.04575,0.04742,0.04763,0.04681,0.04835,0.04916,0.05031,0.05147,0.05308,0.05427,0.05612,0.05704,0.05726,0.05979,0.06488,0.06685,0.06792,0.06985
9/27/2024,0.04575,0.04742,0.04763,0.04697,0.0485,0.04931,0.05054,0.0517,0.05331,0.05443,0.0562,0.05743,0.05772,0.06017,0.06527,0.06724,0.06831,0.07024
9/26/2024,0.04575,0.04742,0.04763,0.04697,0.0485,0.04931,0.05054,0.0517,0.05331,0.05443,0.0562,0.05743,0.05768,0.06016,0.06523,0.06722,0.06831,0.07029
9/25/2024,0.04564,0.04742,0.04733,0.04697,0.0485,0.04931,0.05054,0.0517,0.05331,0.05443,0.0562,0.05743,0.05769,0.06017,0.06526,0.06722,0.06831,0.07029
9/24/2024,0.04564,0.04742,0.04733,0.04697,0.0485,0.04931,0.05054,0.0517,0.05331,0.05443,0.0562,0.05743,0.05779,0.06023,0.06533,0.06733,0.06831,0.07037
9/23/2024,0.04564,0.04742,0.04733,0.04712,0.04866,0.04947,0.0507,0.05193,0.05339,0.05466,0.05643,0.05766,0.05811,0.06024,0.06538,0.06738,0.06841,0.07047
9/20/2024,0.04579,0.04746,0.047,0.04708,0.04839,0.04923,0.05047,0.0517,0.05316,0.05443,0.0562,0.05743,0.05801,0.06013,0.06516,0.06718,0.06818,0.07024
9/19/2024,0.04607,0.04746,0.047,0.04708,0.04839,0.04923,0.05047,0.0517,0.05316,0.05443,0.0562,0.05743,0.05802,0.06029,0.06534,0.0673,0.06851,0.07028
9/18/2024,0.04607,0.04785,0.047,0.04739,0.04862,0.04947,0.0507,0.05193,0.05339,0.05466,0.05643,0.05766,0.05819,0.06056,0.06562,0.0676,0.06866,0.07043
9/17/2024,0.04636,0.04792,0.047,0.04739,0.04862,0.04947,0.0507,0.05193,0.05339,0.05466,0.05643,0.05766,0.05816,0.06054,0.06554,0.06758,0.06864,0.07041
9/16/2024,0.04621,0.048,0.047,0.04747,0.04877,0.04947,0.0507,0.05193,0.05339,0.05466,0.05643,0.05766,0.05812,0.06063,0.0656,0.06758,0.06862,0.07043
9/13/2024,0.04693,0.04808,0.047,0.04747,0.04877,0.04947,0.0507,0.05193,0.05339,0.05466,0.05643,0.05766,0.05816,0.06072,0.06562,0.06751,0.06862,0.07043
9/12/2024,0.04707,0.04823,0.04733,0.0477,0.04904,0.0497,0.05097,0.0522,0.05362,0.05493,0.0567,0.05793,0.0584,0.06098,0.06592,0.06778,0.06889,0.0707
9/11/2024,0.04731,0.04858,0.04767,0.04793,0.04923,0.04993,0.0512,0.05243,0.05385,0.05516,0.05693,0.05816,0.05863,0.06121,0.06615,0.06806,0.06912,0.07093
9/10/2024,0.04731,0.04867,0.048,0.04773,0.04923,0.05008,0.05135,0.05258,0.054,0.05531,0.05708,0.05831,0.05883,0.06133,0.06632,0.06819,0.06927,0.07108
9/9/2024,0.04744,0.04867,0.048,0.04773,0.04923,0.05008,0.05135,0.05258,0.054,0.05531,0.05708,0.05831,0.05874,0.06132,0.06632,0.06818,0.06927,0.07108
9/6/2024,0.04744,0.04867,0.04833,0.04789,0.04939,0.05031,0.05173,0.05281,0.05416,0.05547,0.05731,0.0587,0.05924,0.06193,0.06682,0.06869,0.06983,0.07147
9/5/2024,0.04806,0.04867,0.04833,0.04789,0.04939,0.05031,0.05173,0.05281,0.05416,0.05547,0.05731,0.0587,0.05927,0.06193,0.06684,0.0687,0.06983,0.07147
9/4/2024,0.04756,0.04867,0.04867,0.04789,0.04939,0.05031,0.05173,0.05281,0.05416,0.05547,0.05731,0.0587,0.0592,0.06194,0.06681,0.06869,0.07062,0.07147
8/30/2024,0.04756,0.048,0.04867,0.04789,0.04939,0.05031,0.05173,0.05281,0.05416,0.05547,0.05731,0.0587,0.05917,0.06196,0.06682,0.0687,0.07062,0.07147
8/29/2024,0.04769,0.048,0.04867,0.04812,0.04962,0.05047,0.05189,0.05297,0.05431,0.05562,0.05747,0.05885,0.05932,0.06211,0.06695,0.06885,0.07077,0.07162
8/28/2024,0.04806,0.04833,0.049,0.0482,0.0497,0.05054,0.05197,0.05304,0.05439,0.0557,0.05747,0.05885,0.05932,0.06212,0.06698,0.06885,0.07077,0.07162
8/27/2024,0.04819,0.04833,0.04917,0.0482,0.0497,0.05054,0.05197,0.05304,0.05439,0.0557,0.05747,0.05885,0.05937,0.06208,0.06699,0.06885,0.07077,0.07162
8/26/2024,0.04819,0.04833,0.0495,0.04835,0.04977,0.05062,0.05204,0.05312,0.05447,0.0557,0.05747,0.05885,0.05942,0.06208,0.06695,0.06885,0.07077,0.07162
8/23/2024,0.04844,0.04923,0.04983,0.04843,0.04977,0.05066,0.05212,0.0532,0.05454,0.05577,0.05754,0.05893,0.0594,0.06217,0.06709,0.06892,0.07085,0.0717
8/22/2024,0.04856,0.04931,0.04983,0.04843,0.04977,0.05066,0.05212,0.0532,0.05454,0.05577,0.05754,0.05893,0.0594,0.06218,0.06702,0.06893,0.07085,0.0717
8/21/2024,0.04867,0.04946,0.04983,0.0485,0.04985,0.0507,0.05212,0.0532,0.05454,0.05577,0.05754,0.05893,0.05931,0.06206,0.067,0.06884,0.07093,0.0717
8/20/2024,0.04878,0.04946,0.04983,0.0485,0.04985,0.0507,0.05212,0.0532,0.05454,0.05577,0.05754,0.05893,0.05931,0.06209,0.06699,0.06882,0.07093,0.0717
8/19/2024,0.04878,0.04946,0.04983,0.0485,0.04985,0.0507,0.05212,0.0532,0.05454,0.05577,0.05754,0.05893,0.05931,0.06221,0.06706,0.06886,0.07093,0.0717
8/16/2024,0.04856,0.04938,0.04983,0.04858,0.04977,0.05066,0.05212,0.0532,0.05454,0.05577,0.05754,0.05893,0.05935,0.06218,0.06703,0.06884,0.07093,0.0717
8/15/2024,0.04869,0.04946,0.04983,0.04866,0.04985,0.0507,0.05212,0.0532,0.05454,0.05577,0.05754,0.05893,0.05935,0.06215,0.06706,0.06884,0.07093,0.0717
8/14/2024,0.04856,0.04946,0.04983,0.04866,0.04985,0.0507,0.05212,0.0532,0.05454,0.05577,0.05754,0.05893,0.05938,0.06214,0.06702,0.06881,0.07093,0.0717
8/13/2024,0.04906,0.0495,0.04983,0.04873,0.04993,0.05077,0.0522,0.05327,0.05462,0.05585,0.05762,0.059,0.05952,0.06223,0.06712,0.06889,0.071,0.07177
8/12/2024,0.04931,0.04927,0.04925,0.04873,0.05,0.05093,0.05227,0.05335,0.05462,0.05585,0.05762,0.059,0.0595,0.06232,0.06719,0.06904,0.071,0.07177
8/9/2024,0.04856,0.04927,0.04925,0.04873,0.05,0.05093,0.05227,0.05335,0.05462,0.05585,0.05762,0.059,0.05962,0.06235,0.06724,0.06904,0.071,0.07177
8/8/2024,0.04869,0.04927,0.04925,0.04873,0.05,0.05093,0.05227,0.05335,0.05462,0.05585,0.05762,0.059,0.05954,0.06237,0.06725,0.06904,0.071,0.07177
8/7/2024,0.04894,0.04954,0.04975,0.04889,0.05012,0.05104,0.05235,0.05343,0.05473,0.05597,0.05777,0.05916,0.0597,0.06251,0.06741,0.06919,0.07116,0.07193
8/6/2024,0.04906,0.04969,0.05025,0.04904,0.05035,0.0512,0.05254,0.05358,0.05481,0.05604,0.05785,0.05923,0.05973,0.06271,0.06755,0.06944,0.07123,0.07204
8/5/2024,0.04956,0.04969,0.05025,0.04904,0.05035,0.0512,0.05254,0.05358,0.05481,0.05604,0.05785,0.05923,0.05986,0.06296,0.06784,0.06953,0.07127,0.07204
8/2/2024,0.04944,0.04977,0.05025,0.04912,0.05043,0.05127,0.05262,0.05366,0.05489,0.05612,0.05793,0.05931,0.05994,0.06318,0.0681,0.06974,0.07135,0.07212
8/1/2024,0.04956,0.04977,0.05117,0.04912,0.05043,0.05127,0.05262,0.05366,0.05489,0.05612,0.05793,0.05931,0.0599,0.06319,0.06813,0.06974,0.07135,0.07212
7/31/2024,0.04944,0.04977,0.05117,0.04912,0.05043,0.05127,0.05262,0.05366,0.05489,0.05612,0.05793,0.05931,0.05992,0.06315,0.06813,0.06974,0.07135,0.07212
7/30/2024,0.04944,0.04977,0.05117,0.04893,0.05043,0.0512,0.05247,0.05343,0.05489,0.05612,0.0577,0.05893,0.05952,0.06277,0.06779,0.06936,0.07097,0.07174
7/29/2024,0.04929,0.04981,0.05117,0.049,0.0505,0.05123,0.0525,0.05347,0.055,0.05623,0.05781,0.05904,0.05967,0.06282,0.06785,0.06946,0.07108,0.07185
7/26/2024,0.04914,0.04981,0.05117,0.049,0.05058,0.05123,0.0525,0.05347,0.055,0.05623,0.05781,0.05904,0.05972,0.06288,0.06789,0.06948,0.07108,0.07185
7/25/2024,0.04929,0.04981,0.05117,0.049,0.05058,0.05123,0.0525,0.05347,0.055,0.05623,0.05781,0.05904,0.05968,0.06292,0.06789,0.06952,0.07113,0.0719
7/24/2024,0.04936,0.04981,0.05117,0.049,0.05058,0.05123,0.0525,0.05347,0.055,0.05623,0.05781,0.05904,0.05967,0.06288,0.06785,0.0695,0.07113,0.0719
7/23/2024,0.04921,0.0495,0.05083,0.04889,0.0505,0.05116,0.05243,0.05339,0.05493,0.05616,0.05773,0.05897,0.05967,0.06287,0.06789,0.06953,0.07108,0.07185
7/22/2024,0.04936,0.0495,0.05077,0.04881,0.0505,0.05116,0.05243,0.05339,0.05493,0.05616,0.05773,0.05897,0.05966,0.06281,0.06784,0.06945,0.07108,0.07185
7/19/2024,0.04936,0.0495,0.05083,0.04881,0.0505,0.05116,0.05243,0.05339,0.05493,0.05616,0.05773,0.05897,0.05967,0.0628,0.06779,0.06944,0.07108,0.07185
7/18/2024,0.0495,0.04958,0.05083,0.04881,0.0505,0.05116,0.05243,0.05339,0.05493,0.05616,0.05773,0.05897,0.05962,0.06279,0.06783,0.06943,0.07108,0.07185
7/17/2024,0.0495,0.04965,0.05117,0.04889,0.05058,0.05123,0.0525,0.05347,0.055,0.05623,0.05781,0.05904,0.05974,0.06288,0.06786,0.0695,0.07115,0.07192
7/16/2024,0.04964,0.04973,0.0515,0.04897,0.05058,0.05123,0.0525,0.05347,0.055,0.05623,0.05781,0.05904,0.05974,0.06291,0.06791,0.06952,0.07115,0.07192
7/15/2024,0.04979,0.04981,0.05183,0.04904,0.05066,0.05131,0.05258,0.05354,0.05508,0.05631,0.05789,0.05912,0.0598,0.06296,0.06794,0.06967,0.07123,0.072
7/12/2024,0.04993,0.04988,0.05217,0.04912,0.05073,0.05139,0.05266,0.05362,0.05516,0.05639,0.05797,0.0592,0.05991,0.06312,0.06805,0.06972,0.07131,0.07208
7/11/2024,0.04993,0.04988,0.05217,0.0492,0.05089,0.05147,0.05266,0.05362,0.05516,0.05639,0.05797,0.0592,0.05994,0.06311,0.06804,0.06978,0.07131,0.07208
7/10/2024,0.04993,0.04988,0.05217,0.0492,0.05089,0.05147,0.05266,0.05362,0.05516,0.05639,0.05797,0.0592,0.05996,0.06307,0.06804,0.06971,0.07131,0.07208
7/9/2024,0.04993,0.04988,0.05217,0.0492,0.05089,0.05147,0.05266,0.05362,0.05516,0.05639,0.05797,0.0592,0.05994,0.063,0.06811,0.06977,0.07131,0.07208
7/8/2024,0.04921,0.0495,0.0515,0.04877,0.0505,0.0512,0.05247,0.05347,0.05497,0.0562,0.05777,0.05904,0.05978,0.06283,0.06781,0.06961,0.07115,0.07192
7/5/2024,0.04836,0.04942,0.05117,0.04877,0.0505,0.05112,0.05247,0.05347,0.05497,0.0562,0.05777,0.05904,0.05978,0.06285,0.06775,0.06958,0.07115,0.07192
7/4/2024,0.0485,0.04942,0.05117,0.0487,0.05043,0.05104,0.05239,0.05339,0.05497,0.05627,0.05777,0.05935,0.06004,0.06311,0.06802,0.06984,0.07146,0.07223
7/3/2024,0.0485,0.04942,0.05117,0.0487,0.05043,0.05104,0.05239,0.05339,0.05497,0.05627,0.05777,0.05935,0.06018,0.06304,0.06797,0.06981,0.07146,0.07223
7/2/2024,0.04875,0.0495,0.05117,0.04893,0.0505,0.05112,0.05247,0.05347,0.05504,0.05635,0.05785,0.05943,0.06029,0.06314,0.0681,0.06997,0.07154,0.07231
7/1/2024,0.04888,0.04965,0.05117,0.04893,0.0505,0.05112,0.05247,0.05347,0.05504,0.05635,0.05785,0.05943,0.06078,0.0633,0.06811,0.07003,0.07154,0.07231
6/28/2024,0.04875,0.04965,0.05117,0.04893,0.0505,0.05112,0.05247,0.05347,0.05504,0.05635,0.05785,0.05943,0.06017,0.0633,0.06824,0.0699,0.07149,0.07227
6/27/2024,0.04828,0.04935,0.05062,0.04862,0.04997,0.05066,0.05223,0.0532,0.05523,0.05647,0.05789,0.05923,0.06,0.06303,0.06799,0.06969,0.07129,0.07207
6/26/2024,0.04806,0.04919,0.05031,0.051,0.05243,0.05312,0.05469,0.0532,0.05523,0.05647,0.05789,0.05923,0.05983,0.06299,0.06809,0.06973,0.07129,0.07207
6/25/2024,0.04825,0.0485,0.05031,0.051,0.05243,0.05312,0.05469,0.0532,0.05523,0.05647,0.05789,0.05923,0.05981,0.06306,0.06807,0.06979,0.07137,0.07212
6/24/2024,0.04825,0.0485,0.05031,0.051,0.05243,0.05312,0.05469,0.0532,0.05523,0.05647,0.05789,0.05923,0.05991,0.06292,0.06807,0.06978,0.07137,0.07212
6/21/2024,0.04821,0.04825,0.05038,0.05108,0.05254,0.05323,0.05477,0.05327,0.05531,0.05654,0.05797,0.05931,0.05994,0.06294,0.06803,0.06985,0.07145,0.0722
6/20/2024,0.04821,0.04875,0.05038,0.05108,0.05254,0.05323,0.05477,0.05573,0.05777,0.059,0.06043,0.06177,0.06246,0.06527,0.07033,0.07222,0.07391,0.07466
6/19/2024,0.04836,0.049,0.05046,0.05116,0.05262,0.05331,0.05485,0.05581,0.05785,0.05908,0.0605,0.06185,0.06249,0.06575,0.07079,0.07262,0.07404,0.07479
6/18/2024,0.04836,0.04938,0.05054,0.05123,0.05269,0.05339,0.05493,0.05589,0.05793,0.05916,0.06062,0.06196,0.06265,0.06591,0.07095,0.07284,0.07415,0.0749
6/17/2024,0.04836,0.04938,0.05054,0.05123,0.05273,0.0535,0.05527,0.05646,0.0585,0.05981,0.06127,0.06277,0.0635,0.06654,0.07176,0.07364,0.07496,0.07571
6/14/2024,0.04821,0.04913,0.05042,0.051,0.05235,0.05312,0.05489,0.05604,0.05804,0.05943,0.06069,0.06208,0.06277,0.06588,0.07106,0.07304,0.07427,0.07502
6/13/2024,0.04807,0.04913,0.05042,0.051,0.05235,0.05312,0.05489,0.05604,0.05804,0.05943,0.06069,0.06208,0.06296,0.06585,0.07106,0.07294,0.07429,0.07496
6/12/2024,0.04807,0.04913,0.05042,0.05169,0.05312,0.05381,0.05558,0.05673,0.05873,0.06012,0.06138,0.06277,0.06385,0.06671,0.07188,0.07392,0.0749,0.07567
6/11/2024,0.04807,0.04913,0.05042,0.05162,0.05304,0.05373,0.05558,0.05673,0.05873,0.06012,0.06138,0.06277,0.06385,0.06678,0.07187,0.07398,0.0749,0.07567
6/10/2024,0.04807,0.04913,0.05042,0.05162,0.05304,0.05373,0.05558,0.05673,0.05873,0.06012,0.06138,0.06277,0.06374,0.06667,0.07182,0.0738,0.0749,0.07567
6/7/2024,0.04807,0.04913,0.05042,0.05162,0.05304,0.05373,0.05558,0.05673,0.05873,0.06012,0.06138,0.06277,0.06376,0.06674,0.07187,0.07381,0.07492,0.07569
6/6/2024,0.04807,0.04925,0.05046,0.05162,0.05304,0.05373,0.05558,0.05673,0.05873,0.06012,0.06138,0.06277,0.06388,0.06676,0.07193,0.07388,0.07492,0.07569
6/5/2024,0.04793,0.04975,0.05046,0.05162,0.05304,0.05373,0.05558,0.05673,0.05873,0.06012,0.06138,0.06277,0.06382,0.0667,0.07185,0.07379,0.07488,0.07563
6/4/2024,0.04807,0.04975,0.05046,0.05162,0.05304,0.05373,0.05558,0.05673,0.05873,0.06012,0.06138,0.06277,0.06391,0.06667,0.07183,0.07379,0.07488,0.07563
6/3/2024,0.04807,0.04975,0.05046,0.05162,0.053,0.05373,0.05558,0.05673,0.05873,0.06012,0.06131,0.06277,0.06405,0.06668,0.0719,0.07395,0.07488,0.07563
5/31/2024,0.0485,0.04913,0.05058,0.05169,,0.05342,,0.05604,,0.05958,,0.06238,0.06371,0.06648,0.07183,0.07355,0.07449,0.07524
5/30/2024,0.04888,0.04913,0.05058,0.05169,,0.05342,,0.05604,,0.05958,,0.06238,0.06378,0.06663,0.07192,0.07356,0.07449,0.07524
5/29/2024,0.04875,0.04913,0.05027,0.05146,,0.05296,,0.05604,,0.05958,,0.06238,0.06374,0.06657,0.07191,0.0735,0.07449,0.07515
5/28/2024,0.04925,0.04913,0.05027,0.05131,,0.05296,,0.05612,,0.05965,,0.06246,0.06392,0.06675,0.07215,0.07368,0.07457,0.07523
5/27/2024,0.04961,0.04888,0.05027,0.05131,,0.05296,,0.05612,,0.05965,,0.06246,0.064,0.06702,0.0724,0.07388,0.07457,0.07523
5/24/2024,0.04879,0.049,0.04973,0.05069,,0.05258,,0.05604,,0.05958,,0.06238,0.06384,0.06687,0.07254,0.07397,0.07453,0.07519
5/23/2024,0.04871,0.04875,0.04923,0.05027,,0.05227,,0.05577,,0.05958,,0.06238,0.06392,0.06714,0.07258,0.07405,0.07444,0.07511
5/22/2024,0.04686,0.04717,0.04804,0.04923,,0.05123,,0.05481,,0.05842,,0.06185,0.06372,0.06666,0.07179,0.0736,0.07381,0.07448
5/21/2024,0.04614,0.04625,0.04738,0.04873,,0.05081,,0.05469,,0.05835,,0.06177,0.06332,0.06588,0.07069,0.07288,0.07365,0.0744
5/20/2024,0.04586,0.04625,0.04738,0.04873,,0.05081,,0.05469,,0.05835,,0.06177,0.06334,0.06593,0.07075,0.07291,0.07365,0.0744
5/17/2024,0.04586,0.04608,0.04738,0.04873,,0.05081,,0.05469,,0.05835,,0.06177,0.06332,0.0659,0.07066,0.0728,0.07365,0.0744
5/16/2024,0.04607,0.04608,0.04742,0.04873,,0.05081,,0.05469,,0.05835,,0.06177,0.06336,0.06593,0.07072,0.07276,0.07365,0.0744
5/15/2024,0.04629,0.047,0.04696,0.0485,,0.05073,,0.05469,,0.05835,,0.06177,0.06353,0.06604,0.07079,0.07296,0.07365,0.0744
5/14/2024,0.0455,0.04658,0.0465,0.04796,,0.05058,,0.05469,,0.05835,,0.06177,0.06349,0.06607,0.07081,0.07293,0.07365,0.0744
5/13/2024,0.0445,0.04592,0.0465,0.04796,,0.05058,,0.05469,,0.05835,,0.06177,0.06336,0.06578,0.07057,0.07275,0.0735,0.07423
5/10/2024,0.04433,0.04592,0.04619,0.04773,,0.0505,,0.05462,,0.05827,,0.06169,0.06325,0.06567,0.07043,0.07267,0.07342,0.07415
5/9/2024,0.04433,0.04592,0.04612,0.04765,,0.05042,,0.05454,,0.05819,,0.06162,0.0632,0.0655,0.07044,0.07258,0.07335,0.07408
5/8/2024,0.04417,0.04575,0.04581,0.04735,,0.05042,,0.05454,,0.05819,,0.06162,0.06322,0.06535,0.07045,0.07244,0.07335,0.07412
5/7/2024,0.04408,0.04525,0.04596,0.04735,,0.05042,,0.05454,,0.05819,,0.06162,0.06293,0.06507,0.07025,0.07232,0.07318,0.07395
5/6/2024,0.04408,0.04558,0.04588,0.04735,,0.05042,,0.05454,,0.05819,,0.06162,0.06312,0.06543,0.07026,0.07239,0.07322,0.07395
5/4/2024,0.04342,0.04608,0.04581,0.04727,,0.05065,,0.05454,,0.05819,,0.06162,0.06343,0.06563,0.07056,0.07263,0.07318,0.07389
5/3/2024,0.04342,0.04608,0.04581,0.04727,,0.05065,,0.05454,,0.05819,,0.06162,0.06343,0.06563,0.07056,0.07263,0.07318,0.07389
5/2/2024,0.04342,0.046,0.04573,0.04719,,0.05058,,0.05454,,0.05819,,0.06162,0.06352,0.06566,0.07057,0.07263,0.07318,0.07389
4/26/2024,0.04375,0.0462,0.04565,0.04719,,0.05065,,0.05462,,0.05827,,0.06169,0.06364,0.06579,0.07066,0.07269,0.07321,0.07392
4/25/2024,0.04358,0.0462,0.04527,0.04696,,0.05058,,0.05454,,0.05819,,0.06162,0.06358,0.0658,0.07059,0.07271,0.07314,0.07385
4/24/2024,0.044,0.0458,0.04496,0.0465,,0.05035,,0.05435,,0.05819,,0.06162,0.06389,0.0659,0.07078,0.07288,0.07314,0.07385
4/23/2024,0.04267,0.0454,0.04465,0.04627,,0.05019,,0.05435,,0.05819,,0.06162,0.0639,0.06603,0.07088,0.073,0.07331,0.07402
4/22/2024,0.04267,0.0452,0.04465,0.04612,,0.05019,,0.05427,,0.05812,,0.0615,0.06404,0.06606,0.07088,0.07293,0.07319,0.0739
4/19/2024,0.042,0.0453,0.04427,0.04581,,0.05058,,0.05427,,0.05812,,0.0615,0.06404,0.06621,0.07081,0.07293,0.07319,0.0739
4/17/2024,0.042,0.0459,0.04483,0.04542,,0.05058,,0.05427,,0.05812,,0.0615,0.06402,0.06613,0.07101,0.0728,0.07314,0.07398
4/16/2024,0.04167,0.0455,0.0445,0.04427,,0.05012,,0.05381,,0.05773,,0.06112,0.06354,0.06584,0.07068,0.07289,0.0728,0.07364
4/15/2024,0.04083,0.0435,0.04317,0.04373,,0.04981,,0.05358,,0.05758,,0.06088,0.06359,0.06565,0.07054,0.07243,0.0729,0.07374
4/12/2024,0.04058,0.0409,0.04283,0.04304,,0.04973,,0.05358,,0.05758,,0.06088,0.06341,0.06544,0.07024,0.07231,0.0729,0.07373
4/11/2024,0.03536,0.03875,0.0405,0.04238,,0.04962,,0.0535,,0.05742,,0.06073,0.06273,0.06486,0.06982,0.07182,0.07275,0.07358
4/10/2024,0.03507,0.0385,0.04017,0.04238,,0.04962,,0.0535,,0.05742,,0.06073,0.06251,0.06475,0.06964,0.07182,0.07279,0.07366
4/9/2024,0.03507,0.03775,0.03983,0.04223,,0.04962,,0.0535,,0.05742,,0.06073,0.06244,0.06467,0.06928,0.07159,0.07234,0.07334
4/8/2024,0.03464,0.03763,0.0395,0.04215,,0.04962,,0.0535,,0.05742,,0.06073,0.06311,0.06498,0.06977,0.07177,0.07238,0.07346
4/5/2024,0.03479,0.03763,0.0395,0.04208,,0.04962,,0.05381,,0.05742,,0.06073,0.06322,0.06529,0.07038,0.07222,0.07279,0.0737
4/4/2024,0.03507,0.03875,0.03983,0.04215,,0.04962,,0.05381,,0.05742,,0.06073,0.06386,0.06668,0.07068,0.07263,0.07277,0.07373
4/3/2024,0.03464,0.03925,0.03883,0.04208,,0.04962,,0.05381,,0.05742,,0.06073,0.06389,0.06671,0.07052,0.07223,0.07264,0.07368
4/2/2024,0.0335,0.03817,0.04117,0.0405,,0.04977,,0.05396,,0.0575,,0.06088,0.06433,0.06724,0.07129,0.07288,0.07334,0.0745
4/1/2024,0.03013,0.03617,0.0375,0.04188,,0.05008,,0.05435,,0.05788,,0.06127,0.0632,0.06701,0.07124,0.073,0.07435,0.07527
3/29/2024,0.02864,0.03275,0.0365,0.04158,,0.05008,,0.05427,,0.05788,,0.06119,0.06308,0.06719,0.07121,0.07307,0.07452,0.07544
3/28/2024,0.02671,0.032,0.0355,0.04146,,0.04992,,0.05415,,0.05781,,0.06119,0.06287,0.06673,0.07099,0.07275,0.0743,0.07549
3/27/2024,0.02629,0.03125,0.03517,0.04112,,0.04985,,0.05423,,0.05796,,0.06112,0.06286,0.06666,0.07134,0.07315,0.07468,0.07589
3/26/2024,0.02614,0.031,0.03517,0.04104,,0.04977,,0.05415,,0.05788,,0.06104,0.06315,0.06714,0.0716,0.0735,0.0751,0.0765
3/25/2024,0.026,0.03088,0.0345,0.04077,,0.04969,,0.05408,,0.05781,,0.06088,0.06286,0.0667,0.07136,0.07318,0.07494,0.07622
3/22/2024,0.02567,0.03075,0.0345,0.04069,,0.04962,,0.054,,0.05773,,0.06081,0.06296,0.06675,0.07166,0.07359,0.07534,0.07662
3/21/2024,0.02533,0.03075,0.0345,0.04038,,0.04946,,0.05385,,0.05758,,0.06065,0.06279,0.06655,0.07137,0.07327,0.07514,0.07635
3/20/2024,0.02467,0.0307,0.03562,0.04031,,0.04946,,0.05392,,0.05758,,0.06065,0.06279,0.06661,0.07142,0.0733,0.07508,0.07621
3/19/2024,0.02379,0.0305,0.03546,0.04092,,0.04977,,0.05415,,0.058,,0.06088,0.0632,0.06687,0.07184,0.07376,0.07561,0.07674
3/18/2024,0.02407,0.0303,0.03546,0.04085,,0.04985,,0.05415,,0.05796,,0.06096,0.06353,0.067,0.07222,0.07409,0.07596,0.07709
3/15/2024,0.02407,0.0305,0.03546,0.041,,0.04985,,0.05415,,0.05796,,0.06096,0.06336,0.06709,0.07228,0.0741,0.07604,0.07717
3/14/2024,0.02363,0.0307,0.03554,0.04123,,0.04992,,0.05431,,0.05804,,0.06112,0.06349,0.06721,0.07231,0.0742,0.07626,0.07743
3/13/2024,0.02363,0.0305,0.03546,0.04123,,0.04992,,0.05431,,0.05804,,0.06112,0.06354,0.06722,0.07247,0.07421,0.07626,0.07743
3/12/2024,0.02344,0.0299,0.03546,0.04108,,0.04992,,0.05431,,0.05804,,0.06112,0.0633,0.06721,0.07228,0.07425,0.07631,0.07748
3/11/2024,0.02171,0.03,0.03562,0.04119,,0.05019,,0.05438,,0.05835,,0.06188,0.06403,0.06783,0.07319,0.0753,0.07752,0.07884
3/8/2024,0.02186,0.03007,0.03585,0.04204,,0.05042,,0.05462,,0.0585,,0.06204,0.06421,0.0682,0.07377,0.07586,0.07771,0.07919
3/7/2024,0.02288,0.03017,0.03623,0.04227,,0.05112,,0.05477,,0.0585,,0.06204,0.06402,0.06803,0.07321,0.07524,0.07771,0.07919
3/6/2024,0.0215,0.0305,0.03631,0.04231,,0.05112,,0.05485,,0.0585,,0.06204,0.06389,0.06776,0.07285,0.07511,0.07791,0.07946
3/5/2024,0.022,0.0305,0.03646,0.04246,,0.05127,,0.055,,0.05865,,0.06219,0.06404,0.06777,0.07285,0.07511,0.07806,0.07963
3/4/2024,0.022,0.0305,0.03654,0.04254,,0.05135,,0.05508,,0.05873,,0.06227,0.06406,0.06788,0.07287,0.07514,0.07808,0.07965
3/1/2024,0.02263,0.03067,0.03662,0.04262,,0.05135,,0.05508,,0.05881,,0.06227,0.06413,0.06791,0.07286,0.0752,0.07804,0.07965
2/29/2024,0.022,0.03067,0.03738,0.04331,,0.05165,,0.05538,,0.05912,,0.06258,0.0643,0.06825,0.07337,0.07562,0.07835,0.07996
2/28/2024,0.023,0.03067,0.03715,0.04315,,0.05158,,0.05531,,0.05904,,0.0625,0.06444,0.06827,0.07322,0.0755,0.07832,0.08005
2/27/2024,0.02261,0.0309,0.03738,0.04331,,0.05165,,0.05538,,0.05912,,0.06258,0.06445,0.06819,0.07323,0.07561,0.07821,0.08002
2/26/2024,0.02239,0.0313,0.03723,0.04338,,0.05173,,0.05546,,0.05919,,0.06265,0.06462,0.069,0.07368,0.07606,0.07838,0.08034
2/23/2024,0.0225,0.0313,0.03738,0.04354,,0.05188,,0.05562,,0.05935,,0.06281,0.06476,0.069,0.07359,0.07596,0.07846,0.08012
2/22/2024,0.0225,0.0313,0.03715,0.04331,,0.05173,,0.05538,,0.05912,,0.06258,0.06453,0.06859,0.07336,0.07552,0.07833,0.08006
2/21/2024,0.02239,0.0313,0.03662,0.04277,,0.05119,,0.05485,,0.05858,,0.06204,0.0641,0.06802,0.07293,0.07518,0.07804,0.07975
2/20/2024,0.01717,0.0309,0.03623,0.04254,,0.05112,,0.05477,,0.0585,,0.06196,0.06394,0.06795,0.0728,0.07499,0.07796,0.07971
2/19/2024,0.01672,0.0311,0.03623,0.04254,,0.05104,,0.05473,,0.05835,,0.06181,0.06378,0.06776,0.07267,0.07493,0.07781,0.07952
2/16/2024,0.01672,0.0315,0.03604,0.04254,,0.05088,,0.05458,,0.05819,,0.06165,0.06363,0.06755,0.07248,0.07469,0.07765,0.07936
2/15/2024,0.017,0.031,0.03604,0.04258,,0.05112,,0.05485,,0.05827,,0.06181,0.06393,0.06797,0.07288,0.07494,0.07798,0.07973
2/7/2024,0.01694,0.0321,0.03612,0.04258,,0.05127,,0.05515,,0.05865,,0.06196,0.06419,0.0683,0.07303,0.07515,0.07829,0.08042
2/6/2024,0.01772,0.0317,0.03619,0.04265,,0.05142,,0.05531,,0.05881,,0.06212,0.06436,0.06845,0.07337,0.07537,0.07845,0.08058
2/5/2024,0.01672,0.0319,0.03604,0.04265,,0.05142,,0.05531,,0.05896,,0.06212,0.06433,0.06856,0.07335,0.07536,0.07837,0.08058
2/2/2024,0.0165,0.03125,0.03588,0.04281,,0.05196,,0.05569,,0.05927,,0.06246,0.06473,0.06885,0.07353,0.07576,0.07871,0.08092
2/1/2024,0.01594,0.03188,0.03558,0.04273,,0.05181,,0.05569,,0.05923,,0.06235,0.06432,0.06867,0.07334,0.07549,0.0786,0.08081
1/31/2024,0.01628,0.0315,0.033,0.04296,,0.05181,,0.05569,,0.05927,,0.06235,0.06431,0.06855,0.07326,0.07536,0.0786,0.08068
1/30/2024,0.01528,0.03117,0.03233,0.04273,,0.05165,,0.05554,,0.05912,,0.06219,0.06424,0.06835,0.07322,0.07531,0.07844,0.08094
1/29/2024,0.01539,0.03117,0.03267,0.04335,,0.05204,,0.05585,,0.05931,,0.0625,0.06456,0.06883,0.07341,0.07556,0.07866,0.08089
1/26/2024,0.0155,0.03183,0.03267,0.04354,,0.05188,,0.05523,,0.05838,,0.06135,0.0634,0.06759,0.07227,0.07422,0.07751,0.07949
1/25/2024,0.01561,0.03183,0.03267,0.04354,,0.05188,,0.05523,,0.05838,,0.06135,0.06313,0.06737,0.07193,0.07385,0.07749,0.07941
1/24/2024,0.01639,0.03183,0.03267,0.04381,,0.05188,,0.05523,,0.05838,,0.06135,0.06275,0.06702,0.07157,0.07366,0.07745,0.07943
1/23/2024,0.01683,0.03217,0.033,0.04412,,0.05254,,0.05581,,0.05923,,0.06173,0.06365,0.06754,0.07201,0.07414,0.07779,0.07977
1/22/2024,0.01661,0.03217,0.0335,0.04458,,0.05292,,0.05627,,0.05923,,0.06196,0.06376,0.06793,0.07237,0.07436,0.0781,0.07948
1/19/2024,0.0165,0.03217,0.03383,0.04458,,0.05292,,0.05627,,0.05923,,0.06196,0.06408,0.06815,0.07235,0.07434,0.078,0.07998
1/18/2024,0.01672,0.03217,0.03417,0.04458,,0.05292,,0.05631,,0.05923,,0.06196,0.064,0.06793,0.07226,0.07423,0.07784,0.07992
1/17/2024,0.01739,0.0335,0.03417,0.04492,,0.05338,,0.05681,,0.05954,,0.06204,0.06416,0.0681,0.07227,0.0743,0.07851,0.08028
1/16/2024,0.01861,0.03483,0.0345,0.04538,,0.05377,,0.05719,,0.06008,,0.06258,0.0643,0.06811,0.07231,0.07441,0.0787,0.08035
1/15/2024,0.02161,0.03483,0.03915,0.04538,,0.05388,,0.05735,,0.06035,,0.06281,0.06483,0.06851,0.07257,0.0746,0.07835,0.08054
1/12/2024,0.0226,0.03542,0.03931,0.04554,,0.05396,,0.05742,,0.06042,,0.06288,0.06326,0.06628,0.07017,0.07216,0.07592,0.07811
1/11/2024,0.0228,0.03542,0.03938,0.04554,,0.05396,,0.05742,,0.06042,,0.06288,0.06281,0.06599,0.06989,0.07193,0.07593,0.07778
1/10/2024,0.023,0.03542,0.03954,0.04554,,0.05396,,0.05742,,0.06042,,0.06288,0.0629,0.06579,0.06969,0.07163,0.0759,0.07742
1/9/2024,0.0234,0.0355,0.03985,0.04562,,0.05396,,0.05742,,0.06042,,0.06288,0.06279,0.06618,0.06964,0.07156,0.07576,0.07726
1/8/2024,0.0237,0.03596,0.04015,0.04333,,0.05435,,0.05765,,0.06065,,0.06319,0.06333,0.06632,0.06988,0.07182,0.07677,0.07752
1/5/2024,0.0249,0.03604,0.04046,0.04383,,0.05435,,0.05765,,0.06065,,0.06319,0.0632,0.06634,0.07015,0.07207,0.07669,0.07761
1/4/2024,0.0258,0.03604,0.04042,0.04798,,0.0545,,0.05788,,0.06081,,0.06335,0.06345,0.06737,0.07083,0.07281,0.07697,0.07797
1/3/2024,0.02755,0.03665,0.04119,0.04888,,0.05488,,0.05827,,0.06119,,0.06373,0.06373,0.06773,0.07133,0.07327,0.07735,0.07837
1/2/2024,0.02918,0.03735,0.04219,0.04881,,0.05573,,0.05919,,0.06227,,0.06473,0.06452,0.06848,0.07185,0.07378,0.07821,0.07923
12/29/2023,0.02939,0.03779,0.0385,0.04879,,0.05608,,0.0595,,0.06275,,0.06529,0.06496,0.06904,0.072,0.07398,0.07868,0.0797
12/28/2023,0.02939,0.03775,0.0385,0.04871,,0.056,,0.05942,,0.06267,,0.06521,0.06488,0.06877,0.07183,0.07386,0.0786,0.07962
12/27/2023,0.0295,0.03779,0.0385,0.04879,,0.056,,0.05942,,0.06267,,0.06521,0.06482,0.06877,0.0716,0.0737,0.07862,0.07964
12/26/2023,0.02939,0.03779,0.0385,0.04871,,0.05592,,0.05933,,0.06258,,0.06513,0.06497,0.06855,0.07152,0.07355,0.07854,0.07956
12/25/2023,0.02917,0.03779,0.0385,0.04871,,0.05592,,0.05933,,0.06258,,0.06513,0.06509,0.06848,0.07161,0.07342,0.07851,0.07956
12/22/2023,0.02894,0.03763,0.0385,0.04863,,0.05583,,0.05925,,0.0625,,0.06504,0.06469,0.06832,0.07149,0.07346,0.07836,0.07943
12/21/2023,0.02894,0.03696,0.0385,0.04804,,0.05525,,0.05867,,0.06192,,0.06446,0.06416,0.06781,0.07088,0.0729,0.07778,0.07885
12/20/2023,0.02889,0.03696,0.0385,0.04804,,0.05525,,0.05867,,0.06192,,0.06446,0.06411,0.06761,0.07077,0.07262,0.07778,0.07883
12/19/2023,0.029,0.03696,0.03883,0.04804,,0.05525,,0.05867,,0.06192,,0.06446,0.06402,0.06759,0.07085,0.07272,0.07787,0.07892
12/18/2023,0.02933,0.03688,0.03883,0.04796,,0.05517,,0.05858,,0.06188,,0.06442,0.06389,0.06756,0.07079,0.07275,0.07806,0.07906
12/15/2023,0.02967,0.03688,0.03883,0.04821,,0.05533,,0.05875,,0.06188,,0.06442,0.06384,0.06754,0.07069,0.07255,0.0781,0.0791
12/14/2023,0.02944,0.03696,0.03883,0.04829,,0.05533,,0.05875,,0.06188,,0.06442,0.0638,0.06773,0.07087,0.07281,0.07806,0.07904
12/13/2023,0.02972,0.03708,0.03967,0.04829,,0.05533,,0.05875,,0.06188,,0.06442,0.06439,0.06911,0.07143,0.07345,0.07827,0.07924
12/12/2023,0.02972,0.03708,0.03967,0.04829,,0.05533,,0.05875,,0.06188,,0.06442,0.06422,0.0696,0.07165,0.0737,0.07831,0.07924
12/11/2023,0.02972,0.03708,0.03967,0.04829,,0.05533,,0.05875,,0.06188,,0.06442,0.06439,0.0696,0.07171,0.0737,0.07831,0.07924
12/8/2023,0.02983,0.03708,0.03967,0.04829,,0.05533,,0.05875,,0.06188,,0.06442,0.06405,0.0696,0.07166,0.07372,0.07831,0.07924
12/7/2023,0.02994,0.03717,0.03967,0.04838,,0.05542,,0.05883,,0.06196,,0.0645,0.06433,0.06964,0.07159,0.07373,0.07825,0.07918
12/6/2023,0.03006,0.03717,0.03967,0.04838,,0.05542,,0.05892,,0.06196,,0.0645,0.06411,0.06924,0.0716,0.07365,0.07827,0.07918
12/5/2023,0.02994,0.03717,0.03967,0.04838,,0.05542,,0.05892,,0.06196,,0.0645,0.06394,0.06944,0.07143,0.07351,0.07825,0.07918
12/4/2023,0.03017,0.03717,0.03967,0.04838,,0.05542,,0.05892,,0.06196,,0.0645,0.06394,0.06936,0.07146,0.07362,0.07825,0.07918
12/1/2023,0.03,0.03467,0.03967,0.04846,,0.05542,,0.05908,,0.06204,,0.06458,0.06535,0.0697,0.07146,0.07357,0.07828,0.07926
11/30/2023,0.03013,0.03467,0.03967,0.04846,,0.05542,,0.05908,,0.06204,,0.06458,0.06539,0.0697,0.07147,0.07358,0.07828,0.07926
11/29/2023,0.03013,0.03467,0.04,0.04854,,0.0555,,0.05917,,0.06213,,0.06467,0.0654,0.06937,0.07201,0.0741,0.07824,0.0794
11/28/2023,0.03013,0.035,0.04067,0.0485,,0.0555,,0.05917,,0.06213,,0.06467,0.06554,0.06954,0.07219,0.07421,0.07829,0.07951
11/27/2023,0.03025,0.0355,0.04321,0.04788,,0.05542,,0.05908,,0.06204,,0.0645,0.06528,0.06927,0.07197,0.0742,0.07791,0.07925
11/24/2023,0.0305,0.0355,0.04321,0.04788,,0.05542,,0.05908,,0.06204,,0.0645,0.06514,0.06925,0.07186,0.07406,0.0781,0.07944
11/23/2023,0.03094,0.0355,0.04346,0.04829,,0.0555,,0.05925,,0.06221,,0.06475,0.06522,0.06922,0.07176,0.07401,0.07816,0.0795
11/22/2023,0.03094,0.03567,0.04346,0.04829,,0.05533,,0.05925,,0.06221,,0.06475,0.06531,0.06912,0.07266,0.07484,0.07843,0.07968
11/21/2023,0.03106,0.03633,0.04354,0.0485,,0.0555,,0.05942,,0.06238,,0.06492,0.06397,0.06947,0.07281,0.07501,0.07849,0.07974
11/20/2023,0.03131,0.03633,0.04358,0.04858,,0.05558,,0.0595,,0.06246,,0.065,0.0638,0.0696,0.07282,0.07488,0.07837,0.07962
11/17/2023,0.03169,0.03633,0.04375,0.04883,,0.05558,,0.0595,,0.06246,,0.065,0.06552,0.0691,0.07285,0.07462,0.07841,0.07966
11/16/2023,0.03244,0.03633,0.04408,0.04952,,0.05583,,0.05967,,0.06263,,0.06517,0.06574,0.07048,0.07318,0.07521,0.07867,0.07988
11/15/2023,0.03319,0.0385,0.04508,0.04975,,0.05617,,0.05992,,0.06288,,0.06542,0.06594,0.071,0.07367,0.07528,0.07892,0.08022
11/14/2023,0.03481,0.039,0.04517,0.05079,,0.05642,,0.06008,,0.06313,,0.06567,0.06574,0.07154,0.07424,0.07617,0.07931,0.08065
11/13/2023,0.03457,0.039,0.04317,0.05096,,0.0565,,0.06017,,0.06321,,0.06575,0.06637,0.07232,0.07436,0.07625,0.07943,0.08073
11/10/2023,0.03381,0.03917,0.0435,0.05113,,0.05708,,0.06042,,0.06346,,0.066,0.06677,0.07244,0.07469,0.07664,0.0795,0.08079
11/9/2023,0.03463,0.0395,0.046,0.04817,,0.05708,,0.06042,,0.06346,,0.066,0.06677,0.07246,0.07486,0.07681,0.07952,0.08079
11/8/2023,0.03525,0.0395,0.04608,0.04883,,0.05708,,0.06042,,0.06346,,0.066,0.06593,0.07228,0.07478,0.07702,0.07957,0.08075
11/7/2023,0.03538,0.0395,0.04625,0.04883,,0.05708,,0.06042,,0.06346,,0.066,0.06589,0.07234,0.07543,0.07753,0.07962,0.08089
11/6/2023,0.03556,0.0405,0.04642,0.04917,,0.05733,,0.06058,,0.06363,,0.06625,0.06589,0.07317,0.07593,0.07765,0.07996,0.08109
11/3/2023,0.0365,0.04075,0.04638,0.04883,,0.0575,,0.06083,,0.06379,,0.0665,0.06611,0.07417,0.07649,0.07907,0.08034,0.08145
11/2/2023,0.03686,0.04113,0.0465,0.04883,,0.05758,,0.06092,,0.06388,,0.06633,0.06594,0.0742,0.07656,0.07901,0.08017,0.08128
11/1/2023,0.03671,0.04113,0.0465,0.04883,,0.05767,,0.06083,,0.06388,,0.06642,0.06612,0.07452,0.07686,0.07887,0.08044,0.08151
10/31/2023,0.03575,0.0412,0.0465,0.04883,,0.05767,,0.06083,,0.06388,,0.06642,0.06649,0.07487,0.07734,0.07973,0.0806,0.0816
10/30/2023,0.035,0.04133,0.04658,0.04883,,0.05775,,0.06092,,0.06396,,0.0665,0.06645,0.07515,0.07745,0.07977,0.08068,0.0817
10/27/2023,0.0353,0.04158,0.04658,0.04883,,0.05775,,0.06092,,0.06388,,0.06642,0.06614,0.07517,0.07753,0.07977,0.0806,0.08171
10/26/2023,0.0364,0.04175,0.0465,0.04883,,0.05775,,0.06092,,0.06388,,0.06642,0.06594,0.07504,0.07748,0.07966,0.08042,0.08153
10/25/2023,0.0365,0.04193,0.04658,0.0495,,0.05767,,0.06083,,0.06379,,0.06633,0.06602,0.07518,0.0777,0.07984,0.08071,0.08192
10/24/2023,0.03738,0.04179,0.04646,0.0495,,0.05767,,0.06075,,0.06371,,0.06625,0.06619,0.07518,0.07848,0.08059,0.08064,0.08184
10/23/2023,0.03663,0.04136,0.04629,0.0495,,0.05775,,0.06083,,0.06371,,0.06625,0.0659,0.07538,0.07868,0.08068,0.08064,0.08184
10/20/2023,0.0345,0.04007,0.04604,0.0495,,0.05767,,0.06075,,0.06363,,0.06617,0.06582,0.07515,0.0787,0.08079,0.0806,0.08185
10/19/2023,0.0325,0.03907,0.04583,0.049,,0.05758,,0.06067,,0.06354,,0.06608,0.06588,0.07478,0.07808,0.0802,0.08018,0.08161
10/18/2023,0.03138,0.03893,0.04567,0.04867,,0.05758,,0.06067,,0.06354,,0.06608,0.06615,0.07373,0.07704,0.07916,0.07929,0.08056
10/17/2023,0.03113,0.03893,0.04554,0.048,,0.0575,,0.06058,,0.06354,,0.06608,0.06595,0.07373,0.07692,0.07892,0.07929,0.08056
10/16/2023,0.03088,0.03864,0.04529,0.048,,0.05742,,0.0605,,0.06346,,0.066,0.06595,0.07363,0.07681,0.07864,0.07916,0.08048
10/13/2023,0.03088,0.0385,0.04529,0.048,,0.05742,,0.0605,,0.06346,,0.066,0.06607,0.07355,0.07678,0.0787,0.07916,0.08048
10/12/2023,0.03063,0.0385,0.04546,0.0475,,0.05742,,0.06063,,0.06346,,0.06621,0.06645,0.07379,0.07691,0.0788,0.07939,0.08078
10/11/2023,0.03088,0.03936,0.04554,0.0485,,0.05742,,0.06063,,0.06354,,0.06629,0.06648,0.07402,0.07705,0.07884,0.0792,0.08054
10/10/2023,0.03225,0.03993,0.04604,0.0495,,0.0575,,0.06071,,0.06354,,0.06629,0.06611,0.07402,0.07731,0.07879,0.07916,0.0805
10/9/2023,0.03267,0.04069,0.04642,0.05017,,0.05758,,0.06079,,0.06363,,0.06638,0.06741,0.0742,0.07749,0.07903,0.07929,0.08063
10/6/2023,0.0335,0.04094,0.04658,0.04925,,0.05758,,0.06079,,0.06363,,0.06638,0.06628,0.07432,0.07756,0.07918,0.0795,0.08075
10/5/2023,0.03383,0.04094,0.04667,0.0495,,0.05775,,0.06104,,0.06371,,0.06654,0.06681,0.07468,0.07799,0.07945,0.07984,0.08109
10/4/2023,0.0335,0.04044,0.04633,0.0495,,0.05775,,0.06104,,0.06371,,0.06654,0.0667,0.07451,0.0778,0.07945,0.07975,0.081
10/3/2023,0.03233,0.04013,0.04558,0.04938,,0.05733,,0.06063,,0.06354,,0.06638,0.06669,0.07375,0.07719,0.07901,0.07926,0.08047
10/2/2023,0.032,0.03925,0.04558,0.04938,,0.05717,,0.06054,,0.06338,,0.06629,0.06691,0.07281,0.07606,0.07786,0.07907,0.08025
9/29/2023,0.03083,0.03888,0.04508,0.0485,,0.057,,0.06021,,0.06304,,0.06588,0.0666,0.07223,0.07556,0.07746,0.07861,0.07975
9/28/2023,0.0305,0.03738,0.04475,0.04813,,0.05692,,0.06013,,0.06296,,0.06579,0.06601,0.07195,0.07526,0.07701,0.07836,0.07954
9/27/2023,0.0305,0.03725,0.04442,0.048,,0.05692,,0.06004,,0.06296,,0.06579,0.06581,0.07179,0.07489,0.07685,0.07834,0.0795
9/26/2023,0.03507,0.03875,0.03983,0.04215,,0.04962,,0.05381,,0.05742,,0.06073,0.06106,0.06668,0.06984,0.07186,0.07334,0.07446
9/25/2023,0.0295,0.03725,0.04442,0.04775,,0.05692,,0.06008,,0.06308,,0.06575,0.06585,0.0716,0.0748,0.07682,0.07832,0.07948
9/22/2023,0.02833,0.03725,0.04442,0.04775,,0.05696,,0.05992,,0.06292,,0.06558,0.06574,0.0716,0.07444,0.07654,0.07815,0.07931
9/21/2023,0.02933,0.03675,0.04433,0.0475,,0.05683,,0.05983,,0.063,,0.06558,0.06584,0.07133,0.07416,0.07627,0.0781,0.07928
9/20/2023,0.02917,0.03675,0.04446,0.04725,,0.05675,,0.05992,,0.06308,,0.06567,0.06618,0.07114,0.07411,0.07608,0.0781,0.07928
9/19/2023,0.02979,0.03825,0.04433,0.047,,0.05692,,0.06017,,0.06333,,0.06592,0.06637,0.07147,0.07456,0.07656,0.07835,0.07953
9/18/2023,0.03054,0.03913,0.04492,0.04883,,0.05708,,0.06033,,0.06358,,0.066,0.06651,0.07181,0.07474,0.0768,0.07843,0.07961
