Date,3M,6M,9M,1Y,15M,18M,21M,2Y,27M,30M,33M,3Y,5Y,7Y,10Y,15Y,20Y,30Y
2026-08-28,0.07617784548559102,0.07882422653564047,0.08105275982828844,0.08752200525005535,0.08836210212550968,0.08870343227693613,0.08866981753699443,0.08850256322175101,0.089089114363518,0.08958741321529409,0.08967075801760345,0.08941114649282003,0.09542143908110677,0.0957357897024724,0.09723975236134468,0.0990005367322334,0.10060022224909973,0.10220662193486561
2026-08-27,0.07605630585626165,0.0788158286363937,0.08105275982828013,0.08767981336958099,0.08849276900864288,0.08884703493883071,0.0888059760190453,0.0886272981034052,0.08922901479066836,0.0897378693447658,0.08980784916156483,0.08955379702559031,0.09555526037853605,0.09585660370186946,0.09741945394580523,0.0991433506415666,0.10074639400343462,0.10235771179802305
2026-08-26,0.07605630585626252,0.08003356197137347,0.08076096281617887,0.08767981336958065,0.08851205508903003,0.08881879519005365,0.0888285438573422,0.08862198806870202,0.08922193161397943,0.08972632324902872,0.08980827171490147,0.08955032991249116,0.09551268724255028,0.09586741344733624,0.09738253869043949,0.09915988700538252,0.10075864538494551,0.10236749288055112
2026-08-25,0.07605630585626252,0.08003356197137149,0.08183370942406563,0.08767981336958065,0.08851205508903003,0.08883542626834962,0.08879674714613928,0.08863259574985675,0.08921672615860825,0.08972016509690986,0.08979648233136152,0.08954628183987873,0.09551296890569373,0.0958676158699279,0.09745064138451366,0.09913602056940649,0.10074080842850158,0.10235715922563342
2026-08-24,0.07605630585626252,0.08003356197137149,0.08076096281619144,0.08767981336958065,0.08851205508903003,0.08883542626834953,0.08882854385734218,0.08863259574985675,0.0892271257031002,0.08971529410808812,0.08981703565510264,0.08955358797100257,0.09549865265732606,0.09583391200998294,0.09736292266137084,0.09917447390640123,0.10077369572068114,0.10237720194044761
2026-08-22,0.0761857442477309,0.08003356197137149,0.0807434528790366,0.08766958494540748,0.08851164744655537,0.08883542626834953,0.08882952574470684,0.08863659366014146,0.08922689647727104,0.08972502496504853,0.0898176703452064,0.08955628649149559,0.09535171471232946,0.09579680943724835,0.09737884631873711,0.0991992541154657,0.10079007238680227,0.10238869481091623
2026-08-21,0.07617784548559031,0.08002490555830429,0.08076096281618174,0.087659359679624,0.08850223951284412,0.08883622235724226,0.08882157663097634,0.08864033948705836,0.08922800462908165,0.08972550992903286,0.08981744231467859,0.08955881486029836,0.09535334714364778,0.09579605400983465,0.09738026661396139,0.09920023019831595,0.10079083503354111,0.10238923003117427
2026-08-20,0.07619364519075586,0.08001625163315491,0.08076096281618336,0.08767981336958071,0.08849212944412965,0.08882865233519177,0.08881460072597974,0.08862729810340149,0.08922865272907707,0.0897266377622348,0.08981347308039239,0.08955379108294241,0.09535010356266607,0.09579178469590453,0.09741995988737227,0.09918557884117055,0.10077938748664732,0.10238086303292435
2026-08-19,0.07731180283126168,0.08003356197137163,0.08175845703539374,0.08767981336958071,0.08850618372570411,0.08881879519005362,0.08879897677246444,0.08862198806870197,0.0892186340313741,0.08972633025273824,0.08978919761231924,0.08955036932130436,0.09540474295389699,0.09579998255146395,0.0974381249804535,0.09917011581872474,0.10076663618658599,0.10237310034187828
2026-08-18,0.07744909871177728,0.07970697958555928,0.08076096281619675,0.08767981336958071,0.08850554177336228,0.08884053128181676,0.08882854385734214,0.08863259574985673,0.08921307246508414,0.08972327159046178,0.0898170356551026,0.08954628183987867,0.09523223062188023,0.09581406894910813,0.09743201321192113,0.09919303908453642,0.10078535927578033,0.1023884339134419
2026-08-17,0.07744909871177771,0.07861157552660203,0.07987576944455291,0.08767981336958071,0.08850554177336228,0.08885766065246457,0.08885480195560529,0.08863259574985673,0.08922346313061248,0.08972880938325284,0.08983400884517519,0.08955358797100253,0.09533671401563948,0.09582233285446651,0.09748267833569403,0.09915891611482455,0.10076152021794707,0.10236865757636615
2026-08-14,0.07641317582256404,0.082261022734395,0.07987576944456805,0.08765935967962345,0.08850134646687907,0.08880163415758495,0.08884779370096024,0.08864121170661038,0.08922750074424782,0.08970443938685772,0.08983445787949926,0.08955940359354102,0.09522420593266301,0.09574405359258566,0.09712350069154739,0.09924940579822436,0.10091548869560939,0.10247672013064259
2026-08-13,0.07609554615125012,0.08225188188953171,0.07987576944456805,0.08767981336958071,0.0884925862713537,0.08879456492312417,0.08884077689569908,0.0886272981034015,0.0892289113419055,0.08970580970317989,0.08983051332979333,0.08955377304694263,0.09533929736126792,0.0957575538631624,0.09708872807374892,0.09923938464978922,0.10090764128236193,0.10247086949337707
2026-08-12,0.07626231307518962,0.08311423673401522,0.08076096281611397,0.08767981336958071,0.08851109156067734,0.08877085713457199,0.08882854385734221,0.08862198806870203,0.08922139045951787,0.08969694799456733,0.08980827171490162,0.08955032991249111,0.0951888265508333,0.09568892757736966,0.09712321249778999,0.09926322403108877,0.10092562836766301,0.10248469376939137
2026-08-11,0.07668410400713811,0.08227016627906551,0.0807609628161833,0.08767981336958071,0.08850911893746768,0.08880048813856217,0.08882854385734218,0.08863259574985675,0.08921507910220856,0.08969890461922944,0.08981703565510268,0.0895462818398787,0.09530778671339302,0.0958146939466702,0.09717696980315933,0.09940500083601159,0.10106336765069898,0.10262026322894083
2026-08-10,0.0766841040071368,0.08227016627934257,0.0807609628161833,0.08771645486379552,0.08850911893746768,0.08880048813856217,0.08882854385734218,0.08863089920177301,0.08922547464413337,0.0896940568152254,0.08981703565510268,0.08955244283038362,0.09530359576968368,0.09577885105426705,0.09715569101526474,0.09941934248212096,0.10107754170397572,0.10262710574762286
2026-08-07,0.07680536135953468,0.08226102273439721,0.0807609628161833,0.08769598432396405,0.0884994760887082,0.08880156687220063,0.08882157663097563,0.08863867949527852,0.08922642463479462,0.08970439839776385,0.08981746506850782,0.08955769439434327,0.09520152185484154,0.0957703936117765,0.09716119590433364,0.09943702434484009,0.1010882671933515,0.10263463577640973
2026-08-06,0.07668410400713634,0.08225188188953186,0.0807609628161833,0.08771645486379531,0.08848984565076878,0.08879436976440636,0.08881460072597971,0.08862560387300644,0.08922731960041198,0.08970569214758004,0.08981351805417072,0.08955264462962831,0.09516589796768421,0.09568734216754704,0.09713955774253896,0.09946421280733761,0.10101440069336724,0.10253149744972065
2026-08-05,0.07682142161121351,0.0822701662793424,0.0807609628161833,0.08771645486379531,0.0885084767796049,0.08878398387743416,0.0888285438573421,0.08862029614967167,0.08921992189826665,0.08970499516837879,0.08980827171490148,0.08954918327066477,0.09524204396011902,0.09570420626359333,0.09719371855159191,0.09958444493780257,0.10103195168194529,0.10256025704040585
2026-08-04,0.0763211703159099,0.0822701662793424,0.07909367502873786,0.08771645486379531,0.0885108162854538,0.08880048813856217,0.0888780172341136,0.08863089920177297,0.08921603124237451,0.0896989046192295,0.08984901517188533,0.08954513878512615,0.09528541379676247,0.09569788476659398,0.09724350753076075,0.0995618575561255,0.1010151881079857,0.10255072273848077
2026-08-03,0.07644869134210353,0.0822701662793424,0.07909367502872687,0.08771645486379531,0.08851021988414651,0.08880048813856217,0.08887801723411379,0.08863089920177297,0.08922609372929349,0.0896940568152253,0.08984901517188561,0.08955244283038359,0.09522805419058163,0.09561097534535565,0.09724035710624114,0.09958887044842647,0.10103922018666978,0.10256451746453575
2026-07-31,0.07630531785519265,0.08226102273439731,0.07909367502872687,0.08769598432396403,0.08850186088789547,0.08880165266228401,0.08887097270559614,0.0886403222970813,0.08922777021404472,0.08970445065960078,0.08984948158037565,0.08955880325735886,0.09564491733452558,0.09601524245323434,0.09766329666496534,0.10007036696647369,0.10141360605715849,0.10295227011755817
2026-07-30,0.0759582034207587,0.08225188188953177,0.07872712826283923,0.08733165219605202,0.08799855145157434,0.08832197881205962,0.08840210434345892,0.08820274271409001,0.0887287957108734,0.08919961683385975,0.08934499471983932,0.08896964734719114,0.09510404301165322,0.09542776747674908,0.09710803721647589,0.09940724984907305,0.1008489558207819,0.10236663636167674
2026-07-29,0.07583066662792808,0.08227016627934236,0.0787271282628376,0.08733165219604991,0.08801821345474474,0.08831146269129435,0.08839514024005041,0.08819748661423835,0.08872228553414907,0.08919878229382136,0.08934111320649196,0.0889662526619012,0.09506140606774163,0.09547429505449004,0.09706391752551836,0.09941886352198326,0.10085730891065373,0.10237366706486441
2026-07-28,0.07583066662792808,0.08227016627934236,0.0787271282628376,0.08733165219604991,0.08801821345474474,0.08832777298412069,0.08840906004675461,0.08820798652219615,0.08871713804593133,0.08919274835951671,0.08933581510497118,0.08896227067959817,0.09502919601275213,0.09544342804083254,0.09706105487721005,0.0994301608229312,0.10086696675357974,0.10238266101506022
2026-07-27,0.07583066662792808,0.08066736257031364,0.07835945838326668,0.08697420279867842,0.08765393280101348,0.08798376791620119,0.08805691525255879,0.08792739028525903,0.0884539584124326,0.08891782785467879,0.0890736977461809,0.0886877777198242,0.09476378924549474,0.09515725554262867,0.09677301262929543,0.09914053846978901,0.10057687661662594,0.10208156635818012
2026-07-24,0.07679555720390117,0.08065856945095926,0.0783429655685782,0.0869540722756485,0.0876404127420805,0.08798456051331081,0.08805589782128015,0.08793700581680954,0.08845253469692557,0.08892785298510786,0.08907303928772348,0.08869425520632232,0.09491077926601363,0.09535109548831727,0.09690831720273382,0.0993942352678317,0.10072222770506173,0.10223537965382819
2026-07-23,0.07695873446267833,0.07949775898899458,0.07835945838326668,0.08697420279867818,0.08762982275341781,0.08799454314135088,0.08805001165189391,0.08792217492177858,0.0884526994339884,0.08893958582851888,0.08907414288987657,0.08868801419159411,0.09492832089170712,0.09533108083392652,0.09696117591111246,0.09937462616557721,0.1007069704472476,0.10222434053354681
2026-07-22,0.0771058501013909,0.07951484718101812,0.07828402637613359,0.08691003168770153,0.0876480301641475,0.0879852848630991,0.08804532390583339,0.08791988598298092,0.08844553029978706,0.08893954417678393,0.08907170458723643,0.08868667062624169,0.0949625899810501,0.09534340131173405,0.09692799471360776,0.09937973300107572,0.10071023402081221,0.10222779116982422
2026-07-21,0.07724315310920704,0.07975500977915395,0.07835945838326641,0.08697420279867824,0.0876473947244359,0.08799788264540635,0.08805691525255818,0.0879273902852586,0.08844005693730879,0.08893119875587718,0.08906502297632497,0.0886806316056754,0.09528556404970642,0.09567658614603851,0.09727824341104639,0.09970469339920032,0.10103569417957614,0.10255898586641402
2026-07-20,0.07724315310920704,0.07975500977915417,0.07835945838326641,0.08697420279867824,0.0876473947244359,0.08799788264540619,0.08805691525255811,0.0879273902852586,0.08845027792550693,0.08892641290432725,0.08907369774618037,0.08868777771982346,0.0954011005482036,0.0957791250941416,0.0973359406090426,0.09986867254633337,0.10119459759839709,0.10270706419616876
2026-07-17,0.077089671106496,0.07974641311361017,0.07834296556857823,0.08695407227564866,0.0876389320087504,0.08799846745461913,0.08805649075663607,0.08793700581680954,0.0884516983235059,0.0889363301402466,0.08907342302204113,0.08869425520632238,0.09538619158636531,0.09579401940307174,0.09737976512973646,0.09990769692110885,0.10115684509624866,0.10268059008836161
2026-07-16,0.07710585010139107,0.07949775898901815,0.07835945838326674,0.08697420279867832,0.08766649221912219,0.08803233392018232,0.08805001165189398,0.08792217492177878,0.08845044462354469,0.08893745486017514,0.08907411828473459,0.08868801419159418,0.09555512231841999,0.09587083821847615,0.09740605386291601,0.09994056004950272,0.10095557402789626,0.10256251980847156
2026-07-15,0.07724315310920744,0.07975500977915607,0.07835945838326659,0.08697420279867821,0.08768475823862222,0.0880194109532346,0.08804309971669393,0.08791694735248683,0.08844326330742501,0.08893517323780982,0.08907021437985967,0.08868468594421863,0.0954584050340833,0.09586588719363609,0.09739329423544175,0.09989169794268761,0.10100322182154362,0.10259712476493406
2026-07-14,0.077243153109207,0.07975500977915431,0.07835945838326659,0.08697420279867821,0.08768475823862222,0.08803572733451652,0.08805691525255825,0.08792739028525863,0.08843814953442887,0.08892909866692347,0.08906502297632507,0.08868063160567538,0.09545855153851686,0.09586599261020079,0.09736616627729787,0.09990032012286983,0.10091577656383013,0.10268059034392894
2026-07-13,0.07822375071455506,0.07975500977915431,0.07835945838326659,0.08691003168770153,0.0876802186345249,0.08803572733451644,0.08805691525255811,0.08793033695578131,0.08844581165752732,0.08892431510554694,0.08907369774618029,0.08868976273928401,0.09545645576933197,0.09586767455323722,0.09736604413192766,0.09990128352349338,0.10091952627513591,0.10268020678686099
2026-07-10,0.07845210819721567,0.07974641311361007,0.0782675649874773,0.08681662039968234,0.08759514919918857,0.0879603902988079,0.08805867192463218,0.0878761648074145,0.08837213244601466,0.08885935403223322,0.08907483462456606,0.08870262977203323,0.0954673586260341,0.09584643018250924,0.09737606997687695,0.09990802867145426,0.10092165081865957,0.10268170522798016
2026-07-09,0.07846886225045506,0.07973781891035901,0.0782840263761336,0.08683668823243731,0.08758551973832955,0.08795257943460233,0.0880522393109072,0.08786140879361828,0.08837287370518075,0.0888602311804853,0.08907561581177008,0.08869638832261112,0.09546327432162778,0.09584151940131679,0.09736093252272443,0.09977511920602748,0.10040023521468487,0.10254590458746748
2026-07-08,0.07846886225045506,0.07951484718101787,0.0782840263761336,0.0868366882324372,0.08760436117340854,0.08794745332499598,0.08804532390583338,0.08785618410814956,0.0883660055636389,0.088862712174544,0.08907175380240824,0.08869300938039636,0.09538816936399039,0.09579740484732063,0.09740741966402156,0.09991570722426707,0.10092685396202974,0.1026862357481234
2026-07-07,0.07748832523355216,0.0792746555032914,0.07780304689360255,0.0868366882324372,0.08760889612574821,0.08796746806519345,0.08807337605568019,0.087866621302355,0.08836344966265634,0.08885889715806423,0.08907565487956175,0.08868903351185821,0.0953667358488614,0.09578881782896653,0.09741224059705497,0.09991825648147491,0.100929632766858,0.10269036646917017
2026-07-06,0.07764522744233383,0.07987027749928739,0.07786907396854247,0.08691003168770142,0.0876828967263967,0.08803394286927378,0.088138316529353,0.08793033695578155,0.088447318498646,0.0889232302776584,0.08914899867216022,0.08877008343211598,0.09543738578022652,0.09586333942943878,0.0974581694256954,0.09996877267997915,0.10103235351347699,0.10278414089748665
2026-07-03,0.07762882207524509,0.07986165613433609,0.07771135289745704,0.08681662039968162,0.08759904372524803,0.0879587673469293,0.0879982364230603,0.08787672586971233,0.08837433116109998,0.08885836522489725,0.08900986908417163,0.08863272175663127,0.09530182904539779,0.09572220722865135,0.09730723917719428,0.09983387943709282,0.10089200743473822,0.10263948907159788
2026-07-02,0.07764522744233397,0.08004505276361198,0.07772758337182285,0.08683668823243727,0.08758931234806042,0.08794820770106551,0.08799223554715689,0.08786140879361828,0.08837502197068499,0.08885755736409004,0.08901090095859138,0.08862614886727964,0.09529753315887968,0.09571715122804568,0.09734641708932852,0.09985283626042359,0.10086362744771128,0.10261914763390169
2026-07-01,0.07751774487035946,0.07967816091118055,0.07772758337182285,0.08683668823243716,0.08760876004418389,0.08794493625947768,0.08798530908519625,0.08785618410814965,0.0883684776309473,0.08886116435195573,0.08900699833629691,0.08862282120358678,0.09534138104466854,0.0957509202663613,0.09732012849502712,0.09984867965371509,0.10085968706075048,0.10261755274200342
2026-06-30,0.07789037472179772,0.07987890133825121,0.0778111811258364,0.08683668823243716,0.08756967237071017,0.08799613278269702,0.08803705950359682,0.08789537143809095,0.08840325061489723,0.0888853828058786,0.08904750099253834,0.08864710467776724,0.09533726012886617,0.09572403358255753,0.09732279032874956,0.09981558662645676,0.10085423391874362,0.10269041924700745
2026-06-29,0.07776290002691982,0.07968674358553483,0.07781118112583581,0.08683668823243716,0.08757026169470009,0.0879990793367321,0.08803705950359615,0.08789537143809065,0.08841379551232807,0.08889673142791182,0.08904750099253773,0.08865425072537855,0.09532307787479041,0.09566659478009144,0.09744400710218849,0.09997565487277406,0.10043762456061031,0.10227649048792005
2026-06-26,0.07760921789703233,0.07930458583097828,0.07766021857917495,0.08674330496428699,0.08756172307775276,0.08799733510843397,0.088034556255216,0.08790853098386912,0.08841523474507441,0.08890136688522199,0.08905080765514843,0.08866311566400308,0.09532053602750817,0.09566904014122338,0.09740823724842425,0.09990755112283012,0.1004891832813357,0.10231283182198511
2026-06-25,0.07762561500557792,0.07899482234870656,0.07758473091331988,0.08676333939751613,0.08755205437200522,0.08799331825914551,0.0880298185187424,0.0878935164334467,0.08841597535248084,0.08890463906736998,0.08904833011667242,0.08865674993568108,0.09538124205216689,0.09579788517281447,0.09756154952189343,0.10007221334691237,0.10060140668813684,0.10243122609742226
2026-06-24,0.07762561500557792,0.07884102947130815,0.07758473091332048,0.08676333939751613,0.08757089639414554,0.08801205107760315,0.08804371913805445,0.08788828223908421,0.08840905124254632,0.08889984633705253,0.08904310205462809,0.08865339259355233,0.09538182932614298,0.09580224286639807,0.09754703964983548,0.10004208848858231,0.10062033942964012,0.10244571196457783
2026-06-23,0.07762561500557792,0.07884102947130793,0.07758473091332048,0.08676333939751613,0.08757089639414554,0.08801205107760315,0.08804371913805445,0.08789873846125189,0.08840393832686115,0.08889505293663356,0.08905180852016356,0.08864936874390422,0.09538199030508157,0.09580235871859445,0.09751988288555173,0.09998234261107881,0.10066084210250462,0.10247636520174229
2026-06-22,0.07762561500557792,0.07867761154459099,0.07751867570927952,0.08655243152360528,0.08729062949736574,0.0878726239191731,0.08789275264424143,0.08776464829342098,0.08827265852312965,0.08884495841049979,0.08898225481811399,0.08860167034847434,0.09524456786708212,0.09575448647591102,0.09750668380321639,0.09994548362521789,0.10057725846697471,0.10239319163536104
2026-06-19,0.07733474900898786,0.07849751539847788,0.07733936656014447,0.08664248741509371,0.08738547523572637,0.08790544788375344,0.0879293116956076,0.08780793508113305,0.08830808460812285,0.08880608025429847,0.08894389841280631,0.08856246397039651,0.09532747063535947,0.09569537227554416,0.09736173491900944,0.09988059064509022,0.10057974004074473,0.10238275948883493
2026-06-18,0.07751774487035784,0.0783603502832512,0.07726386077609451,0.08658911434930802,0.08733777755268124,0.08786113294016247,0.08788636242315419,0.08775775862740016,0.08827136983258765,0.08877052313340252,0.0889037520288345,0.08852044705780486,0.09525469508302135,0.09557528517690565,0.09733025592566302,0.09982703064946147,0.10038398873149862,0.10236177081459524
2026-06-17,0.07715488743538161,0.07836035028325164,0.0772638607760948,0.08658911434930824,0.087358200912834,0.08787748366062835,0.08790023424434076,0.0877525381517287,0.08826545178895041,0.08876420860782704,0.08889855231669985,0.08851710319900005,0.09503911436014455,0.09527729489621331,0.09707951414563681,0.09985276121816179,0.10064251815496815,0.10262974796152044
2026-06-16,0.07678218849502359,0.07836035028325164,0.0772638607760948,0.08658911434930824,0.0873599198420512,0.08787748366062835,0.08790023424434076,0.08776296697815014,0.08826131708247764,0.08875942619076908,0.08890723777412048,0.08851308133046921,0.09503926289422779,0.095277401501376,0.09705240629923784,0.09986138786975063,0.10024898060099134,0.10233931900284865
2026-06-15,0.07678218849502359,0.0781968929667716,0.07715059410418133,0.08634147915818284,0.08725714126951378,0.08751088432622811,0.08776018518161093,0.08763052963976255,0.08813066624206954,0.08856396523792233,0.08868826243351907,0.08830582537781656,0.09473540981955056,0.09500633820995265,0.09686177569463093,0.09966243479122824,0.10026040049266373,0.10226349953786715
2026-06-12,0.07676614458829377,0.0779400597413931,0.07736768012984996,0.08632163629539513,0.08724797387933152,0.087507085383931,0.08774692204449033,0.08764015720323727,0.08813177109941409,0.08856720088717679,0.08868471249083494,0.08831230446020288,0.09474207509325512,0.09500612316271999,0.09682411553946983,0.09966122634959364,0.10027774960391052,0.10227581692236408
2026-06-11,0.07678218849502387,0.07795649022272833,0.0771505941041814,0.08626809398991483,0.0871637014406934,0.0874320971929974,0.08766991834575559,0.08755200757237046,0.08805848304082549,0.08849213275781008,0.08861971128468824,0.08823274367237312,0.09470755307544725,0.09496910311921285,0.09678896857554281,0.09957379205792227,0.10017165465356596,0.10167833464170602
2026-06-10,0.07666448681856758,0.0779564902227281,0.0771505941041814,0.08626809398991495,0.08718293022365275,0.087448292521346,0.08768371698060246,0.08754680475079644,0.08805180067042578,0.08848616111111406,0.08861427668439754,0.08822943033328677,0.09466492421936855,0.09496783950331497,0.09687665266287344,0.09975515739438269,0.10021874807629548,0.10161961574826256
2026-06-09,0.07686065433945152,0.07728320834711706,0.0771505941041814,0.08630478724721918,0.08718202736993258,0.08745855603058672,0.08768371698060246,0.08755552063338219,0.08804621718359969,0.08848764593367171,0.08862289657874635,0.08822429661096494,0.09468592053031194,0.09492839836068802,0.09689475877808287,0.09953073335487234,0.10039560412587319,0.1017541322033635
2026-06-08,0.07686065433943523,0.07766796867648611,0.0771505941041814,0.08630478724721696,0.08718202736993257,0.08745269030034958,0.08768371698060246,0.087555520633382,0.08805635688175527,0.08849359530551063,0.08862289657874607,0.08823137424444481,0.09468261809306339,0.09492910551280377,0.0968396107551031,0.09949874858672467,0.10034376443525331,0.10185552221784855
2026-06-05,0.0761386223761068,0.07726705860419775,0.07700899726908371,0.08607405183067092,0.08710137160754605,0.08737534427362155,0.08761406125287512,0.08743106952960189,0.08799497143624363,0.0884233911671453,0.08855022155972113,0.08825328847401227,0.0947317535441475,0.09497904216713253,0.09687569764604494,0.0994982599179787,0.10031894325984929,0.10183815191189421
2026-06-04,0.07615440586602878,0.07728320834668222,0.07697123558025426,0.08609378262866052,0.08709185174309236,0.08736661833191284,0.08760826584008852,0.08741618583338899,0.08799584766836947,0.08842362477592033,0.08854719961251149,0.08824693267597247,0.09477082198622024,0.09501546332064566,0.09691433630372523,0.09953685728159897,0.10035748983394477,0.10187702441314583
2026-06-03,0.07615440586602878,0.07737940538776085,0.07708451744731022,0.08624057316335038,0.08711051870954055,0.08738135480619381,0.08761874014647354,0.08747139536966682,0.08798875682464104,0.08841675482812218,0.0886194575778163,0.08823499015344287,0.09483060256821108,0.0950896416624498,0.0969413467135597,0.09944796440837848,0.10056501214500546,0.10205091879201134
2026-06-02,0.07656822804839744,0.07776414716266489,0.0770845174473065,0.08588273347777094,0.08696849536736466,0.08723349616532428,0.08746579531874552,0.08727758871893261,0.08783397548992537,0.08826825314749648,0.08847737609432367,0.08818529815934041,0.09495146555469695,0.09519960686623587,0.09703043960791592,0.09954957857294937,0.09988731396422304,0.10116573901099618
2026-06-01,0.07669751428555087,0.07824497003866852,0.07718835072767857,0.08605708162795295,0.08700538333442709,0.08725458539172408,0.08750099766219747,0.08738468956829289,0.08788084956522303,0.08831117324105044,0.08859294826708411,0.08821007450270943,0.09518539849011581,0.09544196763690899,0.09729350620579076,0.09977550611227569,0.09909297599848184,0.10111010137436352
2026-05-29,0.07597776440576562,0.07669001771323816,0.07669259551394456,0.08576219110133874,0.08670971075212791,0.08699443141623787,0.08721499825412572,0.087033247471686,0.0875282828901504,0.08795697301545347,0.08822883070520321,0.08786670082735129,0.09481941554423222,0.09509488966320272,0.09682531750716483,0.09934630484998488,0.0984149907623389,0.10035152273055425
2026-05-28,0.07615440586602899,0.07629735691093333,0.07603354141285625,0.0849278678243803,0.08583958505862098,0.08618725956477685,0.0864354178961676,0.0863184173665997,0.08682184613061493,0.08732409833884415,0.08759783763261292,0.0873089441517218,0.09443888469108275,0.09446504918489107,0.09646195079144437,0.09894217786742049,0.09692278626371965,0.09898004193313588
2026-05-27,0.0764388821779146,0.07631310525713196,0.07595027192841841,0.08479007154974731,0.08570675843384692,0.08603703102020686,0.08635452416380582,0.08617569453001742,0.0866659363237558,0.08718417172038345,0.08745459428972541,0.08716794123599397,0.0937608288513927,0.09424390930162865,0.09551896575164838,0.0971924133456019,0.09791753780646406,0.09947793172628148
2026-05-26,0.07657620826961667,0.07612064383890434,0.07589968572755604,0.08479007154974731,0.08570613764847589,0.08605562537331667,0.0863495786555591,0.08618578345770694,0.08666066458582211,0.08718009416324259,0.08745624971568847,0.08716407835329534,0.09371788031012845,0.09421465305289857,0.0955036276732201,0.09720861594800848,0.09793058650884343,0.09948891379985583
2026-05-25,0.07581104521898178,0.07573566497461767,0.0758241457095383,0.08471657243863362,0.08570959686334986,0.08606145029269953,0.08628854069635337,0.08618908946353163,0.08667244921010506,0.08717901487546419,0.0874567748748045,0.0871732772187409,0.09371595178237788,0.09421633596129726,0.09550354340118557,0.09720942890513098,0.09793386491048756,0.09948860750939377
2026-05-22,0.07566388155861978,0.07572790769462946,0.07574860137637736,0.08462398728014171,0.08563575744738448,0.08598576399876912,0.08622376521085257,0.08612527044276168,0.08660890598395833,0.08711348972407065,0.08738642886862039,0.08710634788889939,0.09359486046391174,0.09415046006823465,0.09547901990411063,0.09712752634429968,0.09775932700828982,0.09933021534099182
2026-05-21,0.07566388155862065,0.07552771333038662,0.07566535687383619,0.08457874704320086,0.08555192575146744,0.0859050869829991,0.08614968454195399,0.08604634973528044,0.0865356278348333,0.0870410731365663,0.08731259196148204,0.0870358206726451,0.09352621998642595,0.09408116358563344,0.09538587295265703,0.09695346901313621,0.0977546878123862,0.09930520914478021
2026-05-20,0.07566388155862065,0.07554314752130906,0.07573318129665813,0.08457874704320097,0.08556993401908927,0.08589706351819983,0.08614115721906064,0.08604131069297417,0.08652879270913379,0.08704155021841199,0.08731188939364061,0.08703259421783893,0.09350527932331537,0.09408861363483936,0.0952928739977912,0.0969357354392145,0.09771092706752953,0.09926344819904845
2026-05-19,0.0762132647075849,0.07482104062305076,0.07531413769523805,0.08457874704320097,0.08556745444567898,0.08592363730222903,0.08614665795302787,0.08605137714029965,0.0865224882481833,0.08704237180959533,0.08732027860309234,0.08702863642052726,0.0934083007760925,0.0940910758020331,0.09525149585991848,0.09677800009723535,0.09742963878232883,0.09901722182615544
2026-05-18,0.0762132647075849,0.07482104062305031,0.07531413769523776,0.08457874704320097,0.0855674544456788,0.08592363730222903,0.08615993233590516,0.08605137714029965,0.08653229212859331,0.0870377435587112,0.08731502822385409,0.08703558383906959,0.09336179224893842,0.09409804435407663,0.09530915627502819,0.09668022620919074,0.09745993731751641,0.09903579472717339
2026-05-15,0.0760013383727258,0.07481346840523583,0.07531413769523776,0.08441272554062959,0.08534414603426002,0.08570553108328618,0.08593977062017129,0.08584710773167417,0.086320355555088,0.08683165124289924,0.08702241051386618,0.08674875494144492,0.0931200297625765,0.09380197593531994,0.09496487858110643,0.09639072839046989,0.0971870244274649,0.0987506310460945
2026-05-14,0.0759778241019241,0.07437268168398249,0.07530651398289238,0.0845787470432008,0.08555051494156854,0.0859220360525496,0.08616045653305901,0.08604634973527897,0.08653482663011397,0.08705146463800013,0.0873195761009818,0.08703581346915608,0.0933427492544718,0.09409620498595261,0.09529950591483695,0.0966706317108533,0.09747056580364098,0.09904290564080274
2026-05-13,0.07565407045383603,0.07458027989801266,0.0752988923184187,0.08457874704320091,0.08556997830349719,0.08591155864992003,0.0861541926561505,0.08604131069297422,0.08652881766193793,0.08705046210862741,0.0873203544969956,0.08703257679937189,0.09333258498287969,0.09406625981749028,0.09523932012185794,0.09666458084181472,0.09739262205371106,0.09893802914672059
2026-05-12,0.07548727796028752,0.0745802798980186,0.07531413769523775,0.08457874704320091,0.08557073117231964,0.08592727564058489,0.08614665795302785,0.08605137714029969,0.08652433233764142,0.08704459328948204,0.0873202741250079,0.08702863642052729,0.09340830078225618,0.09405529165605439,0.09520452142903715,0.09663408438092347,0.09741088983046427,0.09895258889218525
2026-05-11,0.0751634842777309,0.07477289081566942,0.07531413769523775,0.08457874704320091,0.08546927366511436,0.08582009436485022,0.08604506633511565,0.08593624844679346,0.08642317751844643,0.08693524965762521,0.08721183749006085,0.0869220734249464,0.09324897220484413,0.0939501784604371,0.09508292326124099,0.09652974029600443,0.09730678819617022,0.09884080070015923
2026-05-08,0.07530503762073869,0.07476532827921833,0.07531413769523775,0.08469745910642708,0.08552507697117669,0.08588647353075358,0.08612164390673348,0.0860169290899716,0.08649837396858993,0.08701988471220624,0.08728150789169278,0.08700040221240762,0.0933714636484747,0.09401659876252111,0.0951547259653175,0.09660259698568494,0.09737788351723126,0.09891481519089956
2026-05-07,0.07565407045383321,0.07475776777569744,0.07530651398289233,0.08471657243863336,0.0855145626640189,0.08587854607582278,0.08612204388709609,0.08600180241912438,0.08649835971722326,0.08702047631693478,0.08728176722522607,0.08699379141262203,0.09336715349151152,0.0940115854468667,0.0951530636311202,0.09645186189505615,0.09733315399398478,0.09890425977830541
2026-05-06,0.07581104521898226,0.07477289081567365,0.07529889231841891,0.08471657243863347,0.08553184685733396,0.08587075767878216,0.08611579106590123,0.08599677825322961,0.08649131776479685,0.08702111332194246,0.08728254890855085,0.08699055731165954,0.09344332171464291,0.09400474272276874,0.09514437106010594,0.09641274016039127,0.09734346659636088,0.09891242682158138
2026-05-05,0.07581104521898181,0.07477289081567365,0.07531413769523795,0.08471657243863347,0.08553184685733396,0.08588644888582013,0.0861083837906917,0.08600681492780368,0.08648641342436486,0.08701525388632556,0.08728254764208908,0.08698663479633587,0.09336795776192892,0.09401596402026718,0.09511192140536809,0.09643070255279922,0.09735789319687749,0.09892433937571413
2026-05-04,0.07597782410192415,0.07477289081567365,0.0753141376952378,0.08471657243863347,0.08553109445990242,0.08588644888582005,0.08612164390673314,0.08600681492780368,0.0864957869217504,0.08701062771903349,0.08727730397319487,0.08699356689044217,0.09322437770775059,0.09384639391678441,0.09485301584942979,0.09628588947131081,0.09721145396096034,0.09920362881175059
2026-04-29,0.07598568265751071,0.075165698771298,0.07532176345638282,0.08471657243863347,0.08552737534579657,0.08588029778296766,0.08611011109876789,0.08599677825322966,0.08648339999548471,0.08701096272034003,0.08728325773718246,0.08699056489810693,0.09325988544779827,0.09384091597310176,0.0949850553196112,0.09623984945025812,0.09717291074970762,0.09917722500860085
2026-04-28,0.07598568265751071,0.07516569877128759,0.07532176345638282,0.08471657243863347,0.08552737534579657,0.08588029778296759,0.08612339733157848,0.08600681492780372,0.0864932025495651,0.08700633618732612,0.08727799859738951,0.08698663479633592,0.09352987408425704,0.09409953637184822,0.09519540766707693,0.09648125797090976,0.0974350082764962,0.0994402552595852
2026-04-24,0.07630947678833067,0.07469793012936707,0.07555027696757557,0.0846974591064268,0.08550794038115705,0.08587892698872338,0.0861170148658434,0.0860166961198593,0.0864941846598944,0.08702018946839014,0.08727807158064581,0.08707054908017542,0.0936017621908731,0.0941673646294434,0.09526425400303236,0.09654984987371189,0.09750326080701124,0.0995070511051677
2026-04-23,0.07630947678833022,0.07495382411761074,0.0755426058290731,0.08471657243863352,0.08552594318356425,0.08586775958493872,0.08611070061571317,0.08606894459161814,0.08656542895169703,0.0870878777894857,0.08735868861850919,0.0870600547933012,0.09363809087215703,0.09415415632323586,0.09525673678539011,0.09652812460460763,0.09750709637355351,0.0995094909510722
2026-04-22,0.07623098364169503,0.07495382411761074,0.07555795017392981,0.08475332266945665,0.08556370624741241,0.08592137853451126,0.08614152091885435,0.08610062285917139,0.08659779705864702,0.08711943108390183,0.08739638750843687,0.08709358237350685,0.09369723880682931,0.09427561808570635,0.09535524652632692,0.09659185318199731,0.097573204068846,0.09928870764864214
2026-04-21,0.07612305305688599,0.0745878057861641,0.07555795017392952,0.08475332266945532,0.08556418384794111,0.08592685939938632,0.08615479998972152,0.08611069048232554,0.08660790185551581,0.08711813077527764,0.08739112690226129,0.08708954337338959,0.09375136057758417,0.09476950538893511,0.09581874927352295,0.09703200561917022,0.09791395573750072,0.09964531221473569
2026-04-20,0.07563242288281449,0.07516569877128754,0.07555795017392952,0.08475332266945532,0.08556635508702512,0.08591820634205886,0.08615479998972145,0.08611069048232554,0.08660912677883066,0.0871221251982679,0.08738689546016816,0.0870964946353432,0.0938235700051093,0.0942334269376905,0.09534557367864568,0.09653544839069846,0.09759463748698728,0.09959592352623822
2026-04-17,0.07563242288281405,0.07515041640231844,0.07555027696757298,0.0847341929842863,0.08554832312856557,0.08591042747317879,0.08615515157282988,0.08612062150030277,0.08661092410263671,0.08712281418314685,0.08739557599107445,0.08710320609608929,0.09426269864489109,0.09459926950925811,0.09565112258415442,0.09695551061190008,0.09797902151435155,0.09998304998368307
2026-04-16,0.07563242288281405,0.07516569877128743,0.0755426058290731,0.08475332266945527,0.08556635508702502,0.0859024937543148,0.08614884407473969,0.08610566250674451,0.08660421265463825,0.0871233675672303,0.08739633023053574,0.08709677194317313,0.09412872173101723,0.09461344476373326,0.09564964223548096,0.09693485189686608,0.09798156513804251,0.0999815312057522
2026-04-15,0.07651551399019818,0.07516569877128743,0.07555795017392934,0.08482681907960897,0.08563727486986493,0.08591820634205902,0.08621805432124065,0.08609732932302344,0.08666152781362539,0.08711749369031822,0.08747193389277058,0.08709124522224143,0.0942359387269608,0.09456488688934966,0.09560326210498915,0.09684438744513083,0.09803524360358372,0.10002056678784471
2026-04-14,0.07739841071204928,0.07555086776142099,0.07555795017392948,0.0849646102910102,0.08569883290235135,0.08606405759805806,0.08629835286581725,0.08625467093176038,0.08674382720259344,0.0872590218850727,0.08753256988790062,0.08723442554719121,0.09440563044155334,0.09474510792116082,0.09583620054605753,0.09700423605483612,0.09801799558807286,0.10037805267713538
2026-04-13,0.07749649835241963,0.07555086776142099,0.07555795017392948,0.08482681907960768,0.08555810723454212,0.085912440484335,0.08615479998972536,0.08610738793514379,0.08660447368179992,0.08711859989007056,0.08738689546018558,0.08709426274815986,0.09423274037617539,0.09463743156947019,0.09571010247635243,0.09684411143994592,0.09786188751403989,0.10021538774876404
2026-04-10,0.07749649835242052,0.07630523000408339,0.07507795625030513,0.08480765666994128,0.08554011129290555,0.08589294982325142,0.08616839428172395,0.086117858744908,0.08660617939409791,0.08711210139349296,0.08740416597217707,0.087101339003895,0.09432635612483745,0.09462462807700293,0.09574471609073738,0.09682672082858403,0.09784597024768285,0.1002040262396685
2026-04-09,0.0768098344916491,0.07670592864800439,0.07507037982830157,0.08454199039600672,0.08530857627842076,0.08562380832320672,0.0859412214755475,0.08589451603045443,0.08631189796576563,0.08681709537768534,0.08710766544116776,0.08681532814521367,0.09399930727143438,0.09435984495867535,0.09537282958289696,0.09657957724714547,0.09758937650418309,0.0999299261723157
2026-04-08,0.0768098344916491,0.0769945893826466,0.07508553470218933,0.08454199039600661,0.08538341621361148,0.08571082865967734,0.08615524452195432,0.08611009459442809,0.08652730430733789,0.08696249438135388,0.08725581569589136,0.0869493755859191,0.09406240871628334,0.09447741584674366,0.09551169402688423,0.09673253668842029,0.0977396585788384,0.10008369693240748
2026-04-07,0.0768098344916491,0.07699458938264749,0.07508553470218933,0.08454199039600661,0.08538341621361202,0.0857108286596777,0.08616856647906129,0.08612018813201398,0.08653713183247504,0.08695788406718613,0.08725029371214635,0.08694535837618939,0.09410580461184748,0.0944233921916479,0.09550307976958623,0.09665641184456092,0.09778469823575495,0.10011779077541892
2026-04-06,0.0768098344916491,0.0770908003445743,0.07508553470218933,0.08425708056191147,0.08509338915768601,0.08549147082580488,0.08594840756606223,0.08576835691308445,0.08618134118665904,0.08659304269623827,0.08686950360888472,0.08659139870104653,0.09369740641108684,0.09407005196297662,0.09515980968336064,0.09624376325734131,0.09744443701587406,0.09975417039599017
2026-04-03,0.0768098344916491,0.07659382782113897,0.07436915872935544,0.08381543876058892,0.08457044350792053,0.08513101208801858,0.08559509939329128,0.0853558708812221,0.0857501257567754,0.08616359537420518,0.08637313819350942,0.08610540832009432,0.09329753570000701,0.09366171032884893,0.09465804119076628,0.09571419302735752,0.09711788457266289,0.09938510136984474
2026-04-02,0.0768098344916491,0.07718700666575776,0.07436172336236627,0.08387094415504354,0.08458803705937445,0.08511465424440766,0.08558770557549987,0.08533920778677337,0.0857436132607546,0.0861589571955925,0.08637328401312633,0.0860976470192152,0.09329241571611846,0.09359652519291245,0.09460016687168646,0.09574249488207809,0.09713985857584141,0.0994005144469935
2026-04-01,0.0762702304069996,0.07719662704266637,0.07437659607003069,0.08351225536435375,0.08437509164721352,0.08483601771267739,0.0855154235083917,0.0852734097688708,0.08575075014160312,0.0863266527181415,0.08653859985200452,0.08626039768452314,0.09337449887853579,0.09376339241477627,0.09479559712744241,0.09587957703013227,0.09727846410730662,0.09954593722443952
2026-03-31,0.07627023040702008,0.0770330743243353,0.07406454307010521,0.08387094415504523,0.08423465789181235,0.08483843189042467,0.08509705248869845,0.08490268437854173,0.08525080314884419,0.0855637748763019,0.08579522987914531,0.0854949923335658,0.09267102508724245,0.09302200435773617,0.0940222773848797,0.09516321829449319,0.09655465215866123,0.09879872672857594
2026-03-30,0.0762623130751885,0.07639008459631591,0.0740645430701027,0.08337426387208524,0.08359186134088435,0.08425999586724896,0.08428293063217773,0.08418552437193012,0.08453434149131252,0.08484136519831278,0.08506880253438905,0.08478757537766846,0.0919844776641842,0.09230517425921715,0.093238499022441,0.09446744985454726,0.09584859648907182,0.09805970740226132
2026-03-27,0.07607978696898998,0.07590112212618755,0.07468107644202632,0.08314421183754599,0.08343419260581851,0.08412494064503317,0.08412135178330772,0.08405016244470695,0.0843866865716386,0.08470401224367523,0.08491361538518043,0.0846584006412485,0.09185392746469623,0.09216777564134294,0.0931706458527482,0.0943093868305551,0.09569058406288733,0.09790174432208278
2026-03-26,0.07577180210996404,0.07508503154910523,0.07436172336236634,0.0823801626190341,0.08256508122289274,0.08321869138395362,0.08341538123774478,0.08340810126140015,0.08375695623214564,0.08407871091289888,0.08427101361988966,0.08386164935304449,0.09113357715895072,0.09136399373786983,0.09221323081336434,0.09356335475716016,0.09492553921303243,0.09695762353928931
2026-03-25,0.07577180210996359,0.07510028646083586,0.07437659607003093,0.08252749925119555,0.08258182630468218,0.08321136699186787,0.08340922126524193,0.0833969972361836,0.08375135762110096,0.08407941403933487,0.0842714989239215,0.08385444009243348,0.09102348220041934,0.09108493706954653,0.09226454247268084,0.0936116297478068,0.09496241160115806,0.0961080974660916
2026-03-24,0.07577180210996359,0.07494622465284857,0.07406454307010955,0.08231569601566342,0.08236617187007712,0.08300996828721963,0.0832100361204706,0.08319471543997961,0.08353290668008138,0.08385940164777031,0.08405512241211269,0.08371931891805644,0.09084612490009526,0.09099144218174651,0.09224598803347625,0.09348231233784633,0.09483641981786693,0.09598605723959269
2026-03-23,0.07577180210996359,0.0743780183044944,0.07343075513858155,0.08178138422216019,0.08196290283419627,0.08261006856900041,0.0828253616422832,0.08281439368526451,0.08315183700646597,0.08346682658833128,0.08366596839140346,0.08333325840077856,0.09053356311400636,0.09073870773291422,0.09191789111495965,0.09328517308043623,0.09462675809223535,0.09575575989348974
2026-03-20,0.07575617629364331,0.07437053493335448,0.07342350403695642,0.08176355501778385,0.08195459461320372,0.08260995634017525,0.08282527343160428,0.08282307061543107,0.08315229741018397,0.08347520400502903,0.08367360226389682,0.08333908766097167,0.0905073377542074,0.09063631764008669,0.09205059557025771,0.09330169048527914,0.09464146743396243,0.09577207282315325
2026-03-19,0.07577180210996354,0.07436305356341334,0.07341625483569254,0.08178138422215996,0.0819464134719532,0.08260264311580727,0.08281907505454068,0.08280975218812302,0.08315279725430821,0.08347588981600078,0.08367401483677628,0.08333352228042719,0.09055754826900127,0.09056511097565531,0.09193470298428286,0.09334258191174334,0.09467320438831514,0.0957936228039747
2026-03-18,0.07577180210996397,0.07437801830449432,0.07311847965806278,0.08156942288132606,0.0817471531551896,0.08237737427727214,0.08260147344573539,0.08251647765196364,0.08285530725633275,0.08333007139556863,0.08353274076463309,0.0832034625697311,0.0905128069327235,0.09042375542679389,0.09183040861528334,0.09318658274310926,0.09451869730457627,0.09564172280183779
2026-03-17,0.07544803164860701,0.07437801830449432,0.07311847965805733,0.08156942288132328,0.0817485459020582,0.08239171144999233,0.08261365025088656,0.08252570021404414,0.08285158584266153,0.08332442495628582,0.08352796242465496,0.08319988069466293,0.09046985552720024,0.09042993615350453,0.09179482735758185,0.09320150682302544,0.09453092384292952,0.0956519974643356
2026-03-16,0.07577180210996345,0.07437801830449432,0.07311847965805733,0.08156942288132328,0.08174715315518401,0.08239171144999233,0.08261365025088663,0.08252570021404408,0.0828598043342416,0.08332020943665208,0.08352411863525162,0.08320618115538483,0.09084414190886785,0.09087487333542306,0.09226328937576486,0.09360752128242499,0.09494045120721863,0.09606149299145715
2026-03-13,0.07575617629364381,0.07437053493335417,0.07278953687642485,0.0814779801326518,0.08167323345549203,0.08232513898118908,0.08254565174648694,0.08253783907912217,0.0828634038339049,0.08333201335813759,0.0835416434102898,0.08321435417861102,0.09070081704055938,0.0909206161555323,0.09221074996950263,0.09363846583682499,0.09496195185535479,0.09607631059408686
2026-03-12,0.0757718021099643,0.07436305356341306,0.07278241118358598,0.08142194501135919,0.08159008600500049,0.08231788093879437,0.08253928243022098,0.08252742457143535,0.08286748927048156,0.08333273605095579,0.08354192918343711,0.08321070940932555,0.09069839638982458,0.09104750810580753,0.09261353443785932,0.09377968429453853,0.0951779566398831,0.09642934789569914
2026-03-11,0.07577180210996386,0.07389636005915773,0.07248423970138583,0.0814219450113593,0.08160642894570874,0.08231787007408826,0.08254243742075167,0.08252279923138771,0.08286203097663772,0.08333785813466991,0.08354840463810112,0.0832078109241419,0.08943895026647707,0.09017463380409903,0.09323860051239265,0.09428716676962555,0.09510644047550235,0.0963458411354384
2026-03-10,0.07577180210996386,0.07374220471737619,0.07248423970138583,0.08120990746153235,0.08139062437097455,0.08210652688306722,0.08233413898779438,0.0823201379227906,0.08264350349107334,0.08311816901526749,0.08332620793904445,0.0829922925966258,0.08918319667648633,0.08914154862206712,0.09316014051878642,0.09369713220975527,0.09520508306290312,0.09634518281983004
2026-03-09,0.07577180210996386,0.07389636005915509,0.0727966644214759,0.08120990746153224,0.08139062437097445,0.08210430673507003,0.08232545928706245,0.08232013792279054,0.0826524774008728,0.08311261362893664,0.08331676810952802,0.08299856958972159,0.08921248671147121,0.08938532259906527,0.09327065885567368,0.0938747011853528,0.0954033995195282,0.09653216547038573
2026-03-06,0.07543253864606542,0.07357107721836571,0.07184275156366156,0.08112780869450696,0.08130871593671361,0.0820422180813643,0.08228431313934394,0.0822555209815799,0.08257921781400696,0.08305799642553935,0.08327503929349374,0.0829309878877187,0.0892198938252921,0.08924204169851432,0.09328371621138012,0.09368025874439681,0.09591766143806767,0.09665741025649599
2026-03-05,0.07544803164860676,0.07356375483507926,0.07247010742934978,0.08114536536918672,0.081300709164679,0.08203492352503847,0.08226070613914825,0.0822414449585512,0.0825797290822831,0.08305867405136629,0.08326414997046772,0.08292484879452494,0.08921588228255352,0.08923746011002116,0.09325515035168036,0.0936877823795313,0.09592363268396138,0.09666112847578782
2026-03-04,0.07577180210996355,0.07374220471737612,0.07248423970138593,0.08093326915975892,0.08117478654925471,0.08180746303002531,0.08202490674479775,0.08194807696200763,0.08227785424195992,0.08276323333934217,0.0828881674396383,0.08256389676769336,0.08874130907179634,0.08887948844684364,0.09292672077408806,0.0933052209346435,0.09558011819254235,0.09630884458409576
2026-03-03,0.07577180210996398,0.07369402871621278,0.0714991470964509,0.0799921260870643,0.08109970472820868,0.08167033200986593,0.08192033296192147,0.08185312883458665,0.08213067863354155,0.08253879848883558,0.08275922159349698,0.08243507084655664,0.08860778929372069,0.08874217575810647,0.09273103448453,0.09317739311829346,0.09544556363428211,0.09616912588918936
2026-03-02,0.07577180210996398,0.07353254095243991,0.07135700608237579,0.07938267882551543,0.08080872464968734,0.08131131964998746,0.08170364538340395,0.08165788878664144,0.08192890764205078,0.082327282369973,0.08269016298808939,0.08224056890367298,0.0886787326383307,0.08868569052826411,0.09260308477943605,0.09305573761077164,0.09423047449697526,0.09514454789204985
2026-02-27,0.07432246027727052,0.07190274966496492,0.07027055926490813,0.07905189511872619,0.08008276686323533,0.08060289662901317,0.08090932529453396,0.08071780146629047,0.08112195530298782,0.08146318046454715,0.08199496095582912,0.0816977774814363,0.08750575248268642,0.08796651920355353,0.09176220820566505,0.0926222663148661,0.09394885426398716,0.09477811728808805
2026-02-26,0.07363497412460397,0.0718352004727177,0.07027055926490501,0.0790685761306625,0.08008549422150657,0.08060382534399903,0.08092116426831235,0.08070480716393041,0.08113214123010846,0.08145969543166216,0.08199023088255257,0.08169210428802594,0.08750206536410177,0.08792687857922327,0.09176754113148887,0.09262588318089664,0.09395166743281348,0.09477969893637685
2026-02-25,0.07284913452122596,0.07183520047271726,0.07027055926490501,0.07906857613066227,0.08002288431022063,0.080527799313052,0.08085399476078126,0.08063671547249507,0.08106868038487398,0.08140251226953259,0.08191027295432846,0.0816128427844806,0.08734094994518063,0.08782002680992113,0.09166807168573451,0.09245995486591951,0.0939443534696436,0.09475180927032131
2026-02-24,0.07284190847238602,0.07183520047271726,0.07012823187134189,0.07906857613066227,0.08002286909841992,0.08052779931305176,0.08085783246580515,0.08063671547249465,0.08106867181521774,0.0814025122695322,0.08192022244775474,0.08160975402430504,0.08738424576149113,0.08781444753644667,0.09166273837877484,0.09245728151557563,0.09394292234781446,0.09475205088148005
2026-02-23,0.07322746713637567,0.07182821567182768,0.07012823187134203,0.07906857613066227,0.08007907202936271,0.08060370996862416,0.08092500539231917,0.0807136845051772,0.08113387667544039,0.08146771419902248,0.08199645305313896,0.08169186184155477,0.08752125947501656,0.08790473493320965,0.09172652405665692,0.09255824281694718,0.09404597097180843,0.09485121223593039
2026-02-13,0.0732420731453063,0.06989460774340812,0.07076384362493122,0.07874706310644201,0.08002132644760832,0.08055446709530605,0.08082892349215608,0.08065292006363606,0.08105916129021126,0.08141467833126331,0.0819100897804587,0.08163001437786935,0.08745704179053224,0.0878335865592834,0.09164463356414167,0.09249001509161757,0.0939727793168566,0.0947759173836789
2026-02-12,0.07324207314530584,0.06989460774324849,0.07076384362504641,0.07876361737081972,0.08002132644760813,0.08055446709530592,0.08084069723911537,0.0806406447835352,0.08106780275398492,0.08141061784195472,0.08190541776001294,0.08162484125600394,0.08749661188476264,0.08782364396076256,0.09163909350738207,0.0924862589418395,0.09396984718254868,0.09477355720980228
2026-02-11,0.07481345126580524,0.06989460774324849,0.07076384362504641,0.07876361737081972,0.08001509801128405,0.08055446709530592,0.08084069723911537,0.08064953280166888,0.08106429392875325,0.0814187295831717,0.08190168820359511,0.08162149178258417,0.08742170141910575,0.0878373815808243,0.09164557852952668,0.09249065577729011,0.09397265767073613,0.09477740435286133
2026-02-10,0.0767688039768144,0.07011676026058396,0.07171195616889853,0.07876361737081972,0.08014787415921201,0.0807035097127525,0.08095901304072406,0.08080349785395292,0.08119949750258355,0.08155731309396919,0.08204449879480724,0.08177026196238744,0.08757310621051931,0.08790525779787266,0.09182470306398809,0.0926316537112888,0.09422717337856919,0.09501506347859456
2026-02-09,0.07695698664396763,0.07011010374334303,0.07171195616889912,0.07853252607697077,0.08013892175989203,0.08070256498913933,0.08095901304072405,0.08081323346410466,0.08120010643693175,0.08155673867689092,0.08204449879480728,0.08178305024768866,0.08753152023332265,0.08817378278829152,0.09211828508535612,0.09285788967901562,0.09452135409563804,0.09529166554110165
2026-02-06,0.077169390111698,0.07062858377674093,0.07138967333493704,0.07851606754577264,0.0802216676194662,0.08076299324000918,0.0810997604583596,0.08096018352203092,0.08141086817010314,0.08177270283795914,0.082272908206779,0.08208106407393533,0.08729950047598074,0.08801211267378631,0.09230477584807191,0.09332743722859489,0.09495151200526536,0.09567912004858703
2026-02-05,0.07540256287040656,0.07003949259551562,0.0710767950977844,0.07853252607697069,0.08001276359020887,0.080552475152588,0.08075551967561831,0.08057336630614087,0.08098494737079748,0.08133042742800622,0.08175442878497939,0.08148519288745887,0.08667053583610489,0.08743660540876465,0.09168653006080607,0.09276353494333012,0.09437794938057915,0.09509660942617608
2026-02-04,0.07481345126582879,0.07018436703898191,0.07123798393959328,0.0785325260769708,0.08011837294360673,0.08066455568053015,0.08086629009972791,0.08069774442552423,0.08108874029065362,0.0814401656587001,0.08186144095731265,0.0815857161385182,0.08668839851907205,0.08742519605452322,0.09167403163154535,0.09273862198534079,0.09444509455735879,0.09501631469509147
2026-02-03,0.07676880397627399,0.07014573487172036,0.0712379839395906,0.0787636173708064,0.0801854230478106,0.08066508755717058,0.08086629009972576,0.08068802388113569,0.08101244269042657,0.08137136336762642,0.08170920180880542,0.0814255565464404,0.08634506848791362,0.08737464043899347,0.09145160849465321,0.09273808347230898,0.09447304124464555,0.09501804677024253
2026-02-02,0.07185255900767391,0.06895099484879029,0.07012823187134243,0.07938267882548761,0.07900433615432202,0.07961597084729534,0.07982134949091339,0.07958466751682149,0.0799861698105165,0.08032838758901965,0.08067830613931885,0.08035108755927263,0.08527499583276711,0.08631603222193972,0.09038514254135087,0.09167488062229767,0.09339934422130199,0.09393492382755925
2026-01-30,0.07052563445569367,0.0685128492487563,0.06981505826308973,0.07782275878127257,0.07872891163263483,0.07940354242969266,0.07959748369465146,0.07950767385088703,0.07985389170407668,0.0801910697440795,0.08053656457773058,0.08033737552384496,0.08503095537089775,0.08590219985524528,0.0904083847187244,0.09177620809714064,0.09360551259219094,0.09408764585782554
2026-01-29,0.07038566651467912,0.0685128492487563,0.06981505826308973,0.07783893160342933,0.0787298367089556,0.07940354242969273,0.07960889773456364,0.0794956427357607,0.07985020764783192,0.08018712874354439,0.08053215050338047,0.08033232809716269,0.08498496612617834,0.08590398646949446,0.09046537985242258,0.09176187179122862,0.09359420279025979,0.09407953664802234
2026-01-28,0.06989423955829695,0.0685128492487563,0.06981505826308973,0.07780192638190139,0.07866597868472547,0.07932742829132518,0.07953210208120778,0.07942878048504706,0.07978465012499412,0.08011976688394146,0.08046278344705467,0.08025404687823318,0.08502788043660167,0.08581696218256765,0.09030955115197277,0.09169793441314154,0.09343709099847758,0.09393708267067856
2026-01-27,0.06939619307371565,0.06829051995925643,0.06981505826308973,0.07745030846239127,0.07830116869750742,0.07889271308341796,0.07923450903864528,0.07922186695268005,0.07957803242802913,0.07991612252587933,0.08032605313209425,0.0801226402464574,0.08497059075097077,0.0857784856456954,0.09030526775258767,0.09163814724676604,0.09337791348514009,0.09387931479803144
2026-01-26,0.0693208478102679,0.06960790547231294,0.06981505826308973,0.0773762678805334,0.07830154067909925,0.07887503589068101,0.07923450903863787,0.0792249220034136,0.07957824291570526,0.07990534735971398,0.08032605313209135,0.08013065387670987,0.08500125590916821,0.08577557470107579,0.09030192969002103,0.09163690826500831,0.09337961175930069,0.0938779742702805
2026-01-23,0.06891120696528547,0.06799081995402365,0.06949231780233207,0.07736028428657425,0.07830313642440892,0.07889674601395973,0.07923171580660004,0.07922819425511438,0.07957496773970929,0.07991466215307469,0.08033254218606656,0.08013599803007504,0.08495320397610474,0.08584125571990918,0.09023352389918217,0.09160563488854155,0.09341244735629489,0.09389999248997555
2026-01-22,0.06806560831797873,0.06799081995403843,0.06949231780232613,0.07745030846238435,0.07830648306437749,0.07889674601395984,0.07924302704561481,0.07921329466041456,0.07957266957067818,0.0799107346082419,0.08032798493557855,0.08012903342955666,0.08491665922127024,0.08571182098173442,0.09029920477011634,0.09152910938151974,0.09345255179964773,0.0941988720038593
2026-01-21,0.06806560831797873,0.06806816615503936,0.06949231780232613,0.07745030846238435,0.07838172532878518,0.07897184030628959,0.07931983559787753,0.0792988969178855,0.0796556954878644,0.07999320579245375,0.0804001591046807,0.08019159102003125,0.08492900185546229,0.08572900232680546,0.09009858250771674,0.09157814993520262,0.09364672912015694,0.0940833033441022
2026-01-20,0.06848842968044401,0.06810683814307375,0.06996690917374059,0.07755210531216668,0.07848349927642347,0.079085516455311,0.07942248894328047,0.07941023180093647,0.07975739048943475,0.08009589037982288,0.08050290173629009,0.08029976336022336,0.08516913868272073,0.08555424652292432,0.09046220622671866,0.09214180023130743,0.09378018899954313,0.09425015407054844
2026-01-19,0.06927824966424379,0.06840018335213423,0.06996690917374103,0.07762613287653783,0.07848032794385316,0.07908142901368653,0.07942248894328045,0.07940716983994617,0.07975559605304076,0.08009339930677774,0.08050290173629017,0.08030367711838844,0.08549672371318792,0.0865294442401449,0.09144780887542782,0.0924142966370834,0.09314819673609033,0.09383505066938441
2026-01-16,0.06915698745308052,0.06818417989437764,0.06965369777108615,0.07739729016119137,0.07826454334418072,0.07885607622637075,0.07926585853092659,0.0791880464862621,0.07953709346389641,0.08003350836356522,0.08036775881441716,0.08024741632871336,0.08497589593060167,0.08564275480064357,0.09159448542917377,0.09248811703763188,0.09318462683518734,0.09383468419011785
2026-01-15,0.06915698745308008,0.06818417989437742,0.0706025976070966,0.0774132888567099,0.07826454334418063,0.0788560762263706,0.07925212207691014,0.07917631432884834,0.07953291076424171,0.0800295626651383,0.08034692187876835,0.08024257023571037,0.08479106428690102,0.08532369898990236,0.09140564439178324,0.092283026238426,0.09298031042407855,0.09362970637080549
2026-01-14,0.06928478742042131,0.06847418504611079,0.07028953510600841,0.07726519672797813,0.07812295295033567,0.07870942374980226,0.07919319496574938,0.07912357900326378,0.07954743771647908,0.08004215577330487,0.08035223620656448,0.0802470709638049,0.08513845945243312,0.08542564135186607,0.0917244875704362,0.09260070309423957,0.09302381731473047,0.09371402931031987
2026-01-13,0.068301607072316,0.06840652090763541,0.06996690917374077,0.07726519672797824,0.07812683448207111,0.07871033192355148,0.07920170342913227,0.07912357900326389,0.07954963862195247,0.08004271171914643,0.08036490611237222,0.08024406505020677,0.0847004912637592,0.0854488594073773,0.0920334545400498,0.09265510566313839,0.09327773023495944,0.09390134152294134
2026-01-12,0.06829525302343709,0.06840018335213509,0.0696536977710861,0.07726519672797824,0.07812686412341956,0.0787104324632326,0.07920996569299786,0.07912357900326389,0.0795496554291859,0.0800427732653193,0.08037025842032386,0.08025006755906666,0.08461223283468056,0.08546047233864056,0.09219100470406505,0.09279641047333867,0.09270977943986378,0.09348011555416885
2026-01-10,0.06817377611843847,0.06840652090763576,0.06847299623793225,0.07725722647510655,0.07811222795720811,0.07869703851525907,0.07923547806820522,0.07912788557716023,0.07955147653861643,0.080044011067698,0.08039108601720013,0.08025298307902022,0.0843170315146054,0.08513781787561299,0.09196746691823757,0.09242184990601507,0.09243644712643294,0.09317044334434804
2026-01-09,0.06817377611843803,0.06840652090763553,0.06848562660209477,0.0772492584003745,0.07812733922082744,0.0787103319235495,0.07922941225322899,0.07912763397055664,0.07954574072429461,0.08003876915032841,0.0803914192431031,0.0802558911345733,0.08431887708994547,0.0851376278843455,0.09196942403960699,0.09242317419256292,0.09243744872437706,0.09317079777907789
2026-01-08,0.06891120696528395,0.06862883740899235,0.06870412399872125,0.07726519672797834,0.07812442770849147,0.07870734815755773,0.07923502724473386,0.07911501879445758,0.07953990064422752,0.08003299515670335,0.08038289179345756,0.08025040207266877,0.08396326541406945,0.0853673847109459,0.0926785025633292,0.0926147264727403,0.09194465880887262,0.09310930609323388
2026-01-07,0.06953054526970381,0.06869649408839652,0.06878011472391744,0.07741328885671105,0.07826306597153164,0.07884918683252498,0.07937707348309024,0.07926191014467565,0.07969663609072766,0.08018144310644364,0.08052006647567712,0.08054610412671591,0.0832568770218819,0.08551582302591972,0.09271073906891042,0.09306544086687314,0.09128504142024403,0.09265153040054065
2026-01-06,0.06953054526969932,0.06892844261514552,0.06878011472391729,0.07770015496124075,0.07855459226915396,0.07914103673840897,0.07959794687508462,0.07947150111155081,0.07982969298290811,0.08031303935922268,0.08051558190546057,0.08037216243755153,0.08239653155967663,0.08510338062140227,0.0922730579020555,0.09230208124948551,0.0918558050201322,0.09302714942798207
2026-01-05,0.07050665678417732,0.06914422619318099,0.06896057538809355,0.0779776889893524,0.0786916897213833,0.07935673556702913,0.07973719335166234,0.07953702290308319,0.08004549309693393,0.08045828152390713,0.08066454723343942,0.08051664862320891,0.08253283569170404,0.08524288814145994,0.09233243941371912,0.09246935192837576,0.0918883832124331,0.09314153027897938
2025-12-31,0.07087703393021663,0.06683994480528582,0.06704074535516151,0.07606113448972568,0.0770346318546702,0.07734102287206333,0.07772200597440078,0.07757372885301529,0.07820648251171636,0.0787107635359634,0.07907163956291963,0.07902338168623226,0.08136927468608596,0.08405509667183388,0.0910148923607919,0.09115381770330967,0.09066425919700524,0.09187789339703248
2025-12-30,0.07038566651468268,0.06683389262333145,0.06798527491217186,0.07606113448972512,0.07703654267655641,0.07734143442597931,0.07769599755188675,0.07757372885302995,0.07820756233462006,0.07871148919279576,0.07905516922668229,0.07902045032133534,0.08128465301878801,0.08406646522553912,0.09096830155593959,0.0910951082771418,0.09071606599226065,0.09191465891176277
2025-12-29,0.07037891997075095,0.06683389262333145,0.06798527491219004,0.07606113448972512,0.07703641741235989,0.07734143442597931,0.07769599755188668,0.07757372885302995,0.07820749154667789,0.07871148919279576,0.0790621486674881,0.07902630403292471,0.08128218955324644,0.08406663162604759,0.09096725336823303,0.09109557090114508,0.09061199204596404,0.09172810170040875
2025-12-26,0.07013996047999894,0.06683389262333145,0.0686280962203736,0.0758974497664729,0.07710338810572473,0.07740478434075343,0.07775171433161741,0.0776597541762908,0.0782011161583554,0.07870870656312,0.07904839884948074,0.0790311310516266,0.08125511276945388,0.08411771064471013,0.09096650334292337,0.09107640524730197,0.09052915834012168,0.09162614309806401
2025-12-25,0.0702185880307166,0.06691126903307645,0.06840331707375877,0.07656145946181943,0.07703719246252502,0.07741661831959036,0.07775112933770634,0.07762242733394986,0.07827796483175116,0.07878238584376036,0.07912189591311063,0.07907891316824578,0.08122452922761399,0.08413782658208008,0.0909912274005496,0.09110218134526661,0.09038493045150865,0.09164043115656353
2025-12-24,0.07073945705474953,0.06624379931171558,0.06792825899708911,0.07569963293225972,0.07666802057609057,0.07697766414083435,0.07733228741485515,0.07722212655735843,0.07784240297495322,0.07835118580202072,0.07868925642187391,0.07866172771919724,0.08080572099261422,0.08368311161222922,0.09030510364130774,0.09039366514411341,0.0899738434540516,0.09109220860260564
2025-12-23,0.07017927444590641,0.0664663139028155,0.06769066641313691,0.07563473420202878,0.0762370059713312,0.07653633342553864,0.07688668013653438,0.07678144151381598,0.07749183143250984,0.07807178098327072,0.0785634232325213,0.07837349903827212,0.08051954926115028,0.08339539116598381,0.09001029856134629,0.0901019838379685,0.0896841559964598,0.09079805655823658
2025-12-22,0.06904235244039814,0.06616639714472869,0.06745303144528546,0.075273078439431,0.0760999659456255,0.07639730239299808,0.0767485963677381,0.0766416677752061,0.07735400610995892,0.07785373244274162,0.0783520999964338,0.07816651807441134,0.08023000673101369,0.08319124614959648,0.08978506030785774,0.08989460418152591,0.08947808764036412,0.09058327998834946
2025-12-19,0.06835077175095838,0.0653050964946186,0.06612873662159549,0.07479427238928117,0.0757353011986808,0.07602434320515129,0.07633535857148423,0.07637510551985113,0.07698697910147215,0.07742467369855267,0.0778584312979701,0.07773862134304733,0.07980409458143428,0.08275985362736936,0.0892963964980074,0.08942730667428109,0.08907585956600185,0.09016411550049395
2025-12-18,0.06806560831797559,0.06515989703146212,0.06566465717148488,0.07467002802786381,0.07559503897732989,0.07589563579393492,0.0761971991305302,0.0762142701688206,0.0768434075649176,0.07726992755182575,0.07772385700913535,0.07759474502047702,0.07963013952168642,0.0825971479617011,0.08913379089047227,0.08941137914200403,0.08885621882207724,0.09002334510514697
2025-12-17,0.06806560831797875,0.06515989703146412,0.06566465717143696,0.07473498939446276,0.07559503897732942,0.07589563579393366,0.07620773601961302,0.07621962462869544,0.07685121131133106,0.07726623324405854,0.07771959335311641,0.07758973305426944,0.07971385851235405,0.08262329475993269,0.08899450075631263,0.08925774046381164,0.08911468365865684,0.09022760443518409
2025-12-16,0.06779025907966348,0.06508245301909915,0.06566465717143696,0.07467002802786483,0.0755206945691711,0.07582035512091029,0.07613077186724922,0.07615470961562236,0.07677697402394255,0.07720867771038238,0.07764023550764755,0.07751198142739192,0.07971363608493508,0.08258573238933192,0.0889282101521264,0.08916360589625372,0.08902581896235653,0.0901426482255608
2025-12-15,0.06834440857748794,0.0653825319100454,0.0659026113513052,0.0749484041775007,0.07559385137686163,0.076035762173894,0.07634596002455495,0.07621116791084293,0.07685053921130491,0.07726497456394468,0.07771164357904731,0.07758680012344596,0.0796341210526863,0.08260726324141988,0.0889752723894682,0.08927314333762404,0.08912910371105087,0.09023655009471056
2025-12-12,0.06848842968044411,0.06538253191004138,0.06589090887932812,0.0749333957805599,0.07559342619921026,0.07602333459408354,0.07634125465918136,0.07614820435784501,0.07676825785489236,0.07719680657737499,0.0776325724962654,0.07743565711637251,0.07940085773926595,0.08231400408472522,0.08871332808308846,0.08906045668523549,0.08891163202914901,0.08988591953623425
2025-12-11,0.06848842968044411,0.06538253191004138,0.06590261135130003,0.07494840417748556,0.07559342619921026,0.07603576217387811,0.07633539395910935,0.07613581024091272,0.07676436441665374,0.07719210684177023,0.07763261632924792,0.0774300024323311,0.07939737443501496,0.08228666758033336,0.08875708571875175,0.08897018598417221,0.08866416449495017,0.0897070332750616
2025-12-10,0.06792793603565263,0.06523733805337238,0.06531240696088385,0.07480922578933527,0.07544477159042705,0.07589462536048708,0.07621672176817318,0.0759949500098809,0.07663345054721542,0.07703829080190072,0.07749574213680709,0.07728847727500683,0.07915264344520569,0.08209355781522515,0.08827281206580202,0.08859620941740809,0.08850674103024994,0.08948547112673588
2025-12-09,0.06809510891331141,0.06475328259892023,0.06507434732084957,0.07484634192023297,0.0754441352289571,0.0759009418751823,0.07622279599105611,0.07599348384600957,0.0766330907461324,0.07704946519399268,0.07749630401057354,0.07728469232581436,0.07915222392178148,0.08209324380944505,0.08827145212373481,0.08859634804944658,0.08842344692392992,0.08941689024107784
2025-12-08,0.06749884910840759,0.06441437425119657,0.06483624513009112,0.07438229123908666,0.07493721927409538,0.07539028674095473,0.07577655912125868,0.07564539868070017,0.07627559273296132,0.07670101253913172,0.07714048873539525,0.07717173492646384,0.07902358703059191,0.0819631785562171,0.08813556085246566,0.088379822736967,0.08817506381982414,0.08920763355307619
2025-12-05,0.06624599017686876,0.06370732391588162,0.0651771689236518,0.07372701267986537,0.07399882776205567,0.07458589159635425,0.07495523883516667,0.07485477867838992,0.07552401574129841,0.07602383611735263,0.07636775476952047,0.07642471546926217,0.07833952188128228,0.08129293176114831,0.0874549820906849,0.08764871764831278,0.0873860673638727,0.08851353442886717
2025-12-04,0.06582293494680885,0.06362982378966135,0.06518862125745639,0.07337920623976801,0.07367954563654981,0.07418842723884601,0.07461233897855371,0.07451960807021078,0.07520269321072208,0.07562367941049078,0.07596505081574961,0.07601521631168542,0.07811367129731847,0.08083967277639449,0.08703024831424813,0.08723151627661416,0.08724222184529233,0.08832140483260933
2025-12-03,0.06596067870407783,0.06362982378966135,0.06495053949294431,0.07327698369271528,0.07367903392458838,0.07418842723884571,0.07462832633925447,0.0745311151463675,0.07520991227280534,0.07562013363025982,0.0759647316882368,0.07601491311507526,0.0781260909909179,0.08093547908011577,0.087225631787547,0.08720478556928818,0.08693917309999684,0.0882338217159819
2025-12-02,0.06465192408279441,0.06281589159565837,0.06417330997612802,0.07291447407529249,0.07288136911036396,0.07339666573899317,0.07390665582021534,0.07381180501498723,0.07426936802218023,0.07475113750142283,0.075012798100565,0.07498631194406552,0.07716450417231928,0.0799384538630947,0.08599963357620133,0.08607559822868112,0.08588277107509582,0.08712239688066778
2025-12-01,0.06381957402144466,0.06053706302980679,0.0632147787982451,0.07134207873753923,0.07136287152663262,0.07180047897096002,0.07215862232043814,0.0721628388487812,0.07282902665426691,0.0732503719789116,0.0735839476382572,0.07357450743115598,0.07574869256137443,0.07859752031793836,0.08442946625153132,0.08468516242500072,0.08449114473068353,0.08560480946706336
2025-11-28,0.062287732192554596,0.0595713760783915,0.060643627589750664,0.07272367269312872,0.07063892146197008,0.07100842165638442,0.07139111121702153,0.07137435851218177,0.07192946204859435,0.07240925240279035,0.07270500124303331,0.07285150956527697,0.07508535556973454,0.0778641949574944,0.083523716792832,0.08392889277301563,0.08375592906647908,0.08485411534996389
2025-11-27,0.06176668501049219,0.059571376078371346,0.06064362758946893,0.0724588269180771,0.07041729433485117,0.07078839298006782,0.07117860769681941,0.07114939421906774,0.07171055114530517,0.07226743106123336,0.07263186332945466,0.07278280904676754,0.07501436967164336,0.07779072915807382,0.08350344348667459,0.0836379536809182,0.0837483956680406,0.08482387825048841
2025-11-26,0.06221955307107118,0.059571376078371346,0.06064362758946893,0.07273781920844515,0.07042790327979805,0.07078839298006782,0.07117860769681941,0.07114578822424475,0.07170748216641137,0.07227394226194532,0.0726288698820901,0.0727730464111781,0.07501019560714195,0.07779014839270539,0.08309062773628763,0.08366980626269942,0.08386076727920724,0.0849025829949038
2025-11-25,0.06138269115795676,0.059425737140537324,0.06046204077256409,0.07262623163252731,0.07021327161128117,0.07057008933080917,0.07110572738038207,0.07111130432519495,0.07168585440494464,0.07228486069477472,0.07264132906034435,0.0727753438959748,0.07501349042472007,0.07779261305325563,0.08323632513201216,0.08363133459228655,0.08383197107924567,0.08488365644137821
2025-11-24,0.06053580412156541,0.05875097953304299,0.0598693227139946,0.07169585061197087,0.06970506198334744,0.07020471391040131,0.0705986764481802,0.07076909042323028,0.07125824140297977,0.07185108056559766,0.07229559559744443,0.07221069107758776,0.07444161998559613,0.07722089381003586,0.08268117330751912,0.08304634504142877,0.08325117874495985,0.08429346542162502
2025-11-21,0.05982673560101626,0.05852254088436312,0.05972588369888704,0.0712167622679576,0.06948370285968553,0.07006410231942449,0.07044817584990774,0.07064743063733024,0.07111135527541154,0.07169771184179657,0.07214561334288999,0.07207577061772052,0.07430265108706549,0.0770757906428786,0.08230017660238409,0.0829627311956031,0.08314935567800011,0.08417359762872564
2025-11-20,0.05911291637606065,0.058075649076264994,0.05920937578799257,0.07110926581038324,0.06881725020481884,0.0693322037878528,0.06958131335114542,0.06981854116123833,0.07031285116085562,0.07085943987851799,0.07131233333485576,0.07119075309235055,0.07346928049591321,0.07624094348519438,0.08169305105797675,0.08202929608791994,0.08217664844469276,0.08324491820320933
2025-11-19,0.058970311725143165,0.058075649076264994,0.05920937578799242,0.07110926581038324,0.06882949583528107,0.06933220378785265,0.06958131335114542,0.06982496924632361,0.07031133748923425,0.07086571441576227,0.07130942934505002,0.07118786140722573,0.07379632331258425,0.076631363239822,0.08179984696991822,0.08244391006791206,0.08253053953033769,0.08356328908091717
2025-11-18,0.05896557306991928,0.058075649076264994,0.05920937578799242,0.07110926581038324,0.06882947373642648,0.06933220378785265,0.06958131335114542,0.06982496924632361,0.07031789419017834,0.07086571441576227,0.07131523034359502,0.0711855272497835,0.07379654368727831,0.07663152837129378,0.0817989863721338,0.08244419250266556,0.08253112240345552,0.08356453808657274
2025-11-17,0.05923642757031869,0.05810993133581753,0.05933373852243871,0.07076460317636395,0.06886630732823684,0.06936994494058918,0.06961705535478827,0.06983742634867936,0.07031574882472971,0.07086369055302459,0.07131154244316246,0.07088787967420747,0.07349687531031406,0.07633493195355368,0.0814985745933119,0.0820698879475638,0.08218720666850937,0.08327510296789264
2025-11-14,0.05884824514087684,0.058473970484874946,0.05933373852243856,0.07121676226792477,0.06886196065955058,0.06936581283486143,0.06960817817875109,0.06982700437613451,0.07031581807008448,0.07085802115531742,0.07131219969607336,0.07088327679967964,0.07346380532661209,0.0763346784329226,0.08147603012836363,0.08200052768814933,0.08222014476217754,0.08329752439894636
2025-11-13,0.0582404223132417,0.05847397048487383,0.05933373852243856,0.07123033529687445,0.06864048231832223,0.06914557565816924,0.06924057248913087,0.06944738170738843,0.06979288054902237,0.07040938337417836,0.0709466250253011,0.07058428492985505,0.07316808855901352,0.07603808188660076,0.08117844516532921,0.08170472884969447,0.08182644871603133,0.08294314906194988
2025-11-12,0.0578757974036197,0.059493703287063465,0.05933373852243856,0.07146312004247687,0.0687293301815549,0.0692006214500968,0.06931780189175786,0.06952256634802487,0.06986743149649112,0.07047455256684415,0.07101007810355997,0.07065221912582131,0.07321905704551133,0.0761391134072363,0.08121009625998918,0.08166438651906839,0.0817560370487879,0.08297513818350823
2025-11-11,0.05708730464273796,0.059250956529995985,0.05917110800387423,0.07146312004247399,0.06873216877400282,0.06920347396119811,0.06932154068706467,0.06936810553540394,0.0697971510470965,0.07036746372803579,0.07090837271465285,0.07057733013771046,0.07314570069134532,0.07606509623505305,0.08099014755242769,0.08155084888074408,0.0815818074657354,0.08280613528887941
2025-11-10,0.05649583221560212,0.05900345742160539,0.059888446753164355,0.07071801803235521,0.06865846022738624,0.06913968513273354,0.06922783870569764,0.06931758611375635,0.0697230418273795,0.07029320300086514,0.07082128950004028,0.07053361868113314,0.07304707297467805,0.07601278668206796,0.08101118947005773,0.08147058295614436,0.08150708840461177,0.08273121549411064
2025-11-07,0.05648713076105082,0.0585225408843657,0.05941026368667612,0.06785053490578095,0.06825464325168189,0.06873320193689202,0.0688922789925135,0.06901748388153874,0.06932807217263641,0.06993526132068736,0.07034527034959387,0.07012620226726055,0.07279756313102867,0.07573286603723718,0.08066936474623511,0.08106062774640119,0.08053552156885496,0.08198009374902122
2025-11-06,0.056692999489107956,0.057064919775060674,0.059410263686672404,0.0701028906543444,0.06854177559561206,0.06904718606280845,0.0692002013828324,0.06922702643390022,0.06968356300278272,0.07026618237884098,0.07070756076755642,0.07035361100274935,0.07306622570696147,0.07593996008004478,0.08095549301996233,0.0813331380068389,0.08084777724619224,0.08229511285383583
2025-11-05,0.056692999489107956,0.05803678423832041,0.059410263686672404,0.06796564620499346,0.06833539592852621,0.06881549872898826,0.06897816504709023,0.06908757912325518,0.06946466838959219,0.0700473029430498,0.07048532784853193,0.0701830096891782,0.07283811723891127,0.07569569421415583,0.08067352142716513,0.08103582556765855,0.08063028934403724,0.08203422319410672
2025-11-04,0.056495832215593726,0.058036784238321086,0.05893190953440913,0.06775073582243513,0.06818437758841694,0.06867182081514349,0.06884427033326648,0.06894049774409293,0.06933057238291959,0.06998424661676447,0.07035495947671734,0.07012318492896238,0.07277777686052624,0.07563381441202985,0.08055670734675938,0.08090885594869424,0.08052700825029177,0.08192949394619105
2025-11-03,0.056495832215593726,0.05778933038015735,0.05869266826284536,0.06761055199009537,0.06811799312824698,0.06859823864895169,0.06877247783815699,0.06887778590832082,0.06925484573152665,0.06991025802562327,0.07028217571847353,0.07013447004176253,0.07278015809464349,0.07563729681788475,0.08049321185255512,0.08089746228868051,0.08049639107583358,0.08186952695818936
2025-10-31,0.05648713076105126,0.05777574110181613,0.05845338417397566,0.06724321519904938,0.06766662294143691,0.06815817822162966,0.06840236587272315,0.06841053305189643,0.06886154353592423,0.06951096240778497,0.06992365878656787,0.070091209758564,0.07272645779695062,0.07557509679857172,0.08040468565493479,0.08083618071412048,0.08043023013228402,0.08179880476870292
2025-10-30,0.05649583221559342,0.0577712132311375,0.058931909534209174,0.06681580553106702,0.06766079682925859,0.06815858784018039,0.06840008329429978,0.0684158230086271,0.06885908005151943,0.06951160248465746,0.06991317887220123,0.07009720731012989,0.07273020536018622,0.07557667029295792,0.08027741879452265,0.08068908572195868,0.08033090725551191,0.08164324593238115
2025-10-29,0.05694930229662353,0.05790591847588432,0.05699761445825038,0.06581446115480166,0.06687348378462091,0.06749510475520609,0.06776749787915227,0.06785740260005729,0.06843457769461549,0.06900111191554718,0.06966019761961223,0.06991683664021149,0.07253851960609704,0.07538074606601236,0.07978436230831043,0.0804017614851679,0.0798459575814241,0.0811488103329728
2025-10-28,0.0570873046427312,0.05790591847588432,0.056997614458213865,0.06581446115478701,0.06687300092424558,0.0674951047551965,0.0677674978791422,0.06785740260004836,0.06844054134233521,0.06900704212054365,0.06966577597774734,0.06991447453964669,0.07253892310650072,0.07538104878676717,0.0797446703945013,0.08039703809348603,0.07985957659183814,0.0811589517098678
2025-10-27,0.05741257689538308,0.0581442016082011,0.05692095107343673,0.0659923432009563,0.06709015543493944,0.06773204957881093,0.06806881732394734,0.06811256578764198,0.06872530132869789,0.06929213066177793,0.06998301526657921,0.07032416014280451,0.07293731807197931,0.07580439626405516,0.08016938316243938,0.08078895005278819,0.0800210090037471,0.08133406907066293
2025-10-24,0.05724593622089455,0.0579059184758883,0.056853867005572545,0.06565308500648781,0.06682898418211526,0.06755234537118478,0.0679168408232274,0.06794393041916455,0.06856988564121148,0.06921316961156378,0.06993145056504248,0.0703461029761134,0.07295252005808239,0.07577821658116472,0.08026323157813356,0.08070091429456648,0.08003842763704448,0.08134586800913336
2025-10-23,0.05725487246694694,0.0581487885752808,0.05689220117079463,0.06577700827067577,0.06682335394411935,0.06755938996162678,0.06792450057591186,0.0679297995013984,0.068567287889279,0.0692073494702606,0.0699273083390124,0.07033866580770859,0.07299015050432484,0.07588391134824117,0.08039511445622402,0.0807654359751684,0.08010521770310332,0.08130595532183478
2025-10-22,0.05708730464273114,0.05863444055545278,0.05651839616760383,0.06552416460641641,0.06691096798182719,0.06763043988139655,0.06800058068351007,0.0680225577885617,0.06863857246622569,0.06923721071563388,0.07004684882694936,0.07045893473141374,0.07310950967311888,0.07602754603441905,0.08015637590844538,0.08051277170641646,0.08027863312546438,0.08157435482827392
2025-10-21,0.05626907773687173,0.05730347367993759,0.05637459717969842,0.06552416460641708,0.06691383284371513,0.06764585695043634,0.06800382387770955,0.0679450817827344,0.06856809563840813,0.06909428850538622,0.06989470384812126,0.07022915938296931,0.07297154258669528,0.07598080329275232,0.08001236748561211,0.08034308376433241,0.0803074631783275,0.08157651437693503
2025-10-20,0.056347950329851036,0.05730347367957578,0.05637459717969842,0.06552416460641708,0.0669135566605372,0.06764585695043639,0.06800382387770948,0.06794508178273369,0.06856793756663451,0.06909428850537461,0.069894703848104,0.07023395925468795,0.07296911255559764,0.07601537994820656,0.07995377594249219,0.08035299740962894,0.08031681480967265,0.08147027168265214
2025-10-17,0.05626044582019446,0.05730347367957578,0.05637459717969842,0.06551265726457671,0.06690837917027044,0.0676359525292947,0.0679952466343183,0.06794912046781931,0.06856898360393206,0.06909539472335613,0.06989545946956677,0.07023910165879732,0.07314301278282546,0.07614622203964369,0.0801784177828045,0.08042702891706324,0.080183990074103,0.08146174201553288
2025-10-16,0.05602259077697482,0.057546416742983796,0.05622119454357909,0.06538366827509731,0.06635308918938937,0.06716373281407009,0.06752392878728752,0.0676047176695347,0.06832368663673147,0.06892193793016652,0.06980633504390696,0.07013360379808552,0.07310893866196819,0.07614219317143858,0.07992556569384233,0.08035996961869854,0.08020683877683529,0.08146180281561576
2025-10-15,0.05536193019916222,0.056613354861287775,0.05607736358524664,0.06491520455846511,0.06592943607086606,0.06677169741017068,0.06712107634315523,0.06729808400561944,0.06800443352430922,0.06848727291084009,0.06943427727787885,0.06969576553054571,0.07270709770673683,0.07570646000410243,0.0795608005377662,0.08002190042400538,0.07986420186677357,0.08099878776233599
2025-10-14,0.055361930199160456,0.05620500374120957,0.05574169783080727,0.06469026399904693,0.06577743934623834,0.06658453231198175,0.06702217505956684,0.06730592412732089,0.06785968878722462,0.068355603425556,0.06929966349754671,0.06961842536025693,0.07263257479170424,0.0756199976107476,0.07947301002110897,0.07987501263594948,0.07982012633460311,0.08094443834409867
2025-10-13,0.055361930199160456,0.05685638153401672,0.0557416978307954,0.06469026399904082,0.06577743934623563,0.0665771075096581,0.06702217505956543,0.06730592412732093,0.06785968878721543,0.06835101146288249,0.06929966349753547,0.06962315762349629,0.07263015464795404,0.07566613999778311,0.07947753832349623,0.07979068537997253,0.07968929583809292,0.08082819813609625
2025-10-10,0.055361930199160456,0.0561077650276054,0.055156478869862864,0.06432290709352943,0.06537305411235013,0.06609651355924019,0.06654333231500086,0.06683785391945894,0.06738553547424307,0.06780315989779372,0.06875098711446839,0.06911747902151565,0.07212552821713893,0.07551404888390646,0.07880656124700182,0.0792683532179109,0.07907435153289766,0.08024953798374337
2025-10-09,0.055361930199160456,0.05610776502759894,0.05515647886985663,0.06433400460048974,0.065367738941262,0.06610597425528694,0.06655155318267332,0.06682762004979699,0.06738310091801741,0.06779922248638538,0.06874743179713284,0.06911281974159712,0.07206975113664922,0.07519342839007545,0.07868083378328343,0.07917090223081562,0.07897332339189557,0.08011545279660534
2025-10-08,0.055115386871625247,0.05610776502759894,0.05515647886985663,0.06433400460048974,0.06537921165944963,0.06610597425528694,0.06655155318267339,0.06683383310010983,0.06737927482134642,0.06779634140975702,0.06874468386587858,0.06910991737763178,0.07181630331335785,0.07522543317787732,0.07836582531630355,0.07916580541741915,0.07887643121582502,0.08020617525222172
2025-10-07,0.055115386871624365,0.05591327345506642,0.05507970983859071,0.06433400460048974,0.06537921165944954,0.06610817500511318,0.0665532464834695,0.06683383310010983,0.06738536880224257,0.06780345676729871,0.068751291645219,0.06910758518553738,0.07185900740583996,0.07519778832475771,0.07848115962468097,0.07906027536023544,0.0788050807098373,0.08025418395105026
2025-10-06,0.055115386871624365,0.05591327345505974,0.05507970983858908,0.06433400460048974,0.06537921165944954,0.0661081750051131,0.06655324648346954,0.06683383310010983,0.06738536880224251,0.06780345676729867,0.06875129164521893,0.0691122427526591,0.07181437603986335,0.07522570548470789,0.0785446429167114,0.07904353435132211,0.0787943480753228,0.08024525294277812
2025-10-03,0.05510710445310833,0.05591327345505974,0.05493575602293582,0.06432290709352635,0.06533597894938617,0.06603156338564259,0.06647081848563487,0.06668297835960735,0.06724042968628138,0.0676488557784134,0.06852770270087484,0.06889380175734001,0.07159836636058829,0.07508659288032403,0.07807011933967051,0.07887991102331271,0.07861654839529497,0.08005080493880154
2025-10-02,0.05510296448684609,0.056438357419613186,0.05493575602293582,0.06433400460048982,0.065330776474227,0.06603507631093625,0.06647903171926772,0.06667262080995225,0.06723805842970004,0.06764130564422526,0.06852418065769668,0.06888900554264095,0.07159536253744138,0.07505998361876509,0.0782274104980593,0.07876642287955789,0.07861481696464341,0.08004939116156484
2025-10-01,0.05509882534887294,0.05591327345505761,0.05471499673117283,0.06415582729462224,0.06516080697375053,0.06585869838595092,0.06630007558050774,0.06650081711570097,0.06705446040408489,0.06746158973341357,0.06834296601337686,0.06878868262934061,0.07151701964441086,0.07502843553124247,0.07786632118133381,0.07864156249774326,0.07859735217434058,0.08044521960757353
2025-09-30,0.055168846614382344,0.05572297717937772,0.054599803498530525,0.06394009649226025,0.06493953755487505,0.06563018226303456,0.06600266326050416,0.06628533059857952,0.06684141756940606,0.06724982350447503,0.0681335083811098,0.06864131088152055,0.07132835362141693,0.07482758657189746,0.07768983439865018,0.07843450774987937,0.0784881228023877,0.08032038218671682
2025-09-29,0.05462632307104607,0.05547559844160986,0.05445579799951299,0.06390257334063035,0.06494134361007595,0.06563303908352716,0.06600581271080144,0.06628661794210196,0.06684245502236867,0.06725158526463297,0.06813558666408093,0.0686468039890837,0.07134752813566295,0.07482539447559078,0.07768726365179374,0.07835811705363846,0.07851577585986297,0.0803382244564966
2025-09-26,0.05462632307104028,0.05547977606608899,0.05415813747452007,0.06389162260259626,0.06471227012364515,0.0654121554582841,0.06562687916884245,0.06584521962205296,0.0664664974412819,0.06688156659737522,0.06776728528583006,0.06829143186054552,0.07099307035189362,0.07446580580863306,0.07731667979616305,0.07797196936781091,0.07816802349567208,0.07997742050124751
2025-09-25,0.05462632307104028,0.05547977606608899,0.05415813747451977,0.06390257334063028,0.06472270653041533,0.06541215545828365,0.06563489301404728,0.06583480435493355,0.06646245365995716,0.06687876851275024,0.06776406007369178,0.06828650743160994,0.07074729333398894,0.07450165795417049,0.07724480473512085,0.07791695356730483,0.07818844715400593,0.08004021114338056
2025-09-24,0.05462632307104028,0.055401945514863916,0.054081311096403774,0.06372431914006554,0.06464665074541749,0.06519226001919509,0.06556881495645446,0.0656917825441289,0.06647126561214363,0.06689400460476853,0.06776549298633516,0.0682952702582579,0.07088134387311103,0.07452982972506524,0.07687259367916498,0.07766927036766727,0.07787407926217724,0.08001384706594714
2025-09-23,0.05462632307104028,0.055401945514863916,0.053783567177020576,0.06343341510777746,0.0643518950493088,0.06482747961577486,0.06527521184134816,0.06541084899738647,0.06617845230296314,0.06660203153955023,0.06747841660362763,0.06808239671969793,0.07058491310784389,0.07432547627906286,0.07666306068169117,0.07741278765361452,0.077677095116158,0.07980504737737888
2025-09-22,0.054300773718491985,0.055397779549505345,0.054081311096403656,0.06372431914006545,0.06464772949535329,0.06519243927879091,0.0655688149564543,0.06569178254412854,0.06647188458047093,0.06689411531401247,0.06777083954055628,0.06829755209935295,0.07072112292367452,0.07454822972178192,0.07688420219232255,0.07755852877713253,0.07792514475037787,0.0800493334436898
2025-09-19,0.054300773718491985,0.05572297717936672,0.05371632550147493,0.06342262288784868,0.06427610370510178,0.06482395299706666,0.06526872895845327,0.06541523798932918,0.06617975909346788,0.06659707337548436,0.06748014737243488,0.06809228522240632,0.07063987668655956,0.07440062553011381,0.07672587214547484,0.0774132811899989,0.07787119252329114,0.07997750854066499
2025-09-18,0.054300773718491985,0.055722977179378366,0.05371632550146306,0.06343341510777734,0.06428640108690659,0.06482395299701715,0.06527666576249452,0.06540493392424476,0.06617571647886035,0.06659428980707043,0.06747672779582006,0.0680873554154981,0.07056294311790433,0.07444013584673911,0.0766874734470255,0.07742296516272096,0.07787856874609152,0.07998255792468847
2025-09-17,0.054300773718491985,0.055722977179378366,0.05371632550146306,0.06343341510777734,0.06428640108690677,0.06482395299701715,0.06527666576249445,0.06541084899738633,0.06618159353740118,0.06659985072084512,0.067474071937209,0.06808467608823987,0.07051051752300952,0.07441428262085743,0.07663190084632976,0.07741490285675993,0.07784847344404386,0.08009065317734647
2025-09-16,0.05380746677137186,0.055722977179378366,0.05363947373105734,0.06343341510777734,0.06428802638393694,0.06482395299701715,0.06527832757027673,0.06541084899738628,0.06618252730586748,0.06659985072084507,0.06748047575193804,0.0680823967196978,0.07051106169575015,0.0744493191816707,0.0766387289045723,0.07740818535459876,0.07776804179437916,0.07999453180771414
2025-09-15,0.053807466771367406,0.05571876301902228,0.05363947373105749,0.06343341510777734,0.06428802638393677,0.06482422999608822,0.06527832757027673,0.0654108489973864,0.06618252730586749,0.06660002201373176,0.06748047575193804,0.06808694886288297,0.07066678044957476,0.07441936667112437,0.07661332957461775,0.07738846977337256,0.07780925602440217,0.08002825285682244
2025-09-12,0.05258380366990779,0.053026669550526935,0.053120608703214674,0.06305664951507957,0.06391088880103558,0.06433489473935877,0.06483629980541429,0.06504964136290316,0.06582431997396988,0.06625030850307673,0.06720832584192951,0.06780716514461281,0.07036305883048523,0.07429421698513064,0.07640504030942209,0.07705668801299742,0.07748452937342856,0.07964820472922793
2025-09-11,0.052583803669906004,0.05302666955050768,0.05312060870321349,0.06306731882497438,0.06392108959722288,0.0643348947393563,0.06480541548368655,0.06503925176313434,0.06582031372586897,0.06624753075619155,0.06720657488918601,0.06780221373686607,0.07028612028288495,0.07426446349869784,0.07635173871761736,0.07703516264317359,0.07751787042936087,0.07956265432251641
2025-09-10,0.05254432445056256,0.05282210924323822,0.0529572206224697,0.06272926479494115,0.06346450369073507,0.06387594293042527,0.06436345433076915,0.06468797727511538,0.06544117011493172,0.0658769489607722,0.06687578715727953,0.06740242384493969,0.07002734212053745,0.07383045635491872,0.07581614854051014,0.07652864572389385,0.07720343617295441,0.079216579999105
2025-09-09,0.05240614412267898,0.05282210924323822,0.0529572206224697,0.06265412615505066,0.06338881859014675,0.0637990696163442,0.06428597776212873,0.06461290977866498,0.06529711627122357,0.06580080581453979,0.06673439157140469,0.06724476031043464,0.06975828010981033,0.07367889643461621,0.075648055406335,0.07636036927739688,0.07707193342131102,0.07907566407518844
2025-09-08,0.05240614412267898,0.05259428648310096,0.052813038085499656,0.0623629105872821,0.06310327704434085,0.06347480039965188,0.06395974184052959,0.06454504705667496,0.06522930077830809,0.06574624790095837,0.06675084161389364,0.06725958060825628,0.06984672930877095,0.07377786045542035,0.07570432227006842,0.07643216538358309,0.07716328590032889,0.07916300711688191
2025-09-05,0.052988443265408726,0.052373952238356766,0.052659226239306106,0.06207066669605587,0.06279644710897717,0.06302535927313944,0.06357770433726403,0.06418996543926228,0.06509014335943981,0.06560469783648155,0.06677040540323018,0.0672886175381103,0.06986628859242591,0.07377840548511061,0.07569288607100542,0.07644698906775095,0.07717303105941223,0.07916972112496905
2025-09-04,0.052988443265413625,0.05237395223835587,0.05265922623930551,0.062081008300016796,0.06280628234018498,0.0630253592731416,0.0635852206792819,0.06418012763394194,0.06508631788887392,0.06560194565051382,0.06676692150531777,0.06728412080851903,0.06986347451818159,0.07397112566339557,0.07581524050514116,0.07638825319224316,0.07712799271658856,0.07913755159028583
2025-09-03,0.052988443265413625,0.05237395223835587,0.05265922623930551,0.062081008300016685,0.06280628234018498,0.0630253592731416,0.06358522067928184,0.06418583919942518,0.0650920412248823,0.06560744409886955,0.06676427585719336,0.06728101836855174,0.07004284967011287,0.07424175138962485,0.07594609387362584,0.07647803901176671,0.07731757969032836,0.07910792641178552
2025-08-29,0.05285858270817288,0.052203240955839954,0.052582313680092856,0.06198003739892754,0.0626610871404802,0.06295627770916318,0.06350184123651227,0.06412477254752566,0.06502119745261885,0.0655435962913422,0.06669483240731006,0.0672305556789216,0.07001639636480404,0.0742459221139599,0.07589722038759224,0.07640005511127804,0.07724240192600856,0.07903257496563688
2025-08-28,0.052866204430531125,0.05138142007561836,0.05251501156111834,0.06157338383471468,0.06198966179526092,0.062484606460081055,0.06314261401290872,0.0635276040923327,0.06467035378024542,0.0653043622985842,0.06658828893661099,0.06717593924816181,0.07005970548898227,0.07417843255668934,0.07589540219205768,0.07654117032306205,0.07714273507928694,0.07897692268159498
2025-08-27,0.052866204430531125,0.0514568004347837,0.052582313680092946,0.0615733838346736,0.06199922922760215,0.06247988212007187,0.06314120829702845,0.06353319132690474,0.06466682854929133,0.06530170334986322,0.06658469945929049,0.06717302972463172,0.07018662421828856,0.07425900748729838,0.07594585516384936,0.07662337500910965,0.0772608532504604,0.07903787727702816
2025-08-26,0.052491216691037755,0.0514568004347837,0.052582313680092946,0.0615733838346736,0.06200044297406754,0.06248837711934081,0.06314120829702845,0.06353319132690474,0.06467321534046677,0.06529821848810771,0.06658997585095529,0.06717075360608177,0.07024000462583098,0.07429961367673688,0.07604856243377789,0.0765276368048684,0.07734839464941873,0.07900756149474453
2025-08-25,0.05261950595892404,0.0514568004347837,0.052361165423321546,0.0615733838346736,0.06200002771898567,0.062488377119340736,0.0631458276221786,0.06353319132690474,0.06467297317801317,0.06530366943802299,0.0665930952795225,0.06717529953910767,0.0703536594049699,0.0740897561555131,0.07627199307629072,0.07671302157850864,0.07731864678056388,0.0791051623563539
2025-08-22,0.051990383834467434,0.05085881783733934,0.0518514236109135,0.061065501555853295,0.06193050711556119,0.06249474867223794,0.06314903451092511,0.06354705674345425,0.06467711087922959,0.06530769584250759,0.0666012413651091,0.06718745010172947,0.07008807200573819,0.07364045378491177,0.076901365498341,0.07726188728643561,0.07764000448055426,0.07926309259341238
2025-08-21,0.05187931849020504,0.050855305097015996,0.05185142361091469,0.060990237794296236,0.06192616536122812,0.062490427434900735,0.06315647811677196,0.06354670274430416,0.06467509563229376,0.06530807871505696,0.0665976420511683,0.06718951544063241,0.06930851410869601,0.07252036037621123,0.07657739523177123,0.07712985500830967,0.07786949948663899,0.07947784168873229
2025-08-20,0.0517510052850429,0.0504425509865998,0.05151469508137418,0.06073618076997408,0.0618599096503604,0.0623365210936461,0.06308598224370503,0.06356068945974863,0.06467421899566152,0.06531460466358797,0.0665730866501071,0.06711199289153882,0.06928654019972064,0.07237284405057019,0.07613384583237646,0.07691094652565805,0.07772301651759604,0.07917937325245683
2025-08-19,0.051632558642974447,0.0504390955851908,0.05151469508137388,0.06073618076997397,0.06186029221231462,0.06234495482534249,0.06308598224370503,0.06356068945974858,0.06468013962030619,0.06531107530520325,0.06657839223447642,0.06710970867739914,0.06925540236022924,0.07231937114639508,0.07622159818746192,0.07697453032859244,0.0777835226912122,0.07923787164788332
2025-08-18,0.05169178240603756,0.050279758989186886,0.051370356889176044,0.060595010083890795,0.06171715617311815,0.062346434476432594,0.0630889956904356,0.06356532866211825,0.06468533257522179,0.06531749200632471,0.06658042902684,0.067117553403812,0.06941321134651678,0.07247519458432239,0.07618199262747162,0.07702314078825898,0.07789115453308453,0.0792815510865829
2025-08-15,0.05119107462513131,0.05026946211035161,0.05137035688917812,0.06082574126008686,0.061957620697854765,0.0625925922194003,0.0633293284895778,0.06380975076412526,0.06492895073355937,0.06556130387186,0.0668266763844527,0.06736309116950662,0.06981639901324321,0.07283726435673119,0.07653597160667067,0.07728362493641584,0.07804386317316939,0.07946326795236788
2025-08-14,0.05119822403180563,0.05026603106410656,0.05137035688917812,0.06096338795811691,0.06215835303418489,0.06279579314873779,0.06354593017136674,0.0640050683691105,0.06513091339923446,0.0657673346564754,0.06702977686475375,0.06756288171785661,0.07009115369999448,0.0731677567418945,0.07685469101061707,0.07771939418280537,0.07835494409203822,0.07978625041374207
2025-08-13,0.051504237456736136,0.05001417334365404,0.051158632683279186,0.06069050199926233,0.06197644609612312,0.06255465133241508,0.06351161614815493,0.06390337060911222,0.0650939609015279,0.06573736785460012,0.06699174020299804,0.06757166477550854,0.06989810695743402,0.07332494263386367,0.07664935357351312,0.07747103335835179,0.07825261075192444,0.07986784607558872
2025-08-12,0.05163255864297428,0.05022868430801328,0.051139383365525794,0.060746967273100944,0.06189027262423673,0.06256088326316878,0.06351202093684709,0.06390150452221752,0.06510271719804006,0.065732245008669,0.06699740099045576,0.06756801685917006,0.06990835907650476,0.0732429824699716,0.0766341322437825,0.07759043829002393,0.07839877989247733,0.07986164314088574
2025-08-11,0.051879318490204454,0.05029693293238624,0.05121637897371206,0.06082224934565157,0.061889475244737945,0.06256013954068684,0.06351040185372712,0.06389901674498026,0.06510224797390982,0.06573734425444004,0.06699630703598722,0.06757090022120836,0.07004196529687295,0.07350264396983781,0.07678349146241592,0.07771126939066887,0.07848666927803019,0.07998556231219414
2025-08-08,0.051743701015422805,0.05051769527088316,0.051216378973712215,0.06102865302209319,0.061951743284923214,0.06263455871192473,0.06350282044814759,0.06389622735968917,0.06510052007570608,0.06573258652257827,0.06699747936175798,0.0675712914566844,0.06995919381810971,0.07336093104283035,0.07668776513901537,0.07762945992526118,0.07842094665879097,0.07991482023978586
2025-08-07,0.050753968991492295,0.049919641159529134,0.05075433879963164,0.06051167426158538,0.061607256455372704,0.06237696226726029,0.06329716166549372,0.06364145091008053,0.06496571024127984,0.06566840507257841,0.0669699115128499,0.06763130545483226,0.07006355136902061,0.07347118676002297,0.07686063275105635,0.07770245430541603,0.07855471953576439,0.07979821175304935
2025-08-06,0.049717180399049536,0.04943877939181051,0.05023435267414268,0.06019158689387466,0.06146754851030684,0.06223377455292999,0.06324019050815642,0.06358971956779187,0.06489066141392975,0.06559603316859514,0.06689743797456162,0.06756854284267363,0.07051941920579297,0.07392801577339363,0.0769315068618957,0.0779736895661235,0.07874436821291636,0.08005389996111867
2025-08-05,0.049223376300481,0.04936074702183537,0.0501669322559824,0.060116257326983766,0.06140239977059832,0.0620891087918868,0.06316403287446168,0.06351451372379405,0.06478199618596552,0.06548986275552186,0.06675695434350065,0.06745075813878854,0.0703949865962319,0.07378053298783431,0.07682220594257742,0.07778823713043764,0.07854493798492387,0.08027303825143219
2025-08-04,0.048828288764451756,0.04905834259200734,0.0500128156752746,0.060116257326983766,0.06140366672027102,0.0620923794149386,0.06316725657703504,0.06351451372379405,0.06478274411855778,0.06549751092791292,0.066759137105243,0.06745542993980581,0.07043456410174447,0.07385613793382659,0.07686916116518125,0.07789623865011042,0.07863086179138265,0.07994330105596813
2025-08-01,0.04872303277536448,0.04913310691336439,0.05007969556371222,0.06014420704726837,0.061427913252824276,0.062053114582042865,0.06312018088312173,0.06347916493109458,0.0647433042742334,0.06545888377951753,0.06672162077566057,0.06742179500494609,0.0704009093113474,0.0738068479879618,0.07683654802730894,0.0778455292190518,0.07859804460932261,0.07990791765407458
2025-07-31,0.048334374010090525,0.04898353088079857,0.04992226065018441,0.06278856210203784,0.06410158238320363,0.06482253149431672,0.06592494285000905,0.06617626350905154,0.0674697695864068,0.06820593363840116,0.06948214894502407,0.07012278853665507,0.07309336061767514,0.07656844836763911,0.07969360302178007,0.08068015371719489,0.08144220376698236,0.08280126981565046
2025-07-30,0.048531947290601854,0.04899005134015533,0.04991888964559996,0.06278856210203407,0.0641112272448416,0.06481765136365891,0.06592483287544663,0.06618243512374876,0.06746476928111297,0.06820326378238488,0.06948267243869301,0.07011972355531848,0.07303010870157581,0.07657883277094457,0.07952925835743342,0.08058993843532293,0.0813718578189114,0.08272913499575754
2025-07-29,0.048927064337045856,0.049136386858297854,0.05008648203414279,0.06278856210203407,0.06410990197805884,0.06482529393400258,0.06592027379550582,0.06618243512374876,0.06747024152748776,0.0681981575259795,0.06947666059921842,0.07011721081687733,0.07300957618058074,0.07657023475036348,0.07936412759881765,0.08060676829467778,0.08142016458267021,0.08276375298787365
2025-07-28,0.04887767685814945,0.04897053912208261,0.04997090515185181,0.06275099571550936,0.06409103701800373,0.06486562892721219,0.06592281778820532,0.06618372257917264,0.06747107685358351,0.06820376917771484,0.06948424048370123,0.07012314427815579,0.07315558176751644,0.07678480271275613,0.07958481401023272,0.08082173961621282,0.08155568196437617,0.08276554609797661
2025-07-25,0.04877240898875172,0.04903556405795765,0.05011481108014444,0.06281553836664366,0.06416237084838222,0.06494183899600559,0.06591625883838813,0.06618809001019292,0.06746911906481877,0.06820006820873144,0.06948330199091736,0.0701287410375496,0.07316066421994842,0.07679704858943663,0.07965203155391334,0.08080479556766162,0.08154068320810176,0.08275487109547199
2025-07-24,0.0484825548928737,0.04896402383402526,0.05004795752088773,0.06278856210203407,0.0640820627133015,0.06493806667791645,0.06591278340603746,0.06617626350904242,0.06747019770852282,0.06820123201586799,0.06948445259069598,0.0701228100607986,0.07322049335529486,0.07678532908404076,0.079865533221552,0.08091000791029088,0.08133132681463918,0.08273628591178206
2025-07-23,0.04828497915257852,0.04885346178300679,0.04993237729594782,0.06271342791769868,0.06401689697404589,0.06493453079578569,0.06592366588639559,0.0661850101346475,0.06746893630415593,0.06819956399521643,0.06948188441720131,0.07012155144625601,0.07355053323858987,0.0770518552792671,0.08021526629040591,0.08115617035821492,0.08138327933219182,0.0828831090858541
2025-07-22,0.047692192889306,0.04844363667234271,0.049604845522528085,0.062356463430307714,0.06379998573593551,0.06472736045606992,0.06570790887373013,0.06589654371699545,0.06719031650643317,0.06782061652192806,0.0691031447301647,0.06975959958411135,0.07301251273530994,0.07672572962875505,0.07965954889018154,0.08070675686987655,0.08103073828103209,0.08276245991517883
2025-07-21,0.04739576654025965,0.048443636672342485,0.04960484552252794,0.06235646343030749,0.06380097521627519,0.06472736045606992,0.06570790887372993,0.06589654371699528,0.06719089970671807,0.06782657876606706,0.0691089377339748,0.06976456861285993,0.0730202203797752,0.0767241907026277,0.07964442885629035,0.08074004784646643,0.08102351478946845,0.08275554638392862
2025-07-18,0.04738963762325595,0.048401417922911125,0.049559659965574716,0.062308460627362124,0.06375789354181433,0.06468949838290157,0.06566653383779175,0.06586586376467023,0.06715396519556975,0.06779880511074132,0.06908235078817133,0.06973435713002527,0.07291469467932497,0.07667349770222799,0.07958283213459351,0.08066015152464459,0.08102090401708706,0.08274128398393292
2025-07-17,0.04769219288930025,0.04843726025929702,0.04956630707773412,0.06231888080758479,0.06375171132627579,0.06468450975113417,0.06566168205438,0.06585289944067961,0.06715098554784622,0.06779920800848871,0.06908255142634649,0.06972756515443464,0.07280448051843857,0.07653058255242512,0.07960182194952956,0.08059361369043949,0.0808784635699382,0.08278165424759476
2025-07-16,0.04769219288930554,0.048443636672342374,0.049566307077734274,0.06231888080758468,0.06376191320242569,0.06467961995002708,0.06566997593694805,0.06585902531721786,0.06714631392803971,0.0677966563543092,0.06907830901541746,0.06972458820686074,0.07324990952851075,0.07694511591856838,0.0795127700524548,0.08081419860598657,0.08140504849283804,0.08329405585465675
2025-07-15,0.047494577784151185,0.04836556514598077,0.04948922684320765,0.062243711324513826,0.06369594226779153,0.0646128457754591,0.06567166610779718,0.06586158872236479,0.06715547437302723,0.06779624965349064,0.06907654870920965,0.06972391928945078,0.07321993109677516,0.07698514464953324,0.07945823332772992,0.08078079458365167,0.08147155432952612,0.08334826940368087
2025-07-14,0.04697085014645936,0.048258211779956844,0.04942177797913332,0.06224371132451338,0.06369768764115578,0.06461405671608439,0.06567314517185643,0.0658615887223648,0.06715650432336902,0.06780298505998908,0.06908333838065048,0.06972888669489861,0.07321701648103379,0.07697326445413348,0.07938129022904004,0.08060359049211817,0.08138708578724892,0.08328804849715843
2025-07-11,0.04685615132927986,0.04795251438590902,0.049338101208017494,0.062158165707431386,0.06369305403227286,0.06461764126468846,0.06567149426855791,0.06587103721745997,0.06715762468834473,0.06780526177377945,0.06908574030174158,0.06973803530541235,0.07238761258162826,0.07613469755688777,0.07858912589259588,0.07982237988271355,0.08060769114981409,0.08249560190411354
2025-07-10,0.04686214329338658,0.04795563921463412,0.04812030997036391,0.062168536190565976,0.0636878577267899,0.0646128351696119,0.06569330719150432,0.06585801264077452,0.06715525404170006,0.0678057751545146,0.06910405570885128,0.06973117757723785,0.07330486504129245,0.07699565220180085,0.07941106195846943,0.08081530568007342,0.08144354746872205,0.08335186383184248
2025-07-09,0.04686214329338658,0.04795563921463412,0.048120309970364206,0.0623188808075846,0.06384082986689445,0.06480047743105119,0.06584719230277573,0.06601422898017546,0.06729223857224889,0.06794419502578489,0.06924345069001926,0.06986815048543145,0.07361525786450787,0.07724733728539421,0.07969713316477431,0.08099126196178809,0.08166674671903414,0.08358442224963135
2025-07-08,0.046753433461662955,0.04795563921463412,0.048120309970364206,0.06210275331221307,0.06384119303749305,0.06480980944729713,0.06584719230277573,0.066021618386629,0.06729869001069695,0.06793994315397174,0.06924051845103188,0.06987088789605853,0.0734813560701027,0.07708087711099537,0.07958493327807478,0.08086371320012398,0.08154015720375768,0.08345619773539631
2025-07-07,0.04675343346166339,0.047916594231389144,0.048120309970364206,0.06210275331220985,0.06384119303749315,0.0648102513351831,0.06584719230277573,0.06602161838662905,0.06729869001069694,0.06794621751072302,0.06924637678242787,0.06987588544172561,0.07361633470976857,0.07719203913201796,0.07969353083648861,0.080987187286878,0.08168362550202521,0.08359541024571224
2025-07-04,0.046401642222144546,0.04813794344542445,0.04948260025987293,0.06259959241805943,0.06398011871649391,0.06480796227257861,0.06581371282986405,0.06601140753754246,0.06729472438981275,0.06794476498912819,0.06922730308956675,0.06987107880789979,0.0736148603894065,0.07719917251949746,0.07969225179903384,0.08098491867546395,0.08167990473412029,0.083592528817182
2025-07-03,0.04620983961745227,0.04813479504827889,0.049566307077734156,0.06261010919590777,0.06397548452210522,0.06480358346153152,0.06580705688817344,0.06599813494352645,0.06729265078197004,0.06794552438079034,0.06922631392727153,0.06986407621248998,0.07361039789927527,0.0771827893397992,0.07969244979290124,0.08100038562294208,0.08167429023792126,0.08358830290076691
2025-07-02,0.0463086804019056,0.04813164719906883,0.049566307077734156,0.06261010919590766,0.06398544849182224,0.06479914191097301,0.06581539380630462,0.06600427456983711,0.06728782057302185,0.06794321454055821,0.06922202747716936,0.06986109221815547,0.07361076299578848,0.0771509446568672,0.07964481989761138,0.08086380431411723,0.08174377371817493,0.08363911746399544
2025-07-01,0.04680284739080444,0.04824555820007885,0.049566307077734156,0.06261010919590766,0.0639837936629709,0.06480720882153046,0.06581539380630462,0.06600427456983711,0.06729307299551027,0.06793829653358341,0.06921911651247471,0.06985860129560574,0.07361144825287004,0.07712822790642149,0.0796608495411422,0.08089379142363674,0.08173228347949292,0.08363196884813211
2025-06-30,0.04650635458377075,0.048261376555128604,0.04956963152271244,0.06261010919590766,0.06398478651040061,0.06480536307192583,0.0658154375773217,0.06600427456983711,0.06729365735689483,0.06794254771570256,0.0692243819189588,0.06986357642046917,0.07362971280597243,0.07714868922751134,0.07961524523289323,0.08090016897628495,0.08173927551475,0.08363491231455862
2025-06-27,0.04630282885428585,0.04791347446842935,0.04953108682680912,0.0626277619400998,0.06394237538562636,0.06476653128188979,0.065778854737279,0.06597132170217328,0.06729635732024274,0.06794746986611411,0.06922766104447614,0.06987203422803667,0.07370035935679728,0.07738714357289538,0.07973112286998675,0.08106022124214332,0.08159789926005323,0.08362142181385374
2025-06-26,0.04591330248853971,0.04784161214077278,0.04953108682680838,0.06263828808779377,0.06393841454127736,0.0647622691051366,0.06578719882887334,0.06595839056893328,0.06729465078543499,0.0679453070056313,0.06922336193571631,0.06986524060415739,0.07369602406473238,0.07740572038970124,0.07972581004197817,0.08096461114491874,0.08162936888618769,0.08364358297233586
2025-06-25,0.04507299357241872,0.04777327003688499,0.049386534319580684,0.06249738568719391,0.06380873130678091,0.06458004445971496,0.06563524703455247,0.06581414199950163,0.06714998764602866,0.06780087475246255,0.0690793076917315,0.06972214120141756,0.07354534495254926,0.07723398016022241,0.07957617485712579,0.08082938486269628,0.08157022812329694,0.08359879818125668
2025-06-24,0.044875247959033776,0.047617050719756165,0.04930943325820682,0.06220612446393385,0.06373323403158361,0.06458179007140773,0.06563692708775623,0.06582406750223423,0.06715952498031293,0.06780796634031044,0.06908624428561468,0.06972669614272964,0.07369910618852349,0.0774179086451203,0.0796498150601079,0.08087689355972039,0.0815637247402802,0.08360723941151652
2025-06-23,0.044875247959033776,0.047773270036882996,0.04945399410118522,0.06257253610475735,0.06380939182256344,0.06465697788797861,0.06563377715097368,0.06581158154976588,0.06715658692585064,0.06780362618612094,0.06908411958585742,0.0697227987630062,0.07354191397514694,0.07719849998056036,0.07954046259310601,0.08070545711579408,0.08155581620291347,0.08357544519317156
2025-06-20,0.044968602214547716,0.04746445988497583,0.049453994101188045,0.06256203181409656,0.06380413596356665,0.06465638815964861,0.06562547372336615,0.06581838667813456,0.06715723552668507,0.06780679595872861,0.06908546185081653,0.06973005375888135,0.07353751565358678,0.07723599035099414,0.07952774994339354,0.08070770997727292,0.08159501970627199,0.08360917651845705
2025-06-19,0.04487524795903426,0.04777327003688546,0.049453994101188045,0.06257253610482823,0.0637991365463014,0.06464767311606767,0.06563377715097367,0.06580548950649719,0.06715488522706013,0.06780181416743637,0.06908122197150798,0.06972326892483192,0.07350135880633106,0.07717699000918986,0.07948651228855742,0.08091237716571854,0.08146391744345118,0.0833585859898738
2025-06-18,0.04507299357239994,0.04791971453505474,0.049453994101188045,0.0626382880877937,0.06380873130677948,0.06465533958408588,0.06563377715097367,0.06580934148266043,0.06714998764602079,0.06779661346978522,0.06907831819499807,0.0697187340903569,0.07323558275677755,0.07717598330489575,0.0794744429153007,0.08060434233556313,0.0815122405263415,0.08340815598064089
2025-06-17,0.045270729330076254,0.04777327003688485,0.04953108682680832,0.0626382880877937,0.06380807085737933,0.06465697788798035,0.06563209747026917,0.0658093414826605,0.0671558088380496,0.06780362618612082,0.06908298660557714,0.06971625403331831,0.07316201211360474,0.07725511578440189,0.07967614428664006,0.08074516054920218,0.08182813665837314,0.08375842806468935
2025-06-16,0.0454882272813713,0.047919714535055016,0.04960817510743162,0.0626382880877937,0.06380734443970199,0.06465533958408588,0.06563041798818318,0.0658093414826605,0.0671553809564549,0.06780258708342411,0.06908185375947354,0.06972120745107262,0.07279893084544246,0.07719317957305676,0.07967149330289829,0.08070001562999911,0.08190084513507556,0.08380806920412343
2025-06-13,0.04556164843198198,0.048059870176055966,0.04953108682680855,0.06262776194009963,0.06380215967081364,0.064649739419147,0.06562379929166386,0.06581614150034058,0.06715604001461754,0.06780256859837937,0.06908433358963718,0.06972845617840134,0.07282622520006361,0.07700597083755238,0.07970451111699696,0.08070591192783899,0.08192103619850175,0.08382217912067556
2025-06-12,0.045765025612070714,0.048066148281639895,0.0495310868268084,0.06216853619055825,0.06379617769699726,0.06464440866690721,0.06563209747026927,0.06581921898956178,0.06715346516059433,0.0677997376088769,0.06908009011857116,0.06973306651947549,0.07272322387915715,0.0769148347641864,0.07972022488739595,0.08077486422743263,0.08192169325728328,0.08382239057061563
2025-06-11,0.045765025612069396,0.04806614828163967,0.0495310868268084,0.0626382880877508,0.06380642002424815,0.06465370152477186,0.0656320974702692,0.06580934148266059,0.06714862953635502,0.06779557679328295,0.06907718746716363,0.06971873409035699,0.07269522574004188,0.07678700119832374,0.07971095461455803,0.08077782675839082,0.08194110422935648,0.08383776977761358
2025-06-10,0.04562662886069222,0.04806614828163967,0.0495310868268084,0.06263828808779366,0.06380688221571763,0.0646537015247717,0.0656320974702692,0.06580934148266049,0.0671551086928068,0.06780154813599859,0.06908298660557717,0.06971625403331831,0.07267466378446091,0.07684807595477505,0.07968984227997486,0.08088370754518456,0.081860590717987,0.0838339667711964
2025-06-09,0.04616041830180359,0.04822233242914365,0.049646717581030515,0.06263828808779366,0.063805099656326,0.06465195453102342,0.06562957832161115,0.06580934148266049,0.06715405871249709,0.06780044009651529,0.06908128738673076,0.06972120745107258,0.07272480880687236,0.07669054811445326,0.07964339582936145,0.0807303270738254,0.08195536487664408,0.08389942424735516
2025-06-06,0.04625342122736006,0.04828432249892857,0.04979124196218427,0.06270287676515315,0.06379982033375532,0.06464711868249788,0.06561814954624393,0.06581345138890025,0.06715462602798539,0.06780090301895071,0.0690805069490529,0.06972654393282622,0.07258148690844546,0.07634892639134827,0.0796277123901023,0.08065117878208254,0.08184996925303466,0.08376157875355283
2025-06-05,0.04625926031748504,0.04836874396078693,0.04993575072248276,0.06278856210203393,0.0639372616474518,0.0647948307867741,0.06584620750567595,0.0658757114239817,0.06721531464992088,0.0678606003194095,0.06913418012738326,0.06978463794751602,0.07274825926133476,0.07662944344511999,0.07987934873232623,0.08092904692893856,0.0821451577326983,0.08405609777505502
2025-06-04,0.04652612146027341,0.048446825716675176,0.04993575072248276,0.06278856210203393,0.06394665032209673,0.06480328378110048,0.06584620750567621,0.06588180374935704,0.06721034360449094,0.06785587551630311,0.06913128432562567,0.0697818380587515,0.07266400731291937,0.07648003128968552,0.07970371777732907,0.08091419732797182,0.0822394820054007,0.08400720567282287
2025-06-03,0.047020261367755084,0.048446825716674066,0.04993575072248276,0.06278856210203393,0.06394499670055172,0.06480328378110041,0.06584620750567621,0.06588180374935698,0.06721557902367731,0.06786184497387891,0.06913706972905968,0.06977935596793186,0.07246353008268468,0.07608693816294594,0.07950241725970987,0.08072631198159798,0.0819679997789921,0.08376918956375515
2025-06-02,0.047214858289941306,0.04881767231935835,0.050234352674142585,0.06292942348404051,0.06409151443138354,0.06494333207365728,0.0659947378995599,0.06617760805678943,0.06744563097719491,0.06808135937307522,0.06935607711711748,0.06992747413839093,0.07249012869920306,0.07608567624352679,0.07964804033592537,0.08088129371199444,0.08216134542596162,0.08395278656378002
2025-05-30,0.04720573599290943,0.048811197187549026,0.0503011301236046,0.06291880029131668,0.06407624735633334,0.06494455462203572,0.06598963306994472,0.06618438656850198,0.06744778065416343,0.06808270239424755,0.06935673341895676,0.0699347170470508,0.07249617387151755,0.07601773188583048,0.07959931985129307,0.08080065366944382,0.08222063247018534,0.08399462965211817
2025-05-29,0.047217900099355975,0.04903229764938882,0.050297707930503976,0.062101178229124886,0.06323221390303649,0.06408993294697742,0.06513490358950794,0.06534465116682561,0.06661173830734424,0.0672424524118956,0.06851232086888905,0.06910137029376667,0.07184503561064698,0.0753120259998875,0.07892778357692866,0.08018497059552775,0.08161090601335208,0.08335810027072464
2025-05-28,0.047346359995434704,0.04900956336629942,0.048907672379380575,0.06210117822910446,0.06325690188205749,0.06408521904568884,0.06516449659700145,0.06535066195143391,0.06660524650936632,0.06723993255367973,0.06853573657501981,0.06909843774345538,0.07178184673846678,0.07539152661210034,0.07889480122889587,0.08030937282735474,0.08164556281795186,0.08339643876120335
2025-05-27,0.047652670655728833,0.049077853946440465,0.050301130122808,0.06210117822910446,0.06325588846788012,0.06409352653518255,0.06512990726031326,0.06535066195143391,0.06661075135155398,0.06723540785791923,0.0685128801430653,0.06909600616103384,0.07186705765563547,0.0753127819999457,0.0788072643799259,0.08021366507218901,0.08167311339877052,0.08329446791910765
2025-05-26,0.04743529133313511,0.04893151411015234,0.050301130123604224,0.06210117822910446,0.06325660764878438,0.0640951629468722,0.06513797267428596,0.06535066195143391,0.0666111751633099,0.06724229859788461,0.06850869950790987,0.06910086273028207,0.07176920127048483,0.07521954164729461,0.07880502443723861,0.08022225698510016,0.08169975340289005,0.08331116511746542
2025-05-23,0.047429152210905365,0.0489282613467605,0.050301130123604224,0.0620908299737184,0.06325171622186654,0.06409538354337015,0.06513797267428603,0.06535676287691651,0.06661193150548606,0.06724243865228802,0.06851434164997836,0.06910758433117785,0.07164802923957275,0.07513155552262483,0.07865623159749247,0.08026016449180774,0.08176280224445769,0.08335548749065899
2025-05-22,0.047435291333134705,0.04884697748106888,0.05029770793050402,0.062101178229104374,0.0632566076487844,0.06409190594241362,0.06513839837087172,0.06534465116677837,0.06660812748274092,0.06724367558687643,0.0685146292702102,0.06910136662296809,0.0717287161380494,0.0752215151261993,0.0787215337794041,0.0803260824807044,0.08184957597999241,0.08344086312250697
2025-05-21,0.047435291333134705,0.04885346178300684,0.05037127754483426,0.06217635842667477,0.0632566076487844,0.06408695834616601,0.06513311119257062,0.06534811921049857,0.06660507353917866,0.0673204283531681,0.06859466154156624,0.06916710687980201,0.07184941049547958,0.07526241496363419,0.07885131249127939,0.08048211122840851,0.08202168928635116,0.08360983815138612
2025-05-20,0.047435291333134705,0.048931514110152174,0.05039671279708589,0.06213876903439793,0.0632566076487844,0.06409516294687219,0.06509005954142781,0.06531058739612651,0.06657189973987997,0.06727613116147703,0.06855394140670908,0.06913722229723039,0.07182229705002602,0.07532739068615707,0.07884651895670115,0.08044889781479718,0.08197188473004287,0.08356658648341535
2025-05-19,0.04760326731007699,0.04893151411015173,0.0503932781398727,0.0621387690343976,0.06325605191110856,0.06409516294687227,0.06509850729369218,0.06531058739612629,0.06657157245279835,0.0672819955123582,0.06855006216234731,0.06914209051401593,0.07175617925226671,0.07535762384630401,0.07883423497231049,0.0804382254700308,0.0819835476611959,0.0835726457275348
2025-05-16,0.047597084722468486,0.0489282613467606,0.050354126904700675,0.062128408377136325,0.06325114965147832,0.06409536290648234,0.06510026689183171,0.06531740608636775,0.0665723051308726,0.06728212254605567,0.06855690757386136,0.06914932500924358,0.07173047855475917,0.07533972110448943,0.07884562170899725,0.08044452102007732,0.08198625236282743,0.08357426890144232
2025-05-15,0.04760326731007723,0.04892500915873395,0.050350698638996556,0.06213876903439758,0.06324601310602056,0.06409101352815867,0.06510066156130798,0.06530459021458078,0.0665698133142128,0.06728281801617252,0.0685571745815263,0.0691425916802656,0.07173683944430181,0.07533401068320154,0.07881728993526044,0.0804803712926771,0.08203870994382197,0.0836201977675222
2025-05-14,0.048205946101390985,0.048970539122085696,0.05037611418223108,0.06213876903439758,0.06325405818406192,0.06408565384471748,0.06509627126294025,0.06531058739612625,0.06656431063720077,0.06727990458769123,0.06855761135243715,0.06913965970389262,0.0717371114148828,0.0753367689102644,0.07886746669066465,0.08045021540479486,0.08203229300228894,0.08361734638658623
2025-05-13,0.04787991812240024,0.04903883104566203,0.05040702050351333,0.06213876903439758,0.06325513668188458,0.06409396288763215,0.0650888205083779,0.06531058739612625,0.0665710334526584,0.06727537043235961,0.06855310116567179,0.06913722229723014,0.07173770007851714,0.07533721673219594,0.07891859414197865,0.08043684842894276,0.08202235062528757,0.08361141381292804
2025-05-12,0.047593386567125966,0.04857049634969757,0.050407020503513186,0.06213876903439758,0.06325608460024676,0.06409920047878707,0.06509686737196073,0.06531058739612625,0.06657159170420576,0.06728456054383423,0.06854895489975461,0.06914209051401592,0.0717350346632962,0.07536008101986084,0.07887489333930557,0.08049060056122657,0.08201332622830586,0.08360281890687996
2025-05-09,0.047211817002494855,0.04913310691337209,0.05044552399414738,0.06220356092461836,0.06332862598685751,0.06413161462859938,0.06509602155079358,0.0653141285689094,0.06657017037790423,0.06727910896437905,0.06855403545331429,0.06914699581949589,0.07173959466426429,0.07536050947087022,0.07894375235763651,0.0804747140708486,0.08199860966671907,0.08359211354408129
2025-05-08,0.047079554021022936,0.049129827551007255,0.05044208225077888,0.06281886587765428,0.0639366862778816,0.06474649112032291,0.06572064142419372,0.06590596453571451,0.06717655574553007,0.06789295482682282,0.06917145553839615,0.06974456647892505,0.07233954867556316,0.07596307752311268,0.07955426133845847,0.08108759160660539,0.08261863029213357,0.08422598282983262
2025-05-07,0.047079554021022936,0.04913638685829768,0.050438641131543,0.06281886587766528,0.06394695682537234,0.06474128915057391,0.065716899929441,0.06591206226827606,0.06717214230164197,0.06789014510479155,0.06917238195782688,0.06974160704393455,0.0722869439726512,0.07596050358913414,0.07949428409908557,0.0810467118636152,0.08265773130502851,0.0842553780514844
2025-05-06,0.04735624135361927,0.04938025540210244,0.05044552399414724,0.06281886587766528,0.06394603097408665,0.06474780240357551,0.06571201787816375,0.06591206226827606,0.06717779349539811,0.06788431290003204,0.06916961705686411,0.06973913171164593,0.07241447092766468,0.07605026921826075,0.07967333026708966,0.08115707584017492,0.08277091212266205,0.08437303480319942
2025-05-05,0.04750445877318869,0.04938025540210156,0.05044552399414724,0.06281886587766528,0.06394553503588533,0.06474780240357546,0.06575901779894515,0.06595085249629325,0.067216769143926,0.06792997033607875,0.06920374867592202,0.06977241011586469,0.07223908219896687,0.07615992408468841,0.07970907843629638,0.08119146263906846,0.08280666836616488,0.08440519431947721
2025-04-29,0.04730000534260598,0.048993312436134216,0.050448966361838994,0.06274373397023061,0.0640862879535091,0.06475126895936302,0.06575919239687106,0.06595341777171626,0.06720956664415079,0.06793160397187749,0.06920329026645289,0.06976927825958093,0.07223231067098827,0.07613910714805211,0.07966365243764116,0.08114741939293882,0.08310430534850058,0.08474734111291067
2025-04-28,0.04730000534260598,0.04899331243613444,0.050448966361838994,0.06274373397023061,0.06408628795350928,0.06475126895936302,0.06575919239687106,0.06595341777171626,0.06720956664415077,0.06793160397187749,0.06920906395279784,0.06977422960914913,0.07227193930671566,0.07611071389054658,0.079662458926458,0.08116280715170687,0.08310067305281515,0.08474239361842775
2025-04-26,0.04729390085279411,0.04899005134015548,0.050448966361838994,0.06261531110973552,0.06396184255720991,0.06466928649533936,0.06563752569985958,0.06584507381561998,0.06709182141800228,0.06781065783140333,0.0691288755236607,0.06966320748150581,0.07206476597874947,0.07602927957227121,0.07951283542495811,0.08119658573674764,0.08293555652420428,0.08458712992130096
2025-04-25,0.047300005342606255,0.04898679082176788,0.05044552399414743,0.06261005186526976,0.06395655748866892,0.06466488467401449,0.06563795474976646,0.06584669709543058,0.0670894270006482,0.06781132488757992,0.0691291656837161,0.06966678967518652,0.07206699929895195,0.07602969184793197,0.07951504160938444,0.08119811504364098,0.0829367639795067,0.08458768674759086
2025-04-24,0.047468008855625694,0.04899331243613456,0.050442082250778925,0.06262583311550077,0.06396629184725007,0.06465977839839969,0.06563424929012991,0.06582960571874723,0.06708446905588726,0.06780853404863071,0.06913011124976526,0.06965705850959662,0.07227242209222917,0.07605682360265992,0.07953645713371062,0.08099373595144564,0.08287287049015293,0.08461626944311847
2025-04-23,0.047517420314384745,0.048817672319358636,0.050448966361839036,0.06262583311550055,0.06396612968451565,0.0646710061991269,0.06562930957350918,0.0658356996189522,0.06709054564900861,0.06780578669871906,0.06912729709535631,0.06965409331443408,0.07192375985416677,0.07588049164864519,0.07915993334807057,0.08098647561891466,0.08306576252214751,0.0847555185847017
2025-04-22,0.047517420314384745,0.049061612749168475,0.05078586992978006,0.06284184760071578,0.06422302932884327,0.0650720353599181,0.06607588729544282,0.06612895970590751,0.06753211276098255,0.06820975221799826,0.06951864812623929,0.07006479137923215,0.07246055739283448,0.07611395501809828,0.07974165336032202,0.08152256427486909,0.08366584486407243,0.08535343870086212
2025-04-21,0.047517420314384745,0.04906161274916914,0.050785869929782124,0.06284184760071677,0.06422302932884526,0.06507203535992481,0.06607588729545283,0.06612895970591216,0.06753211276099574,0.06820975221801052,0.06952446951913334,0.0700697989142937,0.07224645078781337,0.07598802193316587,0.07958861078225979,0.08140381476786877,0.08354626227301695,0.08522649676232641
2025-04-18,0.047794113234830564,0.04927941215394943,0.050782381726934105,0.06283125364576257,0.06421175461340572,0.06506525115515666,0.06607633111852895,0.0661353050635848,0.06753002298410543,0.0682090179253625,0.0695247693744554,0.0700766812683789,0.07223109134699834,0.07599187927790735,0.07958239906353731,0.08141032436702798,0.08354898672263708,0.0852281236990758
2025-04-17,0.047517420314384676,0.04921771896830417,0.05077889416087928,0.06272395737457956,0.06410359690957614,0.0649402724103207,0.06595098768885932,0.06600512468502066,0.06740728387285305,0.06808732337055008,0.06940551336398901,0.06995249733135182,0.07207771233737278,0.07581511585943672,0.07944788442999068,0.08125855968565432,0.08345644241197138,0.08512397311846404
2025-04-16,0.047794113235221494,0.049286011597388275,0.05078586992978224,0.06272395737457923,0.06410268684208624,0.06494884724550068,0.06594595269894316,0.06601125654831791,0.06741299436823119,0.06808268801408807,0.06940266485267804,0.06994965026581924,0.07207804842436556,0.0758295024364325,0.07935365641894891,0.08128049179313264,0.08347339706161125,0.08513793747312555
2025-04-15,0.047517420314384586,0.04909088359593627,0.0507088709390539,0.06279909076782651,0.06410359690957551,0.0649510396011748,0.0659171820237383,0.06600868879451095,0.06741352942642985,0.06809008276408705,0.06940133237122997,0.06994532956547116,0.07207746990447489,0.07581749051001951,0.0794708837505504,0.08125039719521367,0.08345003341046484,0.08512251739562697
2025-04-14,0.04730000534260594,0.049022584285254675,0.050708870939054046,0.06279909076782629,0.06410431205142034,0.06502870967863182,0.0659171820237383,0.06600868879451102,0.06741394988154406,0.068087325106432,0.06940713788593718,0.06995031823407169,0.07194807554084481,0.07586679870302501,0.07948822342994542,0.08125078462950401,0.0834526985599354,0.08512193933396796
2025-04-11,0.04730000534260594,0.04925990541622381,0.0507438880427959,0.06206264523933316,0.06328249849666817,0.06420198060238773,0.06509016989002553,0.06521184712216277,0.06660629512419383,0.06727468710383741,0.06858960383953788,0.0691551982537233,0.0711213376644739,0.07506683142644324,0.07868443834315948,0.08043962431054426,0.08262417609941965,0.08427391944341868
2025-04-10,0.04730000534260594,0.04926649965625394,0.05074737099278555,0.062072984197779,0.06329256469749737,0.06419688942271737,0.06508572122717367,0.06520012364038053,0.06660183376616795,0.06727199341513294,0.06858993340648288,0.0691491789620139,0.07106482864637369,0.07508039885801386,0.07866010313652905,0.08044755415538224,0.08263050850457584,0.08427811557746893
2025-04-09,0.04730000534260594,0.04926649965625394,0.0507473709927854,0.062072984197779,0.06329256469749737,0.06420599916611386,0.06508170055240296,0.06520609906993102,0.06660793492998031,0.06726788393805341,0.06858768769832105,0.0691463359436145,0.07107567497699192,0.0751397156402965,0.0786483369475298,0.08043937792462698,0.08238139377162755,0.08406626302406815
2025-04-08,0.04771506006264864,0.04906161274916866,0.050670369768523425,0.062072984197779,0.06329121747432599,0.06420827357022489,0.06509141920099029,0.06520609906993102,0.0666071423236846,0.06727517759889334,0.06858478883385018,0.06914389245658797,0.07115012386413591,0.07514312306896329,0.078665281777594,0.08044249333821726,0.08236647921336221,0.08405681757219866
2025-04-04,0.04746800885563657,0.048772174257602774,0.05074388804279953,0.06206264523933315,0.0632819555395806,0.06420723083913665,0.06509028692695822,0.0652118471221629,0.06660597413125607,0.06727802252389484,0.06858968302406428,0.06915519819220134,0.0711318955582365,0.07490385904443281,0.07850220396984674,0.08060405818243095,0.0824850031665429,0.0841506429961212
2025-04-03,0.04746800885562321,0.04877863908175353,0.05074040572816646,0.062072984197779,0.06329201935901889,0.06420228575706276,0.06508678311780217,0.06520012364038043,0.06660151370907916,0.06727542707923494,0.06859065090582177,0.06914917784559436,0.07108594003372547,0.07511262748783622,0.07870452703943748,0.08058246512055806,0.0823957843192045,0.08396840535423786
2025-04-02,0.04705292856875705,0.04853466403844864,0.05065995429921438,0.062072984197779,0.0633314484730497,0.06424297521712768,0.06516258506216736,0.06527400659479972,0.06667567358736493,0.06739086691107564,0.06874684854008443,0.06925384774430755,0.07047471464816464,0.07472639511420656,0.07819989489825956,0.080520465813895,0.08303305576896501,0.08477169332782127
2025-04-01,0.04697386078657603,0.04821257127821774,0.05065648374059434,0.062072984197779,0.0633317053113625,0.06424655384765651,0.06517149038517883,0.0652740065948009,0.06667582475912603,0.06739902959965834,0.06874331275579128,0.06925139355491633,0.07062278583235188,0.07466356672611053,0.07825830741032706,0.08048444332503307,0.08302307615461366,0.08476583511532859
2025-03-31,0.04705292856876117,0.048407785220822334,0.050670369768523404,0.062072984197779,0.06333144847304986,0.06424438484040132,0.06516896014386495,0.0652740065948009,0.06667567358736629,0.06739765346842959,0.0687472967255318,0.06925629533594077,0.0705465808932505,0.07461409749989063,0.07819514610270271,0.08051595929512576,0.08305093091745677,0.0847832170347378
2025-03-28,0.04701422898375854,0.047913474468391684,0.05066689731298513,0.062418955176200816,0.06362364811210082,0.06454846897952762,0.06546950404922124,0.06556808014420076,0.0669709585312181,0.0676969330179607,0.06904423014089446,0.06955149445251914,0.07096750253583271,0.07506501960907164,0.07846799405288231,0.08079855360549922,0.08332126692897739,0.08506958372643715
2025-03-27,0.047020261367755146,0.047910355245903626,0.05066342548994709,0.06233254037520257,0.06352035386071671,0.06444482777639926,0.0653662481616286,0.06545924115499177,0.06687103058912934,0.06759946151150602,0.06894656796067707,0.06944850731635396,0.07086703135173339,0.07497515365884637,0.07844442223295962,0.08063076203360854,0.08321990510243452,0.08496561475304665
2025-03-26,0.046723784808759945,0.047916594231389456,0.05067036976852356,0.06233254037520235,0.06353147486814258,0.06443993315659474,0.06536070699456356,0.06546526253604908,0.06686717325056556,0.0675968944264687,0.06894334561345437,0.06944566096755313,0.07096221113545416,0.07497839070723959,0.07849727569512906,0.08063613798709973,0.08318697475251677,0.08494395341421138
2025-03-25,0.04672378480875907,0.04784826366140301,0.05067036976852341,0.06233254037520235,0.06353147486814258,0.06444992336799274,0.065368830481334,0.06546526253604908,0.06687332429922939,0.06759321683618,0.06893919232680505,0.06944319553339312,0.07090997009067075,0.074961774744707,0.07846605043269754,0.08066799601493993,0.0831950357671961,0.08495103601147204
2025-03-24,0.04672378480875907,0.04812157182015504,0.05060299003260193,0.06233254037520235,0.06353147486814258,0.06444684838952368,0.06537030856179314,0.06546526253604908,0.06687332429922939,0.06759719880997785,0.06894592331058007,0.06944811976465111,0.07090753261325664,0.07494997567086926,0.07841503958639812,0.0806060431418033,0.08323928485135351,0.08498017579853578
2025-03-21,0.046717828102369234,0.04823553068777126,0.05059952674738453,0.06232211567398499,0.06352653545699508,0.06444575399285044,0.06537095442697087,0.06547132679158693,0.06687410441552,0.06759650406056622,0.0689463607496138,0.06945478017914802,0.07086033309884089,0.07462272092284242,0.07837401040715536,0.08056771426946445,0.08333449716608653,0.08504814158678163
2025-03-20,0.0467237848087593,0.048320182482089205,0.05059606409217101,0.062332540375202354,0.06352133499963754,0.06444039422020541,0.0653674938914444,0.06545924115498766,0.0668716113381928,0.06759663902422845,0.06894741592082838,0.06944850600072237,0.07074050441690209,0.07459732036006055,0.07838824968243883,0.08057769458629191,0.08334258914596487,0.0850536075727831
2025-03-19,0.0467237848087593,0.048570496349730416,0.050602990032601804,0.062332540375202354,0.06353147486814277,0.06443260382362576,0.06536218047041065,0.06546526253604917,0.0668671732505656,0.06759222209682471,0.06894435468646365,0.06944566096755318,0.07074075451429004,0.07459995153375008,0.07838657971204319,0.08062275193010325,0.08348714337390045,0.08494060898335191
2025-03-18,0.0467237848087593,0.04938025540202802,0.05067036976852364,0.062407703181587705,0.06353147486814259,0.064432692644601,0.0653688304813339,0.06546271593087342,0.06687332429922938,0.06758230224506623,0.06893919232680508,0.06944138719210857,0.07083503138063005,0.07461162373699481,0.07828297509498025,0.08063844964055059,0.08341863666987051,0.08488106850020799
2025-03-17,0.04734635999544076,0.050072678634500906,0.05074737099278554,0.06250456749304473,0.0636275604872497,0.06445673938041549,0.06546707116495132,0.0655594373408619,0.0669695637007663,0.06768424917732078,0.06904258250341208,0.0695429944807283,0.07104521530261253,0.07486822770426277,0.07841987761640365,0.08062866130511466,0.08350791296971442,0.08497311973743557
2025-03-14,0.046846271262195864,0.05003027498499222,0.05082087429064802,0.062203560924618755,0.06332992615408747,0.06416019698160971,0.06516585949598147,0.06527504811918734,0.06667894440161665,0.06739030792162007,0.06874519634032487,0.0692593712178004,0.07081350776595127,0.07482585087171052,0.07818933244324872,0.08030641016043012,0.08314403976495309,0.0846204357591849
2025-03-13,0.04685226070450003,0.05010486006101949,0.05100018083493728,0.06185680354510526,0.06299144777767349,0.06385716255863133,0.0647123985557576,0.0648291163662929,0.0663160021540366,0.06709540606756832,0.06849284079783402,0.06905159650632178,0.07064500902935089,0.0745142905823633,0.07788221129076438,0.08001643058347656,0.08299056694720637,0.08444145646614108
2025-03-12,0.04685226070450003,0.05011168120306657,0.051007217149134705,0.06185680354510526,0.06300141437031677,0.06385183694195358,0.06470786134606668,0.06483501340120955,0.06631167750561791,0.06709250413280957,0.0684902238562196,0.06904874892689984,0.07059254521275948,0.07452302490755604,0.07779495271395691,0.07995027479307007,0.08304654381228545,0.08448330501130454
2025-03-11,0.04632844826331094,0.0502579340059795,0.051007217149134705,0.06178159931859298,0.06300314045524173,0.06385916707529782,0.06471577395634633,0.06483753607606554,0.06631874263174466,0.06708743516111157,0.06848618981379162,0.06904809817453095,0.07059418064952981,0.0745935313346153,0.07784848108725372,0.08003381378983085,0.08298655100111578,0.08444189585917065
2025-03-10,0.04632844826330521,0.04970211598088787,0.051084198834369966,0.06178159931859242,0.06300314045524166,0.06378841576783308,0.06467533565202112,0.06483753607606556,0.06631874263174461,0.06710038635538633,0.06849245680015502,0.06905299446354118,0.07061278504973276,0.07466009241170211,0.07778311426856192,0.07997716773612355,0.0830164087099021,0.0844605447275935
2025-03-07,0.04661902278052083,0.04969876039529993,0.05108066979459345,0.061771356204246855,0.0629974206421218,0.06378882955977012,0.06467574150369299,0.06484280276521744,0.06631901292573522,0.06710064980528326,0.06849273285383235,0.06905910102983719,0.07059688470357006,0.07452511761820367,0.07777254475877475,0.0800207578617862,0.08303091097355454,0.0844705148386862
2025-03-06,0.04702026136775518,0.050026875285880686,0.05136570350584018,0.06181920213880825,0.06306706074774578,0.0637810456988644,0.06466593213904724,0.0648303742085578,0.0663128710522943,0.06709905186404426,0.06848935470365863,0.0690525479061733,0.07082495702289239,0.07494442110381454,0.07791246280491028,0.08021729649471547,0.0828050610688617,0.08427961321085224
2025-03-05,0.04958879724591525,0.050355429884459145,0.05170950956573187,0.06221394640604421,0.06332564865268986,0.06400294126152133,0.06487672175980466,0.06497823764540496,0.06644094034823413,0.06724297893801544,0.0686218911173014,0.06919390248025588,0.07086609874108923,0.07562855991338731,0.07837461736363155,0.08061373447867509,0.08280381925032892,0.0842279903711489
2025-03-04,0.050378781546235166,0.05076486025582841,0.05182491933966843,0.06221394640604421,0.06332303341871846,0.06400736752540488,0.06488212959605982,0.06497823764540496,0.06644544834418109,0.06723618200970309,0.06861613423085391,0.06919144738830206,0.07126780746120917,0.07617366060119722,0.07890448987985128,0.08087215512865777,0.08291974140860388,0.08412300311023778
2025-03-03,0.050477518524456054,0.05076486025582841,0.051892237073789045,0.062289118126478596,0.06332270658829448,0.06400736752540488,0.06488066532449084,0.06497571078886652,0.06644525648891654,0.06724201636292176,0.06862079291878435,0.06919454596312542,0.07139084578468359,0.07614600757578552,0.07904875488047654,0.08110129174692379,0.08265683067116417,0.08433160388498276
2025-02-28,0.05068549646017992,0.05060958426190383,0.05213998058105305,0.0622035609246207,0.063238720873306,0.06385325126044415,0.06479093318011377,0.06490522567708354,0.06637334436945623,0.06716135651883,0.06853848734475992,0.06912752064706772,0.07155287541671063,0.07622928504427433,0.07905704121282747,0.0810349067749468,0.08249420594789636,0.08419158609283452
2025-02-27,0.05058672355788408,0.05060958426190002,0.05213998058105973,0.062289118126480074,0.06323902843306847,0.06385325126042457,0.06479882786883649,0.06489223552024329,0.06637352441844901,0.06716719944981758,0.06853441037942527,0.06911806716666365,0.07155964547826965,0.07620449893356417,0.07905569076275927,0.08109566314710208,0.08249021024918762,0.08404377275290337
2025-02-26,0.0510608117949992,0.05109713306924591,0.05213998058105973,0.06228911812647852,0.06323755228236298,0.06384797156918527,0.06479882786883642,0.06489811300498435,0.06637266026300907,0.06716384569568642,0.06854005106583831,0.06911525061577807,0.07164452716252848,0.07629930272215743,0.07930387478103908,0.08143797154911227,0.08229735943814757,0.08391510790472735
2025-02-25,0.051304120235798244,0.05134086327689897,0.05213998058105973,0.0625803551814125,0.06323679602638914,0.06384533269631944,0.06479882786883642,0.06488833760760096,0.06637221754218088,0.06716216943712591,0.06854005106583831,0.06911313486692129,0.07163902654846323,0.07635313019595114,0.07938117117019253,0.08138949511601797,0.08227817246522538,0.08390259984258348
2025-02-24,0.05130053009272834,0.051278798812370845,0.05213998058105973,0.06258035518140606,0.06330791007951377,0.06392289539273793,0.06479882786883642,0.06488833760760093,0.06636982744661524,0.06715939944618346,0.06854005106583831,0.06911313486692137,0.07161640024401653,0.07634469149730844,0.0793584126931739,0.08143253688506255,0.0822748488181944,0.0838981327808628
2025-02-21,0.05142621741028822,0.05139935414363277,0.05234193341129816,0.06256984829265885,0.06331254213623386,0.06392159115799208,0.0647866111053784,0.06489306180202256,0.0663691012093734,0.06715274805496103,0.06853547862749133,0.06911880612356637,0.07166370926092107,0.0764785702492687,0.0793769364582893,0.0814047936403611,0.0822534095434776,0.08388269418752671
2025-02-20,0.05155459543832729,0.051340863276896895,0.05234193341129609,0.06256459660293237,0.06331214197607468,0.06392222519070212,0.06479449224528355,0.06489382051892435,0.0663688672630814,0.06715897429433872,0.06853147479600957,0.06911920880911346,0.07166606631494038,0.07642493456163943,0.07941151706933701,0.08138839147354349,0.08225849241784527,0.08376885063528734
2025-02-19,0.05204831963625063,0.05146759134399986,0.05258231368008465,0.06255934608238536,0.0633106031338408,0.06392085150040758,0.06478933253883051,0.06490299724995058,0.06636796760727456,0.06715810287515486,0.06853360910737763,0.06911873668931254,0.07178417954593544,0.07645906132886617,0.07948572128982162,0.08135173241240681,0.08205124019034822,0.08362621367093943
2025-02-18,0.051797804860389436,0.05146759134399941,0.05258231368009296,0.06255409673058047,0.06331137260610145,0.06392085150040751,0.0647893325388304,0.06490647415668101,0.06636841746506647,0.06715810287515486,0.06853360910737759,0.0691261032571892,0.07178457529067962,0.076412877356234,0.07947937300516646,0.08134518964361295,0.08206438366733766,0.0836365029970161
2025-02-17,0.05215938169633724,0.05120081689882578,0.05264961241136536,0.06251131175845051,0.06330517501511533,0.0639236291575974,0.06478788816179065,0.06491092550034414,0.06636827663159435,0.06715986492000554,0.06853262919293919,0.0691292861590853,0.07160533460350732,0.0764131280818776,0.07948652520703743,0.0813346862978564,0.08209067116301597,0.08365299016553224
2025-02-14,0.05206806736790943,0.05120437798986567,0.05258231368009297,0.0491702678256226,0.049817957180603466,0.05031907176214028,0.05110112993349156,0.05155251778503796,0.05295649114969782,0.053663678768009614,0.05497191851209179,0.05578366909771296,0.058270831455374324,0.062417762536876094,0.06609074247440111,0.06796857130987696,0.06857361509004058,0.06984866749607145
2025-02-13,0.05206806736790943,0.05120437798986567,0.05258231368009297,0.04919960414696713,0.04981795718060437,0.05031907176214142,0.051105513044474575,0.051557907777024986,0.052956491149696944,0.053667352029456446,0.054969424415637645,0.05578756706772943,0.05848424043906497,0.06257237280561317,0.06616620508409542,0.06811957044605388,0.06856264596706774,0.06997535923846006
2025-02-12,0.05226553945472877,0.05120437798986567,0.05282265073838808,0.04916152377834471,0.049817477006203856,0.05031907176214142,0.05110149376605869,0.051562663706116674,0.0529562067004841,0.053667352029456446,0.05497012775931421,0.05578614358362251,0.05872584236559668,0.062482073845682815,0.06625762161880198,0.06848009539245024,0.06814486746556739,0.06932751822722553
2025-02-11,0.05236053203652517,0.05120437798986567,0.0526976808597877,0.049161523778344596,0.04981721513795853,0.05031907176214142,0.05110358360697397,0.051562663706116674,0.05295605157306818,0.053667352029456446,0.05497156678284557,0.055789424542755026,0.058651452990540476,0.06202532634464251,0.06622290992341487,0.06811631042631688,0.06825550102828025,0.06958188206793803
2025-02-10,0.05235679285189407,0.05133728325768096,0.05236116542335854,0.049161523778344596,0.04981413516180253,0.05031785467058789,0.05110921208212138,0.051562663706116674,0.05295635400050793,0.05366656934364528,0.05497544244277389,0.055789424542755026,0.058503771015621604,0.06180285138932561,0.06626436186086483,0.06824845249319636,0.06821360393220505,0.06961622068367422
2025-02-07,0.05187058577220955,0.05101913318084066,0.05236116542331252,0.04904079077302282,0.049703111914440566,0.05020455975220388,0.05099800632899337,0.051444989127746525,0.05284205787141312,0.05362881353270361,0.0549483404680084,0.05579514557748398,0.05820478645964424,0.06164032967238938,0.06588034127940216,0.06785995585007926,0.06846722202726957,0.06967464197044433
2025-02-06,0.05187058577220955,0.050853373399952315,0.05229385217090839,0.0490472739710169,0.049703111914440566,0.05020595659100603,0.05100350109492443,0.05144481349135823,0.052842057871413016,0.05363338898586226,0.05494660856443096,0.05579497928454779,0.05825857794125362,0.06181864958640095,0.06596437159222458,0.06804581268980905,0.06843470983564853,0.06966397295954804
2025-02-05,0.05196932775872703,0.0510483834925471,0.052216918589571955,0.0490472739710169,0.04970287237136506,0.05020431327537806,0.05100478532928367,0.05144854737960023,0.05284191594889861,0.053632330373899036,0.05495097343373852,0.05579282711453817,0.058070368147832466,0.06070025191677098,0.06575368903994837,0.06789616732486295,0.06868952178377775,0.06984308990399553
2025-02-04,0.0523309167632663,0.050980132105237254,0.052216918589571955,0.049199604146967196,0.04985572067950562,0.0503596569136004,0.05115047543030228,0.051600699587904746,0.052994327399814585,0.05378640186724072,0.055095617394303534,0.05593817314545339,0.05835808540626704,0.06103074482713378,0.06602178365782763,0.06808056776551678,0.06889919217197055,0.07006069848898346
2025-02-03,0.051991574574498135,0.050976602005267685,0.052216918589571955,0.049199604146967196,0.04985345599560024,0.050359592467668,0.05115047543030241,0.051600699587904864,0.05299511767981414,0.053786360359965577,0.055095617394303666,0.05593817314545351,0.05839893223604462,0.06078032905108267,0.06605090867820576,0.06811787640284489,0.06891178615692434,0.07006802336712437
2025-01-24,0.05265667287534901,0.05075586128140221,0.052265002596685914,0.04897415648811616,0.04985582557935711,0.050361552932407266,0.05114526211321435,0.05160293926469871,0.05299086773831733,0.05378392244803766,0.055094074686861116,0.055941438574720316,0.05830780134525314,0.06063144389369922,0.06583276478089237,0.0679324525915496,0.06901226096492599,0.07017995082625456
2025-01-23,0.052656672875290474,0.050931379699991716,0.052457321333979935,0.048942533513014926,0.049855825579356985,0.05036006905527103,0.051146450716167594,0.051603741574257074,0.052994732895280734,0.05378666731267022,0.05508934618944328,0.05594199745628779,0.058351590983476365,0.06056346132122468,0.06586338418195656,0.06790225680026367,0.0690199119445836,0.07028147767187706
2025-01-22,0.052854088088199705,0.050492555006239496,0.05264961241136635,0.049161523778346226,0.04985533545900642,0.050363779238699904,0.051143232007086,0.05160170912690998,0.0529944422806108,0.05378905690714818,0.05509062216598751,0.05593559909215084,0.058453804181070136,0.06068650035004756,0.06604846125329107,0.06829763346406593,0.06845867005305488,0.06984861481934151
2025-01-21,0.05324888968720429,0.05109713306936036,0.05293799718258921,0.049199604146967765,0.049815915064982695,0.05031997757321724,0.05109956503562067,0.05156165497106281,0.052955623533862434,0.053747341571880415,0.055048729270308065,0.05590947736686687,0.05850744740922599,0.060492121035223195,0.06631949708871977,0.06844643721843127,0.06846110420855687,0.06996180393466864
2025-01-20,0.05324502283489406,0.05109358681634539,0.052937997182554916,0.04934239261561337,0.04992157411586286,0.050426204045146104,0.05121608612022601,0.051674997970962915,0.053100142114516594,0.05381318998741777,0.0550445261005882,0.05582170361467573,0.05853816258080128,0.06112933916810453,0.0662198880743136,0.0683323537501738,0.06815442775544901,0.069695758934304
2025-01-17,0.05324888968718742,0.051097133069246174,0.0527457475800984,0.04911693877526977,0.04973903121735011,0.05024259489372715,0.05109840520536144,0.05155992787666979,0.05295408053305235,0.053746206443308416,0.05505002060151002,0.05590984976344796,0.05869622117028091,0.061157429878471795,0.06631711012390762,0.06820805738607735,0.0682917732943168,0.0698166026512487
2025-01-16,0.05324888968718742,0.0513408632769015,0.052745747580088015,0.04912344195955224,0.049739031217338844,0.05024053965934664,0.05110277977486856,0.0515599198135712,0.052957943730713324,0.05374857710764236,0.05504746273074241,0.055909813162458855,0.058655883738837504,0.061209188702403855,0.06641369587413515,0.06829913661146611,0.068239047944207,0.06977926155880348
2025-01-15,0.053446276075136995,0.051097133069246355,0.052745747580088015,0.048866351743275485,0.049661655003673116,0.050242594893716505,0.05110277977486856,0.05157048407753708,0.05295997393378061,0.053749903100985104,0.05505094634476005,0.05591258954511792,0.05893171888714774,0.06139989690271081,0.06654230486177869,0.0683863700724095,0.06840093009448094,0.06993998895686604
2025-01-14,0.053811415568546954,0.051097133069246355,0.052649612411367036,0.048761592332692116,0.04966075227756459,0.05016520939488725,0.051026697532940854,0.05157326018747785,0.05295943684428172,0.05375246503634267,0.055054858077393895,0.05591792653552516,0.059162617924313966,0.0615246808011974,0.06656790702287935,0.06846290589962523,0.06833738873400425,0.06987207058956808
2025-01-13,0.05363972858748164,0.0501672701780436,0.05221691858957187,0.04860919541462223,0.049516908519559276,0.05002759080401778,0.05103392370429114,0.05157729923162534,0.052963985190346605,0.053762123554326094,0.05505985002752116,0.055920867162667,0.05917392144694893,0.06151434802142771,0.06649449795991152,0.06839629687421718,0.06822011074910735,0.06968958699201086
2025-01-10,0.05381141556853824,0.05017068952936927,0.05197647261104189,0.048532988245396036,0.04943968095840013,0.0499504764499359,0.050887869020625615,0.05157742362367464,0.0529622272357247,0.05376114675843093,0.05506700271021543,0.0559227023278841,0.05902932043284393,0.06201083499073325,0.06663127128119958,0.06810174279032741,0.06787622744185547,0.06957603358640184
2025-01-09,0.05347588320474954,0.050365765647955356,0.05197647261104145,0.048532988245395925,0.049440506676704965,0.04994884088624011,0.05089223467056403,0.05157552377062883,0.05296660395693137,0.05376381406726956,0.055064365401359464,0.05592138097400625,0.05865273099668629,0.061530571044929414,0.06635213000042384,0.06823573490751382,0.06818417103364469,0.06992213622584066
2025-01-08,0.049121314062690866,0.05075586128135058,0.051687880345857196,0.048532988245395925,0.04945122919896337,0.04994557071992902,0.050897042149290465,0.05157931922766206,0.05297301439243835,0.053761690394742795,0.05507121426663628,0.05591901025069987,0.0586004122350735,0.061321776643619534,0.06633434060849758,0.06813903429474957,0.0681604533475651,0.06979588602164087
2025-01-07,0.04816959452906898,0.050658344447354696,0.05159166907957984,0.048504409059615165,0.04942479594208004,0.049917362592790254,0.05085978441214739,0.05154101759192695,0.052935914501759405,0.053723466094489906,0.05503374264841611,0.05588411702228501,0.058655502781292695,0.06140890771827193,0.06629456390558236,0.06816360816216598,0.06807903581773393,0.06982217399128197
2025-01-06,0.048166428985388046,0.05065485858423069,0.0515916690795788,0.048504409059615054,0.04942487182482186,0.049917623429460684,0.05085978441214701,0.05154101759192649,0.05293595986098318,0.05372363545759513,0.05503374264841547,0.055884117022284366,0.058539225473781216,0.061285138405011604,0.06627049076769814,0.06813742211994064,0.06818932433306649,0.06981560182619966
2025-01-03,0.04821228811640626,0.050248722241371106,0.051687880345856765,0.04852663920294406,0.0494246226931567,0.049920794566312966,0.05085381058590835,0.051536758008351224,0.05293191403618234,0.05372197215668595,0.05503174828335161,0.05588275247181198,0.058560350711097234,0.06113423912658528,0.0663026556651752,0.0680452204087972,0.06808579126062428,0.06990881845592141
2025-01-02,0.05248886238832596,0.05024872224133327,0.051687880345854094,0.04852346550885116,0.04941409606500248,0.049920794566312904,0.05085818272802748,0.051534085413028015,0.05292951860909991,0.05372569449975295,0.05502911413682381,0.055880862876106184,0.0585083676242152,0.0611186707227591,0.06637078089823067,0.06784881547801908,0.06813413330491543,0.06965671365322625
2024-12-31,0.05282447641889519,0.05024872224133327,0.05188028211060929,0.048504409059615235,0.04941327043906599,0.049920794566312904,0.050854980064662214,0.05154101759192658,0.05292902508829616,0.05372569449975295,0.05503041307899713,0.05588411702228441,0.05854026281741719,0.06105994054389829,0.06623821244540529,0.06781035121526521,0.06825174520335045,0.0697535491016856
2024-12-30,0.05282067082603137,0.05024529228973334,0.05187664260793717,0.04850440905961501,0.04941321018228435,0.04992041738260516,0.050853679019522445,0.05154101759192647,0.05292898906959473,0.053725841091318165,0.05502988664961459,0.05588411702228437,0.058539225473801276,0.06099298227342368,0.06617190016590369,0.06776318278278248,0.06836172094823229,0.06974631156950785
2024-12-27,0.052656672875289405,0.05024529228973334,0.05160972504100733,0.04895511730099313,0.04929831815598735,0.04987651488530038,0.05067187124576437,0.051418291935088116,0.05281065787976611,0.053646408774160784,0.05504037879005164,0.05587881898050769,0.058694058684173704,0.061108489813554594,0.06643007197103044,0.06785036207113,0.06845574328777117,0.06984868782532543
2024-12-26,0.052982402823568565,0.05024529228973334,0.0518574063587057,0.04896157804866214,0.049297518806726254,0.04988171089834424,0.05066510541483012,0.051417791432934186,0.05281404450471609,0.053643976305351525,0.05503576916166676,0.05587855601451749,0.058695481734911424,0.06111130329642516,0.06641714087523574,0.06785277220173593,0.0684575958089805,0.06984976296321546
2024-12-25,0.052982402823568565,0.05024529228973334,0.0518574063587057,0.04896157804866214,0.049297518806726164,0.04988171089834424,0.05066941734168351,0.051421525434121214,0.05281404450471609,0.05364768114652077,0.05503324882687598,0.05587611745872014,0.058789851824375156,0.06110259271675007,0.0664103089160608,0.06784747297183198,0.06845384961480502,0.06994386252232339
2024-12-24,0.052982402823568565,0.05000146311158597,0.0518574063587057,0.04896157804866214,0.049297518806726164,0.04988377133769535,0.05066941734168351,0.051421525434121214,0.05281404450471609,0.053649019017483986,0.05503677205084356,0.05587943203770632,0.05878876241468967,0.06110177589349499,0.06637150540663098,0.06785537702984287,0.06846025645497476,0.0699490991116538
2024-12-23,0.052978574492647555,0.050245292289733505,0.0518574063587057,0.04912344195955235,0.049297454495122656,0.04980429582611999,0.05066941734168351,0.05126106705964859,0.052745041275329564,0.053421854879371275,0.05484683588001356,0.055721242047780346,0.05868412928401575,0.0609420186155842,0.06607336744501006,0.06757064546951139,0.06837324792495418,0.06983772872307298
2024-12-20,0.05282447641887642,0.05000146311158571,0.05160972504102513,0.049116938775255706,0.04922099153647721,0.049723764617667726,0.05052623045810157,0.05111155342718134,0.05258616507207547,0.05342442395209723,0.054855733872571345,0.055726247139233326,0.058856078976929176,0.06118495603264395,0.06660535080505312,0.0675578725212408,0.06866750052818817,0.06981271277772866
2024-12-19,0.0510078806121861,0.05000146311158571,0.051376409827778226,0.04912344195955229,0.04870610629160041,0.049206265251894366,0.049925020064042154,0.0505839911600187,0.05223371789079102,0.05313140107325878,0.054608253715529666,0.05544405064264658,0.058343701212268013,0.06099215851950235,0.066624100415214,0.06791103741495787,0.06805068994299883,0.06956205940255628
2024-12-18,0.05100788061216854,0.05000146311158571,0.05017315811561842,0.04912344195955229,0.0484175001370248,0.048915839657061436,0.04980313300197318,0.050587543341860296,0.05224230903036716,0.053144560542800076,0.05462486343994195,0.05544172404324458,0.05776787378665255,0.06032677663704764,0.066086051921275,0.0678078577103696,0.06828584741663725,0.07012724514283308
2024-12-17,0.05117575238900719,0.05000146311158571,0.050173158115683646,0.04943757360248008,0.04848444194650514,0.0489836091661057,0.049871190302441665,0.05065746384084932,0.05231890711079891,0.05322180612704621,0.054705984178764065,0.05550647864524589,0.057767449024264686,0.060328824285494104,0.06591432014157192,0.06772225672917787,0.06844911489441298,0.06997344413933855
2024-12-16,0.05117218015078028,0.05000146311158571,0.050173158115683646,0.049437573602331086,0.04848441952228483,0.048983609166094996,0.049871190302429154,0.05065746384083427,0.05231889360264779,0.05322180612702326,0.054705984178736386,0.055506478645226585,0.057776904902504325,0.060361891855990855,0.06599608473580386,0.06785999483231078,0.06838512545033201,0.06992670072419177
2024-12-13,0.05117575238899645,0.05000146311158571,0.050686145415727815,0.048402822265643124,0.04848444194649654,0.04897861545754394,0.04986091509456167,0.05068126765800574,0.05231508742455284,0.053220477570909225,0.05470065167987665,0.05552574397856305,0.05789464508264596,0.06037054618373589,0.06595920145928261,0.06785153768632587,0.06837637598367816,0.07001326116071459
2024-12-12,0.05134361721738976,0.050118504816785314,0.05089523955740232,0.04840913920768759,0.04848403688361296,0.04898263860286315,0.04985515805857836,0.050680596210078074,0.05231866310477289,0.053217492767112934,0.05469670095053243,0.055525350489109636,0.057990163706361064,0.06057772917497464,0.0660610471460129,0.06781119418072878,0.06845337266209599,0.07028167079535012
2024-12-11,0.0515509700601501,0.04987466022231896,0.050693096204543854,0.04793265375530266,0.04826224752311337,0.0486941983541503,0.0496390768670897,0.050393833315371825,0.05194055480141283,0.053003528424163275,0.054704458243630065,0.055543535222411636,0.05732304345940849,0.06068389601294462,0.06588891311005488,0.0678532011550537,0.06742875424489617,0.07098064389080104
2024-12-10,0.050563480599765516,0.04975760428494142,0.05036575144107246,0.04721749960911043,0.048004786143619395,0.04839497097211437,0.049420807525882834,0.05022669747561787,0.05184123655653798,0.05293448712556422,0.05463976525749938,0.055497148590111185,0.05687929181423458,0.06022174515416525,0.06576185081303668,0.06776695619779943,0.06746811153504895,0.07099123275289425
2024-12-09,0.0505599931484558,0.04948444719149735,0.05036575144107231,0.04710302746864177,0.048004766240985215,0.04847468502252602,0.04942080752588277,0.050229650398896,0.05184122455830355,0.0529334369001562,0.05463976525749934,0.05549934268719127,0.0569214471010719,0.06025297173577488,0.06576725573029159,0.06781934805717417,0.0675163014552658,0.07103725594123014
2024-12-06,0.05056348059976552,0.049630785975605766,0.05016634828543592,0.04709704418828835,0.04800478614361937,0.04846859734923911,0.04942217445910697,0.05022626292270263,0.051837482683868924,0.05293130014983453,0.05464264679852254,0.05549857089258773,0.05672349737503968,0.060280007387227275,0.06579502190754731,0.06768070728719114,0.06756270582186734,0.07107208731297722
2024-12-05,0.0503165706606642,0.049630785975606655,0.05017315811568374,0.04710302746864275,0.04800537597451122,0.04847348438670662,0.04941981524447641,0.050226038736011655,0.051841592134069955,0.05292898950697657,0.05464107909662252,0.05549847308707376,0.05670406398126109,0.06021733817716213,0.06575479355192443,0.0677271842319113,0.06763734225999295,0.07113959009490814
2024-12-04,0.0508103755074277,0.048898985249966824,0.050693096204441825,0.047255654077476957,0.04793682499738587,0.0484794893401765,0.04941548601225982,0.05022571332195331,0.05184287122630969,0.052936606696501035,0.05463244338447978,0.055493050537927066,0.056702246616735244,0.060204711901673195,0.06573019376022438,0.0677323079386441,0.06764151391023153,0.07104506528955522
2024-12-03,0.050810375507434904,0.049386882069439704,0.05052943387772608,0.04725565407748051,0.047936824997385045,0.04847548554495701,0.04941814643595659,0.05022571332195316,0.051842871226309706,0.05293396506929488,0.05463787719927538,0.0554964173392439,0.05637771536695396,0.06003149592807157,0.06540444266995409,0.06761811202166038,0.06792094758369446,0.07051263233397845
2024-12-02,0.05080685398831664,0.0495527399529262,0.05020826858822696,0.04725565407748051,0.04793680052561987,0.04847412470373623,0.04942142329181306,0.05022571332195316,0.05184285645117904,0.052933067212748895,0.05464210246252227,0.0554964173392439,0.05623071323711887,0.05967491977940677,0.06517610211678226,0.06739274941022814,0.06780093018312063,0.07078960295168141
2024-11-29,0.05100433172159929,0.049878039963916584,0.05021509004444066,0.04724963226659393,0.04793146407304767,0.04847191967249021,0.04941416761675437,0.05022244483811076,0.05184217137276688,0.05292752946003874,0.05464227952594672,0.05549574320399669,0.056220827630802765,0.05960641732724805,0.06525029658135295,0.06754342534449272,0.06774817363313483,0.07070108687323802
2024-11-28,0.05100078348868559,0.04987803996388143,0.05036918331139527,0.04725565407748127,0.04793222196694332,0.04847191967249027,0.049422032430994425,0.05022211241610972,0.05184299515761248,0.05293118550412711,0.05463662399146477,0.05549552341472532,0.056222175031853,0.05960906955420737,0.06524964050914753,0.06754296036353902,0.06774781920545025,0.07070063988556222
2024-11-27,0.05166217063520403,0.050121917551042595,0.05043659353226065,0.04717934368493044,0.04793622934950375,0.04846993752132947,0.04942094273630264,0.05022768170632387,0.051839534277603704,0.05292987869540275,0.0546394094010712,0.05549451043059951,0.05622301936732572,0.05960971733767405,0.0651380491810186,0.0674086776422979,0.0678134871148379,0.07084907762778232
2024-11-26,0.051543721340715,0.049878039963882376,0.05069657254928569,0.04710302746864277,0.04785951356057748,0.048394452731885924,0.04934869208946415,0.05015147872423762,0.05176686409009714,0.05286416919606685,0.05455883167556145,0.05542169864167578,0.05613566312006971,0.05953357517378676,0.06506005462711183,0.06733118936930249,0.06773634795454452,0.07076947047768639
2024-11-25,0.05129694061881545,0.0498746602223189,0.04969489411060768,0.04674044588381489,0.04778310983095362,0.04831688231290245,0.049364863674805644,0.05016081892270448,0.05176951026949603,0.05286662629936195,0.05457029803781557,0.055348004459790955,0.056060189062088935,0.05951462217798511,0.06512511244175662,0.06743441420943165,0.06735805557173284,0.07072268817732195
2024-11-22,0.05000661030940007,0.050121917550992136,0.04969489411060857,0.046734553649015916,0.047716109241234005,0.048237538047071836,0.04936486367480563,0.050157541301363025,0.05177384242892189,0.05286425605949539,0.0545685191566045,0.055347306621772334,0.056081573194289344,0.05949931716983845,0.06512748291438535,0.06741903694734865,0.0673615382862226,0.07072514246045856
2024-11-21,0.04968755388629118,0.0498780399638827,0.04969489411060857,0.046740445883814916,0.04763707358083864,0.04823951034737817,0.04936486367480563,0.050157197642967645,0.051775041693650846,0.05286921678681175,0.05456673622115399,0.05534710735971156,0.05593690345501949,0.05945912534656553,0.06514454710879301,0.0674311315949667,0.06737069227898382,0.07073185614394885
2024-11-20,0.0496875538862903,0.04948777446718856,0.050051346485957694,0.046740445883814805,0.047634277725034,0.04824266703248665,0.04935910749272925,0.05016081892270447,0.051773510206900936,0.05287130593139463,0.05456621664836549,0.05534464703499369,0.0559055511539916,0.05945069004578641,0.06508590327446248,0.06743225295156074,0.06738698843971869,0.07074529428773058
2024-11-19,0.050507139138758705,0.05012191755099279,0.0513799799201237,0.04705532687571532,0.04785080896442564,0.048392473864603366,0.04940569875754513,0.05015270730083436,0.05176973051543249,0.05286286411222906,0.05454857932669272,0.055422611637145805,0.05596938185686794,0.059515486103497106,0.06505178010448115,0.06737714296420533,0.0675307352430823,0.07092647687302793
2024-11-18,0.05166217063510166,0.04987466022231956,0.050369183311426,0.047217499609115914,0.04776819242393798,0.04839431899037937,0.049422032430992156,0.05022669747561993,0.0518490989725845,0.052933623914052805,0.05464018209357032,0.05549714859011495,0.05606431491269993,0.05960071646349135,0.0651252458616489,0.06746904022034046,0.06760314955883809,0.0710020137154883
2024-11-15,0.05132923859630808,0.0503657656479182,0.04969489411068578,0.04689673680137347,0.04769320517446549,0.048313032273335436,0.04936071984343148,0.05015345771234995,0.05177400446535778,0.05286043568702965,0.054569464229108806,0.05542490886437847,0.055981199516602985,0.059514001500547094,0.0650540683591877,0.06739294946025334,0.06752690321620884,0.0709216453250504
2024-11-14,0.045092767592657755,0.05065834444738812,0.049694894110608595,0.046263164469978184,0.04725334589912143,0.048010481329488236,0.04920926718974205,0.05009127353240724,0.05171672368148198,0.05279281134228429,0.05450225712256437,0.0553592760409158,0.05591303823936129,0.05936682129419998,0.06497755855575713,0.06757228915117638,0.06738663929319669,0.07079309762201329
2024-11-13,0.045013670923282394,0.04997559453800051,0.049213050678579714,0.046100836882663185,0.04713400373038119,0.047870693976033225,0.04907112485797683,0.0499524407410951,0.05156791276587625,0.05264219757572617,0.05435640832170089,0.05521420757790845,0.055697592395142465,0.058894423417816984,0.06485598296739331,0.06737896519480763,0.06729678994207083,0.07068392390346924
2024-11-12,0.044103945877346895,0.04860940085377743,0.04776647758914924,0.0456232500244582,0.047030230377860784,0.047842906678353975,0.049055434223269294,0.04992558274698901,0.051536699628124814,0.05262092317325415,0.054344273470923486,0.0551878395177846,0.05555953301648719,0.05868985901549201,0.0647126606740713,0.06729256969347212,0.06732848676193771,0.07069729046805748
2024-11-11,0.043985270708376836,0.048508582315358276,0.04776647758899516,0.045623250024417014,0.047030519511876485,0.04784411870754534,0.04905543422326933,0.04992558274698896,0.051536877000357195,0.05262172835317182,0.054344273470923465,0.0551878395177846,0.05550649181325526,0.05865001678802578,0.06472163967027501,0.06730147310185135,0.06733457194700063,0.07065081357011695
2024-11-08,0.04397999052823789,0.04851178016398387,0.04635697510085932,0.04638147533908711,0.047028036320317206,0.047843689835841724,0.04907384232959174,0.04990435873461292,0.051537330613405874,0.05261779550125996,0.054359650831485834,0.05517380839658162,0.055405201949204584,0.058493743860046986,0.06450952897822824,0.06689195904004956,0.06726155969898862,0.07055297015800457
2024-11-07,0.04413361411489865,0.04870701681770524,0.04635697510086096,0.04638727955312175,0.046986124375688776,0.047880875586696015,0.04911702669764243,0.05001967609722157,0.051644960266532786,0.05272846388543747,0.05454561975541242,0.05535952552897035,0.055621313415097434,0.05873300141964116,0.06484742123553619,0.06733888641473298,0.06739658291719097,0.07071990152113018
2024-11-06,0.04413361411489865,0.04851178016398347,0.04635697510086096,0.04638727955312164,0.04699161263365703,0.04788244313956215,0.04911702669764243,0.0500232923544824,0.05164252285123839,0.052729506638747294,0.05454926467131996,0.05535696453800792,0.05564202705537861,0.05875339578591774,0.06475581026854677,0.06705164314989007,0.06776082401409142,0.07103784683371231
2024-11-05,0.044370952028890825,0.0485117801639837,0.04667569127919505,0.04638727955312164,0.04691394171645338,0.047804935822711406,0.04903401655645102,0.049945091412378906,0.05157917045976571,0.052652515410251115,0.05446827377493359,0.055292754062953545,0.05552203909043855,0.05864547702576615,0.06469587394910033,0.06698983334317864,0.0678387564884446,0.07090161276584069
2024-11-04,0.04437095202888951,0.04726854905486784,0.047197063016744686,0.04614858302600344,0.04691394171645114,0.047815162851634764,0.04902564560986165,0.049951215553060396,0.05157917045976257,0.05265931957493152,0.05446230565499499,0.05529731424565256,0.05555510820994858,0.058656175036501404,0.06458140860875151,0.06694271480802957,0.06773750509769207,0.07099941568548646
2024-11-01,0.0435646985507629,0.045550121167665665,0.04587392698740182,0.04494879125268073,0.04673016929534938,0.047754259133862643,0.04889659897573083,0.04983294443644405,0.0514286060989565,0.05259903995523435,0.0544017618172007,0.05524522645445569,0.0554528561383797,0.05852580413955538,0.06447710847219629,0.06664510533846622,0.06775058728176701,0.0709862692342431
2024-10-31,0.04356210861188353,0.04554730093681455,0.04587392698740301,0.04495424500104131,0.0467275117332714,0.04775202514391779,0.04890082230661109,0.049831471085156114,0.05142737033946315,0.05260330125874258,0.054398895734726734,0.05524422364799078,0.05545371090346711,0.058516831939581467,0.06447765085996346,0.06664548882143075,0.06775088674155828,0.07098629727088789
2024-10-30,0.04370780748563414,0.04554448117065705,0.04587392698740301,0.04519322674874319,0.04673262852784806,0.04775182375025957,0.048900822306611615,0.04982902170904099,0.05142402298840853,0.05260356711046762,0.05440253432764447,0.05523706621100814,0.05547167075132846,0.05854629564030368,0.06442038792058707,0.06653563638395225,0.06778909724023742,0.07101642262637306
2024-10-29,0.0437052007433745,0.045402172278021534,0.04587392698740301,0.0451932267487534,0.04673268104613715,0.0477618492432489,0.048900822306611615,0.04982902170904096,0.051427825674301604,0.05260206932877801,0.05440253432764456,0.05524047253842769,0.05547083539275759,0.05850097732935145,0.06444981254471945,0.06651999544268056,0.0677927332515649,0.07102014320093833
2024-10-28,0.04378166035408149,0.04540217227802131,0.04587392698740301,0.0451932267487534,0.046732534521696976,0.047761849243248826,0.048900822306611615,0.04982902170904096,0.05142773538725136,0.05260206932877802,0.05440253432764447,0.05524047253842765,0.05545947849869163,0.05842393484531538,0.06453472039918305,0.06659969307739412,0.06776147055974581,0.07109428283753914
2024-10-25,0.045877558616718155,0.044600367351701344,0.0457096508646356,0.044824528060251945,0.04660849706279844,0.0476059450348412,0.04874343030428571,0.04967963065464512,0.05128026646937065,0.05245176842585837,0.0543390756812361,0.05517286405026754,0.05535829770444416,0.05848656312175811,0.06437323270275111,0.06652849733686012,0.06768837118129498,0.0709166702142394
2024-10-24,0.04457861105735457,0.04460036735170112,0.04539070428870749,0.044715206127402395,0.04657072297711003,0.04757440683165058,0.04871376048109968,0.04968106865736335,0.0512823251500289,0.052449899307235315,0.0543412284824409,0.05517406223626401,0.05537089250542062,0.05847767342774523,0.0643862648895896,0.06652627324580744,0.06768663193800344,0.07096489757708141
2024-10-23,0.04457861105741712,0.04460036735170112,0.045390704288713134,0.04471520612740217,0.04657610719415733,0.047574406831650505,0.04871376048109959,0.04968472426809481,0.051279137472254106,0.052453570051976026,0.05434487734639565,0.05517143213269578,0.05531863435156468,0.05841515237214201,0.06439847098220004,0.06653434760105964,0.06769335350621289,0.0709713325319773
2024-10-22,0.04457861105741712,0.04460036735170112,0.045390704288713134,0.04471520612740217,0.04657610719415724,0.047574406831650505,0.04871376048109959,0.049684724268094754,0.05128288469631076,0.05245357005197612,0.054344877346395606,0.055174849487639684,0.05531781226359901,0.05829169693073492,0.06431364171909368,0.06652368415057096,0.06773183066187294,0.07100132610661647
2024-10-21,0.0442522848466526,0.04460036735170112,0.045062013066106375,0.04387333444397117,0.0465479759254282,0.04750652681210521,0.04857288193656112,0.04962792520433845,0.05120527410585615,0.052386155977717015,0.054193522644126434,0.05504253127970831,0.055128580682934664,0.05789040780873148,0.06392383696319952,0.06604073545607596,0.06778419333848411,0.07099621271224114
2024-10-18,0.04358447536641855,0.04430694397393631,0.04442373463052376,0.043628896628502514,0.0463927029386633,0.04734893765581578,0.04843268890435178,0.049485050978080036,0.05106373478362966,0.052232635132490164,0.0540548563588418,0.05489147432487148,0.0549678427150844,0.05772644274365708,0.063811011212027,0.06586383531001104,0.06746651767307059,0.07090965595733319
2024-10-17,0.04301595726472399,0.04430694397393631,0.04442373463052361,0.04371061842613346,0.04639134793740989,0.047353718090520136,0.048436880146187244,0.049481562737635626,0.05106354803560227,0.052229982196615864,0.05405204966624414,0.05488901465127965,0.05492613828449679,0.0576758344393292,0.06368324339589326,0.06585591208026353,0.06750682748190265,0.07094006494171433
2024-10-16,0.04351053453052019,0.04450256432911324,0.04442373463052361,0.04371061842613335,0.04657868359898712,0.047429732829602674,0.04850508912010553,0.0495635541797491,0.05113273586135507,0.05230963163765556,0.05413342298115836,0.05496408425149652,0.05503416527072465,0.05774999405564941,0.06373430292521003,0.0659373272770606,0.06758875233556674,0.07097624616513934
2024-10-15,0.04400505014972538,0.044013477659159285,0.04511035507885457,0.04403602398962733,0.04665460429754407,0.04751125092578678,0.04857211270928429,0.0495552634877481,0.051202541275048974,0.05238930593694373,0.05419297158723235,0.05504202759193446,0.05508753742971637,0.05781561845194923,0.06386261040267599,0.06600632579689747,0.06766083508819574,0.07105453088041262
2024-10-14,0.04449950413769641,0.044258035903553615,0.04522636877821516,0.04403602398961157,0.04673051689704035,0.04757716630363112,0.04864819608268091,0.04962377453084122,0.05127848661882427,0.05245540977296966,0.05426903053717719,0.055110061986381756,0.05516436000705325,0.05787113431601339,0.06390635995346271,0.06608262136291787,0.06773524408971315,0.07112865119170694
2024-10-11,0.043258145026882217,0.04466882662970321,0.045226368778215016,0.04403078915186775,0.046730881829299256,0.04756903479962819,0.04864399680262747,0.0496214181957264,0.05128132844948815,0.052452119758375056,0.05426820081991625,0.05511015384036433,0.05521744228369396,0.05785378085773234,0.06390665110772392,0.06608023095569697,0.06773334973510138,0.07112700995869445
2024-10-10,0.044153392816711164,0.046272061338787605,0.045226368778215016,0.04508808181587731,0.046731354569558445,0.047599714772686666,0.048687160252625775,0.04956399767668653,0.0513165979450936,0.05251920895148627,0.05430407376021931,0.0550902743134852,0.055227756420048256,0.05785664484697109,0.06389608638034774,0.06612989714096047,0.06771040144243495,0.07110940292440758
2024-10-09,0.044548946147365265,0.046340463576739634,0.045468031657836576,0.04516455195437349,0.04679786238599401,0.0476767128842689,0.04875148689990181,0.049634127536872366,0.051391080735856076,0.052599530252857775,0.05438267977142251,0.055164358466979986,0.05521015878620563,0.057930139366810296,0.06398175066630006,0.06615586883594704,0.06781069823844728,0.07120950366846956
2024-10-08,0.04454894614736483,0.04641863470641688,0.04546803165783272,0.04516455195437371,0.04679786238599419,0.0476760817929254,0.04875148689990167,0.049634127536871894,0.05139483678524381,0.05259910926691364,0.05438267977142043,0.05516776290198452,0.05523021128481685,0.05792771903725307,0.06399156779666716,0.06612359256295688,0.06781674212510998,0.07121513460183511
2024-10-07,0.04454894614736483,0.04649386421311721,0.045902914796256813,0.045231458528925496,0.04679786238599419,0.04775319182105667,0.04882245094997789,0.049710669677293505,0.05146390488616235,0.05266589658189617,0.054485123005089085,0.05535516481837841,0.055392840167013194,0.05814734001811082,0.06417481961525848,0.0663246163156492,0.06799987145352628,0.0714056029569897
2024-10-04,0.044741243813876806,0.046721519057396986,0.04619275832292352,0.04537881322244475,0.04687187678448111,0.04774637442527266,0.04889150822849748,0.04978289158414495,0.05154091539729237,0.05274302378728939,0.05455837708920223,0.055430171421884424,0.05560453519847207,0.05822060371338043,0.06430556969528056,0.06646624341254181,0.06803532200756696,0.07145487902377815
2024-10-03,0.045339934517038494,0.046721519057395876,0.04619275832291625,0.04552770527596146,0.04716622655712529,0.048041933430761595,0.0491196690261151,0.050002602311325084,0.051677873174407085,0.05288997731296428,0.05469771799153337,0.05556905257389367,0.05576699285675334,0.05831801467507448,0.06439127384163364,0.06656999642691334,0.06785744655055782,0.0716326404726832
2024-10-02,0.04533993451703806,0.046721519057395876,0.04619275832291625,0.045604141805015735,0.047163465936770704,0.048041933430761366,0.04911966902611504,0.05000430677837221,0.05167648062192728,0.05289368513909628,0.054701397916168945,0.055565000177467475,0.05567220662206731,0.058292106977043096,0.06438919066373482,0.06656509379070072,0.06786952860294941,0.07164331796190831
2024-10-01,0.04531735905836149,0.04679967533580933,0.046801225279975295,0.045604141805015735,0.04716079979511874,0.0480412975309967,0.04910988018194515,0.0500043067783721,0.05168087376402701,0.05289326184871393,0.05469439928418081,0.05556844933747581,0.05564009131124977,0.05833883621756226,0.06437206326340693,0.06656518463356095,0.06787002291429853,0.07164474553540424
2024-09-30,0.04549105120441525,0.046868059580974585,0.04680122527997618,0.04574744455141925,0.04739199503160251,0.04819616900379763,0.04925590076571576,0.050303760642227635,0.05197657384544224,0.05318583434055542,0.0549996658197688,0.055866760600096196,0.05593548217960391,0.05866950861812957,0.06468126892481307,0.06684985088092267,0.06817519985571421,0.07196323328380387
2024-09-27,0.04549105120441525,0.04687104559167063,0.04680122527997618,0.045894594275922844,0.04753085463901777,0.04834136189663512,0.04947548556750429,0.05052247491546102,0.05219844996227249,0.05333623698885564,0.055070889105150185,0.056248823906645276,0.05638625505604582,0.059026740276006066,0.06506188398402353,0.06722875016316206,0.06855698371130953,0.07236484470736941
2024-09-26,0.04549105120441525,0.04687104559167063,0.04680122527997618,0.0459002781827573,0.047536469370463075,0.0483413618966355,0.04947979037504016,0.05052095042630339,0.052195273789143334,0.0533400201487554,0.05506800064019214,0.05624780147525215,0.056345565405210525,0.05902163546967348,0.06501579113332277,0.067213370738165,0.06857616132433504,0.07250725487958883
2024-09-25,0.04538229025827324,0.04687104559167063,0.0465115136453656,0.0459002781827573,0.047536732000027976,0.0483413618966355,0.04948448723966495,0.0505247012884104,0.05219930942806408,0.05334002014875534,0.05507507793001751,0.056245023042270276,0.05635592451577229,0.05903181903171276,0.06505089447159597,0.0672031766508882,0.06856858032614377,0.07250286200137199
2024-09-24,0.0453822902582728,0.04687104559167063,0.04651151364536738,0.0459002781827573,0.047536732000027886,0.0483413618966355,0.04948448723966492,0.0505247012884104,0.05219930942806408,0.053340020148755336,0.05507507793001749,0.05624857040133895,0.056459106257955714,0.05908865691731968,0.06512052606228716,0.06733087044509002,0.06849743193282723,0.07265408484579601
2024-09-23,0.0453822902582728,0.046868059580974696,0.04651151364536738,0.046043538501327134,0.0476908220172225,0.04849653687830866,0.04964024582226192,0.05074585797914324,0.05227362373309502,0.0535636623052759,0.055299849094177574,0.05646911400721091,0.05677138532426416,0.05905463503728637,0.06514458096268322,0.06736474123283025,0.06862283267894448,0.07277679870362785
2024-09-20,0.04553059990819744,0.046910126218324286,0.046192758322916604,0.04599962800093694,0.047424839194257135,0.04826353221448623,0.04941718196471194,0.05052014451649626,0.052053454922618106,0.053338569077803016,0.055080406459245494,0.05624709885416974,0.056687739738854576,0.05895423456106522,0.06490854276106502,0.06716042766868649,0.06836610051964963,0.07251397882241871
2024-09-19,0.04580742991650623,0.046910126218324286,0.046192758322916305,0.046005337756407604,0.04742976083617886,0.048263532214486156,0.04942150279333138,0.05051822933541039,0.05205002407659872,0.0533423573575459,0.05507749283929342,0.05624580408400986,0.05669904440399923,0.05913414248356836,0.06510775378990064,0.06726699833122013,0.06884947721145881,0.07223627127794573
2024-09-18,0.04580742991650667,0.04729112264246694,0.046192758322916305,0.04630135536684243,0.04765127200833372,0.048492960352026604,0.04964543175582347,0.05073913232167263,0.05227414143408075,0.05356127501570406,0.05530355864266886,0.056460510678359,0.05685393236428915,0.05940290624138471,0.06539086943909396,0.0675760771816558,0.06889008883319063,0.07231094479131328
2024-09-17,0.046094126570293104,0.047359498997223734,0.046192758322916305,0.04630135536684243,0.0476505780663893,0.048492403857392716,0.04964543175582347,0.05073913232167263,0.052273715628661885,0.053560903562165176,0.05530355864266886,0.056464076116449005,0.05682150196063185,0.05938252702045084,0.06529503150864928,0.06757240825267033,0.06888332805671465,0.0723011978500302
2024-09-16,0.04594583775615771,0.04743458221318674,0.046192758322916305,0.04637773278589634,0.04779538042379104,0.04849192594079966,0.04964543175582347,0.050737140217516206,0.052269627033633075,0.053560584558560644,0.05530355864266886,0.056462583921481936,0.05677788201374758,0.05948643570177692,0.0653585546543304,0.06755068374559271,0.06882975151228345,0.07235454146825804
2024-09-13,0.04665757407044354,0.04751577910263079,0.046192758322916305,0.046371930942181956,0.04778798659286951,0.04849113201309514,0.04964106217905231,0.05073551090189363,0.05226773419939393,0.05355624239103783,0.05530271922722678,0.056463312712248935,0.056821041042632206,0.059581845455594896,0.06537014706984919,0.06743253999941576,0.06884658951780522,0.07236714208200949
2024-09-12,0.04679595257765094,0.04766228070268612,0.04651151364536741,0.04659728537678211,0.048053264717663725,0.0487127273592443,0.04990307702344985,0.050991523051563084,0.05248351720732263,0.05382027600851874,0.05555698843167289,0.05671965476880778,0.05704737503259663,0.05983338907242326,0.0656720482525161,0.06768904488166635,0.06910649765674055,0.07264067597027349
2024-09-11,0.04703316176933697,0.04800407638510911,0.04683984875519484,0.0468167897749093,0.04823558029604963,0.0489326839375333,0.050121563850441794,0.0512143606509397,0.05270837281158595,0.05403962429318412,0.05577919480745864,0.056935709401469345,0.05726566366216192,0.060052518676276465,0.06589466337375122,0.06798403274997629,0.06930974374155204,0.07286154037645558
2024-09-10,0.04703316176933786,0.04809195734053764,0.047158449859538355,0.04662591911783015,0.04823558029604972,0.04907721964955979,0.050262302030861246,0.05136600586087451,0.0528562889638769,0.05418339351311055,0.05592037236666642,0.05708868229869528,0.05746310472612391,0.06015923591188813,0.06606649547115898,0.06809744915939885,0.0694631348292886,0.07302157876072547
2024-09-09,0.04716164422435127,0.048088814381437237,0.047158449859538355,0.04662591911783015,0.0482352654489924,0.049077329480537314,0.050262302030861246,0.05136600586087451,0.05285609598628446,0.05418346679678114,0.05592037236666647,0.05708868229869528,0.05736814635867237,0.060156840230032524,0.06607427060390958,0.06809097028634999,0.06947293524074936,0.07302690764056798
2024-09-06,0.04716164422435171,0.04809195734053759,0.047476975060546135,0.04677271677017195,0.04838345458026592,0.04929992851691303,0.05062226625715264,0.05158457498057198,0.05300847551662738,0.05433105826272395,0.056132696221667236,0.05747066890300198,0.057860723913293874,0.060767524716395786,0.06655473944970355,0.06858606296705037,0.07006212451988343,0.07319415002882587
2024-09-05,0.047774350088147906,0.04809195734053759,0.04747697506054673,0.046778618557910844,0.048387755729634815,0.049299928516913796,0.05062679060070654,0.0515828564275996,0.05300431565240866,0.054334974482108195,0.05612956448667971,0.057469461891073166,0.05789311840927358,0.06076709766865174,0.06657667019483596,0.0685928363630759,0.07005157791170495,0.07318602743715949
2024-09-04,0.047280239760782126,0.04809195734053759,0.047805073190236406,0.04677861855791073,0.04838897040198581,0.049299928516913796,0.05062134546818365,0.051586770813760854,0.053009040809969925,0.054334974482108146,0.056129545060922235,0.05746664610349587,0.057820046023192,0.060785105915048945,0.0665430305773376,0.06858881529566702,0.07150599986392366,0.07246665598158203
2024-08-30,0.0472710914475625,0.04743458221318626,0.04780507319023626,0.04676681695989629,0.048387062523153765,0.04929999984667866,0.05061683814067142,0.0515780956060386,0.0530107438771332,0.054337830334547074,0.05612885323293213,0.057471658222989594,0.057788210108966606,0.060808389996457456,0.06655598987859886,0.06860141206732684,0.07149923715182341,0.0724605959575846
2024-08-29,0.047405647775393044,0.04743152438723667,0.04780507319023626,0.04699808316058766,0.04860511946059866,0.04945471103493327,0.050776997760023986,0.051727453389643976,0.05315031610895275,0.05448205086445731,0.056280187822499536,0.057611643499185884,0.05793068474873766,0.06095309347083371,0.06667473060099725,0.06875169621803348,0.07165189450919165,0.07261315021378552
2024-08-28,0.04777123617536139,0.047750644478257415,0.04812344439567453,0.04707440738592882,0.04868703332190737,0.049519538523065024,0.050849514189620436,0.05180368862598438,0.053223073467287656,0.05455779050953771,0.05627741526091884,0.05760321436416485,0.057927339786609376,0.06096177316606546,0.0667087604780063,0.06874034418542585,0.07164320261506947,0.07260868421856319
2024-08-27,0.04789967815654594,0.04775064447825698,0.048287424222476436,0.04707440738592882,0.04868670927907622,0.04952470167992924,0.050846780853534855,0.05180368862598421,0.05322688008397311,0.054555046906851486,0.05627547350561757,0.05760692671065497,0.05797827774482814,0.06091107107438614,0.06672194691700518,0.06873882803700887,0.0716425577474063,0.07260922295494684
2024-08-26,0.04789967815654594,0.04775064447825698,0.048605680602832296,0.047217499609110244,0.04875406592028971,0.04960217141749377,0.05090955345034005,0.051878049569489416,0.05330371324706014,0.054556376518516796,0.05626919242423046,0.057600968263050986,0.058025878622176445,0.06090374017167578,0.06666537615609558,0.06874781693446226,0.07164872053228581,0.0726115697842509
2024-08-23,0.04814034603561789,0.048625831395773075,0.04892386124401585,0.04728777562852895,0.04875054560937213,0.04963345288912714,0.05097750338138892,0.051951439436441635,0.053372960563439535,0.05461969419849276,0.056331978700433355,0.05767699292492491,0.05799831770701619,0.060998906871661616,0.06682671036267847,0.06879791824143484,0.07172205853453362,0.07268710983769577
2024-08-22,0.04826522103738052,0.04870065972174817,0.04892386124400635,0.04729380709014239,0.04874726482208838,0.04963026613110754,0.05098203676698493,0.05195418424359505,0.053371279116425904,0.054619704184647566,0.05632879664031892,0.05767521077024622,0.05799902848592494,0.06101234254438446,0.06673655812097957,0.06883003383710817,0.07173182932518633,0.07269364639887195
2024-08-21,0.04837388945332085,0.04885346178300667,0.04892386124400635,0.04736057135983757,0.048829840956177435,0.04966501782798197,0.05098203676698499,0.05195239986498699,0.053365630686783065,0.05461586663258617,0.056332640341516124,0.057672022497971716,0.057904864357720236,0.06088627033547302,0.06673630051605398,0.06872209201890896,0.07194111182687828,0.07266391403548127
2024-08-20,0.04848255489287361,0.04885346178300667,0.04892386124400635,0.04736057135983757,0.048829566010839216,0.04966243193086226,0.05098203676698499,0.05195239986498699,0.053369486109768174,0.054614272455768734,0.056332640341516124,0.05767573024319018,0.057903576569536805,0.060918948190822136,0.06671780058996747,0.06869248154388342,0.07195055539592494,0.07267151142972703
2024-08-19,0.04848255489287361,0.04885346178300667,0.04892386124400635,0.04736057135983757,0.048829566010839126,0.04965984385953012,0.05098203676698499,0.05195239986498699,0.053369486109768174,0.05461857401781416,0.056332640341516124,0.057675730243190136,0.057902558089743934,0.061053852621877,0.06678688190857271,0.06872047078602302,0.07190592732211415,0.07263836482158754
2024-08-16,0.04825886567660465,0.048772174257566914,0.04892386124400635,0.04743080020835249,0.048750248395065525,0.04961410818230244,0.05097750338138862,0.05194770358904363,0.05337272992241056,0.05462155494054212,0.056332086602079126,0.05767419552560559,0.05794441774944997,0.06101369373135659,0.06675292680003635,0.06869966128208493,0.07192198199572908,0.07264922753900713
2024-08-15,0.04839364702734706,0.04884697748106936,0.04892386124400635,0.04751315866868441,0.04882389556973066,0.049649606394573234,0.05098203676698498,0.051944380705694224,0.0533686432393569,0.0546201242063048,0.05632879664031897,0.05767180400388726,0.05794475552881208,0.06098195432812089,0.06679371795772243,0.06869363567713484,0.07191701144010001,0.07264542113274208
2024-08-14,0.048265221037380054,0.048853461783006744,0.04892386124400635,0.04751315866868419,0.04883011591667233,0.049646871404413005,0.05098203676698498,0.05194832220375977,0.05336579852580018,0.054618333979508715,0.05633264034151617,0.05766898088333364,0.057976124121564304,0.06096785881091368,0.0667428719180681,0.06866018129784253,0.07193987465293769,0.07266305301536963
2024-08-13,0.048759144400383654,0.04889248833046921,0.04892386124400635,0.04757990829562637,0.04890583334654958,0.04973761599267382,0.051059827613995,0.052014927967601036,0.05344558668084471,0.05469012296490855,0.05640986357162845,0.05773925692122155,0.05811434225888684,0.06104921156745146,0.06683827266961305,0.06872812529978631,0.07199355240625045,0.07272293976599487
2024-08-12,0.04900608302454154,0.04866807519664144,0.04836458424117957,0.04757990829562626,0.04897254941114311,0.04989443762878038,0.05113726874329349,0.05209308753533741,0.053443146789620796,0.05469011262800477,0.05641398194420589,0.05773614621569501,0.05809055130177686,0.061150982721240456,0.06691226740786575,0.06891884105160849,0.07190033624529586,0.07265589831853767
2024-08-09,0.048258865676596,0.04866485722022609,0.04836458424125186,0.04757380422301548,0.04897150211351402,0.04989450376463164,0.051132673540725475,0.052090818856489786,0.05344487882077331,0.054690156520956705,0.05641322836134438,0.0577364297725092,0.05821709246930028,0.061171205883808914,0.06696394981858239,0.06889454592755574,0.07188041990008763,0.07264167324925838
2024-08-08,0.04839364702734708,0.04866163980999263,0.04836458424125186,0.04757990829562623,0.04896817216216558,0.0498919313923735,0.05113726874328864,0.052089119826504944,0.053443165479350775,0.054690613374463605,0.056410118666885264,0.05773525934433948,0.05813459893255869,0.06120394324069307,0.06697882295198566,0.06889341593527414,0.07187949358672678,0.07264069518362586
2024-08-07,0.04864060840115223,0.048931514110151626,0.048846733496107464,0.04773246214266282,0.04908891453913214,0.0499934078748774,0.051206976786148536,0.05216715305664217,0.05354459074733631,0.05480312973028509,0.05655556715464711,0.057887681940171104,0.05828830721413537,0.06133537092848226,0.06713778906929704,0.06903655253893021,0.07204555759397305,0.07280718966010126
2024-08-06,0.048759144400381496,0.049077853946439674,0.04932870894038683,0.04787546024103165,0.04930984004091202,0.050152250491075245,0.05138360441499544,0.05230984303527325,0.05362054215938933,0.054863806857659916,0.05662306796802445,0.05795331557246744,0.05830880273502842,0.061548896549396555,0.0672734981179565,0.06933310789926611,0.07200450160367872,0.0729020774250805
2024-08-05,0.04925300627967766,0.04907785394643945,0.04932870894038683,0.04787546024103165,0.049308577965137664,0.050152250491075245,0.05138360441499544,0.05230984303527325,0.05361977400774545,0.05486775729255251,0.05662306796802445,0.05795331557246744,0.05844357661985304,0.06181755691197144,0.06758888087853676,0.06935100472430024,0.07194353628127251,0.07276872851649663
2024-08-02,0.04912789919159201,0.04915261490576242,0.049318833474786904,0.04794551845861212,0.04938282444343902,0.05021935480429066,0.05145701529615215,0.05238329017416803,0.05369704835443109,0.054944537427722345,0.0566996947172993,0.05802937722594553,0.058520490505014074,0.06204938714877115,0.06787407306777464,0.06955120294582573,0.07190822591334595,0.07276829973612503
2024-08-01,0.04925300627967723,0.04914933294967451,0.05020144959481702,0.047951717533172296,0.04937949033266138,0.050216719894723004,0.05144056761049808,0.05238193112480635,0.05369536687067643,0.054944944223481104,0.056688303904602666,0.05802849364649739,0.05847996619255067,0.062067328209064576,0.06791258355874161,0.06954329430325148,0.07190185119969493,0.07276354272887067
2024-07-31,0.049134485035141735,0.04914605157667799,0.05019804102119861,0.047951717533172296,0.04938581948042994,0.05021412632696601,0.05143852086031684,0.052385936032835784,0.05369240659801557,0.05494337411810287,0.05669293475876701,0.05802563687815293,0.05850090362243436,0.062020335546724065,0.06791716854015306,0.06954589156024164,0.07190447873130705,0.07276692170033028
2024-07-30,0.049134485035141735,0.04914277078659838,0.05019463306271751,0.04777059696834376,0.04938581948042976,0.050151691499308225,0.051291703418136596,0.05216612965901744,0.05369646003282918,0.054942928671750976,0.05646761945324804,0.05765861280200336,0.058112543628274956,0.06165463096261778,0.06759604606351362,0.06916463964289257,0.07151991503230018,0.07238320973180706
2024-07-29,0.04898632850020787,0.04917848523194659,0.05021167900838973,0.047837329414159774,0.04945351701657341,0.05018050061477362,0.0513286802654048,0.05220341354281469,0.05380305593871588,0.0550550866214752,0.0565736139361474,0.05776668652728846,0.05825974724685663,0.06168994953528374,0.06764648471864841,0.06927807434325217,0.07164915097082473,0.07250520710466929
2024-07-26,0.04883165961603842,0.04916863255403233,0.05021167900838973,0.04783115964407646,0.04952782975467669,0.05018073843407353,0.051324142790570154,0.05220022132537112,0.05380160895031268,0.05505524461991345,0.056574705858376984,0.05776625272010542,0.05831275015000056,0.061750348039664664,0.0676864434046519,0.0692859309383663,0.0716228057532442,0.07248652739041321
2024-07-25,0.0489863285002091,0.049165349495138455,0.05021167900838973,0.04783732941416009,0.04952438299603736,0.05017802944758858,0.05132186873484326,0.052199439779233275,0.053799947688076215,0.05505553125216111,0.056573333464384104,0.05776577520114115,0.0582724034570114,0.06180213780199272,0.06768275024344841,0.06934141428540629,0.07169409661082628,0.07255124955944914
2024-07-24,0.04905546890502383,0.04919491804307559,0.05021167900838973,0.04783732941416009,0.0495302706888054,0.05017499702071141,0.05132868026540487,0.05220341354281487,0.05379651596391489,0.055053589204755386,0.056569774673958975,0.057762991728558755,0.05826200532149398,0.0617581383718631,0.06763936944777832,0.06932781699441472,0.07171638582529431,0.07256833786664886
2024-07-23,0.048907309419262954,0.048892488330478504,0.04988421590903194,0.04773246214266463,0.049453719564032494,0.050115138731410214,0.05126617669516521,0.05212807628629356,0.053734177109357066,0.054985422252239465,0.05649997473362156,0.05770127752666388,0.05826820113042406,0.06175163807099867,0.06769421410890851,0.06936412291923562,0.07160516081462927,0.07247635182191238
2024-07-22,0.04905546890502461,0.048892488330469254,0.04982641994616642,0.047656188128230054,0.04945333979420863,0.05011513873140946,0.05126715329466792,0.05213012170732007,0.05373394615646438,0.05498940344617986,0.05650066568503976,0.05770280115583327,0.05825764547981291,0.06168608296332769,0.06764129994129485,0.06927151717673105,0.07166021258094012,0.07251292086093586
2024-07-19,0.04904890418126063,0.04888924073211495,0.04987748379660339,0.04765006462401185,0.0494503254287564,0.05011515164778047,0.0512643886729206,0.05212699156003709,0.05373465130373661,0.054989412028389174,0.05650086750469885,0.05770240136328814,0.05826888229587955,0.06167166385409092,0.06758189924513228,0.0692706561386799,0.07167587664831562,0.07252353219473091
2024-07-18,0.04919374609999526,0.048964023834025504,0.049884215909008295,0.04765618812822899,0.04944694192966875,0.05011184546177101,0.05126163711682693,0.05212615128053627,0.053733058441140194,0.05498930201911646,0.05649916411159011,0.05770187003979658,0.05821805759920316,0.06166813194139646,0.06763688737346792,0.06924822774811126,0.07167413240753553,0.07252200308369791
2024-07-17,0.04919374609999482,0.049038831045662014,0.05021167900839788,0.04773246214266282,0.04952991569409628,0.05017634415468136,0.051328680265405074,0.052206229913401465,0.05379630067107487,0.05505448786836508,0.056569774673959974,0.057765085117508705,0.058336417630390665,0.06175223661103547,0.06764725878242034,0.06932174495047147,0.07174831238099177,0.07259673425940286
2024-07-16,0.0493320184756999,0.049116876079581345,0.05052943387772825,0.04780873033981505,0.04952956072428887,0.0501809484755701,0.05132330575506425,0.052204181583731156,0.053800150669822515,0.05505139587473223,0.056569811173521986,0.05776725844939305,0.05833425603059954,0.06178434041934606,0.06770348564249244,0.06933290730041858,0.07172511059948963,0.07258147432347282
2024-07-15,0.04948016210214016,0.04919491804307557,0.050847112969880905,0.04787546024103191,0.04960610526897869,0.050257698292437036,0.05139567110857936,0.052270768968038506,0.05387640696003356,0.05513181120984969,0.05664318933203694,0.05784390184556038,0.058388562384374204,0.061829347303570065,0.06772388872382083,0.06953293307096778,0.07178703418288375,0.0726473239508476
2024-07-12,0.049611708566293704,0.04925990541622356,0.051167256955746296,0.04794551845861201,0.049670005373130266,0.05033452304538568,0.051466428487486296,0.05234312969963916,0.053953646423120095,0.055208286046282855,0.05671757539625951,0.05791912857818409,0.05849632239040428,0.06199029871158437,0.06782706671291587,0.06954730058044024,0.07186412494034204,0.07272528800602888
2024-07-11,0.04961842449614631,0.04925660917690194,0.0511743394829199,0.048027969010581824,0.049820749376182326,0.050409274606516646,0.05146333638694211,0.05234081898701364,0.05394755382321384,0.055205952228783974,0.0567155530876435,0.05791750582121864,0.05852843882771902,0.061978411947481424,0.06781253977714488,0.06963602415779116,0.07183729430247537,0.07270626896434357
2024-07-10,0.04961842449614631,0.04926320224261597,0.0511743394829199,0.04802796901058149,0.04982688308655274,0.05041194732077747,0.05146785764569284,0.052344809946401116,0.05394415017163249,0.055203647391699896,0.05671260103264496,0.05791471938324897,0.05854940432778262,0.06193145734699268,0.06781712979542821,0.06953682502337652,0.0718726004928073,0.07273243262503849
2024-07-09,0.04961842449614631,0.04926320224261597,0.0511743394829199,0.04802796901058149,0.04982688308655256,0.050411947320777396,0.05146785764569284,0.052344809946401116,0.05394822609359019,0.05520164362793456,0.05671644009796454,0.057918430867094556,0.0585272500844529,0.0618536902383462,0.06791597243496507,0.06961267891691406,0.07183594825194665,0.07270777948019058
2024-07-08,0.048907309419262746,0.04889248833046913,0.0505294338777256,0.04761804893925429,0.049453719564031405,0.05015385529177681,0.05129415077647406,0.052209303009567436,0.05377360673154454,0.05502784501349526,0.05653085707744309,0.057771072124735715,0.05837732960921271,0.06169244083708221,0.0675877336582071,0.0695013464620194,0.07171247456664007,0.0725708152869709
2024-07-05,0.04806133093183336,0.0488111971875489,0.05020144959482393,0.04761193515445305,0.04945290271029037,0.050077195409091245,0.05129819630195586,0.05220593060626946,0.05377566721735405,0.055030994321948475,0.05653590378545846,0.05777051986847919,0.058378030691721726,0.06171267984994702,0.06751193329561792,0.06947148618885404,0.07173752098166747,0.07258796979301692
2024-07-04,0.04820594610138806,0.04880796047863414,0.05021167900838974,0.0475513018582224,0.049382158935848,0.04999720380372411,0.05121725245745235,0.05212895657193874,0.05377611658415553,0.055103579523331385,0.056536788384659496,0.05808742130052191,0.05863516947170604,0.06197023260263606,0.06778091381467102,0.06972447828614246,0.07208685028095868,0.07292626052071154
2024-07-03,0.04820594610138762,0.048814434467733814,0.05021167900838974,0.04755130185822229,0.049388196405715214,0.04999441463244854,0.05122176612246005,0.05213293468445252,0.05377269626807107,0.055101761199289986,0.056533704983821126,0.05808456912857091,0.05878174865494661,0.06187780460023867,0.06771794217996235,0.06969422062160056,0.0721123393075649,0.07294561474794027
2024-07-02,0.04845291915907484,0.04889248833046922,0.05021167900838974,0.04777059696835073,0.049454884369506194,0.05006852853939913,0.051299522094595665,0.05220520570846221,0.05384331968245032,0.05517649016877586,0.05661473851668321,0.0581615400259309,0.05888571151533695,0.06197104144313882,0.06785005707394112,0.06986942910275724,0.07213892796094995,0.0729895909128091
2024-07-01,0.04858133907342374,0.04903556405795895,0.05021167900838974,0.047770596968343404,0.04945455515813039,0.05006470731933617,0.05129952209459494,0.05220520570846147,0.05384311904710409,0.05518001553877888,0.056614738516680425,0.05816154002592805,0.05939740941463888,0.06210297084940491,0.06779938745699314,0.06991212291478446,0.07207365918867957,0.07294220414692827
2024-06-28,0.04844651437673628,0.049035564057957635,0.05021509004444081,0.04776444426253572,0.049451908316274266,0.05007298911047398,0.05129610558371357,0.052201985087639895,0.05384401375764021,0.05517886578765819,0.056614283492191914,0.05816109244540235,0.058759957607675016,0.06216105436758195,0.06801322459549447,0.0697185769719543,0.0720389704385533,0.07292760386000922
2024-06-27,0.04798859709230918,0.04874936365224242,0.049685258943569004,0.04747501402418796,0.04894034100576952,0.049627510203522435,0.051076252236178565,0.05194539721626543,0.054046171850845315,0.05531326393793827,0.056666178788746614,0.057975206401495866,0.05860602273280066,0.061893813237249774,0.06776621499473559,0.06953078172387464,0.07186309770807742,0.07274329442279552
2024-06-26,0.04777123617536183,0.04859322077062432,0.04938653431958019,0.04974209189483045,0.0513115176546731,0.05201429205346876,0.05347231937780616,0.0518888320450157,0.05397047798439801,0.05523034796802105,0.05658488192535988,0.05792703082927029,0.05840091676327187,0.06184453639031781,0.06789474927789511,0.06956209924925862,0.07182335807567498,0.07271709893184584
2024-06-25,0.047958957668486714,0.04791971453495229,0.04938653431958019,0.04974209189481402,0.0513110177022395,0.05202029494226897,0.05347231937783704,0.051888832045015675,0.053974171204258736,0.0552381116225044,0.056584881925359896,0.057930715975492576,0.05837871045348715,0.06192427638233326,0.06785888004686055,0.0696483390335599,0.07194247717712206,0.07275012456715613
2024-06-24,0.047958957668486714,0.0479197145350546,0.04938653431958019,0.04974209189481402,0.0513110177022395,0.05202029494226905,0.05347231937783704,0.051888832045015675,0.05397417120425868,0.05523811162250441,0.056584881925359896,0.057930715975492576,0.05848213745992797,0.061757182607155944,0.0678719467486205,0.06964555368816872,0.07195555363274016,0.07275738913487069
2024-06-21,0.04791317327831552,0.047669457480480404,0.04945399410118811,0.049811520095768676,0.051413486801510935,0.052125969029186404,0.053543777078193446,0.05195359893360827,0.054050399904468256,0.055305756147889,0.05666065101973822,0.058006797709808315,0.05850682581798057,0.0617688728245143,0.06781439123716074,0.0697509048756395,0.07207323168042899,0.07286355278655955
2024-06-20,0.04791943809227508,0.04816376480704002,0.04945399410118811,0.04981820698086092,0.05141020250993004,0.05211871383875344,0.05354887159394164,0.05435145728518657,0.05647215939597957,0.05774534447570234,0.05911869966333315,0.06038998370401702,0.060930473820324293,0.06398196833055307,0.0700238018948249,0.07207520599044921,0.07460211282020016,0.07537936640625954
2024-06-19,0.04806763447331235,0.048407785220822196,0.049531086826808506,0.049894316273842276,0.051493195545692365,0.052199684830527324,0.05362524937566275,0.05443170300468697,0.05654468510141538,0.057817653112185986,0.05918911234627078,0.060462960215199944,0.06095394746582094,0.06451538216247586,0.07052330751406806,0.07247058545596556,0.07449253281519572,0.07534448043841893
2024-06-18,0.04806763447331235,0.04877863908176088,0.049608175107430874,0.049960907153769725,0.05156041423124753,0.05227372240834786,0.05370162196480373,0.054507905997674404,0.056625886225869324,0.05789666996616384,0.059305339618581414,0.060573409342317946,0.06111028176408339,0.06467134024748093,0.07068011911146227,0.0727170753611106,0.07452820239323202,0.07540400300551389
2024-06-17,0.04806763447331235,0.048778639081753575,0.04960817510743132,0.04996090715377006,0.05159882343493644,0.05238008036142421,0.054031961843553654,0.05506416398636148,0.05718639453316408,0.05853919551707343,0.05994368328723334,0.06136791139810766,0.06193320344746411,0.06524579788456474,0.07149775454308606,0.07351521594729019,0.07534913524998305,0.07622263257583764
2024-06-14,0.047913173278315804,0.048528263456974245,0.04949254101965546,0.04973542525779885,0.05123108191435931,0.052012117292759535,0.05365967524892614,0.05465859603739039,0.056745816849247836,0.05817654523347223,0.05937788706427573,0.06069383458533057,0.06122782044594157,0.06461685649430686,0.07081248456051763,0.07297559027081969,0.0746236503499008,0.07550509742442187
2024-06-13,0.0477811164753932,0.04853466403845188,0.04949254101965516,0.04974209189481401,0.051228137709276984,0.0520090641076707,0.05366479509330125,0.054656072417520116,0.056744309918725984,0.05817455639100654,0.05937411488939931,0.06069205043411086,0.06142777247486868,0.06456585281889338,0.07080052910267187,0.07281860916056983,0.07470441338856564,0.07535827803770757
2024-06-12,0.04778111647539144,0.04853466403845188,0.04949254101965516,0.050398394083682116,0.05197403025871064,0.0526819913723016,0.054335199589273124,0.05531518602687603,0.05739655645790616,0.05883343581225933,0.060043504274710335,0.061343241501799484,0.06229038086304816,0.06539306710023496,0.0715885961418205,0.07384896025890206,0.07502884670063621,0.0760344213752655
2024-06-11,0.04778111647539144,0.04853466403845188,0.04949254101965516,0.05033183233100241,0.05189723049127863,0.05260464799844007,0.05433519958929377,0.05531708368161267,0.05740378498532553,0.05884092376027911,0.060043504274736634,0.061348841892076546,0.062289806927188156,0.0654719413110639,0.07156325999670658,0.07393376963649873,0.07499545191578329,0.07601201151501719
2024-06-10,0.04778111647539144,0.04853466403845188,0.04949254101965516,0.050331832331002635,0.05189723049127899,0.052604647998440605,0.05433519958929377,0.055317083681612665,0.057403784985325515,0.058840923760279086,0.060043504274736634,0.06134884189207654,0.06217325588459981,0.06535916054956127,0.07152608313057171,0.07370170447141296,0.07511361519168967,0.07609268396548827
2024-06-07,0.04777488770121082,0.04852826345697307,0.04949254101965516,0.05032500802268889,0.05189394624006728,0.05260190760420703,0.05432992060108081,0.055315543497647286,0.057404500134985506,0.05884145507737109,0.06004300041749964,0.06134991830105368,0.06219606328945325,0.06543460952005421,0.07158019057049662,0.07369144833260768,0.07512660479925558,0.07610756722532615
2024-06-06,0.047781116475391225,0.048651775783706316,0.04953108682680864,0.05033183233100254,0.05189053888862906,0.05259769962180746,0.054334511285325134,0.05531260144497687,0.057402741995038635,0.058838653004726994,0.06003859418003087,0.06134782239415064,0.06232267537643234,0.0654471936781304,0.07164215837659024,0.07376739846701472,0.07506906533660164,0.07606709217442635
2024-06-05,0.04764279003580706,0.049139667385955356,0.04953108682680849,0.05033183233100254,0.05189760324961444,0.0525991937049708,0.05433451128532507,0.05531708368161258,0.05739930660006972,0.058832556792785914,0.06004301568167137,0.06134465636996606,0.06225977557501898,0.06538553768916179,0.07155501445095351,0.07366727049271671,0.07506599003867007,0.0760016705916799
2024-06-04,0.04778111647539151,0.04913966738598149,0.04953108682680849,0.05033183233100254,0.05189723049127889,0.052599193704970716,0.05433451128532507,0.055317083681612644,0.05740378498532555,0.058837224492892304,0.06004301568167137,0.06134884189207653,0.062352751750370694,0.06534104424386683,0.0715252650323964,0.07367128069750471,0.07506966869480355,0.07600516568762786
2024-06-03,0.04777800181789485,0.04913966738598149,0.04953108682680849,0.05033183233100254,0.05185887812692119,0.052599193704970716,0.05433451128532507,0.055317083681612644,0.05740507846937726,0.058837224492892304,0.05997287495776627,0.06134884189207653,0.06249846734278799,0.06533805614028684,0.07160063549902926,0.07388202489489425,0.07496637635375465,0.07593132323658204
2024-05-31,0.048193268735848005,0.04852826345697412,0.0496467175810318,0.05039155186585648,0.051367836936136405,0.05230213125070536,0.053471290540816806,0.05464044983092826,0.05653845030913073,0.058315301820639424,0.05964925016327952,0.06098319850591963,0.062185655174735295,0.06517724329774581,0.07160119348970405,0.07336672833557777,0.0744956464746516,0.07548341163351088
2024-05-30,0.04858133907342683,0.048525064008496856,0.049643382852428274,0.05039839408369319,0.05138618526644719,0.05230195000879204,0.05346979828647126,0.05463764656415048,0.05653735183937947,0.05831579933108321,0.05964853858073417,0.060981277830385136,0.06225997741320661,0.06534243699791084,0.07168450524524309,0.0733323076692889,0.07445222671250772,0.07545287453979553
2024-05-29,0.04845291915907504,0.04853146346690259,0.049341395002201506,0.050179674543083336,0.051007952145551524,0.05185423578285598,0.053274594963399584,0.05464812911601318,0.05657858348995872,0.058329923540548494,0.05965624167978104,0.06098255981901359,0.06222081200038389,0.06528077731875917,0.07168660193811034,0.07325585196073599,0.07449227844206761,0.07524883664486287
2024-05-28,0.048946819156470776,0.04853146346690259,0.049338101208017175,0.050037005587125594,0.05094847106330314,0.05185993653948069,0.05335057736827483,0.05473021302896728,0.056543590283483436,0.05839638878266299,0.059754192962145805,0.06106723436648083,0.062402844039608274,0.06546065147427277,0.07194349808293003,0.07341702226343581,0.07447055077178291,0.07525935373209015
2024-05-27,0.04930238908659227,0.048287490546867366,0.049338101208017175,0.05003700558713048,0.05094956475970813,0.05186212393228578,0.05331993717479705,0.05473021302896556,0.05656636019146669,0.058402507353967834,0.05978639873062961,0.061067234366476146,0.06248564757357324,0.06575886393624267,0.07221141459805827,0.0736054869390248,0.07428656535912948,0.07513051454851802
2024-05-24,0.048486018210848324,0.048401417922916135,0.04881777385187623,0.049440502756431706,0.050467008918150945,0.051493515079870184,0.053097760647101415,0.05466713131069719,0.05649624177970285,0.05834545236375253,0.05969649563060455,0.06100348313875488,0.06233457477295008,0.06561511920840515,0.07244187098370156,0.07372910996825219,0.07415992758756548,0.07503038010985698
2024-05-23,0.04841340450298081,0.04815431033976649,0.048332645089287786,0.04904727397101704,0.05013752137335716,0.05119297364583537,0.052802504267017714,0.05441203488820007,0.056385172450363855,0.05835831001252765,0.05970447501597405,0.06102137556282378,0.062431670991934765,0.06592522485273364,0.07244779201031433,0.07380469273878515,0.07392056559800497,0.07486249300604081
2024-05-22,0.0465854214988915,0.04661791074428424,0.04718199009767901,0.048056561815722466,0.04911539793261131,0.05019725222595426,0.05187956761016058,0.053506422047634825,0.05536673377351225,0.05724726627901878,0.05889474699361123,0.060542227708203694,0.06229356602540792,0.06545616265594516,0.07157709311288313,0.07347152855565278,0.0732331192839782,0.0741939289271802
2024-05-21,0.04587376253000314,0.04571907556357537,0.04655099918157592,0.04757990829563663,0.048691765214796866,0.049803622133957094,0.051672555218097015,0.053402312434269066,0.055277824569738426,0.05719410870815278,0.0588648334964418,0.06048047944555646,0.061885812857528255,0.06462340178502564,0.07034395468697074,0.07284998974572249,0.07363016624391318,0.07462481641749048
2024-05-20,0.045596971785853146,0.04571907556355643,0.046550999181562115,0.047579908295626194,0.04869176521478677,0.04980362213394734,0.051692437484944315,0.053402312434267886,0.055300474734009404,0.05719863703375092,0.05890301928076563,0.060480479445555825,0.06190562080074339,0.06467828038619823,0.07040986863042945,0.07287215637633906,0.0735973025711772,0.07460023788364356
2024-05-17,0.045591298365373276,0.0455501211676714,0.046550999181562115,0.047573804223015576,0.04868943813646148,0.04980507204990739,0.05174132731782477,0.05340097469032538,0.0552899328806722,0.05719964885333054,0.058868023556409146,0.060481994736561275,0.06188674626091998,0.06464479571726924,0.07030560093550506,0.07273962587269275,0.07367472351046514,0.07465385996743126
2024-05-16,0.04580456665431861,0.04554730093681486,0.04658667654656011,0.04757990829562614,0.04870917816628478,0.04980240750915645,0.05173852927651305,0.05339806221996156,0.05529910881962257,0.05720015541928359,0.05885820005912399,0.060480200250272204,0.06192986238140828,0.06467737721846872,0.07037273130454003,0.07265602485268677,0.07367531338814623,0.07465397878249169
2024-05-15,0.046022035342672754,0.04645185230719825,0.04613969816415575,0.04736057135983759,0.04852492477423494,0.04971459021938005,0.05173687039242226,0.053408346861977554,0.05533278636494132,0.057195807585895604,0.05883833607271076,0.06048086455952592,0.06211115275119193,0.06478626510486343,0.07043156904422032,0.07291018932664192,0.07354544855483075,0.0745649616758977
2024-05-14,0.04524106959469221,0.04604153067996334,0.04570116352090439,0.046845417231506065,0.048211741400970905,0.049578065570435745,0.05172331660502538,0.0534225253452944,0.05529098353249723,0.0572000603759436,0.058875611465839896,0.06049592460771763,0.06207398589933834,0.0648280666506022,0.07045747526114353,0.07286088533991918,0.07355681134062202,0.07457371303510771
2024-05-13,0.04425228484665277,0.0453965680226761,0.04570116352089925,0.04684541723150484,0.04821450326857613,0.04958358930564742,0.05153487171253983,0.05342252534529444,0.05531550034735542,0.05720847534941641,0.05891576943936289,0.06049592460771762,0.06193614805087933,0.06451365937979435,0.07020975483145464,0.07270824652671473,0.07345356335540874,0.07440295632280497
2024-05-10,0.04407886302422254,0.045393766585378234,0.04540165947080224,0.04662005549833995,0.04806314426180475,0.04950623302526955,0.05145372675601178,0.05335888366652049,0.055234955785409434,0.05713164408142903,0.058805179167265395,0.06042414245682448,0.06183261118448947,0.06440646237363946,0.0700681191972538,0.0726536117246367,0.07339354142818781,0.07433635572580438
2024-05-09,0.04408416692901875,0.04539096560816068,0.04533123695238516,0.046549560652980077,0.048011235015680685,0.04942626019659297,0.05135299718441111,0.05327973417222925,0.05516758918081087,0.05705544418939249,0.0587240468455256,0.06035637553087322,0.06178870456529755,0.06422783648503905,0.07011553112125347,0.07254175850030706,0.07332408456119166,0.07426627169007818
2024-05-08,0.04392593179266831,0.045230407309258945,0.04502893990667006,0.046263164469637894,0.04782697610865517,0.04942478365286847,0.05139074528152723,0.05329189498836207,0.05520381734065116,0.05705472089446294,0.05870651772853466,0.06035831456260639,0.0618131337721283,0.06405888573000451,0.07015247244809104,0.07234785926027276,0.07340274348081308,0.07442475503291912
2024-05-07,0.04383692175498783,0.04474161864561175,0.04517940294838718,0.046263164469638116,0.047848668167080215,0.04943417186452231,0.05143763028242804,0.053291894988362065,0.05515271691876772,0.057053991499834374,0.05873600099687268,0.06036255963137125,0.06150669467535251,0.06377110015051696,0.06996525139610328,0.07227726444712108,0.07322917455227651,0.0742524311607271
2024-05-06,0.04383692175498783,0.045064232676539875,0.045102087575358114,0.046263164469638116,0.047847290565362334,0.049431416661086545,0.05139364873903875,0.053291894988362065,0.055174243888073585,0.057056592787785104,0.058773503745227634,0.06036255963137125,0.061705052940538074,0.06415848877930935,0.0699049135186963,0.07232895559845118,0.07322823536269049,0.07416026220325402
2024-05-04,0.043181575282201186,0.04555294186334244,0.04503443291586457,0.04618390079489341,0.04790751078580726,0.04965006154585203,0.05150244421247047,0.05329442309648179,0.05517010403298094,0.057045784969480096,0.05873264160127188,0.060364492038548725,0.06203326033618689,0.06435225842031456,0.07023054112045232,0.07255388522207744,0.07293831190057112,0.07389586890760404
2024-05-03,0.04317903051122407,0.045550121167666525,0.04503443291586457,0.046181023766653055,0.04791566649923952,0.04965030923182599,0.05149150920891407,0.05329268309954372,0.05515906564404372,0.05704595788683494,0.05873335983658951,0.06036573780972165,0.062034031723646604,0.06435186568106382,0.07023171222738622,0.07255471419135485,0.072938947077873,0.07389603670707935
2024-05-02,0.043184120452790124,0.04546913482932894,0.04495437171011446,0.04610178351567805,0.04784127317847766,0.04958076284127727,0.051436899139657974,0.05329303543803868,0.055171390072980206,0.05704974470792174,0.0587263452942103,0.0603664980416665,0.062131385570469495,0.06438047591044775,0.0702324517208593,0.07254328775439124,0.07293019187086565,0.07388969128713607
2024-04-26,0.04351311865924884,0.045667378973444195,0.04486069394258619,0.04611038629370335,0.04789787914059398,0.049646931281099864,0.051498280255061486,0.05336997372324247,0.055237188062215024,0.05712514922717617,0.05879836088131203,0.06043519836905364,0.06224946416042622,0.06450705045783786,0.07031259305077053,0.07258140371068847,0.07291776251291067,0.07389058621777306
2024-04-25,0.04334494940729292,0.04567304980480175,0.04449095104194319,0.04589072676509916,0.04770351835729031,0.049576072309663585,0.05142567526635953,0.053295603530271914,0.055160511358384706,0.05704614038458765,0.058708602601201296,0.06037106481781495,0.062197338005248064,0.06453473112295602,0.07023226665095939,0.07263787255655237,0.07280008159369093,0.07378713994768284
2024-04-24,0.043760413574807186,0.04528206704432956,0.044215284118767274,0.0454512629039956,0.04739585542287282,0.04936181709030913,0.051307169165361564,0.0531283498313681,0.05505858857296702,0.05705246155879447,0.058717767009713345,0.06038307246063222,0.06253338881496906,0.06462311815824802,0.0704375834649427,0.0728075876757906,0.07265678011256921,0.073689024695789
2024-04-23,0.04244462938535076,0.04489100762556916,0.04391540712268064,0.04523145852892532,0.04720990450157931,0.04921009163876795,0.05119379328059233,0.0531343709736814,0.0550888458599161,0.057064798492153374,0.05878323448268788,0.06039198306957124,0.06254491285741465,0.06476993967040419,0.07054255577840675,0.07294128363572101,0.07287761727536961,0.07389530727998381
2024-04-22,0.04244462938535076,0.044695449159994835,0.043915407122680494,0.045088081815925364,0.047138643584676426,0.04921173899923794,0.05115702868292212,0.05306002946043926,0.055017374676414196,0.056996229180476775,0.05865454192255496,0.06027680438763145,0.06270296977029255,0.06479865842489194,0.07053280916638441,0.07283315543076499,0.07268730600272652,0.07372486953060677
2024-04-19,0.041781627208336954,0.04478777551677383,0.043545154081241814,0.04478629010804159,0.0471865151758404,0.04958674024363922,0.051326795117520474,0.05306684999140173,0.05502529758569535,0.056983745179988964,0.05865230748093053,0.060284596688373375,0.06270912777708255,0.06496974074352231,0.07042557019039314,0.07283800495246222,0.07269097053326695,0.07372715549042211
2024-04-17,0.041781627208323596,0.04537981991994299,0.04408953749807797,0.044418718546623874,0.046987150935061756,0.04958380785524071,0.051388680415750246,0.05307834834473789,0.054994751936684926,0.056974333669025816,0.05863043940333616,0.06028654513764651,0.0626938919608127,0.0648875755625318,0.07069576635043139,0.07259645317045711,0.07262473424600092,0.07399457731634372
2024-04-16,0.04145503361068229,0.04498877966859906,0.0437702810235304,0.043318076713556246,0.0462138476005246,0.0491414401455915,0.05091905250422461,0.052658021115930924,0.05462243700071182,0.05660843987323757,0.05833318503251855,0.05994784007524969,0.06223746433921115,0.06464578536577102,0.07039098409623955,0.07291031454659158,0.07209882898933115,0.0735227281763301
2024-04-15,0.040623584436002974,0.04303242759884181,0.0424828016879445,0.04280083532269341,0.04581256587353697,0.0488573923644997,0.05067180714014476,0.05244677811631928,0.05445289296119009,0.05648105302413639,0.05812078707931839,0.05972487474199644,0.06231727598279086,0.06444713472353228,0.07025597390917296,0.07230247898270689,0.072553867154993,0.07387084625175473
2024-04-12,0.040376096039704386,0.040481837863107745,0.04215106271342634,0.04213472950240349,0.045466647453792336,0.04879856540518119,0.050630577920983355,0.05246259043678553,0.05448136805673453,0.05650014567668354,0.05813769911040961,0.05973965355644599,0.06213812792004323,0.06423250082941787,0.06993193199101655,0.07225052617349789,0.07270705739189368,0.07395261016588743
2024-04-11,0.035205047016862556,0.03837838635503581,0.039890069987841455,0.04150656015172737,0.04504828365516106,0.04870676727409256,0.050552861418738694,0.052398955563384836,0.054377492172109826,0.05635602878083482,0.05797940161339573,0.05960277444595664,0.06144346077701623,0.06366428622168095,0.06955824639957726,0.07176188155575533,0.07284672264818826,0.07400439935613999
2024-04-10,0.03491757095026679,0.03813313573378456,0.03957411917257548,0.04150656015172615,0.045090620715684246,0.04871406656056496,0.05057900530772172,0.052403401908201155,0.054345840548650846,0.056352315627796676,0.05797554438507668,0.0595987731423567,0.061211733626771694,0.06356217836248507,0.06936544071634887,0.07183888017539176,0.07298137317145469,0.07421492069058439
2024-04-09,0.03491757095026635,0.03739720288015001,0.03924406597938626,0.041362648340635466,0.04502132951500414,0.048720215977003246,0.05058401423209892,0.052407295133822945,0.05437341844760028,0.05636114751207847,0.058037093863826335,0.059606064916526466,0.06113818922923495,0.06347897574847806,0.06892838690874499,0.07161801682274732,0.07235353980706039,0.07396823362728532
2024-04-08,0.034491275405587385,0.0372794284205156,0.038923641724945474,0.04128588690554252,0.04498322854388912,0.04872120031012965,0.05058555083036962,0.05240937199147394,0.054374806631867174,0.056361839455121875,0.058002584122139544,0.059607660426830744,0.061843123930936376,0.06376216446677656,0.06944479936881409,0.07167025915708143,0.07217656247403259,0.07405672119899255
2024-04-05,0.034639988299582,0.0372756449932518,0.03892158659846105,0.0412118301755918,0.044944706160353516,0.04871905854494591,0.050717060991136376,0.05271506343732685,0.05453939677006827,0.05636373010280969,0.0579992724533878,0.059599259535475076,0.06195499459564007,0.06409506017969273,0.07015878927367054,0.07211075580960193,0.07254281978606211,0.07400696686370804
2024-04-04,0.03491757095026577,0.03837838635501625,0.03923988840835622,0.04128588690554238,0.04493615778953194,0.04870676727409258,0.050707759987295556,0.05270875270049853,0.05453243230728775,0.05635611191407697,0.057975567548405306,0.059595023182733645,0.0626295038727154,0.0656073170270667,0.0702636058646884,0.07243415677421174,0.07209830685346881,0.07381326899202037
2024-04-03,0.03449127540558772,0.038868797147076604,0.038272845331271454,0.041218715815954265,0.04494285646486151,0.04870792173628421,0.050777569260376486,0.052715111623356486,0.05450210268409448,0.056348005538043616,0.057970142955037524,0.05959228037203143,0.06266175086303448,0.06563873826023109,0.07005433788669098,0.07188612077964737,0.0720818642132748,0.07396611060238481
2024-04-02,0.033360877186336006,0.037809358731479226,0.04054438843891036,0.03970136685155107,0.044256819938237116,0.04886233294895268,0.050971804462208475,0.05290363626908483,0.05465886924341089,0.05643339049218008,0.05815882125739152,0.05977411814397243,0.06313084351799698,0.06619922964865013,0.07091066729566954,0.07253374238096741,0.07281514461118645,0.07500987788874335
2024-04-01,0.030017397335972182,0.03584594852127919,0.03697816380191025,0.041026773551598714,0.045080960280895734,0.0491796985127125,0.0513265757229649,0.05324981989048268,0.05502180716105124,0.056813266819208466,0.058487755541630694,0.060125842335304616,0.06188462243833608,0.06601677097034657,0.07094523973052563,0.07279750195382985,0.07470019931052671,0.07603031122071645
2024-03-29,0.028534895321590786,0.03248115720731517,0.03600538037159636,0.040734305853821796,0.04497184882111534,0.04920939178840887,0.05119466182219975,0.05317993185599063,0.05499743480434735,0.05683491031257613,0.05845502384892779,0.06005733393982504,0.061772560989859546,0.06624248237614236,0.0708988923589894,0.07290163568889,0.07498710048162424,0.07628446597472044
2024-03-28,0.026620490534289918,0.03174189257666121,0.035030214561771286,0.04062357483637131,0.044909213203576465,0.04905807587821124,0.05105909452457738,0.05306011317094353,0.05491859130134107,0.056777069431738623,0.0584191176484561,0.060061165865173585,0.0615562002826017,0.06574566069712581,0.07071177900017991,0.07255806546406597,0.07483479288121414,0.07683206357503629
2024-03-27,0.026203277289796104,0.031006407684648733,0.034712104873558546,0.04029705676453614,0.044598095490997844,0.04899263505933914,0.05110727269173131,0.05315219699558309,0.05507291204203889,0.056932327672118435,0.058460971524263716,0.059989615376409004,0.06155200218923621,0.06567183733939919,0.07117329716221586,0.07305719637887367,0.07528101548243028,0.07732436120918985
2024-03-26,0.026054261926145263,0.030760269690607734,0.03471210487355928,0.04022021348636439,0.04457136522345055,0.048922516960536705,0.0510106474910968,0.05307583153231009,0.05494306033083762,0.056850881059767926,0.05841002401314646,0.05991776664938065,0.06186377463016942,0.0661937271434582,0.07140575963303335,0.07343096658074068,0.07578816438364673,0.07834316111118082
2024-03-25,0.02591517587013205,0.030642112604450756,0.03405923966518111,0.03996082381918726,0.04440330317827143,0.048845782537355595,0.050941542520768705,0.05301427217469376,0.0549017192676806,0.05678916636066745,0.058284729182078915,0.05976385724721114,0.06157273994854733,0.0657349475411187,0.07120427879221382,0.0731033580656514,0.07576362844385418,0.0779435881602034
2024-03-22,0.02558552116235462,0.030512832243458465,0.03405766418326437,0.03987965451782877,0.04432948348514057,0.04877931245245236,0.050859239290897536,0.05293916612934271,0.054815682918956804,0.05671282077219303,0.058215435460195676,0.05970153789887961,0.06168918244471234,0.06578648484865073,0.0715802712194848,0.07361580540198594,0.07624334473277289,0.07841197723051062
2024-03-21,0.02524948223158834,0.03051156347559165,0.03405608889525929,0.0395860310319636,0.044177073497154155,0.04862159333047692,0.05070788868049548,0.052794184030514044,0.05468246168306966,0.05657073933562528,0.05805923814811308,0.059547736960600894,0.06152797134871727,0.06559232418393628,0.07126552738363295,0.07326541297152372,0.07612546843161955,0.07807251276838806
2024-03-20,0.02459361509151635,0.030464863778060226,0.03515041622470095,0.03951874566025833,0.04401961005491642,0.048618319327719255,0.0507794722204393,0.05286937831449824,0.054749608923379746,0.05656983217240332,0.05805595823004703,0.059542084287690734,0.06152664160600404,0.06565970250114056,0.07131879140109189,0.07328689012998191,0.07597609883514657,0.07772793873006123
2024-03-19,0.023718956877277018,0.030267902060780394,0.03499458877140875,0.04010493749629436,0.04451581739912665,0.048926697301958935,0.051014316226217056,0.05307899428317563,0.05500534064977871,0.05697356411130794,0.05838912777931324,0.059758024513208476,0.061928380920432236,0.06588954812678469,0.07175970636314116,0.07377956402364451,0.0766056932211421,0.07834155769185949
2024-03-18,0.023997278135070278,0.030070920785173344,0.03499458877140904,0.040037687031530676,0.044521899903416984,0.049006112775303284,0.05105473232261344,0.053080839567205905,0.05500882816282966,0.05693681675845342,0.058396680655310985,0.05984050209176353,0.06227053218995339,0.0659999569364881,0.07219422480550297,0.07412356614076382,0.07698994954867834,0.07872082876306948
2024-03-15,0.023995703724687206,0.030266653493766532,0.034992925959940066,0.04017742542391631,0.04459122973246854,0.04900503404102078,0.05104140963816713,0.053077785235313486,0.05499637785133743,0.056936053902702295,0.058396542867540854,0.05984098250309547,0.062092916030531096,0.06611826065614547,0.07227417743634747,0.07411888526068831,0.07712459633291972,0.07884159194804058
2024-03-14,0.023559907391843892,0.030462334263432925,0.03506916461353397,0.04040270663137178,0.04480625923703452,0.04906927292975058,0.051146165013418135,0.0532230570970857,0.055118795931718215,0.05701453476635073,0.0585014858891504,0.05998843701195007,0.06221245687806154,0.06623004222473884,0.07226915980425672,0.07422909178304729,0.07746969566726372,0.07926887763178846
2024-03-13,0.023559907391843892,0.030267902060779606,0.034994588771408854,0.040402706631372444,0.04468821970509277,0.04906689610650266,0.05118219758128974,0.053227763842622296,0.05515167726876675,0.05701418920258744,0.058499179385349265,0.05998416956811108,0.062264719437748764,0.06623579181141968,0.072468388815854,0.07418970787783628,0.07742027448364225,0.07923500626126062
2024-03-12,0.023371027845982786,0.029676899543607395,0.034994588771409,0.04025863586358319,0.044668064041674733,0.049077492219766275,0.05116608601794844,0.05323172823593081,0.05510148791502754,0.05701189454366985,0.058526695782151444,0.059991558518265514,0.0620119925754304,0.0662500805815525,0.07224564697816578,0.07432424486843431,0.07755945028523141,0.07935218105669928
2024-03-11,0.021650816059580764,0.02977541219139847,0.03515041622470276,0.04036428978942413,0.04485165496380258,0.049339020138181026,0.05132918676422007,0.05329748342733561,0.05530681052770905,0.057316137628082485,0.05904607931417093,0.06075701065206059,0.06272683250328884,0.06683946052079928,0.07321669379734709,0.07548704476703251,0.07904149171986177,0.0812216538745268
2024-03-08,0.02179869736327062,0.029843154177606104,0.03537268720410921,0.04117574803134141,0.0453692096311639,0.04956267123098639,0.051537142182270006,0.053511613133553626,0.055474035350548574,0.05745802264685116,0.059186444841752346,0.060895873386160114,0.06289271651539456,0.06722094495556293,0.07387524308270779,0.07608594572429057,0.07890670826312912,0.08164630525392183
2024-03-07,0.022814277922322535,0.029940428672848598,0.035740871841513006,0.041401026848678656,0.04589189730565739,0.05023944210975382,0.05194298973810819,0.053646537366462556,0.05554098724086947,0.05743543711527639,0.05915806783013944,0.06088069854500249,0.06268538812260743,0.06704373741109616,0.07319122769112103,0.07535013333744883,0.07941706427300746,0.08202836539938597
2024-03-06,0.02144195345087497,0.03026790206077646,0.03582221262752203,0.04143940388386231,0.045788599957303645,0.05023234377147196,0.05200978790667035,0.0537286349824666,0.05561030541723197,0.057431922540249515,0.05915224607677065,0.06087256961329178,0.06254574604791377,0.06674701864232967,0.072782893336299,0.07530488603142063,0.08002368605722272,0.08275568326370314
2024-03-05,0.02193922730094983,0.030267902060780866,0.03596821034037234,0.041583304650142455,0.045983584251084564,0.050383863852026665,0.05213740701217902,0.05387168046727476,0.05570115349418032,0.05757039767384469,0.05932404658333326,0.06101988289141012,0.06268618875136113,0.06672872447567531,0.07275678129364156,0.07528729888931104,0.08031556622765604,0.08308225492838056
2024-03-04,0.02193922730094983,0.030267902060780866,0.036046069221173364,0.04166004325929298,0.0460607977532505,0.05046155224720801,0.052214388605778414,0.053947963026342555,0.05580007686015443,0.05765219069396631,0.05938362846582046,0.061096039448972926,0.0626976297845444,0.06684619788005913,0.07275672933709877,0.07531116869284207,0.08031896650128066,0.08308701374018297
2024-03-01,0.022564311279038136,0.03043153404055196,0.0361221521720636,0.04173206990535057,0.046046838605466676,0.05045643738690402,0.052182327134168975,0.053947000920698304,0.05580848357049777,0.05773133378018075,0.05940528836177425,0.06109805142181263,0.06277388803947394,0.0668712609048245,0.07273708071653325,0.0753969295272835,0.08019918643132116,0.08310669530557499
2024-02-29,0.021940543690280964,0.03043784594885044,0.036865156359623424,0.04239835141661685,0.04652778302842657,0.050748979787165395,0.05251087713842779,0.05421654372316053,0.05602305640832834,0.05801432607266104,0.05966972945790937,0.061381567049472986,0.06291581857195508,0.06721486412144839,0.07329639185092228,0.07580403824449362,0.08039854511916328,0.08334626382659942
2024-02-28,0.022935026359932543,0.03043784594885044,0.03664141535134698,0.04224257113132335,0.04639186688834583,0.050681026547290425,0.0523976522297139,0.05415159586175527,0.05599732398013578,0.057949128427158846,0.059655241162690324,0.06130690349176868,0.06307290822096093,0.0672305161745568,0.07309519255100605,0.07566418819832611,0.0804420022310838,0.08374204441696377
2024-02-27,0.022547207125628885,0.03066436874963022,0.036865156359623744,0.042395923544029955,0.046502262951322273,0.05074701829369186,0.05248384056185826,0.05422066283002466,0.056091358603001476,0.05802511153686515,0.0596833960368522,0.061377730199882456,0.0630740972669174,0.06713074096626315,0.07311491103246222,0.07583224099006776,0.08015771483246666,0.08374179262579114
2024-02-26,0.02232773926204629,0.031058260514835033,0.03671924257312457,0.04246300781005876,0.046572865527466485,0.050821257774674465,0.05255921229345549,0.05429716681223651,0.05616203297659744,0.058089759798184024,0.05976911245461347,0.061448465111042926,0.06324375078420792,0.06803226236993017,0.07353585007534169,0.07626143073559173,0.08003773514236989,0.08415754866636402
2024-02-23,0.022437815507854036,0.031058260514835477,0.03686146756502571,0.042613873703959644,0.046649761860861165,0.05096082421027869,0.05270614914369145,0.05445147407710421,0.05634831458522447,0.058245155093344735,0.05991445502600049,0.06160209891396016,0.06337531575555187,0.06800322792729162,0.07340018315732019,0.07612347267066323,0.08026501569342785,0.08342885328437523
2024-02-22,0.022437815507854036,0.031058260514835477,0.03664141535134753,0.0423910689069748,0.04648842327284017,0.050821257774674805,0.05254912447592427,0.05422184649521897,0.056078701120271676,0.05801995822828132,0.05972122152552495,0.06138589851530097,0.06315877337761505,0.06757769062094099,0.07321014500710539,0.07560394697774493,0.08037402995746713,0.08369105665578544
2024-02-21,0.022328420939349225,0.031058260514835477,0.03612569512902845,0.041878264613483,0.04601789738490647,0.05029706833963634,0.05198569271391649,0.053711026313724465,0.05555269572274764,0.0575002082012549,0.059211122911543776,0.06086743396086598,0.06276179010944317,0.06701803357463858,0.0728223708219467,0.07534192331566014,0.08019009981353117,0.08340775282500514
2024-02-20,0.017133755965269153,0.030664368749649423,0.0357460753356525,0.04165769863056591,0.04587402902313746,0.05023248291208782,0.0519071346335859,0.053636394563393704,0.055466936599154165,0.05742519086996768,0.059090962049722535,0.060792945646428585,0.06260491757029985,0.06696437205173285,0.07268793380809885,0.07511780205661744,0.08018896754999534,0.0835105288203015
2024-02-19,0.016685247484055466,0.030861324302585664,0.0357460753356139,0.041657698630551965,0.045835006239165414,0.05015312196941751,0.051837366318869385,0.05359483868351481,0.055363203029662175,0.057277197380786384,0.058962551470552994,0.06064790556031961,0.062445953597656895,0.0667718399779732,0.07257130316728638,0.07510458876083217,0.07998620031482001,0.0831853525682166
2024-02-16,0.01668562833379473,0.03125517739017601,0.03555765959404781,0.041655354352445835,0.0456846341303541,0.04998863752948337,0.05165171618979018,0.0534427239778129,0.055208732973160916,0.057121909384787936,0.05879970161077524,0.0604959311139712,0.062304816762885705,0.06655999994450179,0.07238738998906805,0.07484376482651664,0.07987896505537842,0.08305799095343251
2024-02-15,0.016964469120180587,0.03076284894393257,0.03556109316175637,0.04169136465234613,0.04584222435055174,0.05023163920382663,0.05193241703794175,0.05370556839691283,0.05531863034431349,0.05719057877709943,0.05891950704100173,0.06064843530490404,0.06260431577194765,0.06699385427500064,0.07279626578174574,0.07502187600469701,0.08023972779943969,0.08355128997868795
2024-02-07,0.016904719137027107,0.03184581203268071,0.03563898352373184,0.04169606143633473,0.04596014862552187,0.05036796909074902,0.052169458036403354,0.054010109785224095,0.055736716463125356,0.05756255340987152,0.05919635914141747,0.060778022136850254,0.06285671193927368,0.067328734706694,0.0728963239617115,0.07522638769727756,0.08065796472708743,0.08516518318670512
2024-02-06,0.017681400263921232,0.03145207493240563,0.035707133854681224,0.041763192795667065,0.04606752959450282,0.0505169563977937,0.052343407074458524,0.054169857751123346,0.05591513941459306,0.05771925079705613,0.05930640210042208,0.060928056692991645,0.06302004258422902,0.06746964446029578,0.07328398221871531,0.07541621292151175,0.08073871645736508,0.08527575577888247
2024-02-05,0.016685247484252017,0.031648953145326515,0.03556109316176669,0.041763192795667065,0.04606669558034205,0.05051526025663529,0.05234255900387932,0.054169857751123346,0.05598810646970805,0.05786764447094168,0.05940008655505325,0.06093252863916483,0.06298658755738218,0.06759750497612316,0.07324022075168031,0.07539562898302025,0.08057820754845554,0.08537803929784332
2024-02-02,0.016466525694113998,0.031009028274756233,0.035401895091018674,0.04191424563067055,0.04647655964557493,0.051038873660479295,0.05278949314350381,0.05454011262652834,0.05635165705588345,0.05816320148523857,0.05970298943682667,0.06125969813513552,0.0633747841130334,0.06785882638152765,0.0733699179686054,0.07587213407508403,0.08093391617487222,0.08575675647797665
2024-02-01,0.015908410230832663,0.03162926619373884,0.03511313517626062,0.04183517979757553,0.04644047464083679,0.05089394657717734,0.05274751319726094,0.054541923435852506,0.056330248775743136,0.05811857411563377,0.05963548010761432,0.06115238609959487,0.06295253630702312,0.06770401805590857,0.07319824434091184,0.07557463573022168,0.08095836881903136,0.08574692443043984
2024-01-31,0.016246688995919738,0.0312551773901764,0.032597879569838104,0.042053267078278264,0.04657460085279216,0.05089719468117357,0.05269787465896367,0.05453769985366225,0.05638202969774046,0.05816555745904687,0.05968183444482349,0.0611497196119051,0.06294259946933614,0.0675703179256608,0.0731147668295859,0.0754168707022375,0.08106600820949848,0.08541501029608171
2024-01-30,0.0152503324688501,0.03093025417668283,0.03194391549021832,0.04183045219909168,0.04641349190557226,0.050744716243564886,0.052574888073935226,0.05440505990430557,0.05628425646254273,0.05802351285154947,0.05949420806887076,0.06099687492135122,0.06288748550418438,0.06736345428383694,0.07311439406337995,0.07538930344464746,0.080807783784738,0.08653599703049773
2024-01-29,0.015359581584568018,0.030930254176683943,0.03227581798054423,0.04242210234515878,0.046624356770121334,0.051123240919198884,0.05290929579327309,0.05469535066734729,0.05643768209849733,0.05819937276777126,0.05974588373180786,0.06129239469584446,0.0631880032049479,0.0678497583946995,0.07322704209443648,0.07561535765993752,0.08098841282793529,0.08585252431466806
2024-01-26,0.01547012796067719,0.03158004796927202,0.032272987171757105,0.04259671580327627,0.04651377981995079,0.05095630364374019,0.052523999690494504,0.05409169573724882,0.05570097035018569,0.05727526073240655,0.058707761751421055,0.06015600453987528,0.06205991137666897,0.06662825193597265,0.0721294027906983,0.0742096522397178,0.07991897650056899,0.08388795558275439
2024-01-25,0.01557970301810391,0.031580047969271795,0.032275817980542465,0.04259426617282558,0.0465350292993926,0.050962306392202464,0.0525522835696547,0.054091516794635044,0.05569789346434385,0.057269348902102474,0.05871391114947621,0.060158473396849946,0.06177734595062358,0.06640590981731531,0.07175528989413717,0.07380279463452076,0.08021502866416602,0.08392683399897152
2024-01-24,0.016356603930873133,0.031580047969271795,0.032275817980542465,0.04287499790075134,0.046896311515285005,0.05096230639220239,0.052492281160281005,0.05405551624940481,0.05563778436690803,0.05727399344296249,0.058726088626031334,0.06013184034581075,0.06136355600611492,0.06603775177451611,0.07137386366463751,0.0736838533716696,0.08038696001076355,0.08424283662268849
2024-01-23,0.01679478935146199,0.03191470807834755,0.03259787956985881,0.04317190846652909,0.047362553415956236,0.05159976108704369,0.05310989569844814,0.05462003030985258,0.05634854404997415,0.058096263498319284,0.059276704945041246,0.060482808162344116,0.06226622964445803,0.06650119695620334,0.07174871602871578,0.07413491671571583,0.08057915254053105,0.08449042207106201
2024-01-22,0.016575702624931504,0.03191470807834755,0.033085703360005755,0.0436123225941263,0.0477672632644134,0.05196836994214814,0.053513202699867576,0.05505803545758702,0.05656217991908309,0.05808303709681801,0.05938736010814818,0.060691683119478354,0.06234797288233333,0.06690832761470228,0.07211356361372517,0.07428755611067,0.0809394175430166,0.08297675002318061
2024-01-19,0.016466154773924567,0.03191470807834755,0.033404537282616935,0.04360975483783772,0.04778593841772673,0.051962121997615726,0.053511718406424165,0.05506131481523261,0.05657274441550225,0.05808417401577189,0.05938201613617405,0.06069412025789931,0.06268620163422092,0.06712534553510877,0.07202760355870032,0.07422089654222547,0.08070777635160639,0.0846453491335379
2024-01-18,0.016684866657489073,0.03191470807834755,0.033739107289548195,0.043607187483212344,0.047717712937878264,0.05196836994213507,0.0535600365642122,0.05510090531537198,0.05658959306186706,0.05807828080836215,0.059386853240168305,0.060695425671974466,0.06260280791996563,0.06688211019050398,0.07195708019921714,0.0741152222949786,0.08049282266890975,0.0847497399762133
2024-01-17,0.017352410662070137,0.03322328344839284,0.03373910728954805,0.043937721118415964,0.04814687055691809,0.05240278832251468,0.0539706038881958,0.05557250240095694,0.0569467948425513,0.058367938162836384,0.05957476823562816,0.060743082455032966,0.06274725172269513,0.06704261714796637,0.07191218196543507,0.0741761985396471,0.08180597875121681,0.08497676427625134
2024-01-16,0.018566960172494686,0.034531005536147234,0.03406081534104294,0.04437779725165142,0.04855026129798382,0.05276908605594214,0.05435294525751008,0.05593680445907802,0.05740235267780999,0.05888418476563899,0.060059507500326605,0.061260380729246555,0.06284296923208321,0.0669989013823893,0.07191883605961591,0.07429656702075703,0.08210259990376927,0.08487742115338681
2024-01-15,0.021551994168319506,0.034531005536147234,0.038585733109288034,0.04437779725165142,0.04860326731109961,0.052875687037875006,0.054484565318099344,0.05609344359832368,0.05761289841478328,0.059149236062536865,0.0603199963734397,0.06149075668434253,0.06337989504305558,0.06738218532768563,0.07212663573550097,0.0744143617983368,0.08111164424287687,0.08573972894286497
2024-01-12,0.022536568078573335,0.035110849923255597,0.038737084154295866,0.044528145469758675,0.048734856776472074,0.05294156808318548,0.05455050586694097,0.056159443650696465,0.05768658950413922,0.059213735357581974,0.060378865710617444,0.06155679969390605,0.06172275913076569,0.06500594321270824,0.06957184066420978,0.07185823617257346,0.07845181173086702,0.08294491991710992
2024-01-11,0.022735442558032847,0.035110849923255597,0.03880914781744031,0.044525469665198124,0.048666141002578156,0.05294797159009614,0.05457935257923656,0.056158668217659725,0.057683165798560004,0.05920766337946029,0.06038330743554763,0.061558951491634976,0.06125247755532835,0.06472439057049763,0.06930256744859145,0.07166075835204125,0.0787234129728304,0.08211327034868668
2024-01-10,0.0229343071773069,0.035110849923255597,0.03896454464843691,0.04453082170159042,0.048716144850571165,0.05294797159009614,0.05455274020721496,0.056157508824333784,0.05767660188439514,0.059212573756234954,0.06040185599324332,0.06155318241417695,0.06134523669537705,0.06448959900801748,0.06907290237167724,0.07129409683226433,0.07889226727340932,0.08123588328197057
2024-01-09,0.023332006839207043,0.035189459985375246,0.03926557443229887,0.04460732512222173,0.04875425471198598,0.05294726129719206,0.05455126908962422,0.056155276882056376,0.05767524018578131,0.059212091970658735,0.060368152063756286,0.06154934389800813,0.061229650074128734,0.06494206340761201,0.06895777689530244,0.07116865138278353,0.07862584856332995,0.08093814873371105
2024-01-08,0.02363025570991274,0.035641408055732154,0.03955682882222072,0.04241509093787436,0.04783791720889185,0.053320997105142875,0.05488285949134239,0.05644472187754191,0.057926395928980114,0.059424533025434295,0.06066493055669784,0.061905328087961384,0.061796912541741085,0.06504548691155025,0.06919428083063942,0.07143481788057282,0.08045472490914454,0.08034372042965905
2024-01-05,0.02482302947049551,0.03571999732454315,0.03985341607988914,0.04289167160796463,0.048160000382358625,0.05331380027035274,0.054872755380958156,0.05643171049156358,0.057928869935864824,0.05942602938016607,0.06065411957322984,0.06189570526292068,0.061654848333319245,0.06507633302990999,0.069539085772316,0.07172645086043618,0.08007402582655375,0.08054971575768849
2024-01-04,0.025717377074846174,0.03571999732454315,0.039818903337913325,0.04685561753073037,0.050105206732250135,0.05346557738382171,0.05502842279818719,0.056541390167413344,0.058057241220491704,0.059573092273570064,0.06076921183632084,0.06196533139907163,0.06185128652241301,0.06616764753306674,0.07017471739379638,0.07245962980024447,0.07990926903948196,0.08075056400251517
2024-01-03,0.027455815652199195,0.03631913925227774,0.04056601796790493,0.047719857681367946,0.050757110109821715,0.05382810978748053,0.05534271706624542,0.05689025059020085,0.058389153076449256,0.059939154511092496,0.06114365238363216,0.06230970883470779,0.062098045251063855,0.06651316323001275,0.07069629994530154,0.07291289611147922,0.08022670734771288,0.08115208434835468
2024-01-02,0.02907436954939928,0.03700645868633922,0.041535671676468,0.04765312611486149,0.05112956260858883,0.05464462617446869,0.05619135350214673,0.05778851759050993,0.059348174984886155,0.06097954076521071,0.06211827898921676,0.06328177239200555,0.06283890501085426,0.06721473735344183,0.07111651892119017,0.0733440863932328,0.08142476105970253,0.08227310819738719
2023-12-29,0.02928284741258473,0.037432644221912365,0.03795023219481184,0.04763100007196031,0.051304789247576435,0.05497857842319256,0.056540919082892924,0.0581032597425933,0.059774757705831204,0.06144625566906912,0.06264956212561404,0.06383978916415305,0.06325398887486527,0.0677685345942895,0.07115296726207063,0.07348784947542192,0.08215305947620635,0.08293397290030105
2023-12-28,0.02928284741258473,0.037397202880147265,0.0379482781609088,0.047551689378432786,0.05110299927023707,0.05489644392739165,0.056462198070644294,0.058027952213896936,0.05969781162145747,0.061367671029018016,0.06256747641133534,0.06376728179365265,0.06318044826144491,0.06747636992263079,0.0709955137461644,0.07340169560033835,0.08214032514415856,0.08290045437934458
2023-12-27,0.029392045778412826,0.03743645948798364,0.03795218649493875,0.04763405913281416,0.05122854647319329,0.054902911310025296,0.05648493151705863,0.05801646171748451,0.05963382722380569,0.0613614676510124,0.06256035527157688,0.06375924289214135,0.0631148283080241,0.06748281120672187,0.07070728487321591,0.07323525197028018,0.0823424255669927,0.08305342974905969
2023-12-26,0.02928284741258488,0.03743645948798364,0.03795218649493875,0.047557787558958085,0.05115170609612553,0.05482548948967448,0.056389291154547654,0.057936094975237426,0.05958968625550359,0.06128002400866456,0.06249939564525682,0.06367985116578763,0.06328035276675605,0.0672223816924118,0.07063452725816205,0.0730566973997004,0.08230297983869195,0.0830042521689165
2023-12-25,0.02906444176181844,0.03743645948798364,0.03795218649493875,0.04755778755895742,0.05115170609612445,0.05482548948967296,0.05638929115454555,0.05793609497523474,0.059589686255500145,0.06128002400866033,0.06248882708446583,0.06368449099640387,0.06340487841908123,0.06712874998622953,0.0707477901899245,0.07283862047745074,0.08229261905294623,0.08307631297251271
2023-12-22,0.02883609586502019,0.03727564499325192,0.03795023219407521,0.047478470497966115,0.051108333191620184,0.05473819588527426,0.05630081513428894,0.057863434383303616,0.059535453579560464,0.06120747277581731,0.062410765655750225,0.06360097926524909,0.0629959494108855,0.06699688928515424,0.07066250585563219,0.07297971808995787,0.08202637959032025,0.08290068587144128
2023-12-21,0.02883609586502019,0.036621726512146444,0.0379482781609088,0.04691284734403725,0.05042562349047845,0.054177907101449735,0.05574569048984006,0.05731347387823038,0.05898324759061491,0.06065302130299943,0.061853731710573394,0.06305444211814736,0.06250268972699949,0.06652069675754864,0.07005601961085718,0.07244922649518581,0.08140777535751469,0.0822804438637164
2023-12-20,0.02878645373243218,0.036621726512140906,0.03795218649493866,0.04691878402198739,0.05051175965894211,0.05418457919894028,0.05577001138397045,0.057304844669478376,0.05892093016648479,0.060647203311014364,0.061847857774949826,0.06304851223888529,0.06244878899061483,0.06629958786692805,0.06995110754600725,0.07209348597236101,0.0816217757532582,0.08237568602804661
2023-12-19,0.02889566561313023,0.036621726512140906,0.038272845331286026,0.04691878402198739,0.05051175965894211,0.05418457919894028,0.055755843295370824,0.05731002843423148,0.05896282218676136,0.06065234468934745,0.06186783776505418,0.0630445385085575,0.06235413320725466,0.06628615371987386,0.07006188471056579,0.07222339964809757,0.0817394124872413,0.08249045994273534
2023-12-18,0.029223283414521673,0.03654318044502379,0.03827284533127144,0.0468424577217891,0.05043523543500254,0.054107852652954064,0.05567459246662626,0.05722430249971507,0.05890146982153009,0.06061590752827433,0.06182157851750067,0.0630141443872789,0.062222592198358975,0.06626945403676834,0.07000353512217643,0.07229800984726918,0.08215740360508833,0.08269127594164465
2023-12-15,0.029560801041926252,0.0365395445276388,0.03827085802745623,0.047077969032330254,0.050669405818676884,0.054260842605023514,0.05582361426515003,0.05738638592527655,0.05899952572129222,0.060612665517307894,0.061814793668616766,0.06300385520958533,0.06216416111417476,0.06624637647735848,0.06988304041019634,0.07203707341294242,0.08238793261387363,0.08286911165291393
2023-12-14,0.029332483401957696,0.03662172651214089,0.038268870998130755,0.047151269362963974,0.0505862058891904,0.05425534263311408,0.0558199402207198,0.05738453780832553,0.058997375351263544,0.06061021289420156,0.061807741584503605,0.06300527027480565,0.06212312276324429,0.06646621937794399,0.07008373812747722,0.07234810891095803,0.08208164980895233,0.08257492062555753
2023-12-13,0.02961043359176292,0.03673953981338269,0.039088718425630345,0.047157266065713646,0.05067006875590801,0.05426093372810669,0.05584370063855626,0.057375953711438284,0.058936634728535414,0.060603725814980074,0.06180156017307811,0.06299939453117616,0.06273971069528439,0.06797715565964231,0.07051761755739994,0.07293395343488257,0.08181237436802406,0.08241528018950003
2023-12-12,0.02961043359176292,0.03673953981338269,0.039088718425632704,0.047157266065713646,0.05067006875590801,0.05426093372810669,0.05582956041530479,0.05738113681242465,0.05897725853692632,0.060608849633083585,0.0618214942095556,0.06299543736337425,0.06256115630795758,0.06855693403184637,0.07072926120469976,0.0731906778120588,0.08164751908514367,0.08219120070737009
2023-12-11,0.02961043359176292,0.03673953981338269,0.039088718425632704,0.047157266065713646,0.05067006875590801,0.05426093372810669,0.05582956041530479,0.05738113681242465,0.05897725853692632,0.060608849633083585,0.06181094326491611,0.06299997066162003,0.06273803559844902,0.06853708074811048,0.07078935675406546,0.07316241894865749,0.08162359879777813,0.08217053483985268
2023-12-08,0.029719623039609316,0.036735864839718795,0.03908664591655202,0.0471542674611297,0.050706642575799,0.0542590176904683,0.05582144334544794,0.05738386900042758,0.05899763928879788,0.060611409577168186,0.06181323272945272,0.06300199258660373,0.06238296229853428,0.06857460077342589,0.07075657094316795,0.07322821934030292,0.08164253564423239,0.08218405034429702
2023-12-07,0.029828809515120343,0.036827895222697894,0.03908457369975633,0.047237087261673215,0.050671719176304045,0.05434053053965971,0.05590011943670901,0.057459708333758304,0.05907250970236343,0.060685311070968556,0.0618829242644688,0.06308053745796904,0.06266966263325525,0.06858305368472448,0.07063624875845144,0.07324121469625766,0.08150938454886832,0.08207049930419326
2023-12-06,0.029947918644108465,0.036827895222695015,0.039088718425632815,0.04724310564254643,0.05075613873683661,0.05434723923322213,0.05596927688932028,0.057539547386181264,0.0590577953900629,0.0606795603033001,0.0618753902241192,0.0630712201449383,0.062435624913245315,0.06814820588568996,0.07072718603310704,0.07317537251125081,0.08164601141486973,0.08211500679356538
2023-12-05,0.02982880951512117,0.036827895222695015,0.039088718425632815,0.04724310564254643,0.05075613873683661,0.05434723923322213,0.05595473769072336,0.057544763338903925,0.05909747674199206,0.06068469488737104,0.06189527639621021,0.06306722232498004,0.06225719872433803,0.06839579665766332,0.07049458552491758,0.07300567795085323,0.08172107678227261,0.08222576464471697
2023-12-04,0.030057098905256055,0.036827895222695015,0.039088718425632815,0.04724310564254643,0.05075613873683661,0.05434723923322213,0.05595473769072333,0.05754476333890387,0.05909747674199203,0.06068469488737104,0.06188474838376334,0.06307175782041224,0.06225593778277123,0.06830306505922086,0.07054355730747272,0.07316789338937461,0.08165990657748169,0.08217845261756468
2023-12-01,0.029888364521741855,0.034368903527014404,0.0390825017751767,0.04731638218999039,0.050842080051380106,0.054367777912769824,0.056071401792898844,0.05770175152764597,0.05924197890938168,0.0607822062911174,0.06199653892703103,0.06314627940145989,0.06372549552746953,0.06852858390618294,0.0703715134035714,0.07297198246011105,0.0816333144557775,0.08231939340310465
2023-11-30,0.03001739733596658,0.034373730699636534,0.03909079122706892,0.047313363605256474,0.0507820633613037,0.054369014245397994,0.05609840012955696,0.05770168495966268,0.05923743612221229,0.060773187284761915,0.062000290744362335,0.0631490684512223,0.06376921069716844,0.06852438947051713,0.0703825656785948,0.07298268439853847,0.08162375626091149,0.08231201039335216
2023-11-29,0.030016166169557493,0.034373730699636534,0.03941120958725159,0.047395691093570544,0.05094056691960505,0.05444648806623259,0.056094981886476616,0.05777931252889986,0.05934807375883243,0.06086511758558041,0.062104652870404696,0.06322917972674014,0.06376912784765011,0.06813973725690768,0.07110630622774983,0.0736207957026393,0.08112079967433244,0.0824821789674067
2023-11-28,0.030016166169557493,0.03469809653685298,0.04006151896324921,0.04735754691945567,0.05095923171982696,0.05444347027670789,0.05611459522620384,0.05778572017569979,0.05938390214406872,0.060863070561601666,0.06203180841361443,0.06322595361023617,0.06391634392594016,0.06831876235524835,0.07129440363822068,0.07370124507229833,0.08108748021088932,0.08265713323371696
2023-11-27,0.030135259921582287,0.035189459985375975,0.04252399186416891,0.046766125579480476,0.050626725949183035,0.0543614371763953,0.05603845842216988,0.05771547966794447,0.059269699255496106,0.060773237769540626,0.06192436196557392,0.06307548616160721,0.06366345867180646,0.06805447292937751,0.07109282686466965,0.07380778239109607,0.08042188406200915,0.08241521702619724
2023-11-24,0.03038083797231305,0.035189459985375086,0.04251909069505568,0.04676317612717018,0.05055892033361408,0.05435466454005798,0.05603581589911377,0.05771696725816957,0.05926229960855439,0.060774037777409105,0.06191901862445631,0.06307658167861394,0.06351707158871232,0.06804642394199074,0.07097084128344773,0.0736449194974013,0.08093005204421214,0.08284739300206921
2023-11-23,0.030819979627585974,0.035189459985375086,0.04276611536206056,0.04715126936311411,0.05085615408685456,0.054438899753768394,0.05618241183090552,0.05787027990558082,0.059402362399670214,0.06093444489375961,0.06212500611930797,0.06331556734485633,0.0635759723959122,0.06798278850245641,0.07082942721692646,0.0735900114378267,0.08110052450417225,0.08299090646450992
2023-11-22,0.0308199796275547,0.03535649613718245,0.04276611536202655,0.04715726606571364,0.050852595028348144,0.054272739919297104,0.056049380954753265,0.057864644621414996,0.0594305384522073,0.060944809409457,0.062122042989866254,0.06331207258745387,0.06367043166095439,0.06786084122089352,0.07197445212472911,0.07455669751772837,0.0809425162646699,0.08267986755729527
2023-11-21,0.030939049253391037,0.03600485761040499,0.042843585587746584,0.04735754691945648,0.050953054717867055,0.05443131769676425,0.05623071010339767,0.058030102510031094,0.059626409255925744,0.06110384209521121,0.06227324741267132,0.06346807458485881,0.06224704841055625,0.06839351049327971,0.0722078657427042,0.07479469105721581,0.08095586867169942,0.08270983864955328
2023-11-20,0.03118709949700723,0.03600485761040343,0.042882319011170476,0.04743383380877639,0.05102993208611046,0.054508766289183636,0.05630738392897257,0.05810600156876151,0.059719742304004904,0.061180602338014714,0.06236452899099086,0.06354845564396701,0.0620598072560153,0.06855375481805194,0.07220662745408216,0.07458773971046698,0.08077434518087112,0.08253780082605312
2023-11-17,0.031561384135460446,0.03600485761040343,0.04304190170730394,0.04766912881062071,0.051085554393384774,0.05450197997614885,0.0563012056255753,0.05810043127500175,0.0597592385013561,0.06118107326680269,0.06235625467475432,0.06354435016411202,0.06385969644530001,0.06778989882470672,0.07218393979374751,0.07414753074803587,0.08095424966681987,0.08268179795418379
2023-11-16,0.032308093164986174,0.03600485761040343,0.043366391801734315,0.04832347177020771,0.05159098368034129,0.05475077541761333,0.05652661443392189,0.058245777736944004,0.05990946791706402,0.06133548807145261,0.06251602313241864,0.06369655819338466,0.06406739856060502,0.06932493558129066,0.07234364743093188,0.07474325383118671,0.08090127185334814,0.08259794463403297
2023-11-15,0.033051940671985615,0.03813511520346642,0.04433400998619945,0.04854886331218007,0.051930247039897605,0.05505982559640213,0.05675019152638072,0.05847730454179363,0.06016704337603967,0.06156366424924302,0.06276591807384158,0.06392980209552741,0.06425085305707305,0.06988097708698647,0.07284504292810431,0.07461145780051735,0.08116499681276543,0.08313885314307065
2023-11-14,0.034656534901748484,0.038625637376884,0.044421061157625015,0.04953895512095078,0.05246572025093431,0.05529704738754881,0.056952922554788454,0.058608797722028094,0.06038965204540549,0.06180022972728857,0.06296212663549297,0.06414928217213661,0.06400606723758542,0.07049767639949704,0.07347631596171118,0.07569775409747662,0.08124436069810173,0.08343545797508899
2023-11-13,0.03441701966993755,0.038625637376886006,0.04248524802037039,0.04970070362130154,0.05258458576911044,0.05537442828166471,0.05703308546314561,0.05869174264462651,0.060310729686920826,0.061876923673488154,0.0630520896692711,0.06422725566505406,0.06465621448850338,0.07131671958536717,0.07343608710192363,0.07564493507318945,0.08129651016338843,0.08338391897088555
2023-11-10,0.03365901025780404,0.03879238758895384,0.04279988526542383,0.04985907641310845,0.05289287946675489,0.05592668252040133,0.05743001750257691,0.058933352484752496,0.060535788771538944,0.062103389486873516,0.06327889935173577,0.06446732690742069,0.06505184438011535,0.07138792319233739,0.07378934374357675,0.07607913682285021,0.08108327999979396,0.08321667748516798
2023-11-09,0.034469997581362835,0.03911603960320302,0.0452235983809493,0.04703683394641929,0.051558282326328114,0.05593067196843775,0.05749830793087385,0.05901591295833858,0.06055586031305612,0.06209580766777366,0.06331345865370563,0.06453110963963762,0.0650905051623031,0.07144089135304356,0.07402686325407279,0.07629559849244215,0.08099361028147879,0.08309580817303647
2023-11-08,0.03508255454599947,0.03911603960320302,0.04530092582582275,0.04767219273237264,0.051961126700273856,0.05593067196843775,0.057445114162104495,0.058992479012155305,0.06057286071389602,0.06210114191997494,0.06332730036878315,0.06451432610114002,0.06419987183259032,0.07132607484729424,0.07402059622950712,0.0767064515442778,0.08105484532471172,0.08288641407285496
2023-11-07,0.035223177551876164,0.03911603960320302,0.04546523174368392,0.04767219273237009,0.051869872786061935,0.05593067196843775,0.05746434422824719,0.05899801648805664,0.06060958439192581,0.06210114191997494,0.06329273557195797,0.06451023343376673,0.06415754265440578,0.07139987015533955,0.074846977115713,0.07726540644705847,0.08068730878042427,0.08290309891797508
2023-11-06,0.03540158254285849,0.04009648444920485,0.04562951739822789,0.04799626946907147,0.052147304473983094,0.05616297964177804,0.057653707292841236,0.059144434943904436,0.06072536008119879,0.062254733311842246,0.06350418110373324,0.06475362889562422,0.06413079515163381,0.07234054722530447,0.07532851128442995,0.07717232221645617,0.08108037527073253,0.08287045983634078
2023-11-03,0.03632951752413179,0.040341520785376644,0.045585234515536296,0.04766912881061864,0.05199346717374888,0.05631780553687911,0.057858689952452164,0.059399574368025225,0.060919969988526786,0.062407313530321785,0.06369838653232378,0.06500364714973239,0.0643429295078645,0.07346241446654653,0.07584626686202589,0.07901528616731615,0.08076861285343721,0.08269834461349493
2023-11-02,0.036689824889908455,0.04071391868632737,0.04570682128437972,0.047666065411860525,0.052027009955269446,0.056387954498678367,0.05793667490556433,0.0594853953124503,0.060988102896311534,0.06249081048017278,0.06365993186845434,0.0648290532567359,0.06417456622777608,0.07352502868085775,0.0759541076195597,0.07891186713364291,0.08045407742207769,0.0824199151129194
2023-11-01,0.03654120288865533,0.0407116634243567,0.04570682128437972,0.047672192732370076,0.05214332721137814,0.05647176590914127,0.057884296002567705,0.05939313496600049,0.06094006674227761,0.06248699851855473,0.06370418429688615,0.06492137007521759,0.06436018584269877,0.0738773033934553,0.07626409888456961,0.07854143019091364,0.0809490936166926,0.08274144918907127
2023-10-31,0.03558989021921375,0.04077798540934936,0.04570682128437972,0.047672192732370076,0.052164766766533865,0.056468179788732864,0.05789254571980187,0.05939877176185185,0.06096752732723629,0.062486216225640365,0.0636616680468002,0.06491726431031183,0.06474834762793358,0.07424192761684137,0.0767898403202144,0.07963653098715072,0.08060034184533352,0.08233605250936511
2023-10-30,0.03484651844557655,0.040903059971079146,0.04578412068478015,0.047672192732370076,0.05222737679934977,0.05654531169617428,0.0579664531546321,0.05948674401716838,0.061008585550579426,0.06256351059558636,0.06374729206979375,0.06499910696205904,0.06469710918021332,0.07456714346973208,0.07687887019365963,0.07962376256166158,0.0806812384915598,0.08247384232817609
2023-10-27,0.03514051045519461,0.04114100672174235,0.045778443879027735,0.04766912881062162,0.05245609465671103,0.05655920823907337,0.05802334519336133,0.05948748214764929,0.060993851241701966,0.06248384675864537,0.06368789053639967,0.0649186908425485,0.06437745648547695,0.07463212929797497,0.07701342911623545,0.07961837031586959,0.08051551689887505,0.082592765674896
2023-10-26,0.036234033108775585,0.041319044023875845,0.04570682128437962,0.047666065411860616,0.052507202185742875,0.0565579492822566,0.05803758233012625,0.05948539531245032,0.06097247574419972,0.062475897719155155,0.06369123527377368,0.06492007657899908,0.06416846035985406,0.07450336791843168,0.07699212046729476,0.07949617525049649,0.0802577586610592,0.0823525336114771
2023-10-25,0.03633312273303782,0.04149534568842834,0.04578412068478007,0.04831071385626915,0.052843622321425615,0.05647892514991743,0.057902722162738555,0.05937345753861971,0.06087126082732433,0.0623855234928279,0.06359392890323917,0.0648157610404328,0.06425270663251172,0.0746608890343405,0.07724256073308303,0.07967481603450736,0.08065361973854467,0.08301939568116405
2023-10-24,0.03720500472693959,0.04135822351831725,0.045668169902054655,0.048310713856280885,0.052440374404673216,0.056480259723752674,0.057882858757010006,0.05930087096645698,0.060857522938082394,0.0623148141455615,0.06350493897850062,0.06473429869604215,0.06443829332418402,0.07464628368627169,0.07824975672465814,0.0805641808218618,0.07988507938730073,0.082410675870373
2023-10-23,0.03646193554484193,0.04093700361484785,0.0455038890146361,0.048310713856280885,0.05248152860265876,0.05656167346324582,0.05796265925622072,0.059379040497470066,0.06086293676478378,0.06231457441759067,0.06351845749091217,0.0647355700485559,0.06413057010050116,0.07491387311614871,0.0784984877017697,0.08062677916718669,0.07977944477485728,0.08233173118592763
2023-10-20,0.03434763675828547,0.03966852682697752,0.04525671380162189,0.0483075679781934,0.052400910023053096,0.05649425206791279,0.05789812715098375,0.059302002234054706,0.060791613735164896,0.062248842377555305,0.06344732068063626,0.06465896907495987,0.06405462867800588,0.07465892286979095,0.07858290719384255,0.08083254939271477,0.07966358814176587,0.08237957210211014
2023-10-19,0.03236760609810445,0.03869226315253504,0.04505926265499527,0.047828075551524143,0.052120038387026064,0.056412001222527985,0.057824298806921505,0.05923659639131503,0.06070209251599021,0.06216758864066539,0.06337562709860697,0.06458366555654856,0.06413298847463615,0.0742293318214508,0.07784446526048469,0.08017896341629142,0.07936968011627077,0.08256093024926019
2023-10-18,0.031256550786158355,0.03855292505069569,0.044904575214832286,0.04751964958443355,0.05211722452093968,0.05642133722745606,0.05780853762900201,0.0592414699119176,0.06070195645514682,0.06216244299837603,0.06337508605577871,0.06458772911318138,0.06442092024981959,0.07297588286320164,0.07665394821945719,0.0790378677018618,0.07856273717558875,0.08124531285723638
2023-10-17,0.031008504884891243,0.03855494813139748,0.04477887844203073,0.046880621602096474,0.05166389960245511,0.05634319329845813,0.05775323912531824,0.05917877996126472,0.0607238047250441,0.06217021088688011,0.06336644078562,0.0646021068348678,0.06422165639824128,0.07300868042976635,0.07652289518455056,0.07872519357094539,0.07873614284189569,0.08137378413950837
2023-10-16,0.030760443474537307,0.03827047979692391,0.04453712053791722,0.046880621602096474,0.05162619246243868,0.056268598738860406,0.0576768368605802,0.05910055012649472,0.06061443276676354,0.0620954049148526,0.06330576309410585,0.06452942191269155,0.0642277697824709,0.07289722760359649,0.07640076741226098,0.07834733659969575,0.07867763958786378,0.08143344558926272
2023-10-13,0.030757858108745772,0.03812917761487696,0.04453174706304057,0.04687765780314512,0.051572802759901955,0.05626794771665879,0.057684690995172004,0.05910143427368523,0.060616939004722314,0.06209949798073686,0.06330814440378273,0.06453007265565326,0.0643541499867647,0.07278881303848866,0.0763681094563609,0.0784535561423644,0.07865391656374499,0.08141599766541452
2023-10-12,0.03051236655315673,0.038133135733784636,0.04470152068623131,0.04639766010436085,0.051330203135880326,0.05626274616739981,0.057751789876725516,0.05924083358605123,0.06066945710902454,0.06209808063199786,0.06342351841425607,0.06474895619651429,0.06474284711779216,0.07301316612580645,0.07645466967380946,0.07850606393431661,0.07896916814212507,0.08191722315685217
2023-10-11,0.030760443474537352,0.03897667134129493,0.04477887844203083,0.04735754691945996,0.051956419137227705,0.056261746319818784,0.057710669423629186,0.0592073592231696,0.060686239593370134,0.06216511996357066,0.06348541102315351,0.06480570208273637,0.0647565852161923,0.07326543874474634,0.07657855034581365,0.07848037800102095,0.07851213775156879,0.08138120570634018
2023-10-10,0.0321196296537429,0.03953556237512375,0.04526226266447175,0.04831071385628243,0.05236627233140423,0.05633366649184946,0.05778972610267997,0.05926178636857454,0.06072875495754813,0.06216383292502228,0.0634489825983083,0.06477649984324113,0.06435274046614887,0.07329687252913672,0.0769398733607388,0.07833324409387935,0.07840865724183085,0.08129474218072147
2023-10-09,0.03253622122742045,0.040280506891996845,0.04562951739822796,0.04894882641553275,0.05271725483939528,0.05640376090621733,0.05785404395915302,0.059320264188494606,0.06079899407614297,0.06224557766188593,0.06354282296354317,0.06485432370807578,0.06570052862607043,0.07333567743214348,0.0770112249848366,0.07852848101279622,0.07840205745918383,0.0813259322665891
2023-10-06,0.033356316911852014,0.04052102510890275,0.04577844387902799,0.048069392337194775,0.05220984853879515,0.05639580425909444,0.05786383811044844,0.05934818344903971,0.06081443976671336,0.06224882094704628,0.06355468344568646,0.06487489608167435,0.06452513117623773,0.07362036531080798,0.07719342809550216,0.07879826859631824,0.07875443402815602,0.08139000387760971
2023-10-05,0.03368658028117684,0.040525493628051766,0.04587107714900513,0.0483044226441294,0.05240711922542492,0.05655490038453686,0.05806069509804136,0.059583220863918145,0.06095172534221361,0.06232022982050908,0.06367109468819285,0.06502195955587663,0.06506198543564072,0.07395911812817497,0.07762917355863437,0.07898204124055341,0.07909123572827498,0.08173635820207083
2023-10-04,0.033359356910253865,0.04003549006080994,0.045542545163806555,0.04831071385628084,0.052576738887535016,0.05657046444870914,0.05805014375895562,0.05957860370580363,0.06094686402950156,0.062315124353199476,0.06366709515660186,0.06501906596000424,0.06494689892932391,0.07377677706517559,0.07741966599268117,0.07907240037484888,0.07898469909520352,0.0816327233378369
2023-10-03,0.03219898380229757,0.03973162738281152,0.04481755563540897,0.04819638191387855,0.05222569488347485,0.056167414092862536,0.05766902504880998,0.05918713722405356,0.06072716104638127,0.06216888547579444,0.06349932640307426,0.0648736280202644,0.06495942705673084,0.07291100373717599,0.07677845797742698,0.07870648967296139,0.07851049958694785,0.08102956331334672
2023-10-02,0.031871637708987106,0.03886879714711479,0.04481755563539581,0.04819638191387822,0.052151710734642164,0.05602105414625907,0.05755171298082316,0.0590991922421407,0.060624402922168134,0.062021174808088005,0.06339867211584846,0.06479130675666123,0.0651977012041515,0.0717997037136411,0.07546651258578338,0.07742836480163547,0.07913742117469137,0.08134158607320643
2023-09-29,0.030712118069222468,0.03850792299666079,0.04432868513784578,0.04735452299206338,0.05160328619386645,0.05585204939566951,0.05732776894917184,0.058803488502674174,0.06024732528776555,0.06169116207285694,0.0630434660847135,0.06441063058021684,0.06492049983210423,0.07120300568173814,0.07498277619199649,0.0770953286975648,0.07866922784153987,0.08075112941788584
2023-09-28,0.030384621858315895,0.03703590997019346,0.04401477367955821,0.046998685873367384,0.05147095509951816,0.05579578687865298,0.05728887575929772,0.05873431286715593,0.0601758676503314,0.06161742243350688,0.0629749951094101,0.06433256778531332,0.06431436746144441,0.07095766250690387,0.07470665445758619,0.07658705819684887,0.07856158892566269,0.08071234605418984
2023-09-27,0.030384621858315895,0.036908284616431426,0.04369546085089751,0.04688062160209643,0.05136344368735544,0.05579700399145775,0.05720580164862326,0.058645225341814114,0.060159316352795984,0.061623492275503726,0.06300179062048138,0.06433610072040655,0.06410863630655836,0.07080168115375603,0.07427672176395274,0.07649536321223568,0.07872855922345058,0.08077147077329565
2023-09-26,0.03491757095026562,0.03838039128724761,0.03924615520860532,0.04128358391599484,0.04501810918056614,0.048711595705966323,0.050712116137891214,0.0527126365698161,0.05454354192338849,0.05635432743791064,0.05795530728007491,0.05959109103185145,0.05968491108202423,0.06590388377245349,0.06942876371882367,0.07170554292863832,0.07383565882417202,0.07564025028182879
2023-09-25,0.029392045778413017,0.03690828461643142,0.043695460850898454,0.04664207338579276,0.05124482855218816,0.055797003991480326,0.05724706975606647,0.05869713552065262,0.06022845820110645,0.06174295315979705,0.06302149570217125,0.06430003824454544,0.06415380498939513,0.0705803212081981,0.0741913717937001,0.07650014923051746,0.07874882807202951,0.08077962887780295
2023-09-22,0.028230419867774265,0.03690828461643142,0.043690287453250265,0.04663913943886504,0.05123386090699614,0.055828582375127236,0.05718515999827854,0.058541737621429855,0.06006271560147934,0.061583693581528834,0.06285272555470382,0.06413570293417745,0.06405439961669492,0.07060473906962195,0.07375178078058088,0.07620661569594843,0.07866861585870598,0.08067098727769864
2023-09-21,0.02922328341452226,0.036417342165885526,0.04360836224848758,0.04639766010436164,0.051134212555462015,0.05571461492575688,0.0571091263333843,0.05845913205778957,0.060061811152856075,0.06166449024792259,0.06290545384536916,0.06414641744281575,0.0641658526839255,0.07028591589484579,0.07343621614992282,0.0759178943636406,0.07881283400754055,0.08081786733040121
2023-09-20,0.02906444176181361,0.036417342165885304,0.04373416951296543,0.04616480570143192,0.050927177185890404,0.05563721491777241,0.05707777791274973,0.058549657494574386,0.06017785624560456,0.06175237811473264,0.06301432831881294,0.06423600351638004,0.06451829379356926,0.07002691881476768,0.07337054236637687,0.0756463796813061,0.07892738466190607,0.08090215101046376
2023-09-19,0.02967991812976206,0.03788980911833435,0.0436083622484877,0.04592608617872511,0.05088410778020979,0.055787645627832005,0.05729735440160618,0.058807063175380356,0.06040508739784378,0.061985550914565854,0.06321915844174425,0.06447958352386131,0.06469747122773173,0.07036886321464163,0.07386083544562223,0.07616662129421684,0.07899492604659909,0.08102720892726255
2023-09-18,0.030424319792941145,0.03875315349241071,0.04417923830087184,0.04767219273483994,0.05182598901690476,0.05593413918597985,0.05742209329065919,0.058910047395338526,0.06057564375374535,0.06222293685546639,0.06337092290532993,0.06451890895519347,0.06480971884699566,0.07071684743219188,0.07399924114417682,0.07640763563632448,0.07892587436509947,0.08099811865402032
