Date,3M,6M,9M,1Y,15M,18M,21M,2Y,27M,30M,33M,3Y,5Y,7Y,10Y,15Y,20Y,30Y
8/28/2026,0.07693,0.08042,0.08356,0.09504,0.09523,0.09542,0.09558,0.09604,0.09627,0.09665,0.09681,0.09696,0.10261,0.10311,0.10441,0.1057,0.10658,0.10725
8/27/2026,0.07679,0.08042,0.08356,0.09519,0.09538,0.09558,0.09573,0.09619,0.09642,0.09681,0.09696,0.09712,0.10276,0.10325,0.10459,0.10586,0.10674,0.10741
8/26/2026,0.07679,0.08167,0.08325,0.09519,0.09538,0.09558,0.09573,0.09619,0.09642,0.09681,0.09696,0.09712,0.10272,0.10325,0.10456,0.10586,0.10674,0.10741
8/25/2026,0.07679,0.08167,0.08439,0.09519,0.09538,0.09558,0.09573,0.09619,0.09642,0.09681,0.09696,0.09712,0.10272,0.10325,0.10461,0.10586,0.10674,0.10741
8/24/2026,0.07679,0.08167,0.08325,0.09519,0.09538,0.09558,0.09573,0.09619,0.09642,0.09681,0.09696,0.09712,0.10271,0.10322,0.10454,0.10586,0.10674,0.10741
8/22/2026,0.07693,0.08167,0.08325,0.09519,0.09538,0.09558,0.09573,0.09619,0.09642,0.09681,0.09696,0.09712,0.10257,0.10317,0.10453,0.10586,0.10674,0.10741
8/21/2026,0.07693,0.08167,0.08325,0.09519,0.09538,0.09558,0.09573,0.09619,0.09642,0.09681,0.09696,0.09712,0.10257,0.10317,0.10453,0.10586,0.10674,0.10741
8/20/2026,0.07693,0.08167,0.08325,0.09519,0.09538,0.09558,0.09573,0.09619,0.09642,0.09681,0.09696,0.09712,0.10257,0.10317,0.10456,0.10586,0.10674,0.10741
8/19/2026,0.07807,0.08167,0.08431,0.09519,0.09538,0.09558,0.09573,0.09619,0.09642,0.09681,0.09696,0.09712,0.10262,0.10318,0.10458,0.10586,0.10674,0.10741
8/18/2026,0.07821,0.08133,0.08325,0.09519,0.09538,0.09558,0.09573,0.09619,0.09642,0.09681,0.09696,0.09712,0.10246,0.10317,0.10456,0.10586,0.10674,0.10741
8/17/2026,0.07821,0.08019,0.08231,0.09519,0.09538,0.09558,0.09573,0.09619,0.09642,0.09681,0.09696,0.09712,0.10256,0.10319,0.10461,0.10586,0.10674,0.10741
8/14/2026,0.07717,0.084,0.08231,0.09519,0.09538,0.09558,0.09573,0.09619,0.09642,0.09681,0.09696,0.09712,0.10245,0.10311,0.10432,0.10582,0.10674,0.10741
8/13/2026,0.07683,0.084,0.08231,0.09519,0.09538,0.09558,0.09573,0.09619,0.09642,0.09681,0.09696,0.09712,0.10256,0.10314,0.10431,0.10582,0.10674,0.10741
8/12/2026,0.077,0.08488,0.08325,0.09519,0.09538,0.09558,0.09573,0.09619,0.09642,0.09681,0.09696,0.09712,0.10242,0.10306,0.10431,0.10582,0.10674,0.10741
8/11/2026,0.07743,0.084,0.08325,0.09519,0.09538,0.09558,0.09573,0.09619,0.09642,0.09681,0.09696,0.09712,0.10253,0.10318,0.10438,0.10594,0.10686,0.10753
8/10/2026,0.07743,0.084,0.08325,0.09523,0.09538,0.09558,0.09573,0.09619,0.09642,0.09681,0.09696,0.09712,0.10253,0.10315,0.10436,0.10594,0.10686,0.10753
8/7/2026,0.07757,0.084,0.08325,0.09523,0.09538,0.09558,0.09573,0.09619,0.09642,0.09681,0.09696,0.09712,0.10243,0.10313,0.10435,0.10594,0.10686,0.10753
8/6/2026,0.07743,0.084,0.08325,0.09523,0.09538,0.09558,0.09573,0.09619,0.09642,0.09681,0.09696,0.09712,0.1024,0.10306,0.10432,0.10594,0.10682,0.10748
8/5/2026,0.07757,0.084,0.08325,0.09523,0.09538,0.09558,0.09573,0.09619,0.09642,0.09681,0.09696,0.09712,0.10247,0.10308,0.10437,0.10603,0.10687,0.10753
8/4/2026,0.07706,0.084,0.08148,0.09523,0.09538,0.09558,0.09573,0.09619,0.09642,0.09681,0.09696,0.09712,0.10251,0.10308,0.10441,0.10603,0.10687,0.10753
8/3/2026,0.07719,0.084,0.08148,0.09523,0.09538,0.09558,0.09573,0.09619,0.09642,0.09681,0.09696,0.09712,0.10246,0.103,0.10439,0.10603,0.10687,0.10753
7/31/2026,0.07706,0.084,0.08148,0.09523,0.09538,0.09558,0.09573,0.09619,0.09642,0.09681,0.09696,0.09712,0.10284,0.10339,0.1048,0.10648,0.10728,0.10794
7/30/2026,0.07669,0.084,0.0811,0.09481,0.09485,0.09508,0.09523,0.09573,0.09588,0.09627,0.09642,0.0965,0.10226,0.10277,0.1042,0.10582,0.10666,0.10732
7/29/2026,0.07656,0.084,0.0811,0.09481,0.09485,0.09508,0.09523,0.09573,0.09588,0.09627,0.09642,0.0965,0.10222,0.1028,0.10417,0.10582,0.10666,0.10732
7/28/2026,0.07656,0.084,0.0811,0.09481,0.09485,0.09508,0.09523,0.09573,0.09588,0.09627,0.09642,0.0965,0.10219,0.10277,0.10416,0.10582,0.10666,0.10732
7/27/2026,0.07656,0.08233,0.08071,0.09442,0.09446,0.09469,0.09485,0.09542,0.09558,0.09596,0.09612,0.09619,0.1019,0.10246,0.10385,0.10551,0.10635,0.10701
7/24/2026,0.07756,0.08233,0.08071,0.09442,0.09446,0.09469,0.09485,0.09542,0.09558,0.09596,0.09612,0.09619,0.10203,0.10264,0.10399,0.10572,0.10652,0.10718
7/23/2026,0.07771,0.08113,0.08071,0.09442,0.09446,0.09469,0.09485,0.09542,0.09558,0.09596,0.09612,0.09619,0.10205,0.10263,0.10403,0.10572,0.10652,0.10718
7/22/2026,0.07786,0.08113,0.08063,0.09435,0.09446,0.09469,0.09485,0.09542,0.09558,0.09596,0.09612,0.09619,0.10208,0.10264,0.10401,0.10572,0.10652,0.10718
7/21/2026,0.078,0.08138,0.08071,0.09442,0.09446,0.09469,0.09485,0.09542,0.09558,0.09596,0.09612,0.09619,0.10238,0.10296,0.10435,0.10605,0.10685,0.10751
7/20/2026,0.078,0.08138,0.08071,0.09442,0.09446,0.09469,0.09485,0.09542,0.09558,0.09596,0.09612,0.09619,0.10249,0.10306,0.10442,0.10618,0.10698,0.10764
7/17/2026,0.07786,0.08138,0.08071,0.09442,0.09446,0.09469,0.09485,0.09542,0.09558,0.09596,0.09612,0.09619,0.10247,0.10307,0.10445,0.10621,0.10698,0.10764
7/16/2026,0.07786,0.08113,0.08071,0.09442,0.0945,0.09473,0.09485,0.09542,0.09558,0.09596,0.09612,0.09619,0.10263,0.10316,0.1045,0.10626,0.10693,0.1076
7/15/2026,0.078,0.08138,0.08071,0.09442,0.0945,0.09473,0.09485,0.09542,0.09558,0.09596,0.09612,0.09619,0.10254,0.10314,0.10448,0.10622,0.10693,0.1076
7/14/2026,0.078,0.08138,0.08071,0.09442,0.0945,0.09473,0.09485,0.09542,0.09558,0.09596,0.09612,0.09619,0.10254,0.10314,0.10446,0.10622,0.10689,0.1076
7/13/2026,0.079,0.08138,0.08071,0.09435,0.0945,0.09473,0.09485,0.09542,0.09558,0.09596,0.09612,0.09619,0.10254,0.10314,0.10446,0.10622,0.10689,0.1076
7/10/2026,0.07925,0.08138,0.08063,0.09427,0.09442,0.09465,0.09485,0.09535,0.0955,0.09588,0.09612,0.09619,0.10254,0.10312,0.10446,0.10622,0.10689,0.1076
7/9/2026,0.07925,0.08138,0.08063,0.09427,0.09442,0.09465,0.09485,0.09535,0.0955,0.09588,0.09612,0.09619,0.10254,0.10312,0.10445,0.10614,0.10664,0.10743
7/8/2026,0.07925,0.08113,0.08063,0.09427,0.09442,0.09465,0.09485,0.09535,0.0955,0.09588,0.09612,0.09619,0.10247,0.10307,0.10447,0.10622,0.10689,0.1076
7/7/2026,0.07825,0.08088,0.08012,0.09427,0.09442,0.09465,0.09485,0.09535,0.0955,0.09588,0.09612,0.09619,0.10245,0.10306,0.10447,0.10622,0.10689,0.1076
7/6/2026,0.07841,0.0815,0.08019,0.09435,0.0945,0.09473,0.09492,0.09542,0.09558,0.09596,0.09619,0.09627,0.10253,0.10314,0.10453,0.10628,0.10697,0.10768
7/3/2026,0.07841,0.0815,0.08004,0.09427,0.09442,0.09465,0.09477,0.09535,0.0955,0.09588,0.09604,0.09612,0.10238,0.10299,0.10437,0.10613,0.10682,0.10753
7/2/2026,0.07841,0.0817,0.08004,0.09427,0.09442,0.09465,0.09477,0.09535,0.0955,0.09588,0.09604,0.09612,0.10238,0.10299,0.1044,0.10615,0.10682,0.10753
7/1/2026,0.07828,0.0813,0.08004,0.09427,0.09442,0.09465,0.09477,0.09535,0.0955,0.09588,0.09604,0.09612,0.10242,0.10302,0.10439,0.10615,0.10682,0.10753
6/30/2026,0.07866,0.0815,0.08012,0.09427,0.09438,0.09469,0.09481,0.09538,0.09554,0.09592,0.09608,0.09615,0.10242,0.103,0.10439,0.10613,0.10681,0.10754
6/29/2026,0.07853,0.0813,0.08012,0.09427,0.09438,0.09469,0.09481,0.09538,0.09554,0.09592,0.09608,0.09615,0.10241,0.10295,0.10447,0.10624,0.10668,0.10739
6/26/2026,0.07839,0.08092,0.07996,0.09419,0.09438,0.09469,0.09481,0.09538,0.09554,0.09592,0.09608,0.09615,0.1024,0.10295,0.10444,0.10619,0.10668,0.10739
6/25/2026,0.07839,0.08058,0.07988,0.09419,0.09438,0.09469,0.09481,0.09538,0.09554,0.09592,0.09608,0.09615,0.10246,0.10307,0.10458,0.10634,0.10681,0.10752
6/24/2026,0.07839,0.08042,0.07988,0.09419,0.09438,0.09469,0.09481,0.09538,0.09554,0.09592,0.09608,0.09615,0.10246,0.10307,0.10457,0.10632,0.10681,0.10752
6/23/2026,0.07839,0.08042,0.07988,0.09419,0.09438,0.09469,0.09481,0.09538,0.09554,0.09592,0.09608,0.09615,0.10246,0.10307,0.10455,0.10628,0.10681,0.10752
6/22/2026,0.07839,0.08025,0.07981,0.09396,0.09408,0.09454,0.09465,0.09523,0.09538,0.09585,0.096,0.09608,0.10232,0.103,0.10451,0.10623,0.10674,0.10745
6/19/2026,0.07811,0.08008,0.07962,0.09408,0.09419,0.09458,0.09469,0.09527,0.09542,0.09581,0.09596,0.09604,0.10239,0.10296,0.1044,0.10616,0.1067,0.10741
6/18/2026,0.07828,0.07992,0.07954,0.094,0.09415,0.09454,0.09465,0.09523,0.09538,0.09577,0.09592,0.096,0.10232,0.10285,0.10435,0.1061,0.10658,0.10733
6/17/2026,0.07791,0.07992,0.07954,0.094,0.09415,0.09454,0.09465,0.09523,0.09538,0.09577,0.09592,0.096,0.10212,0.10257,0.1041,0.10601,0.1066,0.10737
6/16/2026,0.07753,0.07992,0.07954,0.094,0.09415,0.09454,0.09465,0.09523,0.09538,0.09577,0.09592,0.096,0.10212,0.10257,0.10408,0.10601,0.10643,0.10721
6/15/2026,0.07753,0.07975,0.07942,0.09723,0.09754,0.09765,0.098,0.09858,0.09873,0.09904,0.09919,0.09927,0.10531,0.10578,0.10735,0.10928,0.10979,0.11056
6/12/2026,0.07753,0.0795,0.07965,0.09723,0.09754,0.09765,0.098,0.09858,0.09873,0.09904,0.09919,0.09927,0.10531,0.10578,0.10732,0.10927,0.10979,0.11056
6/11/2026,0.07753,0.0795,0.07942,0.09715,0.09746,0.09758,0.09792,0.0985,0.09865,0.09896,0.09912,0.09919,0.10527,0.10574,0.10728,0.1092,0.10971,0.11035
6/10/2026,0.07741,0.0795,0.07942,0.09715,0.09746,0.09758,0.09792,0.0985,0.09865,0.09896,0.09912,0.09919,0.10523,0.10573,0.10734,0.10932,0.10978,0.11039
6/9/2026,0.07761,0.0788,0.07942,0.09719,0.09746,0.09758,0.09792,0.0985,0.09865,0.09896,0.09912,0.09919,0.10525,0.1057,0.10735,0.10919,0.10981,0.11042
6/8/2026,0.07761,0.0792,0.07942,0.09719,0.09746,0.09758,0.09792,0.0985,0.09865,0.09896,0.09912,0.09919,0.10525,0.1057,0.10731,0.10916,0.10977,0.11042
6/5/2026,0.07689,0.0788,0.07927,0.09696,0.09738,0.0975,0.09785,0.09835,0.09858,0.09888,0.09904,0.09919,0.10528,0.10574,0.10734,0.10917,0.10977,0.11042
6/4/2026,0.07689,0.0788,0.07923,0.09696,0.09738,0.0975,0.09785,0.09835,0.09858,0.09888,0.09904,0.09919,0.10532,0.10578,0.10738,0.10921,0.10981,0.11046
6/3/2026,0.07689,0.0789,0.07935,0.09712,0.09738,0.0975,0.09785,0.09842,0.09858,0.09888,0.09912,0.09919,0.10538,0.10585,0.10742,0.10918,0.1099,0.11055
6/2/2026,0.07732,0.0793,0.07935,0.096749565,0.097249565,0.097369565,0.097709565,0.098209565,0.098439565,0.098749565,0.098979565,0.099139565,0.105489565,0.105959565,0.107519565,0.109289565,0.109679565,0.110239565
6/1/2026,0.07746,0.0798,0.07946,0.096939565,0.097289565,0.097399565,0.097749565,0.098329565,0.098479565,0.098789565,0.099099565,0.099169565,0.105719565,0.106199565,0.107779565,0.109529565,0.109479565,0.110189565
5/29/2026,0.07675,0.0782,0.07896,0.09677,0.09711,0.09723,0.09757,0.09807,0.09823,0.09853,0.09884,0.09892,0.10545,0.10595,0.10744,0.10921,0.10905,0.10973
5/28/2026,0.07689,0.0778,0.07827,0.09584,0.09619,0.09638,0.09673,0.0973,0.09746,0.09784,0.09815,0.0983,0.105,0.1053,0.10698,0.10874,0.1081,0.10877
5/27/2026,0.07718,0.0778,0.07819,0.09569,0.09603,0.09623,0.09665,0.09715,0.0973,0.09769,0.098,0.09815,0.10435,0.10501,0.10617,0.10742,0.10793,0.10856
5/26/2026,0.07732,0.0776,0.07812,0.073371093,0.073711093,0.073911093,0.074331093,0.074831093,0.074981093,0.075371093,0.075681093,0.075831093,0.081991093,0.082661093,0.083831093,0.085101093,0.085611093,0.086241093
5/25/2026,0.07654,0.0772,0.07804,0.073291093,0.073711093,0.073911093,0.074251093,0.074831093,0.074981093,0.075371093,0.075681093,0.075831093,0.081991093,0.082661093,0.083831093,0.085101093,0.085611093,0.086241093
5/22/2026,0.07639,0.0772,0.07796,0.073211093,0.073641093,0.073831093,0.074181093,0.074751093,0.074911093,0.075291093,0.075601093,0.075751093,0.081861093,0.082581093,0.083781093,0.085021093,0.085491093,0.086121093
5/21/2026,0.07639,0.077,0.07788,0.073141093,0.073561093,0.073751093,0.074101093,0.074681093,0.074831093,0.075211093,0.075521093,0.075681093,0.081791093,0.082511093,0.083691093,0.084881093,0.085421093,0.086051093
5/20/2026,0.07639,0.077,0.07796,0.073141093,0.073561093,0.073751093,0.074101093,0.074681093,0.074831093,0.075211093,0.075521093,0.075681093,0.081771093,0.082511093,0.083621093,0.084851093,0.085381093,0.086011093
5/19/2026,0.07695,0.07625,0.0775,0.073141093,0.073561093,0.073751093,0.074101093,0.074681093,0.074831093,0.075211093,0.075521093,0.075681093,0.081681093,0.082501093,0.083581093,0.084741093,0.085211093,0.085841093
5/18/2026,0.07695,0.07625,0.0775,0.073141093,0.073561093,0.073751093,0.074101093,0.074681093,0.074831093,0.075211093,0.075521093,0.075681093,0.081641093,0.082501093,0.083621093,0.084691093,0.085211093,0.085841093
5/15/2026,0.07675,0.07625,0.0775,0.072981093,0.073331093,0.073521093,0.073871093,0.074451093,0.074601093,0.074981093,0.075211093,0.075371093,0.081371093,0.082191093,0.083271093,0.084371093,0.084901093,0.085531093
5/14/2026,0.07671,0.0758,0.0775,0.073141093,0.073561093,0.073751093,0.074101093,0.074681093,0.074831093,0.075211093,0.075521093,0.075681093,0.081621093,0.082501093,0.083611093,0.084681093,0.085211093,0.085841093
5/13/2026,0.07638,0.076,0.0775,0.073141093,0.073561093,0.073751093,0.074101093,0.074681093,0.074831093,0.075211093,0.075521093,0.075681093,0.081611093,0.082471093,0.083561093,0.084661093,0.085161093,0.085781093
5/12/2026,0.07621,0.076,0.0775,0.073141093,0.073561093,0.073751093,0.074101093,0.074681093,0.074831093,0.075211093,0.075521093,0.075681093,0.081681093,0.082471093,0.083541093,0.084641093,0.085161093,0.085781093
5/11/2026,0.07588,0.0762,0.0775,0.073141093,0.073451093,0.073641093,0.073981093,0.074561093,0.074711093,0.075101093,0.075411093,0.075561093,0.081521093,0.082351093,0.083411093,0.084521093,0.085041093,0.085661093
5/8/2026,0.07604,0.0762,0.0775,0.073291093,0.073521093,0.073711093,0.074061093,0.074641093,0.074791093,0.075181093,0.075481093,0.075641093,0.081641093,0.082431093,0.083491093,0.084601093,0.085121093,0.085741093
5/7/2026,0.07638,0.0762,0.0775,0.073291093,0.073521093,0.073711093,0.074061093,0.074641093,0.074791093,0.075181093,0.075481093,0.075641093,0.081641093,0.082431093,0.083491093,0.084511093,0.085071093,0.085701093
5/6/2026,0.07654,0.0762,0.0775,0.073291093,0.073521093,0.073711093,0.074061093,0.074641093,0.074791093,0.075181093,0.075481093,0.075641093,0.081711093,0.082431093,0.083491093,0.084491093,0.085071093,0.085701093
5/5/2026,0.07654,0.0762,0.0775,0.073291093,0.073521093,0.073711093,0.074061093,0.074641093,0.074791093,0.075181093,0.075481093,0.075641093,0.081641093,0.082431093,0.083461093,0.084491093,0.085071093,0.085701093
5/4/2026,0.07671,0.0762,0.0775,0.073291093,0.073521093,0.073711093,0.074061093,0.074641093,0.074791093,0.075181093,0.075481093,0.075641093,0.081511093,0.082271093,0.083231093,0.084321093,0.084901093,0.085651093
4/29/2026,0.07671,0.0766,0.0775,0.073291093,0.073521093,0.073711093,0.074061093,0.074641093,0.074791093,0.075181093,0.075481093,0.075641093,0.081541093,0.082271093,0.083331093,0.084321093,0.084901093,0.085651093
4/28/2026,0.07671,0.0766,0.0775,0.073291093,0.073521093,0.073711093,0.074061093,0.074641093,0.074791093,0.075181093,0.075481093,0.075641093,0.081791093,0.082521093,0.083551093,0.084561093,0.085151093,0.085901093
4/24/2026,0.07704,0.07613,0.07775,0.073291093,0.073521093,0.073711093,0.074061093,0.074641093,0.074791093,0.075181093,0.075481093,0.075711093,0.081861093,0.082591093,0.083621093,0.084631093,0.085221093,0.085971093
4/23/2026,0.07704,0.07638,0.07775,0.073291093,0.073521093,0.073711093,0.074061093,0.074711093,0.074871093,0.075251093,0.075561093,0.075711093,0.081901093,0.082591093,0.083621093,0.084621093,0.085221093,0.085971093
4/22/2026,0.07696,0.07638,0.07775,0.073331093,0.073561093,0.073751093,0.074101093,0.074751093,0.074911093,0.075291093,0.075601093,0.075751093,0.081961093,0.082701093,0.083721093,0.084701093,0.085301093,0.085971093
4/21/2026,0.07685,0.076,0.07775,0.073331093,0.073561093,0.073751093,0.074101093,0.074751093,0.074911093,0.075291093,0.075601093,0.075751093,0.082011093,0.083121093,0.084141093,0.085121093,0.085681093,0.086351093
4/20/2026,0.07635,0.0766,0.07775,0.073331093,0.073561093,0.073751093,0.074101093,0.074751093,0.074911093,0.075291093,0.075601093,0.075751093,0.082081093,0.082681093,0.083721093,0.084671093,0.085301093,0.086051093
4/17/2026,0.07635,0.0766,0.07775,0.073331093,0.073561093,0.073751093,0.074101093,0.074751093,0.074911093,0.075291093,0.075601093,0.075751093,0.082481093,0.083041093,0.084041093,0.085061093,0.085681093,0.086431093
4/16/2026,0.07635,0.0766,0.07775,0.073331093,0.073561093,0.073751093,0.074101093,0.074751093,0.074911093,0.075291093,0.075601093,0.075751093,0.082361093,0.083041093,0.084031093,0.085041093,0.085671093,0.086421093
4/15/2026,0.07725,0.0766,0.07775,0.073411093,0.073641093,0.073751093,0.074181093,0.074751093,0.074981093,0.075291093,0.075681093,0.075751093,0.082461093,0.083011093,0.084001093,0.084981093,0.085671093,0.086421093
4/14/2026,0.07815,0.077,0.07775,0.073561093,0.073711093,0.073911093,0.074251093,0.074911093,0.075061093,0.075451093,0.075751093,0.075911093,0.082641093,0.083201093,0.084231093,0.085171093,0.085781093,0.086621093
4/13/2026,0.07825,0.077,0.07775,0.073411093,0.073561093,0.073751093,0.074101093,0.074751093,0.074911093,0.075291093,0.075601093,0.075751093,0.082461093,0.083071093,0.084091093,0.085011093,0.085621093,0.086461093
4/10/2026,0.07825,0.0778,0.07725,0.073411093,0.073561093,0.073751093,0.074101093,0.074751093,0.074911093,0.075291093,0.075601093,0.075751093,0.082541093,0.083071093,0.084121093,0.085011093,0.085621093,0.086461093
4/9/2026,0.07755,0.0782,0.07725,0.073101093,0.073291093,0.073481093,0.073871093,0.074521093,0.074601093,0.074981093,0.075291093,0.075451093,0.082201093,0.082781093,0.083751093,0.084711093,0.085321093,0.086161093
4/8/2026,0.07755,0.0785,0.07725,0.073101093,0.073371093,0.073561093,0.074101093,0.074751093,0.074831093,0.075141093,0.075451093,0.075601093,0.082281093,0.082901093,0.083891093,0.084861093,0.085471093,0.086311093
4/7/2026,0.07755,0.0785,0.07725,0.073101093,0.073371093,0.073561093,0.074101093,0.074751093,0.074831093,0.075141093,0.075451093,0.075601093,0.082321093,0.082861093,0.083881093,0.084811093,0.085471093,0.086311093
4/6/2026,0.07755,0.0786,0.07725,0.072791093,0.073061093,0.073331093,0.073871093,0.074371093,0.074451093,0.074751093,0.075061093,0.075211093,0.081891093,0.082471093,0.083501093,0.084391093,0.085081093,0.085921093
4/3/2026,0.07755,0.0781,0.0765,0.072331093,0.072521093,0.072951093,0.073481093,0.073911093,0.073981093,0.074291093,0.074521093,0.074681093,0.081441093,0.082021093,0.082981093,0.083851093,0.084631093,0.085471093
4/2/2026,0.07755,0.0787,0.0765,0.072371093,0.072521093,0.072951093,0.073481093,0.073911093,0.073981093,0.074291093,0.074521093,0.074681093,0.081441093,0.081971093,0.082931093,0.083851093,0.084631093,0.085471093
4/1/2026,0.077,0.07871,0.0765,0.071981093,0.072291093,0.072641093,0.073411093,0.073831093,0.073981093,0.074451093,0.074681093,0.074831093,0.081521093,0.082121093,0.083111093,0.084001093,0.084781093,0.085621093
3/31/2026,0.077,0.07854,0.07617,0.072371093,0.072141093,0.072641093,0.072951093,0.073451093,0.073451093,0.073681093,0.073911093,0.074061093,0.080791093,0.081351093,0.082311093,0.083231093,0.084011093,0.084851093
3/30/2026,0.077,0.07788,0.07617,0.071831093,0.071451093,0.072021093,0.072101093,0.072681093,0.072681093,0.072911093,0.073141093,0.073291093,0.080051093,0.080581093,0.081491093,0.082461093,0.083241093,0.084081093
3/27/2026,0.07683,0.07738,0.07683,0.071665546,0.071355546,0.071935546,0.072015546,0.072585546,0.072585546,0.072815546,0.073045546,0.073205546,0.079965546,0.080495546,0.081455546,0.082375546,0.083155546,0.083995546
3/26/2026,0.0765,0.07654,0.0765,0.070815546,0.070435546,0.070975546,0.071275546,0.071895546,0.071895546,0.072125546,0.072355546,0.072355546,0.079185546,0.079645546,0.080485546,0.081525546,0.082305546,0.083105546
3/25/2026,0.0765,0.07654,0.0765,0.070975546,0.070435546,0.070975546,0.071275546,0.071895546,0.071895546,0.072125546,0.072355546,0.072355546,0.079085546,0.079395546,0.080475546,0.081525546,0.082305546,0.082855546
3/24/2026,0.0765,0.07638,0.07617,0.070745546,0.070205546,0.070745546,0.071045546,0.071665546,0.071665546,0.071895546,0.072125546,0.072205546,0.078895546,0.079275546,0.080415546,0.081405546,0.082185546,0.082735546
3/23/2026,0.0765,0.07579,0.0755,0.070165546,0.069775546,0.070315546,0.070625546,0.071245546,0.071245546,0.071475546,0.071705546,0.071775546,0.078545546,0.078975546,0.080065546,0.081135546,0.081915546,0.082465546
3/20/2026,0.0765,0.07579,0.0755,0.070165546,0.069775546,0.070315546,0.070625546,0.071245546,0.071245546,0.071475546,0.071705546,0.071775546,0.078515546,0.078885546,0.080145546,0.081155546,0.081935546,0.082485546
3/19/2026,0.0765,0.07579,0.0755,0.070165546,0.069775546,0.070315546,0.070625546,0.071245546,0.071245546,0.071475546,0.071705546,0.071775546,0.078565546,0.078835546,0.080055546,0.081155546,0.081935546,0.082485546
3/18/2026,0.0765,0.07579,0.07517,0.069935546,0.069545546,0.070085546,0.070395546,0.070935546,0.070935546,0.071315546,0.071545546,0.071625546,0.078495546,0.078685546,0.079935546,0.081005546,0.081785546,0.082335546
3/17/2026,0.07617,0.07579,0.07517,0.069935546,0.069545546,0.070085546,0.070395546,0.070935546,0.070935546,0.071315546,0.071545546,0.071625546,0.078455546,0.078685546,0.079905546,0.081005546,0.081785546,0.082335546
3/16/2026,0.0765,0.07579,0.07517,0.07,0.06961,0.07015,0.07046,0.071,0.071,0.07138,0.07161,0.07169,0.07887,0.07917,0.08042,0.08149,0.08227,0.08282
3/13/2026,0.0765,0.07579,0.07483,0.08375,0.08337,0.08391,0.08421,0.08483,0.08483,0.08521,0.08544,0.08552,0.09256,0.09302,0.0942,0.09532,0.0961,0.09665
3/12/2026,0.0765,0.07579,0.07483,0.08367,0.08329,0.08391,0.08421,0.08483,0.08483,0.08521,0.08544,0.08552,0.09256,0.09313,0.09452,0.0955,0.09631,0.0969
3/11/2026,0.0765,0.07529,0.0745,0.08367,0.08329,0.08391,0.08421,0.08483,0.08483,0.08521,0.08544,0.08552,0.09139,0.09224,0.09474,0.09573,0.09631,0.09689
3/10/2026,0.0765,0.07513,0.0745,0.08344,0.08306,0.08367,0.08398,0.0846,0.0846,0.08498,0.08521,0.08529,0.09112,0.09131,0.09449,0.0952,0.09608,0.09666
3/9/2026,0.0765,0.07529,0.07483,0.08344,0.08306,0.08367,0.08398,0.0846,0.0846,0.08498,0.08521,0.08529,0.09115,0.09152,0.09461,0.09536,0.09625,0.09683
3/6/2026,0.07617,0.07496,0.07383,0.08337,0.08298,0.0836,0.08391,0.08452,0.08452,0.08491,0.08514,0.08521,0.09114,0.09139,0.09459,0.09522,0.09642,0.09692
3/5/2026,0.07617,0.07496,0.0745,0.08337,0.08298,0.0836,0.08391,0.08452,0.08452,0.08491,0.08514,0.08521,0.09114,0.09139,0.09457,0.09522,0.09642,0.09692
3/4/2026,0.0765,0.07513,0.0745,0.08314,0.08283,0.08337,0.08367,0.08421,0.08421,0.0846,0.08475,0.08483,0.09065,0.09099,0.0942,0.09482,0.09604,0.09654
3/3/2026,0.0765,0.07508,0.07346,0.08212,0.08275,0.08321,0.08352,0.08406,0.08406,0.08437,0.0846,0.08467,0.09049,0.09083,0.094,0.09466,0.09588,0.09638
3/2/2026,0.0765,0.07492,0.07331,0.08146,0.08244,0.08283,0.08329,0.08383,0.08383,0.08414,0.08452,0.08444,0.09052,0.09076,0.09388,0.09454,0.09527,0.09577
2/27/2026,0.075,0.0732,0.07215,0.08112,0.08167,0.08206,0.08244,0.08283,0.08298,0.08321,0.08375,0.08383,0.08933,0.08994,0.09298,0.09389,0.09471,0.09521
2/26/2026,0.0743,0.07313,0.07215,0.08112,0.08167,0.08206,0.08244,0.08283,0.08298,0.08321,0.08375,0.08383,0.08933,0.08991,0.09298,0.09389,0.09471,0.09521
2/25/2026,0.0735,0.07313,0.07215,0.08112,0.0816,0.08198,0.08237,0.08275,0.08291,0.08314,0.08367,0.08375,0.08917,0.08979,0.09287,0.09374,0.09463,0.09513
2/24/2026,0.0735,0.07313,0.072,0.08112,0.0816,0.08198,0.08237,0.08275,0.08291,0.08314,0.08367,0.08375,0.08921,0.08979,0.09287,0.09374,0.09463,0.09513
2/23/2026,0.0739,0.07313,0.072,0.08112,0.08167,0.08206,0.08244,0.08283,0.08298,0.08321,0.08375,0.08383,0.08935,0.08989,0.09295,0.09384,0.09473,0.09523
2/13/2026,0.0739,0.07112,0.07267,0.08079,0.0816,0.08198,0.08237,0.08275,0.08291,0.08314,0.08367,0.08375,0.08927,0.08981,0.09286,0.09376,0.09465,0.09515
2/12/2026,0.0739,0.07112,0.07267,0.08079,0.0816,0.08198,0.08237,0.08275,0.08291,0.08314,0.08367,0.08375,0.08931,0.08981,0.09286,0.09376,0.09465,0.09515
2/11/2026,0.0755,0.07112,0.07267,0.08079,0.0816,0.08198,0.08237,0.08275,0.08291,0.08314,0.08367,0.08375,0.08924,0.08981,0.09286,0.09376,0.09465,0.09515
2/10/2026,0.0775,0.07135,0.07367,0.08079,0.08175,0.08214,0.08252,0.08291,0.08306,0.08329,0.08383,0.08391,0.0894,0.0899,0.09303,0.09391,0.09485,0.09535
2/9/2026,0.0777,0.07135,0.07367,0.08054,0.08175,0.08214,0.08252,0.08291,0.08306,0.08329,0.08383,0.08391,0.08936,0.09012,0.09328,0.09413,0.0951,0.0956
2/6/2026,0.0779,0.07188,0.07333,0.08054,0.08183,0.08221,0.08267,0.08306,0.08329,0.08352,0.08406,0.08421,0.08917,0.08998,0.09339,0.09443,0.0954,0.0959
2/5/2026,0.0761,0.07127,0.073,0.08054,0.0816,0.08198,0.08229,0.08267,0.08283,0.08306,0.08352,0.0836,0.08852,0.08937,0.09275,0.09382,0.09479,0.09529
2/4/2026,0.0755,0.07142,0.07317,0.08054,0.08171,0.0821,0.08241,0.08279,0.08294,0.08317,0.08364,0.08371,0.08855,0.08937,0.09275,0.09381,0.09482,0.09528
2/3/2026,0.0775,0.07138,0.07317,0.08079,0.08179,0.0821,0.08241,0.08279,0.08287,0.0831,0.08348,0.08356,0.08822,0.08928,0.09254,0.09373,0.09476,0.09522
2/2/2026,0.0725,0.07015,0.072,0.08146,0.08052,0.08098,0.08129,0.08167,0.08175,0.08198,0.08237,0.08244,0.0871,0.08816,0.09142,0.09261,0.09364,0.0941
1/30/2026,0.07117,0.06969,0.07167,0.07979,0.08021,0.08075,0.08106,0.08152,0.0816,0.08183,0.08221,0.08237,0.08683,0.08775,0.09133,0.09259,0.09368,0.09414
1/29/2026,0.071,0.06969,0.07167,0.07979,0.08021,0.08075,0.08106,0.08152,0.0816,0.08183,0.08221,0.08237,0.08679,0.08775,0.09137,0.09259,0.09368,0.09414
1/28/2026,0.0705,0.06969,0.07167,0.07975,0.08014,0.08067,0.08098,0.08144,0.08152,0.08175,0.08214,0.08229,0.08682,0.08767,0.09124,0.09251,0.09356,0.09402
1/27/2026,0.07,0.06946,0.07167,0.07937,0.07975,0.08021,0.08067,0.08121,0.08129,0.08152,0.08198,0.08214,0.08674,0.08761,0.09121,0.09245,0.0935,0.09396
1/26/2026,0.06993,0.07083,0.07167,0.07929,0.07975,0.08021,0.08067,0.08121,0.08129,0.08152,0.08198,0.08214,0.08677,0.08761,0.09121,0.09245,0.0935,0.09396
1/23/2026,0.0695,0.06915,0.07133,0.07929,0.07975,0.08021,0.08067,0.08121,0.08129,0.08152,0.08198,0.08214,0.08672,0.08766,0.09116,0.09242,0.0935,0.09396
1/22/2026,0.06864,0.06915,0.07133,0.07937,0.07975,0.08021,0.08067,0.08121,0.08129,0.08152,0.08198,0.08214,0.08669,0.08755,0.09119,0.09237,0.0935,0.09404
1/21/2026,0.06864,0.06923,0.07133,0.07937,0.07983,0.08029,0.08075,0.08129,0.08137,0.0816,0.08206,0.08221,0.08671,0.08757,0.09105,0.09237,0.09357,0.09403
1/20/2026,0.06907,0.06927,0.07183,0.07948,0.07994,0.08041,0.08087,0.08141,0.08148,0.08171,0.08217,0.08233,0.08695,0.08746,0.09133,0.09279,0.09381,0.09427
1/19/2026,0.06988,0.06958,0.07183,0.07956,0.07994,0.08041,0.08087,0.08141,0.08148,0.08171,0.08217,0.08233,0.08726,0.08833,0.09223,0.09328,0.09387,0.09433
1/16/2026,0.06975,0.06935,0.0715,0.07933,0.07971,0.08017,0.08071,0.08117,0.08125,0.08164,0.08202,0.08225,0.08675,0.0875,0.09215,0.0932,0.09379,0.09425
1/15/2026,0.06975,0.06935,0.0725,0.07933,0.07971,0.08017,0.08071,0.08117,0.08125,0.08164,0.08202,0.08225,0.08658,0.08721,0.09195,0.09299,0.09358,0.09404
1/14/2026,0.06988,0.06965,0.07217,0.07917,0.07956,0.08002,0.08064,0.0811,0.08125,0.08164,0.08202,0.08225,0.0869,0.08733,0.09223,0.09328,0.09375,0.09421
1/13/2026,0.06888,0.06958,0.07183,0.07917,0.07956,0.08002,0.08064,0.0811,0.08125,0.08164,0.08202,0.08225,0.08649,0.0873,0.09242,0.09334,0.0939,0.09435
1/12/2026,0.06888,0.06958,0.0715,0.07917,0.07956,0.08002,0.08064,0.0811,0.08125,0.08164,0.08202,0.08225,0.08641,0.0873,0.09253,0.09345,0.09369,0.09415
1/10/2026,0.06875,0.06958,0.07027,0.07917,0.07956,0.08002,0.08064,0.0811,0.08125,0.08164,0.08202,0.08225,0.08613,0.08699,0.09229,0.09312,0.0934,0.09385
1/9/2026,0.06875,0.06958,0.07027,0.07917,0.07956,0.08002,0.08064,0.0811,0.08125,0.08164,0.08202,0.08225,0.08613,0.08699,0.09229,0.09312,0.0934,0.09385
1/8/2026,0.0695,0.06981,0.0705,0.07917,0.07956,0.08002,0.08064,0.0811,0.08125,0.08164,0.08202,0.08225,0.0858,0.08715,0.09281,0.09337,0.09333,0.09387
1/7/2026,0.07013,0.06988,0.07058,0.07933,0.07971,0.08017,0.08079,0.08125,0.08141,0.08179,0.08217,0.08256,0.08517,0.08722,0.09281,0.09363,0.0931,0.09366
1/6/2026,0.07013,0.07012,0.07058,0.07964,0.08002,0.08048,0.08102,0.08148,0.08156,0.08194,0.08217,0.08241,0.08436,0.08677,0.09235,0.09297,0.09304,0.0936
1/5/2026,0.07113,0.07035,0.07077,0.07994,0.08017,0.08071,0.08117,0.08156,0.08179,0.0821,0.08233,0.08256,0.08451,0.08692,0.09244,0.09312,0.09313,0.09371
12/31/2025,0.0715,0.06796,0.06875,0.07787,0.07841,0.07856,0.07902,0.07944,0.07983,0.08021,0.0806,0.08091,0.08318,0.08559,0.09104,0.09172,0.09177,0.09235
12/30/2025,0.071,0.06796,0.06975,0.07787,0.07841,0.07856,0.07902,0.07944,0.07983,0.08021,0.0806,0.08091,0.0831,0.08559,0.091,0.09167,0.09177,0.09235
12/29/2025,0.071,0.06796,0.06975,0.07787,0.07841,0.07856,0.07902,0.07944,0.07983,0.08021,0.0806,0.08091,0.0831,0.08559,0.091,0.09167,0.09172,0.09227
12/26/2025,0.07075,0.06796,0.07044,0.07771,0.07848,0.07864,0.0791,0.07952,0.07983,0.08021,0.0806,0.08091,0.08307,0.08563,0.091,0.09166,0.09168,0.09222
12/25/2025,0.07083,0.06804,0.07019,0.07841,0.07841,0.07864,0.0791,0.07952,0.07991,0.08029,0.08067,0.08098,0.08306,0.08566,0.09103,0.09169,0.09163,0.09221
12/24/2025,0.07136,0.06735,0.06969,0.07748,0.07802,0.07817,0.07864,0.07906,0.07944,0.07983,0.08021,0.08052,0.0826,0.08517,0.09038,0.09101,0.09108,0.09163
12/23/2025,0.07079,0.06758,0.06944,0.07741,0.07756,0.07771,0.07817,0.0786,0.07906,0.07952,0.08006,0.08021,0.08229,0.08486,0.09007,0.0907,0.09077,0.09132
12/22/2025,0.06964,0.06727,0.06919,0.07702,0.07741,0.07756,0.07802,0.07844,0.07891,0.07929,0.07983,0.07998,0.08199,0.08463,0.08983,0.09047,0.09054,0.09109
12/19/2025,0.06893,0.06638,0.06781,0.07652,0.07702,0.07717,0.07756,0.07814,0.07852,0.07883,0.07929,0.07952,0.08153,0.08417,0.08933,0.08998,0.09008,0.09063
12/18/2025,0.06864,0.06623,0.06731,0.07637,0.07687,0.07702,0.07741,0.07798,0.07837,0.07867,0.07914,0.07937,0.08135,0.084,0.08916,0.0899,0.08991,0.09048
12/17/2025,0.06864,0.06623,0.06731,0.07644,0.07687,0.07702,0.07741,0.07798,0.07837,0.07867,0.07914,0.07937,0.08143,0.08403,0.08907,0.08979,0.08999,0.09056
12/16/2025,0.06836,0.06615,0.06731,0.07637,0.07679,0.07694,0.07733,0.07791,0.07829,0.0786,0.07906,0.07929,0.08142,0.08399,0.08901,0.08971,0.08991,0.09048
12/15/2025,0.06893,0.06646,0.06756,0.07667,0.07687,0.07717,0.07756,0.07798,0.07837,0.07867,0.07914,0.07937,0.08136,0.08401,0.08905,0.08979,0.08999,0.09056
12/12/2025,0.06907,0.06646,0.06756,0.07667,0.07687,0.07717,0.07756,0.07791,0.07829,0.0786,0.07906,0.07921,0.08112,0.08372,0.08878,0.08955,0.08975,0.09028
12/11/2025,0.06907,0.06646,0.06756,0.07667,0.07687,0.07717,0.07756,0.07791,0.07829,0.0786,0.07906,0.07921,0.08112,0.0837,0.08881,0.0895,0.08962,0.09016
12/10/2025,0.0685,0.06631,0.06694,0.07652,0.07671,0.07702,0.07741,0.07775,0.07814,0.07844,0.07891,0.07906,0.08087,0.08349,0.08839,0.08913,0.08935,0.08988
12/9/2025,0.06867,0.06581,0.06669,0.07656,0.07671,0.07702,0.07741,0.07775,0.07814,0.07844,0.07891,0.07906,0.08087,0.08349,0.08839,0.08913,0.08931,0.08984
12/8/2025,0.06807,0.06546,0.06644,0.07606,0.07617,0.07648,0.07694,0.07737,0.07775,0.07806,0.07852,0.07891,0.08072,0.08334,0.08824,0.08893,0.08909,0.08963
12/5/2025,0.06679,0.06473,0.06681,0.07537,0.07517,0.07564,0.0761,0.07652,0.07694,0.07733,0.07771,0.0781,0.07997,0.08261,0.08751,0.08817,0.0883,0.08887
12/4/2025,0.06636,0.06465,0.06681,0.07498,0.07483,0.07521,0.07575,0.07617,0.0766,0.07691,0.07729,0.07767,0.07971,0.08216,0.08708,0.08774,0.088,0.08857
12/3/2025,0.0665,0.06465,0.06656,0.07487,0.07483,0.07521,0.07575,0.07617,0.0766,0.07691,0.07729,0.07767,0.07972,0.08224,0.08724,0.08777,0.08789,0.08851
12/2/2025,0.06517,0.06381,0.06575,0.07448,0.07398,0.07437,0.07498,0.07541,0.0756,0.07598,0.07629,0.0766,0.0787,0.08119,0.08603,0.0866,0.08675,0.08736
12/1/2025,0.06433,0.06146,0.06475,0.07279,0.07237,0.07267,0.07314,0.07364,0.07406,0.07437,0.07475,0.07506,0.07717,0.07973,0.08442,0.08509,0.08524,0.08582
11/28/2025,0.06279,0.06046,0.06204,0.07429,0.0716,0.07183,0.07229,0.07287,0.0731,0.07348,0.07379,0.07433,0.07648,0.07898,0.08354,0.08429,0.08445,0.08503
11/27/2025,0.06225,0.06046,0.06204,0.07399,0.07137,0.0716,0.07206,0.07264,0.07287,0.07333,0.07371,0.07425,0.0764,0.0789,0.0835,0.08408,0.08437,0.08495
11/26/2025,0.06271,0.06046,0.06204,0.07429,0.07137,0.0716,0.07206,0.07264,0.07287,0.07333,0.07371,0.07425,0.0764,0.0789,0.08319,0.08403,0.08437,0.08495
11/25/2025,0.06186,0.06031,0.06185,0.07417,0.07114,0.07137,0.07198,0.0726,0.07283,0.07333,0.07371,0.07425,0.0764,0.0789,0.0833,0.08403,0.08437,0.08495
11/24/2025,0.061,0.05962,0.06123,0.07317,0.0706,0.07098,0.07144,0.07221,0.07237,0.07287,0.07333,0.07364,0.07579,0.07829,0.08271,0.08342,0.08376,0.08434
11/21/2025,0.06029,0.05938,0.06108,0.07267,0.07037,0.07083,0.07129,0.07206,0.07221,0.07271,0.07317,0.07348,0.07563,0.07813,0.08237,0.08326,0.0836,0.08418
11/20/2025,0.05957,0.05892,0.06054,0.07254,0.06967,0.07006,0.07037,0.07121,0.07137,0.07183,0.07229,0.07256,0.07475,0.07725,0.08167,0.08236,0.08267,0.08326
11/19/2025,0.05943,0.05892,0.06054,0.07254,0.06967,0.07006,0.07037,0.07121,0.07137,0.07183,0.07229,0.07256,0.07506,0.07762,0.08183,0.08271,0.083,0.08358
11/18/2025,0.05943,0.05892,0.06054,0.07254,0.06967,0.07006,0.07037,0.07121,0.07137,0.07183,0.07229,0.07256,0.07506,0.07762,0.08183,0.08271,0.083,0.08358
11/17/2025,0.05971,0.05896,0.06067,0.07217,0.06971,0.0701,0.07041,0.07121,0.07137,0.07183,0.07229,0.07225,0.07475,0.07731,0.08152,0.08235,0.08265,0.08325
11/14/2025,0.05933,0.05933,0.06067,0.07267,0.06971,0.0701,0.07041,0.07121,0.07137,0.07183,0.07229,0.07225,0.07472,0.07731,0.0815,0.0823,0.08265,0.08325
11/13/2025,0.05867,0.05933,0.06067,0.07267,0.06948,0.06987,0.07002,0.07083,0.07083,0.07137,0.07191,0.07194,0.07441,0.077,0.08119,0.08199,0.08229,0.0829
11/12/2025,0.0583,0.06038,0.06067,0.07292,0.06956,0.06994,0.0701,0.07091,0.07091,0.07144,0.07198,0.07202,0.07447,0.0771,0.08124,0.08199,0.08227,0.08291
11/11/2025,0.0575,0.06013,0.0605,0.07292,0.06956,0.06994,0.0701,0.07075,0.07083,0.07133,0.07187,0.07194,0.07439,0.07702,0.08105,0.08186,0.08211,0.08275
11/10/2025,0.0569,0.05988,0.06125,0.07212,0.06948,0.06987,0.07002,0.07067,0.07075,0.07125,0.07179,0.07187,0.07428,0.07695,0.08104,0.08179,0.08204,0.08268
11/7/2025,0.0569,0.05938,0.06075,0.06906,0.06906,0.06944,0.06967,0.07025,0.07033,0.07087,0.07129,0.07137,0.07395,0.07661,0.08066,0.08137,0.08133,0.08202
11/6/2025,0.0571,0.05788,0.06075,0.07146,0.06937,0.06975,0.06998,0.07056,0.07071,0.07121,0.07167,0.07167,0.07427,0.07687,0.08097,0.08167,0.08165,0.08234
11/5/2025,0.0571,0.05888,0.06075,0.06917,0.06914,0.06952,0.06975,0.07033,0.07048,0.07098,0.07144,0.07144,0.074,0.07659,0.08067,0.08136,0.08138,0.08206
11/4/2025,0.0569,0.05888,0.06025,0.06894,0.06898,0.06937,0.0696,0.07017,0.07033,0.07091,0.07129,0.07137,0.07393,0.07652,0.08056,0.08124,0.08127,0.08195
11/3/2025,0.0569,0.05863,0.06,0.06879,0.06891,0.06929,0.06952,0.0701,0.07025,0.07083,0.07121,0.07137,0.07393,0.07652,0.08051,0.08122,0.08124,0.08191
10/31/2025,0.0569,0.05863,0.05975,0.06841,0.06844,0.06883,0.06914,0.0696,0.06983,0.07041,0.07083,0.07129,0.07385,0.07644,0.08041,0.08114,0.08116,0.08183
10/30/2025,0.0569,0.05863,0.06025,0.06794,0.06844,0.06883,0.06914,0.0696,0.06983,0.07041,0.07083,0.07129,0.07385,0.07644,0.08031,0.08102,0.08106,0.08171
10/29/2025,0.05736,0.05875,0.05823,0.06687,0.0676,0.06814,0.06844,0.06898,0.06937,0.06987,0.07052,0.07106,0.07362,0.07621,0.07986,0.08069,0.08063,0.08127
10/28/2025,0.0575,0.05875,0.05823,0.06687,0.0676,0.06814,0.06844,0.06898,0.06937,0.06987,0.07052,0.07106,0.07362,0.07621,0.07983,0.08068,0.08063,0.08127
10/27/2025,0.05783,0.059,0.05815,0.06706,0.06783,0.06839,0.06875,0.06925,0.06967,0.07017,0.07085,0.07148,0.07404,0.07665,0.08027,0.0811,0.08093,0.08156
10/24/2025,0.05767,0.05875,0.05808,0.06671,0.06756,0.06821,0.0686,0.06906,0.0695,0.07008,0.07079,0.07148,0.07404,0.07662,0.08033,0.08105,0.08093,0.08156
10/23/2025,0.05767,0.059,0.05812,0.06683,0.06756,0.06821,0.0686,0.06906,0.0695,0.07008,0.07079,0.07148,0.07408,0.07672,0.08045,0.08113,0.08101,0.0816
10/22/2025,0.0575,0.0595,0.05773,0.06656,0.06764,0.06829,0.06867,0.06914,0.06958,0.07012,0.07091,0.0716,0.0742,0.07686,0.0803,0.08095,0.08104,0.08168
10/21/2025,0.05667,0.05813,0.05758,0.06656,0.06764,0.06829,0.06867,0.06906,0.0695,0.06996,0.07075,0.07137,0.07405,0.07679,0.08016,0.08079,0.08098,0.08162
10/20/2025,0.05675,0.05813,0.05758,0.06656,0.06764,0.06829,0.06867,0.06906,0.0695,0.06996,0.07075,0.07137,0.07405,0.07682,0.08012,0.08079,0.08098,0.08158
10/17/2025,0.05667,0.05813,0.05758,0.06656,0.06764,0.06829,0.06867,0.06906,0.0695,0.06996,0.07075,0.07137,0.07421,0.07695,0.08032,0.0809,0.08098,0.08161
10/16/2025,0.05642,0.05838,0.05742,0.06641,0.06706,0.06779,0.06817,0.06871,0.06923,0.06977,0.07064,0.07125,0.07416,0.07693,0.08011,0.0808,0.08093,0.08156
10/15/2025,0.05575,0.05742,0.05727,0.06591,0.0666,0.06737,0.06775,0.06837,0.06889,0.06931,0.07025,0.07079,0.07373,0.07647,0.07971,0.08042,0.08055,0.08114
10/14/2025,0.05575,0.057,0.05692,0.06567,0.06644,0.06717,0.06764,0.06837,0.06873,0.06916,0.0701,0.07071,0.07365,0.07638,0.07962,0.08029,0.08047,0.08106
10/13/2025,0.05575,0.05767,0.05692,0.06567,0.06644,0.06717,0.06764,0.06837,0.06873,0.06916,0.0701,0.07071,0.07365,0.07642,0.07963,0.08024,0.08039,0.08098
10/10/2025,0.05575,0.0569,0.05631,0.06529,0.06602,0.06667,0.06714,0.06787,0.06823,0.06858,0.06952,0.07017,0.07311,0.07619,0.07901,0.0797,0.0798,0.0804
10/9/2025,0.05575,0.0569,0.05631,0.06529,0.06602,0.06667,0.06714,0.06787,0.06823,0.06858,0.06952,0.07017,0.07306,0.07591,0.07887,0.07958,0.07968,0.08027
10/8/2025,0.0555,0.0569,0.05631,0.06529,0.06602,0.06667,0.06714,0.06787,0.06823,0.06858,0.06952,0.07017,0.07282,0.07591,0.07861,0.07951,0.07957,0.08023
10/7/2025,0.0555,0.0567,0.05623,0.06892,0.06965,0.0703,0.07077,0.0715,0.07186,0.07221,0.07315,0.0738,0.07649,0.07952,0.08233,0.08309,0.08316,0.08386
10/6/2025,0.0555,0.0567,0.05623,0.06892,0.06965,0.0703,0.07077,0.0715,0.07186,0.07221,0.07315,0.0738,0.07645,0.07954,0.08238,0.08309,0.08316,0.08386
10/3/2025,0.0555,0.0567,0.05608,0.06892,0.06961,0.07023,0.07069,0.07134,0.07171,0.07205,0.07292,0.07357,0.07622,0.07938,0.08196,0.08286,0.08293,0.08363
10/2/2025,0.0555,0.05724,0.05608,0.06892,0.06961,0.07023,0.07069,0.07134,0.07171,0.07205,0.07292,0.07357,0.07622,0.07936,0.08208,0.08281,0.08293,0.08363
10/1/2025,0.0555,0.0567,0.05585,0.06873,0.06942,0.07004,0.0705,0.07115,0.07152,0.07186,0.07273,0.07346,0.07613,0.07931,0.08178,0.08265,0.08283,0.08369
9/30/2025,0.05555,0.0565,0.05573,0.0685,0.06919,0.0698,0.07019,0.07092,0.07129,0.07163,0.0725,0.0733,0.07593,0.0791,0.08159,0.08244,0.08267,0.08353
9/29/2025,0.055,0.05625,0.05558,0.06846,0.06919,0.0698,0.07019,0.07092,0.07129,0.07163,0.0725,0.0733,0.07595,0.0791,0.08159,0.08239,0.08267,0.08353
9/26/2025,0.055,0.05625,0.05527,0.06846,0.06896,0.06957,0.0698,0.07046,0.0709,0.07125,0.07211,0.07292,0.07557,0.07872,0.0812,0.08199,0.08229,0.08315
9/25/2025,0.055,0.05625,0.05527,0.06846,0.06896,0.06957,0.0698,0.07046,0.0709,0.07125,0.07211,0.07292,0.07534,0.07873,0.08113,0.08193,0.08227,0.08315
9/24/2025,0.055,0.05617,0.05519,0.06827,0.06888,0.06934,0.06973,0.0703,0.0709,0.07125,0.07211,0.07292,0.07546,0.07876,0.08085,0.08171,0.08201,0.08299
9/23/2025,0.055,0.05617,0.05488,0.06796,0.06857,0.06896,0.06942,0.07,0.07059,0.07094,0.0718,0.07269,0.07515,0.07853,0.08062,0.08145,0.08178,0.08276
9/22/2025,0.05467,0.05617,0.05519,0.06827,0.06888,0.06934,0.06973,0.0703,0.0709,0.07125,0.07211,0.07292,0.07531,0.07876,0.08085,0.08163,0.08201,0.08299
9/19/2025,0.05467,0.0565,0.05481,0.06796,0.0685,0.06896,0.06942,0.07,0.07059,0.07094,0.0718,0.07269,0.0752,0.0786,0.08068,0.08147,0.0819,0.08288
9/18/2025,0.05467,0.0565,0.05481,0.06796,0.0685,0.06896,0.06942,0.07,0.07059,0.07094,0.0718,0.07269,0.07513,0.07863,0.08065,0.08147,0.0819,0.08288
9/17/2025,0.05467,0.0565,0.05481,0.06796,0.0685,0.06896,0.06942,0.07,0.07059,0.07094,0.0718,0.07269,0.07508,0.0786,0.0806,0.08145,0.08187,0.0829
9/16/2025,0.05417,0.0565,0.05473,0.06796,0.0685,0.06896,0.06942,0.07,0.07059,0.07094,0.0718,0.07269,0.07508,0.07863,0.08061,0.08145,0.08183,0.08285
9/15/2025,0.05417,0.0565,0.05473,0.06796,0.0685,0.06896,0.06942,0.07,0.07059,0.07094,0.0718,0.07269,0.07523,0.07862,0.0806,0.08144,0.08185,0.08287
9/12/2025,0.05293,0.05373,0.05419,0.06757,0.06811,0.06842,0.06896,0.06961,0.07021,0.07055,0.0715,0.07238,0.0749,0.07845,0.08037,0.08113,0.08154,0.08254
9/11/2025,0.05293,0.05373,0.05419,0.06757,0.06811,0.06842,0.06892,0.06961,0.07021,0.07055,0.0715,0.07238,0.07483,0.07842,0.08032,0.0811,0.08154,0.0825
9/10/2025,0.05289,0.05352,0.05402,0.06721,0.06763,0.06794,0.06846,0.06923,0.0698,0.07015,0.07115,0.07196,0.07454,0.07798,0.0798,0.08059,0.08113,0.08209
9/9/2025,0.05275,0.05352,0.05402,0.06713,0.06755,0.06786,0.06838,0.06915,0.06965,0.07007,0.071,0.0718,0.07427,0.07781,0.07962,0.08041,0.08097,0.08193
9/8/2025,0.05275,0.05329,0.05387,0.06682,0.06725,0.06752,0.06804,0.06907,0.06957,0.07,0.071,0.0718,0.07435,0.0779,0.07968,0.08048,0.08105,0.08201
9/5/2025,0.05334,0.05306,0.05371,0.06652,0.06694,0.06705,0.06765,0.06869,0.06942,0.06984,0.071,0.0718,0.07435,0.07789,0.07966,0.08048,0.08105,0.08201
9/4/2025,0.05334,0.05306,0.05371,0.06652,0.06694,0.06705,0.06765,0.06869,0.06942,0.06984,0.071,0.0718,0.07435,0.07806,0.07978,0.08048,0.08105,0.08201
9/3/2025,0.05334,0.05306,0.05371,0.06652,0.06694,0.06705,0.06765,0.06869,0.06942,0.06984,0.071,0.0718,0.07452,0.07831,0.07993,0.0806,0.08122,0.0821
8/29/2025,0.05322,0.0529,0.05363,0.06644,0.06679,0.06698,0.06757,0.06861,0.06934,0.06977,0.07092,0.07173,0.07448,0.0783,0.07988,0.08053,0.08115,0.08203
8/28/2025,0.05322,0.05206,0.05356,0.06598,0.06609,0.06648,0.06719,0.068,0.06896,0.0695,0.0708,0.07165,0.0745,0.07823,0.07986,0.08061,0.08111,0.082
8/27/2025,0.05322,0.05213,0.05363,0.06598,0.06609,0.06648,0.06719,0.068,0.06896,0.0695,0.0708,0.07165,0.07462,0.07831,0.07992,0.08069,0.08121,0.08208
8/26/2025,0.05284,0.05213,0.05363,0.06598,0.06609,0.06648,0.06719,0.068,0.06896,0.0695,0.0708,0.07165,0.07467,0.07835,0.08001,0.08065,0.08126,0.08209
8/25/2025,0.05297,0.05213,0.0534,0.06598,0.06609,0.06648,0.06719,0.068,0.06896,0.0695,0.0708,0.07165,0.07478,0.07818,0.08017,0.0808,0.0813,0.08217
8/22/2025,0.05234,0.05152,0.05287,0.06544,0.06602,0.06648,0.06719,0.068,0.06896,0.0695,0.0708,0.07165,0.07452,0.07776,0.08058,0.08121,0.08161,0.08242
8/21/2025,0.05222,0.05152,0.05287,0.06536,0.06602,0.06648,0.06719,0.068,0.06896,0.0695,0.0708,0.07165,0.07378,0.07671,0.08013,0.08091,0.08152,0.08236
8/20/2025,0.05209,0.0511,0.05252,0.06509,0.06594,0.06632,0.06711,0.068,0.06896,0.0695,0.07077,0.07157,0.07375,0.07657,0.07976,0.08067,0.08132,0.08211
8/19/2025,0.05197,0.0511,0.05252,0.06509,0.06594,0.06632,0.06711,0.068,0.06896,0.0695,0.07077,0.07157,0.07372,0.07652,0.07982,0.08072,0.08137,0.08216
8/18/2025,0.05203,0.05094,0.05237,0.06494,0.06579,0.06632,0.06711,0.068,0.06896,0.0695,0.07077,0.07157,0.07387,0.07667,0.07982,0.08077,0.08145,0.08222
8/15/2025,0.05153,0.05094,0.05237,0.06494,0.06579,0.06632,0.06711,0.068,0.06896,0.0695,0.07077,0.07157,0.07402,0.07679,0.07993,0.08082,0.08144,0.08221
8/14/2025,0.05153,0.05094,0.05237,0.06486,0.06579,0.06632,0.06711,0.068,0.06896,0.0695,0.07077,0.07157,0.07409,0.07691,0.08004,0.08101,0.08157,0.08234
8/13/2025,0.05184,0.05065,0.05215,0.06457,0.06559,0.06607,0.06707,0.06788,0.06892,0.06946,0.07073,0.07157,0.0739,0.07702,0.07988,0.08081,0.08144,0.08228
8/12/2025,0.05197,0.05087,0.05213,0.06463,0.0655,0.06607,0.06707,0.06788,0.06892,0.06946,0.07073,0.07157,0.07391,0.07695,0.07986,0.08088,0.08153,0.08232
8/11/2025,0.05222,0.05094,0.05221,0.06471,0.0655,0.06607,0.06707,0.06788,0.06892,0.06946,0.07073,0.07157,0.07404,0.07719,0.08002,0.08102,0.08165,0.08245
8/8/2025,0.05209,0.05117,0.05221,0.06494,0.06557,0.06615,0.06707,0.06788,0.06892,0.06946,0.07073,0.07157,0.07396,0.07706,0.07992,0.08093,0.08157,0.08237
8/7/2025,0.05108,0.05056,0.05173,0.06438,0.06521,0.06588,0.06684,0.06761,0.06877,0.06938,0.07069,0.07161,0.07405,0.07716,0.08007,0.08102,0.08169,0.0824
8/6/2025,0.05003,0.05006,0.05119,0.06404,0.06505,0.06573,0.06677,0.06754,0.06869,0.0693,0.07061,0.07154,0.07447,0.07759,0.08021,0.08128,0.08191,0.08264
8/5/2025,0.04953,0.04998,0.05112,0.06396,0.06498,0.06557,0.06669,0.06746,0.06857,0.06919,0.07046,0.07142,0.07434,0.07744,0.08009,0.08111,0.08173,0.08261
8/4/2025,0.04913,0.04967,0.05096,0.06396,0.06498,0.06557,0.06669,0.06746,0.06857,0.06919,0.07046,0.07142,0.07438,0.07751,0.08014,0.0812,0.08181,0.08254
8/1/2025,0.04903,0.04975,0.05104,0.06404,0.06505,0.06557,0.06669,0.06746,0.06857,0.06919,0.07046,0.07142,0.07438,0.0775,0.08014,0.08119,0.08181,0.08254
7/31/2025,0.04863,0.0496,0.05088,0.06396,0.06498,0.06557,0.06669,0.06746,0.06857,0.06919,0.07046,0.07142,0.07437,0.07754,0.08024,0.08128,0.0819,0.08263
7/30/2025,0.04883,0.0496,0.05088,0.06396,0.06498,0.06557,0.06669,0.06746,0.06857,0.06919,0.07046,0.07142,0.07431,0.07754,0.08011,0.08119,0.08182,0.08255
7/29/2025,0.04923,0.04975,0.05104,0.06396,0.06498,0.06557,0.06669,0.06746,0.06857,0.06919,0.07046,0.07142,0.07429,0.07753,0.07998,0.08117,0.08182,0.08255
7/28/2025,0.04918,0.04958,0.05092,0.06392,0.06496,0.06561,0.06669,0.06746,0.06857,0.06919,0.07046,0.07142,0.07443,0.07773,0.08019,0.08138,0.08199,0.08267
7/25/2025,0.04908,0.04965,0.05108,0.064,0.06504,0.06569,0.06669,0.06746,0.06857,0.06919,0.07046,0.07142,0.07443,0.07774,0.08024,0.08138,0.08199,0.08267
7/24/2025,0.04878,0.04958,0.051,0.06396,0.06496,0.06569,0.06669,0.06746,0.06857,0.06919,0.07046,0.07142,0.07449,0.07774,0.08041,0.08149,0.08194,0.08267
7/23/2025,0.04858,0.04946,0.05088,0.06388,0.06488,0.06569,0.06669,0.06746,0.06857,0.06919,0.07046,0.07142,0.0748,0.078,0.08074,0.08176,0.08211,0.08286
7/22/2025,0.04798,0.04904,0.05054,0.0635,0.06465,0.06546,0.06646,0.06715,0.06827,0.0688,0.07007,0.07104,0.07425,0.07763,0.0802,0.08128,0.08168,0.08252
7/21/2025,0.04768,0.04904,0.05054,0.0635,0.06465,0.06546,0.06646,0.06715,0.06827,0.0688,0.07007,0.07104,0.07426,0.07763,0.08019,0.0813,0.08168,0.08252
7/18/2025,0.04768,0.049,0.0505,0.06346,0.06461,0.06542,0.06642,0.06711,0.06823,0.06877,0.07004,0.071,0.07415,0.07757,0.08012,0.08122,0.08164,0.08248
7/17/2025,0.04798,0.04904,0.0505,0.06346,0.06461,0.06542,0.06642,0.06711,0.06823,0.06877,0.07004,0.071,0.07405,0.07744,0.08011,0.08116,0.08154,0.08244
7/16/2025,0.04798,0.04904,0.0505,0.06346,0.06461,0.06542,0.06642,0.06711,0.06823,0.06877,0.07004,0.071,0.07447,0.07784,0.08013,0.08136,0.0819,0.08281
7/15/2025,0.04778,0.04896,0.05042,0.06338,0.06454,0.06534,0.06642,0.06711,0.06823,0.06877,0.07004,0.071,0.07444,0.07787,0.08009,0.08133,0.08192,0.08283
7/14/2025,0.04725,0.04885,0.05035,0.06338,0.06454,0.06534,0.06642,0.06711,0.06823,0.06877,0.07004,0.071,0.07444,0.07786,0.08003,0.0812,0.08183,0.08275
7/11/2025,0.04714,0.04854,0.05027,0.0633,0.06454,0.06534,0.06642,0.06711,0.06823,0.06877,0.07004,0.071,0.07365,0.07705,0.07924,0.08041,0.08104,0.08196
7/10/2025,0.04714,0.04854,0.049,0.0633,0.06454,0.06534,0.06642,0.06711,0.06823,0.06877,0.07004,0.071,0.07452,0.07789,0.08006,0.08135,0.08191,0.08283
7/9/2025,0.04714,0.04854,0.049,0.06346,0.06469,0.06554,0.06657,0.06727,0.06838,0.06892,0.07019,0.07115,0.07483,0.07815,0.08035,0.08157,0.08215,0.08307
7/8/2025,0.04703,0.04854,0.049,0.06323,0.06469,0.06554,0.06657,0.06727,0.06838,0.06892,0.07019,0.07115,0.0747,0.07799,0.08023,0.08144,0.08202,0.08294
7/7/2025,0.04703,0.0485,0.049,0.06323,0.06469,0.06554,0.06657,0.06727,0.06838,0.06892,0.07019,0.07115,0.07483,0.0781,0.08034,0.08156,0.08215,0.08307
7/4/2025,0.04668,0.04873,0.05042,0.06377,0.06484,0.06554,0.06657,0.06727,0.06838,0.06892,0.07019,0.07115,0.07483,0.07811,0.08034,0.08156,0.08215,0.08307
7/3/2025,0.04648,0.04873,0.0505,0.06377,0.06484,0.06554,0.06657,0.06727,0.06838,0.06892,0.07019,0.07115,0.07483,0.0781,0.08034,0.08157,0.08215,0.08307
7/2/2025,0.04658,0.04873,0.0505,0.06377,0.06484,0.06554,0.06657,0.06727,0.06838,0.06892,0.07019,0.07115,0.07483,0.07807,0.0803,0.08147,0.08215,0.08307
7/1/2025,0.04708,0.04885,0.0505,0.06377,0.06484,0.06554,0.06657,0.06727,0.06838,0.06892,0.07019,0.07115,0.07483,0.07805,0.08031,0.08149,0.08215,0.08307
6/30/2025,0.04678,0.04885,0.0505,0.06377,0.06484,0.06554,0.06657,0.06727,0.06838,0.06892,0.07019,0.07115,0.07485,0.07807,0.08028,0.08149,0.08215,0.08307
6/27/2025,0.04658,0.0485,0.05046,0.06473,0.06573,0.06643,0.06747,0.06816,0.06931,0.06985,0.07112,0.07208,0.07584,0.07921,0.08133,0.08257,0.08308,0.08403
6/26/2025,0.04618,0.04842,0.05046,0.06473,0.06573,0.06643,0.06747,0.06816,0.06931,0.06985,0.07112,0.07208,0.07584,0.07923,0.08133,0.08251,0.08308,0.08403
6/25/2025,0.04533,0.04835,0.05031,0.06458,0.06558,0.06623,0.06731,0.068,0.06916,0.0697,0.07097,0.07193,0.07568,0.07905,0.08117,0.08236,0.08297,0.08393
6/24/2025,0.04513,0.04819,0.05023,0.06427,0.0655,0.06623,0.06731,0.068,0.06916,0.0697,0.07097,0.07193,0.07582,0.07922,0.08126,0.08243,0.08301,0.08397
6/23/2025,0.04513,0.04835,0.05038,0.06466,0.06558,0.06631,0.06731,0.068,0.06916,0.0697,0.07097,0.07193,0.07568,0.07902,0.08114,0.08227,0.08293,0.08389
6/20/2025,0.04523,0.04804,0.05038,0.06466,0.06558,0.06631,0.06731,0.068,0.06916,0.0697,0.07097,0.07193,0.07567,0.07905,0.08113,0.08227,0.08295,0.08391
6/19/2025,0.04513,0.04835,0.05038,0.06466,0.06558,0.06631,0.06731,0.068,0.06916,0.0697,0.07097,0.071,0.07471,0.07807,0.08016,0.08146,0.08198,0.08289
6/18/2025,0.04533,0.0485,0.05038,0.06473,0.06558,0.06631,0.06731,0.068,0.06916,0.0697,0.07097,0.071,0.07446,0.07804,0.08013,0.08124,0.08193,0.08285
6/17/2025,0.04553,0.04835,0.05046,0.06473,0.06558,0.06631,0.06731,0.068,0.06916,0.0697,0.07097,0.071,0.07439,0.0781,0.08029,0.08137,0.08215,0.08309
6/16/2025,0.04575,0.0485,0.05054,0.0638,0.06465,0.06538,0.06638,0.06707,0.06823,0.06877,0.07004,0.071,0.07405,0.07801,0.08025,0.08131,0.08215,0.08309
6/13/2025,0.04583,0.04865,0.05046,0.0638,0.06465,0.06538,0.06638,0.06707,0.06823,0.06877,0.07004,0.071,0.07407,0.07785,0.08025,0.0813,0.08215,0.08309
6/12/2025,0.04603,0.04865,0.05046,0.0633,0.06465,0.06538,0.06638,0.06707,0.06823,0.06877,0.07004,0.071,0.07397,0.07776,0.08024,0.08133,0.08215,0.08309
6/11/2025,0.04603,0.04865,0.05046,0.0638,0.06465,0.06538,0.06638,0.06707,0.06823,0.06877,0.07004,0.071,0.07395,0.07765,0.08022,0.08132,0.08215,0.08309
6/10/2025,0.04589,0.04865,0.05046,0.06434,0.06519,0.06592,0.06692,0.06761,0.06877,0.06931,0.07058,0.07154,0.07447,0.07824,0.08075,0.08193,0.08267,0.08363
6/9/2025,0.04643,0.04881,0.05058,0.06434,0.06519,0.06592,0.06692,0.06761,0.06877,0.06931,0.07058,0.07154,0.07452,0.07811,0.0807,0.08181,0.08267,0.08363
6/6/2025,0.04653,0.04888,0.05073,0.06442,0.06519,0.06592,0.06692,0.06761,0.06877,0.06931,0.07058,0.07154,0.07438,0.0778,0.08063,0.08171,0.08256,0.08351
6/5/2025,0.04653,0.04896,0.05088,0.0645,0.06534,0.06608,0.06715,0.06769,0.06884,0.06938,0.07065,0.07161,0.07455,0.07807,0.08088,0.08198,0.08284,0.08379
6/4/2025,0.0468,0.04904,0.05088,0.0645,0.06534,0.06608,0.06715,0.06769,0.06884,0.06938,0.07065,0.07161,0.07447,0.07793,0.08072,0.08192,0.08284,0.08375
6/3/2025,0.0473,0.04904,0.05088,0.0645,0.06534,0.06608,0.06715,0.06769,0.06884,0.06938,0.07065,0.07161,0.07428,0.07757,0.0805,0.08171,0.08259,0.08351
6/2/2025,0.0475,0.04942,0.05119,0.06465,0.0655,0.06623,0.06731,0.068,0.06908,0.06961,0.07088,0.07177,0.07433,0.07759,0.08063,0.08185,0.08275,0.08367
5/30/2025,0.0475,0.04942,0.05127,0.06465,0.0655,0.06623,0.06731,0.068,0.06908,0.06961,0.07088,0.07177,0.07433,0.07753,0.08058,0.08178,0.08275,0.08367
5/29/2025,0.0475,0.04965,0.05127,0.06465,0.0655,0.06623,0.06731,0.068,0.06908,0.06961,0.07088,0.07177,0.0745,0.07766,0.08074,0.08198,0.08296,0.08388
5/28/2025,0.04763,0.04962,0.04983,0.05219,0.05304,0.05377,0.05485,0.05554,0.05662,0.05715,0.05842,0.05931,0.06198,0.06526,0.06826,0.0696,0.07054,0.07146
5/27/2025,0.04794,0.04969,0.05127,0.05219,0.05304,0.05377,0.05485,0.05554,0.05662,0.05715,0.05842,0.05931,0.06206,0.0652,0.06819,0.06952,0.07052,0.0714
5/26/2025,0.04772,0.04954,0.05127,0.05219,0.05304,0.05377,0.05485,0.05554,0.05662,0.05715,0.05842,0.05931,0.06197,0.06511,0.06817,0.06951,0.07052,0.0714
5/23/2025,0.04772,0.04954,0.05127,0.05219,0.05304,0.05377,0.05485,0.05554,0.05662,0.05715,0.05842,0.05931,0.06185,0.06502,0.06803,0.06949,0.07052,0.0714
5/22/2025,0.04772,0.04946,0.05127,0.05219,0.05304,0.05377,0.05485,0.05554,0.05662,0.05715,0.05842,0.05931,0.06193,0.06511,0.0681,0.06956,0.0706,0.07148
5/21/2025,0.04772,0.04946,0.05135,0.05227,0.05304,0.05377,0.05485,0.05554,0.05662,0.05723,0.0585,0.05938,0.06205,0.06516,0.06822,0.0697,0.07075,0.07163
5/20/2025,0.04772,0.04954,0.05138,0.05223,0.05304,0.05377,0.05481,0.0555,0.05658,0.05719,0.05846,0.05935,0.06202,0.06521,0.06822,0.06968,0.07072,0.0716
5/19/2025,0.04789,0.04954,0.05138,0.05223,0.05304,0.05377,0.05481,0.0555,0.05658,0.05719,0.05846,0.05935,0.06196,0.06523,0.06821,0.06967,0.07072,0.0716
5/16/2025,0.04789,0.04954,0.05135,0.05223,0.05304,0.05377,0.05481,0.0555,0.05658,0.05719,0.05846,0.05935,0.06193,0.06521,0.06821,0.06967,0.07072,0.0716
5/15/2025,0.04789,0.04954,0.05135,0.05223,0.05304,0.05377,0.05481,0.0555,0.05658,0.05719,0.05846,0.05935,0.06194,0.06521,0.06819,0.06969,0.07075,0.07163
5/14/2025,0.0485,0.04958,0.05138,0.05223,0.05304,0.05377,0.05481,0.0555,0.05658,0.05719,0.05846,0.05935,0.06194,0.06521,0.06823,0.06968,0.07075,0.07163
5/13/2025,0.04817,0.04965,0.05138,0.05223,0.05304,0.05377,0.05481,0.0555,0.05658,0.05719,0.05846,0.05935,0.06194,0.06521,0.06827,0.06968,0.07075,0.07163
5/12/2025,0.04788,0.04917,0.05138,0.05223,0.05304,0.05377,0.05481,0.0555,0.05658,0.05719,0.05846,0.05935,0.06194,0.06523,0.06824,0.06971,0.07075,0.07163
5/9/2025,0.0475,0.04975,0.05142,0.05231,0.05312,0.05381,0.05481,0.0555,0.05658,0.05719,0.05846,0.05935,0.06194,0.06523,0.06829,0.06971,0.07075,0.07163
5/8/2025,0.04736,0.04975,0.05142,0.05231,0.05312,0.05381,0.05481,0.0555,0.05658,0.05719,0.05846,0.05935,0.06194,0.06523,0.06829,0.06971,0.07075,0.07163
5/7/2025,0.04736,0.04975,0.05142,0.05231,0.05312,0.05381,0.05481,0.0555,0.05658,0.05719,0.05846,0.05935,0.06189,0.06522,0.06824,0.06967,0.07075,0.07163
5/6/2025,0.04764,0.05,0.05142,0.05231,0.05312,0.05381,0.05481,0.0555,0.05658,0.05719,0.05846,0.05935,0.06201,0.06531,0.0684,0.06979,0.07087,0.07175
5/5/2025,0.04779,0.05,0.05142,0.05231,0.05312,0.05381,0.05485,0.05554,0.05662,0.05723,0.0585,0.05938,0.06185,0.06539,0.06843,0.06982,0.0709,0.07178
4/29/2025,0.04758,0.0496,0.05142,0.05223,0.05327,0.05381,0.05485,0.05554,0.05662,0.05723,0.0585,0.05938,0.06184,0.06537,0.06839,0.06978,0.07103,0.07194
4/28/2025,0.04758,0.0496,0.05142,0.05223,0.05327,0.05381,0.05485,0.05554,0.05662,0.05723,0.0585,0.05938,0.06188,0.06535,0.06839,0.06979,0.07103,0.07194
4/26/2025,0.04758,0.0496,0.05142,0.05223,0.05327,0.05385,0.05485,0.05554,0.05662,0.05723,0.05854,0.05938,0.06179,0.06537,0.06836,0.06988,0.07103,0.07194
4/25/2025,0.04758,0.0496,0.05142,0.05223,0.05327,0.05385,0.05485,0.05554,0.05662,0.05723,0.05854,0.05938,0.06179,0.06537,0.06836,0.06988,0.07103,0.07194
4/24/2025,0.04775,0.0496,0.05142,0.05223,0.05327,0.05385,0.05485,0.05554,0.05662,0.05723,0.05854,0.05938,0.06199,0.06542,0.0684,0.06977,0.07098,0.07192
4/23/2025,0.0478,0.04942,0.05142,0.05223,0.05327,0.05385,0.05485,0.05554,0.05662,0.05723,0.05854,0.05938,0.06166,0.06523,0.06806,0.06966,0.07098,0.07192
4/22/2025,0.0478,0.04967,0.05177,0.05246,0.05354,0.05427,0.05531,0.05585,0.05708,0.05765,0.05896,0.05981,0.06221,0.06552,0.06861,0.07019,0.07154,0.07248
4/21/2025,0.0478,0.04967,0.05177,0.05246,0.05354,0.05427,0.05531,0.05585,0.05708,0.05765,0.05896,0.05981,0.06201,0.06539,0.06846,0.07006,0.07141,0.07235
4/18/2025,0.04808,0.0499,0.05177,0.05246,0.05354,0.05427,0.05531,0.05585,0.05708,0.05765,0.05896,0.05981,0.06199,0.06539,0.06845,0.07006,0.07141,0.07235
4/17/2025,0.0478,0.04983,0.05177,0.05246,0.05354,0.05427,0.05531,0.05585,0.05708,0.05765,0.05896,0.05981,0.06196,0.06534,0.06843,0.07003,0.07141,0.07235
4/16/2025,0.04808,0.0499,0.05177,0.05246,0.05354,0.05427,0.05531,0.05585,0.05708,0.05765,0.05896,0.05981,0.06196,0.06535,0.06836,0.07003,0.07141,0.07235
4/15/2025,0.0478,0.0497,0.05169,0.05254,0.05354,0.05427,0.05527,0.05585,0.05708,0.05765,0.05896,0.05981,0.06196,0.06534,0.06845,0.07003,0.07141,0.07235
4/14/2025,0.04758,0.04963,0.05169,0.05254,0.05354,0.05435,0.05527,0.05585,0.05708,0.05765,0.05896,0.05981,0.06184,0.06537,0.06846,0.07003,0.07141,0.07235
4/11/2025,0.04758,0.04988,0.05173,0.05262,0.05354,0.05435,0.05527,0.05585,0.05708,0.05765,0.05896,0.05981,0.06181,0.06537,0.06846,0.07003,0.07141,0.07235
4/10/2025,0.04758,0.04988,0.05173,0.05262,0.05354,0.05435,0.05527,0.05585,0.05708,0.05765,0.05896,0.05981,0.06176,0.06538,0.06844,0.07003,0.07141,0.07235
4/9/2025,0.04758,0.04988,0.05173,0.05262,0.05354,0.05435,0.05527,0.05585,0.05708,0.05765,0.05896,0.05981,0.06177,0.06543,0.06844,0.07003,0.07129,0.07223
4/8/2025,0.048,0.04967,0.05165,0.05262,0.05354,0.05435,0.05527,0.05585,0.05708,0.05765,0.05896,0.05981,0.06184,0.06544,0.06846,0.07004,0.07129,0.07223
4/4/2025,0.04775,0.04938,0.05173,0.05262,0.05354,0.05435,0.05527,0.05585,0.05708,0.05765,0.05896,0.05981,0.06182,0.06523,0.0683,0.07009,0.07133,0.07227
4/3/2025,0.04775,0.04938,0.05173,0.05262,0.05354,0.05435,0.05527,0.05585,0.05708,0.05765,0.05896,0.05981,0.06178,0.06541,0.06848,0.07013,0.07133,0.07223
4/2/2025,0.04733,0.04913,0.05165,0.05262,0.05358,0.05438,0.05535,0.05592,0.05715,0.05777,0.05912,0.05992,0.06121,0.06502,0.068,0.06993,0.07149,0.07249
4/1/2025,0.04725,0.0488,0.05165,0.05262,0.05358,0.05438,0.05535,0.05592,0.05715,0.05777,0.05912,0.05992,0.06135,0.06498,0.06805,0.06992,0.07149,0.07249
3/31/2025,0.04733,0.049,0.05165,0.05262,0.05358,0.05438,0.05535,0.05592,0.05715,0.05777,0.05912,0.05992,0.06128,0.06493,0.06799,0.06992,0.07149,0.07249
3/28/2025,0.0473,0.0485,0.05165,0.05269,0.05358,0.05438,0.05535,0.05592,0.05715,0.05777,0.05912,0.05992,0.0614,0.06508,0.068,0.06993,0.07149,0.07249
3/27/2025,0.0473,0.0485,0.05165,0.05269,0.05358,0.05438,0.05535,0.05592,0.05715,0.05777,0.05912,0.05992,0.0614,0.06509,0.06806,0.0699,0.07149,0.07249
3/26/2025,0.047,0.0485,0.05165,0.05269,0.05358,0.05438,0.05535,0.05592,0.05715,0.05777,0.05912,0.05992,0.06149,0.0651,0.06811,0.06992,0.07149,0.07249
3/25/2025,0.047,0.04843,0.05165,0.05269,0.05358,0.05438,0.05535,0.05592,0.05715,0.05777,0.05912,0.05992,0.06144,0.06508,0.06808,0.06993,0.07149,0.07249
3/24/2025,0.047,0.04871,0.05158,0.05269,0.05358,0.05438,0.05535,0.05592,0.05715,0.05777,0.05912,0.05992,0.06144,0.06507,0.06804,0.06988,0.07149,0.07249
3/21/2025,0.047,0.04883,0.05158,0.05269,0.05358,0.05438,0.05535,0.05592,0.05715,0.05777,0.05912,0.05992,0.06139,0.06478,0.06796,0.06981,0.07149,0.07249
3/20/2025,0.047,0.04892,0.05158,0.05269,0.05358,0.05438,0.05535,0.05592,0.05715,0.05777,0.05912,0.05992,0.06128,0.06475,0.06796,0.06981,0.07149,0.07249
3/19/2025,0.047,0.04917,0.05158,0.05269,0.05358,0.05438,0.05535,0.05592,0.05715,0.05777,0.05912,0.05992,0.06128,0.06475,0.06796,0.06984,0.07157,0.07249
3/18/2025,0.047,0.05,0.05165,0.05277,0.05358,0.05438,0.05535,0.05592,0.05715,0.05777,0.05912,0.05992,0.06137,0.06477,0.06789,0.06984,0.07153,0.07245
3/17/2025,0.04763,0.05071,0.05173,0.05277,0.05358,0.05431,0.05535,0.05592,0.05715,0.05777,0.05912,0.05992,0.06148,0.06492,0.06795,0.0698,0.07153,0.07245
3/14/2025,0.04713,0.05067,0.05181,0.05277,0.05358,0.05431,0.05535,0.05592,0.05715,0.05777,0.05912,0.05992,0.06153,0.06514,0.06803,0.06982,0.07153,0.07245
3/13/2025,0.04713,0.05075,0.052,0.05285,0.05369,0.05446,0.05535,0.05592,0.05723,0.05792,0.05931,0.06015,0.0618,0.06529,0.06818,0.06998,0.07176,0.07268
3/12/2025,0.04713,0.05075,0.052,0.05285,0.05369,0.05446,0.05535,0.05592,0.05723,0.05792,0.05931,0.06015,0.06175,0.06529,0.06811,0.06992,0.07176,0.07268
3/11/2025,0.0466,0.0509,0.052,0.05277,0.05369,0.05446,0.05535,0.05592,0.05723,0.05792,0.05931,0.06015,0.06175,0.06535,0.06816,0.06999,0.07176,0.07268
3/10/2025,0.0466,0.05033,0.05208,0.05277,0.05369,0.05438,0.05531,0.05592,0.05723,0.05792,0.05931,0.06015,0.06177,0.06541,0.06812,0.06995,0.07176,0.07268
3/7/2025,0.0469,0.05033,0.05208,0.05277,0.05369,0.05438,0.05531,0.05592,0.05723,0.05792,0.05931,0.06015,0.06175,0.06529,0.06809,0.06996,0.07176,0.07268
3/6/2025,0.0473,0.05067,0.05238,0.05281,0.05377,0.05438,0.05531,0.05592,0.05723,0.05792,0.05931,0.06015,0.06197,0.06568,0.06827,0.07017,0.07176,0.07267
3/5/2025,0.0499,0.051,0.05273,0.05323,0.05404,0.05462,0.05554,0.05608,0.05738,0.05808,0.05946,0.06031,0.06203,0.06629,0.06873,0.07059,0.07198,0.07285
3/4/2025,0.0507,0.05142,0.05285,0.05323,0.05404,0.05462,0.05554,0.05608,0.05738,0.05808,0.05946,0.06031,0.06241,0.0668,0.06924,0.07093,0.07224,0.07302
3/3/2025,0.0508,0.05142,0.05292,0.05331,0.05404,0.05462,0.05554,0.05608,0.05738,0.05808,0.05946,0.06031,0.06253,0.06679,0.06936,0.07111,0.07218,0.0731
2/28/2025,0.051,0.05125,0.05317,0.05323,0.05396,0.05446,0.05546,0.056,0.05731,0.058,0.05938,0.06023,0.06267,0.06687,0.06938,0.07108,0.0721,0.07302
2/27/2025,0.0509,0.05125,0.05317,0.05331,0.05396,0.05446,0.05546,0.056,0.05731,0.058,0.05938,0.06023,0.06268,0.06685,0.06938,0.07112,0.07211,0.07298
2/26/2025,0.05138,0.05175,0.05317,0.05331,0.05396,0.05446,0.05546,0.056,0.05731,0.058,0.05938,0.06023,0.06276,0.06694,0.06959,0.0714,0.07213,0.073
2/25/2025,0.05163,0.052,0.05317,0.05362,0.05396,0.05446,0.05546,0.056,0.05731,0.058,0.05938,0.06023,0.06276,0.06699,0.06966,0.07139,0.07213,0.073
2/24/2025,0.05163,0.05194,0.05317,0.05362,0.05404,0.05454,0.05546,0.056,0.05731,0.058,0.05938,0.06023,0.06274,0.06698,0.06964,0.07141,0.07213,0.073
2/21/2025,0.05175,0.05206,0.05338,0.05362,0.05404,0.05454,0.05546,0.056,0.05731,0.058,0.05938,0.06023,0.06278,0.0671,0.06967,0.07141,0.07213,0.073
2/20/2025,0.05188,0.052,0.05338,0.05362,0.05404,0.05454,0.05546,0.056,0.05731,0.058,0.05938,0.06023,0.06278,0.06705,0.06969,0.0714,0.07213,0.07296
2/19/2025,0.05238,0.05213,0.05363,0.05362,0.05404,0.05454,0.05546,0.056,0.05731,0.058,0.05938,0.06023,0.06289,0.06709,0.06976,0.0714,0.07204,0.07288
2/18/2025,0.05213,0.05213,0.05363,0.05362,0.05404,0.05454,0.05546,0.056,0.05731,0.058,0.05938,0.06023,0.06289,0.06705,0.06975,0.07139,0.07204,0.07288
2/17/2025,0.0525,0.05186,0.0537,0.05358,0.05404,0.05454,0.05546,0.056,0.05731,0.058,0.05938,0.06023,0.06272,0.06703,0.06974,0.07137,0.07204,0.07288
2/14/2025,0.0524,0.05186,0.05363,0.05358,0.05404,0.05454,0.05546,0.056,0.05731,0.058,0.05938,0.06023,0.06272,0.06653,0.06976,0.07147,0.07209,0.07292
2/13/2025,0.0524,0.05186,0.05363,0.05358,0.05404,0.05454,0.05546,0.056,0.05731,0.058,0.05938,0.06023,0.06292,0.06668,0.06985,0.07161,0.07214,0.07302
2/12/2025,0.0526,0.05186,0.05388,0.05354,0.05404,0.05454,0.05546,0.056,0.05731,0.058,0.05938,0.06023,0.06315,0.06662,0.06993,0.07188,0.07198,0.07273
2/11/2025,0.0527,0.05186,0.05375,0.05354,0.05404,0.05454,0.05546,0.056,0.05731,0.058,0.05938,0.06023,0.06308,0.06621,0.06985,0.07158,0.07194,0.07277
2/10/2025,0.0527,0.052,0.0534,0.05354,0.05404,0.05454,0.05546,0.056,0.05731,0.058,0.05938,0.06023,0.06294,0.066,0.06985,0.07165,0.07192,0.07278
2/7/2025,0.0522,0.05167,0.0534,0.05342,0.05392,0.05442,0.05535,0.05588,0.05719,0.05796,0.05935,0.06023,0.06265,0.06583,0.0695,0.07129,0.07192,0.07273
2/6/2025,0.0522,0.0515,0.05333,0.05342,0.05392,0.05442,0.05535,0.05588,0.05719,0.05796,0.05935,0.06023,0.0627,0.06599,0.06959,0.07145,0.07196,0.07277
2/5/2025,0.0523,0.0517,0.05325,0.05342,0.05392,0.05442,0.05535,0.05588,0.05719,0.05796,0.05935,0.06023,0.06252,0.06498,0.06929,0.07121,0.07196,0.07277
2/4/2025,0.05267,0.05163,0.05325,0.05358,0.05408,0.05458,0.0555,0.05604,0.05735,0.05812,0.0595,0.06038,0.06281,0.06531,0.06957,0.07143,0.07219,0.073
2/3/2025,0.05233,0.05163,0.05325,0.05358,0.05408,0.05458,0.0555,0.05604,0.05735,0.05812,0.0595,0.06038,0.06285,0.06509,0.06957,0.07144,0.07219,0.073
1/24/2025,0.053,0.0514,0.0533,0.05335,0.05408,0.05458,0.0555,0.05604,0.05735,0.05812,0.0595,0.06038,0.06276,0.06495,0.06937,0.07126,0.07217,0.073
1/23/2025,0.053,0.05158,0.0535,0.05331,0.05408,0.05458,0.0555,0.05604,0.05735,0.05812,0.0595,0.06038,0.0628,0.06489,0.06939,0.07124,0.07217,0.07304
1/22/2025,0.0532,0.05113,0.0537,0.05354,0.05408,0.05458,0.0555,0.05604,0.05735,0.05812,0.0595,0.06038,0.0629,0.06501,0.06956,0.07156,0.07196,0.07284
1/21/2025,0.0536,0.05175,0.054,0.05358,0.05404,0.05454,0.05546,0.056,0.05731,0.05808,0.05946,0.06035,0.06295,0.06484,0.06976,0.07169,0.07201,0.07293
1/20/2025,0.0536,0.05175,0.054,0.05373,0.05415,0.05465,0.05558,0.05612,0.05746,0.05815,0.05946,0.06027,0.06298,0.06541,0.06975,0.07165,0.07185,0.07277
1/17/2025,0.0536,0.05175,0.0538,0.0535,0.05396,0.05446,0.05546,0.056,0.05731,0.05808,0.05946,0.06035,0.06313,0.06545,0.06984,0.07159,0.07193,0.07285
1/16/2025,0.0536,0.052,0.0538,0.0535,0.05396,0.05446,0.05546,0.056,0.05731,0.05808,0.05946,0.06035,0.06309,0.06549,0.06992,0.07167,0.07193,0.07285
1/15/2025,0.0538,0.05175,0.0538,0.05323,0.05388,0.05446,0.05546,0.056,0.05731,0.05808,0.05946,0.06035,0.06335,0.06568,0.07006,0.07178,0.07208,0.073
1/14/2025,0.05417,0.05175,0.0537,0.05312,0.05388,0.05438,0.05538,0.056,0.05731,0.05808,0.05946,0.06035,0.06357,0.06581,0.07011,0.07186,0.07208,0.07299
1/13/2025,0.054,0.0508,0.05325,0.05296,0.05373,0.05423,0.05538,0.056,0.05731,0.05808,0.05946,0.06035,0.06358,0.0658,0.07005,0.0718,0.07199,0.07287
1/10/2025,0.05417,0.0508,0.053,0.05288,0.05365,0.05415,0.05523,0.056,0.05731,0.05808,0.05946,0.06035,0.06344,0.06623,0.0702,0.07165,0.07179,0.07275
1/9/2025,0.05383,0.051,0.053,0.05288,0.05365,0.05415,0.05523,0.056,0.05731,0.05808,0.05946,0.06035,0.06308,0.06577,0.0699,0.07164,0.0719,0.0729
1/8/2025,0.04942,0.0514,0.0527,0.05288,0.05365,0.05415,0.05523,0.056,0.05731,0.05808,0.05946,0.06035,0.06303,0.06558,0.06986,0.07155,0.07185,0.07281
1/7/2025,0.04846,0.0513,0.0526,0.05285,0.05362,0.05412,0.05519,0.05596,0.05727,0.05804,0.05942,0.06031,0.06308,0.06566,0.06984,0.07157,0.07181,0.07281
1/6/2025,0.04846,0.0513,0.0526,0.05285,0.05362,0.05412,0.05519,0.05596,0.05727,0.05804,0.05942,0.06031,0.06297,0.06554,0.0698,0.07153,0.07185,0.07281
1/3/2025,0.0485,0.05088,0.0527,0.05288,0.05362,0.05412,0.05519,0.05596,0.05727,0.05804,0.05942,0.06031,0.06299,0.06541,0.06981,0.07146,0.07177,0.07281
1/2/2025,0.05283,0.05088,0.0527,0.05288,0.05362,0.05412,0.05519,0.05596,0.05727,0.05804,0.05942,0.06031,0.06294,0.06539,0.06986,0.07133,0.07177,0.07269
12/31/2024,0.05317,0.05088,0.0529,0.05285,0.05362,0.05412,0.05519,0.05596,0.05727,0.05804,0.05942,0.06031,0.06297,0.06534,0.06975,0.07128,0.07181,0.07273
12/30/2024,0.05317,0.05088,0.0529,0.05285,0.05362,0.05412,0.05519,0.05596,0.05727,0.05804,0.05942,0.06031,0.06297,0.06528,0.06969,0.07123,0.07185,0.07273
12/27/2024,0.053,0.05088,0.05263,0.05333,0.0535,0.05408,0.055,0.05585,0.05715,0.05796,0.05942,0.06031,0.06312,0.0654,0.06992,0.07135,0.07197,0.07285
12/26/2024,0.05333,0.05088,0.05288,0.05333,0.0535,0.05408,0.055,0.05585,0.05715,0.05796,0.05942,0.06031,0.06312,0.0654,0.06991,0.07135,0.07197,0.07285
12/25/2024,0.05333,0.05088,0.05288,0.05333,0.0535,0.05408,0.055,0.05585,0.05715,0.05796,0.05942,0.06031,0.06321,0.0654,0.06991,0.07135,0.07197,0.07289
12/24/2024,0.05333,0.05063,0.05288,0.05333,0.0535,0.05408,0.055,0.05585,0.05715,0.05796,0.05942,0.06031,0.06321,0.0654,0.06988,0.07135,0.07197,0.07289
12/23/2024,0.05333,0.05088,0.05288,0.0535,0.0535,0.054,0.055,0.05569,0.05708,0.05773,0.05923,0.06015,0.0631,0.06524,0.06961,0.07108,0.07181,0.07273
12/20/2024,0.05317,0.05063,0.05263,0.0535,0.05342,0.05392,0.05485,0.05554,0.05692,0.05773,0.05923,0.06015,0.06326,0.06547,0.07007,0.07118,0.07207,0.07286
12/19/2024,0.05133,0.05063,0.05238,0.0535,0.05288,0.05338,0.05423,0.055,0.05654,0.05742,0.05896,0.05985,0.06274,0.06523,0.07001,0.07137,0.07173,0.07264
12/18/2024,0.05133,0.05063,0.05113,0.0535,0.05258,0.05308,0.05408,0.055,0.05654,0.05742,0.05896,0.05985,0.06219,0.06459,0.06947,0.07113,0.0717,0.07278
12/17/2024,0.0515,0.05063,0.05113,0.05383,0.05265,0.05315,0.05415,0.05508,0.05662,0.0575,0.05904,0.05992,0.0622,0.0646,0.06934,0.07105,0.07176,0.07272
12/16/2024,0.0515,0.05063,0.05113,0.05383,0.05265,0.05315,0.05415,0.05508,0.05662,0.0575,0.05904,0.05992,0.06221,0.06463,0.06941,0.07116,0.07176,0.07272
12/13/2024,0.0515,0.05063,0.05167,0.05275,0.05265,0.05315,0.05415,0.05508,0.05662,0.0575,0.05904,0.05992,0.06231,0.06464,0.06938,0.07115,0.07175,0.07275
12/12/2024,0.05167,0.05075,0.05188,0.05275,0.05265,0.05315,0.05415,0.05508,0.05662,0.0575,0.05904,0.05992,0.0624,0.06483,0.06949,0.07116,0.07182,0.0729
12/11/2024,0.05188,0.0505,0.05167,0.05225,0.05242,0.05285,0.05392,0.05477,0.05623,0.05727,0.05904,0.05992,0.06175,0.06486,0.06931,0.07113,0.07119,0.07294
12/10/2024,0.05088,0.05038,0.05133,0.0515,0.05215,0.05254,0.05369,0.05458,0.05612,0.05719,0.05896,0.05985,0.06131,0.0644,0.06912,0.07098,0.07112,0.07287
12/9/2024,0.05088,0.0501,0.05133,0.05138,0.05215,0.05262,0.05369,0.05458,0.05612,0.05719,0.05896,0.05985,0.06135,0.06443,0.06913,0.07102,0.07116,0.07291
12/6/2024,0.05088,0.05025,0.05113,0.05138,0.05215,0.05262,0.05369,0.05458,0.05612,0.05719,0.05896,0.05985,0.06116,0.06444,0.06914,0.07092,0.07116,0.07291
12/5/2024,0.05063,0.05025,0.05113,0.05138,0.05215,0.05262,0.05369,0.05458,0.05612,0.05719,0.05896,0.05985,0.06114,0.06438,0.0691,0.07094,0.0712,0.07295
12/4/2024,0.05113,0.0495,0.05167,0.05154,0.05208,0.05262,0.05369,0.05458,0.05612,0.05719,0.05896,0.05985,0.06114,0.06437,0.06908,0.07094,0.0712,0.07291
12/3/2024,0.05113,0.05,0.0515,0.05154,0.05208,0.05262,0.05369,0.05458,0.05612,0.05719,0.05896,0.05985,0.06083,0.06419,0.06878,0.07078,0.07127,0.07267
12/2/2024,0.05113,0.05017,0.05117,0.05154,0.05208,0.05262,0.05369,0.05458,0.05612,0.05719,0.05896,0.05985,0.06069,0.06386,0.06855,0.07055,0.0711,0.07267
11/29/2024,0.05133,0.0505,0.05117,0.05154,0.05208,0.05262,0.05369,0.05458,0.05612,0.05719,0.05896,0.05985,0.06068,0.0638,0.0686,0.07066,0.0711,0.07265
11/28/2024,0.05133,0.0505,0.05133,0.05154,0.05208,0.05262,0.05369,0.05458,0.05612,0.05719,0.05896,0.05985,0.06068,0.0638,0.0686,0.07066,0.0711,0.07265
11/27/2024,0.052,0.05075,0.0514,0.05146,0.05208,0.05262,0.05369,0.05458,0.05612,0.05719,0.05896,0.05985,0.06068,0.0638,0.06851,0.07055,0.0711,0.07269
11/26/2024,0.05188,0.0505,0.05167,0.05138,0.052,0.05254,0.05362,0.0545,0.05604,0.05712,0.05888,0.05977,0.06059,0.06372,0.06843,0.07047,0.07102,0.07261
11/25/2024,0.05163,0.0505,0.05063,0.051,0.05192,0.05246,0.05362,0.0545,0.05604,0.05712,0.05888,0.05969,0.06051,0.06369,0.06847,0.07054,0.07082,0.07253
11/22/2024,0.05033,0.05075,0.05063,0.051,0.05185,0.05238,0.05362,0.0545,0.05604,0.05712,0.05888,0.05969,0.06053,0.06368,0.06847,0.07053,0.07082,0.07253
11/21/2024,0.05,0.0505,0.05063,0.051,0.05177,0.05238,0.05362,0.0545,0.05604,0.05712,0.05888,0.05969,0.06039,0.06363,0.06847,0.07053,0.07082,0.07253
11/20/2024,0.05,0.0501,0.051,0.051,0.05177,0.05238,0.05362,0.0545,0.05604,0.05712,0.05888,0.05969,0.06036,0.06362,0.06842,0.07052,0.07082,0.07253
11/19/2024,0.05083,0.05075,0.05238,0.05133,0.052,0.05254,0.05369,0.0545,0.05604,0.05712,0.05888,0.05977,0.06043,0.06369,0.06841,0.07049,0.0709,0.07263
11/18/2024,0.052,0.0505,0.05133,0.0515,0.05192,0.05254,0.05369,0.05458,0.05612,0.05719,0.05896,0.05985,0.06053,0.06378,0.06849,0.07058,0.07098,0.07271
11/15/2024,0.05167,0.051,0.05063,0.05117,0.05185,0.05246,0.05362,0.0545,0.05604,0.05712,0.05888,0.05977,0.06044,0.06369,0.06841,0.0705,0.0709,0.07263
11/14/2024,0.04535,0.0513,0.05063,0.0505,0.05138,0.05215,0.05346,0.05442,0.05596,0.05704,0.05881,0.05969,0.06036,0.06354,0.06832,0.07059,0.07082,0.07255
11/13/2024,0.04527,0.0506,0.05013,0.05033,0.05123,0.052,0.05331,0.05427,0.05581,0.05688,0.05865,0.05954,0.06014,0.06309,0.06815,0.07038,0.07067,0.0724
11/12/2024,0.04435,0.0492,0.04863,0.04983,0.05112,0.05196,0.05327,0.05423,0.05577,0.05685,0.05862,0.0595,0.06,0.06289,0.068,0.07027,0.07063,0.07236
11/11/2024,0.04423,0.0491,0.04863,0.04983,0.05112,0.05196,0.05327,0.05423,0.05577,0.05685,0.05862,0.0595,0.05995,0.06285,0.068,0.07027,0.07063,0.07234
11/8/2024,0.04423,0.0491,0.04717,0.05063,0.05112,0.05196,0.05327,0.05423,0.05577,0.05685,0.05862,0.0595,0.05986,0.06271,0.06781,0.06994,0.07048,0.07219
11/7/2024,0.04438,0.0493,0.04717,0.05063,0.05108,0.052,0.05331,0.05435,0.05588,0.05696,0.05881,0.05969,0.06008,0.06295,0.06813,0.07034,0.07071,0.07242
11/6/2024,0.04438,0.0491,0.04717,0.05063,0.05108,0.052,0.05331,0.05435,0.05588,0.05696,0.05881,0.05969,0.0601,0.06297,0.06806,0.07013,0.07086,0.07257
11/5/2024,0.04462,0.0491,0.0475,0.05063,0.051,0.05192,0.05323,0.05427,0.05581,0.05688,0.05873,0.05962,0.05998,0.06286,0.06799,0.07006,0.07087,0.0725
11/4/2024,0.04462,0.04783,0.04804,0.05038,0.051,0.05192,0.05323,0.05427,0.05581,0.05688,0.05873,0.05962,0.06001,0.06287,0.0679,0.07001,0.07079,0.0725
11/1/2024,0.04381,0.04608,0.04667,0.04913,0.05081,0.05185,0.05308,0.05412,0.05565,0.05681,0.05865,0.05954,0.05989,0.06273,0.06778,0.06976,0.07071,0.07242
10/31/2024,0.04381,0.04608,0.04667,0.04913,0.05081,0.05185,0.05308,0.05412,0.05565,0.05681,0.05865,0.05954,0.05989,0.06272,0.06778,0.06976,0.07071,0.07242
10/30/2024,0.04396,0.04608,0.04667,0.04938,0.05081,0.05185,0.05308,0.05412,0.05565,0.05681,0.05865,0.05954,0.05991,0.06275,0.06774,0.06968,0.07071,0.07242
10/29/2024,0.04396,0.04592,0.04667,0.04938,0.05081,0.05185,0.05308,0.05412,0.05565,0.05681,0.05865,0.05954,0.05991,0.06271,0.06776,0.06967,0.07071,0.07242
10/28/2024,0.04404,0.04592,0.04667,0.04938,0.05081,0.05185,0.05308,0.05412,0.05565,0.05681,0.05865,0.05954,0.0599,0.06264,0.06782,0.06973,0.07071,0.07246
10/25/2024,0.04617,0.0451,0.0465,0.049,0.05069,0.05169,0.05292,0.05396,0.0555,0.05665,0.05858,0.05946,0.05979,0.06268,0.06768,0.06965,0.07063,0.07234
10/24/2024,0.04483,0.0451,0.04617,0.04888,0.05065,0.05165,0.05288,0.05396,0.0555,0.05665,0.05858,0.05946,0.0598,0.06267,0.06769,0.06965,0.07063,0.07236
10/23/2024,0.04483,0.0451,0.04617,0.04888,0.05065,0.05165,0.05288,0.05396,0.0555,0.05665,0.05858,0.05946,0.05975,0.06261,0.06769,0.06965,0.07063,0.07236
10/22/2024,0.04483,0.0451,0.04617,0.04888,0.05065,0.05165,0.05288,0.05396,0.0555,0.05665,0.05858,0.05946,0.05975,0.0625,0.06761,0.06962,0.07063,0.07236
10/21/2024,0.0445,0.0451,0.04583,0.048,0.05062,0.05158,0.05273,0.05388,0.05542,0.05658,0.05842,0.05931,0.05955,0.06211,0.06723,0.06917,0.07048,0.07221
10/18/2024,0.04383,0.0448,0.04517,0.04775,0.05046,0.05142,0.05258,0.05373,0.05527,0.05642,0.05827,0.05915,0.05938,0.06194,0.0671,0.069,0.07023,0.07205
10/17/2024,0.04325,0.0448,0.04517,0.04783,0.05046,0.05142,0.05258,0.05373,0.05527,0.05642,0.05827,0.05915,0.05934,0.06189,0.06699,0.06897,0.07023,0.07205
10/16/2024,0.04375,0.045,0.04517,0.04783,0.05065,0.0515,0.05265,0.05381,0.05535,0.0565,0.05835,0.05923,0.05945,0.06197,0.06705,0.06905,0.07031,0.07211
10/15/2024,0.04425,0.0445,0.04588,0.04817,0.05073,0.05158,0.05273,0.05381,0.05542,0.05658,0.05842,0.05931,0.05951,0.06204,0.06717,0.06913,0.07039,0.07219
10/14/2024,0.04475,0.04475,0.046,0.04817,0.05081,0.05165,0.05281,0.05388,0.0555,0.05665,0.0585,0.05938,0.05959,0.0621,0.06722,0.0692,0.07046,0.07226
10/11/2024,0.0435,0.04517,0.046,0.04817,0.05081,0.05165,0.05281,0.05388,0.0555,0.05665,0.0585,0.05938,0.05964,0.06209,0.06722,0.0692,0.07046,0.07226
10/10/2024,0.0444,0.04681,0.046,0.04927,0.05081,0.05169,0.05285,0.05385,0.05554,0.05673,0.05854,0.05938,0.05966,0.0621,0.06722,0.06924,0.07046,0.07226
10/9/2024,0.0448,0.04688,0.04625,0.04935,0.05088,0.05177,0.05292,0.05392,0.05562,0.05681,0.05862,0.05946,0.05965,0.06217,0.0673,0.06928,0.07054,0.07234
10/8/2024,0.0448,0.04696,0.04625,0.04935,0.05088,0.05177,0.05292,0.05392,0.05562,0.05681,0.05862,0.05946,0.05967,0.06217,0.06731,0.06926,0.07054,0.07234
10/7/2024,0.0448,0.04704,0.0467,0.04942,0.05088,0.05185,0.053,0.054,0.05569,0.05688,0.05873,0.05965,0.05984,0.06239,0.0675,0.06946,0.07073,0.07253
10/4/2024,0.045,0.04727,0.047,0.04958,0.05096,0.05185,0.05308,0.05408,0.05577,0.05696,0.05881,0.05973,0.06005,0.06248,0.06763,0.0696,0.07081,0.07261
10/3/2024,0.0456,0.04727,0.047,0.04973,0.05127,0.05215,0.05331,0.05431,0.05592,0.05712,0.05896,0.05988,0.06022,0.06259,0.06773,0.06971,0.07076,0.07269
10/2/2024,0.0456,0.04727,0.047,0.04981,0.05127,0.05215,0.05331,0.05431,0.05592,0.05712,0.05896,0.05988,0.06013,0.06256,0.06772,0.0697,0.07076,0.07269
10/1/2024,0.04558,0.04735,0.04763,0.04981,0.05127,0.05215,0.05331,0.05431,0.05592,0.05712,0.05896,0.05988,0.0601,0.0626,0.06771,0.0697,0.07076,0.07269
9/30/2024,0.04575,0.04742,0.04763,0.04996,0.0515,0.05231,0.05346,0.05462,0.05623,0.05742,0.05927,0.06019,0.06041,0.06294,0.06803,0.07,0.07107,0.073
9/27/2024,0.04575,0.04742,0.04763,0.05012,0.05165,0.05246,0.05369,0.05485,0.05646,0.05758,0.05935,0.06058,0.06087,0.06332,0.06842,0.07039,0.07146,0.07339
9/26/2024,0.04575,0.04742,0.04763,0.05012,0.05165,0.05246,0.05369,0.05485,0.05646,0.05758,0.05935,0.06058,0.06083,0.06331,0.06838,0.07037,0.07146,0.07344
9/25/2024,0.04564,0.04742,0.04733,0.05012,0.05165,0.05246,0.05369,0.05485,0.05646,0.05758,0.05935,0.06058,0.06084,0.06332,0.06841,0.07037,0.07146,0.07344
9/24/2024,0.04564,0.04742,0.04733,0.05012,0.05165,0.05246,0.05369,0.05485,0.05646,0.05758,0.05935,0.06058,0.06094,0.06338,0.06848,0.07048,0.07146,0.07352
9/23/2024,0.04564,0.04742,0.04733,0.05027,0.05181,0.05262,0.05385,0.05508,0.05654,0.05781,0.05958,0.06081,0.06126,0.06339,0.06853,0.07053,0.07156,0.07362
9/20/2024,0.04579,0.04746,0.047,0.05023,0.05154,0.05238,0.05362,0.05485,0.05631,0.05758,0.05935,0.06058,0.06116,0.06328,0.06831,0.07033,0.07133,0.07339
9/19/2024,0.04607,0.04746,0.047,0.05023,0.05154,0.05238,0.05362,0.05485,0.05631,0.05758,0.05935,0.06058,0.06117,0.06344,0.06849,0.07045,0.07166,0.07343
9/18/2024,0.04607,0.04785,0.047,0.05054,0.05177,0.05262,0.05385,0.05508,0.05654,0.05781,0.05958,0.06081,0.06134,0.06371,0.06877,0.07075,0.07181,0.07358
9/17/2024,0.04636,0.04792,0.047,0.05054,0.05177,0.05262,0.05385,0.05508,0.05654,0.05781,0.05958,0.06081,0.06131,0.06369,0.06869,0.07073,0.07179,0.07356
9/16/2024,0.04621,0.048,0.047,0.05062,0.05192,0.05262,0.05385,0.05508,0.05654,0.05781,0.05958,0.06081,0.06127,0.06378,0.06875,0.07073,0.07177,0.07358
9/13/2024,0.04693,0.04808,0.047,0.05062,0.05192,0.05262,0.05385,0.05508,0.05654,0.05781,0.05958,0.06081,0.06131,0.06387,0.06877,0.07066,0.07177,0.07358
9/12/2024,0.04707,0.04823,0.04733,0.05085,0.05219,0.05285,0.05412,0.05535,0.05677,0.05808,0.05985,0.06108,0.06155,0.06413,0.06907,0.07093,0.07204,0.07385
9/11/2024,0.04731,0.04858,0.04767,0.05108,0.05238,0.05308,0.05435,0.05558,0.057,0.05831,0.06008,0.06131,0.06178,0.06436,0.0693,0.07121,0.07227,0.07408
9/10/2024,0.04731,0.04867,0.048,0.05088,0.05238,0.05323,0.0545,0.05573,0.05715,0.05846,0.06023,0.06146,0.06198,0.06448,0.06947,0.07134,0.07242,0.07423
9/9/2024,0.04744,0.04867,0.048,0.05088,0.05238,0.05323,0.0545,0.05573,0.05715,0.05846,0.06023,0.06146,0.06189,0.06447,0.06947,0.07133,0.07242,0.07423
9/6/2024,0.04744,0.04867,0.04833,0.05104,0.05254,0.05346,0.05488,0.05596,0.05731,0.05862,0.06046,0.06185,0.06239,0.06508,0.06997,0.07184,0.07298,0.07462
9/5/2024,0.04806,0.04867,0.04833,0.05104,0.05254,0.05346,0.05488,0.05596,0.05731,0.05862,0.06046,0.06185,0.06242,0.06508,0.06999,0.07185,0.07298,0.07462
9/4/2024,0.04756,0.04867,0.04867,0.05104,0.05254,0.05346,0.05488,0.05596,0.05731,0.05862,0.06046,0.06185,0.06235,0.06509,0.06996,0.07184,0.07377,0.07462
8/30/2024,0.04756,0.048,0.04867,0.05104,0.05254,0.05346,0.05488,0.05596,0.05731,0.05862,0.06046,0.06185,0.06232,0.06511,0.06997,0.07185,0.07377,0.07462
8/29/2024,0.04769,0.048,0.04867,0.05127,0.05277,0.05362,0.05504,0.05612,0.05746,0.05877,0.06062,0.062,0.06247,0.06526,0.0701,0.072,0.07392,0.07477
8/28/2024,0.04806,0.04833,0.049,0.05135,0.05285,0.05369,0.05512,0.05619,0.05754,0.05885,0.06062,0.062,0.06247,0.06527,0.07013,0.072,0.07392,0.07477
8/27/2024,0.04819,0.04833,0.04917,0.05135,0.05285,0.05369,0.05512,0.05619,0.05754,0.05885,0.06062,0.062,0.06252,0.06523,0.07014,0.072,0.07392,0.07477
8/26/2024,0.04819,0.04833,0.0495,0.0515,0.05292,0.05377,0.05519,0.05627,0.05762,0.05885,0.06062,0.062,0.06257,0.06523,0.0701,0.072,0.07392,0.07477
8/23/2024,0.04844,0.04923,0.04983,0.05158,0.05292,0.05381,0.05527,0.05635,0.05769,0.05892,0.06069,0.06208,0.06255,0.06532,0.07024,0.07207,0.074,0.07485
8/22/2024,0.04856,0.04931,0.04983,0.05158,0.05292,0.05381,0.05527,0.05635,0.05769,0.05892,0.06069,0.06208,0.06255,0.06533,0.07017,0.07208,0.074,0.07485
8/21/2024,0.04867,0.04946,0.04983,0.05165,0.053,0.05385,0.05527,0.05635,0.05769,0.05892,0.06069,0.06208,0.06246,0.06521,0.07015,0.07199,0.07408,0.07485
8/20/2024,0.04878,0.04946,0.04983,0.05165,0.053,0.05385,0.05527,0.05635,0.05769,0.05892,0.06069,0.06208,0.06246,0.06524,0.07014,0.07197,0.07408,0.07485
8/19/2024,0.04878,0.04946,0.04983,0.05165,0.053,0.05385,0.05527,0.05635,0.05769,0.05892,0.06069,0.06208,0.06246,0.06536,0.07021,0.07201,0.07408,0.07485
8/16/2024,0.04856,0.04938,0.04983,0.05173,0.05292,0.05381,0.05527,0.05635,0.05769,0.05892,0.06069,0.06208,0.0625,0.06533,0.07018,0.07199,0.07408,0.07485
8/15/2024,0.04869,0.04946,0.04983,0.05181,0.053,0.05385,0.05527,0.05635,0.05769,0.05892,0.06069,0.06208,0.0625,0.0653,0.07021,0.07199,0.07408,0.07485
8/14/2024,0.04856,0.04946,0.04983,0.05181,0.053,0.05385,0.05527,0.05635,0.05769,0.05892,0.06069,0.06208,0.06253,0.06529,0.07017,0.07196,0.07408,0.07485
8/13/2024,0.04906,0.0495,0.04983,0.05188,0.05308,0.05392,0.05535,0.05642,0.05777,0.059,0.06077,0.06215,0.06267,0.06538,0.07027,0.07204,0.07415,0.07492
8/12/2024,0.04931,0.04927,0.04925,0.05188,0.05315,0.05408,0.05542,0.0565,0.05777,0.059,0.06077,0.06215,0.06265,0.06547,0.07034,0.07219,0.07415,0.07492
8/9/2024,0.04856,0.04927,0.04925,0.05188,0.05315,0.05408,0.05542,0.0565,0.05777,0.059,0.06077,0.06215,0.06277,0.0655,0.07039,0.07219,0.07415,0.07492
8/8/2024,0.04869,0.04927,0.04925,0.05188,0.05315,0.05408,0.05542,0.0565,0.05777,0.059,0.06077,0.06215,0.06269,0.06552,0.0704,0.07219,0.07415,0.07492
8/7/2024,0.04894,0.04954,0.04975,0.05204,0.05327,0.05419,0.0555,0.05658,0.05788,0.05912,0.06092,0.06231,0.06285,0.06566,0.07056,0.07234,0.07431,0.07508
8/6/2024,0.04906,0.04969,0.05025,0.05219,0.0535,0.05435,0.05569,0.05673,0.05796,0.05919,0.061,0.06238,0.06288,0.06586,0.0707,0.07259,0.07438,0.07519
8/5/2024,0.04956,0.04969,0.05025,0.05219,0.0535,0.05435,0.05569,0.05673,0.05796,0.05919,0.061,0.06238,0.06301,0.06611,0.07099,0.07268,0.07442,0.07519
8/2/2024,0.04944,0.04977,0.05025,0.05227,0.05358,0.05442,0.05577,0.05681,0.05804,0.05927,0.06108,0.06246,0.06309,0.06633,0.07125,0.07289,0.0745,0.07527
8/1/2024,0.04956,0.04977,0.05117,0.05227,0.05358,0.05442,0.05577,0.05681,0.05804,0.05927,0.06108,0.06246,0.06305,0.06634,0.07128,0.07289,0.0745,0.07527
7/31/2024,0.04944,0.04977,0.05117,0.05227,0.05358,0.05442,0.05577,0.05681,0.05804,0.05927,0.06108,0.06246,0.06307,0.0663,0.07128,0.07289,0.0745,0.07527
7/30/2024,0.04944,0.04977,0.05117,0.05208,0.05358,0.05435,0.05562,0.05658,0.05804,0.05927,0.06085,0.06208,0.06267,0.06592,0.07094,0.07251,0.07412,0.07489
7/29/2024,0.04929,0.04981,0.05117,0.05215,0.05365,0.05438,0.05565,0.05662,0.05815,0.05938,0.06096,0.06219,0.06282,0.06597,0.071,0.07261,0.07423,0.075
7/26/2024,0.04914,0.04981,0.05117,0.05215,0.05373,0.05438,0.05565,0.05662,0.05815,0.05938,0.06096,0.06219,0.06287,0.06603,0.07104,0.07263,0.07423,0.075
7/25/2024,0.04929,0.04981,0.05117,0.05215,0.05373,0.05438,0.05565,0.05662,0.05815,0.05938,0.06096,0.06219,0.06283,0.06607,0.07104,0.07267,0.07428,0.07505
7/24/2024,0.04936,0.04981,0.05117,0.05215,0.05373,0.05438,0.05565,0.05662,0.05815,0.05938,0.06096,0.06219,0.06282,0.06603,0.071,0.07265,0.07428,0.07505
7/23/2024,0.04921,0.0495,0.05083,0.05204,0.05365,0.05431,0.05558,0.05654,0.05808,0.05931,0.06088,0.06212,0.06282,0.06602,0.07104,0.07268,0.07423,0.075
7/22/2024,0.04936,0.0495,0.05077,0.05196,0.05365,0.05431,0.05558,0.05654,0.05808,0.05931,0.06088,0.06212,0.06281,0.06596,0.07099,0.0726,0.07423,0.075
7/19/2024,0.04936,0.0495,0.05083,0.05196,0.05365,0.05431,0.05558,0.05654,0.05808,0.05931,0.06088,0.06212,0.06282,0.06595,0.07094,0.07259,0.07423,0.075
7/18/2024,0.0495,0.04958,0.05083,0.05196,0.05365,0.05431,0.05558,0.05654,0.05808,0.05931,0.06088,0.06212,0.06277,0.06594,0.07098,0.07258,0.07423,0.075
7/17/2024,0.0495,0.04965,0.05117,0.05204,0.05373,0.05438,0.05565,0.05662,0.05815,0.05938,0.06096,0.06219,0.06289,0.06603,0.07101,0.07265,0.0743,0.07507
7/16/2024,0.04964,0.04973,0.0515,0.05212,0.05373,0.05438,0.05565,0.05662,0.05815,0.05938,0.06096,0.06219,0.06289,0.06606,0.07106,0.07267,0.0743,0.07507
7/15/2024,0.04979,0.04981,0.05183,0.05219,0.05381,0.05446,0.05573,0.05669,0.05823,0.05946,0.06104,0.06227,0.06295,0.06611,0.07109,0.07282,0.07438,0.07515
7/12/2024,0.04993,0.04988,0.05217,0.05227,0.05388,0.05454,0.05581,0.05677,0.05831,0.05954,0.06112,0.06235,0.06306,0.06627,0.0712,0.07287,0.07446,0.07523
7/11/2024,0.04993,0.04988,0.05217,0.05235,0.05404,0.05462,0.05581,0.05677,0.05831,0.05954,0.06112,0.06235,0.06309,0.06626,0.07119,0.07293,0.07446,0.07523
7/10/2024,0.04993,0.04988,0.05217,0.05235,0.05404,0.05462,0.05581,0.05677,0.05831,0.05954,0.06112,0.06235,0.06311,0.06622,0.07119,0.07286,0.07446,0.07523
7/9/2024,0.04993,0.04988,0.05217,0.05235,0.05404,0.05462,0.05581,0.05677,0.05831,0.05954,0.06112,0.06235,0.06309,0.06615,0.07126,0.07292,0.07446,0.07523
7/8/2024,0.04921,0.0495,0.0515,0.05192,0.05365,0.05435,0.05562,0.05662,0.05812,0.05935,0.06092,0.06219,0.06293,0.06598,0.07096,0.07276,0.0743,0.07507
7/5/2024,0.04836,0.04942,0.05117,0.05192,0.05365,0.05427,0.05562,0.05662,0.05812,0.05935,0.06092,0.06219,0.06293,0.066,0.0709,0.07273,0.0743,0.07507
7/4/2024,0.0485,0.04942,0.05117,0.05185,0.05358,0.05419,0.05554,0.05654,0.05812,0.05942,0.06092,0.0625,0.06319,0.06626,0.07117,0.07299,0.07461,0.07538
7/3/2024,0.0485,0.04942,0.05117,0.05185,0.05358,0.05419,0.05554,0.05654,0.05812,0.05942,0.06092,0.0625,0.06333,0.06619,0.07112,0.07296,0.07461,0.07538
7/2/2024,0.04875,0.0495,0.05117,0.05208,0.05365,0.05427,0.05562,0.05662,0.05819,0.0595,0.061,0.06258,0.06344,0.06629,0.07125,0.07312,0.07469,0.07546
7/1/2024,0.04888,0.04965,0.05117,0.05208,0.05365,0.05427,0.05562,0.05662,0.05819,0.0595,0.061,0.06258,0.06393,0.06645,0.07126,0.07318,0.07469,0.07546
6/28/2024,0.04875,0.04965,0.05117,0.05208,0.05365,0.05427,0.05562,0.05662,0.05819,0.0595,0.061,0.06258,0.06332,0.06645,0.07139,0.07305,0.07464,0.07542
6/27/2024,0.04828,0.04935,0.05062,0.05177,0.05312,0.05381,0.05538,0.05635,0.05838,0.05962,0.06104,0.06238,0.06315,0.06618,0.07114,0.07284,0.07444,0.07522
6/26/2024,0.04806,0.04919,0.05031,0.05169,0.05312,0.05381,0.05538,0.05635,0.05838,0.05962,0.06104,0.06238,0.06298,0.06614,0.07124,0.07288,0.07444,0.07522
6/25/2024,0.04825,0.0485,0.05031,0.05169,0.05312,0.05381,0.05538,0.05635,0.05838,0.05962,0.06104,0.06238,0.06296,0.06621,0.07122,0.07294,0.07452,0.07527
6/24/2024,0.04825,0.0485,0.05031,0.05169,0.05312,0.05381,0.05538,0.05635,0.05838,0.05962,0.06104,0.06238,0.06306,0.06607,0.07122,0.07293,0.07452,0.07527
6/21/2024,0.04821,0.04825,0.05038,0.05177,0.05323,0.05392,0.05546,0.05642,0.05846,0.05969,0.06112,0.06246,0.06309,0.06609,0.07118,0.073,0.0746,0.07535
6/20/2024,0.04821,0.04875,0.05038,0.05177,0.05323,0.05392,0.05546,0.05642,0.05846,0.05969,0.06112,0.06246,0.06315,0.06596,0.07102,0.07291,0.0746,0.07535
6/19/2024,0.04836,0.049,0.05046,0.05185,0.05331,0.054,0.05554,0.0565,0.05854,0.05977,0.06119,0.06254,0.06318,0.06644,0.07148,0.07331,0.07473,0.07548
6/18/2024,0.04836,0.04938,0.05054,0.05192,0.05338,0.05408,0.05562,0.05658,0.05862,0.05985,0.06131,0.06265,0.06334,0.0666,0.07164,0.07353,0.07484,0.07559
6/17/2024,0.04836,0.04938,0.05054,0.05192,0.05342,0.05419,0.05596,0.05715,0.05919,0.0605,0.06196,0.06346,0.06419,0.06723,0.07245,0.07433,0.07565,0.0764
6/14/2024,0.04821,0.04913,0.05042,0.05169,0.05304,0.05381,0.05558,0.05673,0.05873,0.06012,0.06138,0.06277,0.06346,0.06657,0.07175,0.07373,0.07496,0.07571
6/13/2024,0.04807,0.04913,0.05042,0.05169,0.05304,0.05381,0.05558,0.05673,0.05873,0.06012,0.06138,0.06277,0.06365,0.06654,0.07175,0.07363,0.07498,0.07565
6/12/2024,0.04807,0.04913,0.05042,0.05169,0.05312,0.05381,0.05558,0.05673,0.05873,0.06012,0.06138,0.06277,0.06385,0.06671,0.07188,0.07392,0.0749,0.07567
6/11/2024,0.04807,0.04913,0.05042,0.05162,0.05304,0.05373,0.05558,0.05673,0.05873,0.06012,0.06138,0.06277,0.06385,0.06678,0.07187,0.07398,0.0749,0.07567
6/10/2024,0.04807,0.04913,0.05042,0.05162,0.05304,0.05373,0.05558,0.05673,0.05873,0.06012,0.06138,0.06277,0.06374,0.06667,0.07182,0.0738,0.0749,0.07567
6/7/2024,0.04807,0.04913,0.05042,0.05162,0.05304,0.05373,0.05558,0.05673,0.05873,0.06012,0.06138,0.06277,0.06376,0.06674,0.07187,0.07381,0.07492,0.07569
6/6/2024,0.04807,0.04925,0.05046,0.05162,0.05304,0.05373,0.05558,0.05673,0.05873,0.06012,0.06138,0.06277,0.06388,0.06676,0.07193,0.07388,0.07492,0.07569
6/5/2024,0.04793,0.04975,0.05046,0.05162,0.05304,0.05373,0.05558,0.05673,0.05873,0.06012,0.06138,0.06277,0.06382,0.0667,0.07185,0.07379,0.07488,0.07563
6/4/2024,0.04807,0.04975,0.05046,0.05162,0.05304,0.05373,0.05558,0.05673,0.05873,0.06012,0.06138,0.06277,0.06391,0.06667,0.07183,0.07379,0.07488,0.07563
6/3/2024,0.04807,0.04975,0.05046,0.05162,0.053,0.05373,0.05558,0.05673,0.05873,0.06012,0.06131,0.06277,0.06405,0.06668,0.0719,0.07395,0.07488,0.07563
5/31/2024,0.0485,0.04913,0.05058,0.05169,,0.05342,,0.05604,,0.05958,,0.06238,0.06371,0.06648,0.07183,0.07355,0.07449,0.07524
5/30/2024,0.04888,0.04913,0.05058,0.05169,,0.05342,,0.05604,,0.05958,,0.06238,0.06378,0.06663,0.07192,0.07356,0.07449,0.07524
5/29/2024,0.04875,0.04913,0.05027,0.05146,,0.05296,,0.05604,,0.05958,,0.06238,0.06374,0.06657,0.07191,0.0735,0.07449,0.07515
5/28/2024,0.04925,0.04913,0.05027,0.05131,,0.05296,,0.05612,,0.05965,,0.06246,0.06392,0.06675,0.07215,0.07368,0.07457,0.07523
5/27/2024,0.04961,0.04888,0.05027,0.05131,,0.05296,,0.05612,,0.05965,,0.06246,0.064,0.06702,0.0724,0.07388,0.07457,0.07523
5/24/2024,0.04879,0.049,0.04973,0.05069,,0.05258,,0.05604,,0.05958,,0.06238,0.06384,0.06687,0.07254,0.07397,0.07453,0.07519
5/23/2024,0.04871,0.04875,0.04923,0.05027,,0.05227,,0.05577,,0.05958,,0.06238,0.06392,0.06714,0.07258,0.07405,0.07444,0.07511
5/22/2024,0.04686,0.04717,0.04804,0.04923,,0.05123,,0.05481,,0.05842,,0.06185,0.06372,0.06666,0.07179,0.0736,0.07381,0.07448
5/21/2024,0.04614,0.04625,0.04738,0.04873,,0.05081,,0.05469,,0.05835,,0.06177,0.06332,0.06588,0.07069,0.07288,0.07365,0.0744
5/20/2024,0.04586,0.04625,0.04738,0.04873,,0.05081,,0.05469,,0.05835,,0.06177,0.06334,0.06593,0.07075,0.07291,0.07365,0.0744
5/17/2024,0.04586,0.04608,0.04738,0.04873,,0.05081,,0.05469,,0.05835,,0.06177,0.06332,0.0659,0.07066,0.0728,0.07365,0.0744
5/16/2024,0.04607,0.04608,0.04742,0.04873,,0.05081,,0.05469,,0.05835,,0.06177,0.06336,0.06593,0.07072,0.07276,0.07365,0.0744
5/15/2024,0.04629,0.047,0.04696,0.0485,,0.05073,,0.05469,,0.05835,,0.06177,0.06353,0.06604,0.07079,0.07296,0.07365,0.0744
5/14/2024,0.0455,0.04658,0.0465,0.04796,,0.05058,,0.05469,,0.05835,,0.06177,0.06349,0.06607,0.07081,0.07293,0.07365,0.0744
5/13/2024,0.0445,0.04592,0.0465,0.04796,,0.05058,,0.05469,,0.05835,,0.06177,0.06336,0.06578,0.07057,0.07275,0.0735,0.07423
5/10/2024,0.04433,0.04592,0.04619,0.04773,,0.0505,,0.05462,,0.05827,,0.06169,0.06325,0.06567,0.07043,0.07267,0.07342,0.07415
5/9/2024,0.04433,0.04592,0.04612,0.04765,,0.05042,,0.05454,,0.05819,,0.06162,0.0632,0.0655,0.07044,0.07258,0.07335,0.07408
5/8/2024,0.04417,0.04575,0.04581,0.04735,,0.05042,,0.05454,,0.05819,,0.06162,0.06322,0.06535,0.07045,0.07244,0.07335,0.07412
5/7/2024,0.04408,0.04525,0.04596,0.04735,,0.05042,,0.05454,,0.05819,,0.06162,0.06293,0.06507,0.07025,0.07232,0.07318,0.07395
5/6/2024,0.04408,0.04558,0.04588,0.04735,,0.05042,,0.05454,,0.05819,,0.06162,0.06312,0.06543,0.07026,0.07239,0.07322,0.07395
5/4/2024,0.04342,0.04608,0.04581,0.04727,,0.05065,,0.05454,,0.05819,,0.06162,0.06343,0.06563,0.07056,0.07263,0.07318,0.07389
5/3/2024,0.04342,0.04608,0.04581,0.04727,,0.05065,,0.05454,,0.05819,,0.06162,0.06343,0.06563,0.07056,0.07263,0.07318,0.07389
5/2/2024,0.04342,0.046,0.04573,0.04719,,0.05058,,0.05454,,0.05819,,0.06162,0.06352,0.06566,0.07057,0.07263,0.07318,0.07389
4/26/2024,0.04375,0.0462,0.04565,0.04719,,0.05065,,0.05462,,0.05827,,0.06169,0.06364,0.06579,0.07066,0.07269,0.07321,0.07392
4/25/2024,0.04358,0.0462,0.04527,0.04696,,0.05058,,0.05454,,0.05819,,0.06162,0.06358,0.0658,0.07059,0.07271,0.07314,0.07385
4/24/2024,0.044,0.0458,0.04496,0.0465,,0.05035,,0.05435,,0.05819,,0.06162,0.06389,0.0659,0.07078,0.07288,0.07314,0.07385
4/23/2024,0.04267,0.0454,0.04465,0.04627,,0.05019,,0.05435,,0.05819,,0.06162,0.0639,0.06603,0.07088,0.073,0.07331,0.07402
4/22/2024,0.04267,0.0452,0.04465,0.04612,,0.05019,,0.05427,,0.05812,,0.0615,0.06404,0.06606,0.07088,0.07293,0.07319,0.0739
4/19/2024,0.042,0.0453,0.04427,0.04581,,0.05058,,0.05427,,0.05812,,0.0615,0.06404,0.06621,0.07081,0.07293,0.07319,0.0739
4/17/2024,0.042,0.0459,0.04483,0.04542,,0.05058,,0.05427,,0.05812,,0.0615,0.06402,0.06613,0.07101,0.0728,0.07314,0.07398
4/16/2024,0.04167,0.0455,0.0445,0.04427,,0.05012,,0.05381,,0.05773,,0.06112,0.06354,0.06584,0.07068,0.07289,0.0728,0.07364
4/15/2024,0.04083,0.0435,0.04317,0.04373,,0.04981,,0.05358,,0.05758,,0.06088,0.06359,0.06565,0.07054,0.07243,0.0729,0.07374
4/12/2024,0.04058,0.0409,0.04283,0.04304,,0.04973,,0.05358,,0.05758,,0.06088,0.06341,0.06544,0.07024,0.07231,0.0729,0.07373
4/11/2024,0.03536,0.03875,0.0405,0.04238,,0.04962,,0.0535,,0.05742,,0.06073,0.06273,0.06486,0.06982,0.07182,0.07275,0.07358
4/10/2024,0.03507,0.0385,0.04017,0.04238,,0.04962,,0.0535,,0.05742,,0.06073,0.06251,0.06475,0.06964,0.07182,0.07279,0.07366
4/9/2024,0.03507,0.03775,0.03983,0.04223,,0.04962,,0.0535,,0.05742,,0.06073,0.06244,0.06467,0.06928,0.07159,0.07234,0.07334
4/8/2024,0.03464,0.03763,0.0395,0.04215,,0.04962,,0.0535,,0.05742,,0.06073,0.06311,0.06498,0.06977,0.07177,0.07238,0.07346
4/5/2024,0.03479,0.03763,0.0395,0.04208,,0.04962,,0.05381,,0.05742,,0.06073,0.06322,0.06529,0.07038,0.07222,0.07279,0.0737
4/4/2024,0.03507,0.03875,0.03983,0.04215,,0.04962,,0.05381,,0.05742,,0.06073,0.06386,0.06668,0.07068,0.07263,0.07277,0.07373
4/3/2024,0.03464,0.03925,0.03883,0.04208,,0.04962,,0.05381,,0.05742,,0.06073,0.06389,0.06671,0.07052,0.07223,0.07264,0.07368
4/2/2024,0.0335,0.03817,0.04117,0.0405,,0.04977,,0.05396,,0.0575,,0.06088,0.06433,0.06724,0.07129,0.07288,0.07334,0.0745
4/1/2024,0.03013,0.03617,0.0375,0.04188,,0.05008,,0.05435,,0.05788,,0.06127,0.0632,0.06701,0.07124,0.073,0.07435,0.07527
3/29/2024,0.02864,0.03275,0.0365,0.04158,,0.05008,,0.05427,,0.05788,,0.06119,0.06308,0.06719,0.07121,0.07307,0.07452,0.07544
3/28/2024,0.02671,0.032,0.0355,0.04146,,0.04992,,0.05415,,0.05781,,0.06119,0.06287,0.06673,0.07099,0.07275,0.0743,0.07549
3/27/2024,0.02629,0.03125,0.03517,0.04112,,0.04985,,0.05423,,0.05796,,0.06112,0.06286,0.06666,0.07134,0.07315,0.07468,0.07589
3/26/2024,0.02614,0.031,0.03517,0.04104,,0.04977,,0.05415,,0.05788,,0.06104,0.06315,0.06714,0.0716,0.0735,0.0751,0.0765
3/25/2024,0.026,0.03088,0.0345,0.04077,,0.04969,,0.05408,,0.05781,,0.06088,0.06286,0.0667,0.07136,0.07318,0.07494,0.07622
3/22/2024,0.02567,0.03075,0.0345,0.04069,,0.04962,,0.054,,0.05773,,0.06081,0.06296,0.06675,0.07166,0.07359,0.07534,0.07662
3/21/2024,0.02533,0.03075,0.0345,0.04038,,0.04946,,0.05385,,0.05758,,0.06065,0.06279,0.06655,0.07137,0.07327,0.07514,0.07635
3/20/2024,0.02467,0.0307,0.03562,0.04031,,0.04946,,0.05392,,0.05758,,0.06065,0.06279,0.06661,0.07142,0.0733,0.07508,0.07621
3/19/2024,0.02379,0.0305,0.03546,0.04092,,0.04977,,0.05415,,0.058,,0.06088,0.0632,0.06687,0.07184,0.07376,0.07561,0.07674
3/18/2024,0.02407,0.0303,0.03546,0.04085,,0.04985,,0.05415,,0.05796,,0.06096,0.06353,0.067,0.07222,0.07409,0.07596,0.07709
3/15/2024,0.02407,0.0305,0.03546,0.041,,0.04985,,0.05415,,0.05796,,0.06096,0.06336,0.06709,0.07228,0.0741,0.07604,0.07717
3/14/2024,0.02363,0.0307,0.03554,0.04123,,0.04992,,0.05431,,0.05804,,0.06112,0.06349,0.06721,0.07231,0.0742,0.07626,0.07743
3/13/2024,0.02363,0.0305,0.03546,0.04123,,0.04992,,0.05431,,0.05804,,0.06112,0.06354,0.06722,0.07247,0.07421,0.07626,0.07743
3/12/2024,0.02344,0.0299,0.03546,0.04108,,0.04992,,0.05431,,0.05804,,0.06112,0.0633,0.06721,0.07228,0.07425,0.07631,0.07748
3/11/2024,0.02171,0.03,0.03562,0.04119,,0.05019,,0.05438,,0.05835,,0.06188,0.06403,0.06783,0.07319,0.0753,0.07752,0.07884
3/8/2024,0.02186,0.03007,0.03585,0.04204,,0.05042,,0.05462,,0.0585,,0.06204,0.06421,0.0682,0.07377,0.07586,0.07771,0.07919
3/7/2024,0.02288,0.03017,0.03623,0.04227,,0.05112,,0.05477,,0.0585,,0.06204,0.06402,0.06803,0.07321,0.07524,0.07771,0.07919
3/6/2024,0.0215,0.0305,0.03631,0.04231,,0.05112,,0.05485,,0.0585,,0.06204,0.06389,0.06776,0.07285,0.07511,0.07791,0.07946
3/5/2024,0.022,0.0305,0.03646,0.04246,,0.05127,,0.055,,0.05865,,0.06219,0.06404,0.06777,0.07285,0.07511,0.07806,0.07963
3/4/2024,0.022,0.0305,0.03654,0.04254,,0.05135,,0.05508,,0.05873,,0.06227,0.06406,0.06788,0.07287,0.07514,0.07808,0.07965
3/1/2024,0.02263,0.03067,0.03662,0.04262,,0.05135,,0.05508,,0.05881,,0.06227,0.06413,0.06791,0.07286,0.0752,0.07804,0.07965
2/29/2024,0.022,0.03067,0.03738,0.04331,,0.05165,,0.05538,,0.05912,,0.06258,0.0643,0.06825,0.07337,0.07562,0.07835,0.07996
2/28/2024,0.023,0.03067,0.03715,0.04315,,0.05158,,0.05531,,0.05904,,0.0625,0.06444,0.06827,0.07322,0.0755,0.07832,0.08005
2/27/2024,0.02261,0.0309,0.03738,0.04331,,0.05165,,0.05538,,0.05912,,0.06258,0.06445,0.06819,0.07323,0.07561,0.07821,0.08002
2/26/2024,0.02239,0.0313,0.03723,0.04338,,0.05173,,0.05546,,0.05919,,0.06265,0.06462,0.069,0.07368,0.07606,0.07838,0.08034
2/23/2024,0.0225,0.0313,0.03738,0.04354,,0.05188,,0.05562,,0.05935,,0.06281,0.06476,0.069,0.07359,0.07596,0.07846,0.08012
2/22/2024,0.0225,0.0313,0.03715,0.04331,,0.05173,,0.05538,,0.05912,,0.06258,0.06453,0.06859,0.07336,0.07552,0.07833,0.08006
2/21/2024,0.02239,0.0313,0.03662,0.04277,,0.05119,,0.05485,,0.05858,,0.06204,0.0641,0.06802,0.07293,0.07518,0.07804,0.07975
2/20/2024,0.01717,0.0309,0.03623,0.04254,,0.05112,,0.05477,,0.0585,,0.06196,0.06394,0.06795,0.0728,0.07499,0.07796,0.07971
2/19/2024,0.01672,0.0311,0.03623,0.04254,,0.05104,,0.05473,,0.05835,,0.06181,0.06378,0.06776,0.07267,0.07493,0.07781,0.07952
2/16/2024,0.01672,0.0315,0.03604,0.04254,,0.05088,,0.05458,,0.05819,,0.06165,0.06363,0.06755,0.07248,0.07469,0.07765,0.07936
2/15/2024,0.017,0.031,0.03604,0.04258,,0.05112,,0.05485,,0.05827,,0.06181,0.06393,0.06797,0.07288,0.07494,0.07798,0.07973
2/7/2024,0.01694,0.0321,0.03612,0.04258,,0.05127,,0.05515,,0.05865,,0.06196,0.06419,0.0683,0.07303,0.07515,0.07829,0.08042
2/6/2024,0.01772,0.0317,0.03619,0.04265,,0.05142,,0.05531,,0.05881,,0.06212,0.06436,0.06845,0.07337,0.07537,0.07845,0.08058
2/5/2024,0.01672,0.0319,0.03604,0.04265,,0.05142,,0.05531,,0.05896,,0.06212,0.06433,0.06856,0.07335,0.07536,0.07837,0.08058
2/2/2024,0.0165,0.03125,0.03588,0.04281,,0.05196,,0.05569,,0.05927,,0.06246,0.06473,0.06885,0.07353,0.07576,0.07871,0.08092
2/1/2024,0.01594,0.03188,0.03558,0.04273,,0.05181,,0.05569,,0.05923,,0.06235,0.06432,0.06867,0.07334,0.07549,0.0786,0.08081
1/31/2024,0.01628,0.0315,0.033,0.04296,,0.05181,,0.05569,,0.05927,,0.06235,0.06431,0.06855,0.07326,0.07536,0.0786,0.08068
1/30/2024,0.01528,0.03117,0.03233,0.04273,,0.05165,,0.05554,,0.05912,,0.06219,0.06424,0.06835,0.07322,0.07531,0.07844,0.08094
1/29/2024,0.01539,0.03117,0.03267,0.04335,,0.05204,,0.05585,,0.05931,,0.0625,0.06456,0.06883,0.07341,0.07556,0.07866,0.08089
1/26/2024,0.0155,0.03183,0.03267,0.04354,,0.05188,,0.05523,,0.05838,,0.06135,0.0634,0.06759,0.07227,0.07422,0.07751,0.07949
1/25/2024,0.01561,0.03183,0.03267,0.04354,,0.05188,,0.05523,,0.05838,,0.06135,0.06313,0.06737,0.07193,0.07385,0.07749,0.07941
1/24/2024,0.01639,0.03183,0.03267,0.04381,,0.05188,,0.05523,,0.05838,,0.06135,0.06275,0.06702,0.07157,0.07366,0.07745,0.07943
1/23/2024,0.01683,0.03217,0.033,0.04412,,0.05254,,0.05581,,0.05923,,0.06173,0.06365,0.06754,0.07201,0.07414,0.07779,0.07977
1/22/2024,0.01661,0.03217,0.0335,0.04458,,0.05292,,0.05627,,0.05923,,0.06196,0.06376,0.06793,0.07237,0.07436,0.0781,0.07948
1/19/2024,0.0165,0.03217,0.03383,0.04458,,0.05292,,0.05627,,0.05923,,0.06196,0.06408,0.06815,0.07235,0.07434,0.078,0.07998
1/18/2024,0.01672,0.03217,0.03417,0.04458,,0.05292,,0.05631,,0.05923,,0.06196,0.064,0.06793,0.07226,0.07423,0.07784,0.07992
1/17/2024,0.01739,0.0335,0.03417,0.04492,,0.05338,,0.05681,,0.05954,,0.06204,0.06416,0.0681,0.07227,0.0743,0.07851,0.08028
1/16/2024,0.01861,0.03483,0.0345,0.04538,,0.05377,,0.05719,,0.06008,,0.06258,0.0643,0.06811,0.07231,0.07441,0.0787,0.08035
1/15/2024,0.02161,0.03483,0.03915,0.04538,,0.05388,,0.05735,,0.06035,,0.06281,0.06483,0.06851,0.07257,0.0746,0.07835,0.08054
1/12/2024,0.0226,0.03542,0.03931,0.04554,,0.05396,,0.05742,,0.06042,,0.06288,0.06326,0.06628,0.07017,0.07216,0.07592,0.07811
1/11/2024,0.0228,0.03542,0.03938,0.04554,,0.05396,,0.05742,,0.06042,,0.06288,0.06281,0.06599,0.06989,0.07193,0.07593,0.07778
1/10/2024,0.023,0.03542,0.03954,0.04554,,0.05396,,0.05742,,0.06042,,0.06288,0.0629,0.06579,0.06969,0.07163,0.0759,0.07742
1/9/2024,0.0234,0.0355,0.03985,0.04562,,0.05396,,0.05742,,0.06042,,0.06288,0.06279,0.06618,0.06964,0.07156,0.07576,0.07726
1/8/2024,0.0237,0.03596,0.04015,0.04333,,0.05435,,0.05765,,0.06065,,0.06319,0.06333,0.06632,0.06988,0.07182,0.07677,0.07752
1/5/2024,0.0249,0.03604,0.04046,0.04383,,0.05435,,0.05765,,0.06065,,0.06319,0.0632,0.06634,0.07015,0.07207,0.07669,0.07761
1/4/2024,0.0258,0.03604,0.04042,0.04798,,0.0545,,0.05788,,0.06081,,0.06335,0.06345,0.06737,0.07083,0.07281,0.07697,0.07797
1/3/2024,0.02755,0.03665,0.04119,0.04888,,0.05488,,0.05827,,0.06119,,0.06373,0.06373,0.06773,0.07133,0.07327,0.07735,0.07837
1/2/2024,0.02918,0.03735,0.04219,0.04881,,0.05573,,0.05919,,0.06227,,0.06473,0.06452,0.06848,0.07185,0.07378,0.07821,0.07923
12/29/2023,0.02939,0.03779,0.0385,0.04879,,0.05608,,0.0595,,0.06275,,0.06529,0.06496,0.06904,0.072,0.07398,0.07868,0.0797
12/28/2023,0.02939,0.03775,0.0385,0.04871,,0.056,,0.05942,,0.06267,,0.06521,0.06488,0.06877,0.07183,0.07386,0.0786,0.07962
12/27/2023,0.0295,0.03779,0.0385,0.04879,,0.056,,0.05942,,0.06267,,0.06521,0.06482,0.06877,0.0716,0.0737,0.07862,0.07964
12/26/2023,0.02939,0.03779,0.0385,0.04871,,0.05592,,0.05933,,0.06258,,0.06513,0.06497,0.06855,0.07152,0.07355,0.07854,0.07956
12/25/2023,0.02917,0.03779,0.0385,0.04871,,0.05592,,0.05933,,0.06258,,0.06513,0.06509,0.06848,0.07161,0.07342,0.07851,0.07956
12/22/2023,0.02894,0.03763,0.0385,0.04863,,0.05583,,0.05925,,0.0625,,0.06504,0.06469,0.06832,0.07149,0.07346,0.07836,0.07943
12/21/2023,0.02894,0.03696,0.0385,0.04804,,0.05525,,0.05867,,0.06192,,0.06446,0.06416,0.06781,0.07088,0.0729,0.07778,0.07885
12/20/2023,0.02889,0.03696,0.0385,0.04804,,0.05525,,0.05867,,0.06192,,0.06446,0.06411,0.06761,0.07077,0.07262,0.07778,0.07883
12/19/2023,0.029,0.03696,0.03883,0.04804,,0.05525,,0.05867,,0.06192,,0.06446,0.06402,0.06759,0.07085,0.07272,0.07787,0.07892
12/18/2023,0.02933,0.03688,0.03883,0.04796,,0.05517,,0.05858,,0.06188,,0.06442,0.06389,0.06756,0.07079,0.07275,0.07806,0.07906
12/15/2023,0.02967,0.03688,0.03883,0.04821,,0.05533,,0.05875,,0.06188,,0.06442,0.06384,0.06754,0.07069,0.07255,0.0781,0.0791
12/14/2023,0.02944,0.03696,0.03883,0.04829,,0.05533,,0.05875,,0.06188,,0.06442,0.0638,0.06773,0.07087,0.07281,0.07806,0.07904
12/13/2023,0.02972,0.03708,0.03967,0.04829,,0.05533,,0.05875,,0.06188,,0.06442,0.06439,0.06911,0.07143,0.07345,0.07827,0.07924
12/12/2023,0.02972,0.03708,0.03967,0.04829,,0.05533,,0.05875,,0.06188,,0.06442,0.06422,0.0696,0.07165,0.0737,0.07831,0.07924
12/11/2023,0.02972,0.03708,0.03967,0.04829,,0.05533,,0.05875,,0.06188,,0.06442,0.06439,0.0696,0.07171,0.0737,0.07831,0.07924
12/8/2023,0.02983,0.03708,0.03967,0.04829,,0.05533,,0.05875,,0.06188,,0.06442,0.06405,0.0696,0.07166,0.07372,0.07831,0.07924
12/7/2023,0.02994,0.03717,0.03967,0.04838,,0.05542,,0.05883,,0.06196,,0.0645,0.06433,0.06964,0.07159,0.07373,0.07825,0.07918
12/6/2023,0.03006,0.03717,0.03967,0.04838,,0.05542,,0.05892,,0.06196,,0.0645,0.06411,0.06924,0.0716,0.07365,0.07827,0.07918
12/5/2023,0.02994,0.03717,0.03967,0.04838,,0.05542,,0.05892,,0.06196,,0.0645,0.06394,0.06944,0.07143,0.07351,0.07825,0.07918
12/4/2023,0.03017,0.03717,0.03967,0.04838,,0.05542,,0.05892,,0.06196,,0.0645,0.06394,0.06936,0.07146,0.07362,0.07825,0.07918
12/1/2023,0.03,0.03467,0.03967,0.04846,,0.05542,,0.05908,,0.06204,,0.06458,0.06535,0.0697,0.07146,0.07357,0.07828,0.07926
11/30/2023,0.03013,0.03467,0.03967,0.04846,,0.05542,,0.05908,,0.06204,,0.06458,0.06539,0.0697,0.07147,0.07358,0.07828,0.07926
11/29/2023,0.03013,0.03467,0.04,0.04854,,0.0555,,0.05917,,0.06213,,0.06467,0.0654,0.06937,0.07201,0.0741,0.07824,0.0794
11/28/2023,0.03013,0.035,0.04067,0.0485,,0.0555,,0.05917,,0.06213,,0.06467,0.06554,0.06954,0.07219,0.07421,0.07829,0.07951
11/27/2023,0.03025,0.0355,0.04321,0.04788,,0.05542,,0.05908,,0.06204,,0.0645,0.06528,0.06927,0.07197,0.0742,0.07791,0.07925
11/24/2023,0.0305,0.0355,0.04321,0.04788,,0.05542,,0.05908,,0.06204,,0.0645,0.06514,0.06925,0.07186,0.07406,0.0781,0.07944
11/23/2023,0.03094,0.0355,0.04346,0.04829,,0.0555,,0.05925,,0.06221,,0.06475,0.06522,0.06922,0.07176,0.07401,0.07816,0.0795
11/22/2023,0.03094,0.03567,0.04346,0.04829,,0.05533,,0.05925,,0.06221,,0.06475,0.06531,0.06912,0.07266,0.07484,0.07843,0.07968
11/21/2023,0.03106,0.03633,0.04354,0.0485,,0.0555,,0.05942,,0.06238,,0.06492,0.06397,0.06947,0.07281,0.07501,0.07849,0.07974
11/20/2023,0.03131,0.03633,0.04358,0.04858,,0.05558,,0.0595,,0.06246,,0.065,0.0638,0.0696,0.07282,0.07488,0.07837,0.07962
11/17/2023,0.03169,0.03633,0.04375,0.04883,,0.05558,,0.0595,,0.06246,,0.065,0.06552,0.0691,0.07285,0.07462,0.07841,0.07966
11/16/2023,0.03244,0.03633,0.04408,0.04952,,0.05583,,0.05967,,0.06263,,0.06517,0.06574,0.07048,0.07318,0.07521,0.07867,0.07988
11/15/2023,0.03319,0.0385,0.04508,0.04975,,0.05617,,0.05992,,0.06288,,0.06542,0.06594,0.071,0.07367,0.07528,0.07892,0.08022
11/14/2023,0.03481,0.039,0.04517,0.05079,,0.05642,,0.06008,,0.06313,,0.06567,0.06574,0.07154,0.07424,0.07617,0.07931,0.08065
11/13/2023,0.03457,0.039,0.04317,0.05096,,0.0565,,0.06017,,0.06321,,0.06575,0.06637,0.07232,0.07436,0.07625,0.07943,0.08073
11/10/2023,0.03381,0.03917,0.0435,0.05113,,0.05708,,0.06042,,0.06346,,0.066,0.06677,0.07244,0.07469,0.07664,0.0795,0.08079
11/9/2023,0.03463,0.0395,0.046,0.04817,,0.05708,,0.06042,,0.06346,,0.066,0.06677,0.07246,0.07486,0.07681,0.07952,0.08079
11/8/2023,0.03525,0.0395,0.04608,0.04883,,0.05708,,0.06042,,0.06346,,0.066,0.06593,0.07228,0.07478,0.07702,0.07957,0.08075
11/7/2023,0.03538,0.0395,0.04625,0.04883,,0.05708,,0.06042,,0.06346,,0.066,0.06589,0.07234,0.07543,0.07753,0.07962,0.08089
11/6/2023,0.03556,0.0405,0.04642,0.04917,,0.05733,,0.06058,,0.06363,,0.06625,0.06589,0.07317,0.07593,0.07765,0.07996,0.08109
11/3/2023,0.0365,0.04075,0.04638,0.04883,,0.0575,,0.06083,,0.06379,,0.0665,0.06611,0.07417,0.07649,0.07907,0.08034,0.08145
11/2/2023,0.03686,0.04113,0.0465,0.04883,,0.05758,,0.06092,,0.06388,,0.06633,0.06594,0.0742,0.07656,0.07901,0.08017,0.08128
11/1/2023,0.03671,0.04113,0.0465,0.04883,,0.05767,,0.06083,,0.06388,,0.06642,0.06612,0.07452,0.07686,0.07887,0.08044,0.08151
10/31/2023,0.03575,0.0412,0.0465,0.04883,,0.05767,,0.06083,,0.06388,,0.06642,0.06649,0.07487,0.07734,0.07973,0.0806,0.0816
10/30/2023,0.035,0.04133,0.04658,0.04883,,0.05775,,0.06092,,0.06396,,0.0665,0.06645,0.07515,0.07745,0.07977,0.08068,0.0817
10/27/2023,0.0353,0.04158,0.04658,0.04883,,0.05775,,0.06092,,0.06388,,0.06642,0.06614,0.07517,0.07753,0.07977,0.0806,0.08171
10/26/2023,0.0364,0.04175,0.0465,0.04883,,0.05775,,0.06092,,0.06388,,0.06642,0.06594,0.07504,0.07748,0.07966,0.08042,0.08153
10/25/2023,0.0365,0.04193,0.04658,0.0495,,0.05767,,0.06083,,0.06379,,0.06633,0.06602,0.07518,0.0777,0.07984,0.08071,0.08192
10/24/2023,0.03738,0.04179,0.04646,0.0495,,0.05767,,0.06075,,0.06371,,0.06625,0.06619,0.07518,0.07848,0.08059,0.08064,0.08184
10/23/2023,0.03663,0.04136,0.04629,0.0495,,0.05775,,0.06083,,0.06371,,0.06625,0.0659,0.07538,0.07868,0.08068,0.08064,0.08184
10/20/2023,0.0345,0.04007,0.04604,0.0495,,0.05767,,0.06075,,0.06363,,0.06617,0.06582,0.07515,0.0787,0.08079,0.0806,0.08185
10/19/2023,0.0325,0.03907,0.04583,0.049,,0.05758,,0.06067,,0.06354,,0.06608,0.06588,0.07478,0.07808,0.0802,0.08018,0.08161
10/18/2023,0.03138,0.03893,0.04567,0.04867,,0.05758,,0.06067,,0.06354,,0.06608,0.06615,0.07373,0.07704,0.07916,0.07929,0.08056
10/17/2023,0.03113,0.03893,0.04554,0.048,,0.0575,,0.06058,,0.06354,,0.06608,0.06595,0.07373,0.07692,0.07892,0.07929,0.08056
10/16/2023,0.03088,0.03864,0.04529,0.048,,0.05742,,0.0605,,0.06346,,0.066,0.06595,0.07363,0.07681,0.07864,0.07916,0.08048
10/13/2023,0.03088,0.0385,0.04529,0.048,,0.05742,,0.0605,,0.06346,,0.066,0.06607,0.07355,0.07678,0.0787,0.07916,0.08048
10/12/2023,0.03063,0.0385,0.04546,0.0475,,0.05742,,0.06063,,0.06346,,0.06621,0.06645,0.07379,0.07691,0.0788,0.07939,0.08078
10/11/2023,0.03088,0.03936,0.04554,0.0485,,0.05742,,0.06063,,0.06354,,0.06629,0.06648,0.07402,0.07705,0.07884,0.0792,0.08054
10/10/2023,0.03225,0.03993,0.04604,0.0495,,0.0575,,0.06071,,0.06354,,0.06629,0.06611,0.07402,0.07731,0.07879,0.07916,0.0805
10/9/2023,0.03267,0.04069,0.04642,0.05017,,0.05758,,0.06079,,0.06363,,0.06638,0.06741,0.0742,0.07749,0.07903,0.07929,0.08063
10/6/2023,0.0335,0.04094,0.04658,0.04925,,0.05758,,0.06079,,0.06363,,0.06638,0.06628,0.07432,0.07756,0.07918,0.0795,0.08075
10/5/2023,0.03383,0.04094,0.04667,0.0495,,0.05775,,0.06104,,0.06371,,0.06654,0.06681,0.07468,0.07799,0.07945,0.07984,0.08109
10/4/2023,0.0335,0.04044,0.04633,0.0495,,0.05775,,0.06104,,0.06371,,0.06654,0.0667,0.07451,0.0778,0.07945,0.07975,0.081
10/3/2023,0.03233,0.04013,0.04558,0.04938,,0.05733,,0.06063,,0.06354,,0.06638,0.06669,0.07375,0.07719,0.07901,0.07926,0.08047
10/2/2023,0.032,0.03925,0.04558,0.04938,,0.05717,,0.06054,,0.06338,,0.06629,0.06691,0.07281,0.07606,0.07786,0.07907,0.08025
9/29/2023,0.03083,0.03888,0.04508,0.0485,,0.057,,0.06021,,0.06304,,0.06588,0.0666,0.07223,0.07556,0.07746,0.07861,0.07975
9/28/2023,0.0305,0.03738,0.04475,0.04813,,0.05692,,0.06013,,0.06296,,0.06579,0.06601,0.07195,0.07526,0.07701,0.07836,0.07954
9/27/2023,0.0305,0.03725,0.04442,0.048,,0.05692,,0.06004,,0.06296,,0.06579,0.06581,0.07179,0.07489,0.07685,0.07834,0.0795
9/26/2023,0.03507,0.03875,0.03983,0.04215,,0.04962,,0.05381,,0.05742,,0.06073,0.06106,0.06668,0.06984,0.07186,0.07334,0.07446
9/25/2023,0.0295,0.03725,0.04442,0.04775,,0.05692,,0.06008,,0.06308,,0.06575,0.06585,0.0716,0.0748,0.07682,0.07832,0.07948
9/22/2023,0.02833,0.03725,0.04442,0.04775,,0.05696,,0.05992,,0.06292,,0.06558,0.06574,0.0716,0.07444,0.07654,0.07815,0.07931
9/21/2023,0.02933,0.03675,0.04433,0.0475,,0.05683,,0.05983,,0.063,,0.06558,0.06584,0.07133,0.07416,0.07627,0.0781,0.07928
9/20/2023,0.02917,0.03675,0.04446,0.04725,,0.05675,,0.05992,,0.06308,,0.06567,0.06618,0.07114,0.07411,0.07608,0.0781,0.07928
9/19/2023,0.02979,0.03825,0.04433,0.047,,0.05692,,0.06017,,0.06333,,0.06592,0.06637,0.07147,0.07456,0.07656,0.07835,0.07953
9/18/2023,0.03054,0.03913,0.04492,0.04883,,0.05708,,0.06033,,0.06358,,0.066,0.06651,0.07181,0.07474,0.0768,0.07843,0.07961
