Date,ON,1M,2M,3M,6M,9M,1Y,2Y,3Y,4Y,5Y
2023-01-03,0.00999040924207267,0.06481576970753589,0.0642540564327256,0.07092943051399944,0.0805765465673381,0.07847677115843225,0.09583390640732575,0.08516057880179988,0.0764524722074534,0.0695783555187127,0.06409840407281522
2023-01-04,0.00999040924207267,0.06480922870753589,0.06424754843272559,0.07092943051399944,0.0805765465673381,0.07847677115843225,0.09583444040732575,0.08514784180179988,0.07645825820745339,0.06958367651871271,0.06409849907281523
2023-01-05,0.00999040924207267,0.06481249870753589,0.0642508024327256,0.07092943051399944,0.0805765465673381,0.07847677115843225,0.09583497540732575,0.08515420980179988,0.0764640462074534,0.06958367651871271,0.06409859307281522
2023-01-06,0.00999039824207267,0.06481576970753589,0.0642540564327256,0.07092943051399944,0.0805765465673381,0.07847677115843225,0.09582292440732576,0.08516057880179988,0.0764640462074534,0.06958367651871271,0.06409868707281523
2023-01-09,0.00999040924207267,0.06481576970753589,0.0642540564327256,0.07092550651399945,0.0805717655673381,0.07847677115843225,0.09583711340732576,0.08516057880179988,0.0764640462074534,0.0695730355187127,0.06409414107281522
2023-01-10,0.00999040924207267,0.06481576970753589,0.0642540564327256,0.07092943051399944,0.0805765465673381,0.07847677115843225,0.09583764740732575,0.08516057880179988,0.0764640462074534,0.0695783555187127,0.06409906507281522
2023-01-11,0.00999040924207267,0.06480922870753589,0.06424754843272559,0.07092943051399944,0.0805765465673381,0.07847677115843225,0.09583818140732575,0.08514784180179988,0.07645825820745339,0.06958367651871271,0.06409915907281523
2023-01-12,0.00999040924207267,0.06481249870753589,0.0642508024327256,0.07092943051399944,0.0805765465673381,0.07847677115843225,0.09583871640732575,0.08515420980179988,0.0764640462074534,0.06958367651871271,0.06409925307281522
2023-01-13,0.00999039824207267,0.06481576970753589,0.0642540564327256,0.07092943051399944,0.0805765465673381,0.07847677115843225,0.09582664440732575,0.08516057880179988,0.0764640462074534,0.06958367651871271,0.06409934807281523
2023-01-16,0.00999040924207267,0.06481576970753589,0.0642540564327256,0.07092550651399945,0.0805717655673381,0.07847677115843225,0.09584085440732576,0.08516057880179988,0.0764640462074534,0.0695730355187127,0.06409480107281522
2023-01-17,0.00999040924207267,0.06481576970753589,0.0642540564327256,0.07092943051399944,0.0805765465673381,0.07847677115843225,0.09584138840732576,0.08516057880179988,0.0764524722074534,0.0695783555187127,0.06409972507281522
2023-01-18,0.00999040924207267,0.06480922870753589,0.06424754843272559,0.07092943051399944,0.0805765465673381,0.07847677115843225,0.09584192340732575,0.08514784180179988,0.07645825820745339,0.06958367651871271,0.06409981907281523
2023-01-19,0.009990370242072671,0.06481249870753589,0.0642508024327256,0.07092943051399944,0.0805765465673381,0.07847677115843225,0.09584245840732575,0.08515420980179988,0.0764640462074534,0.06958367651871271,0.06409991307281522
2023-01-27,0.00999039824207267,0.06481576970753589,0.0642540564327256,0.07092943051399944,0.0805765465673381,0.07847677115843225,0.09583408640732577,0.08511603180179989,0.0764640462074534,0.06958367651871271,0.06410066807281523
2023-01-30,0.00999040924207267,0.06482231270753588,0.0642540564327256,0.07091373751399946,0.0805717655673381,0.07847677115843225,0.09584833840732576,0.08513511280179988,0.0764640462074534,0.0695730355187127,0.06409612107281522
2023-01-31,0.00999040924207267,0.06482558470753588,0.0642540564327256,0.07091765951399945,0.0805765465673381,0.07847677115843225,0.09584887340732576,0.08514147680179988,0.0764524722074534,0.0695783555187127,0.06410104507281522
2023-02-01,0.00999040924207267,0.06482558470753588,0.06424754843272559,0.07092158251399945,0.0805765465673381,0.07847677115843225,0.09584940740732575,0.08514784180179988,0.07645825820745339,0.06958367651871271,0.06410113907281523
2023-02-02,0.00999040924207267,0.06482558470753588,0.0642508024327256,0.07092550651399945,0.0805765465673381,0.07847677115843225,0.09584994240732575,0.08515420980179988,0.0764640462074534,0.06958367651871271,0.06410123407281522
2023-02-03,0.00999039824207267,0.06482558470753588,0.0642540564327256,0.07092943051399944,0.0805765465673381,0.07847677115843225,0.09583780740732575,0.08516057880179988,0.0764640462074534,0.06958367651871271,0.06410132807281523
2023-02-06,0.00999040924207267,0.06482558470753588,0.0642540564327256,0.07092550651399945,0.0805717655673381,0.07847677115843225,0.09585208140732576,0.08516057880179988,0.0764640462074534,0.0695730355187127,0.06409678007281522
2023-02-07,0.00999040924207267,0.06482558470753588,0.0642540564327256,0.07092943051399944,0.0805765465673381,0.07847677115843225,0.09585261540732576,0.08516057880179988,0.0764524722074534,0.0695783555187127,0.06410170507281522
2023-02-08,0.00999040924207267,0.06482558470753588,0.06424754843272559,0.07093335551399946,0.0805765465673381,0.07847677115843225,0.09580873840732576,0.08514784180179988,0.07645825820745339,0.06958367651871271,0.06410180007281523
2023-02-09,0.00999040924207267,0.06482558470753588,0.0642508024327256,0.07093335551399946,0.0805765465673381,0.07847677115843225,0.09581561140732575,0.08515420980179988,0.0764640462074534,0.06958367651871271,0.06410189407281522
2023-02-10,0.00999039824207267,0.06482558470753588,0.0642540564327256,0.07093335551399946,0.0805765465673381,0.07847677115843225,0.09582248640732577,0.08516057880179988,0.0764640462074534,0.06958367651871271,0.06410198807281522
2023-02-13,0.00999040924207267,0.06482558470753588,0.0642540564327256,0.07092550651399945,0.0805717655673381,0.07847677115843225,0.09584312440732576,0.08516057880179988,0.0764640462074534,0.0695730355187127,0.06409744007281522
2023-02-14,0.00999040924207267,0.06482558470753588,0.0642540564327256,0.07092943051399944,0.0805765465673381,0.07847677115843225,0.09585000840732574,0.08516057880179988,0.07641200620745339,0.0695783555187127,0.06410236607281522
2023-02-15,0.00999040924207267,0.06482558470753588,0.06424754843272559,0.07093335551399946,0.0805765465673381,0.07847677115843225,0.09585689340732576,0.08514784180179988,0.07641778220745339,0.06958367651871271,0.06410246007281523
2023-02-16,0.00999040924207267,0.06482558470753588,0.0642508024327256,0.07093335551399946,0.0805765465673381,0.07847677115843225,0.09585742840732575,0.08515420980179988,0.07642356120745339,0.06958367651871271,0.06410255407281522
2023-02-17,0.00999039824207267,0.06482558470753588,0.0642540564327256,0.07093335551399946,0.0805765465673381,0.07847677115843225,0.09584525140732575,0.08516057880179988,0.0764293402074534,0.06958367651871271,0.06410264907281522
2023-02-20,0.00999040924207267,0.06482558470753588,0.0642540564327256,0.07092550651399945,0.0805717655673381,0.07847677115843225,0.09585956740732576,0.08516057880179988,0.07644668720745339,0.0695730355187127,0.06409810007281522
2023-02-21,0.00999040924207267,0.06482558470753588,0.0642540564327256,0.07092943051399944,0.0805765465673381,0.07847677115843225,0.09586010240732576,0.08516057880179988,0.0764524722074534,0.0695783555187127,0.06410302607281522
2023-02-22,0.00999040924207267,0.06482558470753588,0.06424754843272559,0.07093335551399946,0.0805765465673381,0.07847677115843225,0.09586063740732575,0.08514784180179988,0.07645825820745339,0.06958367651871271,0.06410312007281523
2023-02-23,0.00999040924207267,0.06482558470753588,0.0642508024327256,0.07093335551399946,0.0805765465673381,0.07847677115843225,0.09586117140732575,0.08515420980179988,0.0764640462074534,0.06958367651871271,0.06410321407281522
2023-02-24,0.00999039824207267,0.06482558470753588,0.0642540564327256,0.07093335551399946,0.0805765465673381,0.07847677115843225,0.09584897440732576,0.08516057880179988,0.0764640462074534,0.06958367651871271,0.06410330907281522
2023-02-27,0.00999040924207267,0.06482558470753588,0.0642540564327256,0.07092550651399945,0.0805717655673381,0.07847677115843225,0.09586331140732576,0.08516057880179988,0.0764640462074534,0.0695730355187127,0.06409876007281522
2023-02-28,0.00999040924207267,0.06482558470753588,0.0642540564327256,0.07092943051399944,0.0805765465673381,0.07847677115843225,0.09586384640732576,0.08516057880179988,0.0764524722074534,0.0695783555187127,0.06410368607281522
2023-03-01,0.00999040924207267,0.06480922870753589,0.0642377904327256,0.07092158251399945,0.0805431035673381,0.07846732115843225,0.09585800740732575,0.08514784180179988,0.07645825820745339,0.06958367651871271,0.06409894807281523
2023-03-02,0.00999040924207267,0.06481249870753589,0.0642410424327256,0.07092158251399945,0.0805478785673381,0.07845787415843225,0.09584578840732574,0.08515420980179988,0.0764640462074534,0.06958367651871271,0.06409904307281522
2023-03-03,0.00999039824207267,0.06481576970753589,0.0642442954327256,0.07091373751399946,0.0805526535673381,0.07846259715843225,0.09585269740732574,0.08516057880179988,0.0764640462074534,0.06958367651871271,0.06409913707281523
2023-03-06,0.00999040924207267,0.06481576970753589,0.0642410424327256,0.07092158251399945,0.0783773285673381,0.07631366315843226,0.09586067440732576,0.08341329080179988,0.07482212520745339,0.0680247025187127,0.06263369607281523
2023-03-07,0.00999040924207267,0.06481576970753589,0.0642442954327256,0.07092158251399945,0.0783773285673381,0.07631366315843226,0.09586120740732576,0.08341329080179988,0.0748110922074534,0.06802978251871271,0.06263378807281522
2023-03-08,0.00999040924207267,0.06480922870753589,0.06424754843272559,0.07092158251399945,0.0783773285673381,0.07631366315843226,0.09586174140732576,0.08340116980179987,0.0748166082074534,0.0680348635187127,0.06263388007281523
2023-03-09,0.00999040924207267,0.06481249870753589,0.06424754843272559,0.07092158251399945,0.07836846156733811,0.07630488715843226,0.09584950140732576,0.08340722980179988,0.07482212520745339,0.0680348635187127,0.06263397207281522
2023-03-10,0.00999039824207267,0.06481576970753589,0.06424754843272559,0.07091373751399946,0.0783728945673381,0.07630927515843225,0.09585642040732575,0.08341329080179988,0.07482212520745339,0.0680348635187127,0.06263406407281523
2023-03-13,0.00999040924207267,0.06481576970753589,0.0642410424327256,0.07092158251399945,0.0783773285673381,0.07631366315843226,0.09399982040732577,0.08341329080179988,0.07482212520745339,0.0680247025187127,0.06263434107281522
2023-03-14,0.00999040924207267,0.06481576970753589,0.0642442954327256,0.07092158251399945,0.0783773285673381,0.07631366315843226,0.09400033940732574,0.08341329080179988,0.0748110922074534,0.06802978251871271,0.06263443307281523
2023-03-15,0.00999040924207267,0.06480922870753589,0.06424754843272559,0.07092158251399945,0.0783773285673381,0.07631366315843226,0.09400085940732575,0.08340116980179987,0.0748166082074534,0.0680348635187127,0.06263452507281522
2023-03-16,0.00999040924207267,0.06481249870753589,0.06424754843272559,0.07092158251399945,0.07836846156733811,0.07630488715843226,0.09398925740732575,0.08340722980179988,0.07482212520745339,0.0680348635187127,0.06263461707281523
2023-03-17,0.00999039824207267,0.06481576970753589,0.06424754843272559,0.07091373751399946,0.0783728945673381,0.07630927515843225,0.09399583640732576,0.08341329080179988,0.07482212520745339,0.0680348635187127,0.06263470907281522
2023-03-20,0.00999040924207267,0.06481576970753589,0.0642410424327256,0.07092158251399945,0.0783773285673381,0.07631366315843226,0.09400345740732577,0.08341329080179988,0.07482212520745339,0.0680247025187127,0.06263498507281523
2023-03-21,0.00999040924207267,0.06481576970753589,0.0642442954327256,0.07092158251399945,0.0783773285673381,0.07631366315843226,0.09400397640732575,0.08341329080179988,0.0748110922074534,0.06802978251871271,0.06263507707281522
2023-03-22,0.00999040924207267,0.06480922870753589,0.06424754843272559,0.07092158251399945,0.0783773285673381,0.07631366315843226,0.09400449640732575,0.08340116980179987,0.0748166082074534,0.0680348635187127,0.06263516907281523
2023-03-23,0.00999040924207267,0.06481249870753589,0.06424754843272559,0.07092158251399945,0.07836846156733811,0.07630488715843226,0.09399287440732576,0.08340722980179988,0.07482212520745339,0.0680348635187127,0.06263526107281522
2023-03-24,0.00999039824207267,0.06481576970753589,0.06424754843272559,0.07091373751399946,0.0783728945673381,0.07630927515843225,0.09399946340732576,0.08341329080179988,0.07482212520745339,0.0680348635187127,0.06263535307281523
2023-03-27,0.00999040924207267,0.06481576970753589,0.0642410424327256,0.07092158251399945,0.0783773285673381,0.07631366315843226,0.09400709440732577,0.08341329080179988,0.07482212520745339,0.0680247025187127,0.06263563007281522
2023-03-28,0.00999040924207267,0.06481576970753589,0.0642442954327256,0.07092158251399945,0.0783773285673381,0.07631366315843226,0.09400761440732575,0.08341329080179988,0.0748110922074534,0.06802978251871271,0.06263572207281523
2023-03-29,0.00999040924207267,0.06479942270753589,0.06424754843272559,0.07092158251399945,0.0783773285673381,0.07631366315843226,0.09400813340732575,0.08340116980179987,0.0748166082074534,0.0680348635187127,0.06263581407281522
2023-03-30,0.00999040924207267,0.06480269070753589,0.06424754843272559,0.07092158251399945,0.07836846156733811,0.07630106115843226,0.09399649140732574,0.08340722980179988,0.07482212520745339,0.0680348635187127,0.06263590607281523
2023-03-31,0.00999039824207267,0.06480595970753589,0.06424754843272559,0.07092550651399945,0.0783728945673381,0.07630544915843225,0.09400309040732577,0.08341329080179988,0.07482212520745339,0.0680348635187127,0.06263599807281522
2023-04-03,0.00999040924207267,0.06481576970753589,0.0642410424327256,0.07092550651399945,0.0783817635673381,0.07631479615843224,0.09401073240732577,0.08341329080179988,0.07482212520745339,0.0680247025187127,0.06263627407281523
2023-04-04,0.00949041124207267,0.06481904070753589,0.0642442954327256,0.07092550651399945,0.0783817635673381,0.07631536215843225,0.09401125140732575,0.08341329080179988,0.0748110922074534,0.06802978251871271,0.06263636607281522
2023-04-05,0.00949041124207267,0.06481904070753589,0.06424754843272559,0.07092550651399945,0.0783817635673381,0.07631592915843224,0.09401177140732575,0.08339511180179988,0.0748166082074534,0.0680348635187127,0.06263645807281523
2023-04-06,0.00949041124207267,0.06481249870753589,0.06424754843272559,0.07092550651399945,0.0783817635673381,0.07630882315843225,0.09400010840732576,0.08340116980179987,0.07482212520745339,0.0680348635187127,0.06263655007281523
2023-04-07,0.009490405242072671,0.06481576970753589,0.06424754843272559,0.07092550651399945,0.0783728945673381,0.07631322515843225,0.09400671840732575,0.08340722980179988,0.07482212520745339,0.0680348635187127,0.06263664307281523
2023-04-10,0.00949041124207267,0.06481904070753589,0.0642410424327256,0.07092550651399945,0.0783817635673381,0.07631876115843225,0.09401437040732574,0.08341329080179988,0.07482212520745339,0.0680247025187127,0.06263691907281523
2023-04-11,0.00949041124207267,0.06481904070753589,0.0642442954327256,0.07092550651399945,0.0783817635673381,0.07631932815843225,0.09401488940732575,0.08341329080179988,0.0748110922074534,0.06802978251871271,0.06263701107281523
2023-04-12,0.00949041124207267,0.06481904070753589,0.06424754843272559,0.07092550651399945,0.0783817635673381,0.07631989415843225,0.09401540940732575,0.08340116980179987,0.0748166082074534,0.0680348635187127,0.06263710307281523
2023-04-13,0.00949041124207267,0.06481249870753589,0.06424754843272559,0.07092550651399945,0.0783817635673381,0.07631275915843225,0.09400372640732577,0.08340722980179988,0.07482212520745339,0.0680348635187127,0.06263719507281523
2023-04-14,0.009490405242072671,0.06481576970753589,0.06424754843272559,0.07092550651399945,0.0783728945673381,0.07631717615843225,0.09401034640732575,0.08341329080179988,0.07482212520745339,0.0680348635187127,0.06263728707281523
2023-04-17,0.00949041124207267,0.06481904070753589,0.0642410424327256,0.07092550651399945,0.0783817635673381,0.07632272715843225,0.09401800840732574,0.08341329080179988,0.07482212520745339,0.0680247025187127,0.06263756307281522
2023-04-18,0.00949041124207267,0.06481904070753589,0.0642442954327256,0.07092550651399945,0.0783817635673381,0.07632329315843225,0.09401242040732577,0.08341329080179988,0.0748110922074534,0.06802978251871271,0.06263765507281523
2023-04-19,0.00949041124207267,0.06481904070753589,0.06424754843272559,0.07092550651399945,0.0783817635673381,0.07632386015843225,0.09401904840732575,0.08340116980179987,0.0748166082074534,0.0680348635187127,0.06263774807281523
2023-04-20,0.00949041124207267,0.06481249870753589,0.06424754843272559,0.07092550651399945,0.0783817635673381,0.07631669615843226,0.09400734540732575,0.08340722980179988,0.07482212520745339,0.0680348635187127,0.06263784007281523
2023-04-21,0.009490405242072671,0.06481576970753589,0.06424754843272559,0.07092550651399945,0.0783728945673381,0.07632112715843226,0.09401397540732576,0.08341329080179988,0.07482212520745339,0.0680348635187127,0.06263793207281522
2023-04-24,0.00949041124207267,0.06481904070753589,0.0642410424327256,0.07092550651399945,0.0783817635673381,0.07632669315843225,0.09402164740732577,0.08341329080179988,0.07482212520745339,0.0680247025187127,0.06263820807281523
2023-04-25,0.00949041124207267,0.06481904070753589,0.0642442954327256,0.07092550651399945,0.0783817635673381,0.07632726015843225,0.09402216740732575,0.08341329080179988,0.0748055772074534,0.06802978251871271,0.06263830007281522
2023-04-26,0.00949041124207267,0.06481904070753589,0.06424754843272559,0.07092550651399945,0.0783817635673381,0.07632782715843225,0.09402268740732575,0.08341329080179988,0.0748110922074534,0.0680348635187127,0.06263839207281523
2023-04-27,0.00949041124207267,0.06481249870753589,0.06424754843272559,0.07092550651399945,0.0783817635673381,0.07632063415843225,0.09399259540732577,0.08340722980179988,0.0748166082074534,0.0680348635187127,0.06263848407281522
2023-04-28,0.00949039624207267,0.06481576970753589,0.06424754843272559,0.07092550651399945,0.0783728945673381,0.07632508015843226,0.09399923240732574,0.08341329080179988,0.07482212520745339,0.0680348635187127,0.06263857607281523
2023-05-04,0.00949041124207267,0.06481249870753589,0.06424754843272559,0.07092158251399945,0.07836846156733811,0.07632457215843225,0.09402684640732575,0.08340722980179988,0.07482212520745339,0.0680348635187127,0.06263912907281523
2023-05-05,0.009490405242072671,0.06481576970753589,0.06424754843272559,0.07091373751399946,0.0783728945673381,0.07632903215843224,0.09402123340732577,0.08341329080179988,0.07482212520745339,0.0680348635187127,0.06263922107281522
2023-05-08,0.00949041124207267,0.06481576970753589,0.0642410424327256,0.07092158251399945,0.0783773285673381,0.07630334415843225,0.09402892640732577,0.08341329080179988,0.07482212520745339,0.0680247025187127,0.06263949707281523
2023-05-09,0.00949041124207267,0.06481576970753589,0.0642442954327256,0.07092158251399945,0.0783773285673381,0.07630781615843225,0.09402944640732575,0.08341329080179988,0.0748110922074534,0.06802978251871271,0.06263958907281522
2023-05-10,0.00949041124207267,0.06480922870753589,0.06424754843272559,0.07092158251399945,0.0783773285673381,0.07631228915843224,0.09402996640732575,0.08340116980179987,0.0748166082074534,0.0680348635187127,0.06263968107281523
2023-05-11,0.00949041124207267,0.06182493970753588,0.0612711764327256,0.06796076251399945,0.07836846156733811,0.07631676415843225,0.09401820140732575,0.08340722980179988,0.07482212520745339,0.0680348635187127,0.06263977307281522
2023-05-12,0.009490405242072671,0.06182782370753588,0.0612711764327256,0.06795375851399946,0.0783728945673381,0.07632124115843225,0.09402486240732574,0.08297551280179988,0.07482212520745339,0.0680348635187127,0.06263986607281523
2023-05-15,0.00949041124207267,0.06182782370753588,0.0612654384327256,0.06796076251399945,0.0776485005673381,0.07561580515843225,0.09403256640732577,0.08297551280179988,0.07482212520745339,0.0680247025187127,0.06264014207281522
2023-05-16,0.00949041124207267,0.06182782370753588,0.0612683074327256,0.06796076251399945,0.0776485005673381,0.07561636315843225,0.09403308640732574,0.08297551280179988,0.0748110922074534,0.06802978251871271,0.06264023407281523
2023-05-17,0.00949041124207267,0.06182205770753588,0.0612711764327256,0.06796076251399945,0.0776485005673381,0.07560928015843225,0.09403360640732575,0.08296354380179988,0.0748166082074534,0.0680348635187127,0.06264032607281522
2023-05-18,0.00949041124207267,0.06182493970753588,0.0612711764327256,0.06796076251399945,0.0776398575673381,0.07561365715843225,0.09402182140732576,0.08296952780179988,0.07482212520745339,0.0680348635187127,0.06264041807281523
2023-05-19,0.009490405242072671,0.06182782370753588,0.0612711764327256,0.06795375851399946,0.0776441785673381,0.07561803615843225,0.09402849240732575,0.08297551280179988,0.07482212520745339,0.0680348635187127,0.06264051007281522
2023-05-22,0.00949041124207267,0.06182782370753588,0.0612654384327256,0.06796076251399945,0.0783773285673381,0.07633863415843226,0.09403620640732577,0.08297551280179988,0.07482212520745339,0.0680247025187127,0.06264078607281523
2023-05-23,0.00949041124207267,0.06182782370753588,0.0612683074327256,0.06796076251399945,0.0783773285673381,0.07633919815843225,0.09403672640732574,0.08297551280179988,0.0748110922074534,0.06802978251871271,0.06264087907281522
2023-05-24,0.00949041124207267,0.06182205770753588,0.0612711764327256,0.06796076251399945,0.0783773285673381,0.07633188715843225,0.09403724640732575,0.08296354380179988,0.0748166082074534,0.0680348635187127,0.06264097107281523
2023-05-25,0.00949041124207267,0.056843935707535875,0.0563072624327256,0.06302114751399945,0.07836846156733811,0.07633638915843224,0.09402544140732574,0.08296952780179988,0.07482212520745339,0.0680348635187127,0.06264106307281522
2023-05-26,0.009490405242072671,0.056846227707535876,0.0563072624327256,0.06301543951399945,0.07545641356733811,0.07322260715843225,0.09403212240732575,0.07945942280179988,0.0715138182074534,0.06490815051871271,0.05967670907281522
2023-05-29,0.00949041124207267,0.056846227707535876,0.0563026994327256,0.06302114751399945,0.0754604085673381,0.07322420915843225,0.09029803240732576,0.07945942280179988,0.0715138182074534,0.0648989295187127,0.05967697207281522
2023-05-30,0.00949041124207267,0.056846227707535876,0.056304981432725595,0.06302114751399945,0.0754604085673381,0.07322825115843225,0.09029852540732575,0.07945942280179988,0.0715038392074534,0.06490353951871271,0.05967706007281522
2023-05-31,0.00949041124207267,0.05684852070753588,0.0563072624327256,0.06302114751399945,0.0754644045673381,0.07323229415843226,0.09029901740732577,0.07944864280179988,0.07150882820745338,0.06490815051871271,0.059677148072815225
2023-06-01,0.00949041124207267,0.056843935707535875,0.0563072624327256,0.06300973351399945,0.0754644045673381,0.07323283215843225,0.09028847240732576,0.07945403180179988,0.0715138182074534,0.06490815051871271,0.05967723507281522
2023-06-02,0.009490405242072671,0.056846227707535876,0.0563072624327256,0.06301258651399945,0.07545641356733811,0.07322634615843225,0.09029448140732577,0.07945942280179988,0.0715138182074534,0.06490815051871271,0.059677323072815223
2023-06-05,0.00949041124207267,0.05684852070753588,0.0563026994327256,0.06302114751399945,0.0754644045673381,0.07323498515843226,0.09030147840732575,0.07945942280179988,0.0715138182074534,0.0648989295187127,0.059677586072815224
2023-06-06,0.00949041124207267,0.05684852070753588,0.056304981432725595,0.06302114751399945,0.0754644045673381,0.07323552315843225,0.09030197040732577,0.07945942280179988,0.0715038392074534,0.06490353951871271,0.059677674072815226
2023-06-07,0.00949041124207267,0.05684852070753588,0.0563072624327256,0.06302114751399945,0.0754644045673381,0.07323606115843224,0.09030246240732576,0.07944864280179988,0.07150882820745338,0.06490815051871271,0.05967776107281522
2023-06-08,0.00949041124207267,0.056843935707535875,0.0563072624327256,0.06302114751399945,0.0754644045673381,0.07323659915843225,0.09029189840732577,0.07945403180179988,0.0715138182074534,0.06490815051871271,0.059677849072815224
2023-06-09,0.009490405242072671,0.056846227707535876,0.0563072624327256,0.06301543951399945,0.07545641356733811,0.07323008515843225,0.09029791740732576,0.07945942280179988,0.0715138182074534,0.06490815051871271,0.05967793707281522
2023-06-12,0.00949041124207267,0.05684852070753588,0.0563026994327256,0.06302114751399945,0.0754644045673381,0.07323875215843224,0.09030492340732577,0.07945942280179988,0.0715138182074534,0.0648989295187127,0.05967820007281522
2023-06-13,0.00949041124207267,0.05684852070753588,0.056304981432725595,0.06302114751399945,0.0754644045673381,0.07323929015843225,0.09030541640732576,0.07945942280179988,0.0715038392074534,0.06490353951871271,0.05967828707281522
2023-06-14,0.00949041124207267,0.05684852070753588,0.0563072624327256,0.06302114751399945,0.0754644045673381,0.07323982815843225,0.09030590840732575,0.07944864280179988,0.07150882820745338,0.06490815051871271,0.059678375072815225
2023-06-15,0.00949041124207267,0.056843935707535875,0.0563072624327256,0.06302114751399945,0.0754644045673381,0.07324036615843225,0.09029532540732577,0.07945403180179988,0.0715138182074534,0.06490815051871271,0.05967846307281522
2023-06-16,0.009490405242072671,0.056846227707535876,0.0563072624327256,0.06301543951399945,0.07545641356733811,0.07323382415843226,0.09030135340732576,0.07945942280179988,0.0715138182074534,0.06490815051871271,0.05967855007281522
2023-06-19,0.00949041124207267,0.053359774707535876,0.052826251432725596,0.06054903151399945,0.0730300075673381,0.07083760915843225,0.09030837040732576,0.07769206280179988,0.0701256072074534,0.06292525951871271,0.057803396072815226
2023-06-20,0.00949041124207267,0.053359774707535876,0.052828161432725604,0.06054903151399945,0.0730300075673381,0.07083812315843226,0.08796270140732576,0.07769206280179988,0.0701160552074534,0.06292958351871271,0.05780348107281522
2023-06-21,0.00949041124207267,0.04987002870753588,0.0493508584327256,0.05807537351399945,0.07059263556733811,0.06842933315843225,0.08796317540732576,0.07546453380179988,0.06732735920745339,0.0609439525187127,0.055910385072815226
2023-06-22,0.00949041124207267,0.049866874707535876,0.0493508584327256,0.05807537351399945,0.07059263556733811,0.06842982315843225,0.08560237840732576,0.07546928580179987,0.0673317192074534,0.0609439525187127,0.055910467072815224
2023-06-23,0.009490405242072671,0.04986845170753588,0.0493508584327256,0.05807083151399945,0.0705860105673381,0.06842447115843225,0.08560760940732576,0.07547403980179988,0.0673317192074534,0.0609439525187127,0.05591054907281522
2023-06-26,0.00949041124207267,0.04987002870753588,0.04934771543272559,0.05807537351399945,0.07059263556733811,0.06843178415843225,0.08561375740732576,0.07547403980179988,0.0673317192074534,0.060935861518712706,0.055910795072815225
2023-06-27,0.00949041124207267,0.04987002870753588,0.0493492874327256,0.05807537351399945,0.07059263556733811,0.06843227515843225,0.08561421440732575,0.07547403980179988,0.0673230002074534,0.06093990651871271,0.055910877072815224
2023-06-28,0.00949041124207267,0.04987002870753588,0.0493508584327256,0.05807537351399945,0.07059263556733811,0.06843276515843225,0.08561467240732576,0.07546453380179988,0.06732735920745339,0.0609439525187127,0.05591095907281522
2023-06-29,0.00949041124207267,0.049866874707535876,0.0493508584327256,0.05807537351399945,0.07059263556733811,0.06843325515843225,0.08560556140732575,0.07546928580179987,0.0673317192074534,0.0609439525187127,0.05591104107281522
2023-06-30,0.009490405242072671,0.04986845170753588,0.0493508584327256,0.05807083151399945,0.0705834235673381,0.06842787815843225,0.08561080140732576,0.07547403980179988,0.0673317192074534,0.0609439525187127,0.055911123072815226
2023-07-03,0.00949041124207267,0.04986845170753588,0.0493461444327256,0.05807537351399945,0.07059078956733811,0.06843227815843225,0.08561695840732575,0.07547403980179988,0.0673317192074534,0.060935861518712706,0.05591136907281522
2023-07-04,0.00949041124207267,0.04986845170753588,0.04934771543272559,0.05807537351399945,0.0705915225673381,0.06843276715843225,0.08561741540732576,0.07547403980179988,0.0673230002074534,0.06093990651871271,0.05591145107281522
2023-07-05,0.00949041124207267,0.04986529670753588,0.0493492874327256,0.05807537351399945,0.0705922565673381,0.06843325515843225,0.08561787340732575,0.07546453380179988,0.06732735920745339,0.0609439525187127,0.055911533072815225
2023-07-06,0.00949041124207267,0.049866874707535876,0.0493492874327256,0.05807537351399945,0.0705877765673381,0.06842785115843225,0.08560874440732576,0.07546928580179987,0.0673317192074534,0.0609439525187127,0.055911615072815224
2023-07-07,0.009490405242072671,0.04986845170753588,0.0493492874327256,0.05807083151399945,0.0705911155673381,0.06843128515843225,0.08561399340732576,0.07547403980179988,0.0673317192074534,0.0609439525187127,0.05591169707281522
2023-07-10,0.00949041124207267,0.04986845170753588,0.04934771543272559,0.05807537351399945,0.0705959235673381,0.06843569815843226,0.08562015940732576,0.07547403980179988,0.0673317192074534,0.060935861518712706,0.055911943072815225
2023-07-11,0.00949041124207267,0.04986845170753588,0.0493492874327256,0.05807537351399945,0.0705966565673381,0.06843618715843225,0.08562061740732577,0.07547403980179988,0.0673230002074534,0.06093990651871271,0.05591202507281522
2023-07-12,0.00949041124207267,0.04986529670753588,0.0493492874327256,0.05807537351399945,0.0705973905673381,0.06843667515843226,0.08562107440732575,0.07546453380179988,0.06732735920745339,0.0609439525187127,0.05591210707281522
2023-07-13,0.00949041124207267,0.049866874707535876,0.0493492874327256,0.05807537351399945,0.0705928545673381,0.06843124615843225,0.08561192840732576,0.07546928580179987,0.0673317192074534,0.0609439525187127,0.05591218907281522
2023-07-14,0.009490405242072671,0.04986845170753588,0.0493492874327256,0.05807083151399945,0.07059622156733811,0.06843469315843224,0.08561718640732575,0.07547403980179988,0.0673317192074534,0.0609439525187127,0.055912271072815226
2023-07-17,0.00949041124207267,0.04986845170753588,0.04934771543272559,0.05807537351399945,0.0706010575673381,0.06843911915843225,0.08562336140732577,0.07547403980179988,0.0673317192074534,0.060935861518712706,0.05591251707281522
2023-07-18,0.00949041124207267,0.04986845170753588,0.0493492874327256,0.05807537351399945,0.0706017915673381,0.06843664015843225,0.08562381840732575,0.07547403980179988,0.0673230002074534,0.06093990651871271,0.05591259907281522
2023-07-19,0.00949041124207267,0.04986529670753588,0.0493492874327256,0.05807537351399945,0.0706025255673381,0.06844009615843225,0.08562427640732576,0.07546453380179988,0.06732735920745339,0.0609439525187127,0.055912681072815225
2023-07-20,0.00949041124207267,0.049866874707535876,0.0493492874327256,0.05807537351399945,0.07059793456733811,0.06843464215843226,0.08561511140732575,0.07546928580179987,0.0673317192074534,0.0609439525187127,0.05591276307281522
2023-07-21,0.009490405242072671,0.048871288707535876,0.0483549454327256,0.05807083151399945,0.0706013295673381,0.06843810115843225,0.08562037940732575,0.07480670980179988,0.0673317192074534,0.0609439525187127,0.05591284607281522
2023-07-24,0.00949041124207267,0.048871288707535876,0.048353464432725604,0.05807537351399945,0.0706061935673381,0.06844254015843225,0.08562656340732576,0.07480670980179988,0.0673317192074534,0.060935861518712706,0.055913092072815224
2023-07-25,0.00949041124207267,0.048871288707535876,0.0483549454327256,0.05807537351399945,0.0706069275673381,0.06844302915843226,0.08562702040732575,0.07480670980179988,0.0673230002074534,0.06093990651871271,0.05591317407281522
2023-07-26,0.00949041124207267,0.04886831670753588,0.0483549454327256,0.05807537351399945,0.0706076615673381,0.06844351715843225,0.08562747840732576,0.07479740980179989,0.06732735920745339,0.0609439525187127,0.05591325607281522
2023-07-27,0.00949041124207267,0.04886980270753588,0.0483549454327256,0.05807537351399945,0.0706030145673381,0.06842907515843225,0.08561829640732575,0.07480205880179988,0.0673317192074534,0.0609439525187127,0.055913338072815226
2023-07-28,0.009490405242072671,0.048871288707535876,0.0483549454327256,0.05807083151399945,0.0706064375673381,0.06843254515843225,0.08562357240732577,0.07480670980179988,0.0673317192074534,0.0609439525187127,0.055913420072815224
2023-07-31,0.00949041124207267,0.048871288707535876,0.048353464432725604,0.05807537351399945,0.07061133056733811,0.06844297115843224,0.08562976540732575,0.07480670980179988,0.0673317192074534,0.060935861518712706,0.05591366607281522
2023-08-01,0.00949041124207267,0.04886534570753588,0.0483549454327256,0.05807537351399945,0.0706120645673381,0.06844645015843225,0.08563022340732576,0.07480670980179988,0.0673230002074534,0.06093990651871271,0.055913748072815225
2023-08-02,0.00949041124207267,0.04886683070753588,0.0483564264327256,0.05807537351399945,0.0706127985673381,0.06844993215843224,0.08563068040732576,0.07479740980179989,0.06732735920745339,0.0609439525187127,0.055913830072815224
2023-08-03,0.00949041124207267,0.04886831670753588,0.0483564264327256,0.05807537351399945,0.0706080965673381,0.06845042215843225,0.08562148040732576,0.07480205880179988,0.0673317192074534,0.0609439525187127,0.05591391207281522
2023-08-04,0.009490405242072671,0.04886980270753588,0.0483564264327256,0.05807083151399945,0.0706115475673381,0.06845091315843226,0.08562676540732575,0.07480670980179988,0.0673317192074534,0.0609439525187127,0.05591399407281522
2023-08-07,0.00949041124207267,0.048871288707535876,0.048353464432725604,0.05807537351399945,0.0706164685673381,0.06845238515843224,0.08563296840732576,0.07480670980179988,0.0673317192074534,0.060935861518712706,0.05591424007281522
2023-08-08,0.00949041124207267,0.048871288707535876,0.0483549454327256,0.05807537351399945,0.0705979405673381,0.06845287615843225,0.08563342540732576,0.07480670980179988,0.0673230002074534,0.06093990651871271,0.05591432207281522
2023-08-09,0.00949041124207267,0.04886831670753588,0.0483564264327256,0.05807537351399945,0.0706014195673381,0.06845336615843226,0.08563388340732575,0.07479740980179989,0.06732735920745339,0.0609439525187127,0.05591440407281522
2023-08-10,0.00949041124207267,0.04886980270753588,0.0483564264327256,0.05807537351399945,0.0706049005673381,0.06845385715843225,0.08562466540732576,0.07480205880179988,0.0673317192074534,0.0609439525187127,0.055914486072815225
2023-08-11,0.009490405242072671,0.048871288707535876,0.0483564264327256,0.05807083151399945,0.0706083835673381,0.06844832815843226,0.08562995940732576,0.07480670980179988,0.0673317192074534,0.0609439525187127,0.055914568072815224
2023-08-14,0.00949041124207267,0.048871288707535876,0.048353464432725604,0.05807537351399945,0.0706188485673381,0.06845582015843225,0.08563617140732575,0.07480670980179988,0.0673317192074534,0.060935861518712706,0.05591481407281522
2023-08-15,0.00949041124207267,0.048871288707535876,0.0483549454327256,0.05807537351399945,0.0706223415673381,0.06845631115843225,0.08563662840732575,0.07480670980179988,0.0673230002074534,0.06093990651871271,0.055914896072815225
2023-08-16,0.00949041124207267,0.04886831670753588,0.0483564264327256,0.05807537351399945,0.0706230755673381,0.06845680215843225,0.08563708640732576,0.07479740980179989,0.06732735920745339,0.0609439525187127,0.05591497807281522
2023-08-17,0.00949041124207267,0.04886980270753588,0.0483564264327256,0.05807537351399945,0.07061826256733811,0.06845729215843226,0.08562785040732576,0.07480205880179988,0.0673317192074534,0.0609439525187127,0.05591506007281522
2023-08-18,0.009490405242072671,0.048871288707535876,0.0483564264327256,0.05807083151399945,0.07062176956733811,0.06845173915843225,0.08563315340732575,0.07480670980179988,0.0673317192074534,0.0609439525187127,0.05591514207281522
2023-08-21,0.00949041124207267,0.048871288707535876,0.048353464432725604,0.05807537351399945,0.0706267475673381,0.06845925615843225,0.08563937440732575,0.07480670980179988,0.0673317192074534,0.060935861518712706,0.05591538907281522
2023-08-22,0.00949041124207267,0.048871288707535876,0.0483549454327256,0.05807537351399945,0.0706274815673381,0.06845974715843225,0.08563983240732576,0.07480670980179988,0.0673317192074534,0.06093990651871271,0.05591547107281522
2023-08-23,0.009240412242072671,0.04587683570753588,0.0453721364327256,0.05510494751399945,0.0676975065673381,0.06556149015843225,0.08564028940732576,0.06965292180179988,0.062239293207453396,0.0577267045187127,0.050907239072815226
2023-08-24,0.009240412242072671,0.04587806470753587,0.0453721364327256,0.05510494751399945,0.0676932935673381,0.06556195215843225,0.08091013740732575,0.06965681380179989,0.06224294020745339,0.0556946935187127,0.05090731307281522
2023-08-25,0.00924040824207267,0.04587929370753588,0.0453721364327256,0.05510104251399945,0.0676964345673381,0.06555706015843225,0.08091468940732575,0.06966070780179988,0.06224294020745339,0.0556946935187127,0.050907388072815224
2023-08-28,0.009240412242072671,0.04587929370753588,0.0453696874327256,0.05510494751399945,0.0677009605673381,0.06556380015843224,0.08092008840732576,0.06966070780179988,0.06224294020745339,0.0556879945187127,0.050907611072815225
2023-08-29,0.009240412242072671,0.04587929370753588,0.0453709114327256,0.05510494751399945,0.06770165156733811,0.06556426215843225,0.08092051040732576,0.06966070780179988,0.062224712207453396,0.0556913435187127,0.05090768607281522
2023-08-30,0.009240412242072671,0.04587683570753588,0.0453721364327256,0.05510494751399945,0.0677048105673381,0.06556472415843224,0.08092093240732576,0.06964514080179987,0.06222835620745339,0.0556946935187127,0.05090776107281522
2023-08-31,0.00924040324207267,0.04587806470753587,0.0453721364327256,0.05510690051399945,0.0677079715673381,0.06556518615843225,0.08090480140732575,0.06964903080179988,0.0622320012074534,0.0556946935187127,0.050907835072815225
2023-09-05,0.009240412242072671,0.04588052170753588,0.0453709114327256,0.05510690051399945,0.0677114655673381,0.06556749615843226,0.08092346740732576,0.06966070780179988,0.06223564620745339,0.0556913435187127,0.05090820807281522
2023-09-06,0.009240412242072671,0.04588052170753588,0.0453721364327256,0.05510690051399945,0.0677121645673381,0.06556795815843225,0.08092388940732576,0.06965292180179988,0.062239293207453396,0.0556946935187127,0.050908282072815225
2023-09-07,0.009240412242072671,0.04587806470753587,0.0453721364327256,0.05510690051399945,0.0677128635673381,0.06556842015843226,0.08091601840732576,0.06965681380179989,0.06224294020745339,0.0556946935187127,0.05090835707281522
2023-09-08,0.00924040824207267,0.04587929370753588,0.0453721364327256,0.05510690051399945,0.0677135625673381,0.06556348115843225,0.08092058640732576,0.06966070780179988,0.06224294020745339,0.0556946935187127,0.05090843107281522
2023-09-11,0.009240412242072671,0.04588052170753588,0.0453696874327256,0.05510690051399945,0.0677156585673381,0.06557026815843225,0.08092600140732575,0.06966070780179988,0.06224294020745339,0.0556879945187127,0.05090865507281522
2023-09-12,0.009240412242072671,0.04588052170753588,0.0453709114327256,0.05510690051399945,0.0677163575673381,0.06557073015843225,0.08092642440732575,0.06966070780179988,0.06223564620745339,0.0556913435187127,0.050908730072815225
2023-09-13,0.009240412242072671,0.04588052170753588,0.0453721364327256,0.05436387051399945,0.0672279175673381,0.06508735415843225,0.08092684640732575,0.06897797180179988,0.061383672207453395,0.0544675125187127,0.04973496907281522
2023-09-14,0.009240412242072671,0.04587806470753587,0.0453721364327256,0.053620703513999446,0.0667393445673381,0.06460379215843225,0.08025613640732576,0.06898176980179987,0.061387206207453394,0.0544675125187127,0.04973504107281522
2023-09-15,0.00924040824207267,0.04587929370753588,0.0453721364327256,0.053620703513999446,0.0667400285673381,0.06459905015843224,0.07950244040732576,0.06898556780179987,0.061387206207453394,0.0544675125187127,0.04973511407281522
2023-09-18,0.009240412242072671,0.04588052170753588,0.0453696874327256,0.05287739751399945,0.06625266756733811,0.06412138715843226,0.07950762440732576,0.06830951580179988,0.06052926920745339,0.054461120518712706,0.049735333072815226
2023-09-19,0.009240412242072671,0.04588052170753588,0.0453709114327256,0.05213395451399945,0.0657638035673381,0.06363744015843226,0.07884405040732576,0.06830951580179988,0.06052242820745339,0.054464315518712704,0.04973540507281522
2023-09-20,0.009240412242072671,0.04588052170753588,0.0453721364327256,0.05213395451399945,0.0657644735673381,0.06363788315843225,0.07808506840732576,0.06830210680179988,0.060525848207453395,0.0544675125187127,0.049735478072815226
2023-09-21,0.009240412242072671,0.04587806470753587,0.0453721364327256,0.05213395451399945,0.0657651425673381,0.06363832615843225,0.07807796440732576,0.06830581080179987,0.06052926920745339,0.0544675125187127,0.04973555107281522
2023-09-22,0.00924040824207267,0.04587929370753588,0.0453721364327256,0.05213395451399945,0.0657658125673381,0.06363377715843226,0.07808211740732576,0.06830951580179988,0.06052926920745339,0.0544675125187127,0.049735624072815225
2023-09-25,0.009240412242072671,0.04588052170753588,0.0453696874327256,0.05213395451399945,0.0657678215673381,0.06364009715843225,0.07808707440732576,0.06830951580179988,0.06052926920745339,0.054461120518712706,0.04973584207281522
2023-09-26,0.009240412242072671,0.04588052170753588,0.0453709114327256,0.05213395451399945,0.0657684915673381,0.06364054015843225,0.07808747640732576,0.06830951580179988,0.06052242820745339,0.054464315518712704,0.049735915072815225
2023-09-27,0.009240412242072671,0.04588052170753588,0.0453721364327256,0.05213395451399945,0.0657691615673381,0.06364098315843225,0.07808787740732576,0.06830210680179988,0.060525848207453395,0.0544675125187127,0.04973598807281522
2023-09-28,0.009240412242072671,0.04587806470753587,0.0453721364327256,0.05213395451399945,0.06576983156733811,0.06364142615843225,0.07808075740732576,0.06830581080179987,0.06052926920745339,0.0544675125187127,0.049736060072815225
2023-09-29,0.00924040824207267,0.04587929370753588,0.0453721364327256,0.05213395451399945,0.0657705015673381,0.06363685415843225,0.07808491840732576,0.06830951580179988,0.06052926920745339,0.0544675125187127,0.04973613307281522
2023-10-02,0.009240412242072671,0.04587929370753588,0.0453696874327256,0.05213333051399945,0.06577014756733811,0.06364319715843225,0.07808988340732576,0.06830951580179988,0.06052926920745339,0.054461120518712706,0.049736352072815224
2023-10-03,0.009240412242072671,0.04587929370753588,0.0453709114327256,0.05163867751399945,0.0652811055673381,0.06315900215843225,0.07809028540732577,0.06785830580179988,0.059949389207453394,0.05364293651871271,0.04894999807281522
2023-10-04,0.009240412242072671,0.04587683570753588,0.0453721364327256,0.05163969851399945,0.0652817645673381,0.06315944015843225,0.07761572540732575,0.06785102080179989,0.059952735207453395,0.0536460315187127,0.048950070072815224
2023-10-05,0.009240412242072671,0.04587806470753587,0.0453721364327256,0.05164071851399945,0.0652824235673381,0.06315987815843226,0.07760872040732575,0.06785466280179989,0.059956082207453396,0.0536460315187127,0.04895014107281522
2023-10-06,0.00924040824207267,0.04587929370753588,0.0453721364327256,0.05164040451399945,0.06527842756733811,0.06315539115843224,0.07761281840732576,0.06785830580179988,0.059956082207453396,0.0536460315187127,0.048950213072815225
2023-10-09,0.009240412242072671,0.04587929370753588,0.0453696874327256,0.05164480051399945,0.0652850595673381,0.06316163015843225,0.07761771440732576,0.06785830580179988,0.059956082207453396,0.053639841518712705,0.04895042807281522
2023-10-10,0.009240412242072671,0.04587929370753588,0.0453709114327256,0.05164582151399945,0.0652857185673381,0.06316206915843225,0.07761811240732576,0.06785830580179988,0.059949389207453394,0.05364293651871271,0.04895049907281522
2023-10-11,0.009240412242072671,0.04587683570753588,0.0453721364327256,0.05015905251399945,0.0638163575673381,0.06170741815843225,0.07761851040732576,0.06649530880179988,0.058803542207453395,0.052821843518712705,0.04816103007281522
2023-10-12,0.009240412242072671,0.04587806470753587,0.0453721364327256,0.05016002951399945,0.0638169945673381,0.06170784215843225,0.07618555940732576,0.06649876780179989,0.0588067422074534,0.052821843518712705,0.048161101072815224
2023-10-13,0.00924040824207267,0.04587929370753588,0.0453721364327256,0.05015971651399945,0.06381325156733811,0.061703647158432254,0.07618945740732576,0.06650222880179987,0.0588067422074534,0.052821843518712705,0.04816117107281522
2023-10-16,0.009240412242072671,0.04587929370753588,0.0453696874327256,0.050163936513999446,0.0638195425673381,0.06170953615843225,0.07619413340732575,0.06650222880179987,0.0588067422074534,0.0528158525187127,0.04816138307281522
2023-10-17,0.009240412242072671,0.04587929370753588,0.0453709114327256,0.05016491351399945,0.0638201805673381,0.06170996015843225,0.07619452040732576,0.06650222880179987,0.05880034320745339,0.05281884751871271,0.048161453072815226
2023-10-18,0.009240412242072671,0.04587683570753588,0.0453721364327256,0.05016589051399945,0.0638186115673381,0.06171038415843225,0.07619490740732576,0.06649530880179988,0.058803542207453395,0.052821843518712705,0.048161523072815224
2023-10-19,0.009240412242072671,0.04587806470753587,0.0453721364327256,0.05016686751399945,0.0638214545673381,0.061710807158432246,0.07618825440732575,0.06649876780179989,0.0588067422074534,0.052821843518712705,0.04816159407281522
2023-10-20,0.00924040824207267,0.04538055370753588,0.0448746104327256,0.04967028851399945,0.0633274565673381,0.06122127215843225,0.07619216040732577,0.06604938380179988,0.0582305832074534,0.0519949285187127,0.04736898307281522
2023-10-23,0.009240412242072671,0.04538055370753588,0.0448722414327256,0.04967454551399945,0.0633336685673381,0.06122706215843225,0.07572091040732576,0.06604938380179988,0.0582305832074534,0.051989135518712704,0.047369191072815224
2023-10-24,0.009240412242072671,0.04538055370753588,0.0448734254327256,0.04967550751399945,0.0633342985673381,0.061227480158432254,0.07572129440732575,0.06604938380179988,0.058224328207453394,0.051992031518712706,0.04736926007281522
2023-10-25,0.009240412242072671,0.04537817770753588,0.0448746104327256,0.04967647051399945,0.0633349285673381,0.061227899158432256,0.07572167740732576,0.06604258380179988,0.05822745520745339,0.0519949285187127,0.04736933007281522
2023-10-26,0.009240412242072671,0.04537936570753588,0.0448746104327256,0.04967743251399945,0.06333555856733811,0.06122831815843226,0.07571513540732576,0.06604598380179988,0.0582305832074534,0.0519949285187127,0.047369399072815226
2023-10-27,0.00924040824207267,0.04538055370753588,0.0448746104327256,0.04967688351399945,0.06332524956733811,0.061224183158432255,0.07571898040732575,0.06604938380179988,0.0582305832074534,0.0519949285187127,0.047369468072815224
2023-10-30,0.009240412242072671,0.04538055370753588,0.0448723134327256,0.049681284513999446,0.0633336885673381,0.06122999415843225,0.07572359640732576,0.06604938380179988,0.0582305832074534,0.051989135518712704,0.047369676072815226
2023-10-31,0.009240412242072671,0.04538174170753588,0.04487351743272559,0.049682247513999446,0.0633365115673381,0.06123041315843225,0.07572397940732575,0.06604938380179988,0.058224328207453394,0.051992031518712706,0.047369745072815224
2023-11-01,0.009240412242072671,0.04538174170753588,0.0448747224327256,0.04968321051399945,0.0633393395673381,0.06123083215843225,0.07572436340732576,0.06604258380179988,0.05822745520745339,0.0519949285187127,0.04736981407281522
2023-11-02,0.009240412242072671,0.04537936570753588,0.0448759284327256,0.04968417351399945,0.0633421715673381,0.061231251158432254,0.07571780640732576,0.06604598380179988,0.0582305832074534,0.0519949285187127,0.04736988407281522
2023-11-03,0.00924040824207267,0.04538055370753588,0.0448772464327256,0.04968348051399945,0.0633428055673381,0.06122709415843225,0.07572165940732575,0.06604938380179988,0.0582305832074534,0.0519949285187127,0.047369953072815225
2023-11-06,0.009240412242072671,0.04538174170753588,0.0448811774327256,0.04968802651399945,0.06334470656733811,0.061232927158432246,0.07572628140732576,0.06604938380179988,0.0582305832074534,0.051989135518712704,0.04737016107281522
2023-11-07,0.009240412242072671,0.04538174170753588,0.044882506432725594,0.04968898951399945,0.06334534056733811,0.06123334615843225,0.07572666540732576,0.06604938380179988,0.058224328207453394,0.051992031518712706,0.047370230072815225
2023-11-08,0.009240412242072671,0.04538174170753588,0.0448838394327256,0.049683604513999446,0.0633459745673381,0.06123376515843225,0.07572704940732575,0.06604258380179988,0.05822745520745339,0.0519949285187127,0.047370299072815224
2023-11-09,0.009240412242072671,0.04537936570753588,0.0448851584327256,0.04968544751399945,0.0633466075673381,0.06123418415843225,0.07572047740732576,0.06604598380179988,0.0582305832074534,0.0519949285187127,0.04737036807281522
2023-11-10,0.00924040824207267,0.04488179270753588,0.0443887094327256,0.04919091951399945,0.0628566005673381,0.06074440815843225,0.07572433740732576,0.06582280780179989,0.0579421292074534,0.0515804435187127,0.04697290307281522
2023-11-13,0.009240412242072671,0.04488294070753587,0.0443923274327256,0.049196378513999446,0.0628584795673381,0.06075014115843225,0.07553850140732576,0.06582280780179989,0.0579421292074534,0.0515747475187127,0.046973109072815225
2023-11-14,0.009240412242072671,0.04488294070753587,0.0443937564327256,0.04919821751399945,0.0628591065673381,0.06075055515843225,0.07553888340732576,0.06582280780179989,0.0579359462074534,0.0515775955187127,0.04697317807281522
2023-11-15,0.009240412242072671,0.04488294070753587,0.0443951944327256,0.04920006651399945,0.06285973256733811,0.060750969158432255,0.07553926640732575,0.06581606780179988,0.057939037207453394,0.0515804435187127,0.04697324707281522
2023-11-16,0.009240412242072671,0.044880644707535874,0.0443964924327256,0.04920101551399945,0.0628603595673381,0.060751383158432246,0.07553272940732575,0.06581943780179988,0.0579421292074534,0.0515804435187127,0.04697331507281522
2023-11-17,0.00924040824207267,0.04488179270753588,0.0443977904327256,0.04920009451399945,0.0628609865673381,0.06074728615843225,0.07553657040732575,0.06582280780179989,0.0579421292074534,0.0515804435187127,0.046973384072815226
2023-11-20,0.009240412242072671,0.04488294070753587,0.0444011234327256,0.04920481251399945,0.0628628655673381,0.06075304015843225,0.07554117840732576,0.06582280780179989,0.0579421292074534,0.0515747475187127,0.04697359007281522
2023-11-21,0.009240412242072671,0.04488294070753587,0.0444026944327256,0.04920576151399945,0.0628634925673381,0.06075345515843225,0.07554156040732576,0.06582280780179989,0.0579359462074534,0.0515775955187127,0.04697365907281522
2023-11-22,0.009240412242072671,0.04488294070753587,0.044404279432725596,0.04920671151399945,0.0628641195673381,0.060753869158432255,0.07554194240732576,0.06581606780179988,0.057939037207453394,0.0515804435187127,0.046973727072815226
2023-11-23,0.009240412242072671,0.044880644707535874,0.0444055784327256,0.04920766051399945,0.0628647455673381,0.060754283158432246,0.07553539140732576,0.06581943780179988,0.0579421292074534,0.0515804435187127,0.046973796072815224
2023-11-24,0.00924040824207267,0.04488179270753588,0.044406876432725596,0.04920659851399945,0.0628653725673381,0.06075016515843225,0.07553923940732576,0.06582280780179989,0.0579421292074534,0.0515804435187127,0.04697386507281522
2023-11-27,0.009240412242072671,0.04488294070753587,0.044409923432725595,0.049211459513999446,0.0628672525673381,0.06075594015843225,0.07554385440732575,0.06582280780179989,0.0579421292074534,0.0515747475187127,0.046974071072815225
2023-11-28,0.009240412242072671,0.04488294070753587,0.044411637432725595,0.049212408513999446,0.06286787956733811,0.06075635515843225,0.07554423740732576,0.06582280780179989,0.0579359462074534,0.0515775955187127,0.046974139072815224
2023-11-29,0.009240412242072671,0.04488294070753587,0.0444133704327256,0.049213358513999446,0.0628685065673381,0.060756769158432256,0.07554461940732576,0.06581606780179988,0.057939037207453394,0.0515804435187127,0.04697420807281522
2023-11-30,0.009240412242072671,0.044383149707535874,0.04391641343272559,0.04871841151399945,0.0623782245673381,0.06027120515843225,0.07553805340732575,0.06536603580179988,0.057364472207453394,0.0507494055187127,0.04617680507281522
2023-12-01,0.00924040824207267,0.044384331707535876,0.0439172214327256,0.04871935651399945,0.062372254567338095,0.060262719158432246,0.07506558340732575,0.06536934780179987,0.057364472207453394,0.0507494055187127,0.04617687307281522
2023-12-04,0.009240412242072671,0.04439053870753588,0.043920442432725595,0.04872219351399945,0.0623784965673381,0.06027061515843225,0.07507013140732575,0.06536934780179987,0.057364472207453394,0.050743903518712705,0.046177075072815224
2023-12-05,0.009240412242072671,0.04439304970753588,0.0439222474327256,0.04872313951399945,0.06237911256733811,0.060271023158432246,0.07507051040732576,0.06536934780179987,0.057358431207453396,0.0507466535187127,0.04617714307281522
2023-12-06,0.009240412242072671,0.04439729870753588,0.043923504432725594,0.04872408451399945,0.0623797285673381,0.060271431158432254,0.07507088940732576,0.06536272580179989,0.057361451207453396,0.0507494055187127,0.04617721007281522
2023-12-07,0.009240412242072671,0.04439892370753588,0.0439247614327256,0.04872503051399945,0.0623803445673381,0.06026737315843225,0.07506443340732576,0.06536603580179988,0.057364472207453394,0.0507494055187127,0.04617727807281522
2023-12-08,0.00924040824207267,0.04440058370753588,0.0439213294327256,0.04872597651399945,0.0623765195673381,0.06027001315843225,0.07506822840732576,0.06536934780179987,0.057364472207453394,0.0507494055187127,0.04617734507281522
2023-12-11,0.009240412242072671,0.043908877707535876,0.0434285744327256,0.04823163451399945,0.0618917525673381,0.05978731515843225,0.07507278440732576,0.06536934780179987,0.057364472207453394,0.050743903518712705,0.046177548072815225
2023-12-12,0.009240412242072671,0.04391134770753588,0.0434304464327256,0.048232566513999445,0.0618923615673381,0.05978771815843226,0.07507316340732575,0.06536934780179987,0.057358431207453396,0.0507466535187127,0.046177615072815224
2023-12-13,0.009240412242072671,0.04091821570753588,0.0404404714327256,0.04599529351399945,0.05968165656733811,0.057598176158432254,0.07507354240732575,0.06536272580179989,0.057361451207453396,0.0507494055187127,0.046177682072815224
2023-12-14,0.009240412242072671,0.04091997770753587,0.0404420884327256,0.04599615751399945,0.059682232567338095,0.05759463815843226,0.07287311440732576,0.06536603580179988,0.057364472207453394,0.0507494055187127,0.04617775007281522
2023-12-15,0.00924040824207267,0.04092179770753588,0.0404437294327256,0.04599702151399945,0.0596788945673381,0.05759697815843225,0.07287661240732576,0.06536934780179987,0.057364472207453394,0.0507494055187127,0.04617781707281522
2023-12-18,0.009240412242072671,0.04092841870753588,0.040446433432725595,0.04599961351399945,0.059684535567338104,0.05760008315843225,0.07288083740732576,0.06536934780179987,0.057364472207453394,0.050743903518712705,0.046178020072815226
2023-12-19,0.009240412242072671,0.040930626707535875,0.040448145432725596,0.04600047751399945,0.059685111567338106,0.05760046415843226,0.07288119940732576,0.06536934780179987,0.057358431207453396,0.0507466535187127,0.046178087072815226
2023-12-20,0.009240412242072671,0.04093273070753588,0.0404492494327256,0.04600134151399945,0.05968568756733811,0.05760084615843225,0.07288156240732575,0.06536272580179989,0.057361451207453396,0.0507494055187127,0.046178155072815225
2023-12-21,0.009240412242072671,0.040934947707535876,0.0404503534327256,0.046002205513999445,0.059686263567338096,0.05759728915843225,0.07287563840732575,0.06536603580179988,0.057364472207453394,0.0507494055187127,0.046178222072815224
2023-12-22,0.00924040824207267,0.039937478707535876,0.039453315432725594,0.04475874851399945,0.058453401567338095,0.05638145615843225,0.07287914340732576,0.06536934780179987,0.057364472207453394,0.0507494055187127,0.04617829007281522
2023-12-25,0.009240412242072671,0.03919375870753588,0.038707055432725596,0.044014383513999444,0.057720546567338105,0.055652871158432246,0.07288337540732576,0.06536934780179987,0.057364472207453394,0.050743903518712705,0.04617849207281522
2023-12-26,0.009240412242072671,0.03819553870753588,0.0377100924327256,0.042770099513999446,0.05649007656733811,0.054433093158432255,0.07288373740732576,0.06536934780179987,0.057358431207453396,0.0507466535187127,0.04617856007281522
2023-12-27,0.009240412242072671,0.03669617870753588,0.0362127704327256,0.041525354513999455,0.0552588125673381,0.053212170158432257,0.07288410040732576,0.06536272580179989,0.057361451207453396,0.0507494055187127,0.046178627072815226
2023-12-28,0.009240412242072671,0.03669827770753588,0.0362136874327256,0.041526084513999445,0.05525932256733811,0.053209403158432256,0.07287816240732575,0.06536603580179988,0.057364472207453394,0.0507494055187127,0.046178695072815225
2023-12-29,0.00924126024207267,0.036700473707535874,0.0362146054327256,0.04152681451399945,0.0552566985673381,0.05321129215843225,0.07288167440732576,0.06536934780179987,0.057364472207453394,0.0507494055187127,0.046178762072815224
2024-01-02,0.00924383724207267,0.036705984707535874,0.036217358432725597,0.04152900351399945,0.055262936567338106,0.053215417158432254,0.07288555040732575,0.06535923280179988,0.057358312207453396,0.0507467405187127,0.04617889707281522
2024-01-03,0.00924383724207267,0.03670480470753588,0.0362179464327256,0.04152900351399945,0.055262936567338106,0.053215417158432254,0.07288518840732575,0.06536235780179989,0.057361213207453396,0.0507494055187127,0.04617883007281522
2024-01-04,0.00924383724207267,0.03670539470753588,0.0362185354327256,0.04152900351399945,0.055262936567338106,0.053215417158432254,0.07287780240732575,0.06536548380179988,0.057364114207453396,0.0507494055187127,0.046178762072815224
2024-01-05,0.009243832242072671,0.036705984707535874,0.0362185354327256,0.04152900351399945,0.055262936567338106,0.053212302158432256,0.07288095040732576,0.06536860880179987,0.057363995207453396,0.0507494055187127,0.046178695072815225
2024-01-08,0.00924383724207267,0.03670185470753588,0.0362185354327256,0.04152900351399945,0.055262936567338106,0.053215417158432254,0.07288337540732576,0.06536805580179988,0.0573636372074534,0.050744075518712704,0.04617849207281522
2024-01-09,0.00924383724207267,0.03670244470753588,0.036217358432725597,0.04152900351399945,0.055262936567338106,0.053215417158432254,0.07288301240732575,0.06536787080179987,0.05735747920745339,0.0507467405187127,0.04617842507281522
2024-01-10,0.00924383724207267,0.03670303470753588,0.0362179464327256,0.04152900351399945,0.055262936567338106,0.053215417158432254,0.07288265040732575,0.06536768680179988,0.05736037920745339,0.0507494055187127,0.04617835707281522
2024-01-11,0.00924383724207267,0.03670362470753588,0.0362185354327256,0.04152900351399945,0.055262936567338106,0.053215417158432254,0.07287527840732576,0.06536419380179988,0.0573632802074534,0.0507494055187127,0.04617829007281522
2024-01-12,0.009243832242072671,0.03620379970753588,0.0357188494327256,0.04103061551399945,0.054769924567338105,0.05272349915843225,0.07287842040732576,0.06514044180179988,0.05707396420745339,0.050332847518712705,0.045778278072815225
2024-01-15,0.00924383724207267,0.03620548570753588,0.0357188494327256,0.04103061551399945,0.054769924567338105,0.05272652515843225,0.07268977440732576,0.06513989080179988,0.05707360820745339,0.050327612518712705,0.045778078072815226
2024-01-16,0.00924383724207267,0.03620548570753588,0.035717728432725596,0.04103061551399945,0.054769924567338105,0.05272652515843225,0.07268941340732576,0.06513970780179988,0.057067524207453396,0.0503302295187127,0.04577801107281522
2024-01-17,0.00924383724207267,0.034202366707535875,0.0337192404327256,0.03853775051399945,0.0525498755673381,0.05052429515843225,0.07268905240732576,0.06513296980179989,0.057070388207453394,0.050332847518712705,0.04577794407281522
2024-01-18,0.00924383724207267,0.03420282370753588,0.0337196964327256,0.03853713451399945,0.0525498755673381,0.05052429515843225,0.07268174840732575,0.06513606280179987,0.05707325320745339,0.050332847518712705,0.04577787707281522
2024-01-19,0.009243832242072671,0.03420327970753588,0.0337196964327256,0.03853775051399945,0.0525498755673381,0.05052165315843225,0.07268485840732575,0.06513915680179988,0.05707313420745339,0.050332847518712705,0.04577781007281522
2024-01-22,0.00924383724207267,0.03420327970753588,0.0337196964327256,0.03853775051399945,0.0525498755673381,0.05052429515843225,0.07268724640732575,0.06513860580179988,0.05707277920745339,0.050327612518712705,0.04577761007281522
2024-01-23,0.00924383724207267,0.03420327970753588,0.03371878443272559,0.03853775051399945,0.0525498755673381,0.05052429515843225,0.07268688540732576,0.06513842180179988,0.057066696207453395,0.0503302295187127,0.04577754307281522
2024-01-24,0.00924383724207267,0.034202366707535875,0.0337192404327256,0.03853775051399945,0.0525498755673381,0.05052429515843225,0.07268652440732576,0.06513168780179988,0.057069559207453394,0.050332847518712705,0.045777476072815224
2024-01-25,0.00924383724207267,0.03420282370753588,0.0337196964327256,0.03853775051399945,0.0525498755673381,0.05052429515843225,0.07265505740732575,0.06513477880179988,0.05707242320745339,0.050332847518712705,0.045777409072815224
2024-01-26,0.009243832242072671,0.03420327970753588,0.0337196964327256,0.03853775051399945,0.0525498755673381,0.05052165315843225,0.07265815140732576,0.06513787080179989,0.05707230520745339,0.050332847518712705,0.045777342072815225
2024-01-29,0.00924383724207267,0.03420327970753588,0.0337196964327256,0.03853590251399945,0.0525498755673381,0.05052429515843225,0.07266743440732576,0.06513731980179988,0.05707194920745339,0.050327612518712705,0.045777142072815226
2024-01-30,0.00924383724207267,0.034203736707535876,0.03371878443272559,0.038536518513999446,0.0525498755673381,0.05052429515843225,0.07267053040732575,0.06309075080179988,0.055325896207453394,0.049076517518712705,0.044572454072815224
2024-01-31,0.00924383724207267,0.033953868707535875,0.0334693124327256,0.03828777751399945,0.052056198567338105,0.05003441715843225,0.07171826340732576,0.06285671180179989,0.0553285542074534,0.049078995518712705,0.04457238907281522
2024-02-01,0.00924383724207267,0.033953868707535875,0.033469756432725595,0.03828837851399945,0.052056198567338105,0.05003441715843225,0.07124315240732576,0.06285952180179988,0.05533121320745339,0.049078995518712705,0.04457232407281522
2024-02-02,0.009243832242072671,0.03395298070753588,0.033469756432725595,0.038288980513999454,0.052056198567338105,0.05003185715843225,0.07124606840732575,0.06286233180179988,0.055331099207453396,0.049078995518712705,0.04457225907281522
2024-02-05,0.00924383724207267,0.033953868707535875,0.033469756432725595,0.03828837851399945,0.052056198567338105,0.05003441715843225,0.07124828340732575,0.06286180580179988,0.055330757207453396,0.049074038518712705,0.04457206407281522
2024-02-06,0.00924383724207267,0.033953868707535875,0.0334688694327256,0.038288980513999454,0.052056198567338105,0.05003441715843225,0.07124793340732576,0.06286163080179988,0.05532509820745339,0.049076517518712705,0.04457199907281522
2024-02-07,0.00924382124207267,0.033953868707535875,0.0334693124327256,0.038288980513999454,0.052056198567338105,0.05003441715843225,0.07124758240732576,0.06285548880179988,0.055327756207453394,0.049078995518712705,0.04457193407281522
2024-02-15,0.00924383724207267,0.033953868707535875,0.033469756432725595,0.038288980513999454,0.052056198567338105,0.05003441715843225,0.07123827640732576,0.06283622080179987,0.05532961520745339,0.049078995518712705,0.04457141307281522
2024-02-16,0.009243832242072671,0.03395298070753588,0.033469756432725595,0.038288980513999454,0.052056198567338105,0.05003185715843225,0.07124117840732576,0.06283902380179987,0.05532950120745339,0.049078995518712705,0.04457134807281522
2024-02-19,0.00924383724207267,0.033953868707535875,0.033469756432725595,0.03828837851399945,0.052056198567338105,0.05003441715843225,0.07124338040732575,0.06284743580179988,0.05532915920745339,0.049074038518712705,0.04457115307281522
2024-02-20,0.00924383724207267,0.033953868707535875,0.0334688694327256,0.038288980513999454,0.052056198567338105,0.05003441715843225,0.07124302940732576,0.06285023980179988,0.05532350320745339,0.049076517518712705,0.04457108807281522
2024-02-21,0.00924383724207267,0.033953868707535875,0.0334693124327256,0.038288980513999454,0.052056198567338105,0.05003441715843225,0.07124267940732576,0.06285304480179987,0.055326160207453394,0.049078995518712705,0.04457102307281522
2024-02-22,0.00924383724207267,0.033953868707535875,0.033469756432725595,0.038288980513999454,0.052056198567338105,0.05003441715843225,0.07123583840732575,0.06285584880179988,0.05532881620745339,0.049078995518712705,0.04457095807281522
2024-02-23,0.009243832242072671,0.03395298070753588,0.033469756432725595,0.038288980513999454,0.052056198567338105,0.05003185715843225,0.07123873340732575,0.06285865380179989,0.055328702207453395,0.049078995518712705,0.04457089307281522
2024-02-26,0.00924383724207267,0.033953868707535875,0.033469756432725595,0.03828837851399945,0.052056198567338105,0.05003441715843225,0.07124092840732577,0.06285812880179989,0.055328360207453395,0.049074038518712705,0.044570697072815225
2024-02-27,0.00924383724207267,0.033953868707535875,0.033467539432725596,0.038288980513999454,0.052056198567338105,0.05003441715843225,0.07124057840732576,0.06285795380179987,0.055322706207453394,0.049076517518712705,0.044570632072815225
2024-02-28,0.00924383724207267,0.033953868707535875,0.0334679834327256,0.038288980513999454,0.052056198567338105,0.05003441715843225,0.07124022840732576,0.06285182180179988,0.05532536120745339,0.049078995518712705,0.044570567072815225
2024-02-29,0.00924383724207267,0.033953868707535875,0.0334684264327256,0.038288980513999454,0.052056198567338105,0.05003441715843225,0.07124312040732575,0.06285462480179987,0.055328017207453395,0.049078995518712705,0.04457293407281522
2024-03-01,0.009243832242072671,0.03395298070753588,0.0334688694327256,0.03828657451399945,0.0520497335673381,0.05003185715843225,0.07123628940732576,0.06285742780179988,0.05533067320745339,0.049078995518712705,0.04457286907281522
2024-03-04,0.00924383724207267,0.03395298070753588,0.0334693124327256,0.03828777751399945,0.05205361156733811,0.05003313715843225,0.07124171540732575,0.06285988080179988,0.05533033120745339,0.049074038518712705,0.04457024207281522
2024-03-05,0.00924383724207267,0.03395298070753588,0.0334688694327256,0.03828777751399945,0.05205361156733811,0.05003313715843225,0.07124136440732576,0.06285970580179988,0.055330216207453396,0.049076517518712705,0.044572609072815225
2024-03-06,0.00924383724207267,0.03395209170753588,0.0334693124327256,0.03828777751399945,0.05205361156733811,0.05003313715843225,0.07124101340732575,0.06285952980179987,0.055324563207453395,0.049078995518712705,0.044572543072815225
2024-03-07,0.00924383724207267,0.03395253570753588,0.0334693124327256,0.03828777751399945,0.0520510265673381,0.050030578158432246,0.07124066240732577,0.06285340080179988,0.05532721820745339,0.049078995518712705,0.044572478072815225
2024-03-08,0.009243832242072671,0.03395298070753588,0.0334693124327256,0.03828657451399945,0.0520523185673381,0.05003185715843225,0.07123384540732575,0.06285620280179988,0.055329874207453396,0.049078995518712705,0.044572413072815224
2024-03-11,0.00924383724207267,0.03395298070753588,0.0334684264327256,0.03828777751399945,0.05205361156733811,0.05003313715843225,0.07123925740732576,0.06285865280179988,0.055329531207453396,0.049074038518712705,0.044569787072815226
2024-03-12,0.00924383724207267,0.03395298070753588,0.0334688694327256,0.03828777751399945,0.05205361156733811,0.05003313715843225,0.07123890640732575,0.06285847780179987,0.055329417207453394,0.049076517518712705,0.04457215307281522
2024-03-13,0.00924383724207267,0.03395209170753588,0.0334693124327256,0.03828777751399945,0.05205361156733811,0.05003313715843225,0.07123855540732577,0.06285830280179988,0.05532376520745339,0.049078995518712705,0.04457208807281522
2024-03-14,0.00924383724207267,0.03395253570753588,0.0334693124327256,0.03828777751399945,0.0520510265673381,0.050030578158432246,0.07123820440732576,0.06285217680179989,0.055326419207453396,0.049078995518712705,0.04457202307281522
2024-03-15,0.009243832242072671,0.03370267570753588,0.0332193744327256,0.038037229513999446,0.0520523185673381,0.05003185715843225,0.07123140140732576,0.062398953801799883,0.055329074207453394,0.049078995518712705,0.04457195807281522
2024-03-18,0.00924383724207267,0.03370224370753588,0.0332185124327256,0.03803840451399945,0.05205361156733811,0.05003313715843225,0.07094982440732575,0.06240135180179988,0.055328731207453394,0.049074038518712705,0.04456933107281522
2024-03-19,0.00924383724207267,0.033202049707535874,0.0327190594327256,0.03753961151399945,0.0515598955673381,0.04954312015843225,0.07094947540732575,0.06171628880179988,0.054455008207453394,0.049076517518712705,0.04457169707281522
2024-03-20,0.00924383724207267,0.033201233707535874,0.032719466432725594,0.03753961151399945,0.0515598955673381,0.04954312015843225,0.07075776640732576,0.06171611780179988,0.054449563207453394,0.049078995518712705,0.044571632072815226
2024-03-21,0.00924383724207267,0.03320164170753588,0.032719466432725594,0.03753961151399945,0.0515573915673381,0.04954064115843225,0.07075741940732576,0.06171027980179988,0.054452117207453396,0.049078995518712705,0.044571567072815226
2024-03-22,0.009243832242072671,0.03270140270753588,0.032219517432725595,0.03703969251399945,0.051064844567338105,0.049051722158432245,0.07075075840732575,0.06125588880179988,0.05387099620745339,0.048239586518712706,0.04376434807281522
2024-03-25,0.00924383724207267,0.03270140270753588,0.032218749432725596,0.03704075651399945,0.051066056567338106,0.04905292215843225,0.07046893140732576,0.061258158801799883,0.05387066420745339,0.04823481251871271,0.04376181207281522
2024-03-26,0.00924383724207267,0.03270140270753588,0.0322191334327256,0.03704075651399945,0.051066056567338106,0.04905292215843225,0.07046858640732576,0.06125798980179988,0.053870553207453396,0.048237199518712706,0.04376409307281522
2024-03-27,0.00924383724207267,0.03269947970753588,0.032219517432725595,0.03704075651399945,0.051066056567338106,0.04905292215843225,0.07046824140732576,0.06125782080179988,0.05386524620745339,0.048239586518712706,0.04376402907281522
2024-03-28,0.00924383724207267,0.03269986370753588,0.032219517432725595,0.03704075651399945,0.051063632567338105,0.04905052315843225,0.07046789540732576,0.06125209680179988,0.053867734207453395,0.048239586518712706,0.04376396507281522
2024-03-29,0.009243832242072671,0.03270024870753588,0.032219517432725595,0.03703969251399945,0.051064844567338105,0.049051722158432245,0.07046132440732575,0.061254704801799884,0.0538702222074534,0.048239586518712706,0.04376390107281522
2024-04-01,0.00924383724207267,0.032451070707535876,0.03196878143272559,0.03679182451399945,0.0508202825673381,0.04880628315843225,0.07046651440732576,0.06125697380179988,0.05386989020745339,0.04823481251871271,0.04376136507281522
2024-04-02,0.00924383724207267,0.03245144470753588,0.0319691544327256,0.03679182451399945,0.0508202825673381,0.04880746215843225,0.07027473640732576,0.06125680480179988,0.053869779207453394,0.048237199518712706,0.04376364607281522
2024-04-03,0.00924383724207267,0.03245144470753588,0.031969526432725597,0.03679182451399945,0.0508202825673381,0.04880716815843225,0.07027439240732575,0.06125663480179988,0.0538644742074534,0.048239586518712706,0.04376358207281522
2024-04-04,0.00924383724207267,0.03245144470753588,0.031969526432725597,0.03679182451399945,0.0508202825673381,0.04880393715843225,0.07027404940732576,0.06125091480179988,0.05386696020745339,0.048239586518712706,0.04376351807281522
2024-04-05,0.009243832242072671,0.032451070707535876,0.031969526432725597,0.03679182451399945,0.0508178985673381,0.04880511115843225,0.07026446340732576,0.06125352080179988,0.053869447207453396,0.048239586518712706,0.04376345407281522
2024-04-08,0.00924383724207267,0.03245144470753588,0.03196878143272559,0.03679182451399945,0.0508202825673381,0.04880569815843225,0.07027267440732576,0.06125578880179988,0.053869116207453396,0.04823481251871271,0.04376091807281522
2024-04-09,0.00924383724207267,0.03245144470753588,0.0319691544327256,0.03679182451399945,0.0508202825673381,0.04880540515843225,0.07027233040732575,0.06125561980179988,0.05386900520745339,0.048237199518712706,0.04376319807281522
2024-04-10,0.00924383724207267,0.03245144470753588,0.031969526432725597,0.03679182451399945,0.0508202825673381,0.04880511115843225,0.07027198640732576,0.06125544980179988,0.053863701207453395,0.048239586518712706,0.04376313507281522
2024-04-11,0.00924383724207267,0.03245069770753588,0.031969526432725597,0.03679182451399945,0.0508202825673381,0.04880189515843225,0.07027164240732575,0.06124973280179988,0.05386618720745339,0.048239586518712706,0.04376307107281522
2024-04-12,0.009243832242072671,0.032451070707535876,0.031969526432725597,0.03679182451399945,0.0508178985673381,0.04880306215843225,0.07026514940732576,0.06125233780179988,0.053868673207453394,0.048239586518712706,0.043763007072815226
2024-04-15,0.00924383724207267,0.03245144470753588,0.03196878143272559,0.03679182451399945,0.0508202825673381,0.04880364115843225,0.07027026840732575,0.06125460380179988,0.053868342207453394,0.04823481251871271,0.04376047107281522
2024-04-16,0.00924383724207267,0.03245144470753588,0.0319691544327256,0.03679182451399945,0.0508202825673381,0.04880334815843225,0.07026992440732575,0.06125443380179988,0.0538682312074534,0.048237199518712706,0.04376275107281522
2024-04-17,0.00924383424207267,0.03245144470753588,0.031969526432725597,0.03679182451399945,0.0508202825673381,0.04880305415843225,0.07026958040732575,0.06125426480179988,0.05386292820745339,0.048239586518712706,0.04376268707281522
2024-04-19,0.009243832242072671,0.032451070707535876,0.031969526432725597,0.03679182451399945,0.0508178985673381,0.04880101315843225,0.07026275640732577,0.06125115380179988,0.05386789920745339,0.048239586518712706,0.043762560072815225
2024-04-22,0.00924383724207267,0.03245144470753588,0.03196878143272559,0.03679182451399945,0.0508202825673381,0.04880158515843225,0.07026786240732576,0.06125341780179988,0.05386756820745339,0.04823481251871271,0.04376002407281522
2024-04-23,0.00924383724207267,0.03245144470753588,0.0319691544327256,0.03679182451399945,0.0508202825673381,0.04880129115843225,0.07026751840732576,0.06125324880179988,0.053867457207453395,0.048237199518712706,0.04376230407281522
2024-04-24,0.00924383724207267,0.03245144470753588,0.031969526432725597,0.03679182451399945,0.0508202825673381,0.04880099715843225,0.07026717440732576,0.06125307980179988,0.053862156207453396,0.048239586518712706,0.04376224007281522
2024-04-25,0.00924383724207267,0.03245069770753588,0.031969526432725597,0.03679182451399945,0.0508202825673381,0.04878775315843225,0.07026683140732576,0.06124459980179988,0.05386464020745339,0.048239586518712706,0.043762176072815226
2024-04-26,0.009243826242072671,0.032451070707535876,0.031969526432725597,0.03679182451399945,0.0508178985673381,0.04878889815843225,0.07026648740732576,0.06124720080179988,0.0538671252074534,0.048239586518712706,0.043762112072815225
2024-05-02,0.00924383724207267,0.03245069770753588,0.031969526432725597,0.03679130551399945,0.0508167075673381,0.048795770158432256,0.07025526140732576,0.061246187801799884,0.05386386720745339,0.048239586518712706,0.043761729072815225
2024-05-03,0.00924383724207267,0.032451070707535876,0.031969526432725597,0.03679026851399945,0.0508178985673381,0.04879691515843225,0.07025797240732576,0.06124878680179988,0.053866351207453395,0.048239586518712706,0.043761665072815224
2024-05-04,0.00924383424207267,0.032451070707535876,0.031969526432725597,0.036790786513999446,0.050819090567338104,0.04879662215843225,0.07026068340732575,0.06125138680179988,0.0538662412074534,0.048239586518712706,0.04376160107281522
2024-05-06,0.00924383724207267,0.032451070707535876,0.03196878143272559,0.03679130551399945,0.050819090567338104,0.048796037158432254,0.07026305140732575,0.06125104780179988,0.053866019207453396,0.04823481251871271,0.04375913007281522
2024-05-07,0.00924383724207267,0.032451070707535876,0.0319691544327256,0.03679130551399945,0.050819090567338104,0.048795744158432255,0.07026270740732576,0.06125087880179988,0.05386590920745339,0.048237199518712706,0.04376141007281522
2024-05-08,0.00924383724207267,0.03245032470753588,0.031969526432725597,0.03679130551399945,0.050819090567338104,0.04879259215843225,0.07026236340732575,0.061250709801799884,0.0538606112074534,0.048239586518712706,0.043761346072815226
2024-05-09,0.00924383724207267,0.03245069770753588,0.031969526432725597,0.03679130551399945,0.0508167075673381,0.04879372915843225,0.07026202040732576,0.06124500680179988,0.053863094207453395,0.048239586518712706,0.043761282072815225
2024-05-10,0.009243832242072671,0.032451070707535876,0.031969526432725597,0.03679026851399945,0.0508178985673381,0.048794866158432246,0.07025558040732575,0.06124760380179988,0.05386557720745339,0.048239586518712706,0.043761218072815224
2024-05-13,0.00924383724207267,0.032451070707535876,0.03196878143272559,0.03679130551399945,0.050819090567338104,0.04879398915843225,0.07026064540732575,0.06124986280179988,0.05386524620745339,0.04823481251871271,0.043758683072815226
2024-05-14,0.00924383724207267,0.032451070707535876,0.0319691544327256,0.03679130551399945,0.050819090567338104,0.04879369615843225,0.07026030240732575,0.06124969380179988,0.053865135207453396,0.048237199518712706,0.04376096207281522
2024-05-15,0.00924383724207267,0.03245032470753588,0.031969526432725597,0.03679130551399945,0.050819090567338104,0.04879055815843225,0.07025995840732575,0.06124952480179988,0.053859838207453395,0.048239586518712706,0.043760899072815225
2024-05-16,0.00924383724207267,0.03245069770753588,0.031969526432725597,0.03679130551399945,0.0508167075673381,0.04879168815843225,0.07025961540732575,0.06124382480179988,0.05386232120745339,0.048239586518712706,0.043760835072815224
2024-05-17,0.009243832242072671,0.032451070707535876,0.031969526432725597,0.03679026851399945,0.0508178985673381,0.048792818158432255,0.07025318940732575,0.06124642080179988,0.05386480320745339,0.048239586518712706,0.04376077107281522
2024-05-20,0.00924383724207267,0.032451070707535876,0.03196878143272559,0.03679130551399945,0.050819090567338104,0.04879194115843225,0.07025824140732576,0.06124867780179988,0.05386447220745339,0.04823481251871271,0.043758236072815225
2024-05-21,0.00924383724207267,0.032451070707535876,0.0319691544327256,0.03679130551399945,0.050819090567338104,0.048791648158432246,0.07025789740732576,0.061248508801799884,0.053864361207453394,0.048237199518712706,0.043760515072815226
2024-05-22,0.00924383724207267,0.03245032470753588,0.031969526432725597,0.03679130551399945,0.050819090567338104,0.04878852515843225,0.07025755440732576,0.06124833980179988,0.05385906620745339,0.048239586518712706,0.043760451072815225
2024-05-23,0.00924383724207267,0.03245069770753588,0.031969526432725597,0.03679130551399945,0.0508167075673381,0.04878964815843225,0.07025721040732576,0.06124264380179988,0.0538615482074534,0.048239586518712706,0.04376038807281522
2024-05-24,0.009243832242072671,0.032451070707535876,0.031969526432725597,0.03679026851399945,0.0508178985673381,0.04879077115843225,0.07025079740732576,0.06124523780179988,0.053864029207453396,0.048239586518712706,0.04376032407281522
2024-05-27,0.00924383724207267,0.032451070707535876,0.03196878143272559,0.03679130551399945,0.050819090567338104,0.048789893158432254,0.07025583640732576,0.061247493801799884,0.053863698207453396,0.04823481251871271,0.043757790072815224
2024-05-28,0.00924383724207267,0.032451070707535876,0.0319691544327256,0.03679130551399945,0.050819090567338104,0.048789600158432256,0.07025549240732576,0.06124732380179988,0.05386358720745339,0.048237199518712706,0.043760068072815225
2024-05-29,0.00924383724207267,0.03245032470753588,0.031969526432725597,0.03679130551399945,0.050819090567338104,0.04879071815843225,0.07025514940732576,0.06124715480179988,0.053858294207453396,0.048239586518712706,0.043760004072815224
2024-05-30,0.00924383724207267,0.03245069770753588,0.031969526432725597,0.03679130551399945,0.0508167075673381,0.04879183615843225,0.07025480540732576,0.06124146180179988,0.053860774207453395,0.048239586518712706,0.04375994007281522
2024-05-31,0.009243832242072671,0.032451070707535876,0.031969526432725597,0.036789230513999446,0.0508178985673381,0.04879295315843225,0.07024840640732576,0.06124405480179988,0.053863255207453394,0.048239586518712706,0.04375987707281522
2024-06-03,0.00924383724207267,0.03245144470753588,0.03196878143272559,0.036790786513999446,0.0508202825673381,0.04879206615843225,0.07025343240732576,0.06124630880179988,0.053862924207453394,0.04823481251871271,0.04375734307281522
2024-06-04,0.00924383724207267,0.03245144470753588,0.0319691544327256,0.03679130551399945,0.0508202825673381,0.04879177015843225,0.07025308840732575,0.06124613980179988,0.0538628132074534,0.048237199518712706,0.043759621072815225
2024-06-05,0.00924383724207267,0.03245144470753588,0.031969526432725597,0.03679130551399945,0.0508202825673381,0.048791474158432255,0.07025274540732576,0.06124596980179988,0.05385752120745339,0.048239586518712706,0.043759557072815224
2024-06-06,0.00924383724207267,0.03245069770753588,0.031969526432725597,0.03679130551399945,0.0508202825673381,0.04879117915843225,0.07025240140732575,0.06124028080179988,0.05386000120745339,0.048239586518712706,0.04375949307281522
2024-06-07,0.009243832242072671,0.032451070707535876,0.031969526432725597,0.03679026851399945,0.0508178985673381,0.04879088315843225,0.07024601640732575,0.06124287180179988,0.05386248220745339,0.048239586518712706,0.04375942907281522
2024-06-10,0.00924383724207267,0.03245144470753588,0.03196878143272559,0.03679130551399945,0.0508202825673381,0.048789996158432256,0.07025102740732575,0.06124512380179988,0.05386215020745339,0.04823481251871271,0.04375689607281522
2024-06-11,0.00924383724207267,0.03245144470753588,0.0319691544327256,0.03679130551399945,0.0508202825673381,0.04878970015843225,0.07025068440732576,0.06124495480179988,0.053862039207453395,0.048237199518712706,0.043759174072815224
2024-06-12,0.00924383724207267,0.03245144470753588,0.031969526432725597,0.03679130551399945,0.0508202825673381,0.04878940415843225,0.07025034140732575,0.06124478580179988,0.0538567492074534,0.048239586518712706,0.04375911007281522
2024-06-13,0.00924383724207267,0.03245069770753588,0.031969526432725597,0.03679130551399945,0.0508202825673381,0.04878910915843225,0.07024999740732576,0.06123909880179988,0.0538592282074534,0.048239586518712706,0.04375904607281522
2024-06-14,0.009243832242072671,0.032451070707535876,0.031969526432725597,0.03679026851399945,0.0508178985673381,0.048788813158432254,0.07024362540732576,0.06124168880179988,0.053861708207453396,0.048239586518712706,0.04375898207281522
2024-06-17,0.00924383724207267,0.03245144470753588,0.03196878143272559,0.03679130551399945,0.0508202825673381,0.04878792615843225,0.07024862440732577,0.06124393880179988,0.0538613762074534,0.04823481251871271,0.04375644907281522
2024-06-18,0.00924383724207267,0.03245144470753588,0.0319691544327256,0.03679130551399945,0.0508202825673381,0.04878763015843225,0.07024828040732575,0.06124376980179988,0.05386126520745339,0.048237199518712706,0.04375872707281522
2024-06-19,0.00924383724207267,0.03245144470753588,0.031969526432725597,0.03679130551399945,0.0508202825673381,0.048787335158432255,0.07024793740732575,0.06124360080179988,0.053855976207453395,0.048239586518712706,0.04375866307281522
2024-06-20,0.00924383724207267,0.03245069770753588,0.031969526432725597,0.03679130551399945,0.0508202825673381,0.04878703915843225,0.07024759340732575,0.06123791780179988,0.053858455207453394,0.048239586518712706,0.04375859907281522
2024-06-21,0.009243832242072671,0.032451070707535876,0.031969526432725597,0.03679026851399945,0.0508178985673381,0.048786744158432246,0.07024123540732576,0.061240505801799884,0.053860934207453394,0.048239586518712706,0.04375853507281522
2024-06-24,0.00924383724207267,0.03245144470753588,0.03196878143272559,0.03679130551399945,0.0508202825673381,0.048785857158432255,0.07024622040732575,0.06124275480179988,0.053860602207453395,0.04823481251871271,0.04375600207281522
2024-06-25,0.00924383724207267,0.03245144470753588,0.0319691544327256,0.03679130551399945,0.0508202825673381,0.04878556115843225,0.07024587740732575,0.06124258580179988,0.05386049220745339,0.048237199518712706,0.04375828007281522
2024-06-26,0.00924383724207267,0.03245144470753588,0.031969526432725597,0.03679130551399945,0.0508202825673381,0.04878526615843225,0.07024553340732576,0.06124241580179988,0.05385520420745339,0.048239586518712706,0.04375821607281522
2024-06-27,0.00924383724207267,0.03245069770753588,0.031969526432725597,0.03679130551399945,0.0508202825673381,0.04878497015843225,0.07024519040732576,0.06123673680179988,0.05385768220745339,0.048239586518712706,0.04375815207281522
2024-06-28,0.009243832242072671,0.032451070707535876,0.031969526432725597,0.03679026851399945,0.0508178985673381,0.048784674158432254,0.07023884540732575,0.06123932280179988,0.05386016020745339,0.048239586518712706,0.04375808807281522
2024-07-01,0.00924383724207267,0.032451070707535876,0.0319680364327256,0.03679130551399945,0.0508174605673381,0.04878241015843225,0.07024381740732576,0.06124156980179988,0.05385982820745339,0.04823481251871271,0.04375555507281522
2024-07-02,0.00924383724207267,0.032451070707535876,0.031968409432725595,0.03679130551399945,0.0508186495673381,0.048782115158432254,0.07024347340732576,0.06124140080179988,0.053859718207453396,0.048237199518712706,0.04375783307281522
2024-07-03,0.00924383724207267,0.03245032470753588,0.03196878143272559,0.03679130551399945,0.0508182085673381,0.04878182115843225,0.07024313040732576,0.061241231801799884,0.053854432207453395,0.048239586518712706,0.04375776907281522
2024-07-04,0.00924383724207267,0.03245069770753588,0.0319691544327256,0.03679130551399945,0.050814526567338106,0.04878152615843225,0.07024278740732576,0.06123555580179988,0.053856909207453396,0.048239586518712706,0.04375770507281522
2024-07-05,0.009243832242072671,0.032451070707535876,0.0319691544327256,0.03679026851399945,0.0508157065673381,0.048777121158432246,0.07023645540732576,0.06123813980179988,0.0538593862074534,0.048239586518712706,0.043757641072815226
2024-07-08,0.00924383724207267,0.032451070707535876,0.03196878143272559,0.03679130551399945,0.050816004567338105,0.048780349158432254,0.07024141340732576,0.06124038580179988,0.05385905520745339,0.04823481251871271,0.04375510807281522
2024-07-09,0.00924383724207267,0.032451070707535876,0.0319691544327256,0.03679130551399945,0.0508155635673381,0.04878005415843225,0.07024107040732576,0.061240216801799884,0.053858944207453394,0.048237199518712706,0.04375738507281522
2024-07-10,0.00924383724207267,0.03245032470753588,0.0319691544327256,0.03679130551399945,0.0508151235673381,0.04877976015843225,0.07024072740732576,0.06124004680179988,0.05385366020745339,0.048239586518712706,0.04375732207281522
2024-07-11,0.00924383724207267,0.03245069770753588,0.0319691544327256,0.03679130551399945,0.0508114745673381,0.04877946515843225,0.07024038440732576,0.06123437480179988,0.053856136207453394,0.048239586518712706,0.04375725807281522
2024-07-12,0.009243832242072671,0.032451070707535876,0.0319691544327256,0.03679026851399945,0.0508126375673381,0.048776444158432256,0.07023406540732575,0.06123695680179988,0.053858612207453395,0.048239586518712706,0.043757194072815225
2024-07-15,0.00924383724207267,0.032451070707535876,0.03196878143272559,0.03679130551399945,0.050812919567338105,0.04877828815843225,0.07023901140732575,0.061239200801799884,0.053858281207453396,0.04823481251871271,0.043754662072815226
2024-07-16,0.00924383724207267,0.032451070707535876,0.0319691544327256,0.03679130551399945,0.0508124785673381,0.04877799315843225,0.07023866740732576,0.06123903180179988,0.05385817020745339,0.048237199518712706,0.04375693807281522
2024-07-17,0.00924383724207267,0.03245032470753588,0.0319691544327256,0.03679130551399945,0.0508120385673381,0.04877769915843225,0.07023832440732575,0.06123886280179988,0.0538528872074534,0.048239586518712706,0.04375687407281522
2024-07-18,0.00924383724207267,0.03245069770753588,0.0319691544327256,0.03679130551399945,0.0508084235673381,0.04877740515843225,0.07023798140732576,0.06123319380179988,0.05385536320745339,0.048239586518712706,0.043756811072815226
2024-07-19,0.009243832242072671,0.032451070707535876,0.0319691544327256,0.03679026851399945,0.050809569567338106,0.04877439815843225,0.07023167640732575,0.06123577480179988,0.05385783920745339,0.048239586518712706,0.043756747072815225
2024-07-22,0.00924383724207267,0.032451070707535876,0.03196878143272559,0.03679130551399945,0.050809834567338105,0.04877622715843225,0.07023660840732576,0.06123801680179988,0.053857507207453394,0.04823481251871271,0.043754215072815225
2024-07-23,0.00924383724207267,0.032451070707535876,0.0319691544327256,0.03679130551399945,0.0508093945673381,0.04877593315843225,0.07023626540732575,0.06123784780179988,0.053857397207453396,0.048237199518712706,0.04375649107281522
2024-07-24,0.00924383724207267,0.03245032470753588,0.0319691544327256,0.03679130551399945,0.0508089535673381,0.04877563815843225,0.07023592240732576,0.06123767880179988,0.053852115207453394,0.048239586518712706,0.04375642707281522
2024-07-25,0.00924383724207267,0.03245069770753588,0.0319691544327256,0.03679130551399945,0.0507945095673381,0.04877534415843225,0.07023557840732575,0.06123201280179988,0.053854590207453396,0.048239586518712706,0.043756364072815225
2024-07-26,0.009243832242072671,0.032451070707535876,0.0319691544327256,0.03679026851399945,0.0507956285673381,0.048775050158432254,0.07022928740732576,0.06123459180179988,0.0538570652074534,0.048239586518712706,0.043756300072815224
2024-07-29,0.00924383724207267,0.032451070707535876,0.03196878143272559,0.03679130551399945,0.0507989785673381,0.04877416715843225,0.07023420640732575,0.06123683280179988,0.05385673320745339,0.04823481251871271,0.043753768072815225
2024-07-30,0.00924383724207267,0.032451070707535876,0.0319691544327256,0.03679130551399945,0.0508000935673381,0.04876716215843225,0.07023386240732576,0.06123666380179988,0.053856623207453394,0.048237199518712706,0.04375604407281522
2024-07-31,0.00924383724207267,0.03269986370753588,0.032219517432725595,0.03704075651399945,0.0508012085673381,0.04876821115843225,0.07023351940732575,0.06146498880179988,0.05385134320745339,0.048239586518712706,0.043755980072815226
2024-08-01,0.00924383724207267,0.03270024870753588,0.032219517432725595,0.03704075651399945,0.050802322567338104,0.04876926015843225,0.07023317640732576,0.06145927080179988,0.05385381720745339,0.048239586518712706,0.043755916072815225
2024-08-02,0.009243832242072671,0.03270063370753588,0.032219517432725595,0.03703969251399945,0.0508034355673381,0.04877030815843225,0.07022689840732577,0.06146187480179988,0.053856291207453395,0.048239586518712706,0.04375585307281522
2024-08-05,0.00924383724207267,0.03270140270753588,0.032218749432725596,0.03704075651399945,0.050803667567338104,0.04877344615843225,0.07023180440732577,0.06146413880179988,0.053855960207453396,0.04823481251871271,0.043753321072815224
2024-08-06,0.00924383724207267,0.03270140270753588,0.0322191334327256,0.03704075651399945,0.0508032275673381,0.048773151158432254,0.07023146040732575,0.06146396880179988,0.05385584920745339,0.048237199518712706,0.04375559707281522
2024-08-07,0.00924383724207267,0.03270063370753588,0.032219517432725595,0.03704075651399945,0.0508027865673381,0.04877285615843225,0.07023111740732577,0.061463797801799884,0.053850571207453395,0.048239586518712706,0.043755533072815225
2024-08-08,0.00924383724207267,0.032701017707535876,0.032219517432725595,0.03704075651399945,0.0507992725673381,0.048772560158432246,0.07023077440732575,0.06145808380179988,0.0538530442074534,0.048239586518712706,0.043755469072815224
2024-08-09,0.009243832242072671,0.03270140270753588,0.032219517432725595,0.03703969251399945,0.050800369567338105,0.04877226515843225,0.07022451040732575,0.06146068580179988,0.05385551820745339,0.048239586518712706,0.04375540607281522
2024-08-12,0.00924383724207267,0.03270140270753588,0.032218749432725596,0.03704075651399945,0.0508005845673381,0.04877137915843225,0.07022940240732575,0.06146294780179988,0.053855186207453394,0.04823481251871271,0.04375287407281522
2024-08-13,0.00924383724207267,0.03270140270753588,0.0322191334327256,0.03704075651399945,0.0508001445673381,0.048771084158432246,0.07022905940732575,0.06146277780179988,0.053855076207453396,0.048237199518712706,0.043755150072815226
2024-08-14,0.00924383724207267,0.03270063370753588,0.032219517432725595,0.03704075651399945,0.0507997045673381,0.04877078815843225,0.07022871540732575,0.06146260780179988,0.05384979920745339,0.048239586518712706,0.043755086072815225
2024-08-15,0.00924383724207267,0.032701017707535876,0.032219517432725595,0.03704075651399945,0.0507962245673381,0.04877049315843225,0.07022837240732575,0.06145689680179988,0.053852271207453395,0.048239586518712706,0.043755022072815224
2024-08-16,0.009243832242072671,0.03270140270753588,0.032219517432725595,0.03703969251399945,0.0507973045673381,0.048770198158432254,0.07022212140732575,0.06145949780179988,0.05385474420745339,0.048239586518712706,0.04375495907281522
2024-08-19,0.00924383724207267,0.03270140270753588,0.032218749432725596,0.03704075651399945,0.0507975025673381,0.04876931215843225,0.07022700040732575,0.06146175780179988,0.05385441320745339,0.04823481251871271,0.04375242807281522
2024-08-20,0.00924383724207267,0.03270140270753588,0.0322191334327256,0.03704075651399945,0.0507970625673381,0.04876901715843225,0.07022665740732575,0.06146158780179988,0.053854302207453394,0.048237199518712706,0.043754703072815225
2024-08-21,0.00924383724207267,0.03270063370753588,0.032219517432725595,0.03704075651399945,0.05079662256733811,0.048768721158432254,0.07022631440732575,0.06146141780179988,0.053849027207453395,0.048239586518712706,0.043754639072815224
2024-08-22,0.00924383724207267,0.032701017707535876,0.032219517432725595,0.03704075651399945,0.0507931755673381,0.04876842615843225,0.07022597140732575,0.06146124780179988,0.05385149920745339,0.048239586518712706,0.04375457507281522
2024-08-23,0.009243832242072671,0.03270140270753588,0.032219517432725595,0.03703969251399945,0.0507942395673381,0.048768131158432246,0.07021973340732576,0.06145830880179988,0.053853971207453395,0.048239586518712706,0.04375451107281522
2024-08-26,0.00924383724207267,0.03270140270753588,0.032218749432725596,0.03704075651399945,0.0507944215673381,0.048767245158432254,0.07022459940732576,0.06146056780179988,0.053853639207453396,0.04823481251871271,0.04375198107281522
2024-08-27,0.00924383724207267,0.03270140270753588,0.0322191334327256,0.03704075651399945,0.0507939815673381,0.04876695015843225,0.07022425640732576,0.06146039780179988,0.05385352920745339,0.048237199518712706,0.043754256072815224
2024-08-28,0.00924383724207267,0.03270063370753588,0.032219517432725595,0.03704075651399945,0.050793541567338105,0.048766655158432246,0.07022391340732576,0.06146022780179988,0.05384825520745339,0.048239586518712706,0.04375419207281522
2024-08-29,0.00924383724207267,0.032701017707535876,0.032219517432725595,0.03704075651399945,0.05079459256733811,0.04876635915843225,0.07022357040732576,0.06144622680179988,0.053850726207453396,0.048239586518712706,0.04375412807281522
2024-08-30,0.00924382824207267,0.03270140270753588,0.032219517432725595,0.03703969251399945,0.0507956425673381,0.04876606415843225,0.07021146940732576,0.061448822801799884,0.05385319720745339,0.048239586518712706,0.04375406407281522
2024-09-04,0.00924383724207267,0.032701786707535874,0.032219517432725595,0.037041289513999445,0.0507949015673381,0.04876458815843225,0.07022151240732576,0.06145903780179988,0.053847483207453396,0.048239586518712706,0.04375374507281522
2024-09-05,0.00924383724207267,0.032701017707535876,0.032219517432725595,0.037041289513999445,0.0507944535673381,0.048764293158432254,0.07022116940732576,0.06145333680179988,0.053849953207453394,0.048239586518712706,0.04375368107281522
2024-09-06,0.009243832242072671,0.03270140270753588,0.032219517432725595,0.037041289513999445,0.0507940065673381,0.04876399815843225,0.07021495840732575,0.06145593280179988,0.05385242320745339,0.048239586518712706,0.04375361707281522
2024-09-09,0.00924383724207267,0.032701786707535874,0.032218749432725596,0.037041289513999445,0.050791193567338105,0.04876311215843225,0.07021979740732576,0.06145818780179988,0.05385209220745339,0.04823481251871271,0.04375108707281522
2024-09-10,0.00924383724207267,0.032701786707535874,0.0322191334327256,0.037041289513999445,0.0507922175673381,0.04876281715843225,0.07021945440732576,0.06145801780179988,0.053851981207453395,0.048237199518712706,0.04375336207281522
2024-09-11,0.00924383724207267,0.032701786707535874,0.032219517432725595,0.037041289513999445,0.0507917695673381,0.04876252215843225,0.07021911140732576,0.06145784780179988,0.05384671120745339,0.048239586518712706,0.04375329807281522
2024-09-12,0.00924383724207267,0.032701017707535876,0.032219517432725595,0.037041289513999445,0.0507913225673381,0.04876222715843225,0.07021876840732576,0.06145215080179988,0.05384918020745339,0.048239586518712706,0.04375323407281522
2024-09-13,0.009243832242072671,0.03270140270753588,0.032219517432725595,0.037041289513999445,0.050790875567338106,0.04876193215843225,0.07021257140732576,0.06145474480179988,0.053851650207453396,0.048239586518712706,0.04375317007281522
2024-09-16,0.00924383724207267,0.032701786707535874,0.032218749432725596,0.037041289513999445,0.0507880795673381,0.048761046158432256,0.07021739640732576,0.06145699880179988,0.0538513182074534,0.04823481251871271,0.043750641072815226
2024-09-17,0.00924383724207267,0.032701786707535874,0.0322191334327256,0.037041289513999445,0.050789086567338104,0.04876075115843225,0.07021705340732576,0.06145682880179988,0.05385120820745339,0.048237199518712706,0.04375291507281522
2024-09-18,0.00924383724207267,0.032701786707535874,0.032219517432725595,0.037041289513999445,0.050788638567338104,0.04876045615843225,0.07021671040732576,0.06145665880179988,0.0538459392074534,0.048239586518712706,0.04375285107281522
2024-09-19,0.00924383724207267,0.032701017707535876,0.032219517432725595,0.037041289513999445,0.050788191567338103,0.04876016115843225,0.07021636740732576,0.06145096480179988,0.053848407207453396,0.048239586518712706,0.04375278707281522
2024-09-20,0.009243832242072671,0.03270140270753588,0.032219517432725595,0.037041289513999445,0.0507877445673381,0.04875986615843225,0.07021018440732577,0.06145355680179988,0.053850876207453394,0.048239586518712706,0.04375272307281522
2024-09-23,0.00924383724207267,0.032701786707535874,0.032218749432725596,0.037041289513999445,0.0507849665673381,0.048758981158432246,0.07021499640732576,0.061455808801799884,0.053850545207453394,0.04823481251871271,0.043750194072815225
2024-09-24,0.00924383724207267,0.032701786707535874,0.0322191334327256,0.037041289513999445,0.0507859555673381,0.04875868615843225,0.07021465340732576,0.06145563880179988,0.0538504352074534,0.048237199518712706,0.04375246807281522
2024-09-25,0.00924383724207267,0.032701786707535874,0.032219517432725595,0.037041289513999445,0.0507855085673381,0.04875839115843225,0.07021431040732576,0.06145546880179988,0.053845167207453394,0.048239586518712706,0.04375240407281522
2024-09-26,0.00924383724207267,0.032701017707535876,0.032219517432725595,0.037041289513999445,0.0507850615673381,0.048758096158432254,0.07021396740732576,0.06144977780179988,0.05384763520745339,0.048239586518712706,0.04375234007281522
2024-09-27,0.009243832242072671,0.03270140270753588,0.032219517432725595,0.037041289513999445,0.0507846145673381,0.04875780115843225,0.07020779740732576,0.061452368801799884,0.05385010320745339,0.048239586518712706,0.043752276072815226
2024-09-30,0.00924383724207267,0.032701786707535874,0.032218749432725596,0.037041289513999445,0.0507818545673381,0.04875691515843225,0.07021259640732576,0.06145461880179988,0.05384977220745339,0.04823481251871271,0.043749747072815225
2024-10-01,0.00924383724207267,0.03270140270753588,0.0322191334327256,0.03703964251399945,0.05078140956733811,0.048756620158432254,0.07021225340732576,0.06145444880179988,0.053849661207453395,0.048237199518712706,0.04375202107281522
2024-10-02,0.00924383724207267,0.03270063370753588,0.032219517432725595,0.03704016851399945,0.050780965567338104,0.04875632515843225,0.07021191040732576,0.06145427880179988,0.05384439520745339,0.048239586518712706,0.04375195707281522
2024-10-03,0.00924383724207267,0.032701017707535876,0.032219517432725595,0.03703958051399945,0.0507805205673381,0.04875603015843225,0.07021156740732576,0.06144859180179988,0.0538468622074534,0.048239586518712706,0.043751893072815226
2024-10-04,0.009243832242072671,0.03270140270753588,0.032219517432725595,0.03703681451399945,0.0507800755673381,0.04875573515843225,0.07020541040732575,0.06145118080179988,0.053849330207453396,0.048239586518712706,0.043751829072815225
2024-10-07,0.00924383724207267,0.03270140270753588,0.032218749432725596,0.037037227513999446,0.0507773435673381,0.048754850158432256,0.07021019640732576,0.06145342880179988,0.0538489982074534,0.04823481251871271,0.04374930107281522
2024-10-08,0.00924383724207267,0.03270140270753588,0.0322191334327256,0.03703663951399945,0.05077829856733811,0.04875455515843225,0.07020985340732576,0.06145325880179988,0.05384888820745339,0.048237199518712706,0.04375157407281522
2024-10-09,0.00924383724207267,0.03270063370753588,0.032219517432725595,0.037036051513999454,0.050777853567338105,0.04875426015843225,0.07020951040732576,0.06145308880179988,0.053843623207453395,0.048239586518712706,0.04375151007281522
2024-10-10,0.00924383724207267,0.032701017707535876,0.032219517432725595,0.037035463513999445,0.0507774095673381,0.04875396515843225,0.07020916740732576,0.06144740580179988,0.053846089207453394,0.048239586518712706,0.043751446072815225
2024-10-11,0.009243832242072671,0.03270140270753588,0.032219517432725595,0.03703278551399945,0.0507769645673381,0.04875367115843225,0.07020302440732576,0.06144999280179988,0.053848556207453394,0.048239586518712706,0.043751382072815224
2024-10-14,0.00924383724207267,0.03270140270753588,0.032218749432725596,0.03703311151399945,0.0507756315673381,0.048752786158432246,0.07020779640732576,0.06145223980179988,0.053848225207453394,0.04823481251871271,0.04374885407281522
2024-10-15,0.00924383724207267,0.03270140270753588,0.0322191334327256,0.03703252451399945,0.050775187567338106,0.04875249115843225,0.07020745440732576,0.06145206980179988,0.0538481142074534,0.048237199518712706,0.04375112707281522
2024-10-16,0.00924383724207267,0.03270063370753588,0.032219517432725595,0.03703193651399945,0.050774742567338105,0.04875219615843225,0.07020711140732576,0.06145189980179988,0.05384285120745339,0.048239586518712706,0.043751063072815226
2024-10-17,0.00924383724207267,0.032701017707535876,0.032219517432725595,0.037031348513999446,0.0507742985673381,0.048751901158432254,0.07020676840732576,0.06144621980179988,0.05384531720745339,0.048239586518712706,0.043750999072815225
2024-10-18,0.009243832242072671,0.03270140270753588,0.032219517432725595,0.03702875951399945,0.0507738535673381,0.04875160615843225,0.07020063840732577,0.06144880480179988,0.05384778320745339,0.048239586518712706,0.04375093607281522
2024-10-21,0.00924383724207267,0.03270140270753588,0.032218749432725596,0.03702899751399945,0.0507725215673381,0.04875072115843225,0.07020539740732576,0.061451049801799884,0.05384745120745339,0.04823481251871271,0.04374840707281522
2024-10-22,0.00924383724207267,0.03270140270753588,0.0322191334327256,0.03702841051399945,0.050772076567338106,0.04875042615843225,0.07020505440732576,0.06145087980179988,0.053847341207453395,0.048237199518712706,0.043750680072815226
2024-10-23,0.00924383724207267,0.03270063370753588,0.032219517432725595,0.03702782251399945,0.050771632567338104,0.048750131158432256,0.07020471140732576,0.06145070980179988,0.053842079207453396,0.048239586518712706,0.043750616072815225
2024-10-24,0.00924383724207267,0.032701017707535876,0.032219517432725595,0.037027235513999446,0.0507711885673381,0.04874983615843225,0.07020436940732576,0.06144503280179988,0.053844544207453396,0.048239586518712706,0.043750552072815224
2024-10-25,0.009243832242072671,0.03270140270753588,0.032219517432725595,0.03701830451399945,0.0507707435673381,0.048749542158432246,0.07019825240732576,0.06144761680179988,0.053847009207453396,0.048239586518712706,0.04375048907281522
2024-10-28,0.00924383724207267,0.03270140270753588,0.032218749432725596,0.03701935851399945,0.0507694115673381,0.048748657158432254,0.07020299840732576,0.06144986080179988,0.0538466782074534,0.04823481251871271,0.04374796107281522
2024-10-29,0.00924383724207267,0.03270140270753588,0.0322191334327256,0.03701970251399945,0.050768967567338105,0.04874836215843225,0.07020265540732576,0.06144969080179988,0.05384656820745339,0.048237199518712706,0.043750233072815226
2024-10-30,0.00924383724207267,0.03270063370753588,0.032219517432725595,0.03702004251399945,0.0507618265673381,0.048748067158432246,0.07020231240732576,0.061449520801799884,0.05384130720745339,0.048239586518712706,0.043750169072815225
2024-10-31,0.00924383724207267,0.032701017707535876,0.032219517432725595,0.03702037851399945,0.0507627275673381,0.04874777215843225,0.07020197040732576,0.06144384680179988,0.05384377220745339,0.048239586518712706,0.043750105072815224
2024-11-01,0.009243832242072671,0.03270140270753588,0.0322183924327256,0.03702071051399945,0.0507636265673381,0.04874747815843225,0.07019586740732575,0.06144642880179988,0.05384623620745339,0.048239586518712706,0.04375004207281522
2024-11-04,0.00924383724207267,0.032701786707535874,0.0322151034327256,0.037020774513999447,0.050766302567338106,0.04874659315843225,0.07020059940732576,0.06144867080179988,0.053845905207453394,0.04823481251871271,0.04374751407281522
2024-11-05,0.00924383724207267,0.032701786707535874,0.032215428432725596,0.03702018751399945,0.0507671875673381,0.04874629815843225,0.07020025640732576,0.06144850080179988,0.0538457942074534,0.048237199518712706,0.043749786072815225
2024-11-06,0.00924383724207267,0.032701786707535874,0.0322157514327256,0.037019600513999454,0.0507667415673381,0.04874600315843225,0.07019991440732576,0.06144833180179988,0.0538405352074534,0.048239586518712706,0.043749722072815224
2024-11-07,0.00924383724207267,0.032701017707535876,0.0322149984327256,0.03701901351399945,0.0507662945673381,0.04874570915843225,0.07019957140732576,0.06144266080179988,0.0538429992074534,0.048239586518712706,0.04374965907281522
2024-11-08,0.009243832242072671,0.03270140270753588,0.032214245432725594,0.037016689513999446,0.0507658485673381,0.048745414158432254,0.07019348140732576,0.06144524180179988,0.05384546320745339,0.048239586518712706,0.04374959507281522
2024-11-11,0.00924383724207267,0.032701786707535874,0.03221000143272559,0.03701666651399945,0.050763193567338105,0.04874452915843225,0.07019820040732576,0.06144748180179988,0.05384513120745339,0.04823481251871271,0.04374706707281522
2024-11-12,0.00924383724207267,0.032701786707535874,0.0322102444327256,0.03701607951399945,0.050764062567338106,0.04874423515843225,0.07019785840732576,0.06144731180179988,0.053845021207453395,0.048237199518712706,0.043749339072815224
2024-11-13,0.00924383724207267,0.032701786707535874,0.0322104824327256,0.03701549251399945,0.050763615567338105,0.04874394015843225,0.07019751540732576,0.06144714180179988,0.05383976420745339,0.048239586518712706,0.04374927507281522
2024-11-14,0.00924383724207267,0.032701017707535876,0.0322097294327256,0.03701490551399945,0.050763169567338104,0.048743645158432256,0.07019717340732576,0.06144147480179988,0.053842227207453394,0.048239586518712706,0.04374921207281522
2024-11-15,0.009243832242072671,0.03395298070753588,0.0334579874327256,0.03825784551399945,0.0519950485673381,0.04996615815843225,0.07019109640732576,0.06144405380179988,0.053844690207453395,0.048239586518712706,0.04374914807281522
2024-11-18,0.00924383724207267,0.03395342470753588,0.0334535484327256,0.03825779951399945,0.0519922505673381,0.04996523715843225,0.07019580240732576,0.06144629280179988,0.0538443582074534,0.04823481251871271,0.043746621072815225
2024-11-19,0.00924383724207267,0.03395342470753588,0.033453751432725595,0.038257175513999445,0.0519931885673381,0.04996493015843225,0.07019546040732576,0.06144612280179988,0.05384424820745339,0.048237199518712706,0.043748892072815224
2024-11-20,0.00924383724207267,0.03395342470753588,0.0334539464327256,0.03825655251399945,0.0519927235673381,0.04996462315843225,0.07019511740732576,0.06144595280179988,0.0538389922074534,0.048239586518712706,0.04374882907281522
2024-11-21,0.00924383724207267,0.03395253570753588,0.0334531384327256,0.03825592851399945,0.05199225856733811,0.04996431615843225,0.07019477440732576,0.06144028980179988,0.05384145420745339,0.048239586518712706,0.04374876507281522
2024-11-22,0.009243832242072671,0.03395298070753588,0.033452330432725594,0.03825357351399945,0.0519917935673381,0.04996400915843225,0.07018871140732576,0.06144286580179988,0.05384391620745339,0.048239586518712706,0.04374870107281522
2024-11-25,0.00924383724207267,0.03395342470753588,0.033442082432725596,0.03825343451399945,0.0519890135673381,0.04996308815843225,0.07019340440732576,0.06144510280179988,0.053843585207453394,0.04823481251871271,0.043746174072815225
2024-11-26,0.00924383724207267,0.03395342470753588,0.0334421884327256,0.03825281151399945,0.0519899335673381,0.04996278115843225,0.07019306240732576,0.061444933801799884,0.053843475207453396,0.048237199518712706,0.04374844507281522
2024-11-27,0.00924383724207267,0.03395342470753588,0.033442284432725594,0.03825218851399945,0.051989468567338104,0.049962474158432246,0.07019271940732576,0.06144476380179988,0.053838220207453394,0.048239586518712706,0.04374838207281522
2024-11-28,0.00924383724207267,0.03395253570753588,0.0334423704327256,0.03825156451399945,0.0519890035673381,0.049962167158432255,0.07019237640732576,0.06143910380179988,0.053840682207453396,0.048239586518712706,0.04374831807281522
2024-11-29,0.009243832242072671,0.03395298070753588,0.0334424454327256,0.038251768513999446,0.0519885385673381,0.04996186115843225,0.07018632740732575,0.06144167880179988,0.05384314320745339,0.048239586518712706,0.04374825407281522
2024-12-02,0.00924383724207267,0.03395138670753588,0.033442600432725594,0.03824987751399945,0.051985777567338104,0.049958319158432254,0.07019100640732576,0.06144391380179988,0.05384281220745339,0.04823481251871271,0.043745727072815224
2024-12-03,0.00924383724207267,0.033949792707535884,0.033442627432725594,0.03825005151399945,0.0519853155673381,0.04995932315843225,0.07019066440732576,0.06144374380179988,0.053842701207453394,0.048237199518712706,0.04374799907281522
2024-12-04,0.00924383724207267,0.03394460870753588,0.033441833432725596,0.03824941451399945,0.051984852567338105,0.04995901815843225,0.07019032140732576,0.06144357480179988,0.05383744820745339,0.048239586518712706,0.04374793507281522
2024-12-05,0.00924383724207267,0.03394481870753588,0.0334410394327256,0.03824877751399945,0.0519843905673381,0.049958712158432256,0.07018997940732576,0.06143791780179988,0.05383990920745339,0.048239586518712706,0.04374787107281522
2024-12-06,0.009243832242072671,0.03394501370753587,0.0334402454327256,0.038248140513999454,0.051983928567338106,0.04995579515843225,0.07018394240732576,0.06144049180179988,0.053842370207453395,0.048239586518712706,0.043747807072815226
2024-12-09,0.00924383724207267,0.033940237707535875,0.0334371324327256,0.038245468513999445,0.0519825425673381,0.04995748915843225,0.07018860940732576,0.06144272480179988,0.053842039207453396,0.04823481251871271,0.04374528107281522
2024-12-10,0.00924383724207267,0.03393864570753588,0.0334370714327256,0.03824559351399945,0.0519820795673381,0.049957183158432256,0.07018826640732576,0.06144255480179988,0.05384192820745339,0.048237199518712706,0.04374755207281522
2024-12-11,0.00924383724207267,0.03393414270753588,0.0334362774327256,0.03824495651399945,0.0519816175673381,0.04995687815843225,0.07018792440732576,0.06144238580179988,0.053836677207453394,0.048239586518712706,0.04374748807281522
2024-12-12,0.00924383724207267,0.03393402570753588,0.03343548443272559,0.03824431951399945,0.0519811555673381,0.04995657215843225,0.07018758140732576,0.06143673180179988,0.0538391372074534,0.048239586518712706,0.043747424072815226
2024-12-13,0.009243832242072671,0.03393387270753588,0.033434690432725594,0.03824368351399945,0.0519806935673381,0.04995367115843225,0.07018155840732576,0.06143930380179988,0.05384159720745339,0.048239586518712706,0.043747360072815225
2024-12-16,0.00924383724207267,0.03392910270753588,0.0334316674327256,0.03824106151399945,0.0519793075673381,0.04995534915843225,0.07018621140732575,0.06144153580179988,0.053841265207453394,0.04823481251871271,0.04374483407281522
2024-12-17,0.00924383724207267,0.03392751270753588,0.0334315174327256,0.03824113751399945,0.0519788455673381,0.04995504315843225,0.07018586940732575,0.06144136580179988,0.053841155207453396,0.048237199518712706,0.04374710507281522
2024-12-18,0.00924383724207267,0.03392368870753588,0.0334307244327256,0.03824050051399945,0.0519783835673381,0.04995473815843225,0.07018552640732575,0.06144119580179988,0.05383590520745339,0.048239586518712706,0.04374704107281522
2024-12-19,0.00924383724207267,0.03392324570753588,0.0334299314327256,0.03823986451399945,0.0519779215673381,0.049954432158432246,0.07018518440732575,0.061435546801799884,0.053838364207453394,0.048239586518712706,0.043746977072815225
2024-12-20,0.009243832242072671,0.03392274570753588,0.0334291384327256,0.03823922751399945,0.0519774595673381,0.04995154715843225,0.07017917540732575,0.06143811680179988,0.0538408242074534,0.048239586518712706,0.043746913072815224
2024-12-23,0.00924383724207267,0.03391798170753588,0.0334262054327256,0.03823665651399945,0.051976073567338105,0.04995320915843225,0.07018381440732575,0.06144034680179988,0.05384049220745339,0.04823481251871271,0.04374438707281522
2024-12-24,0.00924383724207267,0.03391639370753588,0.0334259684327256,0.03823668251399945,0.0519756115673381,0.049952904158432246,0.07018347240732575,0.06144017680179988,0.053840382207453394,0.048237199518712706,0.04374665807281522
2024-12-25,0.00924383724207267,0.03390831970753588,0.03342517543272559,0.03823604651399945,0.051975149567338105,0.049952598158432254,0.07018312940732575,0.06144000780179988,0.053835134207453395,0.048239586518712706,0.043746594072815226
2024-12-26,0.00924383724207267,0.03390772270753588,0.03342438343272559,0.03823541051399945,0.0519746875673381,0.04995229315843225,0.07018278740732575,0.061434360801799884,0.05383759220745339,0.048239586518712706,0.043746530072815225
2024-12-27,0.009243832242072671,0.033907070707535875,0.033423590432725594,0.03823477451399945,0.051974225567338106,0.049949423158432246,0.07017679140732576,0.06143692980179988,0.053840051207453395,0.048239586518712706,0.043746466072815224
2024-12-30,0.00924383724207267,0.03390473970753588,0.0334221504327256,0.03823225251399945,0.0519728405673381,0.049951070158432254,0.07018141740732575,0.06143915780179988,0.053839719207453396,0.04823481251871271,0.04374394107281522
2024-12-31,0.00924212024207267,0.03390381970753588,0.0334217884327256,0.038232230513999446,0.05197367056733811,0.049952042158432255,0.07018107540732577,0.061438987801799884,0.05383960920745339,0.048237199518712706,0.043746211072815226
2025-01-02,0.009240412242072671,0.03390325970753588,0.0334205134327256,0.03823159451399945,0.0519732065673381,0.04995173615843225,0.07017226740732575,0.06143334480179988,0.053837151207453394,0.048239586518712706,0.043746147072815225
2025-01-03,0.00924040824207267,0.03390370270753588,0.033420955432725594,0.03823159451399945,0.0519732065673381,0.04995173615843225,0.07017508940732575,0.06143608180179988,0.053839719207453396,0.048239586518712706,0.043746147072815225
2025-01-06,0.009240412242072671,0.03390370270753588,0.033420955432725594,0.03823039451399945,0.0519719165673381,0.04995173615843225,0.07018073340732575,0.06143881880179988,0.053840051207453395,0.0482346505187127,0.043743813072815226
2025-01-07,0.009240412242072671,0.03390370270753588,0.033420955432725594,0.038230994513999444,0.0519732065673381,0.04995173615843225,0.07018073340732575,0.06143881880179988,0.05384016120745339,0.04823711851871271,0.043746147072815225
2025-01-08,0.009240412242072671,0.03390281670753588,0.0334200714327256,0.03823159451399945,0.0519732065673381,0.04995173615843225,0.07018073340732575,0.06143881880179988,0.0538353542074534,0.048239586518712706,0.043746147072815225
2025-01-09,0.009240412242072671,0.03390325970753588,0.0334205134327256,0.03823159451399945,0.0519732065673381,0.04995173615843225,0.07018073340732575,0.06143334480179988,0.05383792320745339,0.048239586518712706,0.043746147072815225
2025-01-10,0.00924040824207267,0.03390370270753588,0.033420955432725594,0.03823159451399945,0.0519732065673381,0.04995173615843225,0.07018073340732575,0.06143608180179988,0.05384049220745339,0.048239586518712706,0.043746147072815225
2025-01-13,0.009240412242072671,0.03390370270753588,0.033420955432725594,0.038230994513999444,0.0519719165673381,0.04995173615843225,0.07018073340732575,0.06143881880179988,0.0538408242074534,0.0482346505187127,0.043743813072815226
2025-01-14,0.009240412242072671,0.03390370270753588,0.033420955432725594,0.03823159451399945,0.0519732065673381,0.04995173615843225,0.07018073340732575,0.06143881880179988,0.053840934207453395,0.04823711851871271,0.043746147072815225
2025-01-15,0.009240412242072671,0.03390281670753588,0.0334200714327256,0.03823159451399945,0.0519732065673381,0.04995173615843225,0.07018073340732575,0.06143881880179988,0.05383612620745339,0.048239586518712706,0.043746147072815225
2025-01-16,0.009240412242072671,0.03390325970753588,0.0334205134327256,0.03823159451399945,0.0519732065673381,0.04995173615843225,0.07018073340732575,0.06143334480179988,0.053838695207453394,0.048239586518712706,0.043746147072815225
2025-01-17,0.00924040824207267,0.03390370270753588,0.033420955432725594,0.03823159451399945,0.0519732065673381,0.04995173615843225,0.07017508940732575,0.06143608180179988,0.053841265207453394,0.048239586518712706,0.043746147072815225
2025-01-20,0.009240412242072671,0.03390370270753588,0.033420955432725594,0.038230994513999444,0.0519719165673381,0.04995173615843225,0.07018073340732575,0.06143881880179988,0.05384159720745339,0.0482346505187127,0.043743813072815226
2025-01-21,0.009240412242072671,0.03390370270753588,0.033420955432725594,0.03823159451399945,0.0519732065673381,0.04995173615843225,0.07018073340732575,0.06143881880179988,0.0538417072074534,0.04823711851871271,0.043746147072815225
2025-01-22,0.009240412242072671,0.03390281670753588,0.0334200714327256,0.03823159451399945,0.0519732065673381,0.04995173615843225,0.07018073340732575,0.06143881880179988,0.053836897207453396,0.048239586518712706,0.043746147072815225
2025-01-23,0.009240412242072671,0.03390325970753588,0.0334205134327256,0.03823159451399945,0.0519732065673381,0.04995173615843225,0.07018073340732575,0.06143334480179988,0.053839468207453396,0.048239586518712706,0.043746147072815225
2025-01-24,0.00924039324207267,0.03390370270753588,0.033420955432725594,0.03823159451399945,0.0519732065673381,0.04995173615843225,0.07017508940732575,0.06143608180179988,0.053842039207453396,0.048239586518712706,0.043746147072815225
2025-02-03,0.009240412242072671,0.03390503170753588,0.033420955432725594,0.038230994513999444,0.0519719165673381,0.04995173615843225,0.07018073340732575,0.06143881880179988,0.05384314320745339,0.0482346505187127,0.043743813072815226
2025-02-04,0.009240412242072671,0.03390503170753588,0.033420955432725594,0.03823159451399945,0.0519732065673381,0.04995173615843225,0.07018073340732575,0.06143881880179988,0.053843254207453395,0.04823711851871271,0.043746147072815225
2025-02-05,0.009240412242072671,0.03390503170753588,0.0334196294327256,0.03823219451399945,0.0519732065673381,0.04995173615843225,0.07018073340732575,0.06166707680179988,0.05413015920745339,0.048239586518712706,0.043746147072815225
2025-02-06,0.009240412242072671,0.03390503170753588,0.0334200714327256,0.03823219451399945,0.0519732065673381,0.04995173615843225,0.07018073340732575,0.06166154880179988,0.054132764207453395,0.048239586518712706,0.043746147072815225
2025-02-07,0.00924040824207267,0.03390503170753588,0.0334205134327256,0.03823219451399945,0.0519732065673381,0.04995173615843225,0.07017508940732575,0.06166431280179988,0.0541353702074534,0.048239586518712706,0.043746147072815225
2025-02-10,0.009240412242072671,0.03390503170753588,0.033420955432725594,0.038230994513999444,0.0519719165673381,0.04995173615843225,0.07018073340732575,0.06166707680179988,0.054135703207453395,0.0482346505187127,0.043743813072815226
2025-02-11,0.009240412242072671,0.03390503170753588,0.033420955432725594,0.03823159451399945,0.0519732065673381,0.04995173615843225,0.07018073340732575,0.06166707680179988,0.05413581520745339,0.04823711851871271,0.043746147072815225
2025-02-12,0.009240412242072671,0.03390503170753588,0.0334200714327256,0.03823219451399945,0.0519732065673381,0.04995173615843225,0.07018073340732575,0.06166707680179988,0.05413093620745339,0.048239586518712706,0.043746147072815225
2025-02-13,0.009240412242072671,0.03390503170753588,0.0334205134327256,0.03823219451399945,0.0519732065673381,0.04995173615843225,0.07018073340732575,0.06166154880179988,0.054133542207453395,0.048239586518712706,0.043746147072815225
2025-02-14,0.00924040824207267,0.03390503170753588,0.033420955432725594,0.03823219451399945,0.0519732065673381,0.04995173615843225,0.07015534940732576,0.06166431280179988,0.0541361482074534,0.048239586518712706,0.043746147072815225
2025-02-17,0.009240412242072671,0.03390503170753588,0.033420955432725594,0.038230994513999444,0.0519719165673381,0.04995173615843225,0.07016380640732575,0.06166707680179988,0.054136482207453394,0.0482346505187127,0.043743813072815226
2025-02-18,0.009240412242072671,0.03390503170753588,0.033420955432725594,0.03823159451399945,0.0519732065673381,0.04995173615843225,0.07016662640732577,0.06166707680179988,0.05413659320745339,0.04823711851871271,0.043746147072815225
2025-02-19,0.009240412242072671,0.03390503170753588,0.0334200714327256,0.03823219451399945,0.0519732065673381,0.04995173615843225,0.07016944640732575,0.06166707680179988,0.05413171320745339,0.048239586518712706,0.043746147072815225
2025-02-20,0.009240412242072671,0.03390503170753588,0.0334205134327256,0.03823219451399945,0.0519732065673381,0.04995173615843225,0.07017226740732575,0.06166154880179988,0.054134319207453395,0.048239586518712706,0.043746147072815225
2025-02-21,0.00924040824207267,0.03390503170753588,0.033420955432725594,0.03823219451399945,0.0519732065673381,0.04995173615843225,0.07017508940732575,0.06166431280179988,0.0541369262074534,0.048239586518712706,0.043746147072815225
2025-02-24,0.009240412242072671,0.03390503170753588,0.033420955432725594,0.038230994513999444,0.0519719165673381,0.04995173615843225,0.07018073340732575,0.06166707680179988,0.054137260207453394,0.0482346505187127,0.043743813072815226
2025-02-25,0.009240412242072671,0.03390503170753588,0.033420955432725594,0.03823159451399945,0.0519732065673381,0.04995173615843225,0.07018073340732575,0.06166707680179988,0.05413737120745339,0.04823711851871271,0.043746147072815225
2025-02-26,0.009240412242072671,0.03390503170753588,0.033420955432725594,0.03823219451399945,0.0519732065673381,0.04995173615843225,0.07018073340732575,0.06166707680179988,0.054132489207453394,0.048239586518712706,0.043746147072815225
2025-02-27,0.009240412242072671,0.03390503170753588,0.0334205134327256,0.03823219451399945,0.0519732065673381,0.04995173615843225,0.07018073340732575,0.06166154880179988,0.054135097207453395,0.048239586518712706,0.043746147072815225
2025-02-28,0.00924040824207267,0.03390503170753588,0.033420955432725594,0.03823219451399945,0.0519732065673381,0.04995173615843225,0.07017508940732575,0.06166431280179988,0.054137705207453396,0.048239586518712706,0.043746147072815225
2025-03-03,0.009240412242072671,0.03390370270753588,0.033419187432725594,0.03823039451399945,0.0519693375673381,0.04994918215843225,0.07018073340732575,0.06166707680179988,0.0541355412074534,0.0482346505187127,0.043743813072815226
2025-03-04,0.009240412242072671,0.03390370270753588,0.0334196294327256,0.03823039451399945,0.0519693375673381,0.04994918215843225,0.07018073340732575,0.06166707680179988,0.05413065920745339,0.04823711851871271,0.043746147072815225
2025-03-05,0.009240412242072671,0.03390237370753588,0.0334200714327256,0.03823039451399945,0.0519693375673381,0.04994918215843225,0.07018073340732575,0.06166707680179988,0.054133266207453394,0.048239586518712706,0.043746147072815225
2025-03-06,0.009240412242072671,0.03390281670753588,0.0334200714327256,0.03823039451399945,0.0519667585673381,0.04994663015843225,0.07018073340732575,0.06166154880179988,0.054135875207453395,0.048239586518712706,0.043746147072815225
2025-03-07,0.00924040824207267,0.03390325970753588,0.0334200714327256,0.03822919551399945,0.051968047567338096,0.049947906158432254,0.07017508940732575,0.06166431280179988,0.05413598620745339,0.048239586518712706,0.043746147072815225
2025-03-10,0.009240412242072671,0.03365408170753588,0.0331699564327256,0.037981703513999446,0.0519693375673381,0.04994918215843225,0.07018073340732575,0.06166707680179988,0.0541363192074534,0.0482346505187127,0.043743813072815226
2025-03-11,0.009240412242072671,0.03365408170753588,0.0331703864327256,0.037981703513999446,0.0519693375673381,0.04994918215843225,0.07018073340732575,0.06166707680179988,0.05413143520745339,0.04823711851871271,0.043746147072815225
2025-03-12,0.009240412242072671,0.033653220707535875,0.0331708164327256,0.037981703513999446,0.0519693375673381,0.04994918215843225,0.07018073340732575,0.06166707680179988,0.054134043207453394,0.048239586518712706,0.043746147072815225
2025-03-13,0.009240412242072671,0.03365365070753588,0.0331708164327256,0.037981703513999446,0.0519667585673381,0.04994663015843225,0.07018073340732575,0.06166154880179988,0.054136652207453395,0.048239586518712706,0.043746147072815225
2025-03-14,0.00924040824207267,0.03365408170753588,0.0331708164327256,0.03798053151399945,0.051968047567338096,0.049947906158432254,0.07017508940732575,0.06166431280179988,0.05413676320745339,0.048239586518712706,0.043746147072815225
2025-03-17,0.009240412242072671,0.03365408170753588,0.0331699564327256,0.037981703513999446,0.0519693375673381,0.04994918215843225,0.07018073340732575,0.06166707680179988,0.0541370972074534,0.0482346505187127,0.043743813072815226
2025-03-18,0.009240412242072671,0.03365408170753588,0.0331703864327256,0.037981703513999446,0.0519693375673381,0.04994918215843225,0.07018073340732575,0.06166707680179988,0.054132211207453394,0.04823711851871271,0.043746147072815225
2025-03-19,0.009240412242072671,0.033653220707535875,0.0331708164327256,0.037981703513999446,0.0519693375673381,0.04994918215843225,0.07018073340732575,0.06166707680179988,0.054134820207453395,0.048239586518712706,0.043746147072815225
2025-03-20,0.009240412242072671,0.033404036707535875,0.0329215504327256,0.037732996513999445,0.0519667585673381,0.04994663015843225,0.07018073340732575,0.06166154880179988,0.054137430207453395,0.048239586518712706,0.043746147072815225
2025-03-21,0.00924040824207267,0.03340445570753588,0.0329215504327256,0.03773185251399945,0.051968047567338096,0.049947906158432254,0.07017508940732575,0.06166431280179988,0.05413754120745339,0.048239586518712706,0.043746147072815225
2025-03-24,0.009240412242072671,0.03340445570753588,0.032920714432725595,0.037732996513999445,0.0519693375673381,0.04994918215843225,0.07018073340732575,0.06166707680179988,0.0541378742074534,0.0482346505187127,0.043743813072815226
2025-03-25,0.009240412242072671,0.03315482370753588,0.0326718684327256,0.03748427351399945,0.0519693375673381,0.04994918215843225,0.07018073340732575,0.06166707680179988,0.054132987207453395,0.04823711851871271,0.043746147072815225
2025-03-26,0.009240412242072671,0.03315482370753588,0.0326722744327256,0.03748427351399945,0.0519693375673381,0.04994918215843225,0.07018073340732575,0.06166707680179988,0.054135597207453395,0.048239586518712706,0.043746147072815225
2025-03-27,0.009240412242072671,0.03315441670753588,0.0326722744327256,0.03748427351399945,0.0519667585673381,0.04994663015843225,0.07018073340732575,0.06166154880179988,0.054138208207453395,0.048239586518712706,0.043746147072815225
2025-03-28,0.00924040824207267,0.03315482370753588,0.0326722744327256,0.03748315751399945,0.051968047567338096,0.049947906158432254,0.07017508940732575,0.06166431280179988,0.05413831920745339,0.048239586518712706,0.043746147072815225
2025-03-31,0.009240412242072671,0.03315319670753588,0.0326714624327256,0.03748483151399945,0.0519706265673381,0.04994918215843225,0.07018073340732575,0.06166707680179988,0.0541386522074534,0.0482346505187127,0.043743813072815226
2025-04-01,0.009240412242072671,0.03315360370753588,0.0326718684327256,0.03748483151399945,0.0519706265673381,0.04994407815843225,0.07018073340732575,0.06166707680179988,0.054133763207453396,0.04823711851871271,0.043746147072815225
2025-04-02,0.009240412242072671,0.033154010707535875,0.0326722744327256,0.03748483151399945,0.0519706265673381,0.04994535415843225,0.07018073340732575,0.06166707680179988,0.054136374207453396,0.048239586518712706,0.043746147072815225
2025-04-03,0.009240412242072671,0.03315441670753588,0.0326722744327256,0.03748483151399945,0.0519706265673381,0.04994663015843225,0.07018073340732575,0.06166154880179988,0.054138985207453395,0.048239586518712706,0.043746147072815225
2025-04-04,0.009240405242072671,0.03315482370753588,0.0326722744327256,0.03748483151399945,0.051968047567338096,0.049947906158432254,0.07017508940732575,0.06166431280179988,0.05413909720745339,0.048239586518712706,0.043746147072815225
2025-04-08,0.009240412242072671,0.03315523070753588,0.0326718684327256,0.03748483151399945,0.0519706265673381,0.04994918215843225,0.07018073340732575,0.06166707680179988,0.0541345402074534,0.04823711851871271,0.043746147072815225
2025-04-09,0.009240412242072671,0.03315523070753588,0.0326722744327256,0.03748483151399945,0.0519706265673381,0.04994918215843225,0.07018073340732575,0.06166707680179988,0.054137151207453396,0.048239586518712706,0.043746147072815225
2025-04-10,0.009240412242072671,0.03315441670753588,0.0326722744327256,0.03748483151399945,0.0519706265673381,0.04994918215843225,0.07018073340732575,0.06166154880179988,0.054139763207453395,0.048239586518712706,0.043746147072815225
2025-04-11,0.00924040824207267,0.03315482370753588,0.0326722744327256,0.03748483151399945,0.051968047567338096,0.049947906158432254,0.07017508940732575,0.06166431280179988,0.05413987420745339,0.048239586518712706,0.043746147072815225
2025-04-14,0.009240412242072671,0.03315523070753588,0.0326714624327256,0.03748483151399945,0.0519706265673381,0.04994918215843225,0.07018073340732575,0.06166707680179988,0.0541402082074534,0.0482346505187127,0.043743813072815226
2025-04-15,0.009240412242072671,0.03315523070753588,0.0326718684327256,0.03748483151399945,0.0519706265673381,0.04994918215843225,0.07018073340732575,0.06166707680179988,0.05413531620745339,0.04823711851871271,0.043746147072815225
2025-04-16,0.009240412242072671,0.03315523070753588,0.0326722744327256,0.03748483151399945,0.0519706265673381,0.04994918215843225,0.07018073340732575,0.06166707680179988,0.0541379282074534,0.048239586518712706,0.043746147072815225
2025-04-17,0.009240412242072671,0.03315441670753588,0.0326722744327256,0.03748483151399945,0.0519706265673381,0.04994663015843225,0.07018073340732575,0.06166154880179988,0.054140541207453395,0.048239586518712706,0.043746147072815225
2025-04-18,0.00924040824207267,0.03315482370753588,0.0326722744327256,0.03748483151399945,0.051968047567338096,0.049947906158432254,0.07017508940732575,0.06166431280179988,0.05414065220745339,0.048239586518712706,0.043746147072815225
2025-04-21,0.009240412242072671,0.03315523070753588,0.0326714624327256,0.03748483151399945,0.0519706265673381,0.04994918215843225,0.07018073340732575,0.06166707680179988,0.0541409862074534,0.0482346505187127,0.043743813072815226
2025-04-22,0.009240412242072671,0.03315523070753588,0.0326718684327256,0.03748483151399945,0.0519706265673381,0.04994918215843225,0.07018073340732575,0.06166707680179988,0.05413609220745339,0.04823711851871271,0.043746147072815225
2025-04-23,0.009240412242072671,0.03315523070753588,0.0326722744327256,0.03748483151399945,0.0519706265673381,0.04994918215843225,0.07018073340732575,0.06166707680179988,0.0541387052074534,0.048239586518712706,0.043746147072815225
2025-04-24,0.009240412242072671,0.03315441670753588,0.0326722744327256,0.03748483151399945,0.0519706265673381,0.04994663015843225,0.07018073340732575,0.06166154880179988,0.054141319207453395,0.048239586518712706,0.043746147072815225
2025-04-25,0.009240412242072671,0.03315482370753588,0.0326722744327256,0.03748483151399945,0.051968047567338096,0.049947906158432254,0.07017226740732575,0.06166431280179988,0.05414143020745339,0.048239586518712706,0.043746147072815225
2025-04-26,0.00924041024207267,0.03315523070753588,0.0326722744327256,0.03748371551399945,0.0519693375673381,0.04994918215843225,0.07017508940732575,0.06166707680179988,0.054141541207453396,0.048239586518712706,0.043746147072815225
2025-04-28,0.009240412242072671,0.03315523070753588,0.0326714624327256,0.03748483151399945,0.0519706265673381,0.04994918215843225,0.07018073340732575,0.06166707680179988,0.0541417632074534,0.0482346505187127,0.043743813072815226
2025-04-29,0.00924040124207267,0.03315523070753588,0.0326718684327256,0.03748483151399945,0.0519706265673381,0.04994918215843225,0.07018073340732575,0.06166707680179988,0.05413686920745339,0.04823711851871271,0.043746147072815225
2025-05-05,0.009240412242072671,0.03315482370753588,0.0326714624327256,0.03748427351399945,0.0519693375673381,0.049947906158432254,0.07018073340732575,0.06166707680179988,0.0541425412074534,0.0482346505187127,0.043743813072815226
2025-05-06,0.009240412242072671,0.03315482370753588,0.0326718684327256,0.03748427351399945,0.0519693375673381,0.049947906158432254,0.07018073340732575,0.06166707680179988,0.05413764520745339,0.04823711851871271,0.043746147072815225
2025-05-07,0.009240412242072671,0.033154010707535875,0.0326722744327256,0.03748427351399945,0.0519693375673381,0.04994535415843225,0.07018073340732575,0.06166707680179988,0.0541402602074534,0.048239586518712706,0.043746147072815225
2025-05-08,0.009240412242072671,0.03315441670753588,0.0326722744327256,0.03748427351399945,0.0519667585673381,0.04994663015843225,0.07018073340732575,0.06166154880179988,0.054142875207453395,0.048239586518712706,0.043746147072815225
2025-05-09,0.00924040824207267,0.03315482370753588,0.0326722744327256,0.03748315751399945,0.051968047567338096,0.049947906158432254,0.07017508940732575,0.06166431280179988,0.05414298620745339,0.048239586518712706,0.043746147072815225
2025-05-12,0.009240412242072671,0.03315482370753588,0.0326714624327256,0.03748427351399945,0.0519693375673381,0.049947906158432254,0.07018073340732575,0.06166707680179988,0.0541433192074534,0.0482346505187127,0.043743813072815226
2025-05-13,0.009240412242072671,0.03315482370753588,0.0326718684327256,0.03748427351399945,0.0519693375673381,0.049947906158432254,0.07018073340732575,0.06166707680179988,0.054138421207453394,0.04823711851871271,0.043746147072815225
2025-05-14,0.009240412242072671,0.033154010707535875,0.0326722744327256,0.03748427351399945,0.0519693375673381,0.049936425158432246,0.07018073340732575,0.06166707680179988,0.05414103720745339,0.048239586518712706,0.043746147072815225
2025-05-15,0.009240412242072671,0.03315441670753588,0.0326722744327256,0.03748427351399945,0.0519667585673381,0.049937700158432255,0.07018073340732575,0.06166154880179988,0.054143653207453395,0.048239586518712706,0.043746147072815225
2025-05-16,0.00924040824207267,0.03315482370753588,0.0326722744327256,0.03748315751399945,0.051968047567338096,0.04993897515843225,0.07017508940732575,0.06166431280179988,0.05414376420745339,0.048239586518712706,0.043746147072815225
2025-05-19,0.009240412242072671,0.03315482370753588,0.0326714624327256,0.03748427351399945,0.0519693375673381,0.04994280215843225,0.07018073340732575,0.06166707680179988,0.0541440972074534,0.0482346505187127,0.043743813072815226
2025-05-20,0.009240412242072671,0.03315482370753588,0.0326718684327256,0.03748427351399945,0.0519693375673381,0.04994407815843225,0.07018073340732575,0.06166707680179988,0.054139198207453394,0.04823711851871271,0.043746147072815225
2025-05-21,0.009240412242072671,0.033154010707535875,0.0326722744327256,0.03748427351399945,0.0519693375673381,0.04994535415843225,0.07018073340732575,0.06166707680179988,0.05414181420745339,0.048239586518712706,0.043746147072815225
2025-05-22,0.009240412242072671,0.03315441670753588,0.0326722744327256,0.03748427351399945,0.0519667585673381,0.04994663015843225,0.07018073340732575,0.06166154880179988,0.054144431207453395,0.048239586518712706,0.043746147072815225
2025-05-23,0.00924040824207267,0.03315482370753588,0.0326722744327256,0.03748315751399945,0.051968047567338096,0.049947906158432254,0.07017508940732575,0.06166431280179988,0.05414454220745339,0.048239586518712706,0.043746147072815225
2025-05-26,0.009240412242072671,0.03315482370753588,0.0326714624327256,0.03748427351399945,0.0519693375673381,0.049947906158432254,0.07018073340732575,0.06166707680179988,0.0541448752074534,0.0482346505187127,0.043743813072815226
2025-05-27,0.009240412242072671,0.03315482370753588,0.0326718684327256,0.03748427351399945,0.0519693375673381,0.049947906158432254,0.07018073340732575,0.06166707680179988,0.054139974207453395,0.04823711851871271,0.043746147072815225
2025-05-28,0.009240412242072671,0.033154010707535875,0.0326722744327256,0.03748427351399945,0.0519693375673381,0.04994535415843225,0.07018073340732575,0.06166707680179988,0.05414259120745339,0.048239586518712706,0.043746147072815225
2025-05-29,0.009240412242072671,0.03315441670753588,0.0326722744327256,0.03748427351399945,0.0519667585673381,0.04994663015843225,0.07018073340732575,0.06166154880179988,0.054145208207453395,0.048239586518712706,0.043746147072815225
2025-05-30,0.00924040824207267,0.03315482370753588,0.0326722744327256,0.03748204251399945,0.051968047567338096,0.049947906158432254,0.07017508940732575,0.06166431280179988,0.05414532020745339,0.048239586518712706,0.043746147072815225
2025-06-02,0.009240412242072671,0.03315523070753588,0.0326714624327256,0.03748371551399945,0.0519706265673381,0.04995173615843225,0.07018073340732575,0.06166707680179988,0.0541456532074534,0.0482346505187127,0.043743813072815226
2025-06-03,0.009240412242072671,0.03315523070753588,0.0326718684327256,0.03748427351399945,0.0519706265673381,0.04995173615843225,0.07018073340732575,0.06166707680179988,0.054140751207453396,0.04823711851871271,0.043746147072815225
2025-06-04,0.009240412242072671,0.03315523070753588,0.0326722744327256,0.03748427351399945,0.0519706265673381,0.04995173615843225,0.07018073340732575,0.06166707680179988,0.05414336820745339,0.048239586518712706,0.043746147072815225
2025-06-05,0.009240412242072671,0.03315441670753588,0.0326722744327256,0.03748427351399945,0.0519706265673381,0.04995173615843225,0.07018073340732575,0.06166154880179988,0.054145986207453395,0.048239586518712706,0.043746147072815225
2025-06-06,0.00924040824207267,0.03315482370753588,0.0326722744327256,0.03748315751399945,0.051968047567338096,0.04995173615843225,0.07017508940732575,0.06166431280179988,0.05414609820745339,0.048239586518712706,0.043746147072815225
2025-06-09,0.009240412242072671,0.03315523070753588,0.0326714624327256,0.03748427351399945,0.0519706265673381,0.04995173615843225,0.07018073340732575,0.06166707680179988,0.0541464312074534,0.0482346505187127,0.043743813072815226
2025-06-10,0.009240412242072671,0.03315523070753588,0.0326718684327256,0.03748427351399945,0.0519706265673381,0.04995173615843225,0.07018073340732575,0.06166707680179988,0.0541415272074534,0.04823711851871271,0.043746147072815225
2025-06-11,0.009240412242072671,0.03315523070753588,0.0326722744327256,0.03748427351399945,0.0519706265673381,0.04995173615843225,0.07018073340732575,0.06166707680179988,0.05414414620745339,0.048239586518712706,0.043746147072815225
2025-06-12,0.009240412242072671,0.03315441670753588,0.0326722744327256,0.03748427351399945,0.0519706265673381,0.04995173615843225,0.07018073340732575,0.06166154880179988,0.054146765207453394,0.048239586518712706,0.043746147072815225
2025-06-13,0.00924040824207267,0.03315482370753588,0.0326722744327256,0.03748315751399945,0.051968047567338096,0.04995173615843225,0.07017508940732575,0.06166431280179988,0.05414687620745339,0.048239586518712706,0.043746147072815225
2025-06-16,0.009240412242072671,0.03315523070753588,0.0326714624327256,0.03748427351399945,0.0519706265673381,0.04995173615843225,0.07018073340732575,0.06166707680179988,0.054147209207453396,0.0482346505187127,0.043743813072815226
2025-06-17,0.009240412242072671,0.03315523070753588,0.0326718684327256,0.03748427351399945,0.0519706265673381,0.04995173615843225,0.07018073340732575,0.06166707680179988,0.0541423042074534,0.04823711851871271,0.043746147072815225
2025-06-18,0.009240412242072671,0.03315523070753588,0.0326722744327256,0.03748427351399945,0.0519706265673381,0.04995173615843225,0.07018073340732575,0.06166707680179988,0.05414492320745339,0.048239586518712706,0.043746147072815225
2025-06-19,0.009240412242072671,0.03315441670753588,0.0326722744327256,0.03748427351399945,0.0519706265673381,0.04995173615843225,0.07018073340732575,0.06166154880179988,0.054147543207453394,0.048239586518712706,0.043746147072815225
2025-06-20,0.00924040824207267,0.03315482370753588,0.0326722744327256,0.03748315751399945,0.051968047567338096,0.04995173615843225,0.07017508940732575,0.06166431280179988,0.05414765420745339,0.048239586518712706,0.043746147072815225
2025-06-23,0.009240412242072671,0.03315523070753588,0.0326714624327256,0.03748427351399945,0.0519706265673381,0.04995173615843225,0.07018073340732575,0.06166707680179988,0.054147987207453396,0.0482346505187127,0.043743813072815226
2025-06-24,0.009240412242072671,0.03315523070753588,0.0326718684327256,0.03748427351399945,0.0519706265673381,0.04995173615843225,0.07018073340732575,0.06166707680179988,0.05414308020745339,0.04823711851871271,0.043746147072815225
2025-06-25,0.009240412242072671,0.03315523070753588,0.0326722744327256,0.03748427351399945,0.0519706265673381,0.04995173615843225,0.07018073340732575,0.06166707680179988,0.05414570020745339,0.048239586518712706,0.043746147072815225
2025-06-26,0.009240412242072671,0.03315441670753588,0.0326722744327256,0.03748427351399945,0.0519706265673381,0.04995173615843225,0.07018073340732575,0.06166154880179988,0.054148321207453394,0.048239586518712706,0.043746147072815225
2025-06-27,0.00924040824207267,0.03315482370753588,0.0326722744327256,0.03748315751399945,0.051968047567338096,0.04995173615843225,0.07017508940732575,0.06166431280179988,0.05414843220745339,0.048239586518712706,0.043746147072815225
2025-06-30,0.009240412242072671,0.03315523070753588,0.0326706504327256,0.03748427351399945,0.0519706265673381,0.04995173615843225,0.07018073340732575,0.06166707680179988,0.054148765207453396,0.0482346505187127,0.043743813072815226
2025-07-01,0.009240412242072671,0.03315482370753588,0.032671056432725595,0.03748427351399945,0.051964180567338106,0.04995045915843225,0.07018073340732575,0.06166707680179988,0.05414385720745339,0.04823711851871271,0.043746147072815225
2025-07-02,0.009240412242072671,0.033154010707535875,0.0326714624327256,0.03748427351399945,0.0519654695673381,0.04995045915843225,0.07018073340732575,0.06166707680179988,0.05414647820745339,0.048239586518712706,0.043746147072815225
2025-07-03,0.009240412242072671,0.03315441670753588,0.0326718684327256,0.03748427351399945,0.0519667585673381,0.04995045915843225,0.07018073340732575,0.06166154880179988,0.054149099207453394,0.048239586518712706,0.043746147072815225
2025-07-04,0.00924040824207267,0.03315482370753588,0.0326718684327256,0.03748315751399945,0.051968047567338096,0.049947906158432254,0.07017508940732575,0.06166431280179988,0.05414921020745339,0.048239586518712706,0.043746147072815225
2025-07-07,0.009240412242072671,0.03315482370753588,0.0326714624327256,0.03748427351399945,0.0519693375673381,0.04995045915843225,0.07018073340732575,0.06166707680179988,0.054149543207453396,0.0482346505187127,0.043743813072815226
2025-07-08,0.009240412242072671,0.03315482370753588,0.0326718684327256,0.03748427351399945,0.0519693375673381,0.04995045915843225,0.07018073340732575,0.06166707680179988,0.05414463420745339,0.04823711851871271,0.043746147072815225
2025-07-09,0.009240412242072671,0.033154010707535875,0.0326718684327256,0.03748427351399945,0.0519693375673381,0.04995045915843225,0.07018073340732575,0.06166707680179988,0.05414725520745339,0.048239586518712706,0.043746147072815225
2025-07-10,0.009240412242072671,0.03315441670753588,0.0326718684327256,0.03748427351399945,0.0519693375673381,0.04995045915843225,0.07018073340732575,0.06166154880179988,0.054149877207453394,0.048239586518712706,0.043746147072815225
2025-07-11,0.00924040824207267,0.03315482370753588,0.0326718684327256,0.03748315751399945,0.051968047567338096,0.049947906158432254,0.07017508940732575,0.06166431280179988,0.05414998820745339,0.048239586518712706,0.043746147072815225
2025-07-14,0.009240412242072671,0.03315482370753588,0.0326714624327256,0.03748427351399945,0.0519693375673381,0.04995045915843225,0.07018073340732575,0.06166707680179988,0.054150322207453395,0.0482346505187127,0.043743813072815226
2025-07-15,0.009240412242072671,0.03315482370753588,0.0326718684327256,0.03748427351399945,0.0519693375673381,0.04995045915843225,0.07018073340732575,0.06166707680179988,0.05414541020745339,0.04823711851871271,0.043746147072815225
2025-07-16,0.009240412242072671,0.033154010707535875,0.0326718684327256,0.03748427351399945,0.0519693375673381,0.04995045915843225,0.07018073340732575,0.06166707680179988,0.05414803220745339,0.048239586518712706,0.043746147072815225
2025-07-17,0.009240412242072671,0.03315441670753588,0.0326718684327256,0.03748427351399945,0.0519667585673381,0.04995045915843225,0.07018073340732575,0.06166154880179988,0.054150655207453394,0.048239586518712706,0.043746147072815225
2025-07-18,0.00924040824207267,0.03315482370753588,0.0326718684327256,0.03748315751399945,0.051968047567338096,0.049947906158432254,0.07017508940732575,0.06166431280179988,0.05415076620745339,0.048239586518712706,0.043746147072815225
2025-07-21,0.009240412242072671,0.03315482370753588,0.0326714624327256,0.03748427351399945,0.0519693375673381,0.04995045915843225,0.07018073340732575,0.06166707680179988,0.054151100207453395,0.0482346505187127,0.043743813072815226
2025-07-22,0.009240412242072671,0.03315482370753588,0.0326718684327256,0.03748427351399945,0.0519693375673381,0.04995045915843225,0.07018073340732575,0.06166707680179988,0.05414618720745339,0.04823711851871271,0.043746147072815225
2025-07-23,0.009240412242072671,0.033154010707535875,0.0326718684327256,0.03748427351399945,0.0519693375673381,0.04995045915843225,0.07018073340732575,0.06166707680179988,0.05414881020745339,0.048239586518712706,0.043746147072815225
2025-07-24,0.009240412242072671,0.03315441670753588,0.0326718684327256,0.03748427351399945,0.0519667585673381,0.04995045915843225,0.07018073340732575,0.06166154880179988,0.054151433207453394,0.048239586518712706,0.043746147072815225
2025-07-25,0.00924040824207267,0.03315482370753588,0.0326718684327256,0.03748315751399945,0.051968047567338096,0.04994663015843225,0.07017508940732575,0.06166431280179988,0.05415154420745339,0.048239586518712706,0.043746147072815225
2025-07-28,0.009240412242072671,0.03315482370753588,0.0326714624327256,0.03748427351399945,0.0519693375673381,0.04995045915843225,0.07018073340732575,0.06166707680179988,0.054151878207453395,0.0482346505187127,0.043743813072815226
2025-07-29,0.009240412242072671,0.03315482370753588,0.0326718684327256,0.03748427351399945,0.0519693375673381,0.04995045915843225,0.07018073340732575,0.06166707680179988,0.054146964207453394,0.04823711851871271,0.043746147072815225
2025-07-30,0.009240412242072671,0.03315319670753588,0.0326718684327256,0.03748427351399945,0.0519693375673381,0.04994535415843225,0.07018073340732575,0.06166707680179988,0.054149587207453394,0.048239586518712706,0.043746147072815225
2025-07-31,0.009240412242072671,0.03315360370753588,0.0326722744327256,0.03748427351399945,0.0519667585673381,0.04994663015843225,0.07018073340732575,0.06166154880179988,0.05415221120745339,0.048239586518712706,0.043746147072815225
2025-08-01,0.00924040824207267,0.033154010707535875,0.0326722744327256,0.03748315751399945,0.051968047567338096,0.049947906158432254,0.07017508940732575,0.06166431280179988,0.0541523232074534,0.048239586518712706,0.043746147072815225
2025-08-04,0.009240412242072671,0.03315482370753588,0.0326714624327256,0.03748427351399945,0.0519693375673381,0.04995173615843225,0.07018073340732575,0.06166707680179988,0.054152656207453395,0.0482346505187127,0.043743813072815226
2025-08-05,0.009240412242072671,0.03315482370753588,0.0326718684327256,0.03748427351399945,0.0519693375673381,0.04995173615843225,0.07018073340732575,0.06166707680179988,0.054147740207453395,0.04823711851871271,0.043746147072815225
2025-08-06,0.009240412242072671,0.033154010707535875,0.0326722744327256,0.03748427351399945,0.0519693375673381,0.04995173615843225,0.07018073340732575,0.06166707680179988,0.054150365207453394,0.048239586518712706,0.043746147072815225
2025-08-07,0.009240412242072671,0.03315441670753588,0.0326722744327256,0.03748427351399945,0.0519667585673381,0.04995173615843225,0.07018073340732575,0.06166154880179988,0.05415299020745339,0.048239586518712706,0.043746147072815225
2025-08-08,0.00924040824207267,0.03315482370753588,0.0326722744327256,0.03748315751399945,0.051968047567338096,0.04995173615843225,0.07017508940732575,0.06166431280179988,0.0541531012074534,0.048239586518712706,0.043746147072815225
2025-08-11,0.009240412242072671,0.03315482370753588,0.0326714624327256,0.03748427351399945,0.0519693375673381,0.04995173615843225,0.07018073340732575,0.06166707680179988,0.054153434207453395,0.0482346505187127,0.043743813072815226
2025-08-12,0.009240412242072671,0.03315482370753588,0.0326718684327256,0.03748427351399945,0.0519693375673381,0.04995173615843225,0.07018073340732575,0.06166707680179988,0.054148517207453395,0.04823711851871271,0.043746147072815225
2025-08-13,0.009240412242072671,0.033154010707535875,0.0326722744327256,0.03748427351399945,0.0519693375673381,0.04995173615843225,0.07018073340732575,0.06166707680179988,0.054151142207453394,0.048239586518712706,0.043746147072815225
2025-08-14,0.009240412242072671,0.03315441670753588,0.0326722744327256,0.03748427351399945,0.0519577375673381,0.04995173615843225,0.07018073340732575,0.06166154880179988,0.05415376820745339,0.048239586518712706,0.043746147072815225
2025-08-15,0.00924040824207267,0.03315482370753588,0.0326722744327256,0.03748315751399945,0.0519590255673381,0.04995173615843225,0.07017508940732575,0.06166431280179988,0.0541538792074534,0.048239586518712706,0.043746147072815225
2025-08-18,0.009240412242072671,0.03315482370753588,0.0326714624327256,0.03748427351399945,0.051962891567338104,0.04995173615843225,0.07018073340732575,0.06166707680179988,0.054154213207453394,0.0482346505187127,0.043743813072815226
2025-08-19,0.009240412242072671,0.03315482370753588,0.0326718684327256,0.03748427351399945,0.051964180567338106,0.04995173615843225,0.07018073340732575,0.06166707680179988,0.054149294207453395,0.04823711851871271,0.043746147072815225
2025-08-20,0.009240412242072671,0.033154010707535875,0.0326722744327256,0.03748427351399945,0.0519654695673381,0.04995173615843225,0.07018073340732575,0.06166707680179988,0.054151920207453394,0.048239586518712706,0.043746147072815225
2025-08-21,0.009240412242072671,0.03315441670753588,0.0326722744327256,0.03748427351399945,0.0519667585673381,0.04995173615843225,0.07018073340732575,0.06166154880179988,0.05415454620745339,0.048239586518712706,0.043746147072815225
2025-08-22,0.00924040824207267,0.03315482370753588,0.0326722744327256,0.03748315751399945,0.051968047567338096,0.04995173615843225,0.07018073340732575,0.06166431280179988,0.0541546572074534,0.048239586518712706,0.043746147072815225
2025-08-25,0.009240412242072671,0.03315482370753588,0.0326714624327256,0.03748427351399945,0.0519693375673381,0.04995173615843225,0.07018073340732575,0.06166707680179988,0.054154991207453394,0.0482346505187127,0.043743813072815226
2025-08-26,0.009240412242072671,0.03315482370753588,0.0326718684327256,0.03748427351399945,0.0519693375673381,0.04995173615843225,0.07018073340732575,0.06166707680179988,0.054150071207453396,0.04823711851871271,0.043746147072815225
2025-08-27,0.009240412242072671,0.033154010707535875,0.0326722744327256,0.03748427351399945,0.0519693375673381,0.04995173615843225,0.07018073340732575,0.06166707680179988,0.054152697207453394,0.048239586518712706,0.043746147072815225
2025-08-28,0.009240412242072671,0.03315441670753588,0.0326722744327256,0.03748427351399945,0.0519667585673381,0.04995173615843225,0.07018073340732575,0.06166154880179988,0.05415532520745339,0.048239586518712706,0.043746147072815225
2025-08-29,0.00924040324207267,0.03315482370753588,0.0326722744327256,0.03748315751399945,0.051968047567338096,0.04995173615843225,0.07016662640732577,0.06166431280179988,0.054155436207453396,0.048239586518712706,0.043746147072815225
2025-09-03,0.009240412242072671,0.03315523070753588,0.0326722744327256,0.03748483151399945,0.0519732065673381,0.04995173615843225,0.07018073340732575,0.06166707680179988,0.054153475207453394,0.048239586518712706,0.043746147072815225
2025-09-04,0.009240412242072671,0.03315441670753588,0.0326722744327256,0.03748483151399945,0.0519732065673381,0.04995173615843225,0.07018073340732575,0.06166154880179988,0.05415610320745339,0.048239586518712706,0.043746147072815225
2025-09-05,0.00924040824207267,0.03315482370753588,0.0326722744327256,0.03748483151399945,0.0519732065673381,0.04995173615843225,0.07017508940732575,0.06166431280179988,0.054156214207453396,0.048239586518712706,0.043746147072815225
2025-09-08,0.009240412242072671,0.03315523070753588,0.0326714624327256,0.03748483151399945,0.0519719165673381,0.04995173615843225,0.07018073340732575,0.06166707680179988,0.054156548207453394,0.0482346505187127,0.043743813072815226
2025-09-09,0.009240412242072671,0.03315523070753588,0.0326718684327256,0.03748483151399945,0.0519732065673381,0.04995173615843225,0.07018073340732575,0.06166707680179988,0.0541516252074534,0.04823711851871271,0.043746147072815225
2025-09-10,0.009240412242072671,0.03315523070753588,0.0326722744327256,0.03748483151399945,0.0519732065673381,0.04995173615843225,0.07018073340732575,0.06166707680179988,0.054154253207453394,0.048239586518712706,0.043746147072815225
2025-09-11,0.009240412242072671,0.03315441670753588,0.0326722744327256,0.03748483151399945,0.0519732065673381,0.04995173615843225,0.07018073340732575,0.06166154880179988,0.05415688120745339,0.048239586518712706,0.043746147072815225
2025-09-12,0.00924040824207267,0.03315482370753588,0.0326722744327256,0.03748483151399945,0.0519732065673381,0.04995173615843225,0.07017508940732575,0.06166431280179988,0.054156993207453395,0.048239586518712706,0.043746147072815225
2025-09-15,0.009240412242072671,0.03315523070753588,0.0326714624327256,0.03748483151399945,0.0519719165673381,0.04995173615843225,0.07018073340732575,0.06166707680179988,0.05415732620745339,0.0482346505187127,0.043743813072815226
2025-09-16,0.009240412242072671,0.03315523070753588,0.0326718684327256,0.03748483151399945,0.0519732065673381,0.04995173615843225,0.07018073340732575,0.06166707680179988,0.05415240120745339,0.04823711851871271,0.043746147072815225
2025-09-17,0.009240412242072671,0.03315523070753588,0.0326722744327256,0.03748483151399945,0.0519732065673381,0.04995173615843225,0.07018073340732575,0.06166707680179988,0.054155030207453395,0.048239586518712706,0.043746147072815225
2025-09-18,0.009240412242072671,0.03315441670753588,0.0326722744327256,0.03748483151399945,0.0519732065673381,0.04995173615843225,0.07018073340732575,0.06166154880179988,0.05415766020745339,0.048239586518712706,0.043746147072815225
2025-09-19,0.00924040824207267,0.03315482370753588,0.0326722744327256,0.03748483151399945,0.0519732065673381,0.04995173615843225,0.07017508940732575,0.06166431280179988,0.054157771207453395,0.048239586518712706,0.043746147072815225
2025-09-22,0.009240412242072671,0.03315523070753588,0.0326714624327256,0.03748483151399945,0.0519719165673381,0.04995173615843225,0.07018073340732575,0.06166707680179988,0.05415810520745339,0.0482346505187127,0.043743813072815226
2025-09-23,0.009240412242072671,0.03315523070753588,0.0326718684327256,0.03748483151399945,0.0519732065673381,0.04995173615843225,0.07018073340732575,0.06166707680179988,0.05415317820745339,0.04823711851871271,0.043746147072815225
2025-09-24,0.009240412242072671,0.03315523070753588,0.0326722744327256,0.03748483151399945,0.0519732065673381,0.04995173615843225,0.07018073340732575,0.06166707680179988,0.054155808207453394,0.048239586518712706,0.043746147072815225
2025-09-25,0.009240412242072671,0.03315441670753588,0.0326722744327256,0.03748483151399945,0.0519732065673381,0.04995173615843225,0.07018073340732575,0.06166154880179988,0.05415843820745339,0.048239586518712706,0.043746147072815225
2025-09-26,0.00924040824207267,0.03315482370753588,0.0326722744327256,0.03748483151399945,0.0519732065673381,0.04995173615843225,0.07017508940732575,0.06166431280179988,0.054158549207453395,0.048239586518712706,0.043746147072815225
2025-09-29,0.009240412242072671,0.03315523070753588,0.0326714624327256,0.03748483151399945,0.0519719165673381,0.04995173615843225,0.07018073340732575,0.06166707680179988,0.05415888320745339,0.0482346505187127,0.043743813072815226
2025-09-30,0.009240412242072671,0.03315523070753588,0.0326718684327256,0.03748483151399945,0.0519732065673381,0.04995173615843225,0.07018073340732575,0.06166707680179988,0.05415395520745339,0.04823711851871271,0.043746147072815225
2025-10-01,0.009240412242072671,0.033154010707535875,0.0326722744327256,0.03748204251399945,0.0519719165673381,0.04995173615843225,0.07018073340732575,0.06166707680179988,0.054156586207453394,0.048239586518712706,0.043746147072815225
2025-10-02,0.009240412242072671,0.03315441670753588,0.0326722744327256,0.037482599513999446,0.0519719165673381,0.04995173615843225,0.07018073340732575,0.06166154880179988,0.0541592172074534,0.048239586518712706,0.043746147072815225
2025-10-03,0.00924040824207267,0.03315482370753588,0.0326722744327256,0.03748315751399945,0.0519719165673381,0.04995173615843225,0.07017508940732575,0.06166431280179988,0.054159328207453394,0.048239586518712706,0.043746147072815225
2025-10-06,0.009240412242072671,0.03315482370753588,0.0326714624327256,0.03748427351399945,0.0519719165673381,0.04995173615843225,0.07018073340732575,0.06166707680179988,0.05415966220745339,0.0482346505187127,0.043743813072815226
2025-10-07,0.009240412242072671,0.03315482370753588,0.0326718684327256,0.03748427351399945,0.0519719165673381,0.04995173615843225,0.07018073340732575,0.06166707680179988,0.05415473220745339,0.04823711851871271,0.043746147072815225
2025-10-08,0.009240412242072671,0.033154010707535875,0.0326722744327256,0.03748427351399945,0.0519719165673381,0.04995173615843225,0.07018073340732575,0.06166707680179988,0.054157363207453395,0.048239586518712706,0.043746147072815225
2025-10-09,0.009240412242072671,0.03315441670753588,0.0326722744327256,0.03748427351399945,0.0519719165673381,0.04995173615843225,0.07018073340732575,0.06166154880179988,0.0541599952074534,0.048239586518712706,0.043746147072815225
2025-10-10,0.00924040824207267,0.03315482370753588,0.0326722744327256,0.03748427351399945,0.0519719165673381,0.04995173615843225,0.07017508940732575,0.06166431280179988,0.054160106207453394,0.048239586518712706,0.043746147072815225
2025-10-13,0.009240412242072671,0.03315482370753588,0.0326714624327256,0.03748427351399945,0.0519719165673381,0.04995173615843225,0.07018073340732575,0.06166707680179988,0.05416044020745339,0.0482346505187127,0.043743813072815226
2025-10-14,0.009240412242072671,0.03315482370753588,0.0326718684327256,0.03748427351399945,0.0519719165673381,0.04995173615843225,0.07018073340732575,0.06166707680179988,0.05415550920745339,0.04823711851871271,0.043746147072815225
2025-10-15,0.009240412242072671,0.033154010707535875,0.0326722744327256,0.03748427351399945,0.0519719165673381,0.04995173615843225,0.07018073340732575,0.06166707680179988,0.054158141207453395,0.048239586518712706,0.043746147072815225
2025-10-16,0.009240412242072671,0.03315441670753588,0.0326722744327256,0.03748427351399945,0.0519719165673381,0.04995173615843225,0.07018073340732575,0.06166154880179988,0.0541607742074534,0.048239586518712706,0.043746147072815225
2025-10-17,0.00924040824207267,0.03315482370753588,0.0326722744327256,0.03748315751399945,0.0519719165673381,0.04995173615843225,0.07017508940732575,0.06166431280179988,0.054160885207453394,0.048239586518712706,0.043746147072815225
2025-10-20,0.009240412242072671,0.03315482370753588,0.0326714624327256,0.03748427351399945,0.0519719165673381,0.04995173615843225,0.07018073340732575,0.06166707680179988,0.05416121920745339,0.0482346505187127,0.043743813072815226
2025-10-21,0.009240412242072671,0.03315482370753588,0.0326718684327256,0.03748427351399945,0.0519719165673381,0.04995173615843225,0.07018073340732575,0.06166707680179988,0.05415628620745339,0.04823711851871271,0.043746147072815225
2025-10-22,0.009240412242072671,0.033154010707535875,0.0326722744327256,0.03748427351399945,0.0519719165673381,0.04995173615843225,0.07018073340732575,0.06166707680179988,0.054158919207453395,0.048239586518712706,0.043746147072815225
2025-10-23,0.009240412242072671,0.03315441670753588,0.0326722744327256,0.03748427351399945,0.0519719165673381,0.04995173615843225,0.07018073340732575,0.06166154880179988,0.054161552207453396,0.048239586518712706,0.043746147072815225
2025-10-24,0.00924040824207267,0.03315482370753588,0.0326722744327256,0.03748315751399945,0.0519719165673381,0.04995173615843225,0.07017508940732575,0.06166431280179988,0.054161663207453394,0.048239586518712706,0.043746147072815225
2025-10-27,0.009240412242072671,0.03315482370753588,0.0326714624327256,0.03748427351399945,0.0519706265673381,0.04995173615843225,0.07018073340732575,0.06166707680179988,0.05416199720745339,0.0482346505187127,0.043743813072815226
2025-10-28,0.009240412242072671,0.03315482370753588,0.0326718684327256,0.03748427351399945,0.0519719165673381,0.04995173615843225,0.07018073340732575,0.06166707680179988,0.05415706320745339,0.04823711851871271,0.043746147072815225
2025-10-29,0.009240412242072671,0.033154010707535875,0.0326722744327256,0.03748427351399945,0.0519719165673381,0.04995173615843225,0.07018073340732575,0.06166707680179988,0.054159697207453394,0.048239586518712706,0.043746147072815225
2025-10-30,0.009240412242072671,0.03315441670753588,0.0326722744327256,0.03748427351399945,0.0519667585673381,0.04995173615843225,0.07018073340732575,0.06166154880179988,0.054162331207453396,0.048239586518712706,0.043746147072815225
2025-10-31,0.00924040824207267,0.03315482370753588,0.0326722744327256,0.03748315751399945,0.051968047567338096,0.04995173615843225,0.07017508940732575,0.06166431280179988,0.05416244220745339,0.048239586518712706,0.043746147072815225
2025-11-03,0.009240412242072671,0.03315523070753588,0.0326714624327256,0.03748427351399945,0.0519719165673381,0.04995173615843225,0.07018073340732575,0.06166707680179988,0.05416277620745339,0.0482346505187127,0.043743813072815226
2025-11-04,0.009240412242072671,0.03315523070753588,0.0326718684327256,0.03748427351399945,0.0519732065673381,0.04995173615843225,0.07018073340732575,0.06166707680179988,0.054157840207453393,0.04823711851871271,0.043746147072815225
2025-11-05,0.009240412242072671,0.03315523070753588,0.0326722744327256,0.03748427351399945,0.0519732065673381,0.04995173615843225,0.07018073340732575,0.06166707680179988,0.054160475207453394,0.048239586518712706,0.043746147072815225
2025-11-06,0.009240412242072671,0.03315441670753588,0.0326722744327256,0.03748427351399945,0.0519732065673381,0.04995173615843225,0.07018073340732575,0.06166154880179988,0.054163109207453396,0.048239586518712706,0.043746147072815225
2025-11-07,0.00924040824207267,0.03315482370753588,0.0326722744327256,0.03748315751399945,0.0519732065673381,0.04995173615843225,0.07017508940732575,0.06166431280179988,0.05416322120745339,0.048239586518712706,0.043746147072815225
2025-11-10,0.009240412242072671,0.03315523070753588,0.0326722744327256,0.03748427351399945,0.0519719165673381,0.04995173615843225,0.07018073340732575,0.06166707680179988,0.0541635542074534,0.0482346505187127,0.043743813072815226
2025-11-11,0.009240412242072671,0.03315523070753588,0.0326718684327256,0.03748427351399945,0.0519732065673381,0.04995173615843225,0.07018073340732575,0.06166707680179988,0.05415861820745339,0.04823711851871271,0.043746147072815225
2025-11-12,0.009240412242072671,0.03315523070753588,0.0326722744327256,0.03748427351399945,0.0519732065673381,0.04995173615843225,0.07018073340732575,0.06166707680179988,0.054161253207453394,0.048239586518712706,0.043746147072815225
2025-11-13,0.009240412242072671,0.03315441670753588,0.0326722744327256,0.03748427351399945,0.0519732065673381,0.04995173615843225,0.07018073340732575,0.06166154880179988,0.054163888207453395,0.048239586518712706,0.043746147072815225
2025-11-14,0.00924040824207267,0.03315482370753588,0.0326722744327256,0.037479253513999444,0.0519732065673381,0.04995173615843225,0.07017508940732575,0.06166431280179988,0.05416399920745339,0.048239586518712706,0.043746147072815225
2025-11-17,0.009240412242072671,0.03315523070753588,0.0326714624327256,0.03748092651399945,0.0519719165673381,0.04995173615843225,0.07018073340732575,0.06166707680179988,0.0541643332074534,0.0482346505187127,0.043743813072815226
2025-11-18,0.009240412242072671,0.03315523070753588,0.0326718684327256,0.03748148451399945,0.0519732065673381,0.04995173615843225,0.07018073340732575,0.06166707680179988,0.054159395207453394,0.04823711851871271,0.043746147072815225
2025-11-19,0.009240412242072671,0.03315523070753588,0.0326722744327256,0.03748204251399945,0.0519732065673381,0.04995173615843225,0.07018073340732575,0.06166707680179988,0.054162030207453395,0.048239586518712706,0.043746147072815225
2025-11-20,0.009240412242072671,0.03315441670753588,0.0326722744327256,0.037482599513999446,0.0519732065673381,0.04995173615843225,0.07018073340732575,0.06166154880179988,0.054164667207453394,0.048239586518712706,0.043746147072815225
2025-11-21,0.00924040824207267,0.03315482370753588,0.0326722744327256,0.03748315751399945,0.0519732065673381,0.04995173615843225,0.07017508940732575,0.06166431280179988,0.05416477820745339,0.048239586518712706,0.043746147072815225
2025-11-24,0.009240412242072671,0.03315523070753588,0.0326714624327256,0.03748427351399945,0.0519719165673381,0.04995173615843225,0.07013296740732575,0.06166707680179988,0.054165112207453396,0.0482346505187127,0.043743813072815226
2025-11-25,0.009240412242072671,0.03315523070753588,0.0326718684327256,0.03748427351399945,0.0519732065673381,0.04995173615843225,0.07013296740732575,0.06166707680179988,0.054160172207453394,0.04823711851871271,0.043746147072815225
2025-11-26,0.009240412242072671,0.03315523070753588,0.0326722744327256,0.03748427351399945,0.0519732065673381,0.04995173615843225,0.07013296740732575,0.06166707680179988,0.054162808207453395,0.048239586518712706,0.043746147072815225
2025-11-27,0.009240412242072671,0.03315441670753588,0.0326722744327256,0.03748427351399945,0.0519732065673381,0.04995173615843225,0.07013296740732575,0.06166154880179988,0.054165445207453394,0.048239586518712706,0.043746147072815225
2025-11-28,0.00924040824207267,0.03315482370753588,0.0326722744327256,0.03748315751399945,0.0519732065673381,0.04995173615843225,0.07012733540732576,0.06166431280179988,0.05416555720745339,0.048239586518712706,0.043746147072815225
2025-12-01,0.009240412242072671,0.03315319670753588,0.0326714624327256,0.03748483151399945,0.0519719165673381,0.049947906158432254,0.07013296740732575,0.06166707680179988,0.054165890207453396,0.0482346505187127,0.043743813072815226
2025-12-02,0.009240412242072671,0.03315360370753588,0.0326718684327256,0.03748538951399945,0.0519719165673381,0.04994918215843225,0.07013296740732575,0.06166707680179988,0.054160949207453395,0.04823711851871271,0.043746147072815225
2025-12-03,0.009240412242072671,0.033154010707535875,0.0326718684327256,0.03748538951399945,0.0519719165673381,0.04995045915843225,0.07013296740732575,0.06166707680179988,0.054163586207453394,0.048239586518712706,0.043746147072815225
2025-12-04,0.009240412242072671,0.03315441670753588,0.0326718684327256,0.03748538951399945,0.0519719165673381,0.04995045915843225,0.07013296740732575,0.06166154880179988,0.054166224207453394,0.048239586518712706,0.043746147072815225
2025-12-05,0.00924040824207267,0.03315482370753588,0.0326718684327256,0.03748538951399945,0.0519719165673381,0.049947906158432254,0.07012733540732576,0.06166431280179988,0.05416633520745339,0.048239586518712706,0.043746147072815225
2025-12-08,0.009240412242072671,0.03315482370753588,0.0326714624327256,0.03748483151399945,0.0519719165673381,0.04995045915843225,0.07013296740732575,0.06166707680179988,0.054166669207453395,0.0482346505187127,0.043743813072815226
2025-12-09,0.009240412242072671,0.03315482370753588,0.0326718684327256,0.03748538951399945,0.0519719165673381,0.04995045915843225,0.07013296740732575,0.06166707680179988,0.054161726207453395,0.04823711851871271,0.043746147072815225
2025-12-10,0.009240412242072671,0.03315482370753588,0.0326718684327256,0.03748538951399945,0.0519719165673381,0.04995045915843225,0.07013296740732575,0.06166707680179988,0.054164364207453394,0.048239586518712706,0.043746147072815225
2025-12-11,0.009240412242072671,0.03315441670753588,0.0326718684327256,0.03748538951399945,0.0519719165673381,0.04995045915843225,0.07013296740732575,0.06166154880179988,0.05416700320745339,0.048239586518712706,0.043746147072815225
2025-12-12,0.00924040824207267,0.03315482370753588,0.0326718684327256,0.03748538951399945,0.0519719165673381,0.049947906158432254,0.07012733540732576,0.06166431280179988,0.0541671142074534,0.048239586518712706,0.043746147072815225
2025-12-15,0.009240412242072671,0.03315482370753588,0.0326686204327256,0.03748483151399945,0.0519719165673381,0.04995045915843225,0.07013296740732575,0.06166707680179988,0.054167448207453395,0.0482346505187127,0.043743813072815226
2025-12-16,0.009240412242072671,0.03764738370753588,0.0371524994327256,0.04196056151399945,0.056644164567338104,0.05458436515843225,0.07513595540732576,0.06643658880179988,0.058798626207453394,0.05281884751871271,0.048143854072815226
2025-12-17,0.009240412242072671,0.03764609070753588,0.0371531444327256,0.04196056151399945,0.056644164567338104,0.05458436515843225,0.07513595540732576,0.06643658880179988,0.0588018242074534,0.052821843518712705,0.048143854072815226
2025-12-18,0.009240412242072671,0.03764673670753588,0.0371537884327256,0.04196056151399945,0.056644164567338104,0.05458436515843225,0.07513595540732576,0.06642986480179988,0.05880502220745339,0.052821843518712705,0.048143854072815226
2025-12-19,0.00924040824207267,0.03764738370753588,0.0371544334327256,0.04196056151399945,0.056644164567338104,0.05458098615843225,0.07512903440732575,0.06643322580179989,0.05880514520745339,0.052821843518712705,0.048143854072815226
2025-12-22,0.009240412242072671,0.03764738370753588,0.0371563674327256,0.04195972951399945,0.056644164567338104,0.05458436515843225,0.07513595540732576,0.06643658880179988,0.05880551420745339,0.0528158525187127,0.048141035072815225
2025-12-23,0.009240412242072671,0.03764738370753588,0.037157012432725595,0.04196056151399945,0.056644164567338104,0.05458436515843225,0.07513595540732576,0.06643658880179988,0.058799484207453394,0.05281884751871271,0.048143854072815226
2025-12-24,0.009240412242072671,0.03764609070753588,0.037157012432725595,0.04196056151399945,0.056644164567338104,0.05458436515843225,0.07513595540732576,0.06643658880179988,0.058802683207453396,0.052821843518712705,0.048143854072815226
2025-12-25,0.009240412242072671,0.03764673670753588,0.037157012432725595,0.04196056151399945,0.056644164567338104,0.05458436515843225,0.07513595540732576,0.06642986480179988,0.05880588220745339,0.052821843518712705,0.048143854072815226
2025-12-26,0.00924040824207267,0.03764738370753588,0.037157012432725595,0.04196056151399945,0.056644164567338104,0.05458098615843225,0.07512903440732575,0.06643322580179989,0.058806005207453396,0.052821843518712705,0.048143854072815226
2025-12-29,0.009240412242072671,0.03764738370753588,0.0371563674327256,0.04195972951399945,0.056644164567338104,0.05458436515843225,0.07513595540732576,0.06643658880179988,0.0588063732074534,0.0528158525187127,0.048141035072815225
2025-12-30,0.009240412242072671,0.03764738370753588,0.037157012432725595,0.04196056151399945,0.056644164567338104,0.05458436515843225,0.07513595540732576,0.06643658880179988,0.05880034320745339,0.05281884751871271,0.048143854072815226
2025-12-31,0.00924040324207267,0.03764609070753588,0.0371576574327256,0.04196056151399945,0.056645874567338106,0.05458605515843225,0.07513595540732576,0.06643658880179988,0.058803542207453395,0.052821843518712705,0.048143854072815226
2026-01-05,0.009240412242072671,0.03764738370753588,0.0371589474327256,0.04195972951399945,0.056644164567338104,0.05458605515843225,0.07513595540732576,0.06643734280179989,0.0588067422074534,0.0528158525187127,0.048141035072815225
2026-01-06,0.009240412242072671,0.03764738370753588,0.0371589474327256,0.04196056151399945,0.056645874567338106,0.05458605515843225,0.07513595540732576,0.06643753080179987,0.05880034320745339,0.05281884751871271,0.048143854072815226
2026-01-07,0.009240412242072671,0.03764609070753588,0.0371576574327256,0.04196056151399945,0.056645874567338106,0.05458605515843225,0.07513595540732576,0.06643771980179988,0.058803542207453395,0.052821843518712705,0.048143854072815226
2026-01-08,0.009240412242072671,0.03764673670753588,0.037158302432725596,0.04196056151399945,0.056645874567338106,0.05458605515843225,0.07513595540732576,0.06643155680179988,0.0588067422074534,0.052821843518712705,0.048143854072815226
2026-01-09,0.009240412242072671,0.03764738370753588,0.0371589474327256,0.04196056151399945,0.056645874567338106,0.05458605515843225,0.07512903440732575,0.06643492080179988,0.0588067422074534,0.052821843518712705,0.048143854072815226
2026-01-10,0.00924041024207267,0.03764738370753588,0.0371589474327256,0.04196056151399945,0.056645874567338106,0.05458267615843225,0.07513249440732575,0.06643828480179989,0.0588067422074534,0.052821843518712705,0.048143854072815226
2026-01-12,0.009240412242072671,0.03764738370753588,0.0371589474327256,0.04195972951399945,0.056644164567338104,0.05458605515843225,0.07513595540732576,0.06643866280179989,0.0588067422074534,0.0528158525187127,0.048141035072815225
2026-01-13,0.009240412242072671,0.03764738370753588,0.0371589474327256,0.04196056151399945,0.056645874567338106,0.05458605515843225,0.07513595540732576,0.06643885080179987,0.05880034320745339,0.05281884751871271,0.048143854072815226
2026-01-14,0.009240412242072671,0.03764156770753588,0.0371576574327256,0.04196056151399945,0.056645874567338106,0.05458605515843225,0.07513595540732576,0.06643903980179988,0.058803542207453395,0.052821843518712705,0.048143854072815226
2026-01-15,0.009240412242072671,0.03814104070753588,0.0376565004327256,0.04245749851399945,0.0571371045673381,0.05507294515843225,0.07513595540732576,0.06643287280179988,0.0588067422074534,0.052821843518712705,0.048143854072815226
2026-01-16,0.00924040824207267,0.03814171670753588,0.0376571754327256,0.04245749851399945,0.0571371045673381,0.05507294515843225,0.07512903440732575,0.06643623880179989,0.0588067422074534,0.052821843518712705,0.048143854072815226
2026-01-19,0.009240412242072671,0.03814374570753588,0.0376571754327256,0.04245663251399945,0.057135347567338096,0.05507294515843225,0.07513595540732576,0.06643998280179989,0.0588067422074534,0.0528158525187127,0.048141035072815225
2026-01-20,0.009240412242072671,0.038144421707535875,0.0376571754327256,0.04245749851399945,0.0571371045673381,0.05507294515843225,0.07513595540732576,0.06644017080179988,0.05880034320745339,0.05281884751871271,0.048143854072815226
2026-01-21,0.009240412242072671,0.03814509770753588,0.037655825432725595,0.04245749851399945,0.0571371045673381,0.05507294515843225,0.07513595540732576,0.06644035980179988,0.058803542207453395,0.052821843518712705,0.048143854072815226
2026-01-22,0.009240412242072671,0.03814577470753588,0.0376565004327256,0.04245749851399945,0.0571371045673381,0.05507294515843225,0.07513595540732576,0.06643418880179988,0.0588067422074534,0.052821843518712705,0.048143854072815226
2026-01-23,0.00924040824207267,0.038146450707535876,0.0376571754327256,0.04245749851399945,0.0571371045673381,0.05507294515843225,0.07512903440732575,0.06643755680179989,0.0588067422074534,0.052821843518712705,0.048143854072815226
2026-01-26,0.009240412242072671,0.038146450707535876,0.0376571754327256,0.042455766513999446,0.057135347567338096,0.05507294515843225,0.08176790840732576,0.07451398180179988,0.06224294020745339,0.0528158525187127,0.048141035072815225
2026-01-27,0.009240412242072671,0.038146450707535876,0.0376571754327256,0.04245663251399945,0.0571371045673381,0.05507294515843225,0.07513595540732576,0.06644149080179988,0.05880034320745339,0.05281884751871271,0.048143854072815226
2026-01-28,0.009240412242072671,0.03814509770753588,0.037655825432725595,0.04245749851399945,0.0571371045673381,0.05507294515843225,0.07513595540732576,0.06644167980179988,0.058803542207453395,0.052821843518712705,0.048143854072815226
2026-01-29,0.009240412242072671,0.03814577470753588,0.0376565004327256,0.04245749851399945,0.0571371045673381,0.05507294515843225,0.07513595540732576,0.06643550580179988,0.0588067422074534,0.052821843518712705,0.048143854072815226
2026-01-30,0.00924040824207267,0.038146450707535876,0.0376571754327256,0.04245403451399945,0.0571371045673381,0.05507294515843225,0.07512903440732575,0.06643887480179989,0.0588067422074534,0.052821843518712705,0.048143854072815226
2026-02-02,0.009240412242072671,0.038148480707535876,0.0376571754327256,0.04245663251399945,0.057135347567338096,0.05507294515843225,0.07513595540732576,0.06644262280179988,0.0588067422074534,0.0528158525187127,0.048141035072815225
2026-02-03,0.009240412242072671,0.038148480707535876,0.0376571754327256,0.04245749851399945,0.0571371045673381,0.05507294515843225,0.07513595540732576,0.06644281080179988,0.05880034320745339,0.05281884751871271,0.048143854072815226
2026-02-04,0.009240412242072671,0.038148480707535876,0.037655825432725595,0.04245836451399945,0.0571371045673381,0.05507294515843225,0.07513595540732576,0.06644299980179988,0.058803542207453395,0.052821843518712705,0.048143854072815226
2026-02-05,0.009240412242072671,0.038148480707535876,0.0376565004327256,0.04245836451399945,0.0571371045673381,0.05507294515843225,0.07513595540732576,0.06643682180179988,0.0588067422074534,0.052821843518712705,0.048143854072815226
2026-02-06,0.00924040824207267,0.038148480707535876,0.0376571754327256,0.04245836451399945,0.0571371045673381,0.05507294515843225,0.07512903440732575,0.06644019380179988,0.0588067422074534,0.052821843518712705,0.048143854072815226
2026-02-09,0.009240412242072671,0.038148480707535876,0.0376571754327256,0.04245663251399945,0.057135347567338096,0.05507294515843225,0.07513595540732576,0.06644394280179988,0.0588067422074534,0.0528158525187127,0.048141035072815225
2026-02-10,0.009240412242072671,0.038148480707535876,0.0376571754327256,0.04245749851399945,0.0571371045673381,0.05507294515843225,0.07513595540732576,0.06644413080179988,0.05880034320745339,0.05281884751871271,0.048143854072815226
2026-02-11,0.009240412242072671,0.038148480707535876,0.037655825432725595,0.04245836451399945,0.0571371045673381,0.05507294515843225,0.07513595540732576,0.06644431980179988,0.058803542207453395,0.052821843518712705,0.048143854072815226
2026-02-12,0.009240412242072671,0.038148480707535876,0.0376565004327256,0.04245836451399945,0.0571371045673381,0.05507294515843225,0.07513595540732576,0.06643813880179988,0.0588067422074534,0.052821843518712705,0.048143854072815226
2026-02-13,0.00924039324207267,0.038148480707535876,0.0376571754327256,0.04245836451399945,0.0571371045673381,0.05507294515843225,0.07512903440732575,0.06644151180179989,0.0588067422074534,0.052821843518712705,0.048143854072815226
2026-02-23,0.009240412242072671,0.038148480707535876,0.0376571754327256,0.04245663251399945,0.057135347567338096,0.05507294515843225,0.07513595540732576,0.06644658280179988,0.0588067422074534,0.0528158525187127,0.048141035072815225
2026-02-24,0.009240412242072671,0.038148480707535876,0.0376571754327256,0.04245749851399945,0.0571371045673381,0.05507294515843225,0.07513595540732576,0.06644677180179988,0.05880034320745339,0.05281884751871271,0.048143854072815226
2026-02-25,0.009240412242072671,0.038148480707535876,0.0376551504327256,0.04245836451399945,0.0571371045673381,0.05507294515843225,0.07513595540732576,0.06644696080179988,0.058803542207453395,0.052821843518712705,0.048143854072815226
2026-02-26,0.009240412242072671,0.038148480707535876,0.037655825432725595,0.04245836451399945,0.0571371045673381,0.05507294515843225,0.07513595540732576,0.06644077180179989,0.0588067422074534,0.052821843518712705,0.048143854072815226
2026-02-27,0.00924040824207267,0.038148480707535876,0.0376565004327256,0.04245836451399945,0.0571371045673381,0.05507294515843225,0.07512903440732575,0.06644414880179988,0.0588067422074534,0.052821843518712705,0.048143854072815226
2026-03-02,0.009240412242072671,0.038146450707535876,0.0376544764327256,0.042455766513999446,0.057130075567338096,0.05506947215843225,0.07513595540732576,0.06644471380179988,0.0588067422074534,0.0528158525187127,0.048141035072815225
2026-03-03,0.009240412242072671,0.038146450707535876,0.0376551504327256,0.042455766513999446,0.0571318325673381,0.05506947215843225,0.07513595540732576,0.06644490180179988,0.05880034320745339,0.05281884751871271,0.048143854072815226
2026-03-04,0.009240412242072671,0.03814509770753588,0.037655825432725595,0.042455766513999446,0.0571318325673381,0.05506947215843225,0.07513595540732576,0.06643870980179989,0.058803542207453395,0.052821843518712705,0.048143854072815226
2026-03-05,0.009240412242072671,0.03814577470753588,0.037655825432725595,0.042455766513999446,0.057128318567338104,0.05506600015843226,0.07513595540732576,0.06644208780179989,0.0588067422074534,0.052821843518712705,0.048143854072815226
2026-03-06,0.00924040824207267,0.038146450707535876,0.037655825432725595,0.04245403451399945,0.057130075567338096,0.055067736158432246,0.07512903440732575,0.06644546680179989,0.0588067422074534,0.052821843518712705,0.048143854072815226
2026-03-09,0.009240412242072671,0.038146450707535876,0.0376544764327256,0.042455766513999446,0.0571318325673381,0.05506947215843225,0.07513595540732576,0.06644603180179988,0.0588067422074534,0.0528158525187127,0.048141035072815225
2026-03-10,0.009240412242072671,0.038146450707535876,0.0376551504327256,0.042455766513999446,0.0571318325673381,0.05506947215843225,0.07513595540732576,0.06644622080179988,0.05880034320745339,0.05281884751871271,0.048143854072815226
2026-03-11,0.009240412242072671,0.03814509770753588,0.037655825432725595,0.042455766513999446,0.0571318325673381,0.05506947215843225,0.07513595540732576,0.06644002480179989,0.058803542207453395,0.052821843518712705,0.048143854072815226
2026-03-12,0.009240412242072671,0.03814577470753588,0.037655825432725595,0.042455766513999446,0.057128318567338104,0.05506600015843226,0.07513595540732576,0.06644340480179989,0.0588067422074534,0.052821843518712705,0.048143854072815226
2026-03-13,0.00924040824207267,0.038146450707535876,0.037655825432725595,0.04245403451399945,0.057130075567338096,0.055067736158432246,0.07512903440732575,0.06644678580179988,0.0588067422074534,0.052821843518712705,0.048143854072815226
2026-03-16,0.009240412242072671,0.038146450707535876,0.0376544764327256,0.042455766513999446,0.0571318325673381,0.05506947215843225,0.07513595540732576,0.06644735080179988,0.0588067422074534,0.0528158525187127,0.048141035072815225
2026-03-17,0.009240412242072671,0.038146450707535876,0.0376551504327256,0.042455766513999446,0.0571318325673381,0.05506947215843225,0.07513595540732576,0.06644753880179988,0.05880034320745339,0.05281884751871271,0.048143854072815226
2026-03-18,0.009240412242072671,0.03814509770753588,0.037655825432725595,0.042455766513999446,0.0571318325673381,0.05506947215843225,0.07513595540732576,0.06644133980179988,0.058803542207453395,0.052821843518712705,0.048143854072815226
2026-03-19,0.009240412242072671,0.03814577470753588,0.037655825432725595,0.042455766513999446,0.057128318567338104,0.05506600015843226,0.07513595540732576,0.06644472180179989,0.0588067422074534,0.052821843518712705,0.048143854072815226
2026-03-20,0.00924040824207267,0.038146450707535876,0.037655825432725595,0.04245403451399945,0.057130075567338096,0.055067736158432246,0.07512903440732575,0.06644810380179988,0.0588067422074534,0.052821843518712705,0.048143854072815226
2026-03-23,0.009240412242072671,0.038146450707535876,0.0376544764327256,0.042455766513999446,0.0571318325673381,0.05506947215843225,0.08011403840732575,0.07184531480179988,0.06224294020745339,0.0528158525187127,0.048141035072815225
2026-03-24,0.009240412242072671,0.038146450707535876,0.0376551504327256,0.042455766513999446,0.0571318325673381,0.05506947215843225,0.08011403840732575,0.07184552380179987,0.06223564620745339,0.05281884751871271,0.048143854072815226
2026-03-25,0.009240412242072671,0.038144421707535875,0.037655825432725595,0.042455766513999446,0.0571318325673381,0.05506947215843225,0.08176790840732576,0.07451374680179988,0.062239293207453396,0.052821843518712705,0.048143854072815226
2026-03-26,0.009240412242072671,0.03814509770753588,0.037655825432725595,0.042455766513999446,0.057128318567338104,0.05506600015843226,0.08176790840732576,0.07451827380179987,0.06224294020745339,0.052821843518712705,0.048143854072815226
2026-03-27,0.00924040824207267,0.03814577470753588,0.037655825432725595,0.04245403451399945,0.057130075567338096,0.055067736158432246,0.08175907640732576,0.07452280280179988,0.06224294020745339,0.052821843518712705,0.048143854072815226
2026-03-30,0.009240412242072671,0.03814374570753588,0.0376544764327256,0.042455766513999446,0.0571318325673381,0.05506947215843225,0.08176790840732576,0.07452345780179988,0.06224294020745339,0.0528158525187127,0.048141035072815225
2026-03-31,0.009240412242072671,0.038144421707535875,0.0376551504327256,0.04245663251399945,0.057133589567338106,0.05506947215843225,0.08176790840732576,0.07452367680179989,0.06223564620745339,0.05281884751871271,0.048143854072815226
