Date,ON,1M,2M,3M,6M,9M,1Y,2Y,3Y,4Y,5Y
2023-01-03,-0.008000005000000001,0.03444639482772277,0.034372024883663366,0.037029636063366345,0.03711620439232673,0.03701069580544554,0.04061287867524753,0.03879474899207921,0.0373350626289604,0.036064396124504954,0.034842668156188125
2023-01-04,-0.008000005000000001,0.03443985382772277,0.03436551688366336,0.037029636063366345,0.03711620439232673,0.03701069580544554,0.040613412675247526,0.03878201199207921,0.037340848628960394,0.036069717124504956,0.03484276315618813
2023-01-05,-0.008000005000000001,0.03444312382772277,0.034368770883663365,0.037029636063366345,0.03711620439232673,0.03701069580544554,0.04061394767524752,0.038788379992079215,0.0373466366289604,0.036069717124504956,0.03484285715618812
2023-01-06,-0.008000016,0.03444639482772277,0.034372024883663366,0.037029636063366345,0.03711620439232673,0.03701069580544554,0.04060189667524752,0.03879474899207921,0.0373466366289604,0.036069717124504956,0.03484295115618813
2023-01-09,-0.008000005000000001,0.03444639482772277,0.034372024883663366,0.03702571206336634,0.03711142339232673,0.03701069580544554,0.04061608567524752,0.03879474899207921,0.0373466366289604,0.03605907612450495,0.03483840515618812
2023-01-10,-0.008000005000000001,0.03444639482772277,0.034372024883663366,0.037029636063366345,0.03711620439232673,0.03701069580544554,0.04061661967524753,0.03879474899207921,0.0373466366289604,0.036064396124504954,0.034843329156188124
2023-01-11,-0.008000005000000001,0.03443985382772277,0.03436551688366336,0.037029636063366345,0.03711620439232673,0.03701069580544554,0.04061715367524753,0.03878201199207921,0.037340848628960394,0.036069717124504956,0.03484342315618813
2023-01-12,-0.008000005000000001,0.03444312382772277,0.034368770883663365,0.037029636063366345,0.03711620439232673,0.03701069580544554,0.040617688675247524,0.038788379992079215,0.0373466366289604,0.036069717124504956,0.03484351715618812
2023-01-13,-0.008000016,0.03444639482772277,0.034372024883663366,0.037029636063366345,0.03711620439232673,0.03701069580544554,0.04060561667524752,0.03879474899207921,0.0373466366289604,0.036069717124504956,0.03484361215618813
2023-01-16,-0.008000005000000001,0.03444639482772277,0.034372024883663366,0.03702571206336634,0.03711142339232673,0.03701069580544554,0.04061982667524752,0.03879474899207921,0.0373466366289604,0.03605907612450495,0.03483906515618812
2023-01-17,-0.008000005000000001,0.03444639482772277,0.034372024883663366,0.037029636063366345,0.03711620439232673,0.03701069580544554,0.04062036067524753,0.03879474899207921,0.0373350626289604,0.036064396124504954,0.034843989156188124
2023-01-18,-0.008000005000000001,0.03443985382772277,0.03436551688366336,0.037029636063366345,0.03711620439232673,0.03701069580544554,0.04062089567524753,0.03878201199207921,0.037340848628960394,0.036069717124504956,0.03484408315618813
2023-01-19,-0.008000044,0.03444312382772277,0.034368770883663365,0.037029636063366345,0.03711620439232673,0.03701069580544554,0.040621430675247525,0.038788379992079215,0.0373466366289604,0.036069717124504956,0.03484417715618812
2023-01-27,-0.008000016,0.03444639482772277,0.034372024883663366,0.037029636063366345,0.03711620439232673,0.03701069580544554,0.04061305867524753,0.038750201992079215,0.0373466366289604,0.036069717124504956,0.03484493215618813
2023-01-30,-0.008000005000000001,0.03445293782772277,0.034372024883663366,0.03701394306336635,0.03711142339232673,0.03701069580544554,0.040627310675247524,0.038769282992079206,0.0373466366289604,0.03605907612450495,0.03484038515618812
2023-01-31,-0.008000005000000001,0.03445620982772277,0.034372024883663366,0.03701786506336634,0.03711620439232673,0.03701069580544554,0.04062784567524752,0.038775646992079214,0.0373350626289604,0.036064396124504954,0.03484530915618812
2023-02-01,-0.008000005000000001,0.03445620982772277,0.03436551688366336,0.03702178806336634,0.03711620439232673,0.03701069580544554,0.04062837967524753,0.03878201199207921,0.037340848628960394,0.036069717124504956,0.03484540315618813
2023-02-02,-0.008000005000000001,0.03445620982772277,0.034368770883663365,0.03702571206336634,0.03711620439232673,0.03701069580544554,0.04062891467524753,0.038788379992079215,0.0373466366289604,0.036069717124504956,0.03484549815618812
2023-02-03,-0.008000016,0.03445620982772277,0.034372024883663366,0.037029636063366345,0.03711620439232673,0.03701069580544554,0.04061677967524753,0.03879474899207921,0.0373466366289604,0.036069717124504956,0.03484559215618813
2023-02-06,-0.008000005000000001,0.03445620982772277,0.034372024883663366,0.03702571206336634,0.03711142339232673,0.03701069580544554,0.040631053675247525,0.03879474899207921,0.0373466366289604,0.03605907612450495,0.03484104415618812
2023-02-07,-0.008000005000000001,0.03445620982772277,0.034372024883663366,0.037029636063366345,0.03711620439232673,0.03701069580544554,0.04063158767524752,0.03879474899207921,0.0373350626289604,0.036064396124504954,0.03484596915618812
2023-02-08,-0.008000005000000001,0.03445620982772277,0.03436551688366336,0.037033561063366346,0.03711620439232673,0.03701069580544554,0.040587710675247524,0.03878201199207921,0.037340848628960394,0.036069717124504956,0.03484606415618813
2023-02-09,-0.008000005000000001,0.03445620982772277,0.034368770883663365,0.037033561063366346,0.03711620439232673,0.03701069580544554,0.04059458367524753,0.038788379992079215,0.0373466366289604,0.036069717124504956,0.03484615815618812
2023-02-10,-0.008000016,0.03445620982772277,0.034372024883663366,0.037033561063366346,0.03711620439232673,0.03701069580544554,0.04060145867524753,0.03879474899207921,0.0373466366289604,0.036069717124504956,0.034846252156188126
2023-02-13,-0.008000005000000001,0.03445620982772277,0.034372024883663366,0.03702571206336634,0.03711142339232673,0.03701069580544554,0.04062209667524752,0.03879474899207921,0.0373466366289604,0.03605907612450495,0.03484170415618812
2023-02-14,-0.008000005000000001,0.03445620982772277,0.034372024883663366,0.037029636063366345,0.03711620439232673,0.03701069580544554,0.04062898067524752,0.03879474899207921,0.0372945966289604,0.036064396124504954,0.03484663015618812
2023-02-15,-0.008000005000000001,0.03445620982772277,0.03436551688366336,0.037033561063366346,0.03711620439232673,0.03701069580544554,0.04063586567524753,0.03878201199207921,0.037300372628960396,0.036069717124504956,0.03484672415618813
2023-02-16,-0.008000005000000001,0.03445620982772277,0.034368770883663365,0.037033561063366346,0.03711620439232673,0.03701069580544554,0.04063640067524753,0.038788379992079215,0.03730615162896039,0.036069717124504956,0.03484681815618812
2023-02-17,-0.008000016,0.03445620982772277,0.034372024883663366,0.037033561063366346,0.03711620439232673,0.03701069580544554,0.040624223675247526,0.03879474899207921,0.037311930628960405,0.036069717124504956,0.034846913156188125
2023-02-20,-0.008000005000000001,0.03445620982772277,0.034372024883663366,0.03702571206336634,0.03711142339232673,0.03701069580544554,0.040638539675247526,0.03879474899207921,0.03732927762896039,0.03605907612450495,0.03484236415618812
2023-02-21,-0.008000005000000001,0.03445620982772277,0.034372024883663366,0.037029636063366345,0.03711620439232673,0.03701069580544554,0.04063907467524752,0.03879474899207921,0.0373350626289604,0.036064396124504954,0.03484729015618812
2023-02-22,-0.008000005000000001,0.03445620982772277,0.03436551688366336,0.037033561063366346,0.03711620439232673,0.03701069580544554,0.04063960967524753,0.03878201199207921,0.037340848628960394,0.036069717124504956,0.03484738415618813
2023-02-23,-0.008000005000000001,0.03445620982772277,0.034368770883663365,0.037033561063366346,0.03711620439232673,0.03701069580544554,0.04064014367524753,0.038788379992079215,0.0373466366289604,0.036069717124504956,0.03484747815618812
2023-02-24,-0.008000016,0.03445620982772277,0.034372024883663366,0.037033561063366346,0.03711620439232673,0.03701069580544554,0.04062794667524752,0.03879474899207921,0.0373466366289604,0.036069717124504956,0.034847573156188125
2023-02-27,-0.008000005000000001,0.03445620982772277,0.034372024883663366,0.03702571206336634,0.03711142339232673,0.03701069580544554,0.040642283675247526,0.03879474899207921,0.0373466366289604,0.03605907612450495,0.03484302415618812
2023-02-28,-0.008000005000000001,0.03445620982772277,0.034372024883663366,0.037029636063366345,0.03711620439232673,0.03701069580544554,0.04064281867524752,0.03879474899207921,0.0373350626289604,0.036064396124504954,0.03484795015618812
2023-03-01,-0.008000005000000001,0.03443985382772277,0.034355758883663365,0.03702178806336634,0.03708276139232673,0.037001245805445546,0.04063697967524753,0.03878201199207921,0.037340848628960394,0.036069717124504956,0.03484321215618813
2023-03-02,-0.008000005000000001,0.03444312382772277,0.03435901088366337,0.03702178806336634,0.03708753639232673,0.03699179880544555,0.04062476067524752,0.038788379992079215,0.0373466366289604,0.036069717124504956,0.03484330715618812
2023-03-03,-0.008000016,0.03444639482772277,0.03436226388366336,0.03701394306336635,0.03709231139232673,0.03699652180544555,0.04063166967524752,0.03879474899207921,0.0373466366289604,0.036069717124504956,0.03484340115618813
2023-03-06,-0.008000005000000001,0.03444639482772277,0.03435901088366337,0.03702178806336634,0.03491698639232673,0.03484758780544554,0.040639646675247526,0.03704746099207921,0.035704715628960396,0.03451074312450495,0.033377960156188116
2023-03-07,-0.008000005000000001,0.03444639482772277,0.03436226388366336,0.03702178806336634,0.03491698639232673,0.03484758780544554,0.04064017967524752,0.03704746099207921,0.0356936826289604,0.034515823124504956,0.03337805215618812
2023-03-08,-0.008000005000000001,0.03443985382772277,0.03436551688366336,0.03702178806336634,0.03491698639232673,0.03484758780544554,0.04064071367524752,0.037035339992079204,0.0356991986289604,0.034520904124504946,0.033378144156188116
2023-03-09,-0.008000005000000001,0.03444312382772277,0.03436551688366336,0.03702178806336634,0.034908119392326735,0.03483881180544554,0.04062847367524752,0.037041399992079206,0.035704715628960396,0.034520904124504946,0.033378236156188124
2023-03-10,-0.008000016,0.03444639482772277,0.03436551688366336,0.03701394306336635,0.03491255239232673,0.03484319980544555,0.04063539267524753,0.03704746099207921,0.035704715628960396,0.034520904124504946,0.03337832815618812
2023-03-13,-0.008000005000000001,0.03444639482772277,0.03435901088366337,0.03702178806336634,0.03491698639232673,0.03484758780544554,0.03877879267524753,0.03704746099207921,0.035704715628960396,0.03451074312450495,0.033378605156188124
2023-03-14,-0.008000005000000001,0.03444639482772277,0.03436226388366336,0.03702178806336634,0.03491698639232673,0.03484758780544554,0.03877931167524752,0.03704746099207921,0.0356936826289604,0.034515823124504956,0.03337869715618812
2023-03-15,-0.008000005000000001,0.03443985382772277,0.03436551688366336,0.03702178806336634,0.03491698639232673,0.03484758780544554,0.038779831675247525,0.037035339992079204,0.0356991986289604,0.034520904124504946,0.033378789156188124
2023-03-16,-0.008000005000000001,0.03444312382772277,0.03436551688366336,0.03702178806336634,0.034908119392326735,0.03483881180544554,0.038768229675247526,0.037041399992079206,0.035704715628960396,0.034520904124504946,0.03337888115618812
2023-03-17,-0.008000016,0.03444639482772277,0.03436551688366336,0.03701394306336635,0.03491255239232673,0.03484319980544555,0.03877480867524753,0.03704746099207921,0.035704715628960396,0.034520904124504946,0.033378973156188124
2023-03-20,-0.008000005000000001,0.03444639482772277,0.03435901088366337,0.03702178806336634,0.03491698639232673,0.03484758780544554,0.03878242967524753,0.03704746099207921,0.035704715628960396,0.03451074312450495,0.03337924915618812
2023-03-21,-0.008000005000000001,0.03444639482772277,0.03436226388366336,0.03702178806336634,0.03491698639232673,0.03484758780544554,0.03878294867524752,0.03704746099207921,0.0356936826289604,0.034515823124504956,0.033379341156188125
2023-03-22,-0.008000005000000001,0.03443985382772277,0.03436551688366336,0.03702178806336634,0.03491698639232673,0.03484758780544554,0.038783468675247526,0.037035339992079204,0.0356991986289604,0.034520904124504946,0.03337943315618812
2023-03-23,-0.008000005000000001,0.03444312382772277,0.03436551688366336,0.03702178806336634,0.034908119392326735,0.03483881180544554,0.03877184667524752,0.037041399992079206,0.035704715628960396,0.034520904124504946,0.033379525156188125
2023-03-24,-0.008000016,0.03444639482772277,0.03436551688366336,0.03701394306336635,0.03491255239232673,0.03484319980544555,0.038778435675247525,0.03704746099207921,0.035704715628960396,0.034520904124504946,0.03337961715618812
2023-03-27,-0.008000005000000001,0.03444639482772277,0.03435901088366337,0.03702178806336634,0.03491698639232673,0.03484758780544554,0.03878606667524753,0.03704746099207921,0.035704715628960396,0.03451074312450495,0.033379894156188125
2023-03-28,-0.008000005000000001,0.03444639482772277,0.03436226388366336,0.03702178806336634,0.03491698639232673,0.03484758780544554,0.03878658667524752,0.03704746099207921,0.0356936826289604,0.034515823124504956,0.03337998615618812
2023-03-29,-0.008000005000000001,0.03443004782772277,0.03436551688366336,0.03702178806336634,0.03491698639232673,0.03484758780544554,0.03878710567524753,0.037035339992079204,0.0356991986289604,0.034520904124504946,0.033380078156188125
2023-03-30,-0.008000005000000001,0.03443331582772277,0.03436551688366336,0.03702178806336634,0.034908119392326735,0.03483498580544554,0.03877546367524752,0.037041399992079206,0.035704715628960396,0.034520904124504946,0.03338017015618812
2023-03-31,-0.008000016,0.03443658482772277,0.03436551688366336,0.03702571206336634,0.03491255239232673,0.034839373805445537,0.03878206267524753,0.03704746099207921,0.035704715628960396,0.034520904124504946,0.033380262156188126
2023-04-03,-0.008000005000000001,0.03444639482772277,0.03435901088366337,0.03702571206336634,0.034921421392326735,0.03484872080544554,0.03878970467524753,0.03704746099207921,0.035704715628960396,0.03451074312450495,0.03338053815618812
2023-04-04,-0.008500003,0.03444966582772277,0.03436226388366336,0.03702571206336634,0.034921421392326735,0.03484928680544554,0.03879022367524752,0.03704746099207921,0.0356936826289604,0.034515823124504956,0.033380630156188126
2023-04-05,-0.008500003,0.03444966582772277,0.03436551688366336,0.03702571206336634,0.034921421392326735,0.034849853805445544,0.03879074367524753,0.037029281992079215,0.0356991986289604,0.034520904124504946,0.03338072215618812
2023-04-06,-0.008500003,0.03444312382772277,0.03436551688366336,0.03702571206336634,0.034921421392326735,0.03484274780544554,0.03877908067524753,0.037035339992079204,0.035704715628960396,0.034520904124504946,0.03338081415618813
2023-04-07,-0.008500009,0.03444639482772277,0.03436551688366336,0.03702571206336634,0.03491255239232673,0.03484714980544554,0.03878569067524752,0.037041399992079206,0.035704715628960396,0.034520904124504946,0.03338090715618812
2023-04-10,-0.008500003,0.03444966582772277,0.03435901088366337,0.03702571206336634,0.034921421392326735,0.03485268580544554,0.03879334267524752,0.03704746099207921,0.035704715628960396,0.03451074312450495,0.03338118315618813
2023-04-11,-0.008500003,0.03444966582772277,0.03436226388366336,0.03702571206336634,0.034921421392326735,0.034853252805445545,0.038793861675247523,0.03704746099207921,0.0356936826289604,0.034515823124504956,0.03338127515618812
2023-04-12,-0.008500003,0.03444966582772277,0.03436551688366336,0.03702571206336634,0.034921421392326735,0.03485381880544554,0.03879438167524753,0.037035339992079204,0.0356991986289604,0.034520904124504946,0.03338136715618813
2023-04-13,-0.008500003,0.03444312382772277,0.03436551688366336,0.03702571206336634,0.034921421392326735,0.03484668380544555,0.03878269867524753,0.037041399992079206,0.035704715628960396,0.034520904124504946,0.03338145915618812
2023-04-14,-0.008500009,0.03444639482772277,0.03436551688366336,0.03702571206336634,0.03491255239232673,0.03485110080544554,0.03878931867524753,0.03704746099207921,0.035704715628960396,0.034520904124504946,0.03338155115618813
2023-04-17,-0.008500003,0.03444966582772277,0.03435901088366337,0.03702571206336634,0.034921421392326735,0.034856651805445546,0.03879698067524752,0.03704746099207921,0.035704715628960396,0.03451074312450495,0.03338182715618812
2023-04-18,-0.008500003,0.03444966582772277,0.03436226388366336,0.03702571206336634,0.034921421392326735,0.03485721780544554,0.03879139267524753,0.03704746099207921,0.0356936826289604,0.034515823124504956,0.033381919156188114
2023-04-19,-0.008500003,0.03444966582772277,0.03436551688366336,0.03702571206336634,0.034921421392326735,0.034857784805445546,0.03879802067524753,0.037035339992079204,0.0356991986289604,0.034520904124504946,0.03338201215618812
2023-04-20,-0.008500003,0.03444312382772277,0.03436551688366336,0.03702571206336634,0.034921421392326735,0.03485062080544554,0.038786317675247525,0.037041399992079206,0.035704715628960396,0.034520904124504946,0.033382104156188114
2023-04-21,-0.008500009,0.03444639482772277,0.03436551688366336,0.03702571206336634,0.03491255239232673,0.03485505180544554,0.03879294767524753,0.03704746099207921,0.035704715628960396,0.034520904124504946,0.03338219615618812
2023-04-24,-0.008500003,0.03444966582772277,0.03435901088366337,0.03702571206336634,0.034921421392326735,0.03486061780544554,0.03880061967524753,0.03704746099207921,0.035704715628960396,0.03451074312450495,0.033382472156188114
2023-04-25,-0.008500003,0.03444966582772277,0.03436226388366336,0.03702571206336634,0.034921421392326735,0.03486118480544555,0.03880113967524752,0.03704746099207921,0.035688167628960404,0.034515823124504956,0.03338256415618812
2023-04-26,-0.008500003,0.03444966582772277,0.03436551688366336,0.03702571206336634,0.034921421392326735,0.03486175180544554,0.03880165967524753,0.03704746099207921,0.0356936826289604,0.034520904124504946,0.033382656156188115
2023-04-27,-0.008500003,0.03444312382772277,0.03436551688366336,0.03702571206336634,0.034921421392326735,0.03485455880544554,0.03877156767524753,0.037041399992079206,0.0356991986289604,0.034520904124504946,0.03338274815618812
2023-04-28,-0.008500018,0.03444639482772277,0.03436551688366336,0.03702571206336634,0.03491255239232673,0.03485900480544554,0.03877820467524752,0.03704746099207921,0.035704715628960396,0.034520904124504946,0.033382840156188115
2023-05-04,-0.008500003,0.03444312382772277,0.03436551688366336,0.03702178806336634,0.034908119392326735,0.034858496805445546,0.03880581867524753,0.037041399992079206,0.035704715628960396,0.034520904124504946,0.033383393156188115
2023-05-05,-0.008500009,0.03444639482772277,0.03436551688366336,0.03701394306336635,0.03491255239232673,0.034862956805445544,0.03880020567524753,0.03704746099207921,0.035704715628960396,0.034520904124504946,0.03338348515618812
2023-05-08,-0.008500003,0.03444639482772277,0.03435901088366337,0.03702178806336634,0.03491698639232673,0.03483726880544555,0.03880789867524753,0.03704746099207921,0.035704715628960396,0.03451074312450495,0.033383761156188116
2023-05-09,-0.008500003,0.03444639482772277,0.03436226388366336,0.03702178806336634,0.03491698639232673,0.03484174080544554,0.03880841867524752,0.03704746099207921,0.0356936826289604,0.034515823124504956,0.03338385315618812
2023-05-10,-0.008500003,0.03443985382772277,0.03436551688366336,0.03702178806336634,0.03491698639232673,0.034846213805445544,0.038808938675247526,0.037035339992079204,0.0356991986289604,0.034520904124504946,0.033383945156188116
2023-05-11,-0.008500003,0.03145556482772277,0.031389144883663365,0.03406096806336634,0.034908119392326735,0.03485068880544555,0.03879717367524753,0.037041399992079206,0.035704715628960396,0.034520904124504946,0.03338403715618812
2023-05-12,-0.008500009,0.03145844882772278,0.031389144883663365,0.034053964063366346,0.03491255239232673,0.03485516580544554,0.03880383467524752,0.03660968299207921,0.035704715628960396,0.034520904124504946,0.033384130156188116
2023-05-15,-0.008500003,0.03145844882772278,0.03138340688366337,0.03406096806336634,0.03418815839232673,0.03414972980544555,0.03881153867524753,0.03660968299207921,0.035704715628960396,0.03451074312450495,0.03338440615618812
2023-05-16,-0.008500003,0.03145844882772278,0.03138627588366336,0.03406096806336634,0.03418815839232673,0.034150287805445545,0.03881205867524752,0.03660968299207921,0.0356936826289604,0.034515823124504956,0.03338449815618812
2023-05-17,-0.008500003,0.031452682827722775,0.031389144883663365,0.03406096806336634,0.03418815839232673,0.03414320480544554,0.038812578675247525,0.03659771399207921,0.0356991986289604,0.034520904124504946,0.033384590156188124
2023-05-18,-0.008500003,0.03145556482772277,0.031389144883663365,0.03406096806336634,0.034179515392326734,0.03414758180544554,0.038800793675247525,0.03660369799207921,0.035704715628960396,0.034520904124504946,0.03338468215618812
2023-05-19,-0.008500009,0.03145844882772278,0.031389144883663365,0.034053964063366346,0.034183836392326736,0.03415196080544554,0.038807464675247524,0.03660968299207921,0.035704715628960396,0.034520904124504946,0.033384774156188124
2023-05-22,-0.008500003,0.03145844882772278,0.03138340688366337,0.03406096806336634,0.03491698639232673,0.03487255880544554,0.03881517867524753,0.03660968299207921,0.035704715628960396,0.03451074312450495,0.03338505015618812
2023-05-23,-0.008500003,0.03145844882772278,0.03138627588366336,0.03406096806336634,0.03491698639232673,0.03487312280544555,0.03881569867524752,0.03660968299207921,0.0356936826289604,0.034515823124504956,0.033385143156188124
2023-05-24,-0.008500003,0.031452682827722775,0.031389144883663365,0.03406096806336634,0.03491698639232673,0.03486581180544554,0.038816218675247524,0.03659771399207921,0.0356991986289604,0.034520904124504946,0.03338523515618812
2023-05-25,-0.008500003,0.02647456082772277,0.026425230883663366,0.02912135306336634,0.034908119392326735,0.034870313805445544,0.03880441367524752,0.03660369799207921,0.035704715628960396,0.034520904124504946,0.033385327156188124
2023-05-26,-0.008500009,0.02647685282772277,0.026425230883663366,0.02911564506336634,0.031996071392326735,0.03175653180544555,0.03881109467524753,0.03309359299207921,0.0323964086289604,0.03139419112450495,0.03042097315618812
2023-05-29,-0.008500003,0.02647685282772277,0.026420667883663367,0.02912135306336634,0.032000066392326734,0.03175813380544554,0.03507700467524752,0.03309359299207921,0.0323964086289604,0.03138497012450495,0.03042123615618812
2023-05-30,-0.008500003,0.02647685282772277,0.026422949883663366,0.02912135306336634,0.032000066392326734,0.03176217580544555,0.035077497675247524,0.03309359299207921,0.03238642962896039,0.03138958012450495,0.03042132415618812
2023-05-31,-0.008500003,0.02647914582772277,0.026425230883663366,0.02912135306336634,0.03200406239232673,0.03176621880544554,0.03507798967524753,0.03308281299207921,0.03239141862896039,0.03139419112450495,0.030421412156188123
2023-06-01,-0.008500003,0.02647456082772277,0.026425230883663366,0.029109939063366345,0.03200406239232673,0.03176675680544554,0.03506744467524753,0.033088201992079215,0.0323964086289604,0.03139419112450495,0.03042149915618812
2023-06-02,-0.008500009,0.02647685282772277,0.026425230883663366,0.029112792063366342,0.031996071392326735,0.03176027080544554,0.03507345367524753,0.03309359299207921,0.0323964086289604,0.03139419112450495,0.03042158715618812
2023-06-05,-0.008500003,0.02647914582772277,0.026420667883663367,0.02912135306336634,0.03200406239232673,0.03176890980544554,0.035080450675247524,0.03309359299207921,0.0323964086289604,0.03138497012450495,0.030421850156188122
2023-06-06,-0.008500003,0.02647914582772277,0.026422949883663366,0.02912135306336634,0.03200406239232673,0.03176944780544555,0.03508094267524753,0.03309359299207921,0.03238642962896039,0.03138958012450495,0.030421938156188124
2023-06-07,-0.008500003,0.02647914582772277,0.026425230883663366,0.02912135306336634,0.03200406239232673,0.031769985805445544,0.03508143467524752,0.03308281299207921,0.03239141862896039,0.03139419112450495,0.03042202515618812
2023-06-08,-0.008500003,0.02647456082772277,0.026425230883663366,0.02912135306336634,0.03200406239232673,0.03177052380544554,0.03507087067524753,0.033088201992079215,0.0323964086289604,0.03139419112450495,0.030422113156188122
2023-06-09,-0.008500009,0.02647685282772277,0.026425230883663366,0.02911564506336634,0.031996071392326735,0.03176400980544554,0.035076889675247525,0.03309359299207921,0.0323964086289604,0.03139419112450495,0.030422201156188117
2023-06-12,-0.008500003,0.02647914582772277,0.026420667883663367,0.02912135306336634,0.03200406239232673,0.03177267680544554,0.03508389567524753,0.03309359299207921,0.0323964086289604,0.03138497012450495,0.030422464156188118
2023-06-13,-0.008500003,0.02647914582772277,0.026422949883663366,0.02912135306336634,0.03200406239232673,0.03177321480544554,0.03508438867524753,0.03309359299207921,0.03238642962896039,0.03138958012450495,0.03042255115618812
2023-06-14,-0.008500003,0.02647914582772277,0.026425230883663366,0.02912135306336634,0.03200406239232673,0.031773752805445546,0.03508488067524752,0.03308281299207921,0.03239141862896039,0.03139419112450495,0.030422639156188123
2023-06-15,-0.008500003,0.02647456082772277,0.026425230883663366,0.02912135306336634,0.03200406239232673,0.03177429080544554,0.03507429767524753,0.033088201992079215,0.0323964086289604,0.03139419112450495,0.030422727156188118
2023-06-16,-0.008500009,0.02647685282772277,0.026425230883663366,0.02911564506336634,0.031996071392326735,0.03176774880544554,0.03508032567524752,0.03309359299207921,0.0323964086289604,0.03139419112450495,0.03042281415618812
2023-06-19,-0.008500003,0.02299039982772277,0.022944219883663367,0.026649237063366343,0.029569665392326736,0.029371533805445545,0.03508734267524753,0.03132623299207921,0.031008197628960395,0.02941130012450495,0.028547660156188124
2023-06-20,-0.008500003,0.02299039982772277,0.022946129883663367,0.026649237063366343,0.029569665392326736,0.029372047805445545,0.032741673675247523,0.03132623299207921,0.030998645628960392,0.02941562412450495,0.02854774515618812
2023-06-21,-0.008500003,0.019500653827722775,0.019468826883663366,0.02417557906336634,0.027132293392326735,0.026963257805445544,0.032742147675247524,0.029098703992079214,0.028209949628960392,0.027429993124504948,0.026654649156188124
2023-06-22,-0.008500003,0.01949749982772277,0.019468826883663366,0.02417557906336634,0.027132293392326735,0.026963747805445543,0.030381350675247526,0.02910345599207921,0.028214309628960394,0.027429993124504948,0.026654731156188122
2023-06-23,-0.008500009,0.019499076827722773,0.019468826883663366,0.024171037063366343,0.027125668392326732,0.026958395805445543,0.030386581675247527,0.029108209992079213,0.028214309628960394,0.027429993124504948,0.02665481315618812
2023-06-26,-0.008500003,0.019500653827722775,0.019465683883663362,0.02417557906336634,0.027132293392326735,0.026965708805445545,0.030392729675247525,0.029108209992079213,0.028214309628960394,0.027421902124504953,0.026655059156188123
2023-06-27,-0.008500003,0.019500653827722775,0.019467255883663367,0.02417557906336634,0.027132293392326735,0.026966199805445543,0.030393186675247527,0.029108209992079213,0.028205590628960397,0.027425947124504954,0.02665514115618812
2023-06-28,-0.008500003,0.019500653827722775,0.019468826883663366,0.02417557906336634,0.027132293392326735,0.026966689805445542,0.03039364467524753,0.029098703992079214,0.028209949628960392,0.027429993124504948,0.02665522315618812
2023-06-29,-0.008500003,0.01949749982772277,0.019468826883663366,0.02417557906336634,0.027132293392326735,0.02696717980544554,0.030384533675247523,0.02910345599207921,0.028214309628960394,0.027429993124504948,0.02665530515618812
2023-06-30,-0.008500009,0.019499076827722773,0.019468826883663366,0.024171037063366343,0.027123081392326734,0.02696180280544554,0.030389773675247526,0.029108209992079213,0.028214309628960394,0.027429993124504948,0.026655387156188124
2023-07-03,-0.008500003,0.019499076827722773,0.019464112883663363,0.02417557906336634,0.027130447392326736,0.026966202805445542,0.030395930675247526,0.029108209992079213,0.028214309628960394,0.027421902124504953,0.02665563315618812
2023-07-04,-0.008500003,0.019499076827722773,0.019465683883663362,0.02417557906336634,0.02713118039232673,0.02696669180544554,0.03039638767524753,0.029108209992079213,0.028205590628960397,0.027425947124504954,0.026655715156188118
2023-07-05,-0.008500003,0.019495921827722775,0.019467255883663367,0.02417557906336634,0.027131914392326734,0.02696717980544554,0.030396845675247523,0.029098703992079214,0.028209949628960392,0.027429993124504948,0.026655797156188123
2023-07-06,-0.008500003,0.01949749982772277,0.019467255883663367,0.02417557906336634,0.027127434392326732,0.02696177580544554,0.030387716675247527,0.02910345599207921,0.028214309628960394,0.027429993124504948,0.026655879156188122
2023-07-07,-0.008500009,0.019499076827722773,0.019467255883663367,0.024171037063366343,0.02713077339232673,0.026965209805445544,0.030392965675247526,0.029108209992079213,0.028214309628960394,0.027429993124504948,0.02665596115618812
2023-07-10,-0.008500003,0.019499076827722773,0.019465683883663362,0.02417557906336634,0.027135581392326732,0.026969622805445546,0.030399131675247527,0.029108209992079213,0.028214309628960394,0.027421902124504953,0.026656207156188123
2023-07-11,-0.008500003,0.019499076827722773,0.019467255883663367,0.02417557906336634,0.027136314392326735,0.026970111805445545,0.03039958967524753,0.029108209992079213,0.028205590628960397,0.027425947124504954,0.02665628915618812
2023-07-12,-0.008500003,0.019495921827722775,0.019467255883663367,0.02417557906336634,0.02713704839232673,0.026970599805445545,0.030400046675247525,0.029098703992079214,0.028209949628960392,0.027429993124504948,0.02665637115618812
2023-07-13,-0.008500003,0.01949749982772277,0.019467255883663367,0.02417557906336634,0.02713251239232673,0.026965170805445544,0.030390900675247523,0.02910345599207921,0.028214309628960394,0.027429993124504948,0.026656453156188118
2023-07-14,-0.008500009,0.019499076827722773,0.019467255883663367,0.024171037063366343,0.027135879392326735,0.02696861780544554,0.030396158675247524,0.029108209992079213,0.028214309628960394,0.027429993124504948,0.026656535156188123
2023-07-17,-0.008500003,0.019499076827722773,0.019465683883663362,0.02417557906336634,0.02714071539232673,0.026973043805445542,0.030402333675247528,0.029108209992079213,0.028214309628960394,0.027421902124504953,0.02665678115618812
2023-07-18,-0.008500003,0.019499076827722773,0.019467255883663367,0.02417557906336634,0.02714144939232673,0.026970564805445543,0.030402790675247524,0.029108209992079213,0.028205590628960397,0.027425947124504954,0.026656863156188117
2023-07-19,-0.008500003,0.019495921827722775,0.019467255883663367,0.02417557906336634,0.027142183392326734,0.02697402080544554,0.030403248675247525,0.029098703992079214,0.028209949628960392,0.027429993124504948,0.026656945156188123
2023-07-20,-0.008500003,0.01949749982772277,0.019467255883663367,0.02417557906336634,0.027137592392326736,0.026968566805445546,0.030394083675247527,0.02910345599207921,0.028214309628960394,0.027429993124504948,0.02665702715618812
2023-07-21,-0.008500009,0.01850191382772277,0.018472913883663365,0.024171037063366343,0.027140987392326732,0.026972025805445544,0.030399351675247523,0.028440879992079213,0.028214309628960394,0.027429993124504948,0.02665711015618812
2023-07-24,-0.008500003,0.01850191382772277,0.018471432883663368,0.02417557906336634,0.027145851392326732,0.026976464805445546,0.03040553567524753,0.028440879992079213,0.028214309628960394,0.027421902124504953,0.02665735615618812
2023-07-25,-0.008500003,0.01850191382772277,0.018472913883663365,0.02417557906336634,0.027146585392326734,0.026976953805445545,0.030405992675247524,0.028440879992079213,0.028205590628960397,0.027425947124504954,0.02665743815618812
2023-07-26,-0.008500003,0.018498941827722774,0.018472913883663365,0.02417557906336634,0.02714731939232673,0.026977441805445545,0.030406450675247526,0.02843157999207921,0.028209949628960392,0.027429993124504948,0.02665752015618812
2023-07-27,-0.008500003,0.018500427827722776,0.018472913883663365,0.02417557906336634,0.027142672392326733,0.02696299980544554,0.030397268675247523,0.02843622899207921,0.028214309628960394,0.027429993124504948,0.026657602156188124
2023-07-28,-0.008500009,0.01850191382772277,0.018472913883663365,0.024171037063366343,0.027146095392326736,0.02696646980544554,0.030402544675247528,0.028440879992079213,0.028214309628960394,0.027429993124504948,0.026657684156188122
2023-07-31,-0.008500003,0.01850191382772277,0.018471432883663368,0.02417557906336634,0.027150988392326734,0.02697689580544554,0.030408737675247523,0.028440879992079213,0.028214309628960394,0.027421902124504953,0.026657930156188118
2023-08-01,-0.008500003,0.018495970827722776,0.018472913883663365,0.02417557906336634,0.02715172239232673,0.02698037480544554,0.030409195675247525,0.028440879992079213,0.028205590628960397,0.027425947124504954,0.026658012156188123
2023-08-02,-0.008500003,0.01849745582772277,0.018474394883663363,0.02417557906336634,0.027152456392326732,0.02698385680544554,0.030409652675247527,0.02843157999207921,0.028209949628960392,0.027429993124504948,0.02665809415618812
2023-08-03,-0.008500003,0.018498941827722774,0.018474394883663363,0.02417557906336634,0.02714775439232673,0.026984346805445546,0.030400452675247526,0.02843622899207921,0.028214309628960394,0.027429993124504948,0.02665817615618812
2023-08-04,-0.008500009,0.018500427827722776,0.018474394883663363,0.024171037063366343,0.02715120539232673,0.026984837805445545,0.030405737675247527,0.028440879992079213,0.028214309628960394,0.027429993124504948,0.02665825815618812
2023-08-07,-0.008500003,0.01850191382772277,0.018471432883663368,0.02417557906336634,0.02715612639232673,0.02698630980544554,0.030411940675247523,0.028440879992079213,0.028214309628960394,0.027421902124504953,0.02665850415618812
2023-08-08,-0.008500003,0.01850191382772277,0.018472913883663365,0.02417557906336634,0.027137598392326732,0.026986800805445545,0.030412397675247525,0.028440879992079213,0.028205590628960397,0.027425947124504954,0.02665858615618812
2023-08-09,-0.008500003,0.018498941827722774,0.018474394883663363,0.02417557906336634,0.027141077392326733,0.026987290805445544,0.030412855675247527,0.02843157999207921,0.028209949628960392,0.027429993124504948,0.026658668156188118
2023-08-10,-0.008500003,0.018500427827722776,0.018474394883663363,0.02417557906336634,0.027144558392326733,0.026987781805445542,0.03040363767524753,0.02843622899207921,0.028214309628960394,0.027429993124504948,0.026658750156188123
2023-08-11,-0.008500009,0.01850191382772277,0.018474394883663363,0.024171037063366343,0.02714804139232673,0.026982252805445545,0.030408931675247525,0.028440879992079213,0.028214309628960394,0.027429993124504948,0.026658832156188122
2023-08-14,-0.008500003,0.01850191382772277,0.018471432883663368,0.02417557906336634,0.027158506392326733,0.026989744805445543,0.030415143675247523,0.028440879992079213,0.028214309628960394,0.027421902124504953,0.026659078156188117
2023-08-15,-0.008500003,0.01850191382772277,0.018472913883663365,0.02417557906336634,0.027161999392326733,0.02699023580544554,0.030415600675247526,0.028440879992079213,0.028205590628960397,0.027425947124504954,0.026659160156188123
2023-08-16,-0.008500003,0.018498941827722774,0.018474394883663363,0.02417557906336634,0.027162733392326735,0.026990726805445547,0.030416058675247527,0.02843157999207921,0.028209949628960392,0.027429993124504948,0.02665924215618812
2023-08-17,-0.008500003,0.018500427827722776,0.018474394883663363,0.02417557906336634,0.027157920392326736,0.026991216805445545,0.030406822675247525,0.02843622899207921,0.028214309628960394,0.027429993124504948,0.02665932415618812
2023-08-18,-0.008500009,0.01850191382772277,0.018474394883663363,0.024171037063366343,0.027161427392326735,0.02698566380544554,0.030412125675247523,0.028440879992079213,0.028214309628960394,0.027429993124504948,0.026659406156188118
2023-08-21,-0.008500003,0.01850191382772277,0.018471432883663368,0.02417557906336634,0.02716640539232673,0.026993180805445546,0.030418346675247523,0.028440879992079213,0.028214309628960394,0.027421902124504953,0.02665965315618812
2023-08-22,-0.008500003,0.01850191382772277,0.018472913883663365,0.02417557906336634,0.027167139392326733,0.026993671805445544,0.030418804675247525,0.028440879992079213,0.028214309628960394,0.027425947124504954,0.02665973515618812
2023-08-23,-0.008750002,0.015507460827722773,0.015490104883663366,0.02120515306336634,0.024237164392326732,0.024095414805445543,0.030419261675247528,0.023287091992079213,0.023121883628960397,0.02421274512450495,0.021651503156188124
2023-08-24,-0.008750002,0.015508689827722771,0.015490104883663366,0.02120515306336634,0.02423295139232673,0.024095876805445542,0.025689109675247526,0.02329098399207921,0.023125530628960392,0.02218073412450495,0.02165157715618812
2023-08-25,-0.008750006000000001,0.015509918827722773,0.015490104883663366,0.021201248063366342,0.024236092392326734,0.024090984805445543,0.025693661675247524,0.02329487799207921,0.023125530628960392,0.02218073412450495,0.021651652156188122
2023-08-28,-0.008750002,0.015509918827722773,0.015487655883663364,0.02120515306336634,0.024240618392326732,0.02409772480544554,0.025699060675247527,0.02329487799207921,0.023125530628960392,0.02217403512450495,0.021651875156188122
2023-08-29,-0.008750002,0.015509918827722773,0.015488879883663365,0.02120515306336634,0.024241309392326736,0.02409818680544554,0.025699482675247527,0.02329487799207921,0.023107302628960397,0.02217738412450495,0.021651950156188118
2023-08-30,-0.008750002,0.015507460827722773,0.015490104883663366,0.02120515306336634,0.024244468392326732,0.02409864880544554,0.025699904675247527,0.023279310992079208,0.023110946628960394,0.02218073412450495,0.02165202515618812
2023-08-31,-0.008750011,0.015508689827722771,0.015490104883663366,0.02120710606336634,0.024247629392326733,0.02409911080544554,0.025683773675247525,0.023283200992079214,0.023114591628960398,0.02218073412450495,0.021652099156188123
2023-09-05,-0.008750002,0.015511146827722772,0.015488879883663365,0.02120710606336634,0.024251123392326733,0.024101420805445545,0.025702439675247525,0.02329487799207921,0.023118236628960395,0.02217738412450495,0.02165247215618812
2023-09-06,-0.008750002,0.015511146827722772,0.015490104883663366,0.02120710606336634,0.024251822392326733,0.024101882805445545,0.025702861675247525,0.023287091992079213,0.023121883628960397,0.02218073412450495,0.021652546156188123
2023-09-07,-0.008750002,0.015508689827722771,0.015490104883663366,0.02120710606336634,0.024252521392326733,0.024102344805445545,0.025694990675247525,0.02329098399207921,0.023125530628960392,0.02218073412450495,0.02165262115618812
2023-09-08,-0.008750006000000001,0.015509918827722773,0.015490104883663366,0.02120710606336634,0.024253220392326733,0.024097405805445542,0.02569955867524753,0.02329487799207921,0.023125530628960392,0.02218073412450495,0.02165269515618812
2023-09-11,-0.008750002,0.015511146827722772,0.015487655883663364,0.02120710606336634,0.024255316392326733,0.024104192805445544,0.025704973675247524,0.02329487799207921,0.023125530628960392,0.02217403512450495,0.02165291915618812
2023-09-12,-0.008750002,0.015511146827722772,0.015488879883663365,0.02120710606336634,0.024256015392326732,0.024104654805445543,0.025705396675247523,0.02329487799207921,0.023118236628960395,0.02217738412450495,0.021652994156188123
2023-09-13,-0.008750002,0.015511146827722772,0.015490104883663366,0.02046407606336634,0.023767575392326733,0.023621278805445543,0.025705818675247523,0.022612141992079213,0.022266262628960396,0.020953553124504948,0.02047923315618812
2023-09-14,-0.008750002,0.015508689827722771,0.015490104883663366,0.019720909063366338,0.023279002392326734,0.023137716805445543,0.025035108675247525,0.022615939992079212,0.022269796628960396,0.020953553124504948,0.020479305156188118
2023-09-15,-0.008750006000000001,0.015509918827722773,0.015490104883663366,0.019720909063366338,0.023279686392326734,0.02313297480544554,0.024281412675247527,0.02261973799207921,0.022269796628960396,0.020953553124504948,0.02047937815618812
2023-09-18,-0.008750002,0.015511146827722772,0.015487655883663364,0.01897760306336634,0.022792325392326736,0.022655311805445544,0.024286596675247525,0.021943685992079208,0.021411859628960393,0.020947161124504954,0.020479597156188124
2023-09-19,-0.008750002,0.015511146827722772,0.015488879883663365,0.018234160063366343,0.02230346139232673,0.022171364805445546,0.023623022675247525,0.021943685992079208,0.021405018628960392,0.02095035612450495,0.02047966915618812
2023-09-20,-0.008750002,0.015511146827722772,0.015490104883663366,0.018234160063366343,0.02230413139232673,0.022171807805445542,0.022864040675247527,0.021936276992079208,0.021408438628960396,0.020953553124504948,0.020479742156188124
2023-09-21,-0.008750002,0.015508689827722771,0.015490104883663366,0.018234160063366343,0.022304800392326733,0.022172250805445545,0.022856936675247526,0.02193998099207921,0.021411859628960393,0.020953553124504948,0.02047981515618812
2023-09-22,-0.008750006000000001,0.015509918827722773,0.015490104883663366,0.018234160063366343,0.022305470392326734,0.022167701805445545,0.022861089675247526,0.021943685992079208,0.021411859628960393,0.020953553124504948,0.020479888156188123
2023-09-25,-0.008750002,0.015511146827722772,0.015487655883663364,0.018234160063366343,0.02230747939232673,0.022174021805445542,0.022866046675247526,0.021943685992079208,0.021411859628960393,0.020947161124504954,0.02048010615618812
2023-09-26,-0.008750002,0.015511146827722772,0.015488879883663365,0.018234160063366343,0.022308149392326733,0.022174464805445545,0.02286644867524753,0.021943685992079208,0.021405018628960392,0.02095035612450495,0.020480179156188123
2023-09-27,-0.008750002,0.015511146827722772,0.015490104883663366,0.018234160063366343,0.022308819392326734,0.02217490780544554,0.022866849675247526,0.021936276992079208,0.021408438628960396,0.020953553124504948,0.02048025215618812
2023-09-28,-0.008750002,0.015508689827722771,0.015490104883663366,0.018234160063366343,0.022309489392326735,0.022175350805445544,0.022859729675247527,0.02193998099207921,0.021411859628960393,0.020953553124504948,0.020480324156188123
2023-09-29,-0.008750006000000001,0.015509918827722773,0.015490104883663366,0.018234160063366343,0.02231015939232673,0.022170778805445542,0.02286389067524753,0.021943685992079208,0.021411859628960393,0.020953553124504948,0.02048039715618812
2023-10-02,-0.008750002,0.015509918827722773,0.015487655883663364,0.018233536063366345,0.022309805392326736,0.02217712180544554,0.022868855675247525,0.021943685992079208,0.021411859628960393,0.020947161124504954,0.02048061615618812
2023-10-03,-0.008750002,0.015509918827722773,0.015488879883663365,0.01773888306336634,0.021820763392326734,0.02169292680544554,0.02286925767524753,0.021492475992079207,0.020831979628960395,0.020128977124504954,0.01969426215618812
2023-10-04,-0.008750002,0.015507460827722773,0.015490104883663366,0.017739904063366344,0.021821422392326734,0.02169336480544554,0.022394697675247523,0.02148519099207921,0.020835325628960396,0.02013207212450495,0.019694334156188122
2023-10-05,-0.008750002,0.015508689827722771,0.015490104883663366,0.01774092406336634,0.021822081392326734,0.021693802805445545,0.022387692675247525,0.02148883299207921,0.020838672628960397,0.02013207212450495,0.01969440515618812
2023-10-06,-0.008750006000000001,0.015509918827722773,0.015490104883663366,0.01774061006336634,0.021818085392326735,0.02168931580544554,0.022391790675247526,0.021492475992079207,0.020838672628960397,0.02013207212450495,0.019694477156188123
2023-10-09,-0.008750002,0.015509918827722773,0.015487655883663364,0.017745006063366344,0.021824717392326734,0.021695554805445546,0.022396686675247524,0.021492475992079207,0.020838672628960397,0.020125882124504953,0.01969469215618812
2023-10-10,-0.008750002,0.015509918827722773,0.015488879883663365,0.01774602706336634,0.021825376392326734,0.021695993805445544,0.02239708467524753,0.021492475992079207,0.020831979628960395,0.020128977124504954,0.01969476315618812
2023-10-11,-0.008750002,0.015507460827722773,0.015490104883663366,0.016259258063366342,0.020356015392326732,0.020241342805445543,0.022397482675247528,0.02012947899207921,0.019686132628960396,0.019307884124504952,0.018905294156188118
2023-10-12,-0.008750002,0.015508689827722771,0.015490104883663366,0.01626023506336634,0.02035665239232673,0.02024176680544554,0.020964531675247526,0.020132937992079214,0.019689332628960398,0.019307884124504952,0.018905365156188122
2023-10-13,-0.008750006000000001,0.015509918827722773,0.015490104883663366,0.01625992206336634,0.020352909392326736,0.020237571805445543,0.02096842967524753,0.02013639899207921,0.019689332628960398,0.019307884124504952,0.01890543515618812
2023-10-16,-0.008750002,0.015509918827722773,0.015487655883663364,0.01626414206336634,0.020359200392326735,0.020243460805445545,0.020973105675247523,0.02013639899207921,0.019689332628960398,0.01930189312450495,0.01890564715618812
2023-10-17,-0.008750002,0.015509918827722773,0.015488879883663365,0.016265119063366345,0.020359838392326732,0.020243884805445544,0.020973492675247528,0.02013639899207921,0.019682933628960394,0.019304888124504954,0.018905717156188124
2023-10-18,-0.008750002,0.015507460827722773,0.015490104883663366,0.016266096063366344,0.020358269392326732,0.020244308805445543,0.020973879675247525,0.02012947899207921,0.019686132628960396,0.019307884124504952,0.018905787156188122
2023-10-19,-0.008750002,0.015508689827722771,0.015490104883663366,0.016267073063366343,0.020361112392326734,0.020244731805445542,0.020967226675247523,0.020132937992079214,0.019689332628960398,0.019307884124504952,0.01890585815618812
2023-10-20,-0.008750006000000001,0.015011178827722772,0.014992578883663364,0.01577049406336634,0.019867114392326732,0.019755196805445543,0.020971132675247528,0.01968355399207921,0.0191131736289604,0.018480969124504948,0.01811324715618812
2023-10-23,-0.008750002,0.015011178827722772,0.014990209883663366,0.01577475106336634,0.01987332639232673,0.01976098680544554,0.02049988267524753,0.01968355399207921,0.0191131736289604,0.01847517612450495,0.018113455156188122
2023-10-24,-0.008750002,0.015011178827722772,0.014991393883663363,0.01577571306336634,0.019873956392326732,0.019761404805445543,0.020500266675247528,0.01968355399207921,0.019106918628960395,0.018478072124504953,0.01811352415618812
2023-10-25,-0.008750002,0.015008802827722774,0.014992578883663364,0.01577667606336634,0.019874586392326733,0.019761823805445545,0.020500649675247527,0.01967675399207921,0.019110045628960393,0.018480969124504948,0.018113594156188118
2023-10-26,-0.008750002,0.015009990827722773,0.014992578883663364,0.01577763806336634,0.019875216392326735,0.019762242805445546,0.02049410767524753,0.01968015399207921,0.0191131736289604,0.018480969124504948,0.018113663156188124
2023-10-27,-0.008750006000000001,0.015011178827722772,0.014992578883663364,0.015777089063366345,0.019864907392326735,0.019758107805445544,0.020497952675247524,0.01968355399207921,0.0191131736289604,0.018480969124504948,0.018113732156188122
2023-10-30,-0.008750002,0.015011178827722772,0.014990281883663366,0.01578149006336634,0.019873346392326734,0.019763918805445545,0.020502568675247523,0.01968355399207921,0.0191131736289604,0.01847517612450495,0.018113940156188123
2023-10-31,-0.008750002,0.015012366827722771,0.014991485883663364,0.01578245306336634,0.019876169392326733,0.01976433780544554,0.020502951675247523,0.01968355399207921,0.019106918628960395,0.018478072124504953,0.018114009156188122
2023-11-01,-0.008750002,0.015012366827722771,0.014992690883663364,0.015783416063366345,0.019878997392326736,0.01976475680544554,0.02050333567524753,0.01967675399207921,0.019110045628960393,0.018480969124504948,0.01811407815618812
2023-11-02,-0.008750002,0.015009990827722773,0.014993896883663364,0.015784379063366345,0.01988182939232673,0.019765175805445543,0.020496778675247525,0.01968015399207921,0.0191131736289604,0.018480969124504948,0.018114148156188118
2023-11-03,-0.008750006000000001,0.015011178827722772,0.014995214883663364,0.01578368606336634,0.01988246339232673,0.019761018805445545,0.020500631675247523,0.01968355399207921,0.0191131736289604,0.018480969124504948,0.018114217156188123
2023-11-06,-0.008750002,0.015012366827722771,0.014999145883663367,0.015788232063366343,0.019884364392326735,0.019766851805445542,0.020505253675247526,0.01968355399207921,0.0191131736289604,0.01847517612450495,0.018114425156188118
2023-11-07,-0.008750002,0.015012366827722771,0.015000474883663364,0.015789195063366342,0.019884998392326735,0.019767270805445544,0.020505637675247525,0.01968355399207921,0.019106918628960395,0.018478072124504953,0.018114494156188123
2023-11-08,-0.008750002,0.015012366827722771,0.015001807883663364,0.01578381006336634,0.019885632392326734,0.019767689805445545,0.020506021675247524,0.01967675399207921,0.019110045628960393,0.018480969124504948,0.01811456315618812
2023-11-09,-0.008750002,0.015009990827722773,0.015003126883663363,0.01578565306336634,0.019886265392326734,0.019768108805445547,0.020499449675247527,0.01968015399207921,0.0191131736289604,0.018480969124504948,0.01811463215618812
2023-11-10,-0.008750006000000001,0.014512417827722772,0.014506677883663364,0.015291125063366339,0.019396258392326733,0.019278332805445542,0.02050330967524753,0.01945697799207921,0.018824719628960398,0.01806648412450495,0.01771716715618812
2023-11-13,-0.008750002,0.014513565827722771,0.014510295883663364,0.015296584063366338,0.01939813739232673,0.019284065805445543,0.020317473675247527,0.01945697799207921,0.018824719628960398,0.01806078812450495,0.017717373156188123
2023-11-14,-0.008750002,0.014513565827722771,0.014511724883663365,0.015298423063366342,0.019398764392326732,0.01928447980544554,0.020317855675247527,0.01945697799207921,0.018818536628960398,0.01806363612450495,0.01771744215618812
2023-11-15,-0.008750002,0.014513565827722771,0.014513162883663364,0.01530027206336634,0.019399390392326736,0.019284893805445544,0.020318238675247527,0.019450237992079213,0.018821627628960395,0.01806648412450495,0.01771751115618812
2023-11-16,-0.008750002,0.014511269827722773,0.014514460883663365,0.01530122106336634,0.019400017392326732,0.01928530780544554,0.020311701675247526,0.019453607992079208,0.018824719628960398,0.01806648412450495,0.01771757915618812
2023-11-17,-0.008750006000000001,0.014512417827722772,0.014515758883663365,0.01530030006336634,0.019400644392326735,0.01928121080544554,0.020315542675247523,0.01945697799207921,0.018824719628960398,0.01806648412450495,0.017717648156188124
2023-11-20,-0.008750002,0.014513565827722771,0.014519091883663366,0.01530501806336634,0.01940252339232673,0.019286964805445544,0.020320150675247527,0.01945697799207921,0.018824719628960398,0.01806078812450495,0.01771785415618812
2023-11-21,-0.008750002,0.014513565827722771,0.014520662883663365,0.01530596706336634,0.019403150392326735,0.01928737980544554,0.020320532675247527,0.01945697799207921,0.018818536628960398,0.01806363612450495,0.017717923156188118
2023-11-22,-0.008750002,0.014513565827722771,0.014522247883663363,0.01530691706336634,0.01940377739232673,0.019287793805445545,0.020320914675247527,0.019450237992079213,0.018821627628960395,0.01806648412450495,0.017717991156188124
2023-11-23,-0.008750002,0.014511269827722773,0.014523546883663366,0.01530786606336634,0.019404403392326734,0.019288207805445542,0.020314363675247527,0.019453607992079208,0.018824719628960398,0.01806648412450495,0.017718060156188122
2023-11-24,-0.008750006000000001,0.014512417827722772,0.014524844883663363,0.015306804063366344,0.01940503039232673,0.019284089805445544,0.020318211675247527,0.01945697799207921,0.018824719628960398,0.01806648412450495,0.01771812915618812
2023-11-27,-0.008750002,0.014513565827722771,0.014527891883663366,0.015311665063366339,0.019406910392326733,0.019289864805445544,0.020322826675247527,0.01945697799207921,0.018824719628960398,0.01806078812450495,0.017718335156188123
2023-11-28,-0.008750002,0.014513565827722771,0.014529605883663366,0.015312614063366339,0.019407537392326736,0.01929027980544554,0.020323209675247526,0.01945697799207921,0.018818536628960398,0.01806363612450495,0.017718403156188122
2023-11-29,-0.008750002,0.014513565827722771,0.014531338883663366,0.015313564063366338,0.019408164392326732,0.019290693805445545,0.020323591675247527,0.019450237992079213,0.018821627628960395,0.01806648412450495,0.01771847215618812
2023-11-30,-0.008750002,0.014013774827722772,0.014034381883663363,0.014818617063366343,0.01891788239232673,0.018805129805445544,0.020317025675247527,0.01900020599207921,0.018247062628960396,0.01723544612450495,0.01692106915618812
2023-12-01,-0.008750006000000001,0.014014956827722774,0.014035189883663365,0.014819562063366345,0.01891191239232673,0.018796643805445542,0.019844555675247524,0.019003517992079208,0.018247062628960396,0.01723544612450495,0.016921137156188117
2023-12-04,-0.008750002,0.014021163827722772,0.014038410883663366,0.014822399063366343,0.018918154392326733,0.018804539805445542,0.019849103675247524,0.019003517992079208,0.018247062628960396,0.017229944124504952,0.016921339156188122
2023-12-05,-0.008750002,0.014023674827722772,0.014040215883663366,0.014823345063366345,0.018918770392326735,0.018804947805445543,0.019849482675247526,0.019003517992079208,0.018241021628960397,0.017232694124504948,0.01692140715618812
2023-12-06,-0.008750002,0.014027923827722773,0.014041472883663364,0.01482429006336634,0.01891938639232673,0.018805355805445543,0.019849861675247528,0.01899689599207921,0.018244041628960397,0.01723544612450495,0.01692147415618812
2023-12-07,-0.008750002,0.014029548827722772,0.014042729883663365,0.014825236063366342,0.018920002392326732,0.01880129780544554,0.019843405675247526,0.01900020599207921,0.018247062628960396,0.01723544612450495,0.01692154215618812
2023-12-08,-0.008750006000000001,0.014031208827722772,0.014039297883663364,0.014826182063366344,0.018916177392326733,0.01880393780544554,0.019847200675247527,0.019003517992079208,0.018247062628960396,0.01723544612450495,0.01692160915618812
2023-12-11,-0.008750002,0.013539502827722774,0.013546542883663366,0.014331840063366342,0.018431410392326736,0.018321239805445543,0.019851756675247523,0.019003517992079208,0.018247062628960396,0.017229944124504952,0.016921812156188123
2023-12-12,-0.008750002,0.013541972827722772,0.013548414883663366,0.01433277206336634,0.018432019392326734,0.018321642805445546,0.019852135675247524,0.019003517992079208,0.018241021628960397,0.017232694124504948,0.016921879156188122
2023-12-13,-0.008750002,0.010548840827722773,0.010558439883663364,0.012095499063366343,0.016221314392326734,0.016132100805445544,0.019852514675247526,0.01899689599207921,0.018244041628960397,0.01723544612450495,0.01692194615618812
2023-12-14,-0.008750002,0.010550602827722771,0.010560056883663366,0.012096363063366342,0.01622189039232673,0.016128562805445546,0.01765208667524753,0.01900020599207921,0.018247062628960396,0.01723544612450495,0.01692201415618812
2023-12-15,-0.008750006000000001,0.010552422827722775,0.010561697883663367,0.012097227063366342,0.01621855239232673,0.016130902805445543,0.017655584675247527,0.019003517992079208,0.018247062628960396,0.01723544612450495,0.01692208115618812
2023-12-18,-0.008750002,0.010559043827722773,0.010564401883663366,0.012099819063366341,0.01622419339232673,0.016134007805445546,0.017659809675247523,0.019003517992079208,0.018247062628960396,0.017229944124504952,0.016922284156188124
2023-12-19,-0.008750002,0.010561251827722773,0.010566113883663367,0.012100683063366341,0.016224769392326734,0.016134388805445547,0.017660171675247527,0.019003517992079208,0.018241021628960397,0.017232694124504948,0.016922351156188124
2023-12-20,-0.008750002,0.010563355827722772,0.010567217883663365,0.01210154706336634,0.016225345392326736,0.01613477080544554,0.017660534675247523,0.01899689599207921,0.018244041628960397,0.01723544612450495,0.016922419156188123
2023-12-21,-0.008750002,0.010565572827722775,0.010568321883663363,0.01210241106336634,0.01622592139232673,0.016131213805445545,0.017654610675247526,0.01900020599207921,0.018247062628960396,0.01723544612450495,0.016922486156188122
2023-12-22,-0.008750006000000001,0.009568103827722774,0.009571283883663365,0.01085895406336634,0.01499305939232673,0.014915380805445546,0.017658115675247527,0.019003517992079208,0.018247062628960396,0.01723544612450495,0.01692255415618812
2023-12-25,-0.008750002,0.008824383827722774,0.008825023883663366,0.01011458906336634,0.014260204392326732,0.014186795805445542,0.017662347675247526,0.019003517992079208,0.018247062628960396,0.017229944124504952,0.01692275615618812
2023-12-26,-0.008750002,0.007826163827722773,0.007828060883663366,0.008870305063366342,0.013029734392326735,0.012967017805445544,0.017662709675247523,0.019003517992079208,0.018241021628960397,0.017232694124504948,0.016922824156188118
2023-12-27,-0.008750002,0.006326803827722775,0.006330738883663364,0.007625560063366343,0.011798470392326732,0.011746094805445546,0.017663072675247526,0.01899689599207921,0.018244041628960397,0.01723544612450495,0.016922891156188124
2023-12-28,-0.008750002,0.006328902827722773,0.006331655883663363,0.007626290063366341,0.011798980392326734,0.011743327805445545,0.01765713467524753,0.01900020599207921,0.018247062628960396,0.01723544612450495,0.016922959156188123
2023-12-29,-0.008749154,0.0063310988277227725,0.006332573883663366,0.007627020063366342,0.011796356392326734,0.011745216805445543,0.017660646675247527,0.019003517992079208,0.018247062628960396,0.01723544612450495,0.016923026156188122
2024-01-02,-0.008746577,0.006336609827722772,0.0063353268836633635,0.007629209063366341,0.011802594392326733,0.011749341805445544,0.017664522675247527,0.01899340299207921,0.018240902628960397,0.01723278112450495,0.01692316115618812
2024-01-03,-0.008746577,0.006335429827722772,0.006335914883663366,0.007629209063366341,0.011802594392326733,0.011749341805445544,0.017664160675247523,0.01899652799207921,0.018243803628960397,0.01723544612450495,0.01692309415618812
2024-01-04,-0.008746577,0.006336019827722774,0.006336503883663365,0.007629209063366341,0.011802594392326733,0.011749341805445544,0.017656774675247525,0.01899965399207921,0.018246704628960397,0.01723544612450495,0.016923026156188122
2024-01-05,-0.008746582,0.006336609827722772,0.006336503883663365,0.007629209063366341,0.011802594392326733,0.011746226805445546,0.017659922675247526,0.01900277899207921,0.018246585628960397,0.01723544612450495,0.016922959156188123
2024-01-08,-0.008746577,0.006332479827722774,0.006336503883663365,0.007629209063366341,0.011802594392326733,0.011749341805445544,0.017662347675247526,0.019002225992079208,0.018246227628960398,0.01723011612450495,0.01692275615618812
2024-01-09,-0.008746577,0.0063330698277227725,0.0063353268836633635,0.007629209063366341,0.011802594392326733,0.011749341805445544,0.017661984675247523,0.01900204099207921,0.018240069628960392,0.01723278112450495,0.01692268915618812
2024-01-10,-0.008746577,0.006333659827722774,0.006335914883663366,0.007629209063366341,0.011802594392326733,0.011749341805445544,0.017661622675247526,0.019001856992079208,0.018242969628960392,0.01723544612450495,0.01692262115618812
2024-01-11,-0.008746577,0.006334249827722772,0.006336503883663365,0.007629209063366341,0.011802594392326733,0.011749341805445544,0.017654250675247528,0.018998363992079208,0.0182458706289604,0.01723544612450495,0.01692255415618812
2024-01-12,-0.008746582,0.0058344248277227735,0.005836817883663366,0.007130821063366342,0.011309582392326732,0.011257423805445543,0.017657392675247525,0.018774611992079214,0.017956554628960394,0.016818888124504952,0.016522542156188123
2024-01-15,-0.008746577,0.005836110827722774,0.005836817883663366,0.007130821063366342,0.011309582392326732,0.011260449805445546,0.017468746675247525,0.018774060992079213,0.017956198628960394,0.016813653124504953,0.016522342156188124
2024-01-16,-0.008746577,0.005836110827722774,0.005835696883663366,0.007130821063366342,0.011309582392326732,0.011260449805445546,0.017468385675247527,0.018773877992079212,0.017950114628960397,0.01681627012450495,0.016522275156188117
2024-01-17,-0.008746577,0.003832991827722773,0.0038372088836633664,0.004637956063366342,0.00908953339232673,0.009058219805445543,0.017468024675247523,0.018767139992079213,0.017952978628960396,0.016818888124504952,0.016522208156188118
2024-01-18,-0.008746577,0.003833448827722772,0.0038376648836633658,0.00463734006336634,0.00908953339232673,0.009058219805445543,0.017460720675247524,0.018770232992079208,0.017955843628960393,0.016818888124504952,0.01652214115618812
2024-01-19,-0.008746582,0.0038339048277227714,0.0038376648836633658,0.004637956063366342,0.00908953339232673,0.009055577805445542,0.017463830675247524,0.01877332699207921,0.017955724628960393,0.016818888124504952,0.01652207415618812
2024-01-22,-0.008746577,0.0038339048277227714,0.0038376648836633658,0.004637956063366342,0.00908953339232673,0.009058219805445543,0.017466218675247523,0.01877277599207921,0.017955369628960393,0.016813653124504953,0.01652187415618812
2024-01-23,-0.008746577,0.0038339048277227714,0.0038367528836633635,0.004637956063366342,0.00908953339232673,0.009058219805445543,0.017465857675247526,0.01877259199207921,0.017949286628960396,0.01681627012450495,0.01652180715618812
2024-01-24,-0.008746577,0.003832991827722773,0.0038372088836633664,0.004637956063366342,0.00908953339232673,0.009058219805445543,0.01746549667524753,0.018765857992079214,0.017952149628960395,0.016818888124504952,0.01652174015618812
2024-01-25,-0.008746577,0.003833448827722772,0.0038376648836633658,0.004637956063366342,0.00908953339232673,0.009058219805445543,0.017434029675247528,0.01876894899207921,0.017955013628960393,0.016818888124504952,0.016521673156188122
2024-01-26,-0.008746582,0.0038339048277227714,0.0038376648836633658,0.004637956063366342,0.00908953339232673,0.009055577805445542,0.017437123675247523,0.018772040992079214,0.017954895628960393,0.016818888124504952,0.016521606156188123
2024-01-29,-0.008746577,0.0038339048277227714,0.0038376648836633658,0.004636108063366343,0.00908953339232673,0.009058219805445543,0.01744640667524753,0.018771489992079213,0.017954539628960393,0.016813653124504953,0.016521406156188124
2024-01-30,-0.008746577,0.0038343618277227737,0.0038367528836633635,0.004636724063366342,0.00908953339232673,0.009058219805445543,0.017449502675247523,0.016724920992079208,0.016208486628960395,0.015562558124504952,0.015316718156188121
2024-01-31,-0.008746577,0.0035844938277227734,0.0035872808836633664,0.0043879830633663415,0.008595856392326733,0.008568341805445544,0.016497235675247524,0.01649088199207921,0.016211144628960398,0.015565036124504952,0.015316653156188121
2024-02-01,-0.008746577,0.0035844938277227734,0.003587724883663365,0.004388584063366341,0.008595856392326733,0.008568341805445544,0.016022124675247523,0.01649369199207921,0.016213803628960393,0.015565036124504952,0.01531658815618812
2024-02-02,-0.008746582,0.0035836058277227724,0.003587724883663365,0.004389186063366343,0.008595856392326733,0.008565781805445542,0.01602504067524753,0.016496501992079214,0.016213689628960398,0.015565036124504952,0.01531652315618812
2024-02-05,-0.008746577,0.0035844938277227734,0.003587724883663365,0.004388584063366341,0.008595856392326733,0.008568341805445544,0.01602725567524753,0.016495975992079213,0.016213347628960397,0.015560079124504952,0.015316328156188119
2024-02-06,-0.008746577,0.0035844938277227734,0.0035868378836633637,0.004389186063366343,0.008595856392326733,0.008568341805445544,0.016026905675247526,0.01649580099207921,0.016207688628960392,0.015562558124504952,0.015316263156188118
2024-02-07,-0.008746593,0.0035844938277227734,0.0035872808836633664,0.004389186063366343,0.008595856392326733,0.008568341805445544,0.016026554675247523,0.016489658992079208,0.016210346628960395,0.015565036124504952,0.015316198156188118
2024-02-15,-0.008746577,0.0035844938277227734,0.003587724883663365,0.004389186063366343,0.008595856392326733,0.008568341805445544,0.01601724867524753,0.016470390992079212,0.016212205628960395,0.015565036124504952,0.015315677156188121
2024-02-16,-0.008746582,0.0035836058277227724,0.003587724883663365,0.004389186063366343,0.008595856392326733,0.008565781805445542,0.01602015067524753,0.016473193992079208,0.016212091628960392,0.015565036124504952,0.01531561215618812
2024-02-19,-0.008746577,0.0035844938277227734,0.003587724883663365,0.004388584063366341,0.008595856392326733,0.008568341805445544,0.016022352675247528,0.016481605992079214,0.01621174962896039,0.015560079124504952,0.01531541715618812
2024-02-20,-0.008746577,0.0035844938277227734,0.0035868378836633637,0.004389186063366343,0.008595856392326733,0.008568341805445544,0.016022001675247526,0.01648440999207921,0.016206093628960392,0.015562558124504952,0.015315352156188119
2024-02-21,-0.008746577,0.0035844938277227734,0.0035872808836633664,0.004389186063366343,0.008595856392326733,0.008568341805445544,0.01602165167524753,0.01648721499207921,0.016208750628960395,0.015565036124504952,0.015315287156188118
2024-02-22,-0.008746577,0.0035844938277227734,0.003587724883663365,0.004389186063366343,0.008595856392326733,0.008568341805445544,0.01601481067524753,0.016490018992079213,0.016211406628960392,0.015565036124504952,0.015315222156188118
2024-02-23,-0.008746582,0.0035836058277227724,0.003587724883663365,0.004389186063366343,0.008595856392326733,0.008565781805445542,0.016017705675247525,0.016492823992079214,0.016211292628960396,0.015565036124504952,0.015315157156188117
2024-02-26,-0.008746577,0.0035844938277227734,0.003587724883663365,0.004388584063366341,0.008595856392326733,0.008568341805445544,0.016019900675247528,0.016492298992079213,0.016210950628960396,0.015560079124504952,0.015314961156188123
2024-02-27,-0.008746577,0.0035844938277227734,0.0035855078836633664,0.004389186063366343,0.008595856392326733,0.008568341805445544,0.016019550675247525,0.016492123992079208,0.016205296628960395,0.015562558124504952,0.015314896156188123
2024-02-28,-0.008746577,0.0035844938277227734,0.003585951883663365,0.004389186063366343,0.008595856392326733,0.008568341805445544,0.01601920067524753,0.01648599199207921,0.016207951628960392,0.015565036124504952,0.015314831156188122
2024-02-29,-0.008746577,0.0035844938277227734,0.0035863948836633644,0.004389186063366343,0.008595856392326733,0.008568341805445544,0.016022092675247526,0.01648879499207921,0.016210607628960396,0.015565036124504952,0.015317198156188119
2024-03-01,-0.008746582,0.0035836058277227724,0.0035868378836633637,0.004386780063366343,0.008589391392326732,0.008565781805445542,0.016015261675247527,0.016491597992079214,0.016213263628960393,0.015565036124504952,0.015317133156188118
2024-03-04,-0.008746577,0.0035836058277227724,0.0035872808836633664,0.0043879830633663415,0.008593269392326734,0.008567061805445544,0.016020687675247523,0.016494050992079214,0.016212921628960392,0.015560079124504952,0.01531450615618812
2024-03-05,-0.008746577,0.0035836058277227724,0.0035868378836633637,0.0043879830633663415,0.008593269392326734,0.008567061805445544,0.016020336675247528,0.01649387599207921,0.016212806628960397,0.015562558124504952,0.015316873156188123
2024-03-06,-0.008746577,0.003582716827722772,0.0035872808836633664,0.0043879830633663415,0.008593269392326734,0.008567061805445544,0.016019985675247525,0.01649369999207921,0.016207153628960396,0.015565036124504952,0.015316807156188123
2024-03-07,-0.008746577,0.003583160827722774,0.0035872808836633664,0.0043879830633663415,0.008590684392326731,0.008564502805445542,0.01601963467524753,0.01648757099207921,0.016209808628960393,0.015565036124504952,0.015316742156188123
2024-03-08,-0.008746582,0.0035836058277227724,0.0035872808836633664,0.004386780063366343,0.008591976392326731,0.008565781805445542,0.016012817675247523,0.016490372992079214,0.016212464628960397,0.015565036124504952,0.015316677156188122
2024-03-11,-0.008746577,0.0035836058277227724,0.0035863948836633644,0.0043879830633663415,0.008593269392326734,0.008567061805445544,0.016018229675247526,0.016492822992079208,0.016212121628960397,0.015560079124504952,0.015314051156188124
2024-03-12,-0.008746577,0.0035836058277227724,0.0035868378836633637,0.0043879830633663415,0.008593269392326734,0.008567061805445544,0.016017878675247524,0.01649264799207921,0.016212007628960395,0.015562558124504952,0.01531641715618812
2024-03-13,-0.008746577,0.003582716827722772,0.0035872808836633664,0.0043879830633663415,0.008593269392326734,0.008567061805445544,0.016017527675247528,0.01649247299207921,0.016206355628960393,0.015565036124504952,0.01531635215618812
2024-03-14,-0.008746577,0.003583160827722774,0.0035872808836633664,0.0043879830633663415,0.008590684392326731,0.008564502805445542,0.016017176675247526,0.01648634699207921,0.016209009628960398,0.015565036124504952,0.01531628715618812
2024-03-15,-0.008746582,0.003333300827722773,0.003337342883663365,0.004137435063366342,0.008591976392326731,0.008565781805445542,0.016010373675247526,0.016033123992079214,0.016211664628960395,0.015565036124504952,0.015316222156188119
2024-03-18,-0.008746577,0.0033328688277227715,0.003336480883663364,0.004138610063366341,0.008593269392326734,0.008567061805445544,0.015728796675247528,0.016035521992079207,0.016211321628960395,0.015560079124504952,0.01531359515618812
2024-03-19,-0.008746577,0.0028326748277227726,0.0028370278836633636,0.00363981706336634,0.008099553392326733,0.008077044805445542,0.015728447675247524,0.015350458992079208,0.015337598628960395,0.015562558124504952,0.015315961156188117
2024-03-20,-0.008746577,0.002831858827722772,0.0028374348836633645,0.00363981706336634,0.008099553392326733,0.008077044805445542,0.015536738675247526,0.015350287992079208,0.015332153628960395,0.015565036124504952,0.015315896156188124
2024-03-21,-0.008746577,0.0028322668277227722,0.0028374348836633645,0.00363981706336634,0.008097049392326732,0.008074565805445542,0.015536391675247528,0.015344449992079214,0.015334707628960397,0.015565036124504952,0.015315831156188123
2024-03-22,-0.008746582,0.0023320278277227727,0.002337485883663365,0.003139898063366342,0.007604502392326733,0.007585646805445542,0.015529730675247523,0.014890058992079208,0.014753586628960393,0.014725627124504953,0.014508612156188119
2024-03-25,-0.008746577,0.0023320278277227727,0.0023367178836633633,0.0031409620633663406,0.007605714392326733,0.007586846805445545,0.015247903675247525,0.014892328992079214,0.014753254628960395,0.014720853124504954,0.014506076156188121
2024-03-26,-0.008746577,0.0023320278277227727,0.002337101883663366,0.0031409620633663406,0.007605714392326733,0.007586846805445545,0.015247558675247526,0.014892159992079212,0.014753143628960397,0.014723240124504954,0.014508357156188121
2024-03-27,-0.008746577,0.0023301048277227718,0.002337485883663365,0.0031409620633663406,0.007605714392326733,0.007586846805445545,0.015247213675247527,0.014891990992079211,0.014747836628960394,0.014725627124504953,0.01450829315618812
2024-03-28,-0.008746577,0.0023304888277227744,0.002337485883663365,0.0031409620633663406,0.007603290392326732,0.007584447805445545,0.015246867675247529,0.014886266992079213,0.014750324628960396,0.014725627124504953,0.014508229156188119
2024-03-29,-0.008746582,0.002330873827722773,0.002337485883663365,0.003139898063366342,0.007604502392326733,0.007585646805445542,0.015240296675247525,0.014888874992079214,0.014752812628960398,0.014725627124504953,0.014508165156188118
2024-04-01,-0.008746577,0.0020816958277227737,0.0020867498836633636,0.0028920300633663402,0.0073599403923267324,0.007340207805445545,0.015245486675247527,0.014891143992079213,0.014752480628960393,0.014720853124504954,0.01450562915618812
2024-04-02,-0.008746577,0.0020820698277227746,0.002087122883663365,0.0028920300633663402,0.0073599403923267324,0.007341386805445542,0.015053708675247524,0.014890974992079212,0.014752369628960395,0.014723240124504954,0.01450791015618812
2024-04-03,-0.008746577,0.0020820698277227746,0.0020874948836633635,0.0028920300633663402,0.0073599403923267324,0.007341092805445544,0.015053364675247524,0.014890804992079211,0.014747064628960398,0.014725627124504953,0.01450784615618812
2024-04-04,-0.008746577,0.0020820698277227746,0.0020874948836633635,0.0028920300633663402,0.0073599403923267324,0.007337861805445545,0.015053021675247524,0.01488508499207921,0.014749550628960394,0.014725627124504953,0.014507782156188118
2024-04-05,-0.008746582,0.0020816958277227737,0.0020874948836633635,0.0028920300633663402,0.007357556392326731,0.007339035805445544,0.015043435675247525,0.014887690992079212,0.014752037628960397,0.014725627124504953,0.014507718156188117
2024-04-08,-0.008746577,0.0020820698277227746,0.0020867498836633636,0.0028920300633663402,0.0073599403923267324,0.007339622805445544,0.015051646675247526,0.014889958992079212,0.014751706628960397,0.014720853124504954,0.01450518215618812
2024-04-09,-0.008746577,0.0020820698277227746,0.002087122883663365,0.0028920300633663402,0.0073599403923267324,0.007339329805445542,0.015051302675247527,0.014889789992079211,0.014751595628960393,0.014723240124504954,0.01450746215618812
2024-04-10,-0.008746577,0.0020820698277227746,0.0020874948836633635,0.0028920300633663402,0.0073599403923267324,0.007339035805445544,0.015050958675247528,0.01488961999207921,0.014746291628960396,0.014725627124504953,0.014507399156188119
2024-04-11,-0.008746577,0.0020813228277227723,0.0020874948836633635,0.0028920300633663402,0.0073599403923267324,0.007335819805445544,0.015050614675247528,0.014883902992079208,0.014748777628960392,0.014725627124504953,0.014507335156188118
2024-04-12,-0.008746582,0.0020816958277227737,0.0020874948836633635,0.0028920300633663402,0.007357556392326731,0.007336986805445544,0.015044121675247525,0.01488650799207921,0.014751263628960395,0.014725627124504953,0.014507271156188124
2024-04-15,-0.008746577,0.0020820698277227746,0.0020867498836633636,0.0028920300633663402,0.0073599403923267324,0.007337565805445544,0.015049240675247523,0.014888773992079211,0.014750932628960396,0.014720853124504954,0.01450473515618812
2024-04-16,-0.008746577,0.0020820698277227746,0.002087122883663365,0.0028920300633663402,0.0073599403923267324,0.0073372728054455424,0.015048896675247524,0.01488860399207921,0.014750821628960398,0.014723240124504954,0.01450701515618812
2024-04-17,-0.00874658,0.0020820698277227746,0.0020874948836633635,0.0028920300633663402,0.0073599403923267324,0.0073369788054455445,0.015048552675247524,0.01488843499207921,0.014745518628960393,0.014725627124504953,0.014506951156188119
2024-04-19,-0.008746582,0.0020816958277227737,0.0020874948836633635,0.0028920300633663402,0.007357556392326731,0.007334937805445543,0.015041728675247529,0.01488532399207921,0.014750489628960393,0.014725627124504953,0.014506824156188123
2024-04-22,-0.008746577,0.0020820698277227746,0.0020867498836633636,0.0028920300633663402,0.0073599403923267324,0.007335509805445544,0.015046834675247527,0.014887587992079211,0.014750158628960394,0.014720853124504954,0.014504288156188119
2024-04-23,-0.008746577,0.0020820698277227746,0.002087122883663365,0.0028920300633663402,0.0073599403923267324,0.007335215805445543,0.015046490675247527,0.01488741899207921,0.014750047628960396,0.014723240124504954,0.014506568156188119
2024-04-24,-0.008746577,0.0020820698277227746,0.0020874948836633635,0.0028920300633663402,0.0073599403923267324,0.007334921805445545,0.015046146675247528,0.014887249992079209,0.014744746628960397,0.014725627124504953,0.014506504156188118
2024-04-25,-0.008746577,0.0020813228277227723,0.0020874948836633635,0.0028920300633663402,0.0073599403923267324,0.007321677805445542,0.015045803675247528,0.01487876999207921,0.014747230628960394,0.014725627124504953,0.014506440156188124
2024-04-26,-0.008746588,0.0020816958277227737,0.0020874948836633635,0.0028920300633663402,0.007357556392326731,0.007322822805445543,0.015045459675247529,0.014881370992079208,0.014749715628960398,0.014725627124504953,0.014506376156188123
2024-05-02,-0.008746577,0.0020813228277227723,0.0020874948836633635,0.002891511063366343,0.007356365392326734,0.007329694805445545,0.015034233675247526,0.014880357992079214,0.014746457628960392,0.014725627124504953,0.014505993156188123
2024-05-03,-0.008746577,0.0020816958277227737,0.0020874948836633635,0.0028904740633663405,0.007357556392326731,0.007330839805445542,0.015036944675247528,0.014882956992079213,0.014748941628960396,0.014725627124504953,0.014505929156188122
2024-05-04,-0.00874658,0.0020816958277227737,0.0020874948836633635,0.002890992063366342,0.007358748392326732,0.007330546805445544,0.015039655675247524,0.014885556992079212,0.014748831628960398,0.014725627124504953,0.014505865156188121
2024-05-06,-0.008746577,0.0020816958277227737,0.0020867498836633636,0.002891511063366343,0.007358748392326732,0.007329961805445543,0.015042023675247526,0.01488521799207921,0.014748609628960397,0.014720853124504954,0.014503394156188117
2024-05-07,-0.008746577,0.0020816958277227737,0.002087122883663365,0.002891511063366343,0.007358748392326732,0.007329668805445545,0.015041679675247527,0.014885048992079208,0.014748499628960392,0.014723240124504954,0.014505674156188118
2024-05-08,-0.008746577,0.0020809498277227743,0.0020874948836633635,0.002891511063366343,0.007358748392326732,0.007326516805445542,0.015041335675247527,0.014884879992079214,0.014743201628960399,0.014725627124504953,0.014505610156188124
2024-05-09,-0.008746577,0.0020813228277227723,0.0020874948836633635,0.002891511063366343,0.007356365392326734,0.0073276538054455435,0.015040992675247528,0.014879176992079211,0.014745684628960396,0.014725627124504953,0.014505546156188123
2024-05-10,-0.008746582,0.0020816958277227737,0.0020874948836633635,0.0028904740633663405,0.007357556392326731,0.007328790805445542,0.015034552675247524,0.014881773992079211,0.014748167628960394,0.014725627124504953,0.014505482156188122
2024-05-13,-0.008746577,0.0020816958277227737,0.0020867498836633636,0.002891511063366343,0.007358748392326732,0.007327913805445542,0.015039617675247523,0.014884032992079209,0.014747836628960394,0.014720853124504954,0.014502947156188124
2024-05-14,-0.008746577,0.0020816958277227737,0.002087122883663365,0.002891511063366343,0.007358748392326732,0.0073276208054455436,0.015039274675247523,0.014883863992079208,0.014747725628960397,0.014723240124504954,0.014505226156188118
2024-05-15,-0.008746577,0.0020809498277227743,0.0020874948836633635,0.002891511063366343,0.007358748392326732,0.007324482805445544,0.015038930675247524,0.014883694992079213,0.014742428628960396,0.014725627124504953,0.014505163156188123
2024-05-16,-0.008746577,0.0020813228277227723,0.0020874948836633635,0.002891511063366343,0.007356365392326734,0.007325612805445542,0.015038587675247524,0.014877994992079209,0.014744911628960394,0.014725627124504953,0.014505099156188122
2024-05-17,-0.008746582,0.0020816958277227737,0.0020874948836633635,0.0028904740633663405,0.007357556392326731,0.007326742805445544,0.015032161675247527,0.01488059099207921,0.014747393628960392,0.014725627124504953,0.014505035156188121
2024-05-20,-0.008746577,0.0020816958277227737,0.0020867498836633636,0.002891511063366343,0.007358748392326732,0.0073258658054455444,0.015037213675247525,0.014882847992079208,0.014747062628960392,0.014720853124504954,0.014502500156188123
2024-05-21,-0.008746577,0.0020816958277227737,0.002087122883663365,0.002891511063366343,0.007358748392326732,0.0073255728054455425,0.015036869675247526,0.014882678992079214,0.014746951628960395,0.014723240124504954,0.014504779156188124
2024-05-22,-0.008746577,0.0020809498277227743,0.0020874948836633635,0.002891511063366343,0.007358748392326732,0.007322449805445542,0.015036526675247526,0.014882509992079213,0.014741656628960393,0.014725627124504953,0.014504715156188123
2024-05-23,-0.008746577,0.0020813228277227723,0.0020874948836633635,0.002891511063366343,0.007356365392326734,0.007323572805445544,0.015036182675247527,0.014876813992079213,0.014744138628960398,0.014725627124504953,0.014504652156188121
2024-05-24,-0.008746582,0.0020816958277227737,0.0020874948836633635,0.0028904740633663405,0.007357556392326731,0.007324695805445543,0.015029769675247523,0.014879407992079208,0.014746619628960397,0.014725627124504953,0.01450458815618812
2024-05-27,-0.008746577,0.0020816958277227737,0.0020867498836633636,0.002891511063366343,0.007358748392326732,0.007323817805445543,0.015034808675247528,0.014881663992079214,0.014746288628960397,0.014720853124504954,0.014502054156188122
2024-05-28,-0.008746577,0.0020816958277227737,0.002087122883663365,0.002891511063366343,0.007358748392326732,0.007323524805445545,0.015034464675247529,0.014881493992079213,0.014746177628960393,0.014723240124504954,0.014504332156188123
2024-05-29,-0.008746577,0.0020809498277227743,0.0020874948836633635,0.002891511063366343,0.007358748392326732,0.007324642805445543,0.015034121675247529,0.014881324992079212,0.014740884628960397,0.014725627124504953,0.014504268156188122
2024-05-30,-0.008746577,0.0020813228277227723,0.0020874948836633635,0.002891511063366343,0.007356365392326734,0.007325760805445544,0.015033777675247523,0.01487563199207921,0.014743364628960396,0.014725627124504953,0.014504204156188121
2024-05-31,-0.008746582,0.0020816958277227737,0.0020874948836633635,0.002889436063366342,0.007357556392326731,0.007326877805445543,0.015027378675247526,0.014878224992079213,0.014745845628960395,0.014725627124504953,0.01450414115618812
2024-06-03,-0.008746577,0.0020820698277227746,0.0020867498836633636,0.002890992063366342,0.0073599403923267324,0.007325990805445545,0.015032404675247524,0.014880478992079213,0.014745514628960395,0.014720853124504954,0.014501607156188121
2024-06-04,-0.008746577,0.0020820698277227746,0.002087122883663365,0.002891511063366343,0.0073599403923267324,0.007325694805445544,0.015032060675247524,0.014880309992079212,0.014745403628960398,0.014723240124504954,0.014503885156188123
2024-06-05,-0.008746577,0.0020820698277227746,0.0020874948836633635,0.002891511063366343,0.0073599403923267324,0.007325398805445544,0.015031717675247525,0.014880139992079211,0.014740111628960394,0.014725627124504953,0.014503821156188122
2024-06-06,-0.008746577,0.0020813228277227723,0.0020874948836633635,0.002891511063366343,0.0073599403923267324,0.007325103805445543,0.015031373675247525,0.014874450992079208,0.014742591628960394,0.014725627124504953,0.01450375715618812
2024-06-07,-0.008746582,0.0020816958277227737,0.0020874948836633635,0.0028904740633663405,0.007357556392326731,0.007324807805445543,0.015024988675247528,0.014877041992079211,0.014745072628960392,0.014725627124504953,0.01450369315618812
2024-06-10,-0.008746577,0.0020820698277227746,0.0020867498836633636,0.002891511063366343,0.0073599403923267324,0.007323920805445545,0.015029999675247527,0.014879293992079212,0.014744740628960393,0.014720853124504954,0.01450116015618812
2024-06-11,-0.008746577,0.0020820698277227746,0.002087122883663365,0.002891511063366343,0.0073599403923267324,0.007323624805445544,0.015029656675247527,0.014879124992079211,0.014744629628960396,0.014723240124504954,0.014503438156188122
2024-06-12,-0.008746577,0.0020820698277227746,0.0020874948836633635,0.002891511063366343,0.0073599403923267324,0.007323328805445544,0.015029313675247527,0.01487895599207921,0.014739339628960398,0.014725627124504953,0.014503374156188121
2024-06-13,-0.008746577,0.0020813228277227723,0.0020874948836633635,0.002891511063366343,0.0073599403923267324,0.007323033805445543,0.015028969675247528,0.014873268992079212,0.014741818628960398,0.014725627124504953,0.01450331015618812
2024-06-14,-0.008746582,0.0020816958277227737,0.0020874948836633635,0.0028904740633663405,0.007357556392326731,0.007322737805445543,0.015022597675247523,0.01487585899207921,0.014744298628960397,0.014725627124504953,0.014503246156188119
2024-06-17,-0.008746577,0.0020820698277227746,0.0020867498836633636,0.002891511063366343,0.0073599403923267324,0.007321850805445545,0.015027596675247529,0.014878108992079211,0.014743966628960398,0.014720853124504954,0.01450071315618812
2024-06-18,-0.008746577,0.0020820698277227746,0.002087122883663365,0.002891511063366343,0.0073599403923267324,0.0073215548054455445,0.01502725267524753,0.01487793999207921,0.014743855628960394,0.014723240124504954,0.014502991156188121
2024-06-19,-0.008746577,0.0020820698277227746,0.0020874948836633635,0.002891511063366343,0.0073599403923267324,0.007321259805445544,0.015026909675247523,0.014877770992079209,0.014738566628960396,0.014725627124504953,0.01450292715618812
2024-06-20,-0.008746577,0.0020813228277227723,0.0020874948836633635,0.002891511063366343,0.0073599403923267324,0.007320963805445543,0.015026565675247523,0.01487208799207921,0.014741045628960395,0.014725627124504953,0.01450286315618812
2024-06-21,-0.008746582,0.0020816958277227737,0.0020874948836633635,0.0028904740633663405,0.007357556392326731,0.0073206688054455425,0.015020207675247525,0.014874675992079214,0.014743524628960395,0.014725627124504953,0.014502799156188118
2024-06-24,-0.008746577,0.0020820698277227746,0.0020867498836633636,0.002891511063366343,0.0073599403923267324,0.0073197818054455445,0.015025192675247524,0.01487692499207921,0.014743192628960396,0.014720853124504954,0.01450026615618812
2024-06-25,-0.008746577,0.0020820698277227746,0.002087122883663365,0.002891511063366343,0.0073599403923267324,0.007319485805445544,0.015024849675247524,0.014876755992079209,0.014743082628960392,0.014723240124504954,0.01450254415618812
2024-06-26,-0.008746577,0.0020820698277227746,0.0020874948836633635,0.002891511063366343,0.0073599403923267324,0.007319190805445543,0.015024505675247525,0.014876585992079208,0.014737794628960393,0.014725627124504953,0.01450248015618812
2024-06-27,-0.008746577,0.0020813228277227723,0.0020874948836633635,0.002891511063366343,0.0073599403923267324,0.007318894805445543,0.015024162675247525,0.014870906992079214,0.014740272628960393,0.014725627124504953,0.014502416156188119
2024-06-28,-0.008746582,0.0020816958277227737,0.0020874948836633635,0.0028904740633663405,0.007357556392326731,0.007318598805445543,0.015017817675247527,0.014873492992079212,0.014742750628960393,0.014725627124504953,0.014502352156188118
2024-07-01,-0.008746577,0.0020816958277227737,0.0020860048836633636,0.002891511063366343,0.007357118392326733,0.007316334805445544,0.015022789675247526,0.01487573999207921,0.014742418628960394,0.014720853124504954,0.014499819156188119
2024-07-02,-0.008746577,0.0020816958277227737,0.002086377883663365,0.002891511063366343,0.0073583073923267316,0.0073160398054455435,0.015022445675247527,0.014875570992079208,0.014742308628960397,0.014723240124504954,0.01450209715618812
2024-07-03,-0.008746577,0.0020809498277227743,0.0020867498836633636,0.002891511063366343,0.007357866392326731,0.007315745805445542,0.015022102675247527,0.014875401992079214,0.014737022628960397,0.014725627124504953,0.014502033156188119
2024-07-04,-0.008746577,0.0020813228277227723,0.002087122883663365,0.002891511063366343,0.007354184392326733,0.007315450805445545,0.015021759675247527,0.01486972599207921,0.014739499628960397,0.014725627124504953,0.014501969156188118
2024-07-05,-0.008746582,0.0020816958277227737,0.002087122883663365,0.0028904740633663405,0.007355364392326733,0.007311045805445542,0.01501542767524753,0.01487230999207921,0.014741976628960398,0.014725627124504953,0.014501905156188124
2024-07-08,-0.008746577,0.0020816958277227737,0.0020867498836633636,0.002891511063366343,0.0073556623923267325,0.007314273805445543,0.015020385675247529,0.014874555992079208,0.014741645628960392,0.014720853124504954,0.014499372156188118
2024-07-09,-0.008746577,0.0020816958277227737,0.002087122883663365,0.002891511063366343,0.007355221392326732,0.007313978805445542,0.015020042675247529,0.014874386992079214,0.014741534628960395,0.014723240124504954,0.01450164915618812
2024-07-10,-0.008746577,0.0020809498277227743,0.002087122883663365,0.002891511063366343,0.007354781392326731,0.0073136848054455444,0.015019699675247529,0.014874216992079213,0.014736250628960394,0.014725627124504953,0.014501586156188118
2024-07-11,-0.008746577,0.0020813228277227723,0.002087122883663365,0.002891511063366343,0.007351132392326733,0.007313389805445544,0.015019356675247529,0.014868544992079208,0.014738726628960395,0.014725627124504953,0.014501522156188117
2024-07-12,-0.008746582,0.0020816958277227737,0.002087122883663365,0.0028904740633663405,0.007352295392326732,0.007310368805445545,0.015013037675247524,0.014871126992079209,0.014741202628960396,0.014725627124504953,0.014501458156188123
2024-07-15,-0.008746577,0.0020816958277227737,0.0020867498836633636,0.002891511063366343,0.007352577392326733,0.007312212805445542,0.015017983675247523,0.014873370992079214,0.014740871628960397,0.014720853124504954,0.014498926156188124
2024-07-16,-0.008746577,0.0020816958277227737,0.002087122883663365,0.002891511063366343,0.007352136392326732,0.007311917805445545,0.015017639675247524,0.014873201992079213,0.014740760628960393,0.014723240124504954,0.01450120215618812
2024-07-17,-0.008746577,0.0020809498277227743,0.002087122883663365,0.002891511063366343,0.0073516963923267314,0.007311623805445543,0.015017296675247524,0.014873032992079212,0.014735477628960398,0.014725627124504953,0.014501138156188118
2024-07-18,-0.008746577,0.0020813228277227723,0.002087122883663365,0.002891511063366343,0.007348081392326733,0.007311329805445542,0.015016953675247524,0.014867363992079212,0.014737953628960392,0.014725627124504953,0.014501075156188124
2024-07-19,-0.008746582,0.0020816958277227737,0.002087122883663365,0.0028904740633663405,0.0073492273923267334,0.007308322805445543,0.015010648675247526,0.014869944992079213,0.014740429628960394,0.014725627124504953,0.014501011156188123
2024-07-22,-0.008746577,0.0020816958277227737,0.0020867498836633636,0.002891511063366343,0.007349492392326733,0.0073101518054455444,0.015015580675247525,0.014872186992079213,0.014740097628960395,0.014720853124504954,0.014498479156188123
2024-07-23,-0.008746577,0.0020816958277227737,0.002087122883663365,0.002891511063366343,0.007349052392326732,0.007309857805445543,0.015015237675247525,0.014872017992079212,0.014739987628960397,0.014723240124504954,0.014500755156188119
2024-07-24,-0.008746577,0.0020809498277227743,0.002087122883663365,0.002891511063366343,0.0073486113923267316,0.007309562805445542,0.015014894675247525,0.01487184899207921,0.014734705628960395,0.014725627124504953,0.014500691156188118
2024-07-25,-0.008746577,0.0020813228277227723,0.002087122883663365,0.002891511063366343,0.007334167392326733,0.007309268805445544,0.015014550675247526,0.014866182992079209,0.014737180628960397,0.014725627124504953,0.014500628156188123
2024-07-26,-0.008746582,0.0020816958277227737,0.002087122883663365,0.0028904740633663405,0.0073352863923267335,0.007308974805445543,0.015008259675247528,0.014868761992079212,0.014739655628960398,0.014725627124504953,0.014500564156188122
2024-07-29,-0.008746577,0.0020816958277227737,0.0020867498836633636,0.002891511063366343,0.007338636392326733,0.007308091805445543,0.015013178675247527,0.014871002992079212,0.014739323628960393,0.014720853124504954,0.014498032156188122
2024-07-30,-0.008746577,0.0020816958277227737,0.002087122883663365,0.002891511063366343,0.007339751392326732,0.007301086805445542,0.015012834675247527,0.01487083399207921,0.014739213628960395,0.014723240124504954,0.014500308156188118
2024-07-31,-0.008746577,0.0023304888277227744,0.002337485883663365,0.0031409620633663406,0.007340866392326732,0.007302135805445545,0.015012491675247527,0.015099158992079212,0.014733933628960392,0.014725627124504953,0.014500244156188124
2024-08-01,-0.008746577,0.002330873827722773,0.002337485883663365,0.0031409620633663406,0.0073419803923267316,0.007303184805445544,0.015012148675247527,0.01509344099207921,0.014736407628960394,0.014725627124504953,0.014500180156188123
2024-08-02,-0.008746582,0.0023312588277227715,0.002337485883663365,0.003139898063366342,0.007343093392326732,0.007304232805445544,0.015005870675247529,0.015096044992079213,0.014738881628960396,0.014725627124504953,0.014500117156188121
2024-08-05,-0.008746577,0.0023320278277227727,0.0023367178836633633,0.0031409620633663406,0.007343325392326731,0.007307370805445544,0.015010776675247528,0.015098308992079208,0.014738550628960397,0.014720853124504954,0.014497585156188122
2024-08-06,-0.008746577,0.0023320278277227727,0.002337101883663366,0.0031409620633663406,0.007342885392326734,0.007307075805445543,0.015010432675247529,0.015098138992079208,0.014738439628960393,0.014723240124504954,0.014499861156188117
2024-08-07,-0.008746577,0.0023312588277227715,0.002337485883663365,0.0031409620633663406,0.007342444392326734,0.007306780805445542,0.015010089675247529,0.015097967992079214,0.014733161628960396,0.014725627124504953,0.014499797156188123
2024-08-08,-0.008746577,0.002331642827722774,0.002337485883663365,0.0031409620633663406,0.007338930392326734,0.007306484805445542,0.015009746675247529,0.01509225399207921,0.014735634628960399,0.014725627124504953,0.014499733156188122
2024-08-09,-0.008746582,0.0023320278277227727,0.002337485883663365,0.003139898063366342,0.007340027392326733,0.007306189805445545,0.015003482675247523,0.015094855992079208,0.014738108628960394,0.014725627124504953,0.01449967015618812
2024-08-12,-0.008746577,0.0023320278277227727,0.0023367178836633633,0.0031409620633663406,0.007340242392326734,0.007305303805445543,0.01500837467524753,0.01509711799207921,0.014737776628960395,0.014720853124504954,0.014497138156188121
2024-08-13,-0.008746577,0.0023320278277227727,0.002337101883663366,0.0031409620633663406,0.007339802392326733,0.007305008805445542,0.015008031675247523,0.01509694799207921,0.014737666628960398,0.014723240124504954,0.014499414156188124
2024-08-14,-0.008746577,0.0023312588277227715,0.002337485883663365,0.0031409620633663406,0.007339362392326732,0.007304712805445545,0.015007687675247523,0.01509677799207921,0.014732389628960393,0.014725627124504953,0.014499350156188123
2024-08-15,-0.008746577,0.002331642827722774,0.002337485883663365,0.0031409620633663406,0.007335882392326732,0.007304417805445544,0.015007344675247523,0.01509106699207921,0.014734861628960396,0.014725627124504953,0.014499286156188122
2024-08-16,-0.008746582,0.0023320278277227727,0.002337485883663365,0.003139898063366342,0.0073369623923267326,0.007304122805445543,0.015001093675247525,0.015093667992079209,0.014737334628960392,0.014725627124504953,0.01449922315618812
2024-08-19,-0.008746577,0.0023320278277227727,0.0023367178836633633,0.0031409620633663406,0.007337160392326732,0.007303236805445545,0.015005972675247524,0.015095927992079212,0.014737003628960393,0.014720853124504954,0.01449669215618812
2024-08-20,-0.008746577,0.0023320278277227727,0.002337101883663366,0.0031409620633663406,0.0073367203923267316,0.007302941805445544,0.015005629675247524,0.015095757992079212,0.014736892628960396,0.014723240124504954,0.014498967156188123
2024-08-21,-0.008746577,0.0023312588277227715,0.002337485883663365,0.0031409620633663406,0.007336280392326734,0.0073026458054455436,0.015005286675247524,0.015095587992079211,0.014731617628960397,0.014725627124504953,0.014498903156188122
2024-08-22,-0.008746577,0.002331642827722774,0.002337485883663365,0.0031409620633663406,0.007332833392326734,0.007302350805445543,0.015004943675247524,0.01509541799207921,0.014734089628960393,0.014725627124504953,0.014498839156188121
2024-08-23,-0.008746582,0.0023320278277227727,0.002337485883663365,0.003139898063366342,0.0073338973923267325,0.007302055805445542,0.014998705675247526,0.01509247899207921,0.014736561628960396,0.014725627124504953,0.01449877515618812
2024-08-26,-0.008746577,0.0023320278277227727,0.0023367178836633633,0.0031409620633663406,0.007334079392326734,0.007301169805445543,0.015003571675247525,0.015094737992079207,0.014736229628960398,0.014720853124504954,0.01449624515618812
2024-08-27,-0.008746577,0.0023320278277227727,0.002337101883663366,0.0031409620633663406,0.007333639392326733,0.0073008748054455425,0.015003228675247525,0.015094567992079214,0.014736119628960393,0.014723240124504954,0.014498520156188122
2024-08-28,-0.008746577,0.0023312588277227715,0.002337485883663365,0.0031409620633663406,0.007333199392326732,0.007300579805445542,0.015002885675247525,0.015094397992079213,0.014730845628960394,0.014725627124504953,0.014498456156188121
2024-08-29,-0.008746577,0.002331642827722774,0.002337485883663365,0.0031409620633663406,0.007334250392326734,0.007300283805445545,0.015002542675247525,0.015080396992079213,0.014733316628960397,0.014725627124504953,0.01449839215618812
2024-08-30,-0.008746586,0.0023320278277227727,0.002337485883663365,0.003139898063366342,0.007335300392326733,0.007299988805445544,0.014990441675247525,0.015082992992079214,0.014735787628960394,0.014725627124504953,0.01449832815618812
2024-09-04,-0.008746577,0.0023324118277227718,0.002337485883663365,0.003141495063366341,0.007334559392326731,0.007298512805445544,0.015000484675247526,0.015093207992079208,0.014730073628960397,0.014725627124504953,0.01449800915618812
2024-09-05,-0.008746577,0.002331642827722774,0.002337485883663365,0.003141495063366341,0.007334111392326734,0.007298217805445543,0.015000141675247526,0.015087506992079211,0.014732543628960395,0.014725627124504953,0.01449794515618812
2024-09-06,-0.008746582,0.0023320278277227727,0.002337485883663365,0.003141495063366341,0.007333664392326734,0.007297922805445542,0.014993930675247527,0.015090102992079212,0.014735013628960392,0.014725627124504953,0.014497881156188119
2024-09-09,-0.008746577,0.0023324118277227718,0.0023367178836633633,0.003141495063366341,0.007330851392326733,0.007297036805445543,0.014998769675247527,0.015092357992079211,0.014734682628960393,0.014720853124504954,0.014495351156188118
2024-09-10,-0.008746577,0.0023324118277227718,0.002337101883663366,0.003141495063366341,0.007331875392326732,0.0072967418054455425,0.014998426675247527,0.01509218799207921,0.014734571628960396,0.014723240124504954,0.014497626156188121
2024-09-11,-0.008746577,0.0023324118277227718,0.002337485883663365,0.003141495063366341,0.007331427392326732,0.007296446805445542,0.014998083675247527,0.01509201799207921,0.014729301628960394,0.014725627124504953,0.01449756215618812
2024-09-12,-0.008746577,0.002331642827722774,0.002337485883663365,0.003141495063366341,0.007330980392326731,0.007296151805445544,0.014997740675247527,0.01508632099207921,0.014731770628960392,0.014725627124504953,0.014497498156188119
2024-09-13,-0.008746582,0.0023320278277227727,0.002337485883663365,0.003141495063366341,0.007330533392326734,0.0072958568054455435,0.014991543675247528,0.015088914992079212,0.014734240628960397,0.014725627124504953,0.014497434156188118
2024-09-16,-0.008746577,0.0023324118277227718,0.0023367178836633633,0.003141495063366341,0.007327737392326731,0.007294970805445545,0.014996368675247528,0.015091168992079212,0.014733908628960398,0.014720853124504954,0.014494905156188124
2024-09-17,-0.008746577,0.0023324118277227718,0.002337101883663366,0.003141495063366341,0.007328744392326732,0.007294675805445544,0.014996025675247528,0.015090998992079212,0.014733798628960394,0.014723240124504954,0.01449717915618812
2024-09-18,-0.008746577,0.0023324118277227718,0.002337485883663365,0.003141495063366341,0.007328296392326732,0.007294380805445543,0.014995682675247528,0.015090828992079211,0.014728529628960398,0.014725627124504953,0.01449711515618812
2024-09-19,-0.008746577,0.002331642827722774,0.002337485883663365,0.003141495063366341,0.007327849392326731,0.007294085805445542,0.014995339675247528,0.01508513499207921,0.014730997628960397,0.014725627124504953,0.014497051156188118
2024-09-20,-0.008746582,0.0023320278277227727,0.002337485883663365,0.003141495063366341,0.007327402392326734,0.007293790805445545,0.014989156675247528,0.015087726992079213,0.014733466628960395,0.014725627124504953,0.014496987156188117
2024-09-23,-0.008746577,0.0023324118277227718,0.0023367178836633633,0.003141495063366341,0.007324624392326732,0.007292905805445542,0.014993968675247528,0.015089978992079214,0.014733135628960396,0.014720853124504954,0.014494458156188123
2024-09-24,-0.008746577,0.0023324118277227718,0.002337101883663366,0.003141495063366341,0.007325613392326732,0.007292610805445542,0.014993625675247528,0.015089808992079214,0.014733025628960398,0.014723240124504954,0.01449673215618812
2024-09-25,-0.008746577,0.0023324118277227718,0.002337485883663365,0.003141495063366341,0.007325166392326731,0.007292315805445544,0.014993282675247528,0.015089638992079213,0.014727757628960395,0.014725627124504953,0.014496668156188119
2024-09-26,-0.008746577,0.002331642827722774,0.002337485883663365,0.003141495063366341,0.007324719392326734,0.007292020805445543,0.014992939675247528,0.01508394799207921,0.014730225628960394,0.014725627124504953,0.014496604156188118
2024-09-27,-0.008746582,0.0023320278277227727,0.002337485883663365,0.003141495063366341,0.007324272392326733,0.0072917258054455425,0.014986769675247529,0.015086538992079214,0.014732693628960392,0.014725627124504953,0.014496540156188124
2024-09-30,-0.008746577,0.0023324118277227718,0.0023367178836633633,0.003141495063366341,0.007321512392326732,0.007290839805445544,0.014991568675247528,0.01508878899207921,0.014732362628960393,0.014720853124504954,0.014494011156188123
2024-10-01,-0.008746577,0.0023320278277227727,0.002337101883663366,0.0031398480633663406,0.007321067392326734,0.007290544805445543,0.014991225675247528,0.015088618992079209,0.014732251628960396,0.014723240124504954,0.014496285156188119
2024-10-02,-0.008746577,0.0023312588277227715,0.002337485883663365,0.0031403740633663413,0.007320623392326732,0.007290249805445542,0.014990882675247529,0.015088448992079208,0.014726985628960392,0.014725627124504953,0.014496221156188118
2024-10-03,-0.008746577,0.002331642827722774,0.002337485883663365,0.003139786063366342,0.007320178392326734,0.007289954805445545,0.014990539675247529,0.01508276199207921,0.014729452628960398,0.014725627124504953,0.014496157156188124
2024-10-04,-0.008746582,0.0023320278277227727,0.002337485883663365,0.0031370200633663407,0.007319733392326732,0.007289659805445544,0.014984382675247529,0.015085350992079208,0.014731920628960397,0.014725627124504953,0.014496093156188123
2024-10-07,-0.008746577,0.0023320278277227727,0.0023367178836633633,0.003137433063366342,0.007317001392326734,0.007288774805445545,0.014989168675247529,0.015087598992079211,0.014731588628960398,0.014720853124504954,0.014493565156188121
2024-10-08,-0.008746577,0.0023320278277227727,0.002337101883663366,0.0031368450633663426,0.007317956392326734,0.007288479805445544,0.014988825675247529,0.01508742899207921,0.014731478628960393,0.014723240124504954,0.014495838156188118
2024-10-09,-0.008746577,0.0023312588277227715,0.002337485883663365,0.0031362570633663434,0.007317511392326732,0.007288184805445543,0.014988482675247529,0.01508725899207921,0.014726213628960396,0.014725627124504953,0.014495774156188117
2024-10-10,-0.008746577,0.002331642827722774,0.002337485883663365,0.0031356690633663406,0.007317067392326734,0.007287889805445542,0.014988139675247529,0.01508157599207921,0.014728679628960396,0.014725627124504953,0.014495710156188123
2024-10-11,-0.008746582,0.0023320278277227727,0.002337485883663365,0.0031329910633663416,0.007316622392326732,0.0072875958054455445,0.014981996675247529,0.015084162992079209,0.014731146628960395,0.014725627124504953,0.014495646156188122
2024-10-14,-0.008746577,0.0023320278277227727,0.0023367178836633633,0.00313331706336634,0.007315289392326733,0.007286710805445542,0.014986768675247529,0.015086409992079212,0.014730815628960395,0.014720853124504954,0.01449311815618812
2024-10-15,-0.008746577,0.0023320278277227727,0.002337101883663366,0.00313273006336634,0.007314845392326734,0.0072864158054455445,0.014986426675247529,0.015086239992079212,0.014730704628960398,0.014723240124504954,0.014495391156188118
2024-10-16,-0.008746577,0.0023312588277227715,0.002337485883663365,0.003132142063366341,0.007314400392326732,0.007286120805445544,0.014986083675247529,0.015086069992079211,0.014725441628960393,0.014725627124504953,0.014495327156188124
2024-10-17,-0.008746577,0.002331642827722774,0.002337485883663365,0.0031315540633663416,0.0073139563923267335,0.007285825805445543,0.014985740675247529,0.01508038999207921,0.014727907628960393,0.014725627124504953,0.014495263156188123
2024-10-18,-0.008746582,0.0023320278277227727,0.002337485883663365,0.003128965063366341,0.007313511392326732,0.007285530805445542,0.014979610675247529,0.01508297499207921,0.014730373628960392,0.014725627124504953,0.014495200156188121
2024-10-21,-0.008746577,0.0023320278277227727,0.0023367178836633633,0.0031292030633663405,0.007312179392326732,0.007284645805445543,0.014984369675247529,0.015085219992079214,0.014730041628960393,0.014720853124504954,0.01449267115618812
2024-10-22,-0.008746577,0.0023320278277227727,0.002337101883663366,0.0031286160633663407,0.007311734392326734,0.007284350805445542,0.014984026675247529,0.015085049992079214,0.014729931628960396,0.014723240124504954,0.014494944156188124
2024-10-23,-0.008746577,0.0023312588277227715,0.002337485883663365,0.0031280280633663414,0.007311290392326732,0.007284055805445545,0.01498368367524753,0.015084879992079213,0.014724669628960397,0.014725627124504953,0.014494880156188123
2024-10-24,-0.008746577,0.002331642827722774,0.002337485883663365,0.0031274410633663416,0.007310846392326733,0.007283760805445544,0.014983341675247529,0.01507920299207921,0.014727134628960397,0.014725627124504953,0.014494816156188122
2024-10-25,-0.008746582,0.0023320278277227727,0.002337485883663365,0.0031185100633663414,0.007310401392326731,0.0072834668054455425,0.014977224675247529,0.01508178699207921,0.014729599628960397,0.014725627124504953,0.01449475315618812
2024-10-28,-0.008746577,0.0023320278277227727,0.0023367178836633633,0.0031195640633663417,0.0073090693923267315,0.007282581805445543,0.014981970675247529,0.015084030992079209,0.014729268628960398,0.014720853124504954,0.014492225156188119
2024-10-29,-0.008746577,0.0023320278277227727,0.002337101883663366,0.003119908063366341,0.007308625392326733,0.0072822868054455425,0.014981627675247529,0.015083860992079208,0.014729158628960393,0.014723240124504954,0.014494497156188123
2024-10-30,-0.008746577,0.0023312588277227715,0.002337485883663365,0.0031202480633663425,0.007301484392326734,0.007281991805445542,0.014981284675247529,0.015083690992079214,0.014723897628960394,0.014725627124504953,0.014494433156188122
2024-10-31,-0.008746577,0.002331642827722774,0.002337485883663365,0.0031205840633663426,0.007302385392326732,0.007281696805445544,0.014980942675247529,0.01507801699207921,0.014726362628960394,0.014725627124504953,0.014494369156188121
2024-11-01,-0.008746582,0.0023320278277227727,0.002336360883663364,0.0031209160633663413,0.007303284392326734,0.007281402805445543,0.014974839675247528,0.015080598992079211,0.014728826628960395,0.014725627124504953,0.01449430615618812
2024-11-04,-0.008746577,0.0023324118277227718,0.0023330718836633638,0.0031209800633663423,0.007305960392326734,0.007280517805445544,0.014979571675247529,0.01508284099207921,0.014728495628960395,0.014720853124504954,0.014491778156188118
2024-11-05,-0.008746577,0.0023324118277227718,0.002333396883663366,0.0031203930633663425,0.007306845392326733,0.007280222805445543,0.014979228675247529,0.01508267099207921,0.014728384628960398,0.014723240124504954,0.014494050156188123
2024-11-06,-0.008746577,0.0023324118277227718,0.002333719883663366,0.0031198060633663427,0.007306399392326732,0.007279927805445542,0.014978886675247528,0.015082501992079209,0.014723125628960398,0.014725627124504953,0.014493986156188122
2024-11-07,-0.008746577,0.002331642827722774,0.0023329668836633635,0.003119219063366343,0.007305952392326731,0.007279633805445544,0.014978543675247528,0.01507683099207921,0.014725589628960398,0.014725627124504953,0.01449392315618812
2024-11-08,-0.008746582,0.0023320278277227727,0.0023322138836633644,0.0031168950633663414,0.007305506392326733,0.007279338805445543,0.014972453675247528,0.015079411992079211,0.014728053628960392,0.014725627124504953,0.01449385915618812
2024-11-11,-0.008746577,0.0023324118277227718,0.002327969883663364,0.003116872063366343,0.007302851392326733,0.007278453805445544,0.014977172675247528,0.015081651992079212,0.014727721628960393,0.014720853124504954,0.014491331156188118
2024-11-12,-0.008746577,0.0023324118277227718,0.0023282128836633643,0.0031162850633663433,0.007303720392326733,0.007278159805445543,0.014976830675247528,0.015081481992079211,0.014727611628960396,0.014723240124504954,0.014493603156188122
2024-11-13,-0.008746577,0.0023324118277227718,0.002328450883663364,0.00311569806336634,0.007303273392326733,0.007277864805445542,0.014976487675247528,0.01508131199207921,0.014722354628960394,0.014725627124504953,0.014493539156188121
2024-11-14,-0.008746577,0.002331642827722774,0.002327697883663365,0.0031151110633663402,0.0073028273923267314,0.007277569805445545,0.014976145675247528,0.01507564499207921,0.014724817628960395,0.014725627124504953,0.01449347615618812
2024-11-15,-0.008746582,0.0035836058277227724,0.0035759558836633634,0.004358051063366342,0.008534706392326733,0.008500082805445543,0.014970068675247528,0.015078223992079212,0.014727280628960396,0.014725627124504953,0.014493412156188119
2024-11-18,-0.008746577,0.0035840498277227746,0.003571516883663365,0.0043580050633663416,0.008531908392326731,0.008499161805445542,0.014974774675247528,0.015080462992079213,0.014726948628960398,0.014720853124504954,0.014490885156188123
2024-11-19,-0.008746577,0.0035840498277227746,0.0035717198836633657,0.00435738106336634,0.008532846392326734,0.008498854805445544,0.014974432675247527,0.015080292992079213,0.014726838628960393,0.014723240124504954,0.014493156156188122
2024-11-20,-0.008746577,0.0035840498277227746,0.0035719148836633637,0.004356758063366342,0.008532381392326732,0.008498547805445542,0.014974089675247527,0.015080122992079212,0.014721582628960398,0.014725627124504953,0.01449309315618812
2024-11-21,-0.008746577,0.003583160827722774,0.0035711068836633657,0.004356134063366341,0.008531916392326734,0.008498240805445544,0.014973746675247528,0.015074459992079209,0.014724044628960393,0.014725627124504953,0.014493029156188119
2024-11-22,-0.008746582,0.0035836058277227724,0.0035702988836633642,0.004353779063366342,0.008531451392326733,0.008497933805445543,0.014967683675247527,0.015077035992079213,0.014726506628960395,0.014725627124504953,0.014492965156188118
2024-11-25,-0.008746577,0.0035840498277227746,0.0035600508836633633,0.004353640063366342,0.008528671392326732,0.008497012805445542,0.014972376675247527,0.015079272992079208,0.014726175628960395,0.014720853124504954,0.014490438156188123
2024-11-26,-0.008746577,0.0035840498277227746,0.0035601568836633665,0.004353017063366341,0.008529591392326733,0.008496705805445544,0.014972034675247527,0.015079103992079214,0.014726065628960398,0.014723240124504954,0.014492709156188121
2024-11-27,-0.008746577,0.0035840498277227746,0.0035602528836633646,0.0043523940633663424,0.008529126392326732,0.008496398805445542,0.014971691675247527,0.015078933992079213,0.014720810628960395,0.014725627124504953,0.01449264615618812
2024-11-28,-0.008746577,0.003583160827722774,0.0035603388836633644,0.004351770063366341,0.008528661392326733,0.008496091805445544,0.014971348675247527,0.015073273992079209,0.014723272628960397,0.014725627124504953,0.014492582156188118
2024-11-29,-0.008746582,0.0035836058277227724,0.0035604138836633666,0.0043519740633663415,0.008528196392326732,0.008495785805445542,0.014965299675247526,0.015075848992079213,0.014725733628960392,0.014725627124504953,0.014492518156188117
2024-12-02,-0.008746577,0.003582011827722772,0.0035605688836633648,0.004350083063366341,0.008525435392326731,0.008492243805445544,0.014969978675247526,0.01507808399207921,0.014725402628960393,0.014720853124504954,0.014489991156188122
2024-12-03,-0.008746577,0.0035804178277227747,0.0035605958836633644,0.004350257063366343,0.008524973392326732,0.008493247805445543,0.014969636675247526,0.015077913992079209,0.014725291628960396,0.014723240124504954,0.01449226315618812
2024-12-04,-0.008746577,0.003575233827722773,0.003559801883663366,0.004349620063366342,0.008524510392326733,0.008492942805445543,0.014969293675247526,0.015077744992079208,0.014720038628960392,0.014725627124504953,0.014492199156188119
2024-12-05,-0.008746577,0.0035754438277227733,0.003559007883663364,0.004348983063366341,0.008524048392326733,0.008492636805445545,0.014968951675247526,0.015072087992079208,0.014722499628960394,0.014725627124504953,0.014492135156188118
2024-12-06,-0.008746582,0.0035756388277227713,0.0035582138836633657,0.004348346063366343,0.008523586392326733,0.008489719805445543,0.014962914675247525,0.015074661992079214,0.014724960628960396,0.014725627124504953,0.014492071156188124
2024-12-09,-0.008746577,0.0035708628277227733,0.0035551008836633632,0.004345674063366341,0.008522200392326734,0.008491413805445543,0.014967581675247525,0.01507689499207921,0.014724629628960397,0.014720853124504954,0.014489545156188121
2024-12-10,-0.008746577,0.0035692708277227717,0.003555039883663364,0.004345799063366341,0.008521737392326732,0.008491107805445545,0.014967238675247525,0.01507672499207921,0.014724518628960393,0.014723240124504954,0.014491816156188119
2024-12-11,-0.008746577,0.003564767827722772,0.0035542458836633657,0.004345162063366343,0.008521275392326732,0.008490802805445542,0.014966896675247525,0.015076555992079209,0.014719267628960395,0.014725627124504953,0.014491752156188118
2024-12-12,-0.008746577,0.0035646508277227713,0.0035534528836633633,0.004344525063366342,0.008520813392326732,0.008490496805445544,0.014966553675247525,0.015070901992079208,0.014721727628960398,0.014725627124504953,0.014491688156188124
2024-12-13,-0.008746582,0.003564497827722772,0.003552658883663365,0.00434388906336634,0.008520351392326733,0.008487595805445544,0.014960530675247524,0.015073473992079207,0.014724187628960394,0.014725627124504953,0.014491624156188123
2024-12-16,-0.008746577,0.0035597278277227744,0.0035496358836633636,0.004341267063366343,0.008518965392326733,0.008489273805445542,0.014965183675247525,0.015075705992079212,0.014723855628960395,0.014720853124504954,0.01448909815618812
2024-12-17,-0.008746577,0.0035581378277227717,0.0035494858836633662,0.004341343063366341,0.008518503392326734,0.008488967805445544,0.014964841675247524,0.015075535992079211,0.014723745628960398,0.014723240124504954,0.014491369156188118
2024-12-18,-0.008746577,0.003554313827722772,0.003548692883663364,0.004340706063366343,0.008518041392326734,0.008488662805445545,0.014964498675247524,0.01507536599207921,0.014718495628960392,0.014725627124504953,0.014491305156188117
2024-12-19,-0.008746577,0.003553870827722773,0.003547899883663365,0.004340070063366341,0.008517579392326734,0.008488356805445543,0.014964156675247524,0.015069716992079214,0.014720954628960396,0.014725627124504953,0.014491241156188123
2024-12-20,-0.008746582,0.0035533708277227724,0.003547106883663366,0.00433943306336634,0.008517117392326731,0.008485471805445545,0.014958147675247523,0.015072286992079208,0.014723414628960398,0.014725627124504953,0.014491177156188122
2024-12-23,-0.008746577,0.0035486068277227716,0.003544173883663366,0.00433686206336634,0.008515731392326732,0.008487133805445544,0.014962786675247523,0.015074516992079214,0.014723082628960393,0.014720853124504954,0.01448865115618812
2024-12-24,-0.008746577,0.0035470188277227713,0.0035439368836633657,0.0043368880633663405,0.008515269392326733,0.008486828805445542,0.014962444675247523,0.015074346992079213,0.014722972628960395,0.014723240124504954,0.014490922156188118
2024-12-25,-0.008746577,0.0035389448277227745,0.0035431438836633633,0.004336252063366342,0.008514807392326733,0.008486522805445543,0.014962101675247523,0.015074177992079212,0.014717724628960396,0.014725627124504953,0.014490858156188124
2024-12-26,-0.008746577,0.003538347827722773,0.003542351883663364,0.00433561606336634,0.008514345392326733,0.008486217805445544,0.014961759675247523,0.015068530992079214,0.014720182628960393,0.014725627124504953,0.014490794156188123
2024-12-27,-0.008746582,0.0035376958277227727,0.003541558883663365,0.004334980063366342,0.008513883392326733,0.008483347805445542,0.014955763675247528,0.015071099992079208,0.014722641628960396,0.014725627124504953,0.014490730156188122
2024-12-30,-0.008746577,0.0035353648277227714,0.0035401188836633665,0.004332458063366341,0.008512498392326734,0.008484994805445543,0.014960389675247529,0.015073327992079208,0.014722309628960397,0.014720853124504954,0.014488205156188119
2024-12-31,-0.008748294,0.0035344448277227734,0.0035397568836633662,0.004332436063366342,0.008513328392326734,0.008485966805445545,0.014960047675247529,0.015073157992079214,0.014722199628960392,0.014723240124504954,0.014490475156188124
2025-01-02,-0.008750002,0.0035338848277227733,0.0035384818836633643,0.00433180006336634,0.008512864392326732,0.008485660805445543,0.014951239675247523,0.015067514992079208,0.014719741628960396,0.014725627124504953,0.014490411156188123
2025-01-03,-0.008750006000000001,0.0035343278277227726,0.003538923883663364,0.00433180006336634,0.008512864392326732,0.008485660805445543,0.01495406167524753,0.01507025199207921,0.014722309628960397,0.014725627124504953,0.014490411156188123
2025-01-06,-0.008750002,0.0035343278277227726,0.003538923883663364,0.00433060006336634,0.008511574392326731,0.008485660805445543,0.014959705675247528,0.015072988992079213,0.014722641628960396,0.014720691124504949,0.014488077156188123
2025-01-07,-0.008750002,0.0035343278277227726,0.003538923883663364,0.00433120006336634,0.008512864392326732,0.008485660805445543,0.014959705675247528,0.015072988992079213,0.014722751628960393,0.014723159124504955,0.014490411156188123
2025-01-08,-0.008750002,0.003533441827722774,0.0035380398836633645,0.00433180006336634,0.008512864392326732,0.008485660805445543,0.014959705675247528,0.015072988992079213,0.014717944628960398,0.014725627124504953,0.014490411156188123
2025-01-09,-0.008750002,0.0035338848277227733,0.0035384818836633643,0.00433180006336634,0.008512864392326732,0.008485660805445543,0.014959705675247528,0.015067514992079208,0.014720513628960392,0.014725627124504953,0.014490411156188123
2025-01-10,-0.008750006000000001,0.0035343278277227726,0.003538923883663364,0.00433180006336634,0.008512864392326732,0.008485660805445543,0.014959705675247528,0.01507025199207921,0.014723082628960393,0.014725627124504953,0.014490411156188123
2025-01-13,-0.008750002,0.0035343278277227726,0.003538923883663364,0.00433120006336634,0.008511574392326731,0.008485660805445543,0.014959705675247528,0.015072988992079213,0.014723414628960398,0.014720691124504949,0.014488077156188123
2025-01-14,-0.008750002,0.0035343278277227726,0.003538923883663364,0.00433180006336634,0.008512864392326732,0.008485660805445543,0.014959705675247528,0.015072988992079213,0.014723524628960396,0.014723159124504955,0.014490411156188123
2025-01-15,-0.008750002,0.003533441827722774,0.0035380398836633645,0.00433180006336634,0.008512864392326732,0.008485660805445543,0.014959705675247528,0.015072988992079213,0.014718716628960394,0.014725627124504953,0.014490411156188123
2025-01-16,-0.008750002,0.0035338848277227733,0.0035384818836633643,0.00433180006336634,0.008512864392326732,0.008485660805445543,0.014959705675247528,0.015067514992079208,0.014721285628960395,0.014725627124504953,0.014490411156188123
2025-01-17,-0.008750006000000001,0.0035343278277227726,0.003538923883663364,0.00433180006336634,0.008512864392326732,0.008485660805445543,0.01495406167524753,0.01507025199207921,0.014723855628960395,0.014725627124504953,0.014490411156188123
2025-01-20,-0.008750002,0.0035343278277227726,0.003538923883663364,0.00433120006336634,0.008511574392326731,0.008485660805445543,0.014959705675247528,0.015072988992079213,0.014724187628960394,0.014720691124504949,0.014488077156188123
2025-01-21,-0.008750002,0.0035343278277227726,0.003538923883663364,0.00433180006336634,0.008512864392326732,0.008485660805445543,0.014959705675247528,0.015072988992079213,0.014724297628960398,0.014723159124504955,0.014490411156188123
2025-01-22,-0.008750002,0.003533441827722774,0.0035380398836633645,0.00433180006336634,0.008512864392326732,0.008485660805445543,0.014959705675247528,0.015072988992079213,0.014719487628960398,0.014725627124504953,0.014490411156188123
2025-01-23,-0.008750002,0.0035338848277227733,0.0035384818836633643,0.00433180006336634,0.008512864392326732,0.008485660805445543,0.014959705675247528,0.015067514992079208,0.014722058628960397,0.014725627124504953,0.014490411156188123
2025-01-24,-0.008750021,0.0035343278277227726,0.003538923883663364,0.00433180006336634,0.008512864392326732,0.008485660805445543,0.01495406167524753,0.01507025199207921,0.014724629628960397,0.014725627124504953,0.014490411156188123
2025-02-03,-0.008750002,0.003535656827722774,0.003538923883663364,0.00433120006336634,0.008511574392326731,0.008485660805445543,0.014959705675247528,0.015072988992079213,0.014725733628960392,0.014720691124504949,0.014488077156188123
2025-02-04,-0.008750002,0.003535656827722774,0.003538923883663364,0.00433180006336634,0.008512864392326732,0.008485660805445543,0.014959705675247528,0.015072988992079213,0.014725844628960396,0.014723159124504955,0.014490411156188123
2025-02-05,-0.008750002,0.003535656827722774,0.0035375978836633647,0.00433240006336634,0.008512864392326732,0.008485660805445543,0.014959705675247528,0.015301246992079208,0.015012749628960393,0.014725627124504953,0.014490411156188123
2025-02-06,-0.008750002,0.003535656827722774,0.0035380398836633645,0.00433240006336634,0.008512864392326732,0.008485660805445543,0.014959705675247528,0.01529571899207921,0.015015354628960396,0.014725627124504953,0.014490411156188123
2025-02-07,-0.008750006000000001,0.003535656827722774,0.0035384818836633643,0.00433240006336634,0.008512864392326732,0.008485660805445543,0.01495406167524753,0.015298482992079213,0.015017960628960398,0.014725627124504953,0.014490411156188123
2025-02-10,-0.008750002,0.003535656827722774,0.003538923883663364,0.00433120006336634,0.008511574392326731,0.008485660805445543,0.014959705675247528,0.015301246992079208,0.015018293628960396,0.014720691124504949,0.014488077156188123
2025-02-11,-0.008750002,0.003535656827722774,0.003538923883663364,0.00433180006336634,0.008512864392326732,0.008485660805445543,0.014959705675247528,0.015301246992079208,0.015018405628960393,0.014723159124504955,0.014490411156188123
2025-02-12,-0.008750002,0.003535656827722774,0.0035380398836633645,0.00433240006336634,0.008512864392326732,0.008485660805445543,0.014959705675247528,0.015301246992079208,0.015013526628960393,0.014725627124504953,0.014490411156188123
2025-02-13,-0.008750002,0.003535656827722774,0.0035384818836633643,0.00433240006336634,0.008512864392326732,0.008485660805445543,0.014959705675247528,0.01529571899207921,0.015016132628960396,0.014725627124504953,0.014490411156188123
2025-02-14,-0.008750006000000001,0.003535656827722774,0.003538923883663364,0.00433240006336634,0.008512864392326732,0.008485660805445543,0.014934321675247525,0.015298482992079213,0.015018738628960398,0.014725627124504953,0.014490411156188123
2025-02-17,-0.008750002,0.003535656827722774,0.003538923883663364,0.00433120006336634,0.008511574392326731,0.008485660805445543,0.014942778675247528,0.015301246992079208,0.015019072628960396,0.014720691124504949,0.014488077156188123
2025-02-18,-0.008750002,0.003535656827722774,0.003538923883663364,0.00433180006336634,0.008512864392326732,0.008485660805445543,0.014945598675247529,0.015301246992079208,0.015019183628960393,0.014723159124504955,0.014490411156188123
2025-02-19,-0.008750002,0.003535656827722774,0.0035380398836633645,0.00433240006336634,0.008512864392326732,0.008485660805445543,0.014948418675247523,0.015301246992079208,0.015014303628960394,0.014725627124504953,0.014490411156188123
2025-02-20,-0.008750002,0.003535656827722774,0.0035384818836633643,0.00433240006336634,0.008512864392326732,0.008485660805445543,0.014951239675247523,0.01529571899207921,0.015016909628960396,0.014725627124504953,0.014490411156188123
2025-02-21,-0.008750006000000001,0.003535656827722774,0.003538923883663364,0.00433240006336634,0.008512864392326732,0.008485660805445543,0.01495406167524753,0.015298482992079213,0.015019516628960398,0.014725627124504953,0.014490411156188123
2025-02-24,-0.008750002,0.003535656827722774,0.003538923883663364,0.00433120006336634,0.008511574392326731,0.008485660805445543,0.014959705675247528,0.015301246992079208,0.015019850628960395,0.014720691124504949,0.014488077156188123
2025-02-25,-0.008750002,0.003535656827722774,0.003538923883663364,0.00433180006336634,0.008512864392326732,0.008485660805445543,0.014959705675247528,0.015301246992079208,0.015019961628960393,0.014723159124504955,0.014490411156188123
2025-02-26,-0.008750002,0.003535656827722774,0.003538923883663364,0.00433240006336634,0.008512864392326732,0.008485660805445543,0.014959705675247528,0.015301246992079208,0.015015079628960395,0.014725627124504953,0.014490411156188123
2025-02-27,-0.008750002,0.003535656827722774,0.0035384818836633643,0.00433240006336634,0.008512864392326732,0.008485660805445543,0.014959705675247528,0.01529571899207921,0.015017687628960396,0.014725627124504953,0.014490411156188123
2025-02-28,-0.008750006000000001,0.003535656827722774,0.003538923883663364,0.00433240006336634,0.008512864392326732,0.008485660805445543,0.01495406167524753,0.015298482992079213,0.015020295628960397,0.014725627124504953,0.014490411156188123
2025-03-03,-0.008750002,0.0035343278277227726,0.003537155883663365,0.00433060006336634,0.008508995392326732,0.008483106805445544,0.014959705675247528,0.015301246992079208,0.015018131628960398,0.014720691124504949,0.014488077156188123
2025-03-04,-0.008750002,0.0035343278277227726,0.0035375978836633647,0.00433060006336634,0.008508995392326732,0.008483106805445544,0.014959705675247528,0.015301246992079208,0.015013249628960394,0.014723159124504955,0.014490411156188123
2025-03-05,-0.008750002,0.0035329988277227713,0.0035380398836633645,0.00433060006336634,0.008508995392326732,0.008483106805445544,0.014959705675247528,0.015301246992079208,0.015015856628960395,0.014725627124504953,0.014490411156188123
2025-03-06,-0.008750002,0.003533441827722774,0.0035380398836633645,0.00433060006336634,0.008506416392326733,0.008480554805445545,0.014959705675247528,0.01529571899207921,0.015018465628960396,0.014725627124504953,0.014490411156188123
2025-03-07,-0.008750006000000001,0.0035338848277227733,0.0035380398836633645,0.00432940106336634,0.008507705392326731,0.008481830805445543,0.01495406167524753,0.015298482992079213,0.015018576628960393,0.014725627124504953,0.014490411156188123
2025-03-10,-0.008750002,0.003284706827722774,0.003287924883663366,0.004081909063366342,0.008508995392326732,0.008483106805445544,0.014959705675247528,0.015301246992079208,0.015018909628960398,0.014720691124504949,0.014488077156188123
2025-03-11,-0.008750002,0.003284706827722774,0.003288354883663365,0.004081909063366342,0.008508995392326732,0.008483106805445544,0.014959705675247528,0.015301246992079208,0.015014025628960394,0.014723159124504955,0.014490411156188123
2025-03-12,-0.008750002,0.0032838458277227728,0.003288784883663364,0.004081909063366342,0.008508995392326732,0.008483106805445544,0.014959705675247528,0.015301246992079208,0.015016633628960396,0.014725627124504953,0.014490411156188123
2025-03-13,-0.008750002,0.003284275827722772,0.003288784883663364,0.004081909063366342,0.008506416392326733,0.008480554805445545,0.014959705675247528,0.01529571899207921,0.015019242628960396,0.014725627124504953,0.014490411156188123
2025-03-14,-0.008750006000000001,0.003284706827722774,0.003288784883663364,0.004080737063366341,0.008507705392326731,0.008481830805445543,0.01495406167524753,0.015298482992079213,0.015019353628960393,0.014725627124504953,0.014490411156188123
2025-03-17,-0.008750002,0.003284706827722774,0.003287924883663366,0.004081909063366342,0.008508995392326732,0.008483106805445544,0.014959705675247528,0.015301246992079208,0.015019687628960398,0.014720691124504949,0.014488077156188123
2025-03-18,-0.008750002,0.003284706827722774,0.003288354883663365,0.004081909063366342,0.008508995392326732,0.008483106805445544,0.014959705675247528,0.015301246992079208,0.015014801628960395,0.014723159124504955,0.014490411156188123
2025-03-19,-0.008750002,0.0032838458277227728,0.003288784883663364,0.004081909063366342,0.008508995392326732,0.008483106805445544,0.014959705675247528,0.015301246992079208,0.015017410628960396,0.014725627124504953,0.014490411156188123
2025-03-20,-0.008750002,0.0030346618277227733,0.003039518883663366,0.003833202063366341,0.008506416392326733,0.008480554805445545,0.014959705675247528,0.01529571899207921,0.015020020628960396,0.014725627124504953,0.014490411156188123
2025-03-21,-0.008750006000000001,0.0030350808277227713,0.003039518883663366,0.0038320580633663427,0.008507705392326731,0.008481830805445543,0.01495406167524753,0.015298482992079213,0.015020131628960393,0.014725627124504953,0.014490411156188123
2025-03-24,-0.008750002,0.0030350808277227713,0.0030386828836633656,0.003833202063366341,0.008508995392326732,0.008483106805445544,0.014959705675247528,0.015301246992079208,0.015020464628960398,0.014720691124504949,0.014488077156188123
2025-03-25,-0.008750002,0.0027854488277227717,0.002789836883663365,0.0035844790633663415,0.008508995392326732,0.008483106805445544,0.014959705675247528,0.015301246992079208,0.015015577628960396,0.014723159124504955,0.014490411156188123
2025-03-26,-0.008750002,0.0027854488277227717,0.0027902428836633665,0.0035844790633663415,0.008508995392326732,0.008483106805445544,0.014959705675247528,0.015301246992079208,0.015018187628960396,0.014725627124504953,0.014490411156188123
2025-03-27,-0.008750002,0.0027850418277227743,0.0027902428836633665,0.0035844790633663415,0.008506416392326733,0.008480554805445545,0.014959705675247528,0.01529571899207921,0.015020798628960396,0.014725627124504953,0.014490411156188123
2025-03-28,-0.008750006000000001,0.0027854488277227717,0.0027902428836633665,0.0035833630633663426,0.008507705392326731,0.008481830805445543,0.01495406167524753,0.015298482992079213,0.015020909628960393,0.014725627124504953,0.014490411156188123
2025-03-31,-0.008750002,0.0027838218277227746,0.0027894308836633637,0.0035850370633663427,0.008510284392326734,0.008483106805445544,0.014959705675247528,0.015301246992079208,0.015021242628960398,0.014720691124504949,0.014488077156188123
2025-04-01,-0.008750002,0.002784228827722772,0.002789836883663365,0.0035850370633663427,0.008510284392326734,0.008478002805445542,0.014959705675247528,0.015301246992079208,0.015016353628960397,0.014723159124504955,0.014490411156188123
2025-04-02,-0.008750002,0.002784635827722773,0.0027902428836633665,0.0035850370633663427,0.008510284392326734,0.008479278805445543,0.014959705675247528,0.015301246992079208,0.015018964628960397,0.014725627124504953,0.014490411156188123
2025-04-03,-0.008750002,0.0027850418277227743,0.0027902428836633665,0.0035850370633663427,0.008510284392326734,0.008480554805445545,0.014959705675247528,0.01529571899207921,0.015021575628960396,0.014725627124504953,0.014490411156188123
2025-04-04,-0.008750009,0.0027854488277227717,0.0027902428836633665,0.0035850370633663427,0.008507705392326731,0.008481830805445543,0.01495406167524753,0.015298482992079213,0.015021687628960393,0.014725627124504953,0.014490411156188123
2025-04-08,-0.008750002,0.0027858558277227725,0.002789836883663365,0.0035850370633663427,0.008510284392326734,0.008483106805445544,0.014959705675247528,0.015301246992079208,0.015017130628960398,0.014723159124504955,0.014490411156188123
2025-04-09,-0.008750002,0.0027858558277227725,0.0027902428836633665,0.0035850370633663427,0.008510284392326734,0.008483106805445544,0.014959705675247528,0.015301246992079208,0.015019741628960397,0.014725627124504953,0.014490411156188123
2025-04-10,-0.008750002,0.0027850418277227743,0.0027902428836633665,0.0035850370633663427,0.008510284392326734,0.008483106805445544,0.014959705675247528,0.01529571899207921,0.015022353628960396,0.014725627124504953,0.014490411156188123
2025-04-11,-0.008750006000000001,0.0027854488277227717,0.0027902428836633665,0.0035850370633663427,0.008507705392326731,0.008481830805445543,0.01495406167524753,0.015298482992079213,0.015022464628960393,0.014725627124504953,0.014490411156188123
2025-04-14,-0.008750002,0.0027858558277227725,0.0027894308836633637,0.0035850370633663427,0.008510284392326734,0.008483106805445544,0.014959705675247528,0.015301246992079208,0.015022798628960398,0.014720691124504949,0.014488077156188123
2025-04-15,-0.008750002,0.0027858558277227725,0.002789836883663365,0.0035850370633663427,0.008510284392326734,0.008483106805445544,0.014959705675247528,0.015301246992079208,0.015017906628960392,0.014723159124504955,0.014490411156188123
2025-04-16,-0.008750002,0.0027858558277227725,0.0027902428836633665,0.0035850370633663427,0.008510284392326734,0.008483106805445544,0.014959705675247528,0.015301246992079208,0.015020518628960398,0.014725627124504953,0.014490411156188123
2025-04-17,-0.008750002,0.0027850418277227743,0.0027902428836633665,0.0035850370633663427,0.008510284392326734,0.008480554805445545,0.014959705675247528,0.01529571899207921,0.015023131628960396,0.014725627124504953,0.014490411156188123
2025-04-18,-0.008750006000000001,0.0027854488277227717,0.0027902428836633665,0.0035850370633663427,0.008507705392326731,0.008481830805445543,0.01495406167524753,0.015298482992079213,0.015023242628960393,0.014725627124504953,0.014490411156188123
2025-04-21,-0.008750002,0.0027858558277227725,0.0027894308836633637,0.0035850370633663427,0.008510284392326734,0.008483106805445544,0.014959705675247528,0.015301246992079208,0.015023576628960398,0.014720691124504949,0.014488077156188123
2025-04-22,-0.008750002,0.0027858558277227725,0.002789836883663365,0.0035850370633663427,0.008510284392326734,0.008483106805445544,0.014959705675247528,0.015301246992079208,0.015018682628960393,0.014723159124504955,0.014490411156188123
2025-04-23,-0.008750002,0.0027858558277227725,0.0027902428836633665,0.0035850370633663427,0.008510284392326734,0.008483106805445544,0.014959705675247528,0.015301246992079208,0.015021295628960398,0.014725627124504953,0.014490411156188123
2025-04-24,-0.008750002,0.0027850418277227743,0.0027902428836633665,0.0035850370633663427,0.008510284392326734,0.008480554805445545,0.014959705675247528,0.01529571899207921,0.015023909628960396,0.014725627124504953,0.014490411156188123
2025-04-25,-0.008750002,0.0027854488277227717,0.0027902428836633665,0.0035850370633663427,0.008507705392326731,0.008481830805445543,0.014951239675247523,0.015298482992079213,0.015024020628960393,0.014725627124504953,0.014490411156188123
2025-04-26,-0.008750004,0.0027858558277227725,0.0027902428836633665,0.0035839210633663403,0.008508995392326732,0.008483106805445544,0.01495406167524753,0.015301246992079208,0.015024131628960397,0.014725627124504953,0.014490411156188123
2025-04-28,-0.008750002,0.0027858558277227725,0.0027894308836633637,0.0035850370633663427,0.008510284392326734,0.008483106805445544,0.014959705675247528,0.015301246992079208,0.015024353628960398,0.014720691124504949,0.014488077156188123
2025-04-29,-0.008750013000000001,0.0027858558277227725,0.002789836883663365,0.0035850370633663427,0.008510284392326734,0.008483106805445544,0.014959705675247528,0.015301246992079208,0.015019459628960393,0.014723159124504955,0.014490411156188123
2025-05-05,-0.008750002,0.0027854488277227717,0.0027894308836633637,0.0035844790633663415,0.008508995392326732,0.008481830805445543,0.014959705675247528,0.015301246992079208,0.015025131628960398,0.014720691124504949,0.014488077156188123
2025-05-06,-0.008750002,0.0027854488277227717,0.002789836883663365,0.0035844790633663415,0.008508995392326732,0.008481830805445543,0.014959705675247528,0.015301246992079208,0.015020235628960394,0.014723159124504955,0.014490411156188123
2025-05-07,-0.008750002,0.002784635827722773,0.0027902428836633665,0.0035844790633663415,0.008508995392326732,0.008479278805445543,0.014959705675247528,0.015301246992079208,0.015022850628960398,0.014725627124504953,0.014490411156188123
2025-05-08,-0.008750002,0.0027850418277227743,0.0027902428836633665,0.0035844790633663415,0.008506416392326733,0.008480554805445545,0.014959705675247528,0.01529571899207921,0.015025465628960396,0.014725627124504953,0.014490411156188123
2025-05-09,-0.008750006000000001,0.0027854488277227717,0.0027902428836633665,0.0035833630633663426,0.008507705392326731,0.008481830805445543,0.01495406167524753,0.015298482992079213,0.015025576628960393,0.014725627124504953,0.014490411156188123
2025-05-12,-0.008750002,0.0027854488277227717,0.0027894308836633637,0.0035844790633663415,0.008508995392326732,0.008481830805445543,0.014959705675247528,0.015301246992079208,0.015025909628960398,0.014720691124504949,0.014488077156188123
2025-05-13,-0.008750002,0.0027854488277227717,0.002789836883663365,0.0035844790633663415,0.008508995392326732,0.008481830805445543,0.014959705675247528,0.015301246992079208,0.015021011628960395,0.014723159124504955,0.014490411156188123
2025-05-14,-0.008750002,0.002784635827722773,0.0027902428836633665,0.0035844790633663415,0.008508995392326732,0.008470349805445542,0.014959705675247528,0.015301246992079208,0.015023627628960392,0.014725627124504953,0.014490411156188123
2025-05-15,-0.008750002,0.0027850418277227743,0.0027902428836633665,0.0035844790633663415,0.008506416392326733,0.008471624805445544,0.014959705675247528,0.01529571899207921,0.015026243628960396,0.014725627124504953,0.014490411156188123
2025-05-16,-0.008750006000000001,0.0027854488277227717,0.0027902428836633665,0.0035833630633663426,0.008507705392326731,0.008472899805445543,0.01495406167524753,0.015298482992079213,0.015026354628960393,0.014725627124504953,0.014490411156188123
2025-05-19,-0.008750002,0.0027854488277227717,0.0027894308836633637,0.0035844790633663415,0.008508995392326732,0.008476726805445544,0.014959705675247528,0.015301246992079208,0.015026687628960398,0.014720691124504949,0.014488077156188123
2025-05-20,-0.008750002,0.0027854488277227717,0.002789836883663365,0.0035844790633663415,0.008508995392326732,0.008478002805445542,0.014959705675247528,0.015301246992079208,0.015021788628960395,0.014723159124504955,0.014490411156188123
2025-05-21,-0.008750002,0.002784635827722773,0.0027902428836633665,0.0035844790633663415,0.008508995392326732,0.008479278805445543,0.014959705675247528,0.015301246992079208,0.015024404628960392,0.014725627124504953,0.014490411156188123
2025-05-22,-0.008750002,0.0027850418277227743,0.0027902428836633665,0.0035844790633663415,0.008506416392326733,0.008480554805445545,0.014959705675247528,0.01529571899207921,0.015027021628960396,0.014725627124504953,0.014490411156188123
2025-05-23,-0.008750006000000001,0.0027854488277227717,0.0027902428836633665,0.0035833630633663426,0.008507705392326731,0.008481830805445543,0.01495406167524753,0.015298482992079213,0.015027132628960393,0.014725627124504953,0.014490411156188123
2025-05-26,-0.008750002,0.0027854488277227717,0.0027894308836633637,0.0035844790633663415,0.008508995392326732,0.008481830805445543,0.014959705675247528,0.015301246992079208,0.015027465628960398,0.014720691124504949,0.014488077156188123
2025-05-27,-0.008750002,0.0027854488277227717,0.002789836883663365,0.0035844790633663415,0.008508995392326732,0.008481830805445543,0.014959705675247528,0.015301246992079208,0.015022564628960396,0.014723159124504955,0.014490411156188123
2025-05-28,-0.008750002,0.002784635827722773,0.0027902428836633665,0.0035844790633663415,0.008508995392326732,0.008479278805445543,0.014959705675247528,0.015301246992079208,0.015025181628960393,0.014725627124504953,0.014490411156188123
2025-05-29,-0.008750002,0.0027850418277227743,0.0027902428836633665,0.0035844790633663415,0.008506416392326733,0.008480554805445545,0.014959705675247528,0.01529571899207921,0.015027798628960396,0.014725627124504953,0.014490411156188123
2025-05-30,-0.008750006000000001,0.0027854488277227717,0.0027902428836633665,0.003582248063366343,0.008507705392326731,0.008481830805445543,0.01495406167524753,0.015298482992079213,0.015027910628960393,0.014725627124504953,0.014490411156188123
2025-06-02,-0.008750002,0.0027858558277227725,0.0027894308836633637,0.0035839210633663403,0.008510284392326734,0.008485660805445543,0.014959705675247528,0.015301246992079208,0.015028243628960398,0.014720691124504949,0.014488077156188123
2025-06-03,-0.008750002,0.0027858558277227725,0.002789836883663365,0.0035844790633663415,0.008510284392326734,0.008485660805445543,0.014959705675247528,0.015301246992079208,0.015023341628960397,0.014723159124504955,0.014490411156188123
2025-06-04,-0.008750002,0.0027858558277227725,0.0027902428836633665,0.0035844790633663415,0.008510284392326734,0.008485660805445543,0.014959705675247528,0.015301246992079208,0.015025958628960393,0.014725627124504953,0.014490411156188123
2025-06-05,-0.008750002,0.0027850418277227743,0.0027902428836633665,0.0035844790633663415,0.008510284392326734,0.008485660805445543,0.014959705675247528,0.01529571899207921,0.015028576628960396,0.014725627124504953,0.014490411156188123
2025-06-06,-0.008750006000000001,0.0027854488277227717,0.0027902428836633665,0.0035833630633663426,0.008507705392326731,0.008485660805445543,0.01495406167524753,0.015298482992079213,0.015028688628960393,0.014725627124504953,0.014490411156188123
2025-06-09,-0.008750002,0.0027858558277227725,0.0027894308836633637,0.0035844790633663415,0.008510284392326734,0.008485660805445543,0.014959705675247528,0.015301246992079208,0.015029021628960398,0.014720691124504949,0.014488077156188123
2025-06-10,-0.008750002,0.0027858558277227725,0.002789836883663365,0.0035844790633663415,0.008510284392326734,0.008485660805445543,0.014959705675247528,0.015301246992079208,0.015024117628960398,0.014723159124504955,0.014490411156188123
2025-06-11,-0.008750002,0.0027858558277227725,0.0027902428836633665,0.0035844790633663415,0.008510284392326734,0.008485660805445543,0.014959705675247528,0.015301246992079208,0.015026736628960393,0.014725627124504953,0.014490411156188123
2025-06-12,-0.008750002,0.0027850418277227743,0.0027902428836633665,0.0035844790633663415,0.008510284392326734,0.008485660805445543,0.014959705675247528,0.01529571899207921,0.015029355628960395,0.014725627124504953,0.014490411156188123
2025-06-13,-0.008750006000000001,0.0027854488277227717,0.0027902428836633665,0.0035833630633663426,0.008507705392326731,0.008485660805445543,0.01495406167524753,0.015298482992079213,0.015029466628960392,0.014725627124504953,0.014490411156188123
2025-06-16,-0.008750002,0.0027858558277227725,0.0027894308836633637,0.0035844790633663415,0.008510284392326734,0.008485660805445543,0.014959705675247528,0.015301246992079208,0.015029799628960398,0.014720691124504949,0.014488077156188123
2025-06-17,-0.008750002,0.0027858558277227725,0.002789836883663365,0.0035844790633663415,0.008510284392326734,0.008485660805445543,0.014959705675247528,0.015301246992079208,0.015024894628960398,0.014723159124504955,0.014490411156188123
2025-06-18,-0.008750002,0.0027858558277227725,0.0027902428836633665,0.0035844790633663415,0.008510284392326734,0.008485660805445543,0.014959705675247528,0.015301246992079208,0.015027513628960393,0.014725627124504953,0.014490411156188123
2025-06-19,-0.008750002,0.0027850418277227743,0.0027902428836633665,0.0035844790633663415,0.008510284392326734,0.008485660805445543,0.014959705675247528,0.01529571899207921,0.015030133628960395,0.014725627124504953,0.014490411156188123
2025-06-20,-0.008750006000000001,0.0027854488277227717,0.0027902428836633665,0.0035833630633663426,0.008507705392326731,0.008485660805445543,0.01495406167524753,0.015298482992079213,0.015030244628960392,0.014725627124504953,0.014490411156188123
2025-06-23,-0.008750002,0.0027858558277227725,0.0027894308836633637,0.0035844790633663415,0.008510284392326734,0.008485660805445543,0.014959705675247528,0.015301246992079208,0.015030577628960397,0.014720691124504949,0.014488077156188123
2025-06-24,-0.008750002,0.0027858558277227725,0.002789836883663365,0.0035844790633663415,0.008510284392326734,0.008485660805445543,0.014959705675247528,0.015301246992079208,0.015025670628960392,0.014723159124504955,0.014490411156188123
2025-06-25,-0.008750002,0.0027858558277227725,0.0027902428836633665,0.0035844790633663415,0.008510284392326734,0.008485660805445543,0.014959705675247528,0.015301246992079208,0.015028290628960394,0.014725627124504953,0.014490411156188123
2025-06-26,-0.008750002,0.0027850418277227743,0.0027902428836633665,0.0035844790633663415,0.008510284392326734,0.008485660805445543,0.014959705675247528,0.01529571899207921,0.015030911628960395,0.014725627124504953,0.014490411156188123
2025-06-27,-0.008750006000000001,0.0027854488277227717,0.0027902428836633665,0.0035833630633663426,0.008507705392326731,0.008485660805445543,0.01495406167524753,0.015298482992079213,0.015031022628960392,0.014725627124504953,0.014490411156188123
2025-06-30,-0.008750002,0.0027858558277227725,0.0027886188836633644,0.0035844790633663415,0.008510284392326734,0.008485660805445543,0.014959705675247528,0.015301246992079208,0.015031355628960397,0.014720691124504949,0.014488077156188123
2025-07-01,-0.008750002,0.0027854488277227717,0.0027890248836633658,0.0035844790633663415,0.008503838392326733,0.008484383805445542,0.014959705675247528,0.015301246992079208,0.015026447628960393,0.014723159124504955,0.014490411156188123
2025-07-02,-0.008750002,0.002784635827722773,0.0027894308836633637,0.0035844790633663415,0.008505127392326731,0.008484383805445542,0.014959705675247528,0.015301246992079208,0.015029068628960394,0.014725627124504953,0.014490411156188123
2025-07-03,-0.008750002,0.0027850418277227743,0.002789836883663365,0.0035844790633663415,0.008506416392326733,0.008484383805445542,0.014959705675247528,0.01529571899207921,0.015031689628960395,0.014725627124504953,0.014490411156188123
2025-07-04,-0.008750006000000001,0.0027854488277227717,0.002789836883663365,0.0035833630633663426,0.008507705392326731,0.008481830805445543,0.01495406167524753,0.015298482992079213,0.015031800628960392,0.014725627124504953,0.014490411156188123
2025-07-07,-0.008750002,0.0027854488277227717,0.0027894308836633637,0.0035844790633663415,0.008508995392326732,0.008484383805445542,0.014959705675247528,0.015301246992079208,0.015032133628960397,0.014720691124504949,0.014488077156188123
2025-07-08,-0.008750002,0.0027854488277227717,0.002789836883663365,0.0035844790633663415,0.008508995392326732,0.008484383805445542,0.014959705675247528,0.015301246992079208,0.015027224628960393,0.014723159124504955,0.014490411156188123
2025-07-09,-0.008750002,0.002784635827722773,0.002789836883663365,0.0035844790633663415,0.008508995392326732,0.008484383805445542,0.014959705675247528,0.015301246992079208,0.015029845628960394,0.014725627124504953,0.014490411156188123
2025-07-10,-0.008750002,0.0027850418277227743,0.002789836883663365,0.0035844790633663415,0.008508995392326732,0.008484383805445542,0.014959705675247528,0.01529571899207921,0.015032467628960395,0.014725627124504953,0.014490411156188123
2025-07-11,-0.008750006000000001,0.0027854488277227717,0.002789836883663365,0.0035833630633663426,0.008507705392326731,0.008481830805445543,0.01495406167524753,0.015298482992079213,0.015032578628960392,0.014725627124504953,0.014490411156188123
2025-07-14,-0.008750002,0.0027854488277227717,0.0027894308836633637,0.0035844790633663415,0.008508995392326732,0.008484383805445542,0.014959705675247528,0.015301246992079208,0.015032912628960397,0.014720691124504949,0.014488077156188123
2025-07-15,-0.008750002,0.0027854488277227717,0.002789836883663365,0.0035844790633663415,0.008508995392326732,0.008484383805445542,0.014959705675247528,0.015301246992079208,0.015028000628960394,0.014723159124504955,0.014490411156188123
2025-07-16,-0.008750002,0.002784635827722773,0.002789836883663365,0.0035844790633663415,0.008508995392326732,0.008484383805445542,0.014959705675247528,0.015301246992079208,0.015030622628960395,0.014725627124504953,0.014490411156188123
2025-07-17,-0.008750002,0.0027850418277227743,0.002789836883663365,0.0035844790633663415,0.008506416392326733,0.008484383805445542,0.014959705675247528,0.01529571899207921,0.015033245628960395,0.014725627124504953,0.014490411156188123
2025-07-18,-0.008750006000000001,0.0027854488277227717,0.002789836883663365,0.0035833630633663426,0.008507705392326731,0.008481830805445543,0.01495406167524753,0.015298482992079213,0.015033356628960392,0.014725627124504953,0.014490411156188123
2025-07-21,-0.008750002,0.0027854488277227717,0.0027894308836633637,0.0035844790633663415,0.008508995392326732,0.008484383805445542,0.014959705675247528,0.015301246992079208,0.015033690628960397,0.014720691124504949,0.014488077156188123
2025-07-22,-0.008750002,0.0027854488277227717,0.002789836883663365,0.0035844790633663415,0.008508995392326732,0.008484383805445542,0.014959705675247528,0.015301246992079208,0.015028777628960394,0.014723159124504955,0.014490411156188123
2025-07-23,-0.008750002,0.002784635827722773,0.002789836883663365,0.0035844790633663415,0.008508995392326732,0.008484383805445542,0.014959705675247528,0.015301246992079208,0.015031400628960394,0.014725627124504953,0.014490411156188123
2025-07-24,-0.008750002,0.0027850418277227743,0.002789836883663365,0.0035844790633663415,0.008506416392326733,0.008484383805445542,0.014959705675247528,0.01529571899207921,0.015034023628960395,0.014725627124504953,0.014490411156188123
2025-07-25,-0.008750006000000001,0.0027854488277227717,0.002789836883663365,0.0035833630633663426,0.008507705392326731,0.008480554805445545,0.01495406167524753,0.015298482992079213,0.015034134628960392,0.014725627124504953,0.014490411156188123
2025-07-28,-0.008750002,0.0027854488277227717,0.0027894308836633637,0.0035844790633663415,0.008508995392326732,0.008484383805445542,0.014959705675247528,0.015301246992079208,0.015034468628960396,0.014720691124504949,0.014488077156188123
2025-07-29,-0.008750002,0.0027854488277227717,0.002789836883663365,0.0035844790633663415,0.008508995392326732,0.008484383805445542,0.014959705675247528,0.015301246992079208,0.015029554628960395,0.014723159124504955,0.014490411156188123
2025-07-30,-0.008750002,0.0027838218277227746,0.002789836883663365,0.0035844790633663415,0.008508995392326732,0.008479278805445543,0.014959705675247528,0.015301246992079208,0.015032177628960395,0.014725627124504953,0.014490411156188123
2025-07-31,-0.008750002,0.002784228827722772,0.0027902428836633665,0.0035844790633663415,0.008506416392326733,0.008480554805445545,0.014959705675247528,0.01529571899207921,0.015034801628960395,0.014725627124504953,0.014490411156188123
2025-08-01,-0.008750006000000001,0.002784635827722773,0.0027902428836633665,0.0035833630633663426,0.008507705392326731,0.008481830805445543,0.01495406167524753,0.015298482992079213,0.015034913628960398,0.014725627124504953,0.014490411156188123
2025-08-04,-0.008750002,0.0027854488277227717,0.0027894308836633637,0.0035844790633663415,0.008508995392326732,0.008485660805445543,0.014959705675247528,0.015301246992079208,0.015035246628960396,0.014720691124504949,0.014488077156188123
2025-08-05,-0.008750002,0.0027854488277227717,0.002789836883663365,0.0035844790633663415,0.008508995392326732,0.008485660805445543,0.014959705675247528,0.015301246992079208,0.015030330628960396,0.014723159124504955,0.014490411156188123
2025-08-06,-0.008750002,0.002784635827722773,0.0027902428836633665,0.0035844790633663415,0.008508995392326732,0.008485660805445543,0.014959705675247528,0.015301246992079208,0.015032955628960395,0.014725627124504953,0.014490411156188123
2025-08-07,-0.008750002,0.0027850418277227743,0.0027902428836633665,0.0035844790633663415,0.008506416392326733,0.008485660805445543,0.014959705675247528,0.01529571899207921,0.015035580628960394,0.014725627124504953,0.014490411156188123
2025-08-08,-0.008750006000000001,0.0027854488277227717,0.0027902428836633665,0.0035833630633663426,0.008507705392326731,0.008485660805445543,0.01495406167524753,0.015298482992079213,0.015035691628960398,0.014725627124504953,0.014490411156188123
2025-08-11,-0.008750002,0.0027854488277227717,0.0027894308836633637,0.0035844790633663415,0.008508995392326732,0.008485660805445543,0.014959705675247528,0.015301246992079208,0.015036024628960396,0.014720691124504949,0.014488077156188123
2025-08-12,-0.008750002,0.0027854488277227717,0.002789836883663365,0.0035844790633663415,0.008508995392326732,0.008485660805445543,0.014959705675247528,0.015301246992079208,0.015031107628960396,0.014723159124504955,0.014490411156188123
2025-08-13,-0.008750002,0.002784635827722773,0.0027902428836633665,0.0035844790633663415,0.008508995392326732,0.008485660805445543,0.014959705675247528,0.015301246992079208,0.015033732628960395,0.014725627124504953,0.014490411156188123
2025-08-14,-0.008750002,0.0027850418277227743,0.0027902428836633665,0.0035844790633663415,0.008497395392326731,0.008485660805445543,0.014959705675247528,0.01529571899207921,0.015036358628960394,0.014725627124504953,0.014490411156188123
2025-08-15,-0.008750006000000001,0.0027854488277227717,0.0027902428836633665,0.0035833630633663426,0.008498683392326734,0.008485660805445543,0.01495406167524753,0.015298482992079213,0.015036469628960398,0.014725627124504953,0.014490411156188123
2025-08-18,-0.008750002,0.0027854488277227717,0.0027894308836633637,0.0035844790633663415,0.008502549392326732,0.008485660805445543,0.014959705675247528,0.015301246992079208,0.015036803628960396,0.014720691124504949,0.014488077156188123
2025-08-19,-0.008750002,0.0027854488277227717,0.002789836883663365,0.0035844790633663415,0.008503838392326733,0.008485660805445543,0.014959705675247528,0.015301246992079208,0.015031884628960396,0.014723159124504955,0.014490411156188123
2025-08-20,-0.008750002,0.002784635827722773,0.0027902428836633665,0.0035844790633663415,0.008505127392326731,0.008485660805445543,0.014959705675247528,0.015301246992079208,0.015034510628960395,0.014725627124504953,0.014490411156188123
2025-08-21,-0.008750002,0.0027850418277227743,0.0027902428836633665,0.0035844790633663415,0.008506416392326733,0.008485660805445543,0.014959705675247528,0.01529571899207921,0.015037136628960394,0.014725627124504953,0.014490411156188123
2025-08-22,-0.008750006000000001,0.0027854488277227717,0.0027902428836633665,0.0035833630633663426,0.008507705392326731,0.008485660805445543,0.014959705675247528,0.015298482992079213,0.015037247628960398,0.014725627124504953,0.014490411156188123
2025-08-25,-0.008750002,0.0027854488277227717,0.0027894308836633637,0.0035844790633663415,0.008508995392326732,0.008485660805445543,0.014959705675247528,0.015301246992079208,0.015037581628960395,0.014720691124504949,0.014488077156188123
2025-08-26,-0.008750002,0.0027854488277227717,0.002789836883663365,0.0035844790633663415,0.008508995392326732,0.008485660805445543,0.014959705675247528,0.015301246992079208,0.015032661628960397,0.014723159124504955,0.014490411156188123
2025-08-27,-0.008750002,0.002784635827722773,0.0027902428836633665,0.0035844790633663415,0.008508995392326732,0.008485660805445543,0.014959705675247528,0.015301246992079208,0.015035287628960396,0.014725627124504953,0.014490411156188123
2025-08-28,-0.008750002,0.0027850418277227743,0.0027902428836633665,0.0035844790633663415,0.008506416392326733,0.008485660805445543,0.014959705675247528,0.01529571899207921,0.015037915628960393,0.014725627124504953,0.014490411156188123
2025-08-29,-0.008750011,0.0027854488277227717,0.0027902428836633665,0.0035833630633663426,0.008507705392326731,0.008485660805445543,0.014945598675247529,0.015298482992079213,0.015038026628960397,0.014725627124504953,0.014490411156188123
2025-09-03,-0.008750002,0.0027858558277227725,0.0027902428836633665,0.0035850370633663427,0.008512864392326732,0.008485660805445543,0.014959705675247528,0.015301246992079208,0.015036065628960395,0.014725627124504953,0.014490411156188123
2025-09-04,-0.008750002,0.0027850418277227743,0.0027902428836633665,0.0035850370633663427,0.008512864392326732,0.008485660805445543,0.014959705675247528,0.01529571899207921,0.015038693628960393,0.014725627124504953,0.014490411156188123
2025-09-05,-0.008750006000000001,0.0027854488277227717,0.0027902428836633665,0.0035850370633663427,0.008512864392326732,0.008485660805445543,0.01495406167524753,0.015298482992079213,0.015038804628960397,0.014725627124504953,0.014490411156188123
2025-09-08,-0.008750002,0.0027858558277227725,0.0027894308836633637,0.0035850370633663427,0.008511574392326731,0.008485660805445543,0.014959705675247528,0.015301246992079208,0.015039138628960395,0.014720691124504949,0.014488077156188123
2025-09-09,-0.008750002,0.0027858558277227725,0.002789836883663365,0.0035850370633663427,0.008512864392326732,0.008485660805445543,0.014959705675247528,0.015301246992079208,0.015034215628960398,0.014723159124504955,0.014490411156188123
2025-09-10,-0.008750002,0.0027858558277227725,0.0027902428836633665,0.0035850370633663427,0.008512864392326732,0.008485660805445543,0.014959705675247528,0.015301246992079208,0.015036843628960395,0.014725627124504953,0.014490411156188123
2025-09-11,-0.008750002,0.0027850418277227743,0.0027902428836633665,0.0035850370633663427,0.008512864392326732,0.008485660805445543,0.014959705675247528,0.01529571899207921,0.015039471628960393,0.014725627124504953,0.014490411156188123
2025-09-12,-0.008750006000000001,0.0027854488277227717,0.0027902428836633665,0.0035850370633663427,0.008512864392326732,0.008485660805445543,0.01495406167524753,0.015298482992079213,0.015039583628960396,0.014725627124504953,0.014490411156188123
2025-09-15,-0.008750002,0.0027858558277227725,0.0027894308836633637,0.0035850370633663427,0.008511574392326731,0.008485660805445543,0.014959705675247528,0.015301246992079208,0.015039916628960395,0.014720691124504949,0.014488077156188123
2025-09-16,-0.008750002,0.0027858558277227725,0.002789836883663365,0.0035850370633663427,0.008512864392326732,0.008485660805445543,0.014959705675247528,0.015301246992079208,0.015034991628960392,0.014723159124504955,0.014490411156188123
2025-09-17,-0.008750002,0.0027858558277227725,0.0027902428836633665,0.0035850370633663427,0.008512864392326732,0.008485660805445543,0.014959705675247528,0.015301246992079208,0.015037620628960396,0.014725627124504953,0.014490411156188123
2025-09-18,-0.008750002,0.0027850418277227743,0.0027902428836633665,0.0035850370633663427,0.008512864392326732,0.008485660805445543,0.014959705675247528,0.01529571899207921,0.015040250628960392,0.014725627124504953,0.014490411156188123
2025-09-19,-0.008750006000000001,0.0027854488277227717,0.0027902428836633665,0.0035850370633663427,0.008512864392326732,0.008485660805445543,0.01495406167524753,0.015298482992079213,0.015040361628960396,0.014725627124504953,0.014490411156188123
2025-09-22,-0.008750002,0.0027858558277227725,0.0027894308836633637,0.0035850370633663427,0.008511574392326731,0.008485660805445543,0.014959705675247528,0.015301246992079208,0.015040695628960394,0.014720691124504949,0.014488077156188123
2025-09-23,-0.008750002,0.0027858558277227725,0.002789836883663365,0.0035850370633663427,0.008512864392326732,0.008485660805445543,0.014959705675247528,0.015301246992079208,0.015035768628960392,0.014723159124504955,0.014490411156188123
2025-09-24,-0.008750002,0.0027858558277227725,0.0027902428836633665,0.0035850370633663427,0.008512864392326732,0.008485660805445543,0.014959705675247528,0.015301246992079208,0.015038398628960396,0.014725627124504953,0.014490411156188123
2025-09-25,-0.008750002,0.0027850418277227743,0.0027902428836633665,0.0035850370633663427,0.008512864392326732,0.008485660805445543,0.014959705675247528,0.01529571899207921,0.015041028628960392,0.014725627124504953,0.014490411156188123
2025-09-26,-0.008750006000000001,0.0027854488277227717,0.0027902428836633665,0.0035850370633663427,0.008512864392326732,0.008485660805445543,0.01495406167524753,0.015298482992079213,0.015041139628960396,0.014725627124504953,0.014490411156188123
2025-09-29,-0.008750002,0.0027858558277227725,0.0027894308836633637,0.0035850370633663427,0.008511574392326731,0.008485660805445543,0.014959705675247528,0.015301246992079208,0.015041473628960394,0.014720691124504949,0.014488077156188123
2025-09-30,-0.008750002,0.0027858558277227725,0.002789836883663365,0.0035850370633663427,0.008512864392326732,0.008485660805445543,0.014959705675247528,0.015301246992079208,0.015036545628960393,0.014723159124504955,0.014490411156188123
2025-10-01,-0.008750002,0.002784635827722773,0.0027902428836633665,0.003582248063366343,0.008511574392326731,0.008485660805445543,0.014959705675247528,0.015301246992079208,0.015039176628960396,0.014725627124504953,0.014490411156188123
2025-10-02,-0.008750002,0.0027850418277227743,0.0027902428836633665,0.0035828050633663414,0.008511574392326731,0.008485660805445543,0.014959705675247528,0.01529571899207921,0.015041807628960398,0.014725627124504953,0.014490411156188123
2025-10-03,-0.008750006000000001,0.0027854488277227717,0.0027902428836633665,0.0035833630633663426,0.008511574392326731,0.008485660805445543,0.01495406167524753,0.015298482992079213,0.015041918628960396,0.014725627124504953,0.014490411156188123
2025-10-06,-0.008750002,0.0027854488277227717,0.0027894308836633637,0.0035844790633663415,0.008511574392326731,0.008485660805445543,0.014959705675247528,0.015301246992079208,0.015042252628960393,0.014720691124504949,0.014488077156188123
2025-10-07,-0.008750002,0.0027854488277227717,0.002789836883663365,0.0035844790633663415,0.008511574392326731,0.008485660805445543,0.014959705675247528,0.015301246992079208,0.015037322628960393,0.014723159124504955,0.014490411156188123
2025-10-08,-0.008750002,0.002784635827722773,0.0027902428836633665,0.0035844790633663415,0.008511574392326731,0.008485660805445543,0.014959705675247528,0.015301246992079208,0.015039953628960396,0.014725627124504953,0.014490411156188123
2025-10-09,-0.008750002,0.0027850418277227743,0.0027902428836633665,0.0035844790633663415,0.008511574392326731,0.008485660805445543,0.014959705675247528,0.01529571899207921,0.015042585628960398,0.014725627124504953,0.014490411156188123
2025-10-10,-0.008750006000000001,0.0027854488277227717,0.0027902428836633665,0.0035844790633663415,0.008511574392326731,0.008485660805445543,0.01495406167524753,0.015298482992079213,0.015042696628960395,0.014725627124504953,0.014490411156188123
2025-10-13,-0.008750002,0.0027854488277227717,0.0027894308836633637,0.0035844790633663415,0.008511574392326731,0.008485660805445543,0.014959705675247528,0.015301246992079208,0.015043030628960393,0.014720691124504949,0.014488077156188123
2025-10-14,-0.008750002,0.0027854488277227717,0.002789836883663365,0.0035844790633663415,0.008511574392326731,0.008485660805445543,0.014959705675247528,0.015301246992079208,0.015038099628960393,0.014723159124504955,0.014490411156188123
2025-10-15,-0.008750002,0.002784635827722773,0.0027902428836633665,0.0035844790633663415,0.008511574392326731,0.008485660805445543,0.014959705675247528,0.015301246992079208,0.015040731628960396,0.014725627124504953,0.014490411156188123
2025-10-16,-0.008750002,0.0027850418277227743,0.0027902428836633665,0.0035844790633663415,0.008511574392326731,0.008485660805445543,0.014959705675247528,0.01529571899207921,0.015043364628960398,0.014725627124504953,0.014490411156188123
2025-10-17,-0.008750006000000001,0.0027854488277227717,0.0027902428836633665,0.0035833630633663426,0.008511574392326731,0.008485660805445543,0.01495406167524753,0.015298482992079213,0.015043475628960395,0.014725627124504953,0.014490411156188123
2025-10-20,-0.008750002,0.0027854488277227717,0.0027894308836633637,0.0035844790633663415,0.008511574392326731,0.008485660805445543,0.014959705675247528,0.015301246992079208,0.015043809628960392,0.014720691124504949,0.014488077156188123
2025-10-21,-0.008750002,0.0027854488277227717,0.002789836883663365,0.0035844790633663415,0.008511574392326731,0.008485660805445543,0.014959705675247528,0.015301246992079208,0.015038876628960394,0.014723159124504955,0.014490411156188123
2025-10-22,-0.008750002,0.002784635827722773,0.0027902428836633665,0.0035844790633663415,0.008511574392326731,0.008485660805445543,0.014959705675247528,0.015301246992079208,0.015041509628960396,0.014725627124504953,0.014490411156188123
2025-10-23,-0.008750002,0.0027850418277227743,0.0027902428836633665,0.0035844790633663415,0.008511574392326731,0.008485660805445543,0.014959705675247528,0.01529571899207921,0.015044142628960398,0.014725627124504953,0.014490411156188123
2025-10-24,-0.008750006000000001,0.0027854488277227717,0.0027902428836633665,0.0035833630633663426,0.008511574392326731,0.008485660805445543,0.01495406167524753,0.015298482992079213,0.015044253628960395,0.014725627124504953,0.014490411156188123
2025-10-27,-0.008750002,0.0027854488277227717,0.0027894308836633637,0.0035844790633663415,0.008510284392326734,0.008485660805445543,0.014959705675247528,0.015301246992079208,0.015044587628960392,0.014720691124504949,0.014488077156188123
2025-10-28,-0.008750002,0.0027854488277227717,0.002789836883663365,0.0035844790633663415,0.008511574392326731,0.008485660805445543,0.014959705675247528,0.015301246992079208,0.015039653628960394,0.014723159124504955,0.014490411156188123
2025-10-29,-0.008750002,0.002784635827722773,0.0027902428836633665,0.0035844790633663415,0.008511574392326731,0.008485660805445543,0.014959705675247528,0.015301246992079208,0.015042287628960396,0.014725627124504953,0.014490411156188123
2025-10-30,-0.008750002,0.0027850418277227743,0.0027902428836633665,0.0035844790633663415,0.008506416392326733,0.008485660805445543,0.014959705675247528,0.01529571899207921,0.015044921628960397,0.014725627124504953,0.014490411156188123
2025-10-31,-0.008750006000000001,0.0027854488277227717,0.0027902428836633665,0.0035833630633663426,0.008507705392326731,0.008485660805445543,0.01495406167524753,0.015298482992079213,0.015045032628960394,0.014725627124504953,0.014490411156188123
2025-11-03,-0.008750002,0.0027858558277227725,0.0027894308836633637,0.0035844790633663415,0.008511574392326731,0.008485660805445543,0.014959705675247528,0.015301246992079208,0.015045366628960392,0.014720691124504949,0.014488077156188123
2025-11-04,-0.008750002,0.0027858558277227725,0.002789836883663365,0.0035844790633663415,0.008512864392326732,0.008485660805445543,0.014959705675247528,0.015301246992079208,0.015040430628960395,0.014723159124504955,0.014490411156188123
2025-11-05,-0.008750002,0.0027858558277227725,0.0027902428836633665,0.0035844790633663415,0.008512864392326732,0.008485660805445543,0.014959705675247528,0.015301246992079208,0.015043065628960395,0.014725627124504953,0.014490411156188123
2025-11-06,-0.008750002,0.0027850418277227743,0.0027902428836633665,0.0035844790633663415,0.008512864392326732,0.008485660805445543,0.014959705675247528,0.01529571899207921,0.015045699628960397,0.014725627124504953,0.014490411156188123
2025-11-07,-0.008750006000000001,0.0027854488277227717,0.0027902428836633665,0.0035833630633663426,0.008512864392326732,0.008485660805445543,0.01495406167524753,0.015298482992079213,0.015045811628960393,0.014725627124504953,0.014490411156188123
2025-11-10,-0.008750002,0.0027858558277227725,0.0027902428836633665,0.0035844790633663415,0.008511574392326731,0.008485660805445543,0.014959705675247528,0.015301246992079208,0.015046144628960399,0.014720691124504949,0.014488077156188123
2025-11-11,-0.008750002,0.0027858558277227725,0.002789836883663365,0.0035844790633663415,0.008512864392326732,0.008485660805445543,0.014959705675247528,0.015301246992079208,0.015041208628960395,0.014723159124504955,0.014490411156188123
2025-11-12,-0.008750002,0.0027858558277227725,0.0027902428836633665,0.0035844790633663415,0.008512864392326732,0.008485660805445543,0.014959705675247528,0.015301246992079208,0.015043843628960395,0.014725627124504953,0.014490411156188123
2025-11-13,-0.008750002,0.0027850418277227743,0.0027902428836633665,0.0035844790633663415,0.008512864392326732,0.008485660805445543,0.014959705675247528,0.01529571899207921,0.015046478628960396,0.014725627124504953,0.014490411156188123
2025-11-14,-0.008750006000000001,0.0027854488277227717,0.0027902428836633665,0.00357945906336634,0.008512864392326732,0.008485660805445543,0.01495406167524753,0.015298482992079213,0.015046589628960393,0.014725627124504953,0.014490411156188123
2025-11-17,-0.008750002,0.0027858558277227725,0.0027894308836633637,0.0035811320633663407,0.008511574392326731,0.008485660805445543,0.014959705675247528,0.015301246992079208,0.015046923628960398,0.014720691124504949,0.014488077156188123
2025-11-18,-0.008750002,0.0027858558277227725,0.002789836883663365,0.003581690063366342,0.008512864392326732,0.008485660805445543,0.014959705675247528,0.015301246992079208,0.015041985628960395,0.014723159124504955,0.014490411156188123
2025-11-19,-0.008750002,0.0027858558277227725,0.0027902428836633665,0.003582248063366343,0.008512864392326732,0.008485660805445543,0.014959705675247528,0.015301246992079208,0.015044620628960396,0.014725627124504953,0.014490411156188123
2025-11-20,-0.008750002,0.0027850418277227743,0.0027902428836633665,0.0035828050633663414,0.008512864392326732,0.008485660805445543,0.014959705675247528,0.01529571899207921,0.015047257628960396,0.014725627124504953,0.014490411156188123
2025-11-21,-0.008750006000000001,0.0027854488277227717,0.0027902428836633665,0.0035833630633663426,0.008512864392326732,0.008485660805445543,0.01495406167524753,0.015298482992079213,0.015047368628960393,0.014725627124504953,0.014490411156188123
2025-11-24,-0.008750002,0.0027858558277227725,0.0027894308836633637,0.0035844790633663415,0.008511574392326731,0.008485660805445543,0.014911939675247524,0.015301246992079208,0.015047702628960397,0.014720691124504949,0.014488077156188123
2025-11-25,-0.008750002,0.0027858558277227725,0.002789836883663365,0.0035844790633663415,0.008512864392326732,0.008485660805445543,0.014911939675247524,0.015301246992079208,0.015042762628960395,0.014723159124504955,0.014490411156188123
2025-11-26,-0.008750002,0.0027858558277227725,0.0027902428836633665,0.0035844790633663415,0.008512864392326732,0.008485660805445543,0.014911939675247524,0.015301246992079208,0.015045398628960396,0.014725627124504953,0.014490411156188123
2025-11-27,-0.008750002,0.0027850418277227743,0.0027902428836633665,0.0035844790633663415,0.008512864392326732,0.008485660805445543,0.014911939675247524,0.01529571899207921,0.015048035628960395,0.014725627124504953,0.014490411156188123
2025-11-28,-0.008750006000000001,0.0027854488277227717,0.0027902428836633665,0.0035833630633663426,0.008512864392326732,0.008485660805445543,0.014906307675247525,0.015298482992079213,0.015048147628960392,0.014725627124504953,0.014490411156188123
2025-12-01,-0.008750002,0.0027838218277227746,0.0027894308836633637,0.0035850370633663427,0.008511574392326731,0.008481830805445543,0.014911939675247524,0.015301246992079208,0.015048480628960397,0.014720691124504949,0.014488077156188123
2025-12-02,-0.008750002,0.002784228827722772,0.002789836883663365,0.0035855950633663404,0.008511574392326731,0.008483106805445544,0.014911939675247524,0.015301246992079208,0.015043539628960396,0.014723159124504955,0.014490411156188123
2025-12-03,-0.008750002,0.002784635827722773,0.002789836883663365,0.0035855950633663404,0.008511574392326731,0.008484383805445542,0.014911939675247524,0.015301246992079208,0.015046176628960396,0.014725627124504953,0.014490411156188123
2025-12-04,-0.008750002,0.0027850418277227743,0.002789836883663365,0.0035855950633663404,0.008511574392326731,0.008484383805445542,0.014911939675247524,0.01529571899207921,0.015048814628960395,0.014725627124504953,0.014490411156188123
2025-12-05,-0.008750006000000001,0.0027854488277227717,0.002789836883663365,0.0035855950633663404,0.008511574392326731,0.008481830805445543,0.014906307675247525,0.015298482992079213,0.015048925628960392,0.014725627124504953,0.014490411156188123
2025-12-08,-0.008750002,0.0027854488277227717,0.0027894308836633637,0.0035850370633663427,0.008511574392326731,0.008484383805445542,0.014911939675247524,0.015301246992079208,0.015049259628960397,0.014720691124504949,0.014488077156188123
2025-12-09,-0.008750002,0.0027854488277227717,0.002789836883663365,0.0035855950633663404,0.008511574392326731,0.008484383805445542,0.014911939675247524,0.015301246992079208,0.015044316628960396,0.014723159124504955,0.014490411156188123
2025-12-10,-0.008750002,0.0027854488277227717,0.002789836883663365,0.0035855950633663404,0.008511574392326731,0.008484383805445542,0.014911939675247524,0.015301246992079208,0.015046954628960395,0.014725627124504953,0.014490411156188123
2025-12-11,-0.008750002,0.0027850418277227743,0.002789836883663365,0.0035855950633663404,0.008511574392326731,0.008484383805445542,0.014911939675247524,0.01529571899207921,0.015049593628960394,0.014725627124504953,0.014490411156188123
2025-12-12,-0.008750006000000001,0.0027854488277227717,0.002789836883663365,0.0035855950633663404,0.008511574392326731,0.008481830805445543,0.014906307675247525,0.015298482992079213,0.015049704628960398,0.014725627124504953,0.014490411156188123
2025-12-15,-0.008750002,0.0027854488277227717,0.0027865888836633643,0.0035850370633663427,0.008511574392326731,0.008484383805445542,0.014911939675247524,0.015301246992079208,0.015050038628960396,0.014720691124504949,0.014488077156188123
2025-12-16,-0.008750002,0.007278008827722771,0.007270467883663364,0.008060767063366343,0.013183822392326731,0.013118289805445545,0.019914927675247523,0.02007075899207921,0.019681216628960396,0.019304888124504954,0.018888118156188124
2025-12-17,-0.008750002,0.007276715827722772,0.007271112883663364,0.008060767063366343,0.013183822392326731,0.013118289805445545,0.019914927675247523,0.02007075899207921,0.0196844146289604,0.019307884124504952,0.018888118156188124
2025-12-18,-0.008750002,0.007277361827722772,0.0072717568836633655,0.008060767063366343,0.013183822392326731,0.013118289805445545,0.019914927675247523,0.020064034992079212,0.019687612628960394,0.019307884124504952,0.018888118156188124
2025-12-19,-0.008750006000000001,0.007278008827722771,0.007272401883663366,0.008060767063366343,0.013183822392326731,0.01311491080544554,0.019908006675247523,0.020067395992079212,0.019687735628960392,0.019307884124504952,0.018888118156188124
2025-12-22,-0.008750002,0.007278008827722771,0.0072743358836633645,0.00805993506336634,0.013183822392326731,0.013118289805445545,0.019914927675247523,0.02007075899207921,0.019688104628960392,0.01930189312450495,0.018885299156188123
2025-12-23,-0.008750002,0.007278008827722771,0.007274980883663365,0.008060767063366343,0.013183822392326731,0.013118289805445545,0.019914927675247523,0.02007075899207921,0.019682074628960395,0.019304888124504954,0.018888118156188124
2025-12-24,-0.008750002,0.007276715827722772,0.007274980883663365,0.008060767063366343,0.013183822392326731,0.013118289805445545,0.019914927675247523,0.02007075899207921,0.019685273628960397,0.019307884124504952,0.018888118156188124
2025-12-25,-0.008750002,0.007277361827722772,0.007274980883663365,0.008060767063366343,0.013183822392326731,0.013118289805445545,0.019914927675247523,0.020064034992079212,0.019688472628960393,0.019307884124504952,0.018888118156188124
2025-12-26,-0.008750006000000001,0.007278008827722771,0.007274980883663365,0.008060767063366343,0.013183822392326731,0.01311491080544554,0.019908006675247523,0.020067395992079212,0.019688595628960397,0.019307884124504952,0.018888118156188124
2025-12-29,-0.008750002,0.007278008827722771,0.0072743358836633645,0.00805993506336634,0.013183822392326731,0.013118289805445545,0.019914927675247523,0.02007075899207921,0.019688963628960398,0.01930189312450495,0.018885299156188123
2025-12-30,-0.008750002,0.007278008827722771,0.007274980883663365,0.008060767063366343,0.013183822392326731,0.013118289805445545,0.019914927675247523,0.02007075899207921,0.019682933628960394,0.019304888124504954,0.018888118156188124
2025-12-31,-0.008750011,0.007276715827722772,0.0072756258836633655,0.008060767063366343,0.013185532392326733,0.013119979805445544,0.019914927675247523,0.02007075899207921,0.019686132628960396,0.019307884124504952,0.018888118156188124
2026-01-05,-0.008750002,0.007278008827722771,0.0072769158836633666,0.00805993506336634,0.013183822392326731,0.013119979805445544,0.019914927675247523,0.02007151299207921,0.019689332628960398,0.01930189312450495,0.018885299156188123
2026-01-06,-0.008750002,0.007278008827722771,0.0072769158836633666,0.008060767063366343,0.013185532392326733,0.013119979805445544,0.019914927675247523,0.02007170099207921,0.019682933628960394,0.019304888124504954,0.018888118156188124
2026-01-07,-0.008750002,0.007276715827722772,0.0072756258836633655,0.008060767063366343,0.013185532392326733,0.013119979805445544,0.019914927675247523,0.020071889992079213,0.019686132628960396,0.019307884124504952,0.018888118156188124
2026-01-08,-0.008750002,0.007277361827722772,0.007276270883663366,0.008060767063366343,0.013185532392326733,0.013119979805445544,0.019914927675247523,0.02006572699207921,0.019689332628960398,0.019307884124504952,0.018888118156188124
2026-01-09,-0.008750002,0.007278008827722771,0.0072769158836633666,0.008060767063366343,0.013185532392326733,0.013119979805445544,0.019908006675247523,0.020069090992079208,0.019689332628960398,0.019307884124504952,0.018888118156188124
2026-01-10,-0.008750004,0.007278008827722771,0.0072769158836633666,0.008060767063366343,0.013185532392326733,0.013116600805445546,0.019911466675247527,0.020072454992079214,0.019689332628960398,0.019307884124504952,0.018888118156188124
2026-01-12,-0.008750002,0.007278008827722771,0.0072769158836633666,0.00805993506336634,0.013183822392326731,0.013119979805445544,0.019914927675247523,0.02007283299207921,0.019689332628960398,0.01930189312450495,0.018885299156188123
2026-01-13,-0.008750002,0.007278008827722771,0.0072769158836633666,0.008060767063366343,0.013185532392326733,0.013119979805445544,0.019914927675247523,0.020073020992079207,0.019682933628960394,0.019304888124504954,0.018888118156188124
2026-01-14,-0.008750002,0.0072721928277227725,0.0072756258836633655,0.008060767063366343,0.013185532392326733,0.013119979805445544,0.019914927675247523,0.020073209992079212,0.019686132628960396,0.019307884124504952,0.018888118156188124
2026-01-15,-0.008750002,0.007771665827722773,0.007774468883663364,0.008557704063366343,0.013676762392326736,0.01360686980544554,0.019914927675247523,0.02006704299207921,0.019689332628960398,0.019307884124504952,0.018888118156188124
2026-01-16,-0.008750006000000001,0.007772341827722774,0.007775143883663366,0.008557704063366343,0.013676762392326736,0.01360686980544554,0.019908006675247523,0.02007040899207921,0.019689332628960398,0.019307884124504952,0.018888118156188124
2026-01-19,-0.008750002,0.0077743708277227715,0.007775143883663366,0.00855683806336634,0.01367500539232673,0.01360686980544554,0.019914927675247523,0.02007415299207921,0.019689332628960398,0.01930189312450495,0.018885299156188123
2026-01-20,-0.008750002,0.007775046827722773,0.007775143883663366,0.008557704063366343,0.013676762392326736,0.01360686980544554,0.019914927675247523,0.020074340992079213,0.019682933628960394,0.019304888124504954,0.018888118156188124
2026-01-21,-0.008750002,0.0077757228277227745,0.007773793883663366,0.008557704063366343,0.013676762392326736,0.01360686980544554,0.019914927675247523,0.02007452999207921,0.019686132628960396,0.019307884124504952,0.018888118156188124
2026-01-22,-0.008750002,0.007776399827722772,0.007774468883663364,0.008557704063366343,0.013676762392326736,0.01360686980544554,0.019914927675247523,0.020068358992079212,0.019689332628960398,0.019307884124504952,0.018888118156188124
2026-01-23,-0.008750006000000001,0.007777075827722774,0.007775143883663366,0.008557704063366343,0.013676762392326736,0.01360686980544554,0.019908006675247523,0.02007172699207921,0.019689332628960398,0.019307884124504952,0.018888118156188124
2026-01-26,-0.008750002,0.007777075827722774,0.007775143883663366,0.008555972063366342,0.01367500539232673,0.01360686980544554,0.026546880675247526,0.028148151992079214,0.023125530628960392,0.01930189312450495,0.018885299156188123
2026-01-27,-0.008750002,0.007777075827722774,0.007775143883663366,0.00855683806336634,0.013676762392326736,0.01360686980544554,0.019914927675247523,0.020075660992079213,0.019682933628960394,0.019304888124504954,0.018888118156188124
2026-01-28,-0.008750002,0.0077757228277227745,0.007773793883663366,0.008557704063366343,0.013676762392326736,0.01360686980544554,0.019914927675247523,0.02007584999207921,0.019686132628960396,0.019307884124504952,0.018888118156188124
2026-01-29,-0.008750002,0.007776399827722772,0.007774468883663364,0.008557704063366343,0.013676762392326736,0.01360686980544554,0.019914927675247523,0.020069675992079213,0.019689332628960398,0.019307884124504952,0.018888118156188124
2026-01-30,-0.008750006000000001,0.007777075827722774,0.007775143883663366,0.008554240063366341,0.013676762392326736,0.01360686980544554,0.019908006675247523,0.02007304499207921,0.019689332628960398,0.019307884124504952,0.018888118156188124
2026-02-02,-0.008750002,0.007779105827722774,0.007775143883663366,0.00855683806336634,0.01367500539232673,0.01360686980544554,0.019914927675247523,0.020076792992079213,0.019689332628960398,0.01930189312450495,0.018885299156188123
2026-02-03,-0.008750002,0.007779105827722774,0.007775143883663366,0.008557704063366343,0.013676762392326736,0.01360686980544554,0.019914927675247523,0.02007698099207921,0.019682933628960394,0.019304888124504954,0.018888118156188124
2026-02-04,-0.008750002,0.007779105827722774,0.007773793883663366,0.008558570063366341,0.013676762392326736,0.01360686980544554,0.019914927675247523,0.02007716999207921,0.019686132628960396,0.019307884124504952,0.018888118156188124
2026-02-05,-0.008750002,0.007779105827722774,0.007774468883663364,0.008558570063366341,0.013676762392326736,0.01360686980544554,0.019914927675247523,0.020070991992079214,0.019689332628960398,0.019307884124504952,0.018888118156188124
2026-02-06,-0.008750006000000001,0.007779105827722774,0.007775143883663366,0.008558570063366341,0.013676762392326736,0.01360686980544554,0.019908006675247523,0.02007436399207921,0.019689332628960398,0.019307884124504952,0.018888118156188124
2026-02-09,-0.008750002,0.007779105827722774,0.007775143883663366,0.00855683806336634,0.01367500539232673,0.01360686980544554,0.019914927675247523,0.020078112992079213,0.019689332628960398,0.01930189312450495,0.018885299156188123
2026-02-10,-0.008750002,0.007779105827722774,0.007775143883663366,0.008557704063366343,0.013676762392326736,0.01360686980544554,0.019914927675247523,0.02007830099207921,0.019682933628960394,0.019304888124504954,0.018888118156188124
2026-02-11,-0.008750002,0.007779105827722774,0.007773793883663366,0.008558570063366341,0.013676762392326736,0.01360686980544554,0.019914927675247523,0.02007848999207921,0.019686132628960396,0.019307884124504952,0.018888118156188124
2026-02-12,-0.008750002,0.007779105827722774,0.007774468883663364,0.008558570063366341,0.013676762392326736,0.01360686980544554,0.019914927675247523,0.020072308992079207,0.019689332628960398,0.019307884124504952,0.018888118156188124
2026-02-13,-0.008750021,0.007779105827722774,0.007775143883663366,0.008558570063366341,0.013676762392326736,0.01360686980544554,0.019908006675247523,0.02007568199207921,0.019689332628960398,0.019307884124504952,0.018888118156188124
2026-02-23,-0.008750002,0.007779105827722774,0.007775143883663366,0.00855683806336634,0.01367500539232673,0.01360686980544554,0.019914927675247523,0.02008075299207921,0.019689332628960398,0.01930189312450495,0.018885299156188123
2026-02-24,-0.008750002,0.007779105827722774,0.007775143883663366,0.008557704063366343,0.013676762392326736,0.01360686980544554,0.019914927675247523,0.02008094199207921,0.019682933628960394,0.019304888124504954,0.018888118156188124
2026-02-25,-0.008750002,0.007779105827722774,0.007773118883663364,0.008558570063366341,0.013676762392326736,0.01360686980544554,0.019914927675247523,0.020081130992079213,0.019686132628960396,0.019307884124504952,0.018888118156188124
2026-02-26,-0.008750002,0.007779105827722774,0.007773793883663366,0.008558570063366341,0.013676762392326736,0.01360686980544554,0.019914927675247523,0.02007494199207921,0.019689332628960398,0.019307884124504952,0.018888118156188124
2026-02-27,-0.008750006000000001,0.007779105827722774,0.007774468883663364,0.008558570063366341,0.013676762392326736,0.01360686980544554,0.019908006675247523,0.020078318992079208,0.019689332628960398,0.019307884124504952,0.018888118156188124
2026-03-02,-0.008750002,0.007777075827722774,0.007772444883663365,0.008555972063366342,0.01366973339232673,0.013603396805445544,0.019914927675247523,0.02007888399207921,0.019689332628960398,0.01930189312450495,0.018885299156188123
2026-03-03,-0.008750002,0.007777075827722774,0.007773118883663364,0.008555972063366342,0.013671490392326735,0.013603396805445544,0.019914927675247523,0.020079071992079214,0.019682933628960394,0.019304888124504954,0.018888118156188124
2026-03-04,-0.008750002,0.0077757228277227745,0.007773793883663366,0.008555972063366342,0.013671490392326735,0.013603396805445544,0.019914927675247523,0.020072879992079212,0.019686132628960396,0.019307884124504952,0.018888118156188124
2026-03-05,-0.008750002,0.007776399827722772,0.007773793883663366,0.008555972063366342,0.013667976392326732,0.013599924805445546,0.019914927675247523,0.02007625799207921,0.019689332628960398,0.019307884124504952,0.018888118156188124
2026-03-06,-0.008750006000000001,0.007777075827722774,0.007773793883663366,0.008554240063366341,0.01366973339232673,0.013601660805445542,0.019908006675247523,0.02007963699207921,0.019689332628960398,0.019307884124504952,0.018888118156188124
2026-03-09,-0.008750002,0.007777075827722774,0.007772444883663365,0.008555972063366342,0.013671490392326735,0.013603396805445544,0.019914927675247523,0.02008020199207921,0.019689332628960398,0.01930189312450495,0.018885299156188123
2026-03-10,-0.008750002,0.007777075827722774,0.007773118883663364,0.008555972063366342,0.013671490392326735,0.013603396805445544,0.019914927675247523,0.020080390992079214,0.019682933628960394,0.019304888124504954,0.018888118156188124
2026-03-11,-0.008750002,0.0077757228277227745,0.007773793883663366,0.008555972063366342,0.013671490392326735,0.013603396805445544,0.019914927675247523,0.020074194992079214,0.019686132628960396,0.019307884124504952,0.018888118156188124
2026-03-12,-0.008750002,0.007776399827722772,0.007773793883663366,0.008555972063366342,0.013667976392326732,0.013599924805445546,0.019914927675247523,0.02007757499207921,0.019689332628960398,0.019307884124504952,0.018888118156188124
2026-03-13,-0.008750006000000001,0.007777075827722774,0.007773793883663366,0.008554240063366341,0.01366973339232673,0.013601660805445542,0.019908006675247523,0.020080955992079208,0.019689332628960398,0.019307884124504952,0.018888118156188124
2026-03-16,-0.008750002,0.007777075827722774,0.007772444883663365,0.008555972063366342,0.013671490392326735,0.013603396805445544,0.019914927675247523,0.02008152099207921,0.019689332628960398,0.01930189312450495,0.018885299156188123
2026-03-17,-0.008750002,0.007777075827722774,0.007773118883663364,0.008555972063366342,0.013671490392326735,0.013603396805445544,0.019914927675247523,0.020081708992079214,0.019682933628960394,0.019304888124504954,0.018888118156188124
2026-03-18,-0.008750002,0.0077757228277227745,0.007773793883663366,0.008555972063366342,0.013671490392326735,0.013603396805445544,0.019914927675247523,0.02007550999207921,0.019686132628960396,0.019307884124504952,0.018888118156188124
2026-03-19,-0.008750002,0.007776399827722772,0.007773793883663366,0.008555972063366342,0.013667976392326732,0.013599924805445546,0.019914927675247523,0.020078891992079212,0.019689332628960398,0.019307884124504952,0.018888118156188124
2026-03-20,-0.008750006000000001,0.007777075827722774,0.007773793883663366,0.008554240063366341,0.01366973339232673,0.013601660805445542,0.019908006675247523,0.020082273992079208,0.019689332628960398,0.019307884124504952,0.018888118156188124
2026-03-23,-0.008750002,0.007777075827722774,0.007772444883663365,0.008555972063366342,0.013671490392326735,0.013603396805445544,0.024893010675247525,0.025479484992079214,0.023125530628960392,0.01930189312450495,0.018885299156188123
2026-03-24,-0.008750002,0.007777075827722774,0.007773118883663364,0.008555972063366342,0.013671490392326735,0.013603396805445544,0.024893010675247525,0.025479693992079208,0.023118236628960395,0.019304888124504954,0.018888118156188124
2026-03-25,-0.008750002,0.007775046827722773,0.007773793883663366,0.008555972063366342,0.013671490392326735,0.013603396805445544,0.026546880675247526,0.028147916992079212,0.023121883628960397,0.019307884124504952,0.018888118156188124
2026-03-26,-0.008750002,0.0077757228277227745,0.007773793883663366,0.008555972063366342,0.013667976392326732,0.013599924805445546,0.026546880675247526,0.02815244399207921,0.023125530628960392,0.019307884124504952,0.018888118156188124
2026-03-27,-0.008750006000000001,0.007776399827722772,0.007773793883663366,0.008554240063366341,0.01366973339232673,0.013601660805445542,0.026538048675247526,0.028156972992079213,0.023125530628960392,0.019307884124504952,0.018888118156188124
2026-03-30,-0.008750002,0.0077743708277227715,0.007772444883663365,0.008555972063366342,0.013671490392326735,0.013603396805445544,0.026546880675247526,0.028157627992079208,0.023125530628960392,0.01930189312450495,0.018885299156188123
2026-03-31,-0.008750002,0.007775046827722773,0.007773118883663364,0.00855683806336634,0.013673247392326733,0.013603396805445544,0.026546880675247526,0.02815784699207921,0.023118236628960395,0.019304888124504954,0.018888118156188124
