Date,ON,1M,2M,3M,6M,9M,1Y,2Y,3Y,4Y,5Y
8/28/2026,0.001249987,0.022229003,0.022208734,0.025168257,0.035921008,0.035767282,0.057316235,0.058442374,0.052615761,0.048065001,0.047011621
8/27/2026,0.001249998,0.022228327,0.022208734,0.025169989,0.035919251,0.035767282,0.057325067,0.058437873,0.052615761,0.048065001,0.047011621
8/26/2026,0.001249998,0.02222765,0.022208734,0.025169989,0.035922765,0.035767282,0.057325067,0.058433373,0.052612161,0.048065001,0.047011621
8/25/2026,0.001249998,0.022229003,0.022208059,0.025169989,0.035922765,0.035767282,0.057325067,0.058442374,0.052608562,0.04806203,0.047011621
8/24/2026,0.001249998,0.022229003,0.022207385,0.025169989,0.035922765,0.035767282,0.057325067,0.058442374,0.052615761,0.048059059,0.047008817
8/22/2026,0.001249996,0.022229003,0.022208734,0.025169123,0.035922765,0.035763809,0.05732065,0.058442374,0.052615761,0.048065001,0.047011621
8/21/2026,0.001249998,0.022229003,0.022208734,0.025168257,0.035921008,0.035767282,0.057316235,0.058442374,0.052615761,0.048065001,0.047011621
8/20/2026,0.001249998,0.022228327,0.022208734,0.025169989,0.035919251,0.035767282,0.057325067,0.058437873,0.052615761,0.048065001,0.047011621
8/19/2026,0.001249998,0.02222765,0.022208734,0.025169989,0.035922765,0.035767282,0.057325067,0.058433373,0.052612161,0.048065001,0.047011621
8/18/2026,0.001249998,0.022229003,0.022208059,0.025169989,0.035922765,0.035767282,0.057325067,0.058442374,0.052608562,0.04806203,0.047011621
8/17/2026,0.001249998,0.022229003,0.022207385,0.025169989,0.035922765,0.035767282,0.057325067,0.058442374,0.052615761,0.048059059,0.047008817
8/14/2026,0.001249994,0.022229003,0.022208734,0.025168257,0.035921008,0.035767282,0.057316235,0.058442374,0.052615761,0.048065001,0.047011621
8/13/2026,0.001249998,0.022228327,0.022208734,0.025169989,0.035919251,0.035767282,0.057325067,0.058437873,0.052615761,0.048065001,0.047011621
8/12/2026,0.001249998,0.02222765,0.022208734,0.025169989,0.035922765,0.035767282,0.057325067,0.058433373,0.052612161,0.048065001,0.047011621
8/11/2026,0.001249998,0.022229003,0.022208059,0.025169989,0.035922765,0.035767282,0.057325067,0.058442374,0.052608562,0.04806203,0.047011621
8/10/2026,0.001249998,0.022229003,0.022207385,0.025169989,0.035922765,0.035767282,0.057325067,0.058442374,0.052615761,0.048059059,0.047008817
8/7/2026,0.001249994,0.022229003,0.022208734,0.025168257,0.035921008,0.035767282,0.057316235,0.058442374,0.052615761,0.048065001,0.047011621
8/6/2026,0.001249998,0.022228327,0.022208734,0.025169989,0.035919251,0.035767282,0.057325067,0.058437873,0.052615761,0.048065001,0.047011621
8/5/2026,0.001249998,0.02222765,0.022208734,0.025169989,0.035922765,0.035767282,0.057325067,0.058433373,0.052612161,0.048065001,0.047011621
8/4/2026,0.001249998,0.022229003,0.022208059,0.025169989,0.035922765,0.035767282,0.057325067,0.058442374,0.052608562,0.04806203,0.047011621
8/3/2026,0.001249998,0.022229003,0.022207385,0.025169989,0.035922765,0.035767282,0.057325067,0.058442374,0.052615761,0.048059059,0.047008817
7/31/2026,0.001249994,0.022226974,0.022208734,0.025168257,0.035921008,0.035762073,0.057316235,0.058442374,0.052615761,0.048065001,0.047011621
7/30/2026,0.001249998,0.022226298,0.022208059,0.025169989,0.035919251,0.035760337,0.057325067,0.058437873,0.052615761,0.048065001,0.047011621
7/29/2026,0.001249998,0.022225622,0.022208059,0.025169989,0.035922765,0.035765546,0.057325067,0.058433373,0.052612161,0.048065001,0.047011621
7/28/2026,0.001249998,0.022229003,0.022208059,0.025169989,0.035922765,0.035765546,0.057325067,0.058442374,0.052608562,0.04806203,0.047011621
7/27/2026,0.001249998,0.022229003,0.022207385,0.025169989,0.035922765,0.035765546,0.057325067,0.058442374,0.052615761,0.048059059,0.047008817
7/24/2026,0.001249994,0.022229003,0.022208059,0.025168257,0.035921008,0.035762073,0.057316235,0.058442374,0.052615761,0.048065001,0.047011621
7/23/2026,0.001249998,0.022228327,0.022208059,0.025169989,0.035919251,0.035765546,0.057325067,0.058437873,0.052615761,0.048065001,0.047011621
7/22/2026,0.001249998,0.022229003,0.022208059,0.025169989,0.035922765,0.035765546,0.057325067,0.058433373,0.052612161,0.048065001,0.047011621
7/21/2026,0.001249998,0.022229003,0.022208059,0.025169989,0.035922765,0.035765546,0.057325067,0.058442374,0.052608562,0.04806203,0.047011621
7/20/2026,0.001249998,0.022229003,0.022207385,0.025169989,0.035922765,0.035765546,0.057325067,0.058442374,0.052615761,0.048059059,0.047008817
7/17/2026,0.001249994,0.022229003,0.022208059,0.025168257,0.035921008,0.035762073,0.057316235,0.058442374,0.052615761,0.048065001,0.047011621
7/16/2026,0.001249998,0.022228327,0.022208059,0.025169989,0.035919251,0.035765546,0.057325067,0.058437873,0.052615761,0.048065001,0.047011621
7/15/2026,0.001249998,0.02222765,0.022208059,0.025169989,0.035922765,0.035765546,0.057325067,0.058433373,0.052612161,0.048065001,0.047011621
7/14/2026,0.001249998,0.022229003,0.022208059,0.025169989,0.035922765,0.035765546,0.057325067,0.058442374,0.052608562,0.04806203,0.047011621
7/13/2026,0.001249998,0.022229003,0.022207385,0.025169989,0.035922765,0.035765546,0.057325067,0.058442374,0.052615761,0.048059059,0.047008817
7/10/2026,0.001249994,0.022229003,0.022208059,0.025168257,0.035921008,0.035762073,0.057316235,0.058442374,0.052615761,0.048065001,0.047011621
7/9/2026,0.001249998,0.022228327,0.022208059,0.025169989,0.035919251,0.035765546,0.057325067,0.058437873,0.052615761,0.048065001,0.047011621
7/8/2026,0.001249998,0.02222765,0.022208059,0.025169989,0.035922765,0.035765546,0.057325067,0.058433373,0.052612161,0.048065001,0.047011621
7/7/2026,0.001249998,0.022229003,0.022208059,0.025169989,0.035922765,0.035765546,0.057325067,0.058442374,0.052608562,0.04806203,0.047011621
7/6/2026,0.001249998,0.022229003,0.022207385,0.025169989,0.035922765,0.035765546,0.057325067,0.058442374,0.052615761,0.048059059,0.047008817
7/3/2026,0.001249994,0.022229003,0.022208059,0.025168257,0.035921008,0.035762073,0.057316235,0.058442374,0.052615761,0.048065001,0.047011621
7/2/2026,0.001249998,0.022228327,0.022207385,0.025169989,0.035919251,0.035765546,0.057325067,0.058437873,0.052615761,0.048065001,0.047011621
7/1/2026,0.001249998,0.02222765,0.02220671,0.025169989,0.035922765,0.035765546,0.057325067,0.058433373,0.052612161,0.048065001,0.047011621
6/30/2026,0.001249998,0.02222968,0.022206035,0.025169989,0.035924522,0.035767282,0.057325067,0.058442374,0.052608562,0.04806203,0.047011621
6/29/2026,0.001249998,0.02222968,0.022205361,0.025169989,0.035924522,0.035767282,0.057325067,0.058442374,0.052615761,0.048059059,0.047008817
6/26/2026,0.001249994,0.022229003,0.022208734,0.025168257,0.035921008,0.035767282,0.057316235,0.058442374,0.052615761,0.048065001,0.047011621
6/25/2026,0.001249998,0.022228327,0.022208734,0.025169989,0.035924522,0.035767282,0.057325067,0.058437873,0.052615761,0.048065001,0.047011621
6/24/2026,0.001249998,0.02222968,0.022208734,0.025169989,0.035924522,0.035767282,0.057325067,0.058433373,0.052612161,0.048065001,0.047011621
6/23/2026,0.001249998,0.02222968,0.022208059,0.025169989,0.035924522,0.035767282,0.057325067,0.058442374,0.052608562,0.04806203,0.047011621
6/22/2026,0.001249998,0.02222968,0.022208734,0.025169989,0.035924522,0.035767282,0.057325067,0.058442374,0.052615761,0.048059059,0.047008817
6/19/2026,0.001249994,0.022229003,0.022208734,0.025168257,0.035921008,0.035767282,0.057316235,0.058442374,0.052615761,0.048065001,0.047011621
6/18/2026,0.001249998,0.022228327,0.022208734,0.025169989,0.035924522,0.035767282,0.057325067,0.058437873,0.052615761,0.048065001,0.047011621
6/17/2026,0.001249998,0.02222968,0.022208734,0.025169989,0.035924522,0.035767282,0.057325067,0.058433373,0.052612161,0.048065001,0.047011621
6/16/2026,0.001249998,0.02222968,0.022208059,0.025169989,0.035924522,0.035767282,0.057325067,0.058442374,0.052608562,0.04806203,0.047011621
6/15/2026,0.001249998,0.02222968,0.022207385,0.025169989,0.035924522,0.035767282,0.057325067,0.058442374,0.052615761,0.048059059,0.047008817
6/12/2026,0.001249994,0.022229003,0.022208734,0.025168257,0.035921008,0.035767282,0.057316235,0.058442374,0.052615761,0.048065001,0.047011621
6/11/2026,0.001249998,0.022228327,0.022208734,0.025169989,0.035924522,0.035767282,0.057325067,0.058437873,0.052615761,0.048065001,0.047011621
6/10/2026,0.001249998,0.02222968,0.022208734,0.025169989,0.035924522,0.035767282,0.057325067,0.058433373,0.052612161,0.048065001,0.047011621
6/9/2026,0.001249998,0.02222968,0.022208059,0.025169989,0.035924522,0.035767282,0.057325067,0.058442374,0.052608562,0.04806203,0.047011621
6/8/2026,0.001249998,0.02222968,0.022207385,0.025169989,0.035924522,0.035767282,0.057325067,0.058442374,0.052615761,0.048059059,0.047008817
6/5/2026,0.001249994,0.022229003,0.022208734,0.025168257,0.035921008,0.035767282,0.057316235,0.058442374,0.052615761,0.048065001,0.047011621
6/4/2026,0.001249998,0.022228327,0.022208734,0.025169989,0.035924522,0.035767282,0.057325067,0.058437873,0.052615761,0.048065001,0.047011621
6/3/2026,0.001249998,0.02222968,0.022208734,0.025169989,0.035924522,0.035767282,0.057325067,0.058433373,0.052612161,0.048065001,0.047011621
6/2/2026,0.001249998,0.02222968,0.022208059,0.025169123,0.035924522,0.035767282,0.057325067,0.058442374,0.052608562,0.04806203,0.047011621
6/1/2026,0.001249998,0.02222968,0.022207385,0.025168257,0.035924522,0.035767282,0.057325067,0.058442374,0.052615761,0.048059059,0.047008817
5/29/2026,0.001249994,0.022229003,0.022208734,0.02516566,0.035921008,0.035762073,0.057316235,0.058442374,0.052615761,0.048065001,0.047011621
5/28/2026,0.001249998,0.022228327,0.022208734,0.025169989,0.035919251,0.035760337,0.057325067,0.058437873,0.052615761,0.048065001,0.047011621
5/27/2026,0.001249998,0.02222765,0.022208734,0.025169989,0.035922765,0.035758601,0.057325067,0.058433373,0.052612161,0.048065001,0.047011621
5/26/2026,0.001249998,0.022229003,0.022208059,0.025169989,0.035922765,0.035762073,0.057325067,0.058442374,0.052608562,0.04806203,0.047011621
5/25/2026,0.001249998,0.022229003,0.022207385,0.025169989,0.035922765,0.035762073,0.057325067,0.058442374,0.052615761,0.048059059,0.047008817
5/22/2026,0.001249994,0.022229003,0.022208734,0.025169989,0.035921008,0.035762073,0.057316235,0.058442374,0.052615761,0.048065001,0.047011621
5/21/2026,0.001249998,0.022228327,0.022208734,0.025169989,0.035919251,0.035760337,0.057325067,0.058437873,0.052615761,0.048065001,0.047011621
5/20/2026,0.001249998,0.02222765,0.022208734,0.025169989,0.035922765,0.035758601,0.057325067,0.058433373,0.052612161,0.048065001,0.047011621
5/19/2026,0.001249998,0.022229003,0.022208059,0.025169989,0.035922765,0.035762073,0.057325067,0.058442374,0.052608562,0.04806203,0.047011621
5/18/2026,0.001249998,0.022229003,0.022207385,0.025169989,0.035922765,0.035762073,0.057325067,0.058442374,0.052615761,0.048059059,0.047008817
5/15/2026,0.001249994,0.022229003,0.022208734,0.025168257,0.035921008,0.035762073,0.057316235,0.058442374,0.052615761,0.048065001,0.047011621
5/14/2026,0.001249998,0.022228327,0.022208734,0.025169989,0.035919251,0.035760337,0.057325067,0.058437873,0.052615761,0.048065001,0.047011621
5/13/2026,0.001249998,0.02222765,0.022208734,0.025169989,0.035922765,0.035758601,0.057325067,0.058433373,0.052612161,0.048065001,0.047011621
5/12/2026,0.001249998,0.022229003,0.022208059,0.025169989,0.035922765,0.035762073,0.057325067,0.058442374,0.052608562,0.04806203,0.047011621
5/11/2026,0.001249998,0.022229003,0.022207385,0.025169989,0.035922765,0.035762073,0.057325067,0.058442374,0.052615761,0.048059059,0.047008817
5/8/2026,0.001249994,0.022229003,0.022208734,0.025168257,0.035921008,0.035762073,0.057316235,0.058442374,0.052615761,0.048065001,0.047011621
5/7/2026,0.001249998,0.022228327,0.022208734,0.025169989,0.035919251,0.035760337,0.057325067,0.058437873,0.052615761,0.048065001,0.047011621
5/6/2026,0.001249998,0.02222765,0.022208734,0.025169989,0.035922765,0.035758601,0.057325067,0.058433373,0.052612161,0.048065001,0.047011621
5/5/2026,0.001249998,0.022229003,0.022208059,0.025169989,0.035922765,0.035762073,0.057325067,0.058442374,0.052608562,0.04806203,0.047011621
5/4/2026,0.001249998,0.022229003,0.022207385,0.025169989,0.035922765,0.035762073,0.057325067,0.058442374,0.052615761,0.048059059,0.047008817
4/29/2026,0.001249989,0.02222968,0.022208734,0.025170855,0.035924522,0.035763809,0.057325067,0.058433373,0.052612161,0.048065001,0.047011621
4/28/2026,0.001249998,0.02222968,0.022208059,0.025170855,0.035924522,0.035763809,0.057325067,0.058442374,0.052608562,0.04806203,0.047011621
4/24/2026,0.001249991,0.022229003,0.022208734,0.025170855,0.035921008,0.035762073,0.057316235,0.058442374,0.052615761,0.048065001,0.047011621
4/23/2026,0.001249998,0.022228327,0.022208734,0.025170855,0.035924522,0.035760337,0.057325067,0.058437873,0.052615761,0.048065001,0.047011621
4/22/2026,0.001249998,0.02222968,0.022208734,0.025170855,0.035924522,0.035763809,0.057325067,0.058433373,0.052612161,0.048065001,0.047011621
4/21/2026,0.001249998,0.02222968,0.022208059,0.025170855,0.035924522,0.035763809,0.057325067,0.058442374,0.052608562,0.04806203,0.047011621
4/20/2026,0.001249998,0.02222968,0.022207385,0.025170855,0.035924522,0.035763809,0.057325067,0.058442374,0.052615761,0.048059059,0.047008817
4/17/2026,0.001249994,0.022229003,0.022208734,0.025170855,0.035921008,0.035762073,0.057316235,0.058442374,0.052615761,0.048065001,0.047011621
4/16/2026,0.001249998,0.022228327,0.022208734,0.025170855,0.035924522,0.035760337,0.057325067,0.058437873,0.052615761,0.048065001,0.047011621
4/15/2026,0.001249998,0.02222968,0.022208734,0.025170855,0.035924522,0.035763809,0.057325067,0.058433373,0.052612161,0.048065001,0.047011621
4/14/2026,0.001249998,0.02222968,0.022208059,0.025170855,0.035924522,0.035763809,0.057325067,0.058442374,0.052608562,0.04806203,0.047011621
4/13/2026,0.001249998,0.02222968,0.022207385,0.025170855,0.035924522,0.035763809,0.057325067,0.058442374,0.052615761,0.048059059,0.047008817
4/10/2026,0.001249994,0.022229003,0.022208734,0.025170855,0.035921008,0.035762073,0.057316235,0.058442374,0.052615761,0.048065001,0.047011621
4/9/2026,0.001249998,0.022228327,0.022208734,0.025170855,0.035924522,0.035760337,0.057325067,0.058437873,0.052615761,0.048065001,0.047011621
4/8/2026,0.001249998,0.02222968,0.022208734,0.025170855,0.035924522,0.035763809,0.057325067,0.058433373,0.052612161,0.048065001,0.047011621
4/7/2026,0.001249998,0.02222968,0.022208059,0.025170855,0.035924522,0.035763809,0.057325067,0.058442374,0.052608562,0.04806203,0.047011621
4/6/2026,0.001249998,0.02222968,0.022207385,0.025170855,0.035924522,0.035763809,0.057325067,0.058442374,0.052615761,0.048059059,0.047008817
4/3/2026,0.001249994,0.022229003,0.022208734,0.025170855,0.035921008,0.035762073,0.057316235,0.058442374,0.052615761,0.048065001,0.047011621
4/2/2026,0.001249998,0.022228327,0.022208734,0.025170855,0.035924522,0.035760337,0.057325067,0.058437873,0.052615761,0.048065001,0.047011621
4/1/2026,0.001249998,0.02222765,0.022208734,0.025170855,0.035924522,0.035763809,0.057325067,0.058433373,0.052612161,0.048065001,0.047011621
3/31/2026,0.001249998,0.022226974,0.022208059,0.025170855,0.035924522,0.035763809,0.057325067,0.058442374,0.052608562,0.04806203,0.047011621
3/30/2026,0.001249998,0.022226298,0.022207385,0.025169989,0.035922765,0.035763809,0.057325067,0.058442374,0.052615761,0.048059059,0.047008817
3/27/2026,0.001249994,0.022228327,0.022208734,0.025168257,0.035921008,0.035762073,0.057316235,0.058442374,0.052615761,0.048065001,0.047011621
3/26/2026,0.001249998,0.02222765,0.022208734,0.025169989,0.035919251,0.035760337,0.057325067,0.058437873,0.052615761,0.048065001,0.047011621
3/25/2026,0.001249998,0.022226974,0.022208734,0.025169989,0.035922765,0.035763809,0.057325067,0.058433373,0.052612161,0.048065001,0.047011621
3/24/2026,0.001249998,0.022229003,0.022208059,0.025169989,0.035922765,0.035763809,0.055671197,0.055766581,0.052608562,0.04806203,0.047011621
3/23/2026,0.001249998,0.022229003,0.022207385,0.025169989,0.035922765,0.035763809,0.055671197,0.055766581,0.052615761,0.048059059,0.047008817
3/20/2026,0.001249994,0.022229003,0.022208734,0.025168257,0.035921008,0.035762073,0.050686193,0.050371589,0.049182698,0.048065001,0.047011621
3/19/2026,0.001249998,0.022228327,0.022208734,0.025169989,0.035919251,0.035760337,0.050693114,0.050368228,0.049182698,0.048065001,0.047011621
3/18/2026,0.001249998,0.02222765,0.022208734,0.025169989,0.035922765,0.035763809,0.050693114,0.050364867,0.049179542,0.048065001,0.047011621
3/17/2026,0.001249998,0.022229003,0.022208059,0.025169989,0.035922765,0.035763809,0.050693114,0.050371589,0.049176387,0.04806203,0.047011621
3/16/2026,0.001249998,0.022229003,0.022207385,0.025169989,0.035922765,0.035763809,0.050693114,0.050371589,0.049182698,0.048059059,0.047008817
3/13/2026,0.001249994,0.022229003,0.022208734,0.025168257,0.035921008,0.035762073,0.050686193,0.050371589,0.049182698,0.048065001,0.047011621
3/12/2026,0.001249998,0.022228327,0.022208734,0.025169989,0.035919251,0.035760337,0.050693114,0.050368228,0.049182698,0.048065001,0.047011621
3/11/2026,0.001249998,0.02222765,0.022208734,0.025169989,0.035922765,0.035763809,0.050693114,0.050364867,0.049179542,0.048065001,0.047011621
3/10/2026,0.001249998,0.022229003,0.022208059,0.025169989,0.035922765,0.035763809,0.050693114,0.050371589,0.049176387,0.04806203,0.047011621
3/9/2026,0.001249998,0.022229003,0.022207385,0.025169989,0.035922765,0.035763809,0.050693114,0.050371589,0.049182698,0.048059059,0.047008817
3/6/2026,0.001249994,0.022229003,0.022208734,0.025168257,0.035921008,0.035762073,0.050686193,0.050371589,0.049182698,0.048065001,0.047011621
3/5/2026,0.001249998,0.022228327,0.022208734,0.025169989,0.035919251,0.035760337,0.050693114,0.050368228,0.049182698,0.048065001,0.047011621
3/4/2026,0.001249998,0.02222765,0.022208734,0.025169989,0.035922765,0.035763809,0.050693114,0.050364867,0.049179542,0.048065001,0.047011621
3/3/2026,0.001249998,0.022229003,0.022208059,0.025169989,0.035922765,0.035763809,0.050693114,0.050371589,0.049176387,0.04806203,0.047011621
3/2/2026,0.001249998,0.022229003,0.022207385,0.025169989,0.035921008,0.035763809,0.050693114,0.050371589,0.049182698,0.048059059,0.047008817
2/27/2026,0.001249994,0.022231033,0.022209409,0.025172587,0.035928037,0.035767282,0.050686193,0.050371589,0.049182698,0.048065001,0.047011621
2/26/2026,0.001249998,0.022231033,0.022208734,0.025172587,0.035928037,0.035767282,0.050693114,0.050368228,0.049182698,0.048065001,0.047011621
2/25/2026,0.001249998,0.022231033,0.022208059,0.025172587,0.035928037,0.035767282,0.050693114,0.050374952,0.049179542,0.048065001,0.047011621
2/24/2026,0.001249998,0.022231033,0.022210084,0.025171721,0.035928037,0.035767282,0.050693114,0.050374952,0.049176387,0.04806203,0.047011621
2/23/2026,0.001249998,0.022231033,0.022210084,0.025170855,0.03592628,0.035767282,0.050693114,0.050374952,0.049182698,0.048059059,0.047008817
2/13/2026,0.001249979,0.022231033,0.022210084,0.025172587,0.035928037,0.035767282,0.050686193,0.050371589,0.049182698,0.048065001,0.047011621
2/12/2026,0.001249998,0.022231033,0.022209409,0.025172587,0.035928037,0.035767282,0.050693114,0.050368228,0.049182698,0.048065001,0.047011621
2/11/2026,0.001249998,0.022231033,0.022208734,0.025172587,0.035928037,0.035767282,0.050693114,0.050374952,0.049179542,0.048065001,0.047011621
2/10/2026,0.001249998,0.022231033,0.022210084,0.025171721,0.035928037,0.035767282,0.050693114,0.050374952,0.049176387,0.04806203,0.047011621
2/9/2026,0.001249998,0.022231033,0.022210084,0.025170855,0.03592628,0.035767282,0.050693114,0.050374952,0.049182698,0.048059059,0.047008817
2/6/2026,0.001249994,0.022231033,0.022210084,0.025172587,0.035928037,0.035767282,0.050686193,0.050371589,0.049182698,0.048065001,0.047011621
2/5/2026,0.001249998,0.022231033,0.022209409,0.025172587,0.035928037,0.035767282,0.050693114,0.050368228,0.049182698,0.048065001,0.047011621
2/4/2026,0.001249998,0.022231033,0.022208734,0.025172587,0.035928037,0.035767282,0.050693114,0.050374952,0.049179542,0.048065001,0.047011621
2/3/2026,0.001249998,0.022231033,0.022210084,0.025171721,0.035928037,0.035767282,0.050693114,0.050374952,0.049176387,0.04806203,0.047011621
2/2/2026,0.001249998,0.022231033,0.022210084,0.025170855,0.03592628,0.035767282,0.050693114,0.050374952,0.049182698,0.048059059,0.047008817
1/30/2026,0.001249994,0.022229003,0.022210084,0.025168257,0.035928037,0.035767282,0.050686193,0.050371589,0.049182698,0.048065001,0.047011621
1/29/2026,0.001249998,0.022228327,0.022209409,0.025171721,0.035928037,0.035767282,0.050693114,0.050368228,0.049182698,0.048065001,0.047011621
1/28/2026,0.001249998,0.02222765,0.022208734,0.025171721,0.035928037,0.035767282,0.050693114,0.050374952,0.049179542,0.048065001,0.047011621
1/27/2026,0.001249998,0.022229003,0.022210084,0.025170855,0.035928037,0.035767282,0.050693114,0.050374952,0.049176387,0.04806203,0.047011621
1/26/2026,0.001249998,0.022229003,0.022210084,0.025169989,0.03592628,0.035767282,0.050693114,0.050374952,0.049182698,0.048059059,0.047008817
1/23/2026,0.001249994,0.022229003,0.022210084,0.025171721,0.035928037,0.035767282,0.050686193,0.050371589,0.049182698,0.048065001,0.047011621
1/22/2026,0.001249998,0.022228327,0.022209409,0.025171721,0.035928037,0.035767282,0.050693114,0.050368228,0.049182698,0.048065001,0.047011621
1/21/2026,0.001249998,0.02222765,0.022208734,0.025171721,0.035928037,0.035767282,0.050693114,0.050374952,0.049179542,0.048065001,0.047011621
1/20/2026,0.001249998,0.022226974,0.022210084,0.025171721,0.035928037,0.035767282,0.050693114,0.050374952,0.049176387,0.04806203,0.047011621
1/19/2026,0.001249998,0.022226298,0.022210084,0.025170855,0.03592628,0.035767282,0.050693114,0.050374952,0.049182698,0.048059059,0.047008817
1/16/2026,0.001249994,0.022224269,0.022210084,0.025171721,0.035928037,0.035767282,0.050686193,0.050371589,0.049182698,0.048065001,0.047011621
1/15/2026,0.001249998,0.022223593,0.022209409,0.025171721,0.035928037,0.035767282,0.050693114,0.050368228,0.049182698,0.048065001,0.047011621
1/14/2026,0.001249998,0.02172412,0.021710566,0.024674784,0.035436807,0.035280392,0.050693114,0.050374952,0.049179542,0.048065001,0.047011621
1/13/2026,0.001249998,0.021729936,0.021711856,0.024674784,0.035436807,0.035280392,0.050693114,0.050374952,0.049176387,0.04806203,0.047011621
1/12/2026,0.001249998,0.021729936,0.021711856,0.024673952,0.035435097,0.035280392,0.050693114,0.050374952,0.049182698,0.048059059,0.047008817
1/10/2026,0.001249996,0.021729936,0.021711856,0.024674784,0.035436807,0.035277013,0.050689653,0.050374952,0.049182698,0.048065001,0.047011621
1/9/2026,0.001249998,0.021729936,0.021711856,0.024674784,0.035436807,0.035280392,0.050686193,0.050371589,0.049182698,0.048065001,0.047011621
1/8/2026,0.001249998,0.021729289,0.021711211,0.024674784,0.035436807,0.035280392,0.050693114,0.050368228,0.049182698,0.048065001,0.047011621
1/7/2026,0.001249998,0.021728643,0.021710566,0.024674784,0.035436807,0.035280392,0.050693114,0.050374952,0.049179542,0.048065001,0.047011621
1/6/2026,0.001249998,0.021729936,0.021711856,0.024674784,0.035436807,0.035280392,0.050693114,0.050374952,0.049176387,0.04806203,0.047011621
1/5/2026,0.001249998,0.021729936,0.021711856,0.024673952,0.035435097,0.035280392,0.050693114,0.050374952,0.049182698,0.048059059,0.047008817
12/31/2025,0.001249989,0.021728643,0.021710566,0.024674784,0.035436807,0.035280392,0.050693114,0.050374952,0.049179542,0.048065001,0.047011621
12/30/2025,0.001249998,0.021729936,0.021709921,0.024674784,0.035435097,0.035278702,0.050693114,0.050374952,0.049176387,0.04806203,0.047011621
12/29/2025,0.001249998,0.021729936,0.021709276,0.024673952,0.035435097,0.035278702,0.050693114,0.050374952,0.049182698,0.048059059,0.047008817
12/26/2025,0.001249994,0.021729936,0.021709921,0.024674784,0.035435097,0.035275323,0.050686193,0.050371589,0.049182698,0.048065001,0.047011621
12/25/2025,0.001249998,0.021729289,0.021709921,0.024674784,0.035435097,0.035278702,0.050693114,0.050368228,0.049182698,0.048065001,0.047011621
12/24/2025,0.001249998,0.021728643,0.021709921,0.024674784,0.035435097,0.035278702,0.050693114,0.050374952,0.049179542,0.048065001,0.047011621
12/23/2025,0.001249998,0.021729936,0.021709921,0.024674784,0.035435097,0.035278702,0.050693114,0.050374952,0.049176387,0.04806203,0.047011621
12/22/2025,0.001249998,0.021729936,0.021709276,0.024673952,0.035435097,0.035278702,0.050693114,0.050374952,0.049182698,0.048059059,0.047008817
12/19/2025,0.001249994,0.021729936,0.021707342,0.024674784,0.035435097,0.035275323,0.050686193,0.050371589,0.049182698,0.048065001,0.047011621
12/18/2025,0.001249998,0.021729289,0.021706697,0.024674784,0.035435097,0.035278702,0.050693114,0.050368228,0.049182698,0.048065001,0.047011621
12/17/2025,0.001249998,0.021728643,0.021706053,0.024674784,0.035435097,0.035278702,0.050693114,0.050374952,0.049179542,0.048065001,0.047011621
12/16/2025,0.001249998,0.021729936,0.021705408,0.024674784,0.035435097,0.035278702,0.050693114,0.050374952,0.049176387,0.04806203,0.047011621
12/15/2025,0.001249998,0.017237376,0.017221529,0.020199054,0.030762849,0.030644796,0.045690126,0.04560544,0.044549527,0.043480988,0.042614003
12/12/2025,0.001249994,0.017237376,0.017224777,0.020199612,0.030762849,0.030642243,0.045684494,0.045602676,0.044549527,0.04348588,0.042616323
12/11/2025,0.001249998,0.017236969,0.017224777,0.020199612,0.030762849,0.030644796,0.045690126,0.045599912,0.044549527,0.04348588,0.042616323
12/10/2025,0.001249998,0.017237376,0.017224777,0.020199612,0.030762849,0.030644796,0.045690126,0.04560544,0.044546925,0.04348588,0.042616323
12/9/2025,0.001249998,0.017237376,0.017224777,0.020199612,0.030762849,0.030644796,0.045690126,0.04560544,0.044544325,0.043483434,0.042616323
12/8/2025,0.001249998,0.017237376,0.017224371,0.020199054,0.030762849,0.030644796,0.045690126,0.04560544,0.044549527,0.043480988,0.042614003
12/5/2025,0.001249994,0.017237376,0.017224777,0.020199612,0.030762849,0.030642243,0.045684494,0.045602676,0.044549527,0.04348588,0.042616323
12/4/2025,0.001249998,0.017236969,0.017224777,0.020199612,0.030762849,0.030644796,0.045690126,0.045599912,0.044549527,0.04348588,0.042616323
12/3/2025,0.001249998,0.017236563,0.017224777,0.020199612,0.030762849,0.030644796,0.045690126,0.04560544,0.044546925,0.04348588,0.042616323
12/2/2025,0.001249998,0.017236156,0.017224777,0.020199612,0.030762849,0.030643519,0.045690126,0.04560544,0.044544325,0.043483434,0.042616323
12/1/2025,0.001249998,0.017235749,0.017224371,0.020199054,0.030762849,0.030642243,0.045690126,0.04560544,0.044549527,0.043480988,0.042614003
11/28/2025,0.001249994,0.017237376,0.017225183,0.02019738,0.030764139,0.030646073,0.045684494,0.045602676,0.044549527,0.04348588,0.042616323
11/27/2025,0.001249998,0.017236969,0.017225183,0.020198496,0.030764139,0.030646073,0.045690126,0.045599912,0.044549527,0.04348588,0.042616323
11/26/2025,0.001249998,0.017237783,0.017225183,0.020198496,0.030764139,0.030646073,0.045690126,0.04560544,0.044546925,0.04348588,0.042616323
11/25/2025,0.001249998,0.017237783,0.017224777,0.020198496,0.030764139,0.030646073,0.045690126,0.04560544,0.044544325,0.043483434,0.042616323
11/24/2025,0.001249998,0.017237783,0.017224371,0.020198496,0.030762849,0.030646073,0.045690126,0.04560544,0.044549527,0.043480988,0.042614003
11/21/2025,0.001249994,0.017237376,0.017225183,0.02019738,0.030764139,0.030646073,0.045732248,0.045602676,0.044549527,0.04348588,0.042616323
11/20/2025,0.001249998,0.017236969,0.017225183,0.020196822,0.030764139,0.030646073,0.045737892,0.045599912,0.044549527,0.04348588,0.042616323
11/19/2025,0.001249998,0.017237783,0.017225183,0.020196265,0.030764139,0.030646073,0.045737892,0.04560544,0.044546925,0.04348588,0.042616323
11/18/2025,0.001249998,0.017237783,0.017224777,0.020195707,0.030764139,0.030646073,0.045737892,0.04560544,0.044544325,0.043483434,0.042616323
11/17/2025,0.001249998,0.017237783,0.017224371,0.020195149,0.030762849,0.030646073,0.045737892,0.04560544,0.044549527,0.043480988,0.042614003
11/14/2025,0.001249994,0.017237376,0.017225183,0.020193476,0.030764139,0.030646073,0.045732248,0.045602676,0.044549527,0.04348588,0.042616323
11/13/2025,0.001249998,0.017236969,0.017225183,0.020198496,0.030764139,0.030646073,0.045737892,0.045599912,0.044549527,0.04348588,0.042616323
11/12/2025,0.001249998,0.017237783,0.017225183,0.020198496,0.030764139,0.030646073,0.045737892,0.04560544,0.044546925,0.04348588,0.042616323
11/11/2025,0.001249998,0.017237783,0.017224777,0.020198496,0.030764139,0.030646073,0.045737892,0.04560544,0.044544325,0.043483434,0.042616323
11/10/2025,0.001249998,0.017237783,0.017225183,0.020198496,0.030762849,0.030646073,0.045737892,0.04560544,0.044549527,0.043480988,0.042614003
11/7/2025,0.001249994,0.017237376,0.017225183,0.02019738,0.030764139,0.030646073,0.045732248,0.045602676,0.044549527,0.04348588,0.042616323
11/6/2025,0.001249998,0.017236969,0.017225183,0.020198496,0.030764139,0.030646073,0.045737892,0.045599912,0.044549527,0.04348588,0.042616323
11/5/2025,0.001249998,0.017237783,0.017225183,0.020198496,0.030764139,0.030646073,0.045737892,0.04560544,0.044546925,0.04348588,0.042616323
11/4/2025,0.001249998,0.017237783,0.017224777,0.020198496,0.030764139,0.030646073,0.045737892,0.04560544,0.044544325,0.043483434,0.042616323
11/3/2025,0.001249998,0.017237783,0.017224371,0.020198496,0.030762849,0.030646073,0.045737892,0.04560544,0.044549527,0.043480988,0.042614003
10/31/2025,0.001249994,0.017237376,0.017225183,0.02019738,0.03075898,0.030646073,0.045732248,0.045602676,0.044549527,0.04348588,0.042616323
10/30/2025,0.001249998,0.017236969,0.017225183,0.020198496,0.030757691,0.030646073,0.045737892,0.045599912,0.044549527,0.04348588,0.042616323
10/29/2025,0.001249998,0.017236563,0.017225183,0.020198496,0.030762849,0.030646073,0.045737892,0.04560544,0.044546925,0.04348588,0.042616323
10/28/2025,0.001249998,0.017237376,0.017224777,0.020198496,0.030762849,0.030646073,0.045737892,0.04560544,0.044544325,0.043483434,0.042616323
10/27/2025,0.001249998,0.017237376,0.017224371,0.020198496,0.030761559,0.030646073,0.045737892,0.04560544,0.044549527,0.043480988,0.042614003
10/24/2025,0.001249994,0.017237376,0.017225183,0.02019738,0.030762849,0.030646073,0.045732248,0.045602676,0.044549527,0.04348588,0.042616323
10/23/2025,0.001249998,0.017236969,0.017225183,0.020198496,0.030762849,0.030646073,0.045737892,0.045599912,0.044549527,0.04348588,0.042616323
10/22/2025,0.001249998,0.017236563,0.017225183,0.020198496,0.030762849,0.030646073,0.045737892,0.04560544,0.044546925,0.04348588,0.042616323
10/21/2025,0.001249998,0.017237376,0.017224777,0.020198496,0.030762849,0.030646073,0.045737892,0.04560544,0.044544325,0.043483434,0.042616323
10/20/2025,0.001249998,0.017237376,0.017224371,0.020198496,0.030762849,0.030646073,0.045737892,0.04560544,0.044549527,0.043480988,0.042614003
10/17/2025,0.001249994,0.017237376,0.017225183,0.02019738,0.030762849,0.030646073,0.045732248,0.045602676,0.044549527,0.04348588,0.042616323
10/16/2025,0.001249998,0.017236969,0.017225183,0.020198496,0.030762849,0.030646073,0.045737892,0.045599912,0.044549527,0.04348588,0.042616323
10/15/2025,0.001249998,0.017236563,0.017225183,0.020198496,0.030762849,0.030646073,0.045737892,0.04560544,0.044546925,0.04348588,0.042616323
10/14/2025,0.001249998,0.017237376,0.017224777,0.020198496,0.030762849,0.030646073,0.045737892,0.04560544,0.044544325,0.043483434,0.042616323
10/13/2025,0.001249998,0.017237376,0.017224371,0.020198496,0.030762849,0.030646073,0.045737892,0.04560544,0.044549527,0.043480988,0.042614003
10/10/2025,0.001249994,0.017237376,0.017225183,0.020198496,0.030762849,0.030646073,0.045732248,0.045602676,0.044549527,0.04348588,0.042616323
10/9/2025,0.001249998,0.017236969,0.017225183,0.020198496,0.030762849,0.030646073,0.045737892,0.045599912,0.044549527,0.04348588,0.042616323
10/8/2025,0.001249998,0.017236563,0.017225183,0.020198496,0.030762849,0.030646073,0.045737892,0.04560544,0.044546925,0.04348588,0.042616323
10/7/2025,0.001249998,0.017237376,0.017224777,0.020198496,0.030762849,0.030646073,0.045737892,0.04560544,0.044544325,0.043483434,0.042616323
10/6/2025,0.001249998,0.017237376,0.017224371,0.020198496,0.030762849,0.030646073,0.045737892,0.04560544,0.044549527,0.043480988,0.042614003
10/3/2025,0.001249994,0.017237376,0.017225183,0.02019738,0.030762849,0.030646073,0.045732248,0.045602676,0.044549527,0.04348588,0.042616323
10/2/2025,0.001249998,0.017236969,0.017225183,0.020196822,0.030762849,0.030646073,0.045737892,0.045599912,0.044549527,0.04348588,0.042616323
10/1/2025,0.001249998,0.017236563,0.017225183,0.020196265,0.030762849,0.030646073,0.045737892,0.04560544,0.044546925,0.04348588,0.042616323
9/30/2025,0.001249998,0.017237783,0.017224777,0.020199054,0.030764139,0.030646073,0.045737892,0.04560544,0.044544325,0.043483434,0.042616323
9/29/2025,0.001249998,0.017237783,0.017224371,0.020199054,0.030762849,0.030646073,0.045737892,0.04560544,0.044549527,0.043480988,0.042614003
9/26/2025,0.001249994,0.017237376,0.017225183,0.020199054,0.030764139,0.030646073,0.045732248,0.045602676,0.044549527,0.04348588,0.042616323
9/25/2025,0.001249998,0.017236969,0.017225183,0.020199054,0.030764139,0.030646073,0.045737892,0.045599912,0.044549527,0.04348588,0.042616323
9/24/2025,0.001249998,0.017237783,0.017225183,0.020199054,0.030764139,0.030646073,0.045737892,0.04560544,0.044546925,0.04348588,0.042616323
9/23/2025,0.001249998,0.017237783,0.017224777,0.020199054,0.030764139,0.030646073,0.045737892,0.04560544,0.044544325,0.043483434,0.042616323
9/22/2025,0.001249998,0.017237783,0.017224371,0.020199054,0.030762849,0.030646073,0.045737892,0.04560544,0.044549527,0.043480988,0.042614003
9/19/2025,0.001249994,0.017237376,0.017225183,0.020199054,0.030764139,0.030646073,0.045732248,0.045602676,0.044549527,0.04348588,0.042616323
9/18/2025,0.001249998,0.017236969,0.017225183,0.020199054,0.030764139,0.030646073,0.045737892,0.045599912,0.044549527,0.04348588,0.042616323
9/17/2025,0.001249998,0.017237783,0.017225183,0.020199054,0.030764139,0.030646073,0.045737892,0.04560544,0.044546925,0.04348588,0.042616323
9/16/2025,0.001249998,0.017237783,0.017224777,0.020199054,0.030764139,0.030646073,0.045737892,0.04560544,0.044544325,0.043483434,0.042616323
9/15/2025,0.001249998,0.017237783,0.017224371,0.020199054,0.030762849,0.030646073,0.045737892,0.04560544,0.044549527,0.043480988,0.042614003
9/12/2025,0.001249994,0.017237376,0.017225183,0.020199054,0.030764139,0.030646073,0.045732248,0.045602676,0.044549527,0.04348588,0.042616323
9/11/2025,0.001249998,0.017236969,0.017225183,0.020199054,0.030764139,0.030646073,0.045737892,0.045599912,0.044549527,0.04348588,0.042616323
9/10/2025,0.001249998,0.017237783,0.017225183,0.020199054,0.030764139,0.030646073,0.045737892,0.04560544,0.044546925,0.04348588,0.042616323
9/9/2025,0.001249998,0.017237783,0.017224777,0.020199054,0.030764139,0.030646073,0.045737892,0.04560544,0.044544325,0.043483434,0.042616323
9/8/2025,0.001249998,0.017237783,0.017224371,0.020199054,0.030762849,0.030646073,0.045737892,0.04560544,0.044549527,0.043480988,0.042614003
9/5/2025,0.001249994,0.017237376,0.017225183,0.020199054,0.030764139,0.030646073,0.045732248,0.045602676,0.044549527,0.04348588,0.042616323
9/4/2025,0.001249998,0.017236969,0.017225183,0.020199054,0.030764139,0.030646073,0.045737892,0.045599912,0.044549527,0.04348588,0.042616323
9/3/2025,0.001249998,0.017237783,0.017225183,0.020199054,0.030764139,0.030646073,0.045737892,0.04560544,0.044546925,0.04348588,0.042616323
8/29/2025,0.001249989,0.017237376,0.017225183,0.02019738,0.03075898,0.030646073,0.045723785,0.045602676,0.044549527,0.04348588,0.042616323
8/28/2025,0.001249998,0.017236969,0.017225183,0.020198496,0.030757691,0.030646073,0.045737892,0.045599912,0.044549527,0.04348588,0.042616323
8/27/2025,0.001249998,0.017236563,0.017225183,0.020198496,0.03076027,0.030646073,0.045737892,0.04560544,0.044546925,0.04348588,0.042616323
8/26/2025,0.001249998,0.017237376,0.017224777,0.020198496,0.03076027,0.030646073,0.045737892,0.04560544,0.044544325,0.043483434,0.042616323
8/25/2025,0.001249998,0.017237376,0.017224371,0.020198496,0.03076027,0.030646073,0.045737892,0.04560544,0.044549527,0.043480988,0.042614003
8/22/2025,0.001249994,0.017237376,0.017225183,0.02019738,0.03075898,0.030646073,0.045737892,0.045602676,0.044549527,0.04348588,0.042616323
8/21/2025,0.001249998,0.017236969,0.017225183,0.020198496,0.030757691,0.030646073,0.045737892,0.045599912,0.044549527,0.04348588,0.042616323
8/20/2025,0.001249998,0.017236563,0.017225183,0.020198496,0.030756402,0.030646073,0.045737892,0.04560544,0.044546925,0.04348588,0.042616323
8/19/2025,0.001249998,0.017237376,0.017224777,0.020198496,0.030755113,0.030646073,0.045737892,0.04560544,0.044544325,0.043483434,0.042616323
8/18/2025,0.001249998,0.017237376,0.017224371,0.020198496,0.030753824,0.030646073,0.045737892,0.04560544,0.044549527,0.043480988,0.042614003
8/15/2025,0.001249994,0.017237376,0.017225183,0.02019738,0.030749958,0.030646073,0.045732248,0.045602676,0.044549527,0.04348588,0.042616323
8/14/2025,0.001249998,0.017236969,0.017225183,0.020198496,0.03074867,0.030646073,0.045737892,0.045599912,0.044549527,0.04348588,0.042616323
8/13/2025,0.001249998,0.017236563,0.017225183,0.020198496,0.03076027,0.030646073,0.045737892,0.04560544,0.044546925,0.04348588,0.042616323
8/12/2025,0.001249998,0.017237376,0.017224777,0.020198496,0.03076027,0.030646073,0.045737892,0.04560544,0.044544325,0.043483434,0.042616323
8/11/2025,0.001249998,0.017237376,0.017224371,0.020198496,0.03076027,0.030646073,0.045737892,0.04560544,0.044549527,0.043480988,0.042614003
8/8/2025,0.001249994,0.017237376,0.017225183,0.02019738,0.03075898,0.030646073,0.045732248,0.045602676,0.044549527,0.04348588,0.042616323
8/7/2025,0.001249998,0.017236969,0.017225183,0.020198496,0.030757691,0.030646073,0.045737892,0.045599912,0.044549527,0.04348588,0.042616323
8/6/2025,0.001249998,0.017236563,0.017225183,0.020198496,0.03076027,0.030646073,0.045737892,0.04560544,0.044546925,0.04348588,0.042616323
8/5/2025,0.001249998,0.017237376,0.017224777,0.020198496,0.03076027,0.030646073,0.045737892,0.04560544,0.044544325,0.043483434,0.042616323
8/4/2025,0.001249998,0.017237376,0.017224371,0.020198496,0.03076027,0.030646073,0.045737892,0.04560544,0.044549527,0.043480988,0.042614003
8/1/2025,0.001249994,0.017236563,0.017225183,0.02019738,0.03075898,0.030642243,0.045732248,0.045602676,0.044549527,0.04348588,0.042616323
7/31/2025,0.001249998,0.017236156,0.017225183,0.020198496,0.030757691,0.030640967,0.045737892,0.045599912,0.044549527,0.04348588,0.042616323
7/30/2025,0.001249998,0.017235749,0.017224777,0.020198496,0.03076027,0.030639691,0.045737892,0.04560544,0.044546925,0.04348588,0.042616323
7/29/2025,0.001249998,0.017237376,0.017224777,0.020198496,0.03076027,0.030644796,0.045737892,0.04560544,0.044544325,0.043483434,0.042616323
7/28/2025,0.001249998,0.017237376,0.017224371,0.020198496,0.03076027,0.030644796,0.045737892,0.04560544,0.044549527,0.043480988,0.042614003
7/25/2025,0.001249994,0.017237376,0.017224777,0.02019738,0.03075898,0.030640967,0.045732248,0.045602676,0.044549527,0.04348588,0.042616323
7/24/2025,0.001249998,0.017236969,0.017224777,0.020198496,0.030757691,0.030644796,0.045737892,0.045599912,0.044549527,0.04348588,0.042616323
7/23/2025,0.001249998,0.017236563,0.017224777,0.020198496,0.03076027,0.030644796,0.045737892,0.04560544,0.044546925,0.04348588,0.042616323
7/22/2025,0.001249998,0.017237376,0.017224777,0.020198496,0.03076027,0.030644796,0.045737892,0.04560544,0.044544325,0.043483434,0.042616323
7/21/2025,0.001249998,0.017237376,0.017224371,0.020198496,0.03076027,0.030644796,0.045737892,0.04560544,0.044549527,0.043480988,0.042614003
7/18/2025,0.001249994,0.017237376,0.017224777,0.02019738,0.03075898,0.030642243,0.045732248,0.045602676,0.044549527,0.04348588,0.042616323
7/17/2025,0.001249998,0.017236969,0.017224777,0.020198496,0.030757691,0.030644796,0.045737892,0.045599912,0.044549527,0.04348588,0.042616323
7/16/2025,0.001249998,0.017236563,0.017224777,0.020198496,0.03076027,0.030644796,0.045737892,0.04560544,0.044546925,0.04348588,0.042616323
7/15/2025,0.001249998,0.017237376,0.017224777,0.020198496,0.03076027,0.030644796,0.045737892,0.04560544,0.044544325,0.043483434,0.042616323
7/14/2025,0.001249998,0.017237376,0.017224371,0.020198496,0.03076027,0.030644796,0.045737892,0.04560544,0.044549527,0.043480988,0.042614003
7/11/2025,0.001249994,0.017237376,0.017224777,0.02019738,0.03075898,0.030642243,0.045732248,0.045602676,0.044549527,0.04348588,0.042616323
7/10/2025,0.001249998,0.017236969,0.017224777,0.020198496,0.03076027,0.030644796,0.045737892,0.045599912,0.044549527,0.04348588,0.042616323
7/9/2025,0.001249998,0.017236563,0.017224777,0.020198496,0.03076027,0.030644796,0.045737892,0.04560544,0.044546925,0.04348588,0.042616323
7/8/2025,0.001249998,0.017237376,0.017224777,0.020198496,0.03076027,0.030644796,0.045737892,0.04560544,0.044544325,0.043483434,0.042616323
7/7/2025,0.001249998,0.017237376,0.017224371,0.020198496,0.03076027,0.030644796,0.045737892,0.04560544,0.044549527,0.043480988,0.042614003
7/4/2025,0.001249994,0.017237376,0.017224777,0.02019738,0.03075898,0.030642243,0.045732248,0.045602676,0.044549527,0.04348588,0.042616323
7/3/2025,0.001249998,0.017236969,0.017224777,0.020198496,0.030757691,0.030644796,0.045737892,0.045599912,0.044549527,0.04348588,0.042616323
7/2/2025,0.001249998,0.017236563,0.017224371,0.020198496,0.030756402,0.030644796,0.045737892,0.04560544,0.044546925,0.04348588,0.042616323
7/1/2025,0.001249998,0.017237376,0.017223965,0.020198496,0.030755113,0.030644796,0.045737892,0.04560544,0.044544325,0.043483434,0.042616323
6/30/2025,0.001249998,0.017237783,0.017223559,0.020198496,0.030761559,0.030646073,0.045737892,0.04560544,0.044549527,0.043480988,0.042614003
6/27/2025,0.001249994,0.017237376,0.017225183,0.02019738,0.03075898,0.030646073,0.045732248,0.045602676,0.044549527,0.04348588,0.042616323
6/26/2025,0.001249998,0.017236969,0.017225183,0.020198496,0.030761559,0.030646073,0.045737892,0.045599912,0.044549527,0.04348588,0.042616323
6/25/2025,0.001249998,0.017237783,0.017225183,0.020198496,0.030761559,0.030646073,0.045737892,0.04560544,0.044546925,0.04348588,0.042616323
6/24/2025,0.001249998,0.017237783,0.017224777,0.020198496,0.030761559,0.030646073,0.045737892,0.04560544,0.044544325,0.043483434,0.042616323
6/23/2025,0.001249998,0.017237783,0.017224371,0.020198496,0.030761559,0.030646073,0.045737892,0.04560544,0.044549527,0.043480988,0.042614003
6/20/2025,0.001249994,0.017237376,0.017225183,0.02019738,0.03075898,0.030646073,0.045732248,0.045602676,0.044549527,0.04348588,0.042616323
6/19/2025,0.001249998,0.017236969,0.017225183,0.020198496,0.030761559,0.030646073,0.045737892,0.045599912,0.044549527,0.04348588,0.042616323
6/18/2025,0.001249998,0.017237783,0.017225183,0.020198496,0.030761559,0.030646073,0.045737892,0.04560544,0.044546925,0.04348588,0.042616323
6/17/2025,0.001249998,0.017237783,0.017224777,0.020198496,0.030761559,0.030646073,0.045737892,0.04560544,0.044544325,0.043483434,0.042616323
6/16/2025,0.001249998,0.017237783,0.017224371,0.020198496,0.030761559,0.030646073,0.045737892,0.04560544,0.044549527,0.043480988,0.042614003
6/13/2025,0.001249994,0.017237376,0.017225183,0.02019738,0.03075898,0.030646073,0.045732248,0.045602676,0.044549527,0.04348588,0.042616323
6/12/2025,0.001249998,0.017236969,0.017225183,0.020198496,0.030761559,0.030646073,0.045737892,0.045599912,0.044549527,0.04348588,0.042616323
6/11/2025,0.001249998,0.017237783,0.017225183,0.020198496,0.030761559,0.030646073,0.045737892,0.04560544,0.044546925,0.04348588,0.042616323
6/10/2025,0.001249998,0.017237783,0.017224777,0.020198496,0.030761559,0.030646073,0.045737892,0.04560544,0.044544325,0.043483434,0.042616323
6/9/2025,0.001249998,0.017237783,0.017224371,0.020198496,0.030761559,0.030646073,0.045737892,0.04560544,0.044549527,0.043480988,0.042614003
6/6/2025,0.001249994,0.017237376,0.017225183,0.02019738,0.03075898,0.030646073,0.045732248,0.045602676,0.044549527,0.04348588,0.042616323
6/5/2025,0.001249998,0.017236969,0.017225183,0.020198496,0.030761559,0.030646073,0.045737892,0.045599912,0.044549527,0.04348588,0.042616323
6/4/2025,0.001249998,0.017237783,0.017225183,0.020198496,0.030761559,0.030646073,0.045737892,0.04560544,0.044546925,0.04348588,0.042616323
6/3/2025,0.001249998,0.017237783,0.017224777,0.020198496,0.030761559,0.030646073,0.045737892,0.04560544,0.044544325,0.043483434,0.042616323
6/2/2025,0.001249998,0.017237783,0.017224371,0.020197938,0.030761559,0.030646073,0.045737892,0.04560544,0.044549527,0.043480988,0.042614003
5/30/2025,0.001249994,0.017237376,0.017225183,0.020196265,0.03075898,0.030642243,0.045732248,0.045602676,0.044549527,0.04348588,0.042616323
5/29/2025,0.001249998,0.017236969,0.017225183,0.020198496,0.030757691,0.030640967,0.045737892,0.045599912,0.044549527,0.04348588,0.042616323
5/28/2025,0.001249998,0.017236563,0.017225183,0.020198496,0.03076027,0.030639691,0.045737892,0.04560544,0.044546925,0.04348588,0.042616323
5/27/2025,0.001249998,0.017237376,0.017224777,0.020198496,0.03076027,0.030642243,0.045737892,0.04560544,0.044544325,0.043483434,0.042616323
5/26/2025,0.001249998,0.017237376,0.017224371,0.020198496,0.03076027,0.030642243,0.045737892,0.04560544,0.044549527,0.043480988,0.042614003
5/23/2025,0.001249994,0.017237376,0.017225183,0.02019738,0.03075898,0.030642243,0.045732248,0.045602676,0.044549527,0.04348588,0.042616323
5/22/2025,0.001249998,0.017236969,0.017225183,0.020198496,0.030757691,0.030640967,0.045737892,0.045599912,0.044549527,0.04348588,0.042616323
5/21/2025,0.001249998,0.017236563,0.017225183,0.020198496,0.03076027,0.030639691,0.045737892,0.04560544,0.044546925,0.04348588,0.042616323
5/20/2025,0.001249998,0.017237376,0.017224777,0.020198496,0.03076027,0.030638415,0.045737892,0.04560544,0.044544325,0.043483434,0.042616323
5/19/2025,0.001249998,0.017237376,0.017224371,0.020198496,0.03076027,0.030637139,0.045737892,0.04560544,0.044549527,0.043480988,0.042614003
5/16/2025,0.001249994,0.017237376,0.017225183,0.02019738,0.03075898,0.030633312,0.045732248,0.045602676,0.044549527,0.04348588,0.042616323
5/15/2025,0.001249998,0.017236969,0.017225183,0.020198496,0.030757691,0.030632037,0.045737892,0.045599912,0.044549527,0.04348588,0.042616323
5/14/2025,0.001249998,0.017236563,0.017225183,0.020198496,0.03076027,0.030630762,0.045737892,0.04560544,0.044546925,0.04348588,0.042616323
5/13/2025,0.001249998,0.017237376,0.017224777,0.020198496,0.03076027,0.030642243,0.045737892,0.04560544,0.044544325,0.043483434,0.042616323
5/12/2025,0.001249998,0.017237376,0.017224371,0.020198496,0.03076027,0.030642243,0.045737892,0.04560544,0.044549527,0.043480988,0.042614003
5/9/2025,0.001249994,0.017237376,0.017225183,0.02019738,0.03075898,0.030642243,0.045732248,0.045602676,0.044549527,0.04348588,0.042616323
5/8/2025,0.001249998,0.017236969,0.017225183,0.020198496,0.030757691,0.030640967,0.045737892,0.045599912,0.044549527,0.04348588,0.042616323
5/7/2025,0.001249998,0.017236563,0.017225183,0.020198496,0.03076027,0.030639691,0.045737892,0.04560544,0.044546925,0.04348588,0.042616323
5/6/2025,0.001249998,0.017237376,0.017224777,0.020198496,0.03076027,0.030642243,0.045737892,0.04560544,0.044544325,0.043483434,0.042616323
5/5/2025,0.001249998,0.017237376,0.017224371,0.020198496,0.03076027,0.030642243,0.045737892,0.04560544,0.044549527,0.043480988,0.042614003
4/29/2025,0.001249987,0.017237783,0.017224777,0.020199054,0.030761559,0.030643519,0.045737892,0.04560544,0.044544325,0.043483434,0.042616323
4/28/2025,0.001249998,0.017237783,0.017224371,0.020199054,0.030761559,0.030643519,0.045737892,0.04560544,0.044549527,0.043480988,0.042614003
4/26/2025,0.001249996,0.017237783,0.017225183,0.020197938,0.03076027,0.030643519,0.045732248,0.04560544,0.044549527,0.04348588,0.042616323
4/25/2025,0.001249998,0.017237376,0.017225183,0.020199054,0.03075898,0.030642243,0.045729426,0.045602676,0.044549527,0.04348588,0.042616323
4/24/2025,0.001249998,0.017236969,0.017225183,0.020199054,0.030761559,0.030640967,0.045737892,0.045599912,0.044549527,0.04348588,0.042616323
4/23/2025,0.001249998,0.017237783,0.017225183,0.020199054,0.030761559,0.030643519,0.045737892,0.04560544,0.044546925,0.04348588,0.042616323
4/22/2025,0.001249998,0.017237783,0.017224777,0.020199054,0.030761559,0.030643519,0.045737892,0.04560544,0.044544325,0.043483434,0.042616323
4/21/2025,0.001249998,0.017237783,0.017224371,0.020199054,0.030761559,0.030643519,0.045737892,0.04560544,0.044549527,0.043480988,0.042614003
4/18/2025,0.001249994,0.017237376,0.017225183,0.020199054,0.03075898,0.030642243,0.045732248,0.045602676,0.044549527,0.04348588,0.042616323
4/17/2025,0.001249998,0.017236969,0.017225183,0.020199054,0.030761559,0.030640967,0.045737892,0.045599912,0.044549527,0.04348588,0.042616323
4/16/2025,0.001249998,0.017237783,0.017225183,0.020199054,0.030761559,0.030643519,0.045737892,0.04560544,0.044546925,0.04348588,0.042616323
4/15/2025,0.001249998,0.017237783,0.017224777,0.020199054,0.030761559,0.030643519,0.045737892,0.04560544,0.044544325,0.043483434,0.042616323
4/14/2025,0.001249998,0.017237783,0.017224371,0.020199054,0.030761559,0.030643519,0.045737892,0.04560544,0.044549527,0.043480988,0.042614003
4/11/2025,0.001249994,0.017237376,0.017225183,0.020199054,0.03075898,0.030642243,0.045732248,0.045602676,0.044549527,0.04348588,0.042616323
4/10/2025,0.001249998,0.017236969,0.017225183,0.020199054,0.030761559,0.030643519,0.045737892,0.045599912,0.044549527,0.04348588,0.042616323
4/9/2025,0.001249998,0.017237783,0.017225183,0.020199054,0.030761559,0.030643519,0.045737892,0.04560544,0.044546925,0.04348588,0.042616323
4/8/2025,0.001249998,0.017237783,0.017224777,0.020199054,0.030761559,0.030643519,0.045737892,0.04560544,0.044544325,0.043483434,0.042616323
4/4/2025,0.001249991,0.017237376,0.017225183,0.020199054,0.03075898,0.030642243,0.045732248,0.045602676,0.044549527,0.04348588,0.042616323
4/3/2025,0.001249998,0.017236969,0.017225183,0.020199054,0.030761559,0.030640967,0.045737892,0.045599912,0.044549527,0.04348588,0.042616323
4/2/2025,0.001249998,0.017236563,0.017225183,0.020199054,0.030761559,0.030639691,0.045737892,0.04560544,0.044546925,0.04348588,0.042616323
4/1/2025,0.001249998,0.017236156,0.017224777,0.020199054,0.030761559,0.030638415,0.045737892,0.04560544,0.044544325,0.043483434,0.042616323
3/31/2025,0.001249998,0.017235749,0.017224371,0.020199054,0.030761559,0.030643519,0.045737892,0.04560544,0.044549527,0.043480988,0.042614003
3/28/2025,0.001249994,0.017237376,0.017225183,0.02019738,0.03075898,0.030642243,0.045732248,0.045602676,0.044549527,0.04348588,0.042616323
3/27/2025,0.001249998,0.017236969,0.017225183,0.020198496,0.030757691,0.030640967,0.045737892,0.045599912,0.044549527,0.04348588,0.042616323
3/26/2025,0.001249998,0.017237376,0.017225183,0.020198496,0.03076027,0.030643519,0.045737892,0.04560544,0.044546925,0.04348588,0.042616323
3/25/2025,0.001249998,0.017237376,0.017224777,0.020198496,0.03076027,0.030643519,0.045737892,0.04560544,0.044544325,0.043483434,0.042616323
3/24/2025,0.001249998,0.017487008,0.017473623,0.020447219,0.03076027,0.030643519,0.045737892,0.04560544,0.044549527,0.043480988,0.042614003
3/21/2025,0.001249994,0.017487008,0.017474459,0.020446075,0.03075898,0.030642243,0.045732248,0.045602676,0.044549527,0.04348588,0.042616323
3/20/2025,0.001249998,0.017486589,0.017474459,0.020447219,0.030757691,0.030640967,0.045737892,0.045599912,0.044549527,0.04348588,0.042616323
3/19/2025,0.001249998,0.017735773,0.017723725,0.020695926,0.03076027,0.030643519,0.045737892,0.04560544,0.044546925,0.04348588,0.042616323
3/18/2025,0.001249998,0.017736634,0.017723295,0.020695926,0.03076027,0.030643519,0.045737892,0.04560544,0.044544325,0.043483434,0.042616323
3/17/2025,0.001249998,0.017736634,0.017722865,0.020695926,0.03076027,0.030643519,0.045737892,0.04560544,0.044549527,0.043480988,0.042614003
3/14/2025,0.001249994,0.017736634,0.017723725,0.020694754,0.03075898,0.030642243,0.045732248,0.045602676,0.044549527,0.04348588,0.042616323
3/13/2025,0.001249998,0.017736203,0.017723725,0.020695926,0.030757691,0.030640967,0.045737892,0.045599912,0.044549527,0.04348588,0.042616323
3/12/2025,0.001249998,0.017735773,0.017723725,0.020695926,0.03076027,0.030643519,0.045737892,0.04560544,0.044546925,0.04348588,0.042616323
3/11/2025,0.001249998,0.017736634,0.017723295,0.020695926,0.03076027,0.030643519,0.045737892,0.04560544,0.044544325,0.043483434,0.042616323
3/10/2025,0.001249998,0.017736634,0.017722865,0.020695926,0.03076027,0.030643519,0.045737892,0.04560544,0.044549527,0.043480988,0.042614003
3/7/2025,0.001249994,0.017985812,0.01797298,0.020943418,0.03075898,0.030642243,0.045732248,0.045602676,0.044549527,0.04348588,0.042616323
3/6/2025,0.001249998,0.017985369,0.01797298,0.020944617,0.030757691,0.030640967,0.045737892,0.045599912,0.044549527,0.04348588,0.042616323
3/5/2025,0.001249998,0.017984926,0.01797298,0.020944617,0.03076027,0.030643519,0.045737892,0.04560544,0.044546925,0.04348588,0.042616323
3/4/2025,0.001249998,0.017986255,0.017972538,0.020944617,0.03076027,0.030643519,0.045737892,0.04560544,0.044544325,0.043483434,0.042616323
3/3/2025,0.001249998,0.017986255,0.017972096,0.020944617,0.03076027,0.030643519,0.045737892,0.04560544,0.044549527,0.043480988,0.042614003
2/28/2025,0.001249994,0.017987584,0.017973864,0.020946417,0.030764139,0.030646073,0.045732248,0.045602676,0.044552128,0.04348588,0.042616323
2/27/2025,0.001249998,0.017987584,0.017973422,0.020946417,0.030764139,0.030646073,0.045737892,0.045599912,0.044549527,0.04348588,0.042616323
2/26/2025,0.001249998,0.017987584,0.017973864,0.020946417,0.030764139,0.030646073,0.045737892,0.04560544,0.044546925,0.04348588,0.042616323
2/25/2025,0.001249998,0.017987584,0.017973864,0.020945817,0.030764139,0.030646073,0.045737892,0.04560544,0.044552128,0.043483434,0.042616323
2/24/2025,0.001249998,0.017987584,0.017973864,0.020945217,0.030762849,0.030646073,0.045737892,0.04560544,0.044552128,0.043480988,0.042614003
2/21/2025,0.001249994,0.017987584,0.017973864,0.020946417,0.030764139,0.030646073,0.045732248,0.045602676,0.044552128,0.04348588,0.042616323
2/20/2025,0.001249998,0.017987584,0.017973422,0.020946417,0.030764139,0.030646073,0.045729426,0.045599912,0.044549527,0.04348588,0.042616323
2/19/2025,0.001249998,0.017987584,0.01797298,0.020946417,0.030764139,0.030646073,0.045726605,0.04560544,0.044546925,0.04348588,0.042616323
2/18/2025,0.001249998,0.017987584,0.017973864,0.020945817,0.030764139,0.030646073,0.045723785,0.04560544,0.044552128,0.043483434,0.042616323
2/17/2025,0.001249998,0.017987584,0.017973864,0.020945217,0.030762849,0.030646073,0.045720965,0.04560544,0.044552128,0.043480988,0.042614003
2/14/2025,0.001249994,0.017987584,0.017973864,0.020946417,0.030764139,0.030646073,0.045712508,0.045602676,0.044552128,0.04348588,0.042616323
2/13/2025,0.001249998,0.017987584,0.017973422,0.020946417,0.030764139,0.030646073,0.045737892,0.045599912,0.044549527,0.04348588,0.042616323
2/12/2025,0.001249998,0.017987584,0.01797298,0.020946417,0.030764139,0.030646073,0.045737892,0.04560544,0.044546925,0.04348588,0.042616323
2/11/2025,0.001249998,0.017987584,0.017973864,0.020945817,0.030764139,0.030646073,0.045737892,0.04560544,0.044552128,0.043483434,0.042616323
2/10/2025,0.001249998,0.017987584,0.017973864,0.020945217,0.030762849,0.030646073,0.045737892,0.04560544,0.044552128,0.043480988,0.042614003
2/7/2025,0.001249994,0.017987584,0.017973422,0.020946417,0.030764139,0.030646073,0.045732248,0.045602676,0.044552128,0.04348588,0.042616323
2/6/2025,0.001249998,0.017987584,0.01797298,0.020946417,0.030764139,0.030646073,0.045737892,0.045599912,0.044549527,0.04348588,0.042616323
2/5/2025,0.001249998,0.017987584,0.017972538,0.020946417,0.030764139,0.030646073,0.045737892,0.04560544,0.044546925,0.04348588,0.042616323
2/4/2025,0.001249998,0.017987584,0.017973864,0.020945817,0.030764139,0.030646073,0.045737892,0.045377182,0.04426037,0.043483434,0.042616323
2/3/2025,0.001249998,0.017987584,0.017973864,0.020945217,0.030762849,0.030646073,0.045737892,0.045377182,0.04426037,0.043480988,0.042614003
1/24/2025,0.001249979,0.017986255,0.017973864,0.020945817,0.030764139,0.030646073,0.045732248,0.045374445,0.04426037,0.04348588,0.042616323
1/23/2025,0.001249998,0.017985812,0.017973422,0.020945817,0.030764139,0.030646073,0.045737892,0.045371708,0.044257802,0.04348588,0.042616323
1/22/2025,0.001249998,0.017985369,0.01797298,0.020945817,0.030764139,0.030646073,0.045737892,0.045377182,0.044255234,0.04348588,0.042616323
1/21/2025,0.001249998,0.017986255,0.017973864,0.020945817,0.030764139,0.030646073,0.045737892,0.045377182,0.04426037,0.043483434,0.042616323
1/20/2025,0.001249998,0.017986255,0.017973864,0.020945217,0.030762849,0.030646073,0.045737892,0.045377182,0.04426037,0.043480988,0.042614003
1/17/2025,0.001249994,0.017986255,0.017973864,0.020945817,0.030764139,0.030646073,0.045732248,0.045374445,0.04426037,0.04348588,0.042616323
1/16/2025,0.001249998,0.017985812,0.017973422,0.020945817,0.030764139,0.030646073,0.045737892,0.045371708,0.044257802,0.04348588,0.042616323
1/15/2025,0.001249998,0.017985369,0.01797298,0.020945817,0.030764139,0.030646073,0.045737892,0.045377182,0.044255234,0.04348588,0.042616323
1/14/2025,0.001249998,0.017986255,0.017973864,0.020945817,0.030764139,0.030646073,0.045737892,0.045377182,0.04426037,0.043483434,0.042616323
1/13/2025,0.001249998,0.017986255,0.017973864,0.020945217,0.030762849,0.030646073,0.045737892,0.045377182,0.04426037,0.043480988,0.042614003
1/10/2025,0.001249994,0.017986255,0.017973864,0.020945817,0.030764139,0.030646073,0.045737892,0.045374445,0.04426037,0.04348588,0.042616323
1/9/2025,0.001249998,0.017985812,0.017973422,0.020945817,0.030764139,0.030646073,0.045737892,0.045371708,0.044257802,0.04348588,0.042616323
1/8/2025,0.001249998,0.017985369,0.01797298,0.020945817,0.030764139,0.030646073,0.045737892,0.045377182,0.044255234,0.04348588,0.042616323
1/7/2025,0.001249998,0.017986255,0.017973864,0.020945217,0.030764139,0.030646073,0.045737892,0.045377182,0.04426037,0.043483434,0.042616323
1/6/2025,0.001249998,0.017986255,0.017973864,0.020944617,0.030762849,0.030646073,0.045737892,0.045377182,0.04426037,0.043480988,0.042614003
1/3/2025,0.001249994,0.017986255,0.017973864,0.020945817,0.030764139,0.030646073,0.045732248,0.045374445,0.04426037,0.04348588,0.042616323
1/2/2025,0.001249998,0.017985812,0.017973422,0.020945817,0.030764139,0.030646073,0.045729426,0.045371708,0.044257802,0.04348588,0.042616323
12/31/2024,0.001249996,0.017984926,0.017973864,0.020945817,0.030764139,0.030646073,0.045737892,0.045377182,0.04426037,0.043483434,0.042616323
12/30/2024,0.001249998,0.017984484,0.017973422,0.020945217,0.030762849,0.030644796,0.045737892,0.045377182,0.04426037,0.043480988,0.042614003
12/27/2024,0.001249994,0.017983155,0.017972538,0.020945817,0.030762849,0.030642243,0.045732248,0.045374445,0.04426037,0.04348588,0.042616323
12/26/2024,0.001249998,0.017982713,0.017972538,0.020945817,0.030762849,0.030644796,0.045737892,0.045371708,0.044257802,0.04348588,0.042616323
12/25/2024,0.001249998,0.01798227,0.017972538,0.020945817,0.030762849,0.030644796,0.045737892,0.045377182,0.044255234,0.04348588,0.042616323
12/24/2024,0.001249998,0.017986255,0.017972538,0.020945817,0.030762849,0.030644796,0.045737892,0.045377182,0.04426037,0.043483434,0.042616323
12/23/2024,0.001249998,0.017986255,0.017972096,0.020945217,0.030762849,0.030644796,0.045737892,0.045377182,0.04426037,0.043480988,0.042614003
12/20/2024,0.001249994,0.017986255,0.017972538,0.020945817,0.030762849,0.030642243,0.045732248,0.045374445,0.04426037,0.04348588,0.042616323
12/19/2024,0.001249998,0.017985812,0.017972538,0.020945817,0.030762849,0.030644796,0.045737892,0.045371708,0.044257802,0.04348588,0.042616323
12/18/2024,0.001249998,0.017985369,0.017972538,0.020945817,0.030762849,0.030644796,0.045737892,0.045377182,0.044255234,0.04348588,0.042616323
12/17/2024,0.001249998,0.017986255,0.017972538,0.020945817,0.030762849,0.030644796,0.045737892,0.045377182,0.04426037,0.043483434,0.042616323
12/16/2024,0.001249998,0.017986255,0.017972096,0.020945217,0.030762849,0.030644796,0.045737892,0.045377182,0.04426037,0.043480988,0.042614003
12/13/2024,0.001249994,0.017986255,0.017972538,0.020945817,0.030762849,0.030642243,0.045732248,0.045374445,0.04426037,0.04348588,0.042616323
12/12/2024,0.001249998,0.017985812,0.017972538,0.020945817,0.030762849,0.030644796,0.045737892,0.045371708,0.044257802,0.04348588,0.042616323
12/11/2024,0.001249998,0.017985369,0.017972538,0.020945817,0.030762849,0.030644796,0.045737892,0.045377182,0.044255234,0.04348588,0.042616323
12/10/2024,0.001249998,0.017986255,0.017972538,0.020945817,0.030762849,0.030644796,0.045737892,0.045377182,0.04426037,0.043483434,0.042616323
12/9/2024,0.001249998,0.017986255,0.017972096,0.020945217,0.030762849,0.030644796,0.045737892,0.045377182,0.04426037,0.043480988,0.042614003
12/6/2024,0.001249994,0.017986255,0.017972538,0.020945817,0.030762849,0.030642243,0.045732248,0.045374445,0.04426037,0.04348588,0.042616323
12/5/2024,0.001249998,0.017985812,0.017972538,0.020945817,0.030762849,0.030644796,0.045737892,0.045371708,0.044257802,0.04348588,0.042616323
12/4/2024,0.001249998,0.017985369,0.017972538,0.020945817,0.030762849,0.030644796,0.045737892,0.045377182,0.044255234,0.04348588,0.042616323
12/3/2024,0.001249998,0.017986255,0.017972538,0.020945817,0.030762849,0.030644796,0.045737892,0.045377182,0.04426037,0.043483434,0.042616323
12/2/2024,0.001249998,0.017986255,0.017972096,0.020945217,0.030762849,0.030643519,0.045737892,0.045377182,0.04426037,0.043480988,0.042614003
11/29/2024,0.001249994,0.017986255,0.01797077,0.020945217,0.030764139,0.030646073,0.045732248,0.045374445,0.04426037,0.04348588,0.042616323
11/28/2024,0.001249998,0.017985812,0.017970328,0.020944617,0.030764139,0.030646073,0.045737892,0.045371708,0.044257802,0.04348588,0.042616323
11/27/2024,0.001249998,0.017986698,0.017969886,0.020944617,0.030764139,0.030646073,0.045737892,0.045377182,0.044255234,0.04348588,0.042616323
11/26/2024,0.001249998,0.017986698,0.017969445,0.020944617,0.030764139,0.030646073,0.045737892,0.045377182,0.04426037,0.043483434,0.042616323
11/25/2024,0.001249998,0.017986698,0.017969003,0.020944617,0.030762849,0.030646073,0.045737892,0.045377182,0.04426037,0.043480988,0.042614003
11/22/2024,0.001249994,0.017986255,0.01797298,0.020943418,0.030764139,0.030646073,0.045732248,0.045374445,0.04426037,0.04348588,0.042616323
11/21/2024,0.001249998,0.017985812,0.01797298,0.020944617,0.030764139,0.030646073,0.045737892,0.045371708,0.044257802,0.04348588,0.042616323
11/20/2024,0.001249998,0.017986698,0.01797298,0.020944617,0.030764139,0.030646073,0.045737892,0.045377182,0.044255234,0.04348588,0.042616323
11/19/2024,0.001249998,0.017986698,0.017972538,0.020944617,0.030764139,0.030646073,0.045737892,0.045377182,0.04426037,0.043483434,0.042616323
11/18/2024,0.001249998,0.017986698,0.017972096,0.020944617,0.030762849,0.030646073,0.045737892,0.045377182,0.04426037,0.043480988,0.042614003
11/15/2024,0.001249994,0.017986255,0.01797298,0.020943418,0.030764139,0.030646073,0.045732248,0.045374445,0.04426037,0.04348588,0.042616323
11/14/2024,0.001249998,0.016737713,0.016726599,0.019701004,0.029532688,0.02942384,0.045737892,0.045371708,0.044257802,0.04348588,0.042616323
11/13/2024,0.001249998,0.016738481,0.016726599,0.019701004,0.029532688,0.02942384,0.045737892,0.045377182,0.044255234,0.04348588,0.042616323
11/12/2024,0.001249998,0.016738481,0.016726217,0.019701004,0.029532688,0.02942384,0.045737892,0.045377182,0.04426037,0.043483434,0.042616323
11/11/2024,0.001249998,0.016738481,0.016725834,0.019701004,0.029531499,0.02942384,0.045737892,0.045377182,0.04426037,0.043480988,0.042614003
11/8/2024,0.001249994,0.016738097,0.016726599,0.019699942,0.029532688,0.02942384,0.045732248,0.045374445,0.04426037,0.04348588,0.042616323
11/7/2024,0.001249998,0.016737713,0.016726599,0.019701004,0.029532688,0.02942384,0.045737892,0.045371708,0.044257802,0.04348588,0.042616323
11/6/2024,0.001249998,0.016738481,0.016726599,0.019701004,0.029532688,0.02942384,0.045737892,0.045377182,0.044255234,0.04348588,0.042616323
11/5/2024,0.001249998,0.016738481,0.016726217,0.019701004,0.029532688,0.02942384,0.045737892,0.045377182,0.04426037,0.043483434,0.042616323
11/4/2024,0.001249998,0.016738481,0.016725834,0.019701004,0.029531499,0.02942384,0.045737892,0.045377182,0.04426037,0.043480988,0.042614003
11/1/2024,0.001249994,0.016738097,0.016726217,0.019699942,0.029527933,0.02942384,0.045732248,0.045374445,0.04426037,0.04348588,0.042616323
10/31/2024,0.001249998,0.016737713,0.016726599,0.019699412,0.029526745,0.02942384,0.045737892,0.045371708,0.044257802,0.04348588,0.042616323
10/30/2024,0.001249998,0.01673733,0.016726599,0.019698881,0.029525556,0.02942384,0.045737892,0.045377182,0.044255234,0.04348588,0.042616323
10/29/2024,0.001249998,0.016738097,0.016726217,0.01969835,0.029531499,0.02942384,0.045737892,0.045377182,0.04426037,0.043483434,0.042616323
10/28/2024,0.001249998,0.016738097,0.016725834,0.01969782,0.029531499,0.02942384,0.045737892,0.045377182,0.04426037,0.043480988,0.042614003
10/25/2024,0.001249994,0.016738097,0.016726599,0.019696228,0.029531499,0.02942384,0.045732248,0.045374445,0.04426037,0.04348588,0.042616323
10/24/2024,0.001249998,0.016737713,0.016726599,0.019701004,0.029531499,0.02942384,0.045737892,0.045371708,0.044257802,0.04348588,0.042616323
10/23/2024,0.001249998,0.01673733,0.016726599,0.019701004,0.029531499,0.02942384,0.045737892,0.045377182,0.044255234,0.04348588,0.042616323
10/22/2024,0.001249998,0.016738097,0.016726217,0.019701004,0.029531499,0.02942384,0.045737892,0.045377182,0.04426037,0.043483434,0.042616323
10/21/2024,0.001249998,0.016738097,0.016725834,0.019701004,0.029531499,0.02942384,0.045737892,0.045377182,0.04426037,0.043480988,0.042614003
10/18/2024,0.001249994,0.016738097,0.016726599,0.019699942,0.029531499,0.02942384,0.045732248,0.045374445,0.04426037,0.04348588,0.042616323
10/17/2024,0.001249998,0.016737713,0.016726599,0.019701004,0.029531499,0.02942384,0.045737892,0.045371708,0.044257802,0.04348588,0.042616323
10/16/2024,0.001249998,0.01673733,0.016726599,0.019701004,0.029531499,0.02942384,0.045737892,0.045377182,0.044255234,0.04348588,0.042616323
10/15/2024,0.001249998,0.016738097,0.016726217,0.019701004,0.029531499,0.02942384,0.045737892,0.045377182,0.04426037,0.043483434,0.042616323
10/14/2024,0.001249998,0.016738097,0.016725834,0.019701004,0.029531499,0.02942384,0.045737892,0.045377182,0.04426037,0.043480988,0.042614003
10/11/2024,0.001249994,0.016738097,0.016726599,0.019699942,0.029531499,0.02942384,0.045732248,0.045374445,0.04426037,0.04348588,0.042616323
10/10/2024,0.001249998,0.016737713,0.016726599,0.019701004,0.029531499,0.02942384,0.045737892,0.045371708,0.044257802,0.04348588,0.042616323
10/9/2024,0.001249998,0.01673733,0.016726599,0.019701004,0.029531499,0.02942384,0.045737892,0.045377182,0.044255234,0.04348588,0.042616323
10/8/2024,0.001249998,0.016738097,0.016726217,0.019701004,0.029531499,0.02942384,0.045737892,0.045377182,0.04426037,0.043483434,0.042616323
10/7/2024,0.001249998,0.016738097,0.016725834,0.019701004,0.02953031,0.02942384,0.045737892,0.045377182,0.04426037,0.043480988,0.042614003
10/4/2024,0.001249994,0.016738097,0.016726599,0.019699942,0.029531499,0.02942384,0.045732248,0.045374445,0.04426037,0.04348588,0.042616323
10/3/2024,0.001249998,0.016737713,0.016726599,0.019701004,0.029531499,0.02942384,0.045737892,0.045371708,0.044257802,0.04348588,0.042616323
10/2/2024,0.001249998,0.01673733,0.016726599,0.019701004,0.029531499,0.02942384,0.045737892,0.045377182,0.044255234,0.04348588,0.042616323
10/1/2024,0.001249998,0.016738097,0.016726217,0.019700473,0.029531499,0.02942384,0.045737892,0.045377182,0.04426037,0.043483434,0.042616323
9/30/2024,0.001249998,0.016738481,0.016725834,0.019701535,0.029531499,0.02942384,0.045737892,0.045377182,0.04426037,0.043480988,0.042614003
9/27/2024,0.001249994,0.016738097,0.016726599,0.019701535,0.029532688,0.02942384,0.045732248,0.045374445,0.04426037,0.04348588,0.042616323
9/26/2024,0.001249998,0.016737713,0.016726599,0.019701535,0.029532688,0.02942384,0.045737892,0.045371708,0.044257802,0.04348588,0.042616323
9/25/2024,0.001249998,0.016738481,0.016726599,0.019701535,0.029532688,0.02942384,0.045737892,0.045377182,0.044255234,0.04348588,0.042616323
9/24/2024,0.001249998,0.016738481,0.016726217,0.019701535,0.029532688,0.02942384,0.045737892,0.045377182,0.04426037,0.043483434,0.042616323
9/23/2024,0.001249998,0.016738481,0.016725834,0.019701535,0.029531499,0.02942384,0.045737892,0.045377182,0.04426037,0.043480988,0.042614003
9/20/2024,0.001249994,0.016738097,0.016726599,0.019701535,0.029532688,0.02942384,0.045732248,0.045374445,0.04426037,0.04348588,0.042616323
9/19/2024,0.001249998,0.016737713,0.016726599,0.019701535,0.029532688,0.02942384,0.045737892,0.045371708,0.044257802,0.04348588,0.042616323
9/18/2024,0.001249998,0.016738481,0.016726599,0.019701535,0.029532688,0.02942384,0.045737892,0.045377182,0.044255234,0.04348588,0.042616323
9/17/2024,0.001249998,0.016738481,0.016726217,0.019701535,0.029532688,0.02942384,0.045737892,0.045377182,0.04426037,0.043483434,0.042616323
9/16/2024,0.001249998,0.016738481,0.016725834,0.019701535,0.029531499,0.02942384,0.045737892,0.045377182,0.04426037,0.043480988,0.042614003
9/13/2024,0.001249994,0.016738097,0.016726599,0.019701535,0.029532688,0.02942384,0.045732248,0.045374445,0.04426037,0.04348588,0.042616323
9/12/2024,0.001249998,0.016737713,0.016726599,0.019701535,0.029532688,0.02942384,0.045737892,0.045371708,0.044257802,0.04348588,0.042616323
9/11/2024,0.001249998,0.016738481,0.016726599,0.019701535,0.029532688,0.02942384,0.045737892,0.045377182,0.044255234,0.04348588,0.042616323
9/10/2024,0.001249998,0.016738481,0.016726217,0.019701535,0.029532688,0.02942384,0.045737892,0.045377182,0.04426037,0.043483434,0.042616323
9/9/2024,0.001249998,0.016738481,0.016725834,0.019701535,0.029531499,0.02942384,0.045737892,0.045377182,0.04426037,0.043480988,0.042614003
9/6/2024,0.001249994,0.016738097,0.016726599,0.019701535,0.029532688,0.02942384,0.045732248,0.045374445,0.04426037,0.04348588,0.042616323
9/5/2024,0.001249998,0.016737713,0.016726599,0.019701535,0.029532688,0.02942384,0.045737892,0.045371708,0.044257802,0.04348588,0.042616323
9/4/2024,0.001249998,0.016738481,0.016726599,0.019701535,0.029532688,0.02942384,0.045737892,0.045377182,0.044255234,0.04348588,0.042616323
8/30/2024,0.001249989,0.016738097,0.016726599,0.019699942,0.029531499,0.02942384,0.045726605,0.045366236,0.04426037,0.04348588,0.042616323
8/29/2024,0.001249998,0.016737713,0.016726599,0.019701004,0.02953031,0.02942384,0.045737892,0.045363501,0.044257802,0.04348588,0.042616323
8/28/2024,0.001249998,0.01673733,0.016726599,0.019701004,0.029529121,0.02942384,0.045737892,0.045377182,0.044255234,0.04348588,0.042616323
8/27/2024,0.001249998,0.016738097,0.016726217,0.019701004,0.029529121,0.02942384,0.045737892,0.045377182,0.04426037,0.043483434,0.042616323
8/26/2024,0.001249998,0.016738097,0.016725834,0.019701004,0.029529121,0.02942384,0.045737892,0.045377182,0.04426037,0.043480988,0.042614003
8/23/2024,0.001249994,0.016738097,0.016726599,0.019699942,0.029527933,0.02942384,0.045732248,0.045374445,0.04426037,0.04348588,0.042616323
8/22/2024,0.001249998,0.016737713,0.016726599,0.019701004,0.029526745,0.02942384,0.045737892,0.045377182,0.044257802,0.04348588,0.042616323
8/21/2024,0.001249998,0.01673733,0.016726599,0.019701004,0.029529121,0.02942384,0.045737892,0.045377182,0.044255234,0.04348588,0.042616323
8/20/2024,0.001249998,0.016738097,0.016726217,0.019701004,0.029529121,0.02942384,0.045737892,0.045377182,0.04426037,0.043483434,0.042616323
8/19/2024,0.001249998,0.016738097,0.016725834,0.019701004,0.029529121,0.02942384,0.045737892,0.045377182,0.04426037,0.043480988,0.042614003
8/16/2024,0.001249994,0.016738097,0.016726599,0.019699942,0.029527933,0.02942384,0.045732248,0.045374445,0.04426037,0.04348588,0.042616323
8/15/2024,0.001249998,0.016737713,0.016726599,0.019701004,0.029526745,0.02942384,0.045737892,0.045371708,0.044257802,0.04348588,0.042616323
8/14/2024,0.001249998,0.01673733,0.016726599,0.019701004,0.029529121,0.02942384,0.045737892,0.045377182,0.044255234,0.04348588,0.042616323
8/13/2024,0.001249998,0.016738097,0.016726217,0.019701004,0.029529121,0.02942384,0.045737892,0.045377182,0.04426037,0.043483434,0.042616323
8/12/2024,0.001249998,0.016738097,0.016725834,0.019701004,0.029529121,0.02942384,0.045737892,0.045377182,0.04426037,0.043480988,0.042614003
8/9/2024,0.001249994,0.016738097,0.016726599,0.019699942,0.029527933,0.02942384,0.045732248,0.045374445,0.04426037,0.04348588,0.042616323
8/8/2024,0.001249998,0.016737713,0.016726599,0.019701004,0.029526745,0.02942384,0.045737892,0.045371708,0.044257802,0.04348588,0.042616323
8/7/2024,0.001249998,0.01673733,0.016726599,0.019701004,0.029529121,0.02942384,0.045737892,0.045377182,0.044255234,0.04348588,0.042616323
8/6/2024,0.001249998,0.016738097,0.016726217,0.019701004,0.029529121,0.02942384,0.045737892,0.045377182,0.04426037,0.043483434,0.042616323
8/5/2024,0.001249998,0.016738097,0.016725834,0.019701004,0.029529121,0.02942384,0.045737892,0.045377182,0.04426037,0.043480988,0.042614003
8/2/2024,0.001249994,0.01673733,0.016726599,0.019699942,0.029527933,0.029420309,0.045732248,0.045374445,0.04426037,0.04348588,0.042616323
8/1/2024,0.001249998,0.016736946,0.016726599,0.019701004,0.029526745,0.029419132,0.045737892,0.045371708,0.044257802,0.04348588,0.042616323
7/31/2024,0.001249998,0.016736563,0.016726599,0.019701004,0.029525556,0.029417955,0.045737892,0.045377182,0.044255234,0.04348588,0.042616323
7/30/2024,0.001249998,0.016488449,0.016476921,0.019452235,0.029524368,0.029416779,0.045737892,0.045148819,0.04426037,0.043483434,0.042616323
7/29/2024,0.001249998,0.016488449,0.016476549,0.019452235,0.02952318,0.029422663,0.045737892,0.045148819,0.04426037,0.043480988,0.042614003
7/26/2024,0.001249994,0.016488449,0.016476921,0.0194512,0.029519617,0.029422663,0.045732248,0.045146109,0.04426037,0.04348588,0.042616323
7/25/2024,0.001249998,0.016488077,0.016476921,0.019452235,0.029518429,0.029422663,0.045737892,0.0451434,0.044257802,0.04348588,0.042616323
7/24/2024,0.001249998,0.016487705,0.016476921,0.019452235,0.029529121,0.029422663,0.045737892,0.045148819,0.044255234,0.04348588,0.042616323
7/23/2024,0.001249998,0.016488449,0.016476921,0.019452235,0.029529121,0.029422663,0.045737892,0.045148819,0.04426037,0.043483434,0.042616323
7/22/2024,0.001249998,0.016488449,0.016476549,0.019452235,0.029529121,0.029422663,0.045737892,0.045148819,0.04426037,0.043480988,0.042614003
7/19/2024,0.001249994,0.016488449,0.016476921,0.0194512,0.029527933,0.029420309,0.045732248,0.045146109,0.04426037,0.04348588,0.042616323
7/18/2024,0.001249998,0.016488077,0.016476921,0.019452235,0.029526745,0.029422663,0.045737892,0.0451434,0.044257802,0.04348588,0.042616323
7/17/2024,0.001249998,0.016487705,0.016476921,0.019452235,0.029529121,0.029422663,0.045737892,0.045148819,0.044255234,0.04348588,0.042616323
7/16/2024,0.001249998,0.016488449,0.016476921,0.019452235,0.029529121,0.029422663,0.045737892,0.045148819,0.04426037,0.043483434,0.042616323
7/15/2024,0.001249998,0.016488449,0.016476549,0.019452235,0.029529121,0.029422663,0.045737892,0.045148819,0.04426037,0.043480988,0.042614003
7/12/2024,0.001249994,0.016488449,0.016476921,0.0194512,0.029527933,0.029420309,0.045732248,0.045146109,0.04426037,0.04348588,0.042616323
7/11/2024,0.001249998,0.016488077,0.016476921,0.019452235,0.029526745,0.029422663,0.045737892,0.0451434,0.044257802,0.04348588,0.042616323
7/10/2024,0.001249998,0.016487705,0.016476921,0.019452235,0.029529121,0.029422663,0.045737892,0.045148819,0.044255234,0.04348588,0.042616323
7/9/2024,0.001249998,0.016488449,0.016476921,0.019452235,0.029529121,0.029422663,0.045737892,0.045148819,0.04426037,0.043483434,0.042616323
7/8/2024,0.001249998,0.016488449,0.016476549,0.019452235,0.029529121,0.029422663,0.045737892,0.045148819,0.04426037,0.043480988,0.042614003
7/5/2024,0.001249994,0.016488449,0.016476921,0.0194512,0.029527933,0.029419132,0.045732248,0.045146109,0.04426037,0.04348588,0.042616323
7/4/2024,0.001249998,0.016488077,0.016476921,0.019452235,0.029526745,0.029422663,0.045737892,0.0451434,0.044257802,0.04348588,0.042616323
7/3/2024,0.001249998,0.016487705,0.016476549,0.019452235,0.029529121,0.029422663,0.045737892,0.045148819,0.044255234,0.04348588,0.042616323
7/2/2024,0.001249998,0.016488449,0.016476177,0.019452235,0.029529121,0.029422663,0.045737892,0.045148819,0.04426037,0.043483434,0.042616323
7/1/2024,0.001249998,0.016488449,0.016475806,0.019452235,0.029527933,0.029422663,0.045737892,0.045148819,0.04426037,0.043480988,0.042614003
6/28/2024,0.001249994,0.016488449,0.016477292,0.0194512,0.029527933,0.02942384,0.045732248,0.045146109,0.04426037,0.04348588,0.042616323
6/27/2024,0.001249998,0.016488077,0.016477292,0.019452235,0.02953031,0.02942384,0.045737892,0.0451434,0.044257802,0.04348588,0.042616323
6/26/2024,0.001249998,0.016488822,0.016477292,0.019452235,0.02953031,0.02942384,0.045737892,0.045148819,0.044255234,0.04348588,0.042616323
6/25/2024,0.001249998,0.016488822,0.016476921,0.019452235,0.02953031,0.02942384,0.045737892,0.045148819,0.04426037,0.043483434,0.042616323
6/24/2024,0.001249998,0.016488822,0.016476549,0.019452235,0.02953031,0.02942384,0.045737892,0.045148819,0.04426037,0.043480988,0.042614003
6/21/2024,0.001249994,0.016488449,0.016477292,0.0194512,0.029527933,0.02942384,0.045732248,0.045146109,0.04426037,0.04348588,0.042616323
6/20/2024,0.001249998,0.016488077,0.016477292,0.019452235,0.02953031,0.02942384,0.045737892,0.0451434,0.044257802,0.04348588,0.042616323
6/19/2024,0.001249998,0.016488822,0.016477292,0.019452235,0.02953031,0.02942384,0.045737892,0.045148819,0.044255234,0.04348588,0.042616323
6/18/2024,0.001249998,0.016488822,0.016476921,0.019452235,0.02953031,0.02942384,0.045737892,0.045148819,0.04426037,0.043483434,0.042616323
6/17/2024,0.001249998,0.016488822,0.016476549,0.019452235,0.02953031,0.02942384,0.045737892,0.045148819,0.04426037,0.043480988,0.042614003
6/14/2024,0.001249994,0.016488449,0.016477292,0.0194512,0.029527933,0.02942384,0.045732248,0.045146109,0.04426037,0.04348588,0.042616323
6/13/2024,0.001249998,0.016488077,0.016477292,0.019452235,0.02953031,0.02942384,0.045737892,0.0451434,0.044257802,0.04348588,0.042616323
6/12/2024,0.001249998,0.016488822,0.016477292,0.019452235,0.02953031,0.02942384,0.045737892,0.045148819,0.044255234,0.04348588,0.042616323
6/11/2024,0.001249998,0.016488822,0.016476921,0.019452235,0.02953031,0.02942384,0.045737892,0.045148819,0.04426037,0.043483434,0.042616323
6/10/2024,0.001249998,0.016488822,0.016476549,0.019452235,0.02953031,0.02942384,0.045737892,0.045148819,0.04426037,0.043480988,0.042614003
6/7/2024,0.001249994,0.016488449,0.016477292,0.0194512,0.029527933,0.02942384,0.045732248,0.045146109,0.04426037,0.04348588,0.042616323
6/6/2024,0.001249998,0.016488077,0.016477292,0.019452235,0.02953031,0.02942384,0.045737892,0.0451434,0.044257802,0.04348588,0.042616323
6/5/2024,0.001249998,0.016488822,0.016477292,0.019452235,0.02953031,0.02942384,0.045737892,0.045148819,0.044255234,0.04348588,0.042616323
6/4/2024,0.001249998,0.016488822,0.016476921,0.019452235,0.02953031,0.02942384,0.045737892,0.045148819,0.04426037,0.043483434,0.042616323
6/3/2024,0.001249998,0.016488822,0.016476549,0.019451717,0.02953031,0.02942384,0.045737892,0.045148819,0.04426037,0.043480988,0.042614003
5/31/2024,0.001249994,0.016488449,0.016477292,0.019450165,0.029527933,0.02942384,0.045732248,0.045146109,0.04426037,0.04348588,0.042616323
5/30/2024,0.001249998,0.016488077,0.016477292,0.019452235,0.029526745,0.029422663,0.045737892,0.0451434,0.044257802,0.04348588,0.042616323
5/29/2024,0.001249998,0.016487705,0.016477292,0.019452235,0.029529121,0.029421486,0.045737892,0.045148819,0.044255234,0.04348588,0.042616323
5/28/2024,0.001249998,0.016488449,0.016476921,0.019452235,0.029529121,0.029420309,0.045737892,0.045148819,0.04426037,0.043483434,0.042616323
5/27/2024,0.001249998,0.016488449,0.016476549,0.019452235,0.029529121,0.029420309,0.045737892,0.045148819,0.04426037,0.043480988,0.042614003
5/24/2024,0.001249994,0.016488449,0.016477292,0.0194512,0.029527933,0.029420309,0.045732248,0.045146109,0.04426037,0.04348588,0.042616323
5/23/2024,0.001249998,0.016488077,0.016477292,0.019452235,0.029526745,0.029419132,0.045737892,0.0451434,0.044257802,0.04348588,0.042616323
5/22/2024,0.001249998,0.016487705,0.016477292,0.019452235,0.029529121,0.029417955,0.045737892,0.045148819,0.044255234,0.04348588,0.042616323
5/21/2024,0.001249998,0.016488449,0.016476921,0.019452235,0.029529121,0.029420309,0.045737892,0.045148819,0.04426037,0.043483434,0.042616323
5/20/2024,0.001249998,0.016488449,0.016476549,0.019452235,0.029529121,0.029420309,0.045737892,0.045148819,0.04426037,0.043480988,0.042614003
5/17/2024,0.001249994,0.016488449,0.016477292,0.0194512,0.029527933,0.029420309,0.045732248,0.045146109,0.04426037,0.04348588,0.042616323
5/16/2024,0.001249998,0.016488077,0.016477292,0.019452235,0.029526745,0.029419132,0.045737892,0.0451434,0.044257802,0.04348588,0.042616323
5/15/2024,0.001249998,0.016487705,0.016477292,0.019452235,0.029529121,0.029417955,0.045737892,0.045148819,0.044255234,0.04348588,0.042616323
5/14/2024,0.001249998,0.016488449,0.016476921,0.019452235,0.029529121,0.029420309,0.045737892,0.045148819,0.04426037,0.043483434,0.042616323
5/13/2024,0.001249998,0.016488449,0.016476549,0.019452235,0.029529121,0.029420309,0.045737892,0.045148819,0.04426037,0.043480988,0.042614003
5/10/2024,0.001249994,0.016488449,0.016477292,0.0194512,0.029527933,0.029420309,0.045732248,0.045146109,0.04426037,0.04348588,0.042616323
5/9/2024,0.001249998,0.016488077,0.016477292,0.019452235,0.029526745,0.029419132,0.045737892,0.0451434,0.044257802,0.04348588,0.042616323
5/8/2024,0.001249998,0.016487705,0.016477292,0.019452235,0.029529121,0.029417955,0.045737892,0.045148819,0.044255234,0.04348588,0.042616323
5/7/2024,0.001249998,0.016488449,0.016476921,0.019452235,0.029529121,0.029420309,0.045737892,0.045148819,0.04426037,0.043483434,0.042616323
5/6/2024,0.001249998,0.016488449,0.016476549,0.019452235,0.029529121,0.029420309,0.045737892,0.045148819,0.04426037,0.043480988,0.042614003
5/4/2024,0.001249996,0.016488449,0.016477292,0.019451717,0.029529121,0.029420309,0.045735069,0.045148819,0.04426037,0.04348588,0.042616323
5/3/2024,0.001249998,0.016488449,0.016477292,0.0194512,0.029527933,0.029420309,0.045732248,0.045146109,0.04426037,0.04348588,0.042616323
5/2/2024,0.001249998,0.016488077,0.016477292,0.019452235,0.029526745,0.029419132,0.045729426,0.0451434,0.044257802,0.04348588,0.042616323
4/26/2024,0.001249987,0.016488449,0.016477292,0.019452752,0.029527933,0.029412073,0.045737892,0.0451434,0.04426037,0.04348588,0.042616323
4/25/2024,0.001249998,0.016488077,0.016477292,0.019452752,0.02953031,0.029410897,0.045737892,0.04514069,0.044257802,0.04348588,0.042616323
4/24/2024,0.001249998,0.016488822,0.016477292,0.019452752,0.02953031,0.029421486,0.045737892,0.045148819,0.044255234,0.04348588,0.042616323
4/23/2024,0.001249998,0.016488822,0.016476921,0.019452752,0.02953031,0.029421486,0.045737892,0.045148819,0.04426037,0.043483434,0.042616323
4/22/2024,0.001249998,0.016488822,0.016476549,0.019452752,0.02953031,0.029421486,0.045737892,0.045148819,0.04426037,0.043480988,0.042614003
4/19/2024,0.001249994,0.016488449,0.016477292,0.019452752,0.029527933,0.029420309,0.045732248,0.045146109,0.04426037,0.04348588,0.042616323
4/17/2024,0.001249996,0.016488822,0.016477292,0.019452752,0.02953031,0.029421486,0.045737892,0.045148819,0.044255234,0.04348588,0.042616323
4/16/2024,0.001249998,0.016488822,0.016476921,0.019452752,0.02953031,0.029421486,0.045737892,0.045148819,0.04426037,0.043483434,0.042616323
4/15/2024,0.001249998,0.016488822,0.016476549,0.019452752,0.02953031,0.029421486,0.045737892,0.045148819,0.04426037,0.043480988,0.042614003
4/12/2024,0.001249994,0.016488449,0.016477292,0.019452752,0.029527933,0.029420309,0.045732248,0.045146109,0.04426037,0.04348588,0.042616323
4/11/2024,0.001249998,0.016488077,0.016477292,0.019452752,0.02953031,0.029419132,0.045737892,0.0451434,0.044257802,0.04348588,0.042616323
4/10/2024,0.001249998,0.016488822,0.016477292,0.019452752,0.02953031,0.029421486,0.045737892,0.045148819,0.044255234,0.04348588,0.042616323
4/9/2024,0.001249998,0.016488822,0.016476921,0.019452752,0.02953031,0.029421486,0.045737892,0.045148819,0.04426037,0.043483434,0.042616323
4/8/2024,0.001249998,0.016488822,0.016476549,0.019452752,0.02953031,0.029421486,0.045737892,0.045148819,0.04426037,0.043480988,0.042614003
4/5/2024,0.001249994,0.016488449,0.016477292,0.019452752,0.029527933,0.029420309,0.045729426,0.045146109,0.04426037,0.04348588,0.042616323
4/4/2024,0.001249998,0.016488822,0.016477292,0.019452752,0.02953031,0.029419132,0.045737892,0.0451434,0.044257802,0.04348588,0.042616323
4/3/2024,0.001249998,0.016488822,0.016477292,0.019452752,0.02953031,0.029421486,0.045737892,0.045148819,0.044255234,0.04348588,0.042616323
4/2/2024,0.001249998,0.016488822,0.016476921,0.019452752,0.02953031,0.029421486,0.045737892,0.045148819,0.04426037,0.043483434,0.042616323
4/1/2024,0.001249998,0.016488449,0.016476549,0.019452752,0.02953031,0.029420309,0.045928932,0.045148819,0.04426037,0.043480988,0.042614003
3/29/2024,0.001249994,0.016736946,0.016726599,0.019699942,0.029774204,0.029664786,0.045923241,0.045146109,0.04426037,0.04348588,0.042616323
3/28/2024,0.001249998,0.016736563,0.016726599,0.019701004,0.029772996,0.02966359,0.045928932,0.0451434,0.044257802,0.04348588,0.042616323
3/27/2024,0.001249998,0.016736179,0.016726599,0.019701004,0.029775412,0.029665983,0.045928932,0.045148819,0.044255234,0.04348588,0.042616323
3/26/2024,0.001249998,0.016738097,0.016726217,0.019701004,0.029775412,0.029665983,0.045928932,0.045148819,0.04426037,0.043483434,0.042616323
3/25/2024,0.001249998,0.016738097,0.016725834,0.019701004,0.029775412,0.029665983,0.045928932,0.045148819,0.04426037,0.043480988,0.042614003
3/22/2024,0.001249994,0.016738097,0.016726599,0.019699942,0.029774204,0.029664786,0.046209662,0.045146109,0.04426037,0.04348588,0.042616323
3/21/2024,0.001249998,0.017236969,0.017225183,0.020198496,0.030265405,0.030152369,0.046215424,0.045599912,0.044840996,0.044324715,0.04342269
3/20/2024,0.001249998,0.017236563,0.017225183,0.020198496,0.030267902,0.030154841,0.046215424,0.04560544,0.044838361,0.044324715,0.04342269
3/19/2024,0.001249998,0.017237376,0.017224777,0.020198496,0.030267902,0.030154841,0.046406373,0.04560544,0.044843631,0.044322176,0.04342269
3/18/2024,0.001249998,0.017736203,0.017722865,0.020695926,0.03076027,0.030643519,0.046406373,0.046289591,0.045716613,0.044319637,0.043420285
3/15/2024,0.001249994,0.017736634,0.017723725,0.020694754,0.03075898,0.030642243,0.046686848,0.046286744,0.045716613,0.044324715,0.04342269
3/14/2024,0.001249998,0.017985812,0.01797298,0.020944617,0.030757691,0.030640967,0.046692728,0.046739368,0.045713876,0.044324715,0.04342269
3/13/2024,0.001249998,0.017985369,0.01797298,0.020944617,0.03076027,0.030643519,0.046692728,0.046745172,0.045711141,0.044324715,0.04342269
3/12/2024,0.001249998,0.017986255,0.017972538,0.020944617,0.03076027,0.030643519,0.046692728,0.046745172,0.045716613,0.044322176,0.04342269
3/11/2024,0.001249998,0.017986255,0.017972096,0.020944617,0.03076027,0.030643519,0.046692728,0.046745172,0.045716613,0.044319637,0.043420285
3/8/2024,0.001249994,0.017986255,0.01797298,0.020943418,0.03075898,0.030642243,0.046686848,0.04674227,0.045716613,0.044324715,0.04342269
3/7/2024,0.001249998,0.017985812,0.01797298,0.020944617,0.030757691,0.030640967,0.046692728,0.046739368,0.045713876,0.044324715,0.04342269
3/6/2024,0.001249998,0.017985369,0.01797298,0.020944617,0.03076027,0.030643519,0.046692728,0.046745172,0.045711141,0.044324715,0.04342269
3/5/2024,0.001249998,0.017986255,0.017972538,0.020944617,0.03076027,0.030643519,0.046692728,0.046745172,0.045716613,0.044322176,0.04342269
3/4/2024,0.001249998,0.017986255,0.01797298,0.020944617,0.03076027,0.030643519,0.046692728,0.046745172,0.045716613,0.044319637,0.043420285
3/1/2024,0.001249994,0.017986255,0.017972538,0.020943418,0.030756402,0.030642243,0.046686848,0.04674227,0.045716613,0.044324715,0.04342269
2/29/2024,0.001249998,0.017987141,0.017972096,0.020945817,0.030762849,0.030644796,0.046692728,0.046739368,0.045713876,0.044324715,0.04342269
2/28/2024,0.001249998,0.017987141,0.017971654,0.020945817,0.030762849,0.030644796,0.046689788,0.046736467,0.045711141,0.044324715,0.043420285
2/27/2024,0.001249998,0.017987141,0.017971212,0.020945817,0.030762849,0.030644796,0.046689788,0.04674227,0.045708405,0.044322176,0.043420285
2/26/2024,0.001249998,0.017987141,0.017973422,0.020945217,0.030762849,0.030644796,0.046689788,0.04674227,0.045713876,0.044319637,0.043420285
2/23/2024,0.001249994,0.017986255,0.017973422,0.020945817,0.030762849,0.030642243,0.046686848,0.04674227,0.045713876,0.044324715,0.043420285
2/22/2024,0.001249998,0.017987141,0.017973422,0.020945817,0.030762849,0.030644796,0.046683908,0.046739368,0.045713876,0.044324715,0.043420285
2/21/2024,0.001249998,0.017987141,0.01797298,0.020945817,0.030762849,0.030644796,0.046689788,0.046736467,0.045711141,0.044324715,0.043420285
2/20/2024,0.001249998,0.017987141,0.017972538,0.020945817,0.030762849,0.030644796,0.046689788,0.046733567,0.045708405,0.044322176,0.043420285
2/19/2024,0.001249998,0.017987141,0.017973422,0.020945217,0.030762849,0.030644796,0.046689788,0.046730667,0.045713876,0.044319637,0.043420285
2/16/2024,0.001249994,0.017986255,0.017973422,0.020945817,0.030762849,0.030642243,0.046686848,0.046721969,0.045713876,0.044324715,0.043420285
2/15/2024,0.001249998,0.017987141,0.017973422,0.020945817,0.030762849,0.030644796,0.046683908,0.046719071,0.045713876,0.044324715,0.043420285
2/7/2024,0.001249983,0.017987141,0.01797298,0.020945817,0.030762849,0.030644796,0.046689788,0.046736467,0.045711141,0.044324715,0.043420285
2/6/2024,0.001249998,0.017987141,0.017972538,0.020945817,0.030762849,0.030644796,0.046689788,0.04674227,0.045708405,0.044322176,0.043420285
2/5/2024,0.001249998,0.017987141,0.017973422,0.020945217,0.030762849,0.030644796,0.046689788,0.04674227,0.045713876,0.044319637,0.043420285
2/2/2024,0.001249994,0.017986255,0.017973422,0.020945817,0.030762849,0.030642243,0.046686848,0.04674227,0.045713876,0.044324715,0.043420285
2/1/2024,0.001249998,0.017987141,0.017973422,0.020945217,0.030762849,0.030644796,0.046683908,0.046739368,0.045713876,0.044324715,0.043420285
1/31/2024,0.001249998,0.017987141,0.01797298,0.020944617,0.030762849,0.030644796,0.047157806,0.046736467,0.045711141,0.044324715,0.043420285
1/30/2024,0.001249998,0.018236326,0.018221771,0.021192679,0.031255177,0.031133335,0.048107671,0.046969877,0.045708405,0.044322176,0.043420285
1/29/2024,0.001249998,0.018235871,0.01822268,0.021192065,0.031255177,0.031133335,0.048104552,0.049013684,0.047452804,0.045572349,0.044623638
1/26/2024,0.001249994,0.018235871,0.01822268,0.021193907,0.031255177,0.031130701,0.048095198,0.049013684,0.047452804,0.045577709,0.044623638
1/25/2024,0.001249998,0.018235416,0.01822268,0.021193907,0.031255177,0.031133335,0.048092081,0.049010499,0.047452804,0.045577709,0.044623638
1/24/2024,0.001249998,0.01823496,0.018222225,0.021193907,0.031255177,0.031133335,0.048120153,0.049007314,0.047449861,0.045577709,0.044623638
1/23/2024,0.001249998,0.018235871,0.018221771,0.021193907,0.031255177,0.031133335,0.048120153,0.049013684,0.047446918,0.045575029,0.044623638
1/22/2024,0.001249998,0.018235871,0.01822268,0.021193907,0.031255177,0.031133335,0.048120153,0.049013684,0.047452804,0.045572349,0.044623638
1/19/2024,0.001249994,0.018235871,0.01822268,0.021193907,0.031255177,0.031130701,0.048117032,0.049013684,0.047452804,0.045577709,0.044623638
1/18/2024,0.001249998,0.018235416,0.01822268,0.021193293,0.031255177,0.031133335,0.048113911,0.049010499,0.047452804,0.045577709,0.044623638
1/17/2024,0.001249998,0.01823496,0.018222225,0.021193907,0.031255177,0.031133335,0.048120153,0.049007314,0.047449861,0.045577709,0.044623638
1/16/2024,0.001249998,0.020232606,0.020215252,0.023679962,0.033469161,0.033329548,0.048120153,0.049013684,0.047446918,0.045575029,0.044623638
1/15/2024,0.001249998,0.020232606,0.020216371,0.023679962,0.033469161,0.033329548,0.048120153,0.049013684,0.047452804,0.045572349,0.044623638
1/12/2024,0.001249994,0.020230925,0.020216371,0.023679962,0.033469161,0.03332653,0.048307568,0.049013684,0.047452804,0.045577709,0.044623638
1/11/2024,0.001249998,0.020729384,0.020714692,0.024176988,0.033960826,0.033817104,0.048304423,0.049237044,0.047741744,0.045993981,0.045023151
1/10/2024,0.001249998,0.020728796,0.020714104,0.024176988,0.033960826,0.033817104,0.048310714,0.049240258,0.047738766,0.045993981,0.045023151
1/9/2024,0.001249998,0.020728208,0.020713517,0.024176988,0.033960826,0.033817104,0.048310714,0.049240258,0.047735789,0.045991253,0.045023151
1/8/2024,0.001249998,0.020727619,0.020714692,0.024176988,0.033960826,0.033817104,0.048310714,0.049240258,0.047741744,0.045988526,0.045023151
1/5/2024,0.001249994,0.020731737,0.020714692,0.024176988,0.033960826,0.033813998,0.048307568,0.049240258,0.047741744,0.045993981,0.045023151
1/4/2024,0.001249998,0.020731149,0.020714692,0.024176988,0.033960826,0.033817104,0.048304423,0.049237044,0.047741744,0.045993981,0.045023151
1/3/2024,0.001249998,0.020730561,0.020714104,0.024176988,0.033960826,0.033817104,0.048310714,0.04923383,0.047738766,0.045993981,0.045023151
1/2/2024,0.001249998,0.020731737,0.020713517,0.024176988,0.033960826,0.033817104,0.048310714,0.049230616,0.047735789,0.045991253,0.045023151
12/29/2023,0.001249991,0.020731737,0.020713517,0.024176988,0.033956113,0.033813998,0.048307568,0.049240258,0.047741744,0.045993981,0.045023151
12/28/2023,0.001249998,0.020731149,0.020713517,0.024176988,0.033959255,0.033812445,0.048304423,0.049237044,0.047741744,0.045993981,0.045023151
12/27/2023,0.001249998,0.020730561,0.020713517,0.024176988,0.033959255,0.033815551,0.048310714,0.04923383,0.047738766,0.045993981,0.045023151
12/26/2023,0.001249998,0.022229003,0.022208059,0.025419283,0.035187774,0.035033547,0.048310714,0.049240258,0.047735789,0.045991253,0.045023151
12/25/2023,0.001249998,0.023227075,0.023203473,0.026661194,0.036415536,0.036250427,0.048310714,0.049240258,0.047741744,0.045988526,0.045023151
12/22/2023,0.001249994,0.023975573,0.023951212,0.027406156,0.037148074,0.036978164,0.048307568,0.049240258,0.047741744,0.045993981,0.045023151
12/21/2023,0.001249998,0.024972643,0.024947068,0.028647452,0.038378386,0.038191159,0.048304423,0.049237044,0.047741744,0.045993981,0.045023151
12/20/2023,0.001249998,0.024971789,0.024947068,0.028647452,0.038378386,0.038195117,0.048310714,0.04923383,0.047738766,0.045993981,0.045023151
12/19/2023,0.001249998,0.024973496,0.024947068,0.028647452,0.038378386,0.038195117,0.048310714,0.049240258,0.047735789,0.045991253,0.045023151
12/18/2023,0.001249998,0.024973496,0.024946216,0.028647452,0.038378386,0.038195117,0.048310714,0.049240258,0.047741744,0.045988526,0.045023151
12/15/2023,0.001249994,0.024973496,0.024947068,0.028647452,0.038374377,0.038193138,0.048307568,0.049240258,0.047741744,0.045993981,0.045023151
12/14/2023,0.001249998,0.024972643,0.024946216,0.028647452,0.038378386,0.038191159,0.048304423,0.049237044,0.047741744,0.045993981,0.045023151
12/13/2023,0.001249998,0.024971789,0.024945365,0.028647452,0.038378386,0.038195117,0.050499547,0.04923383,0.047738766,0.045993981,0.045023151
12/12/2023,0.001249998,0.02796676,0.027930423,0.030880818,0.040584286,0.040379493,0.050499547,0.049240258,0.047735789,0.045991253,0.045023151
12/11/2023,0.001249998,0.02796676,0.027929356,0.030880818,0.040584286,0.040379493,0.050499547,0.049240258,0.047741744,0.045988526,0.045023151
12/8/2023,0.001249994,0.028465563,0.0284235,0.031376952,0.041069565,0.040862158,0.050496112,0.049240258,0.047741744,0.045993981,0.045023151
12/7/2023,0.001249998,0.028464454,0.028431236,0.031376952,0.041074155,0.040859894,0.050492677,0.049237044,0.047741744,0.045993981,0.045023151
12/6/2023,0.001249998,0.028463345,0.028431236,0.031376952,0.041074155,0.040864422,0.050499547,0.04923383,0.047738766,0.045993981,0.045023151
12/5/2023,0.001249998,0.028465563,0.028431236,0.031376952,0.041074155,0.040864422,0.050499547,0.049240258,0.047735789,0.045991253,0.045023151
12/4/2023,0.001249998,0.028465563,0.028430131,0.031376952,0.041074155,0.040864422,0.050499547,0.049240258,0.047741744,0.045988526,0.045023151
12/1/2023,0.001249994,0.028464454,0.028431236,0.031376952,0.041069565,0.04085763,0.050496112,0.049240258,0.047741744,0.045993981,0.045023151
11/30/2023,0.001249998,0.028463345,0.028432342,0.031376952,0.04107645,0.040866686,0.050967747,0.049237044,0.047741744,0.045993981,0.045023151
11/29/2023,0.001249998,0.028965493,0.028929951,0.031871638,0.041566254,0.041351492,0.050974745,0.049686553,0.048315825,0.04682445,0.045819787
11/28/2023,0.001249998,0.028965493,0.028928806,0.031871638,0.041566254,0.041351492,0.050974745,0.049693098,0.048312777,0.046821626,0.045819787
11/27/2023,0.001249998,0.028965493,0.028927662,0.031871638,0.041566254,0.041351492,0.050974745,0.049693098,0.048318874,0.046818802,0.045819787
11/24/2023,0.001249994,0.028964345,0.028929951,0.031868862,0.041566254,0.041346856,0.050971246,0.049693098,0.048318874,0.04682445,0.045819787
11/23/2023,0.001249998,0.028963197,0.028929951,0.031871638,0.041566254,0.041351492,0.050967747,0.049689825,0.048318874,0.04682445,0.045819787
11/22/2023,0.001249998,0.028965493,0.028929951,0.031871638,0.041566254,0.041351492,0.050974745,0.049686553,0.048315825,0.04682445,0.045819787
11/21/2023,0.001249998,0.028965493,0.028928806,0.031871638,0.041566254,0.041351492,0.050974745,0.049693098,0.048312777,0.046821626,0.045819787
11/20/2023,0.001249998,0.028965493,0.028927662,0.031871638,0.041566254,0.041351492,0.050974745,0.049693098,0.048318874,0.046818802,0.045819787
11/17/2023,0.001249994,0.028964345,0.028929951,0.031868862,0.041566254,0.041346856,0.050971246,0.049693098,0.048318874,0.04682445,0.045819787
11/16/2023,0.001249998,0.028963197,0.028929951,0.031871638,0.041566254,0.041351492,0.050967747,0.049689825,0.048318874,0.04682445,0.045819787
11/15/2023,0.001249998,0.028965493,0.028929951,0.031871638,0.041566254,0.041351492,0.050974745,0.049686553,0.048315825,0.04682445,0.045819787
11/14/2023,0.001249998,0.028965493,0.028928806,0.03187025,0.041566254,0.041351492,0.050974745,0.049693098,0.048312777,0.046821626,0.045819787
11/13/2023,0.001249998,0.028965493,0.028927662,0.031868862,0.041566254,0.041351492,0.050974745,0.049693098,0.048318874,0.046818802,0.045819787
11/10/2023,0.001249994,0.029463106,0.029427519,0.032360452,0.042055937,0.041831376,0.051161236,0.049919365,0.048607065,0.047238652,0.046216918
11/9/2023,0.001249998,0.029461918,0.029427519,0.032359022,0.042055937,0.041836121,0.051157711,0.049916062,0.048607065,0.047238652,0.046216918
11/8/2023,0.001249998,0.029464294,0.029427519,0.032357591,0.042055937,0.041836121,0.051164761,0.04991276,0.04860398,0.047238652,0.046216918
11/7/2023,0.001249998,0.029464294,0.029426334,0.032367606,0.042055937,0.041836121,0.051164761,0.049919365,0.048600896,0.047235779,0.046216918
11/6/2023,0.001249998,0.029464294,0.02942515,0.032367606,0.042055937,0.041836121,0.051164761,0.049919365,0.048607065,0.047232907,0.046216918
11/3/2023,0.001249994,0.029463106,0.029427519,0.032364744,0.042055937,0.041831376,0.051161236,0.049919365,0.048607065,0.047238652,0.046216918
11/2/2023,0.001249998,0.029461918,0.029427519,0.032367606,0.042055937,0.041836121,0.051157711,0.049916062,0.048607065,0.047238652,0.046216918
11/1/2023,0.001249998,0.029464294,0.029426334,0.032367606,0.042053532,0.041836121,0.051164761,0.04991276,0.04860398,0.047238652,0.046216918
10/31/2023,0.001249998,0.029464294,0.02942515,0.032367606,0.042051126,0.041836121,0.051164761,0.049919365,0.048600896,0.047235779,0.046216918
10/30/2023,0.001249998,0.029463106,0.029423966,0.032367606,0.042048721,0.041836121,0.051164761,0.049919365,0.048607065,0.047232907,0.046216918
10/27/2023,0.001249994,0.029463106,0.029427519,0.032364744,0.042041508,0.041831376,0.051161236,0.049919365,0.048607065,0.047238652,0.046216918
10/26/2023,0.001249998,0.029461918,0.029427519,0.032367606,0.042053532,0.041836121,0.051157711,0.049916062,0.048607065,0.047238652,0.046216918
10/25/2023,0.001249998,0.02946073,0.029427519,0.032367606,0.042053532,0.041836121,0.051164761,0.04991276,0.04860398,0.047238652,0.046216918
10/24/2023,0.001249998,0.029463106,0.029426334,0.032367606,0.042053532,0.041836121,0.051164761,0.049919365,0.048600896,0.047235779,0.046216918
10/23/2023,0.001249998,0.029463106,0.02942515,0.032367606,0.042053532,0.041836121,0.051164761,0.049919365,0.048607065,0.047232907,0.046216918
10/20/2023,0.001249994,0.029463106,0.029427519,0.032364744,0.042048721,0.041831376,0.051636052,0.049919365,0.048607065,0.047238652,0.046216918
10/19/2023,0.001249998,0.029960617,0.029925045,0.032863512,0.04254304,0.042320574,0.051632462,0.050368228,0.049182698,0.048065001,0.047008817
10/18/2023,0.001249998,0.029959388,0.029925045,0.032863512,0.042540578,0.042320574,0.051639642,0.050364867,0.049179542,0.048065001,0.047008817
10/17/2023,0.001249998,0.029961846,0.02992382,0.032863512,0.04254304,0.042320574,0.051639642,0.050371589,0.049176387,0.04806203,0.047008817
10/16/2023,0.001249998,0.029961846,0.029922596,0.032863512,0.04254304,0.042320574,0.051639642,0.050371589,0.049182698,0.048059059,0.047008817
10/13/2023,0.001249994,0.029961846,0.029925045,0.032860562,0.042538117,0.042315719,0.051636052,0.050371589,0.049182698,0.048065001,0.047008817
10/12/2023,0.001249998,0.029960617,0.029925045,0.032863512,0.04254304,0.042320574,0.051632462,0.050368228,0.049182698,0.048065001,0.047008817
10/11/2023,0.001249998,0.029959388,0.029925045,0.032863512,0.04254304,0.042320574,0.053062931,0.050364867,0.049179542,0.048065001,0.047008817
10/10/2023,0.001249998,0.029961846,0.02992382,0.03435086,0.044010843,0.043772877,0.053062931,0.051725812,0.050324387,0.048885555,0.047797591
10/9/2023,0.001249998,0.029961846,0.029922596,0.03435086,0.044010843,0.043772877,0.053062931,0.051725812,0.050330989,0.048882485,0.047797591
10/6/2023,0.001249994,0.029961846,0.029925045,0.034347637,0.044005576,0.043767685,0.053059142,0.051725812,0.050330989,0.048888625,0.047797591
10/5/2023,0.001249998,0.029960617,0.029925045,0.03435086,0.044010843,0.043772877,0.053055353,0.051722271,0.050330989,0.048888625,0.047797591
10/4/2023,0.001249998,0.029959388,0.029925045,0.03435086,0.044010843,0.043772877,0.053062931,0.05171873,0.050327688,0.048888625,0.047797591
10/3/2023,0.001249998,0.029961846,0.02992382,0.03435086,0.044010843,0.043772877,0.05353691,0.051725812,0.050324387,0.048885555,0.047797591
10/2/2023,0.001249998,0.029961846,0.029922596,0.034846518,0.044499872,0.044256626,0.05353691,0.052176405,0.050903653,0.049703202,0.048583262
9/29/2023,0.001249994,0.029961846,0.029925045,0.034848177,0.044502564,0.04425132,0.053533053,0.052176405,0.050903653,0.049709543,0.048583262
9/28/2023,0.001249998,0.029960617,0.029925045,0.034848177,0.044502564,0.044256626,0.053529197,0.052172802,0.050903653,0.049709543,0.048583262
9/27/2023,0.001249998,0.029963074,0.029925045,0.034848177,0.044502564,0.044256626,0.05353691,0.052169201,0.050900278,0.049709543,0.048583262
9/26/2023,0.001249998,0.029963074,0.02992382,0.034848177,0.044502564,0.044256626,0.05353691,0.052176405,0.050896904,0.049706372,0.048583262
9/25/2023,0.001249998,0.029963074,0.029922596,0.034848177,0.044502564,0.044256626,0.05353691,0.052176405,0.050903653,0.049703202,0.048583262
9/22/2023,0.001249994,0.029961846,0.029925045,0.034848177,0.044502564,0.04425132,0.053533053,0.052176405,0.050903653,0.049709543,0.048583262
9/21/2023,0.001249998,0.029960617,0.029925045,0.034848177,0.044502564,0.044256626,0.053529197,0.052172802,0.050903653,0.049709543,0.048583262
9/20/2023,0.001249998,0.029963074,0.029925045,0.034848177,0.044502564,0.044256626,0.05353691,0.052169201,0.050900278,0.049709543,0.048583262
9/19/2023,0.001249998,0.029963074,0.02992382,0.034848177,0.044502564,0.044256626,0.054294807,0.052176405,0.050896904,0.049706372,0.048583262
9/18/2023,0.001249998,0.029963074,0.029922596,0.03559162,0.044991532,0.0447402,0.054957495,0.052176405,0.050903653,0.049703202,0.048583262
9/15/2023,0.001249994,0.029961846,0.029925045,0.036334926,0.04548038,0.045218059,0.054953433,0.052851532,0.051760807,0.049709543,0.048583262
9/14/2023,0.001249998,0.029960617,0.029925045,0.036334926,0.04548038,0.045223598,0.055705968,0.052847837,0.051760807,0.049709543,0.048583262
9/13/2023,0.001249998,0.029963074,0.029925045,0.037078093,0.045969109,0.045706821,0.05637606,0.052844144,0.051757321,0.049709543,0.048583262
9/12/2023,0.001249998,0.029963074,0.02992382,0.037821123,0.046457719,0.046189869,0.05637606,0.053525748,0.052608562,0.050932561,0.049756006
9/11/2023,0.001249998,0.029963074,0.029922596,0.037821123,0.046457719,0.046189869,0.05637606,0.053525748,0.052615761,0.050929237,0.049756006
9/8/2023,0.001249994,0.029961846,0.029925045,0.037821123,0.046457719,0.046184092,0.056371788,0.053525748,0.052615761,0.050935885,0.049756006
9/7/2023,0.001249998,0.029960617,0.029925045,0.037821123,0.046457719,0.046189869,0.056367516,0.05352196,0.052615761,0.050935885,0.049756006
9/6/2023,0.001249998,0.029963074,0.029925045,0.037821123,0.046457719,0.046189869,0.05637606,0.053518173,0.052612161,0.050935885,0.049756006
9/5/2023,0.001249998,0.029963074,0.02992382,0.037821123,0.046457719,0.046189869,0.05637606,0.053525748,0.052608562,0.050932561,0.049756006
8/31/2023,0.001249989,0.029960617,0.029925045,0.037821123,0.046457719,0.046189869,0.056358975,0.053514387,0.052604963,0.050935885,0.049756006
8/30/2023,0.001249998,0.029959388,0.029925045,0.03781917,0.046454785,0.046189869,0.05637606,0.053510601,0.052601365,0.050935885,0.049756006
8/29/2023,0.001249998,0.029961846,0.02992382,0.03781917,0.046451852,0.046189869,0.05637606,0.053525748,0.052597768,0.050932561,0.049756006
8/28/2023,0.001249998,0.029961846,0.029922596,0.03781917,0.046451852,0.046189869,0.05637606,0.053525748,0.052615761,0.050929237,0.049756006
8/25/2023,0.001249994,0.029961846,0.029925045,0.037815265,0.04644892,0.046184092,0.056371788,0.053525748,0.052615761,0.050935885,0.049756006
8/24/2023,0.001249998,0.029960617,0.029925045,0.03781917,0.046445987,0.046189869,0.056367516,0.05352196,0.052615761,0.050935885,0.049756006
8/23/2023,0.001249998,0.029959388,0.029925045,0.03781917,0.046451852,0.046189869,0.061090089,0.053518173,0.052612161,0.052966504,0.049756006
8/22/2023,0.001499997,0.032953841,0.032907854,0.040789596,0.049380255,0.049084482,0.061090089,0.058664711,0.057699897,0.056177534,0.054759818
8/21/2023,0.001499997,0.032953841,0.032906373,0.040789596,0.049380255,0.049084482,0.061090089,0.058664711,0.057699897,0.056173518,0.054759818
8/18/2023,0.001499991,0.032953841,0.032909335,0.040785054,0.049376943,0.049077963,0.06108508,0.058664711,0.057699897,0.056181551,0.054759818
8/17/2023,0.001499997,0.032952355,0.032909335,0.040789596,0.049373631,0.049084482,0.061080072,0.058660176,0.057699897,0.056181551,0.054759818
8/16/2023,0.001499997,0.032950869,0.032909335,0.040789596,0.049380255,0.049084482,0.061090089,0.058655642,0.057695589,0.056181551,0.054759818
8/15/2023,0.001499997,0.032953841,0.032907854,0.040789596,0.049380255,0.049084482,0.061090089,0.058664711,0.057691282,0.056177534,0.054759818
8/14/2023,0.001499997,0.032953841,0.032906373,0.040789596,0.049376943,0.049084482,0.061090089,0.058664711,0.057699897,0.056173518,0.054759818
8/11/2023,0.001499991,0.032953841,0.032909335,0.040785054,0.049367009,0.049077963,0.06108508,0.058664711,0.057699897,0.056181551,0.054759818
8/10/2023,0.001499997,0.032952355,0.032909335,0.040789596,0.049363699,0.049084482,0.061080072,0.058660176,0.057699897,0.056181551,0.054759818
8/9/2023,0.001499997,0.032950869,0.032909335,0.040789596,0.04936039,0.049084482,0.061090089,0.058655642,0.057695589,0.056181551,0.054759818
8/8/2023,0.001499997,0.032953841,0.032907854,0.040789596,0.049357081,0.049084482,0.061090089,0.058664711,0.057691282,0.056177534,0.054759818
8/7/2023,0.001499997,0.032953841,0.032906373,0.040789596,0.049380255,0.049084482,0.061090089,0.058664711,0.057699897,0.056173518,0.054759818
8/4/2023,0.001499991,0.032952355,0.032909335,0.040785054,0.049376943,0.049084482,0.06108508,0.058664711,0.057699897,0.056181551,0.054759818
8/3/2023,0.001499997,0.032950869,0.032909335,0.040789596,0.049373631,0.049084482,0.061080072,0.058660176,0.057699897,0.056181551,0.054759818
8/2/2023,0.001499997,0.032949383,0.032909335,0.040789596,0.049380255,0.049084482,0.061090089,0.058655642,0.057695589,0.056181551,0.054759818
8/1/2023,0.001499997,0.032947898,0.032907854,0.040789596,0.049380255,0.049081222,0.061090089,0.058664711,0.057691282,0.056177534,0.054759818
7/31/2023,0.001499997,0.032953841,0.032906373,0.040789596,0.049380255,0.049077963,0.061090089,0.058664711,0.057699897,0.056173518,0.054759818
7/28/2023,0.001499991,0.032953841,0.032907854,0.040785054,0.049376943,0.049068188,0.06108508,0.058664711,0.057699897,0.056181551,0.054759818
7/27/2023,0.001499997,0.032952355,0.032907854,0.040789596,0.049373631,0.049064931,0.061080072,0.058660176,0.057699897,0.056181551,0.054759818
7/26/2023,0.001499997,0.032950869,0.032907854,0.040789596,0.049380255,0.049081222,0.061090089,0.058655642,0.057695589,0.056181551,0.054759818
7/25/2023,0.001499997,0.032953841,0.032907854,0.040789596,0.049380255,0.049081222,0.061090089,0.058664711,0.057691282,0.056177534,0.054759818
7/24/2023,0.001499997,0.032953841,0.032906373,0.040789596,0.049380255,0.049081222,0.061090089,0.058664711,0.057699897,0.056173518,0.054759818
7/21/2023,0.001499991,0.032953841,0.032907854,0.040785054,0.049376943,0.049077963,0.06108508,0.058664711,0.057699897,0.056181551,0.054759818
7/20/2023,0.001499997,0.033949427,0.033902196,0.040789596,0.049373631,0.049074704,0.061080072,0.059326491,0.057699897,0.056181551,0.054759818
7/19/2023,0.001499997,0.033947849,0.033902196,0.040789596,0.049380255,0.049081222,0.061090089,0.059321856,0.057695589,0.056181551,0.054759818
7/18/2023,0.001499997,0.033951004,0.033902196,0.040789596,0.049380255,0.049077963,0.061090089,0.059331128,0.057691282,0.056177534,0.054759818
7/17/2023,0.001499997,0.033951004,0.033900624,0.040789596,0.049380255,0.049081222,0.061090089,0.059331128,0.057699897,0.056173518,0.054759818
7/14/2023,0.001499991,0.033951004,0.033902196,0.040785054,0.049376943,0.049077963,0.06108508,0.059331128,0.057699897,0.056181551,0.054759818
7/13/2023,0.001499997,0.033949427,0.033902196,0.040789596,0.049373631,0.049074704,0.061080072,0.059326491,0.057699897,0.056181551,0.054759818
7/12/2023,0.001499997,0.033947849,0.033902196,0.040789596,0.049380255,0.049081222,0.061090089,0.059321856,0.057695589,0.056181551,0.054759818
7/11/2023,0.001499997,0.033951004,0.033902196,0.040789596,0.049380255,0.049081222,0.061090089,0.059331128,0.057691282,0.056177534,0.054759818
7/10/2023,0.001499997,0.033951004,0.033900624,0.040789596,0.049380255,0.049081222,0.061090089,0.059331128,0.057699897,0.056173518,0.054759818
7/7/2023,0.001499991,0.033951004,0.033902196,0.040785054,0.049376943,0.049077963,0.06108508,0.059331128,0.057699897,0.056181551,0.054759818
7/6/2023,0.001499997,0.033949427,0.033902196,0.040789596,0.049373631,0.049074704,0.061080072,0.059326491,0.057699897,0.056181551,0.054759818
7/5/2023,0.001499997,0.033947849,0.033902196,0.040789596,0.049380255,0.049081222,0.061090089,0.059321856,0.057695589,0.056181551,0.054759818
7/4/2023,0.001499997,0.033951004,0.033900624,0.040789596,0.049380255,0.049081222,0.061090089,0.059331128,0.057691282,0.056177534,0.054759818
7/3/2023,0.001499997,0.033951004,0.033899053,0.040789596,0.049380255,0.049081222,0.061090089,0.059331128,0.057699897,0.056173518,0.054759818
6/30/2023,0.001499991,0.033951004,0.033903767,0.040785054,0.049373631,0.049077963,0.06108508,0.059331128,0.057699897,0.056181551,0.054759818
6/29/2023,0.001499997,0.033949427,0.033903767,0.040789596,0.049383568,0.049084482,0.061080072,0.059326491,0.057699897,0.056181551,0.054759818
6/28/2023,0.001499997,0.033952581,0.033903767,0.040789596,0.049383568,0.049084482,0.061090089,0.059321856,0.057695589,0.056181551,0.054759818
6/27/2023,0.001499997,0.033952581,0.033902196,0.040789596,0.049383568,0.049084482,0.061090089,0.059331128,0.057691282,0.056177534,0.054759818
6/26/2023,0.001499997,0.033952581,0.033900624,0.040789596,0.049383568,0.049084482,0.061090089,0.059331128,0.057699897,0.056173518,0.054759818
6/23/2023,0.001499991,0.033951004,0.033903767,0.040785054,0.049376943,0.049077963,0.06108508,0.059331128,0.057699897,0.056181551,0.054759818
6/22/2023,0.001499997,0.033949427,0.033903767,0.040789596,0.049383568,0.049084482,0.061080072,0.059326491,0.057699897,0.056181551,0.054759818
6/21/2023,0.001499997,0.037442327,0.03738298,0.043263254,0.05182094,0.051491865,0.063438774,0.061536154,0.060486514,0.058170145,0.056651476
6/20/2023,0.001499997,0.037442327,0.03738107,0.043263254,0.05182094,0.051491865,0.063438774,0.061546116,0.060481793,0.05816585,0.056651476
6/19/2023,0.001499997,0.037442327,0.03737916,0.043263254,0.05182094,0.051491865,0.06578194,0.061546116,0.060491236,0.058161556,0.056651476
6/16/2023,0.001499991,0.04092878,0.040860171,0.045729662,0.054247346,0.053887054,0.065776141,0.063311059,0.06187818,0.060143036,0.05852539
6/15/2023,0.001499997,0.040926488,0.040860171,0.04573537,0.054255337,0.053894905,0.065770344,0.063305794,0.06187818,0.060143036,0.05852539
6/14/2023,0.001499997,0.040931073,0.040860171,0.04573537,0.054255337,0.053894905,0.06578194,0.063300529,0.061873246,0.060143036,0.05852539
6/13/2023,0.001499997,0.040931073,0.04085789,0.04573537,0.054255337,0.053894905,0.06578194,0.063311059,0.061868313,0.060138456,0.05852539
6/12/2023,0.001499997,0.040931073,0.040855608,0.04573537,0.054255337,0.053894905,0.06578194,0.063311059,0.06187818,0.060133877,0.05852539
6/9/2023,0.001499991,0.04092878,0.040860171,0.045729662,0.054247346,0.053887054,0.065776141,0.063311059,0.06187818,0.060143036,0.05852539
6/8/2023,0.001499997,0.040926488,0.040860171,0.04573537,0.054255337,0.053894905,0.065770344,0.063305794,0.06187818,0.060143036,0.05852539
6/7/2023,0.001499997,0.040931073,0.040860171,0.04573537,0.054255337,0.053894905,0.06578194,0.063300529,0.061873246,0.060143036,0.05852539
6/6/2023,0.001499997,0.040931073,0.04085789,0.04573537,0.054255337,0.053894905,0.06578194,0.063311059,0.061868313,0.060138456,0.05852539
6/5/2023,0.001499997,0.040931073,0.040855608,0.04573537,0.054255337,0.053894905,0.06578194,0.063311059,0.06187818,0.060133877,0.05852539
6/2/2023,0.001499991,0.04092878,0.040860171,0.045726809,0.054247346,0.053887054,0.065776141,0.063311059,0.06187818,0.060143036,0.05852539
6/1/2023,0.001499997,0.040926488,0.040860171,0.045723956,0.054255337,0.053894905,0.065770344,0.063305794,0.06187818,0.060143036,0.05852539
5/31/2023,0.001499997,0.040931073,0.040860171,0.04573537,0.054255337,0.053894905,0.06578194,0.063300529,0.061873246,0.060143036,0.05852539
5/30/2023,0.001499997,0.04092878,0.04085789,0.04573537,0.054251341,0.053890979,0.06578194,0.063311059,0.061868313,0.060138456,0.05852539
5/29/2023,0.001499997,0.04092878,0.040855608,0.04573537,0.054251341,0.053887054,0.06578194,0.063311059,0.06187818,0.060133877,0.05852539
5/26/2023,0.001499991,0.04092878,0.040860171,0.045729662,0.054247346,0.053887054,0.069513124,0.063311059,0.06187818,0.060143036,0.05852539
5/25/2023,0.001499997,0.040926488,0.040860171,0.04573537,0.057159394,0.056999224,0.069506657,0.066816487,0.065183469,0.063267608,0.061487566
5/24/2023,0.001499997,0.04590461,0.045824085,0.050674985,0.057168261,0.056994837,0.069519593,0.066810636,0.065178011,0.063267608,0.061487566
5/23/2023,0.001499997,0.045910376,0.045821216,0.050674985,0.057168261,0.057003612,0.069519593,0.066822339,0.065172554,0.06326256,0.061487566
5/22/2023,0.001499997,0.045910376,0.045818347,0.050674985,0.057168261,0.057003612,0.069519593,0.066822339,0.065183469,0.063257514,0.061487566
5/19/2023,0.001499991,0.045910376,0.045824085,0.050667981,0.056435111,0.056285058,0.069513124,0.066822339,0.065183469,0.063267608,0.061487566
5/18/2023,0.001499997,0.045907492,0.045824085,0.050674985,0.05643079,0.056280779,0.069506657,0.066816487,0.065183469,0.063267608,0.061487566
5/17/2023,0.001499997,0.04590461,0.045824085,0.050674985,0.056439433,0.056276502,0.069519593,0.066810636,0.065178011,0.063267608,0.061487566
5/16/2023,0.001499997,0.045910376,0.045821216,0.050674985,0.056439433,0.056285058,0.069519593,0.066822339,0.065172554,0.06326256,0.061487566
5/15/2023,0.001499997,0.045910376,0.045818347,0.050674985,0.056439433,0.056285058,0.069519593,0.066822339,0.065183469,0.063257514,0.061487566
5/12/2023,0.001499991,0.045910376,0.045824085,0.050667981,0.057163827,0.056990452,0.069513124,0.066822339,0.065183469,0.063267608,0.061487566
5/11/2023,0.001499997,0.045907492,0.045824085,0.050674985,0.057159394,0.056986067,0.069506657,0.067253591,0.065183469,0.063267608,0.061487566
5/10/2023,0.001499997,0.048891781,0.048800457,0.053635805,0.057168261,0.056981683,0.069519593,0.067247665,0.065178011,0.063267608,0.061487566
5/9/2023,0.001499997,0.048898322,0.048797204,0.053635805,0.057168261,0.0569773,0.069519593,0.067259518,0.065172554,0.06326256,0.061487566
5/8/2023,0.001499997,0.048898322,0.048793951,0.053635805,0.057168261,0.056972918,0.069519593,0.067259518,0.065183469,0.063257514,0.061487566
5/5/2023,0.001499991,0.048898322,0.048800457,0.05362796,0.057163827,0.057003612,0.069513124,0.067259518,0.065183469,0.063267608,0.061487566
5/4/2023,0.001499997,0.048895051,0.048800457,0.053635805,0.057159394,0.056999224,0.069519593,0.067253591,0.065183469,0.063267608,0.061487566
4/28/2023,0.001499982,0.048898322,0.048800457,0.053639729,0.057163827,0.057003612,0.069493728,0.067259518,0.065183469,0.063267608,0.061487566
4/27/2023,0.001499997,0.048895051,0.048800457,0.053639729,0.057172696,0.056999224,0.069487266,0.067253591,0.065178011,0.063267608,0.061487566
4/26/2023,0.001499997,0.048901593,0.048800457,0.053639729,0.057172696,0.057008,0.069519593,0.067259518,0.065172554,0.063267608,0.061487566
4/25/2023,0.001499997,0.048901593,0.048797204,0.053639729,0.057172696,0.057008,0.069519593,0.067259518,0.065167099,0.06326256,0.061487566
4/24/2023,0.001499997,0.048901593,0.048793951,0.053639729,0.057172696,0.057008,0.069519593,0.067259518,0.065183469,0.063257514,0.061487566
4/21/2023,0.001499991,0.048898322,0.048800457,0.053639729,0.057163827,0.057003612,0.069513124,0.067259518,0.065183469,0.063267608,0.061487566
4/20/2023,0.001499997,0.048895051,0.048800457,0.053639729,0.057172696,0.056999224,0.069506657,0.067253591,0.065183469,0.063267608,0.061487566
4/19/2023,0.001499997,0.048901593,0.048800457,0.053639729,0.057172696,0.057008,0.069519593,0.067247665,0.065178011,0.063267608,0.061487566
4/18/2023,0.001499997,0.048901593,0.048797204,0.053639729,0.057172696,0.057008,0.069513124,0.067259518,0.065172554,0.06326256,0.061487566
4/17/2023,0.001499997,0.048901593,0.048793951,0.053639729,0.057172696,0.057008,0.069519593,0.067259518,0.065183469,0.063257514,0.061487566
4/14/2023,0.001499991,0.048898322,0.048800457,0.053639729,0.057163827,0.057003612,0.069513124,0.067259518,0.065183469,0.063267608,0.061487566
4/13/2023,0.001499997,0.048895051,0.048800457,0.053639729,0.057172696,0.056999224,0.069506657,0.067253591,0.065183469,0.063267608,0.061487566
4/12/2023,0.001499997,0.048901593,0.048800457,0.053639729,0.057172696,0.057008,0.069519593,0.067247665,0.065178011,0.063267608,0.061487566
4/11/2023,0.001499997,0.048901593,0.048797204,0.053639729,0.057172696,0.057008,0.069519593,0.067259518,0.065172554,0.06326256,0.061487566
4/10/2023,0.001499997,0.048901593,0.048793951,0.053639729,0.057172696,0.057008,0.069519593,0.067259518,0.065183469,0.063257514,0.061487566
4/7/2023,0.001499991,0.048898322,0.048800457,0.053639729,0.057163827,0.057003612,0.069513124,0.067253591,0.065183469,0.063267608,0.061487566
4/6/2023,0.001499997,0.048895051,0.048800457,0.053639729,0.057172696,0.056999224,0.069506657,0.067247665,0.065183469,0.063267608,0.061487566
4/5/2023,0.001499997,0.048901593,0.048800457,0.053639729,0.057172696,0.057008,0.069519593,0.06724174,0.065178011,0.063267608,0.061487566
4/4/2023,0.001499997,0.048901593,0.048797204,0.053639729,0.057172696,0.057008,0.069519593,0.067259518,0.065172554,0.06326256,0.061487566
4/3/2023,0.001999995,0.048898322,0.048793951,0.053639729,0.057172696,0.057008,0.069519593,0.067259518,0.065183469,0.063257514,0.061487566
3/31/2023,0.001999984,0.048888512,0.048800457,0.053639729,0.057163827,0.056999224,0.069513124,0.067259518,0.065183469,0.063267608,0.061487566
3/30/2023,0.001999995,0.048885243,0.048800457,0.053635805,0.057159394,0.056994837,0.069506657,0.067253591,0.065183469,0.063267608,0.061487566
3/29/2023,0.001999995,0.048881975,0.048800457,0.053635805,0.057168261,0.057008,0.069519593,0.067247665,0.065178011,0.063267608,0.061487566
3/28/2023,0.001999995,0.048898322,0.048797204,0.053635805,0.057168261,0.057008,0.069519593,0.067259518,0.065172554,0.06326256,0.061487566
3/27/2023,0.001999995,0.048898322,0.048793951,0.053635805,0.057168261,0.057008,0.069519593,0.067259518,0.065183469,0.063257514,0.061487566
3/24/2023,0.001999984,0.048898322,0.048800457,0.05362796,0.057163827,0.057003612,0.069513124,0.067259518,0.065183469,0.063267608,0.061487566
3/23/2023,0.001999995,0.048895051,0.048800457,0.053635805,0.057159394,0.056999224,0.069506657,0.067253591,0.065183469,0.063267608,0.061487566
3/22/2023,0.001999995,0.048891781,0.048800457,0.053635805,0.057168261,0.057008,0.069519593,0.067247665,0.065178011,0.063267608,0.061487566
3/21/2023,0.001999995,0.048898322,0.048797204,0.053635805,0.057168261,0.057008,0.069519593,0.067259518,0.065172554,0.06326256,0.061487566
3/20/2023,0.001999995,0.048898322,0.048793951,0.053635805,0.057168261,0.057008,0.069519593,0.067259518,0.065183469,0.063257514,0.061487566
3/17/2023,0.001999984,0.048898322,0.048800457,0.05362796,0.057163827,0.057003612,0.069513124,0.067259518,0.065183469,0.063267608,0.061487566
3/16/2023,0.001999995,0.048895051,0.048800457,0.053635805,0.057159394,0.056999224,0.069506657,0.067253591,0.065183469,0.063267608,0.061487566
3/15/2023,0.001999995,0.048891781,0.048800457,0.053635805,0.057168261,0.057008,0.069519593,0.067247665,0.065178011,0.063267608,0.061487566
3/14/2023,0.001999995,0.048898322,0.048797204,0.053635805,0.057168261,0.057008,0.069519593,0.067259518,0.065172554,0.06326256,0.061487566
3/13/2023,0.001999995,0.048898322,0.048793951,0.053635805,0.057168261,0.057008,0.069519593,0.067259518,0.065183469,0.063257514,0.061487566
3/10/2023,0.001999984,0.048898322,0.048800457,0.05362796,0.057163827,0.057003612,0.071376363,0.067259518,0.065183469,0.063267608,0.061487566
3/9/2023,0.001999995,0.048895051,0.048800457,0.053635805,0.057159394,0.056999224,0.071369549,0.067253591,0.065183469,0.063267608,0.061487566
3/8/2023,0.001999995,0.048891781,0.048800457,0.053635805,0.057168261,0.057008,0.071383179,0.067247665,0.065178011,0.063267608,0.061487566
3/7/2023,0.001999995,0.048898322,0.048797204,0.053635805,0.057168261,0.057008,0.071383179,0.067259518,0.065172554,0.06326256,0.061487566
3/6/2023,0.001999995,0.048898322,0.048793951,0.053635805,0.057168261,0.057008,0.071383179,0.067259518,0.065183469,0.063257514,0.061487566
3/3/2023,0.001999984,0.048898322,0.048797204,0.05362796,0.059343586,0.059156934,0.071376363,0.069004416,0.066823892,0.064815361,0.062952344
3/2/2023,0.001999995,0.048895051,0.048793951,0.053635805,0.059338811,0.059152211,0.071369549,0.068998184,0.066823892,0.064815361,0.062952344
3/1/2023,0.001999995,0.048891781,0.048790699,0.053635805,0.059334036,0.059161658,0.071383179,0.068991954,0.066818165,0.064815361,0.062952344
2/28/2023,0.001999995,0.048908137,0.048806965,0.053643653,0.059367479,0.059171108,0.071389996,0.069004416,0.066812439,0.064810074,0.062957246
2/27/2023,0.001999995,0.048908137,0.048806965,0.053639729,0.059362698,0.059171108,0.071389996,0.069004416,0.066823892,0.064804788,0.062952344
2/24/2023,0.001999984,0.048908137,0.048806965,0.053647578,0.059367479,0.059171108,0.071376363,0.069004416,0.066823892,0.064815361,0.062957246
2/23/2023,0.001999995,0.048908137,0.048803711,0.053647578,0.059367479,0.059171108,0.071389996,0.068998184,0.066823892,0.064815361,0.062957246
2/22/2023,0.001999995,0.048908137,0.048800457,0.053647578,0.059367479,0.059171108,0.071389996,0.068991954,0.066818165,0.064815361,0.062957246
2/21/2023,0.001999995,0.048908137,0.048806965,0.053643653,0.059367479,0.059171108,0.071389996,0.069004416,0.066812439,0.064810074,0.062957246
2/20/2023,0.001999995,0.048908137,0.048806965,0.053639729,0.059362698,0.059171108,0.071389996,0.069004416,0.066806715,0.064804788,0.062952344
2/17/2023,0.001999984,0.048908137,0.048806965,0.053647578,0.059367479,0.059171108,0.071376363,0.069004416,0.066789549,0.064815361,0.062957246
2/16/2023,0.001999995,0.048908137,0.048803711,0.053647578,0.059367479,0.059171108,0.071389996,0.068998184,0.06678383,0.064815361,0.062957246
2/15/2023,0.001999995,0.048908137,0.048800457,0.053647578,0.059367479,0.059171108,0.071389996,0.068991954,0.066778112,0.064815361,0.062957246
2/14/2023,0.001999995,0.048908137,0.048806965,0.053643653,0.059367479,0.059171108,0.071383179,0.069004416,0.066772396,0.064810074,0.062957246
2/13/2023,0.001999995,0.048908137,0.048806965,0.053639729,0.059362698,0.059171108,0.071376363,0.069004416,0.066823892,0.064804788,0.062952344
2/10/2023,0.001999984,0.048908137,0.048806965,0.053647578,0.059367479,0.059171108,0.071355926,0.069004416,0.066823892,0.064815361,0.062957246
2/9/2023,0.001999995,0.048908137,0.048803711,0.053647578,0.059367479,0.059171108,0.071349117,0.068998184,0.066823892,0.064815361,0.062957246
2/8/2023,0.001999995,0.048908137,0.048800457,0.053647578,0.059367479,0.059171108,0.07134231,0.068991954,0.066818165,0.064815361,0.062957246
2/7/2023,0.001999995,0.048908137,0.048806965,0.053643653,0.059367479,0.059171108,0.071389996,0.069004416,0.066812439,0.064810074,0.062957246
2/6/2023,0.001999995,0.048908137,0.048806965,0.053639729,0.059362698,0.059171108,0.071389996,0.069004416,0.066823892,0.064804788,0.062952344
2/3/2023,0.001999984,0.048908137,0.048806965,0.053643653,0.059367479,0.059171108,0.071376363,0.069004416,0.066823892,0.064815361,0.062957246
2/2/2023,0.001999995,0.048908137,0.048803711,0.053639729,0.059367479,0.059171108,0.071389996,0.068998184,0.066823892,0.064815361,0.062957246
2/1/2023,0.001999995,0.048908137,0.048800457,0.053635805,0.059367479,0.059171108,0.071389996,0.068991954,0.066818165,0.064815361,0.062957246
1/31/2023,0.001999995,0.048908137,0.048806965,0.053631882,0.059367479,0.059171108,0.071389996,0.068985725,0.066812439,0.064810074,0.062957246
1/30/2023,0.001999995,0.048904865,0.048806965,0.05362796,0.059362698,0.059171108,0.071389996,0.068979498,0.066823892,0.064804788,0.062952344
1/27/2023,0.001999984,0.048898322,0.048806965,0.053643653,0.059367479,0.059171108,0.071376363,0.068960826,0.066823892,0.064815361,0.062957246
1/19/2023,0.001999956,0.048895051,0.048803711,0.053643653,0.059367479,0.059171108,0.071389996,0.068998184,0.066823892,0.064815361,0.062957246
1/18/2023,0.001999995,0.048891781,0.048800457,0.053643653,0.059367479,0.059171108,0.071389996,0.068991954,0.066818165,0.064815361,0.062957246
1/17/2023,0.001999995,0.048898322,0.048806965,0.053643653,0.059367479,0.059171108,0.071389996,0.069004416,0.066812439,0.064810074,0.062957246
1/16/2023,0.001999995,0.048898322,0.048806965,0.053639729,0.059362698,0.059171108,0.071389996,0.069004416,0.066823892,0.064804788,0.062952344
1/13/2023,0.001999984,0.048898322,0.048806965,0.053643653,0.059367479,0.059171108,0.071376363,0.069004416,0.066823892,0.064815361,0.062957246
1/12/2023,0.001999995,0.048895051,0.048803711,0.053643653,0.059367479,0.059171108,0.071389996,0.068998184,0.066823892,0.064815361,0.062957246
1/11/2023,0.001999995,0.048891781,0.048800457,0.053643653,0.059367479,0.059171108,0.071389996,0.068991954,0.066818165,0.064815361,0.062957246
1/10/2023,0.001999995,0.048898322,0.048806965,0.053643653,0.059367479,0.059171108,0.071389996,0.069004416,0.066823892,0.064810074,0.062957246
1/9/2023,0.001999995,0.048898322,0.048806965,0.053639729,0.059362698,0.059171108,0.071389996,0.069004416,0.066823892,0.064804788,0.062952344
1/6/2023,0.001999984,0.048898322,0.048806965,0.053643653,0.059367479,0.059171108,0.071376363,0.069004416,0.066823892,0.064815361,0.062957246
1/5/2023,0.001999995,0.048895051,0.048803711,0.053643653,0.059367479,0.059171108,0.071389996,0.068998184,0.066823892,0.064815361,0.062957246
1/4/2023,0.001999995,0.048891781,0.048800457,0.053643653,0.059367479,0.059171108,0.071389996,0.068991954,0.066818165,0.064815361,0.062957246
1/3/2023,0.001999995,0.048898322,0.048806965,0.053643653,0.059367479,0.059171108,0.071389996,0.069004416,0.066812439,0.064810074,0.062957246
