Date,3M,6M,9M,1Y,15M,18M,21M,2Y,27M,30M,33M,3Y
2024-06-03,0.0212119745423046,0.025309029161382737,0.02806930940222346,0.031132296220350787,0.03473473845501589,0.037559741046047423,0.04125428295975808,0.044167543144069815,0.048006791815845454,0.05139768980660259,0.05448400795076017,0.057644207086029936
2024-06-04,0.021215088542304597,0.025309029161382737,0.02806930940222346,0.031132296220350787,0.03477452945501589,0.037559741046047423,0.04125428295975808,0.044167543144069815,0.048006391815845456,0.05139768980660259,0.05455414895076017,0.057644207086029936
2024-06-05,0.021076762542304596,0.025309029161382737,0.02806930940222346,0.031132296220350787,0.03477490245501589,0.037559741046047423,0.04125428295975808,0.044167543144069815,0.048001913815845454,0.05139302280660259,0.05455414895076017,0.05764002108602993
2024-06-06,0.021215088542304597,0.02482113816138274,0.02806930940222346,0.031132296220350787,0.03476783845501589,0.03755824704604742,0.04125428295975808,0.044163060144069816,0.04799680081584545,0.05139156680660258,0.05454972695076017,0.057635892086029934
2024-06-07,0.0212088605423046,0.02469762516138274,0.02803076340222346,0.031125472220350784,0.03476840845501589,0.03755753304604742,0.04124969295975808,0.04415764814406981,0.048001042815845454,0.05139479580660258,0.05454592495076017,0.057635365086029934
2024-06-10,0.021215088542304597,0.024704026161382737,0.02803076340222346,0.031132296220350787,0.03477452945501589,0.037565195046047425,0.04125497195975808,0.044167543144069815,0.048006391815845456,0.05140138980660259,0.05455463695076017,0.057644207086029936
2024-06-11,0.021215088542304597,0.024704026161382737,0.02803076340222346,0.031132296220350787,0.03477452945501589,0.037565195046047425,0.04125497195975808,0.044167543144069815,0.048006391815845456,0.05140138980660259,0.05455463695076017,0.057644207086029936
2024-06-12,0.021215088542304597,0.024704026161382737,0.02803076340222346,0.031198858220350786,0.034851329455015886,0.03764253804604742,0.04125497195975808,0.044165645144069815,0.04799916281584546,0.05139390180660259,0.05455463695076017,0.057638607086029935
2024-06-13,0.021215088542304597,0.024704026161382737,0.02803076340222346,0.031198858220350786,0.03476783845501589,0.037636623046047424,0.04125497195975808,0.04416116814406981,0.04799680081584545,0.05138945780660258,0.05455021495076017,0.05763447608602994
2024-06-14,0.021347145542304602,0.02469762516138274,0.02803076340222346,0.031192016220350786,0.03476802945501589,0.03763485904604742,0.04124969295975808,0.044155744144069815,0.048000806815845454,0.051391972806602584,0.05454592495076017,0.057633940086029935
2024-06-17,0.021501606542304597,0.024948001161382738,0.028146397402223456,0.03141753022035079,0.03513851345501589,0.03800766304604743,0.04162206195975808,0.04456915814406981,0.04844719281584546,0.05176157580660259,0.05511977895076017,0.058317457086029936
2024-06-18,0.021501606542304597,0.024948001161382738,0.028146397402223456,0.03141753022035079,0.03510012245501589,0.03790133704604742,0.04129176595975807,0.04401307614406981,0.047886797815845455,0.051119112806602585,0.054481500950760174,0.057523179086029934
2024-06-19,0.021501606542304597,0.02457714716138274,0.02806930940222346,0.03135098322035079,0.03503293545501589,0.03782736804604743,0.04121542195975808,0.043936920144069816,0.04780553281584546,0.051040052806602586,0.05436530495076017,0.05741269808602994
2024-06-20,0.0213534105423046,0.024333127161382737,0.02799221640222346,0.03127492322035079,0.03494980945501589,0.03774628304604742,0.04113907295975808,0.043856625144069815,0.047724572815845454,0.05096034580660259,0.05429482495076017,0.05733275708602994
2024-06-21,0.021347145542304602,0.023838819161382738,0.02799221640222346,0.03126806122035079,0.03495038545501589,0.037749021046047423,0.04113381995975808,0.04385119714406981,0.04772877381584545,0.050965831806602586,0.05429055295076017,0.05733218808602993
2024-06-24,0.0213929305423046,0.02408907716138274,0.02792475640222346,0.031198858220350786,0.03485084945501589,0.03764809304604742,0.04106254695975807,0.04379488714406981,0.04765867181584546,0.050905087806602585,0.05422294695076017,0.05726471008602994
2024-06-25,0.0213929305423046,0.02408907716138274,0.02792475640222346,0.031198858220350786,0.03485084945501589,0.03764809304604742,0.04106254695975807,0.04379488714406981,0.04765867181584546,0.050905087806602585,0.05422294695076017,0.05726471008602994
2024-06-26,0.0212052085423046,0.024762583161382738,0.02792475640222346,0.031198858220350786,0.034851356455015886,0.03764201004604742,0.04106254695975807,0.04379488714406981,0.047654359815845454,0.050896451806602586,0.05422294695076017,0.057260587086029935
2024-06-27,0.0214225695423046,0.024918726161382743,0.02822348140222346,0.03127492322035079,0.03484406045501589,0.03763469104604743,0.04105723295975808,0.04378834614406981,0.047649110815845455,0.05089106680660259,0.05421482695076017,0.05725489708602993
2024-06-28,0.0218804865423046,0.025204926161382736,0.028753312402223456,0.03156267922035079,0.03535192245501589,0.03807477104604742,0.041275675959758076,0.044037862144069816,0.047448728815845456,0.05075639280660259,0.05415468795076017,0.05743878408602993
2024-07-01,0.0220153115423046,0.025204926161382736,0.02874990140222346,0.031569621220350785,0.03535783845501589,0.03806808604604743,0.04127996095975808,0.04404777314406981,0.047453871815845455,0.050748357806602584,0.05416317195076017,0.057447637086029936
2024-07-02,0.021886891542304596,0.025061850161382737,0.02874990140222346,0.031569621220350785,0.03535818845501589,0.03807483104604742,0.04127996095975808,0.04404777314406981,0.047454083815845455,0.050749768806602584,0.05416317195076017,0.057447637086029936
2024-07-03,0.021639918542304598,0.024983796161382736,0.02874990140222346,0.03135098322035079,0.03529168845501589,0.03800124104604742,0.04120225295975807,0.043975944144069815,0.04738319881584545,0.05067914080660259,0.05408178995076017,0.05737068408602994
2024-07-04,0.021639918542304598,0.024977322161382737,0.02874990140222346,0.03135098322035079,0.035284863455015886,0.03799943604604743,0.04119703395975807,0.04397152014406981,0.04737824281584545,0.050681542806602586,0.05407750195076017,0.05736657408602994
2024-07-05,0.021495303542304597,0.02498055916138274,0.02873967240222346,0.03141062922035079,0.035352992455015886,0.038082149046047425,0.04126767095975807,0.044042203144069814,0.04738043781584546,0.050614154806602585,0.05407300095076017,0.057048490086029933
2024-07-08,0.0223412815423046,0.025061850161382737,0.029067656402223457,0.03141753022035079,0.03535695045501589,0.038161166046047426,0.041274252959758076,0.044052099144069816,0.04738438581584545,0.050612495806602584,0.05407902995076017,0.057057265086029936
2024-07-09,0.0230523965423046,0.02543256416138274,0.029712561402223458,0.03182622322035078,0.03572917445501589,0.03841868904604742,0.041447163959758074,0.044186780144069814,0.04755815481584545,0.050785201806602585,0.05426391395076017,0.05720393308602994
2024-07-10,0.0230523965423046,0.02543256416138274,0.029712561402223458,0.03182622322035078,0.03572917445501589,0.03841868904604742,0.041447163959758074,0.044186780144069814,0.04755362481584545,0.05078743580660259,0.05425961495076017,0.05719987208602993
2024-07-11,0.0230523965423046,0.02542597116138274,0.029712561402223458,0.03182622322035078,0.03572224845501589,0.03841076904604743,0.04144193695975808,0.04418234314406981,0.04754858981584545,0.050783038806602586,0.05425527795076017,0.057195724086029937
2024-07-12,0.023045681542304595,0.02542926716138274,0.02970547940222346,0.03174320822035079,0.03556931545501589,0.03833893604604742,0.04143796395975807,0.04417898014406981,0.04755773781584545,0.05079083680660259,0.054256021950760173,0.05719669808602994
2024-07-15,0.0229141345423046,0.025364280161382737,0.029385335402223458,0.03167417022035078,0.035508905455015886,0.03826469404604743,0.04137537195975807,0.04411308014406981,0.04748678581584545,0.050716149806602585,0.05419099795076017,0.057129707086029935
2024-07-16,0.022765990542304597,0.025286238161382736,0.029067656402223457,0.031607640220350786,0.03543255345501589,0.03818809504604742,0.041303389959758074,0.04404669214406981,0.047410737815845455,0.050635456806602586,0.05411794795076017,0.057053260086029935
2024-07-17,0.022627718542304595,0.025208193161382737,0.02874990140222346,0.031531600220350786,0.03543293145501589,0.038182788046047425,0.04130910095975808,0.04404885414406981,0.04740644581584545,0.050631412806602584,0.05411766795076017,0.05705081408602994
2024-07-18,0.022627718542304595,0.02513338616138274,0.02842243840222346,0.03145555522035079,0.03534933845501589,0.03811395504604742,0.04124173995975808,0.04396855814406981,0.04733503781584546,0.050567093806602584,0.05404005995076017,0.056980954086029934
2024-07-19,0.022482876542304596,0.02505860316138274,0.02841570640222346,0.03144864322035079,0.035350249455015886,0.038120089046047426,0.04123795895975807,0.04396309414406981,0.04733937881584545,0.050572536806602585,0.05404090495076017,0.056980342086029936
2024-07-22,0.022489441542304596,0.025061850161382737,0.028364642402223462,0.03145555522035079,0.03535654645501589,0.03812250304604743,0.041248022959758074,0.04397297414406981,0.047344743815845455,0.050574131806602585,0.05404937395076017,0.05698910708602994
2024-07-23,0.0223412815423046,0.025061850161382737,0.02842243840222346,0.031531600220350786,0.03535695045501589,0.03812250304604743,0.04124698495975808,0.043970814144069816,0.04734498881584545,0.05056969280660258,0.05404864295076017,0.05698750708602993
2024-07-24,0.022489441542304596,0.025364280161382737,0.02874990140222346,0.03163615422035079,0.03543330845501589,0.03818135604604743,0.04130910095975808,0.044045881144069814,0.04740667381584546,0.050630463806602584,0.05411766795076017,0.05704861608602994
2024-07-25,0.0224203015423046,0.025334711161382736,0.02874990140222346,0.03163615422035079,0.03542664345501589,0.03816254704604742,0.04130122995975807,0.044041462144069815,0.04740180581584545,0.050621602806602585,0.054110138950760174,0.057044490086029936
2024-07-26,0.022265632542304598,0.025337995161382743,0.02874990140222346,0.03162919322035079,0.03542760045501589,0.038167943046047426,0.04130385695975808,0.044035963144069816,0.04740618381584545,0.05062658280660259,0.05411550595076017,0.057043862086029934
2024-07-29,0.0224203015423046,0.02534784716138274,0.02874990140222346,0.03163615422035079,0.03535673445501589,0.03817522604604742,0.04130910095975808,0.044045881144069814,0.04741380381584545,0.050631396806602585,0.05412196695076017,0.05705265908602994
2024-07-30,0.022568457542304597,0.02531213316138274,0.02873285540222346,0.031569621220350785,0.035289161455015886,0.03814903204604743,0.04125343095975807,0.044008754144069816,0.04730739681584545,0.05052057480660259,0.053982357950760174,0.05694471708602993
2024-07-31,0.022568457542304597,0.025315414161382742,0.028736263402223457,0.031750199220350786,0.035289161455015886,0.03821309704604743,0.04139997995975808,0.04422796414406981,0.04730288981584545,0.05051522380660259,0.05420695195076017,0.057310801086029935
2024-08-01,0.0226869785423046,0.025318695161382743,0.02873967240222346,0.031750199220350786,0.03528202645501589,0.03821852704604743,0.041405818959758076,0.04422351214406981,0.04729773881584545,0.050522389806602584,0.054214599950760174,0.057306649086029934
2024-08-02,0.0225618715423046,0.025321977161382736,0.027857055402223458,0.03174320822035079,0.035282872455015886,0.03822396404604743,0.04142765895975807,0.04421798614406981,0.04730203681584545,0.05052736380660259,0.05423352895076017,0.057306026086029936
2024-08-05,0.0226869785423046,0.025247216161382736,0.027866931402223457,0.03167417022035078,0.03521206945501589,0.03815945904604742,0.041364770959758074,0.04415209814406981,0.04723089381584546,0.05045236880660259,0.05417179695076017,0.05723905608602994
2024-08-06,0.022193116542304596,0.025247216161382736,0.027866931402223457,0.03167417022035078,0.035213411455015886,0.03815945904604742,0.041364770959758074,0.04415209814406981,0.04723170681584546,0.05044796280660259,0.05417179695076017,0.05723905608602994
2024-08-07,0.0220745805423046,0.02510087616138274,0.027384955402223462,0.031531600220350786,0.03499299145501589,0.03800017104604743,0.04118876595975808,0.04400983414406981,0.047155751815845456,0.050380339806602586,0.05410494795076017,0.05717350808602994
2024-08-08,0.021827619542304597,0.02483100216138274,0.02690280640222346,0.03137950322035078,0.03487176245501589,0.037894479046047425,0.04111961395975808,0.04393169814406981,0.047046651815845456,0.05026887580660259,0.05395943895076017,0.05701445508602994
2024-08-09,0.021692838542304596,0.024834219161382738,0.02690280640222346,0.03137261222035079,0.03487265545501589,0.03789984404604743,0.04111430895975808,0.04392624914406981,0.047050947815845456,0.05027379180660259,0.053955187950760174,0.057013854086029936
2024-08-12,0.022440055542304597,0.024837437161382737,0.02690280640222346,0.03137950322035078,0.03487682145501589,0.03790223704604742,0.04111961395975808,0.04393611014406981,0.047055010815845455,0.05027537180660259,0.05396376395076017,0.05702261408602993
2024-08-13,0.022193116542304596,0.025061850161382737,0.027462083402223458,0.03137950322035078,0.03481029345501589,0.037745510046047426,0.041041626959758076,0.043858064144069814,0.04705758681584546,0.05027513980660259,0.05395940195076017,0.05702588608602994
2024-08-14,0.021699193542304596,0.02502282416138274,0.027462083402223458,0.03131295422035078,0.03473482545501589,0.03765155704604743,0.04096388495975807,0.04379165714406981,0.04697758581584545,0.050170680806602586,0.05388228995076017,0.05695545908602993
2024-08-15,0.021827619542304597,0.02501633916138274,0.027462083402223458,0.03131295422035078,0.03472780545501589,0.03764981204604742,0.04096388495975807,0.043787272144069814,0.04697251981584545,0.05017298380660259,0.05387798695076017,0.05695137308602993
2024-08-16,0.021692838542304596,0.02494153616138274,0.027462083402223458,0.031230039220350784,0.03465189645501589,0.03761720104604742,0.04095864595975808,0.043784001144069815,0.04697928281584546,0.05017974780660259,0.05387374895076017,0.056952382086029936
2024-08-19,0.021916527542304595,0.02502282416138274,0.027462083402223458,0.031160823220350787,0.034734239455015886,0.03766637704604743,0.04096388495975807,0.04379596314406981,0.04698170581584546,0.05018940780660259,0.05388228995076017,0.05696271008602993
2024-08-20,0.021916527542304595,0.02502282416138274,0.027462083402223458,0.031160823220350787,0.034734239455015886,0.03766933404604743,0.04096388495975807,0.04379596314406981,0.04698170581584546,0.050188358806602586,0.05388228995076017,0.05696271008602993
2024-08-21,0.021807861542304602,0.02502282416138274,0.027462083402223458,0.031160823220350787,0.03473453245501589,0.03767229004604743,0.04096388495975807,0.04379596314406981,0.04697740781584546,0.050193857806602585,0.05388228995076017,0.05695865308602994
2024-08-22,0.021699193542304596,0.02487002216138274,0.027462083402223458,0.03109425922035079,0.03465136545501589,0.03763315204604742,0.04096388495975807,0.04379784814406981,0.04697521481584545,0.05019846680660259,0.05387798695076017,0.056962084086029936
2024-08-23,0.0215743185423046,0.02479519316138274,0.027462083402223458,0.031087445220350788,0.03465222145501589,0.03763918804604742,0.04095864595975808,0.04378805314406981,0.04697948181584545,0.050203836806602585,0.05387374895076017,0.05695539708602994
2024-08-26,0.0213336505423046,0.02392000616138274,0.027143903402223456,0.03101818022035079,0.03465900345501589,0.03761089404604742,0.04089178495975808,0.04372194114406981,0.04691617181584545,0.05014251780660259,0.05381917595076017,0.05688824208602994
2024-08-27,0.0213336505423046,0.02392000616138274,0.02682564640222346,0.030875517220350788,0.03459179545501589,0.037533532046047424,0.04082938995975807,0.04364790714406981,0.04683951681584546,0.050140876806602584,0.05382580895076017,0.05689450608602994
2024-08-28,0.0212052085423046,0.02392000616138274,0.02666166640222346,0.030875517220350788,0.03459213945501589,0.03752763104604742,0.04083229595975808,0.04364790714406981,0.04683527081584546,0.050136472806602585,0.05382786195076017,0.05689044408602994
2024-08-29,0.0208396205423046,0.023600886161382742,0.026343295402223455,0.030799421220350783,0.03450967845501589,0.03746286604604743,0.04076016295975808,0.04357077414406981,0.04675471381584545,0.05006076980660259,0.05383054495076017,0.05688172808602993
2024-08-30,0.0207050635423046,0.023603944161382742,0.026343295402223455,0.030567263220350787,0.03428977345501589,0.03730816704604742,0.040599396959758074,0.04340815314406981,0.04661830781584546,0.049916657806602587,0.05367210695076017,0.05673540308602994
2024-09-04,0.0207142125423046,0.024261319161382737,0.026343295402223455,0.03058061422035079,0.03429453545501589,0.03730827604604743,0.04060460795975808,0.04343175814406981,0.046622218815845454,0.04992104280660259,0.053680586950760174,0.056754615086029934
2024-09-05,0.0212083225423046,0.024261319161382737,0.026015197402223456,0.03058061422035079,0.03429324145501589,0.03730827604604743,0.04061039795975807,0.043427402144069815,0.04661699981584545,0.04992104280660259,0.05368036795076017,0.056750593086029935
2024-09-06,0.0205956165423046,0.024261319161382737,0.026015197402223456,0.030573937220350785,0.03428826445501589,0.03730827604604743,0.040605169959758075,0.04342211314406981,0.04661319381584546,0.049916672806602586,0.05367620195076017,0.05675006308602994
2024-09-09,0.0205956165423046,0.02425817616138274,0.025696672402223456,0.030428372220350785,0.03414118945501589,0.03708358304604742,0.04024647695975808,0.043211548144069814,0.04646967481584545,0.04976837180660259,0.05347246695076017,0.05637756208602993
2024-09-10,0.020467134542304602,0.024261319161382737,0.025696672402223456,0.030428372220350785,0.034141524455015886,0.03708588604604743,0.04024647695975808,0.043211548144069814,0.04646987881584545,0.04976989980660259,0.05347246695076017,0.05637756208602993
2024-09-11,0.020467134542304602,0.02417343816138274,0.02537807140222346,0.03061867122035079,0.034141524455015886,0.03694160404604742,0.04010616495975808,0.04305983014406981,0.04632208481584546,0.049626451806602585,0.053331714950760174,0.056224332086029935
2024-09-12,0.0202299255423046,0.02383164316138274,0.025049736402223455,0.03039982422035079,0.03395965045501589,0.036722148046047426,0.03988816395975808,0.04283721114406981,0.046097299815845455,0.04940766380660259,0.05310959495076017,0.056002137086029934
2024-09-13,0.0200915465423046,0.02368514116138274,0.02473098040222346,0.030174359220350788,0.03369420445501589,0.03650095004604742,0.03962595595975808,0.042574588144069815,0.045874455815845455,0.04914368580660258,0.05284897995076017,0.05574456008602994
2024-09-16,0.0193798105423046,0.023603944161382742,0.02473098040222346,0.030180930220350784,0.03370247545501589,0.03649938204604743,0.03963101895975808,0.042583977144069814,0.045884556815845454,0.04914690580660259,0.05285721795076017,0.05575293208602994
2024-09-17,0.019528099542304597,0.02352886116138274,0.02473098040222346,0.030104782220350786,0.033557969455015886,0.03650230504604743,0.03963101895975808,0.042586083144069815,0.045888876815845456,0.04914884580660259,0.05285721795076017,0.05575450108602994
2024-09-18,0.0192414025423046,0.023460485161382737,0.02473098040222346,0.030104782220350786,0.033558708455015886,0.03650289704604742,0.03963101895975808,0.042586083144069815,0.045889327815845454,0.04914923880660259,0.05285721795076017,0.055750592086029935
2024-09-19,0.0192414025423046,0.023079488161382743,0.02473098040222346,0.02980965222035079,0.03333768745501589,0.03627400504604743,0.03940723095975808,0.04236551714406981,0.04566532881584545,0.04893091280660258,0.05263101995076017,0.055529923086029935
2024-09-20,0.018964572542304596,0.023079488161382743,0.02473098040222346,0.02980317922035079,0.03333204945501589,0.03627400504604743,0.03940221995975808,0.04236039914406981,0.045661156815845455,0.048926676806602586,0.05262704195076017,0.05552939008602994
2024-09-23,0.018816262542304597,0.023037422161382742,0.025049736402223455,0.02984773822035079,0.03359824145501589,0.03650432104604742,0.039625497959758074,0.04259319514406981,0.04588878281584545,0.04915018380660258,0.05285329195076017,0.05575979808602993
2024-09-24,0.018816262542304597,0.02304040816138274,0.025049736402223455,0.029704907220350785,0.033444491455015886,0.03635174404604742,0.03946983695975807,0.04237258014406981,0.04581479381584545,0.048928443806602585,0.05262870595076017,0.05553983008602994
2024-09-25,0.018816262542304597,0.02304040816138274,0.025049736402223455,0.029704907220350785,0.033444491455015886,0.03635174404604742,0.03946983695975807,0.04237258014406981,0.04581479381584545,0.048928443806602585,0.05262870595076017,0.05553594008602993
2024-09-26,0.018925023542304596,0.02304040816138274,0.02533944740222346,0.029704907220350785,0.03344421145501589,0.03635174404604742,0.03946483595975808,0.042368395144069815,0.04581030381584546,0.048928443806602585,0.05262097895076017,0.055532072086029935
2024-09-27,0.018925023542304596,0.02304040816138274,0.02533944740222346,0.029698462220350785,0.03343783545501589,0.03635174404604742,0.039459841959758074,0.042363295144069814,0.04580567981584545,0.048924213806602584,0.05261698395076017,0.05553155108602994
2024-09-30,0.018925023542304596,0.023037422161382742,0.02533944740222346,0.02955253222035079,0.03330005745501589,0.036204407046047424,0.03924108695975807,0.042152195144069815,0.04559247981584545,0.048772992806602584,0.052553501950760174,0.05515858308602994
2024-10-01,0.0187513315423046,0.022969037161382738,0.02533944740222346,0.029409659220350787,0.033066828455015886,0.03605234704604743,0.03909515895975807,0.04185339714406981,0.04528123281584545,0.048482519806602585,0.052248358950760174,0.054860998086029934
2024-10-02,0.018773907542304596,0.022890881161382742,0.02473098040222346,0.029409659220350787,0.03307118145501589,0.03605302504604742,0.039105586959758076,0.04185339714406981,0.04528110981584546,0.048482967806602585,0.05225576995076017,0.054857211086029936
2024-10-03,0.018773907542304596,0.022890881161382742,0.02473098040222346,0.029333452220350786,0.03307432045501589,0.03605302504604742,0.039105586959758076,0.041851377144069814,0.04528654481584546,0.048478817806602584,0.05225163895076017,0.054854958086029935
2024-10-04,0.018175216542304598,0.022890881161382742,0.02473098040222346,0.029184236220350785,0.03277848345501589,0.03575716604604742,0.03887688595975808,0.04162570614406981,0.04515286181584545,0.04832567280660258,0.05210587595076017,0.054715100086029936
2024-10-07,0.017982918542304598,0.022663226161382742,0.02444113740222346,0.02903809522035079,0.03270766845501589,0.03576244404604742,0.03880886395975808,0.041560760144069814,0.04508154481584545,0.04825425480660259,0.05204016995076017,0.05464868308602994
2024-10-08,0.017982918542304598,0.02258799716138274,0.024006254402223457,0.02897138922035079,0.03270766845501589,0.03568786104604743,0.03873840595975808,0.04148443214406981,0.045012533815845454,0.04818922280660259,0.05193811795076017,0.05446148308602994
2024-10-09,0.017982918542304598,0.022509826161382737,0.024006254402223457,0.02897138922035079,0.03270766845501589,0.035688534046047424,0.03873840595975808,0.04148443214406981,0.045008338815845456,0.04818966880660259,0.05193811795076017,0.05445774208602994
2024-10-10,0.017587365542304598,0.022441423161382743,0.02376459140222346,0.028895148220350785,0.03264137345501589,0.03561168304604742,0.038674376959758075,0.04141409014406981,0.04493429081584545,0.048109085806602586,0.05185931895076017,0.054377591086029936
2024-10-11,0.016692117542304596,0.02083818916138274,0.02376459140222346,0.027840282220350784,0.03263816945501589,0.03558120404604742,0.038630556959758075,0.041466962144069815,0.04489358981584546,0.04803593280660259,0.05181683495076017,0.054397116086029935
2024-10-14,0.0179334765423046,0.02042739816138274,0.02376459140222346,0.027846250220350786,0.032640479455015886,0.03559027104604742,0.038635436959758074,0.04147583014406981,0.04489639881584545,0.048046466806602586,0.05182478195076017,0.054404988086029935
2024-10-15,0.017439022542304596,0.02018284016138274,0.023648577402223456,0.027846250220350786,0.03256481745501589,0.03552458404604743,0.038559524959758076,0.04140741914406981,0.044820693815845455,0.047980579806602586,0.05174891395076017,0.05433708608602993
2024-10-16,0.0169445075423046,0.02067192616138274,0.022961957402223458,0.027521823220350784,0.03248914645501589,0.03544291304604742,0.038493271959758074,0.04141619914406981,0.04475068381584546,0.047900902806602585,0.05168994895076017,0.05425912208602993
2024-10-17,0.0164499295423046,0.02047630616138274,0.022961957402223458,0.027521823220350784,0.03230154945501589,0.03536711404604742,0.03842510595975808,0.04133389014406981,0.04467382781584546,0.04782103380660259,0.05160821995076017,0.054177830086029936
2024-10-18,0.017018447542304596,0.02047630616138274,0.022961957402223458,0.02743960322035079,0.03230072145501589,0.035361621046047426,0.038420234959758076,0.041331270144069815,0.044676761815845456,0.04781698780660259,0.05160440295076017,0.05417900108602994
2024-10-21,0.0176862575423046,0.02076972916138274,0.023600235402223457,0.027684050220350784,0.03245838245501589,0.03551954404604743,0.038560344959758075,0.041480225144069814,0.04482358381584545,0.04797723880660259,0.05174949695076017,0.054337612086029934
2024-10-22,0.018012583542304596,0.02076972916138274,0.023928926402223456,0.028523392220350784,0.032486397455015886,0.03558732804604743,0.03870078595975808,0.041535646144069814,0.04490105081584546,0.048044515806602586,0.05190042395076017,0.05446894108602993
2024-10-23,0.018012583542304596,0.02076972916138274,0.023928926402223456,0.028523392220350784,0.032486397455015886,0.03558732804604743,0.03870078595975808,0.041535646144069814,0.044896865815845455,0.048044515806602586,0.05190042395076017,0.05446518708602994
2024-10-24,0.018012583542304596,0.02076972916138274,0.023928926402223456,0.028523392220350784,0.03248026545501589,0.03558732804604743,0.03870078595975808,0.04153156114406981,0.04489241981584545,0.048040403806602586,0.05189632595076017,0.054461449086029935
2024-10-25,0.019311531542304597,0.02076972916138274,0.024247873402223456,0.028631624220350784,0.03250693445501589,0.03561773604604743,0.03872941495975808,0.04152357914406981,0.04488745681584545,0.04803192280660259,0.05188713195076017,0.054458669086029934
2024-10-28,0.0172156325423046,0.021571534161382737,0.02441214940222346,0.028999978220350785,0.03263496245501589,0.035774063046047425,0.03888721695975808,0.04167899814406981,0.045040902815845454,0.04819236980660259,0.05195740195076017,0.054533771086029935
2024-10-29,0.017139173542304598,0.021571534161382737,0.02441214940222346,0.028999978220350785,0.03263639845501589,0.035774063046047425,0.03888721695975808,0.04167899814406981,0.04504178281584545,0.04819236980660259,0.05195740195076017,0.054533771086029935
2024-10-30,0.0171417795423046,0.021713843161382737,0.02441214940222346,0.028999978220350785,0.03263761745501589,0.03575100504604742,0.03888721695975808,0.04167899814406981,0.04503832781584545,0.048165919806602585,0.05195740195076017,0.054530028086029934
2024-10-31,0.0169960815423046,0.021716663161382738,0.02441214940222346,0.028761713220350784,0.03263306645501589,0.03575098204604743,0.03888721695975808,0.04168137714406981,0.04503484181584545,0.048165392806602585,0.05195331395076017,0.05453106308602994
2024-11-01,0.016998671542304597,0.02171948316138274,0.02441214940222346,0.028755512220350787,0.03263736245501589,0.03575586404604743,0.03888231095975808,0.041676462144069816,0.04504097081584546,0.048171930806602585,0.05194941395076017,0.054530579086029936
2024-11-04,0.017804924542304597,0.02343791116138274,0.025735285402223456,0.029952467220350786,0.03282352145501589,0.03582359204604743,0.03901055795975808,0.04179954614406981,0.04519653481584546,0.04824705080660258,0.05201602695076017,0.05458935908602994
2024-11-05,0.017804924542304597,0.024681142161382737,0.025213913402223457,0.030190448220350784,0.03282352145501589,0.03581519604604742,0.039019475959758076,0.04179306414406981,0.04519653481584546,0.048241495806602586,0.05202234895076017,0.05458455908602994
2024-11-06,0.0175675865423046,0.024681142161382737,0.02489519740222346,0.030190448220350784,0.03290106145501589,0.03589259204604743,0.03910277195975807,0.041871151144069814,0.04525928081584546,0.048318329806602583,0.05210344295076017,0.05464828308602993
2024-11-07,0.0175675865423046,0.024876379161382738,0.02489519740222346,0.030190448220350784,0.03289481845501589,0.03589092104604742,0.03910277195975807,0.04186710814406981,0.04525476381584545,0.04831722480660259,0.05209934895076017,0.054644467086029935
2024-11-08,0.0174139635423046,0.024681142161382737,0.02489519740222346,0.03018387522035079,0.03293431545501589,0.035853895046047426,0.03905892895975807,0.04174484014406981,0.04514928681584546,0.048206269806602586,0.05190653695076017,0.054457005086029936
2024-11-11,0.017419243542304598,0.02467794416138274,0.02630470040222346,0.029428710220350787,0.03293990745501589,0.035851630046047425,0.03903972395975808,0.041774758144069814,0.04515411281584546,0.04820886080660259,0.05189747195076017,0.05448047708602993
2024-11-12,0.017537918542304597,0.024778763161382743,0.02630470040222346,0.029428710220350787,0.03293959845501589,0.03585306004604742,0.03903972395975808,0.041774758144069814,0.04515392381584546,0.048209805806602585,0.05189747195076017,0.05448047708602993
2024-11-13,0.018447643542304597,0.026144957161382737,0.02775127340222346,0.029904865220350785,0.03304299145501589,0.03588006604604743,0.03905387195975808,0.041800843144069816,0.04518440381584546,0.04823056380660259,0.05190856695076017,0.054505955086029935
2024-11-14,0.018526740542304597,0.02682770616138274,0.028233116402223462,0.03006670522035079,0.033158593455015886,0.03601928204604743,0.03919141695975807,0.041938791144069815,0.04529967881584546,0.04838066280660259,0.05205343995076017,0.05464421108602994
2024-11-15,0.024763211542304597,0.02653512816138274,0.028233116402223462,0.03069758422035079,0.03359398345501589,0.03632155804604742,0.039342091959758074,0.04199421614406981,0.045357843815845456,0.048447371806602586,0.05211362595076017,0.05470813708602994
2024-11-18,0.0250961435423046,0.02604402216138274,0.028907405402223457,0.03101818022035079,0.03367273745501589,0.03640077304604743,0.03940333295975808,0.04207298514406981,0.04544586981584546,0.04851954380660259,0.052190986950760174,0.054787526086029936
2024-11-19,0.023941111542304598,0.02629128016138274,0.029918202402223457,0.03085649322035079,0.03375574745501589,0.03640101804604742,0.03938593995975807,0.041999352144069815,0.045369868815845454,0.04845017480660259,0.05209865795076017,0.05471330208602994
2024-11-20,0.0231215265423046,0.025657136161382738,0.028589568402223455,0.030542556220350788,0.03354022245501589,0.03625177004604742,0.03934078395975808,0.042007935144069815,0.04537733981584545,0.048459106806602585,0.05211732895076017,0.05463530908602993
2024-11-21,0.0231215265423046,0.026047402161382738,0.028233116402223462,0.030542556220350788,0.03354339845501589,0.03624840604604743,0.039346913959758076,0.042003887144069815,0.04538279681584545,0.048456892806602585,0.05211764495076017,0.054631468086029936
2024-11-22,0.0234405825423046,0.02629128016138274,0.028233116402223462,0.030535889220350786,0.033619730455015887,0.03624630404604742,0.039346913959758076,0.041998654144069815,0.04538361181584545,0.04845141380660259,0.05211965095076017,0.05463078808602993
2024-11-25,0.024730913542304597,0.02604402216138274,0.028233116402223462,0.030542556220350788,0.03368961545501589,0.036323418046047426,0.039346913959758076,0.042007935144069815,0.04538456081584545,0.04845268080660259,0.05212165095076017,0.05463900008602993
2024-11-26,0.0249776935423046,0.026047402161382738,0.02923479540222346,0.030904051220350785,0.03376580945501589,0.036403126046047424,0.03932969295975808,0.04199805214406981,0.04538176181584545,0.04845155780660259,0.05210950795076017,0.05471234108602994
2024-11-27,0.0250961435423046,0.02629128016138274,0.02897481640222346,0.030980139220350787,0.03384233645501589,0.036478370046047426,0.03940217295975808,0.04207402714406981,0.045453788815845456,0.048517033806602584,0.05219016795076017,0.05478459208602993
2024-11-28,0.0244347555423046,0.026047402161382738,0.028907405402223457,0.031056220220350785,0.03383767245501589,0.036480482046047424,0.03940333295975808,0.042067918144069814,0.045450152815845454,0.048518418806602584,0.05218698395076017,0.054779195086029936
2024-11-29,0.024438304542304598,0.026047402161382738,0.028753312402223456,0.031049416220350786,0.03383665145501589,0.036480482046047424,0.03939393495975807,0.04206259414406981,0.04544911281584546,0.04851432380660259,0.05217576295076017,0.05477846508602994
2024-12-02,0.024240826542304597,0.025722102161382737,0.02874649140222346,0.031056220220350785,0.03384111845501589,0.03648304904604742,0.03939941395975807,0.04207194414406981,0.04545640381584545,0.04852057480660259,0.05218739095076017,0.05478675608602993
2024-12-03,0.024244348542304596,0.02555624416138274,0.029067656402223457,0.031056220220350785,0.03384254345501589,0.03648449904604742,0.03939941895975807,0.04207194414406981,0.04545725981584546,0.048521526806602586,0.05218872695076017,0.05478675608602993
2024-12-04,0.024244348542304596,0.02506834716138274,0.02923131840222346,0.031056220220350785,0.03384254345501589,0.03648876404604742,0.039396585959758076,0.04207194414406981,0.04545725981584546,0.04852432680660258,0.05218273895076017,0.05478305508602994
2024-12-05,0.023750543542304596,0.025800148161382742,0.02871138040222346,0.030904051220350785,0.03391102245501589,0.03648236704604743,0.03940078595975807,0.042072072144069814,0.04545590981584545,0.048516031806602584,0.05218504695076017,0.054782271086029934
2024-12-06,0.0239974535423046,0.025800148161382742,0.028704570402223458,0.030897288220350785,0.03391039345501589,0.03647676004604743,0.03939697595975808,0.04206677414406981,0.04545134181584545,0.04851177680660258,0.05218566895076017,0.054781559086029934
2024-12-09,0.023993965542304596,0.02565380916138274,0.02890397340222346,0.030904051220350785,0.03390897345501589,0.036483646046047424,0.03940225195975808,0.04207611014406981,0.04545468081584546,0.04852096680660259,0.05219072695076017,0.054789835086029935
2024-12-10,0.0239974535423046,0.025926966161382736,0.02890397340222346,0.03101818022035079,0.03391039345501589,0.03640389604604742,0.03940225195975808,0.04207298514406981,0.045455532815845454,0.04852207180660258,0.05219072695076017,0.054787526086029936
2024-12-11,0.0249849425423046,0.02604402216138274,0.02923131840222346,0.031731193220350784,0.034167125455015886,0.03670263304604743,0.039620035959758076,0.042238780144069815,0.04555423681584546,0.04859050580660259,0.05225434995076017,0.05483248808602994
2024-12-12,0.0247775895423046,0.02628786716138274,0.02943346240222346,0.032206252220350784,0.03438845545501589,0.036990529046047424,0.03983508295975807,0.042523964144069816,0.045931669815845455,0.048803375806602586,0.052239327950760174,0.054806773086029936
2024-12-13,0.024609724542304597,0.026170825161382742,0.02922436740222346,0.03219913622035078,0.03438888645501589,0.03698584204604742,0.03983471195975807,0.04251842214406981,0.04592766781584545,0.048799712806602585,0.05224238295076017,0.054805918086029935
2024-12-16,0.024606152542304596,0.026170825161382742,0.02871138040222346,0.03323161122035079,0.03438743545501589,0.03699156204604742,0.039852557959758075,0.04249972014406981,0.04593105881584546,0.04880816780660258,0.05225622495076017,0.054793630086029936
2024-12-17,0.024609724542304597,0.026170825161382742,0.02871138040222346,0.03323161122035079,0.03438888645501589,0.03699156204604742,0.039852557959758075,0.04249972014406981,0.04593192881584546,0.04880816780660258,0.05225622495076017,0.054793630086029936
2024-12-18,0.024441853542304597,0.026170825161382742,0.02871138040222346,0.032918418220350784,0.03432212045501589,0.03692388904604743,0.03978454295975807,0.042430383144069814,0.045855524815845455,0.04873106080660258,0.05217475495076017,0.05472901308602993
2024-12-19,0.024441853542304597,0.026170825161382742,0.029914632402223456,0.032918418220350784,0.03461008645501589,0.03721390204604742,0.03990438895975808,0.04242640814406981,0.04584644681584546,0.048716923806602586,0.052150475950760174,0.054725067086029935
2024-12-20,0.0262584485423046,0.026170825161382742,0.03014794740222346,0.03291110522035079,0.03512353845501589,0.03772992004604743,0.04049809395975808,0.04294694814406981,0.04619710781584545,0.049002120806602587,0.05239524595076017,0.05500487008602994
2024-12-23,0.0264125465423046,0.026414654161382736,0.03039562840222346,0.032918418220350784,0.035198344455015886,0.037810949046047426,0.040648491959758073,0.04310292814406981,0.04635528181584546,0.049006576806602586,0.052394384950760174,0.055007512086029935
2024-12-24,0.026416375542304596,0.026170825161382742,0.03039562840222346,0.03275703822035078,0.03519987045501589,0.037890445046047425,0.040648491959758073,0.04326340114406981,0.04642509681584546,0.049233640806602585,0.05258442395076017,0.05516556408602993
2024-12-25,0.026416375542304596,0.026414654161382736,0.03039562840222346,0.03275703822035078,0.03519987045501589,0.037888254046047426,0.040648491959758073,0.04326340114406981,0.04642509681584546,0.04923222380660259,0.05258045795076017,0.05516191808602994
2024-12-26,0.026416375542304596,0.026414654161382736,0.03039562840222346,0.03275703822035078,0.03519987045501589,0.037888254046047426,0.04064348895975807,0.04325923514406981,0.04642509681584546,0.049228075806602586,0.052576230950760174,0.05515787008602994
2024-12-27,0.0260906455423046,0.026414654161382736,0.03014794740222346,0.03274977022035079,0.03520072045501589,0.03788231704604743,0.04064370795975808,0.04325356714406981,0.04642129481584545,0.04922360080660259,0.05257972895076017,0.05515698208602993
2024-12-30,0.026254643542304598,0.026414654161382736,0.03041486540222346,0.03230123722035079,0.03531386645501589,0.03792690504604743,0.04083261795975808,0.04338342114406981,0.04653888981584546,0.049310298806602586,0.05257715695076017,0.05517048508602994
2024-12-31,0.0262584485423046,0.026418084161382742,0.03041850440222346,0.03230123722035079,0.03531539145501589,0.03792708204604743,0.04083377095975807,0.04338342114406981,0.046539797815845454,0.04930998080660259,0.05257753195076017,0.05517048508602994
2025-01-02,0.025922834542304596,0.026418084161382742,0.030226102402223457,0.03231900622035079,0.03531626945501589,0.03792708204604743,0.04083717595975808,0.04336685014406981,0.04654032081584546,0.04930998080660259,0.05257592095076017,0.05515381008602994
2025-01-03,0.021646260542304598,0.026418084161382742,0.030226102402223457,0.03232258122035078,0.03532746145501589,0.03792708204604743,0.04083210895975807,0.043372802144069814,0.046542642815845456,0.04930581480660259,0.05257166695076017,0.05516136308602994
2025-01-06,0.021600401542304595,0.026824221161382743,0.03012989140222346,0.03230123722035079,0.03532477945501589,0.03792097004604743,0.040838878959758074,0.04338342114406981,0.046545387815845454,0.049306028806602585,0.052581055950760174,0.05517048508602994
2025-01-07,0.0216035675423046,0.02682770616138274,0.03012989140222346,0.03230123722035079,0.03532617145501589,0.03792343204604742,0.040838878959758074,0.04338342114406981,0.04654621681584545,0.04930762080660259,0.052581055950760174,0.05517048508602994
2025-01-08,0.022555286542304598,0.02692522316138274,0.030226102402223457,0.03232973122035078,0.035353862455015886,0.03795154704604743,0.04087601095975808,0.04342162414406981,0.04658402781584546,0.04934575280660258,0.05261840595076017,0.05520494308602993
2025-01-09,0.0269098555423046,0.02653512816138274,0.03051469540222346,0.03232973122035078,0.03534246245501589,0.03795502504604742,0.04087090095975808,0.04341739314406981,0.046577238815845454,0.049348001806602586,0.05261092095076017,0.05520088408602994
2025-01-10,0.0272453885423046,0.026340052161382736,0.03051469540222346,0.03232973122035078,0.03534158445501589,0.03795676404604742,0.04086583995975808,0.04341951014406981,0.04657238881584545,0.04934495380660259,0.05260665795076017,0.05520565408602993
2025-01-13,0.027073701542304596,0.02633663216138274,0.03075514140222346,0.032405710220350784,0.03541720045501589,0.03803161504604742,0.04101224495975808,0.04341949014406981,0.04657360381584545,0.049344841806602584,0.05260639395076017,0.05520705508602994
2025-01-14,0.0272453885423046,0.027266495161382742,0.031187834402223457,0.032557651220350786,0.03556216645501589,0.038170687046047425,0.04100456495975807,0.043415223144069814,0.046569670815845454,0.049336006806602585,0.05260111095076017,0.055203962086029935
2025-01-15,0.0268802485423046,0.027266495161382742,0.03128397040222346,0.03266209722035078,0.03556312545501589,0.038247962046047426,0.04108049695975807,0.04341229014406981,0.04657023881584546,0.049333301806602586,0.05259697895076017,0.055198189086029935
2025-01-16,0.0266828625423046,0.02751022516138274,0.03128397040222346,0.032918418220350784,0.03564036245501589,0.038245777046047424,0.04108049695975807,0.043400908144069814,0.04656809681584545,0.04933189780660258,0.05259305595076017,0.05518891208602993
2025-01-17,0.0266828625423046,0.027266495161382742,0.03128397040222346,0.03291110522035079,0.03564036245501589,0.038247962046047426,0.04107542695975808,0.04339520514406981,0.046563789815845455,0.049329162806602586,0.052588752950760174,0.055188010086029936
2025-01-20,0.0266789955423046,0.027262949161382742,0.03147621940222346,0.03313671422035079,0.035820997455015886,0.03842897104604742,0.04119352795975807,0.04351592214406981,0.04670897581584546,0.049394738806602584,0.05259019695076017,0.05510690508602994
2025-01-21,0.0266828625423046,0.027266495161382742,0.03147621940222346,0.03299435322035078,0.03571707545501589,0.03832523404604743,0.04107708095975808,0.043402962144069815,0.04656564681584545,0.04933059680660259,0.052594632950760174,0.05519507408602994
2025-01-22,0.0262880605423046,0.02666191716138274,0.031187834402223457,0.03295638622035078,0.03575647245501589,0.038369302046047424,0.04112102595975807,0.04344301714406981,0.04660440181584545,0.049372428806602586,0.05263666395076017,0.05522082708602993
2025-01-23,0.0260906455423046,0.027100742161382738,0.03099554340222346,0.03273805122035078,0.03575699345501589,0.03836535804604743,0.041124445959758074,0.04344494214406981,0.046604709815845455,0.049369897806602586,0.05263507695076017,0.055221193086029935
2025-01-24,0.0260906455423046,0.02692522316138274,0.030803225402223456,0.03276875222035079,0.03575699345501589,0.03836693604604742,0.04112276195975807,0.043438199144069815,0.04660040181584546,0.04936676780660259,0.05263311995076017,0.05521953708602993
2025-02-03,0.025425547542304597,0.027145964161382742,0.03075514140222346,0.03299435322035078,0.03575109245501589,0.038362421046047424,0.04112872295975807,0.04344195014406981,0.04659928881584545,0.049368013806602586,0.05264195095076017,0.05522369408602994
2025-02-04,0.025764889542304596,0.027149494161382737,0.03075514140222346,0.03299435322035078,0.03575517845501589,0.03836492004604743,0.04112872295975807,0.04344195014406981,0.04660326381584545,0.04936961680660259,0.05264195095076017,0.05522369408602994
2025-02-05,0.0254033005423046,0.027217745161382742,0.03075514140222346,0.03284247822035079,0.03560421145501589,0.038209761046047425,0.040983124959758074,0.04329025314406981,0.04645214981584546,0.04921583580660258,0.05249751695076017,0.055078472086029936
2025-02-06,0.025304558542304602,0.02702273516138274,0.03083207440222346,0.03284247822035079,0.03560446545501589,0.03821150804604742,0.04098175995975807,0.04328608714406981,0.04645230081584545,0.04921695780660259,0.05249266095076017,0.05507441808602993
2025-02-07,0.025304558542304602,0.02718849516138274,0.03089938740222346,0.03283518622035078,0.03560446545501589,0.038210023046047425,0.04097549995975808,0.043280402144069814,0.04645230081584545,0.049211887806602586,0.05248755995076017,0.055073517086029936
2025-02-10,0.025790765542304597,0.027506645161382737,0.03089938740222346,0.03295638622035078,0.03571178345501589,0.03832053204604742,0.04108733295975808,0.043404028144069816,0.04656058681584545,0.04924819080660259,0.052521691950760174,0.05507504308602994
2025-02-11,0.0257945045423046,0.02737374016138274,0.031235903402223462,0.03295638622035078,0.035716748455015886,0.03832427104604742,0.04108135195975808,0.043404028144069816,0.046565080815845455,0.04925058680660259,0.05251758995076017,0.05507504308602994
2025-02-12,0.0256995115423046,0.02737374016138274,0.03136087340222346,0.03295638622035078,0.035718514455015886,0.03832427104604742,0.04107913095975807,0.043404028144069816,0.04656612281584545,0.04925058680660259,0.05251606595076017,0.055071433086029936
2025-02-13,0.0255020395423046,0.02737374016138274,0.031120536402223457,0.03299435322035078,0.03571902445501589,0.03832427104604742,0.04108340195975807,0.043398782144069815,0.046566423815845456,0.04925058680660259,0.05251508595076017,0.05506659308602994
2025-02-14,0.0255020395423046,0.02737374016138274,0.031120536402223457,0.03296137122035078,0.03571902445501589,0.03832427104604742,0.04107832295975808,0.043365772144069815,0.046566423815845456,0.04924647280660258,0.05251078595076017,0.05504590508602993
2025-02-17,0.025593354542304596,0.027370179161382742,0.031187834402223457,0.032972359220350786,0.03571230345501589,0.038321764046047424,0.041082205959758075,0.04337951914406981,0.04656089481584545,0.04924897980660259,0.05251817595076017,0.055057315086029936
2025-02-18,0.0252317775423046,0.02763695316138274,0.031120536402223457,0.03301396122035079,0.03571821945501589,0.03832190804604743,0.04108340195975807,0.043382344144069815,0.04656594881584546,0.04924907280660259,0.05251899595076017,0.055059359086029935
2025-02-19,0.0254822925423046,0.02763695316138274,0.031120536402223457,0.033017631220350785,0.03571907545501589,0.03832190804604743,0.04108340195975807,0.04338625314406981,0.046566453815845454,0.04924907280660259,0.05251899595076017,0.05505859908602993
2025-02-20,0.0249885675423046,0.02751022516138274,0.03088015540222346,0.03302130222035078,0.03572035145501589,0.03832304604604743,0.04108767495975808,0.04338601714406981,0.04656720681584546,0.049249801806602586,0.05251801095076017,0.055057342086029935
2025-02-21,0.024860189542304602,0.02756871616138274,0.03088015540222346,0.03302497322035079,0.03572068345501589,0.03832252104604743,0.04108258195975807,0.04339199714406981,0.046567402815845454,0.04924535380660259,0.05251371295076017,0.05506490008602993
2025-02-24,0.024734502542304596,0.02744816116138274,0.03067820340222346,0.033032318220350784,0.03571456745501589,0.03832106004604742,0.04109126595975808,0.04340189714406981,0.046562233815845455,0.04924852880660258,0.05252438895076017,0.055073502086029937
2025-02-25,0.0247380925423046,0.02751022516138274,0.03067820340222346,0.033032318220350784,0.03564279745501589,0.038245777046047424,0.04109126595975808,0.04340189714406981,0.04656915681584545,0.04925250180660259,0.05252438895076017,0.055073502086029937
2025-02-26,0.024494784542304596,0.027266495161382742,0.03067820340222346,0.03273805122035078,0.035644913455015886,0.038247962046047426,0.04109126595975808,0.04341015714406981,0.046570407815845455,0.049253903806602585,0.05252438895076017,0.05507585908602994
2025-02-27,0.024020696542304598,0.02677894616138274,0.03067820340222346,0.03273805122035078,0.03564613645501589,0.03825233304604743,0.04109126595975808,0.04340595814406981,0.04657113181584545,0.04925670880660259,0.05252046795076017,0.055071792086029935
2025-02-28,0.024119468542304595,0.02677894616138274,0.03067820340222346,0.03265485522035079,0.03564588145501589,0.03825233304604743,0.041086161959758075,0.04340242714406981,0.04657098081584546,0.04925258180660259,0.05251617395076017,0.05507245408602993
2025-03-03,-0.0265660274576954,-0.02383063783861726,-0.02146177759777654,-0.019199535779649213,-0.01712270054498411,-0.015039452953952575,-0.013080228040241924,-0.011149540855930187,-0.009397393184154546,-0.007439534193397412,-0.005488867049239829,-0.0037046349139700663
2025-03-04,0.023812754542304596,0.02693422216138274,0.030363141402223456,0.03266209722035078,0.03572708745501589,0.03840480304604743,0.04117213195975808,0.04349028014406981,0.04664122981584545,0.049326438806602584,0.052600486950760174,0.055152943086029936
2025-03-05,0.023022769542304596,0.02652479216138274,0.03024773240222346,0.03266209722035078,0.03572925645501589,0.038402548046047424,0.04116908795975807,0.04349028014406981,0.04663819081584546,0.04932431980660259,0.05259761895076017,0.055154766086029934
2025-03-06,0.0204542335423046,0.026196237161382738,0.029903926402223457,0.03226324422035079,0.03547036045501589,0.03817172604604742,0.04094783195975808,0.043341265144069815,0.04649801181584545,0.04917770980660258,0.05246085795076017,0.055004057086029935
2025-03-07,0.0200529955423046,0.02586812216138274,0.02961889240222346,0.03221812822035079,0.03539537945501589,0.03818025104604743,0.04095884895975807,0.04333675114406981,0.04650519281584545,0.04918455880660259,0.05246980895076017,0.05500219208602994
2025-03-10,0.0197624205423046,0.025871478161382737,0.029622421402223455,0.03222525022035079,0.03540236845501589,0.038182707046047426,0.04096211995975807,0.043346550144069816,0.046510873815845455,0.04918613780660259,0.052472058950760174,0.055010690086029934
2025-03-11,0.0197624205423046,0.026427296161382736,0.02954543940222346,0.03222525022035079,0.03540236845501589,0.03825489304604743,0.04100234895975807,0.043346550144069816,0.046510873815845455,0.04917604080660259,0.05246759895076017,0.05500705408602993
2025-03-12,0.020286233542304598,0.026281043161382737,0.02954543940222346,0.03230123722035079,0.035400938455015886,0.038250231046047425,0.040997229959758075,0.043344419144069814,0.04650569481584545,0.04917238780660259,0.05246334095076017,0.05500733508602994
2025-03-13,0.020286233542304598,0.02627422216138274,0.029538403402223457,0.03230123722035079,0.035394069455015886,0.03824828904604742,0.04099326595975808,0.04334020314406981,0.04650074481584546,0.04917453580660259,0.05246392295076017,0.05500328708602994
2025-03-14,0.0202802435423046,0.02619963716138274,0.02935909640222346,0.03221812822035079,0.03528920345501589,0.03810954104604743,0.04100237595975807,0.04333675114406981,0.04642942381584546,0.049036032806602584,0.05228152395076017,0.05477070308602994
2025-03-17,0.020780332542304596,0.02624204116138274,0.029285593402223458,0.03222525022035079,0.03529402945501589,0.038111651046047426,0.04100701695975807,0.043346550144069816,0.04643381581584545,0.049037387806602585,0.05228470195076017,0.05477916408602994
2025-03-18,0.020157757542304595,0.025549617161382737,0.029208592402223458,0.03222525022035079,0.03529572445501589,0.03818567004604742,0.04100840095975808,0.043346550144069816,0.04643482581584546,0.049035029806602584,0.052281750950760174,0.05477557808602994
2025-03-19,0.020157757542304595,0.024739858161382737,0.02914121240222346,0.03214925722035078,0.03529572445501589,0.038187086046047425,0.04100446995975808,0.04334868214406981,0.04643050581584546,0.04903530980660259,0.05227832595076017,0.054778906086029935
2025-03-20,0.020157757542304595,0.024489544161382742,0.02913428640222346,0.03214925722035078,0.03528888145501589,0.03818758104604743,0.04100056595975808,0.043344454144069816,0.04642557481584546,0.04903899980660258,0.05227893095076017,0.054774861086029934
2025-03-21,0.0201518005423046,0.024404893161382737,0.029137749402223457,0.032142156220350784,0.03528956045501589,0.03819379904604743,0.04100636795975808,0.04333889014406981,0.04642963681584546,0.04904433080660259,0.05228425695076017,0.05477224408602994
2025-03-24,0.020157757542304595,0.02429093416138274,0.02914121240222346,0.03214925722035078,0.03529572445501589,0.038197264046047424,0.04100961195975808,0.04334868214406981,0.04643482581584546,0.04904655380660258,0.05228647895076017,0.054780698086029936
2025-03-25,0.020157757542304595,0.02401762616138274,0.029208592402223458,0.03214925722035078,0.03529572445501589,0.03819978204604743,0.04100840095975808,0.04334868214406981,0.04643482581584546,0.04904406180660258,0.052281750950760174,0.05477710908602994
2025-03-26,0.020157757542304595,0.02408595616138274,0.029208592402223458,0.03214925722035078,0.03529572445501589,0.03819308904604743,0.04100326295975808,0.04334868214406981,0.04643050581584546,0.049039169806602584,0.05227749795076017,0.054778906086029935
2025-03-27,0.0204542335423046,0.02407971716138274,0.029201647402223457,0.03214925722035078,0.03528807845501589,0.03819139004604742,0.04099934895975807,0.043344454144069816,0.04642509481584546,0.049041447806602585,0.05227809595076017,0.054774861086029934
2025-03-28,0.020448201542304596,0.024082836161382737,0.02920511940222346,0.032142156220350784,0.03528873745501589,0.03819678204604743,0.04100515295975808,0.04333889014406981,0.04642914581584545,0.049046244806602586,0.052283424950760174,0.05477224408602994
2025-03-31,0.0204869015423046,0.02457714716138274,0.029208592402223458,0.03208275822035078,0.03529348245501589,0.03819468804604742,0.04100840095975808,0.043350547144069815,0.04643308681584546,0.049044503806602587,0.05228564995076017,0.05478204008602994
2025-04-01,0.020407833542304597,0.024381933161382742,0.02919470640222346,0.03208275822035078,0.03529369345501589,0.038196471046047425,0.04099541395975807,0.043350547144069815,0.04643321281584545,0.04904564580660259,0.05227287495076017,0.05477844908602993
2025-04-02,0.0204869015423046,0.024704026161382737,0.02919817640222346,0.03208275822035078,0.03529348245501589,0.03819353004604742,0.04099355195975808,0.043350547144069815,0.04643308681584546,0.04903965980660259,0.05227083295076017,0.05478024708602994
2025-04-03,0.020901981542304597,0.024948001161382738,0.02927862840222346,0.03208275822035078,0.03525399045501589,0.03815626904604742,0.04092027595975807,0.043278067144069815,0.04636041981584546,0.048915642806602586,0.05212009695076017,0.054668248086029936
2025-04-04,0.020901981542304597,0.02494153616138274,0.02928211040222346,0.03207567622035079,0.03524715845501589,0.038154496046047426,0.040926067959758075,0.043272517144069815,0.04635548881584545,0.04891786780660259,0.05212540995076017,0.054665640086029935
2025-04-08,0.021149032542304595,0.025230975161382736,0.029208592402223458,0.03208275822035078,0.03525333145501589,0.03815972704604742,0.04093069695975808,0.043282285144069815,0.046364334815845454,0.04892256080660259,0.05212470595076017,0.05467049408602993
2025-04-09,0.020733977542304598,0.025435862161382737,0.029285593402223458,0.03208275822035078,0.03525443845501589,0.03815785804604742,0.04092420095975807,0.043282285144069815,0.046364993815845454,0.04891729580660258,0.052119520950760174,0.054672283086029935
2025-04-10,0.020733977542304598,0.025435862161382737,0.029285593402223458,0.03208275822035078,0.03525443845501589,0.038151836046047424,0.04092675995975807,0.043278067144069815,0.04636068581584546,0.048912798806602584,0.05212453895076017,0.054668248086029936
2025-04-11,0.020733977542304598,0.02542926716138274,0.02928211040222346,0.03207567622035079,0.03524760445501589,0.03815000804604743,0.040926067959758075,0.043272517144069815,0.04635575481584546,0.04891499080660259,0.05212540995076017,0.054665640086029935
2025-04-14,0.020733977542304598,0.02519194616138274,0.02924709340222346,0.03200675522035079,0.03525443845501589,0.03816008304604743,0.04093000595975807,0.04328441414406981,0.046364993815845454,0.048922787806602586,0.052128103950760174,0.05467559908602994
2025-04-15,0.020951392542304596,0.02526024616138274,0.02924709340222346,0.03200675522035079,0.03525385845501589,0.03808214304604743,0.04093000595975807,0.04328441414406981,0.046364648815845455,0.04892507880660259,0.05212423495076017,0.05467202308602993
2025-04-16,0.021228085542304598,0.025455374161382736,0.029324092402223455,0.03193074522035079,0.03525312045501589,0.03808036604604742,0.04096235395975807,0.043286544144069815,0.04636420981584545,0.04891986580660258,0.05211757895076017,0.054675343086029934
2025-04-17,0.020951392542304596,0.02538708116138274,0.029317116402223457,0.03193074522035079,0.03525385845501589,0.03807498304604742,0.04095842195975807,0.04328231514406981,0.04636034181584546,0.048915777806602584,0.05211815195076017,0.05467131108602993
2025-04-18,0.021228085542304598,0.02544877416138274,0.02932060440222346,0.03192370422035079,0.03524629145501589,0.03807253104604742,0.04096422295975807,0.043276791144069814,0.046354971815845455,0.048917568806602585,0.05212346795076017,0.05466871808602994
2025-04-21,0.020951392542304596,0.025230975161382736,0.029324092402223455,0.03193074522035079,0.03525385845501589,0.03808240904604743,0.04096747495975808,0.043286544144069815,0.046364648815845455,0.04892524980660259,0.052125690950760174,0.05467713008602994
2025-04-22,0.020951392542304596,0.025230975161382736,0.029324092402223455,0.03193074522035079,0.03525385845501589,0.03808240904604743,0.04096747495975808,0.043286544144069815,0.046364648815845455,0.04892524980660259,0.05212182595076017,0.05467355208602993
2025-04-23,0.020951392542304596,0.02498703416138274,0.028987188402223456,0.03171218622035078,0.03499473945501589,0.03767865204604742,0.04052163795975808,0.04299030714406981,0.045919939815845454,0.048519750806602584,0.05171863695076017,0.05425908608602994
2025-04-24,0.020901981542304597,0.025162674161382736,0.028980304402223458,0.03171218622035078,0.03499487145501589,0.03767115404604743,0.04051775995975808,0.04298612714406981,0.04591579081584546,0.048514315806602586,0.05171919995076017,0.054255097086029935
2025-04-25,0.020733977542304598,0.02515615316138274,0.028983746402223457,0.031701715220350785,0.034988551455015886,0.037669342046047424,0.04052346995975807,0.04297687314406981,0.04591117581584546,0.04851647080660259,0.05172443995076017,0.054249813086029934
2025-04-26,0.020727873542304598,0.02515941316138274,0.028987188402223456,0.03170520422035078,0.03498919845501589,0.03767467504604742,0.04052667395975808,0.042982731144069815,0.04591515481584546,0.04852122180660259,0.051726631950760174,0.05425540408602993
2025-04-28,0.020733977542304598,0.025162674161382736,0.028987188402223456,0.03171218622035078,0.03499531645501589,0.03763839704604742,0.04052667395975808,0.04299030714406981,0.04592028281584545,0.04852408880660258,0.05168663195076017,0.05426084208602994
2025-04-29,0.020733977542304598,0.025162674161382736,0.028987188402223456,0.03171218622035078,0.03499531645501589,0.03763839704604742,0.04052667395975808,0.04299030714406981,0.04592028281584545,0.04852408880660258,0.051682824950760174,0.054257325086029935
2025-05-05,0.020938431542304597,0.025549617161382737,0.028983746402223457,0.03178821222035079,0.03485207645501589,0.037634723046047425,0.04052562995975807,0.042988189144069815,0.045925660815845454,0.048522119806602586,0.05168248895076017,0.05425932208602994
2025-05-06,0.0207902135423046,0.025549617161382737,0.028983746402223457,0.03178821222035079,0.034852476455015886,0.037634723046047425,0.040481753959758074,0.04294917614406981,0.045886506815845454,0.04847840280660259,0.05163977995076017,0.054227175086029936
2025-05-07,0.0205135265423046,0.025305749161382736,0.028976863402223458,0.03178821222035079,0.03485322345501589,0.037631060046047424,0.04047785795975807,0.04294917614406981,0.04588272281584545,0.048475415806602584,0.05164031995076017,0.05422893308602993
2025-05-08,0.0205135265423046,0.02529919016138274,0.028980304402223458,0.03178821222035079,0.03484650345501589,0.03762920704604743,0.04048356095975808,0.04294501114406981,0.04587787481584546,0.048477537806602584,0.05164555295076017,0.054224948086029935
2025-05-09,0.0206457895423046,0.02530246916138274,0.028983746402223457,0.03178121022035078,0.034846743455015886,0.03763454204604742,0.04048676895975807,0.04293952614406981,0.04588160481584545,0.04848228980660259,0.05164774695076017,0.05422237408602994
2025-05-12,0.0210273595423046,0.024739858161382737,0.028945243402223462,0.03171218622035078,0.03477503545501589,0.037603427046047425,0.04048745795975808,0.04295129314406981,0.04588855281584546,0.048488475806602586,0.05164441995076017,0.05423220608602994
2025-05-13,0.0213138905423046,0.025208193161382737,0.028945243402223462,0.03171218622035078,0.034774263455015886,0.03759916204604742,0.04048244095975807,0.04295129314406981,0.04588809281584545,0.048481726806602586,0.05164024995076017,0.054228692086029935
2025-05-14,0.021639918542304598,0.02513990116138274,0.028914336402223458,0.03171218622035078,0.03477338545501589,0.03759390404604743,0.040456176959758075,0.04295129314406981,0.045883339815845456,0.048477722806602584,0.05162546395076017,0.05423045108602993
2025-05-15,0.021037239542304596,0.025094371161382738,0.028888921402223457,0.03171218622035078,0.03476831545501589,0.03759242704604743,0.04046236795975808,0.042947122144069816,0.045879467815845454,0.04848008480660258,0.05163105395076017,0.05422646808602993
2025-05-16,0.021031057542304596,0.02509762316138274,0.028892349402223457,0.03170520422035078,0.034768897455015886,0.03759774804604743,0.040465565959758074,0.04294165014406981,0.04588340381584545,0.04848482980660258,0.05163324195076017,0.05422390108602994
2025-05-19,0.021037239542304596,0.02510087616138274,0.02893150040222346,0.03171218622035078,0.03477500945501589,0.03760013904604742,0.04047464095975807,0.04295129314406981,0.045888536815845454,0.04848636480660259,0.05163566895076017,0.05423220608602994
2025-05-20,0.020869263542304596,0.02510087616138274,0.02893493540222346,0.03171218622035078,0.03477546145501589,0.03760013904604742,0.04047285595975808,0.04295129314406981,0.04588880681584545,0.04848235280660259,0.051633679950760174,0.054228692086029935
2025-05-21,0.020869263542304596,0.02502282416138274,0.028909500402223457,0.031750199220350786,0.03477546145501589,0.03759496604604742,0.04051792195975808,0.04298924814406981,0.04592395881584545,0.048518113806602585,0.051679687950760174,0.054258326086029936
2025-05-22,0.020869263542304596,0.02501633916138274,0.028835930402223455,0.03167417022035078,0.03477546145501589,0.037593143046047425,0.04052501395975808,0.04298718414406981,0.045926081815845454,0.048440834806602585,0.05160586895076017,0.05418542108602994
2025-05-23,0.0208631245423046,0.02509762316138274,0.028839352402223458,0.031667200220350786,0.034769358455015886,0.03759774804604743,0.04052821495975807,0.042981717144069814,0.04592306881584546,0.04844511480660259,0.05160805595076017,0.05418286208602994
2025-05-26,0.020869263542304596,0.02510087616138274,0.028839352402223458,0.03167417022035078,0.03477546145501589,0.03760013904604742,0.04052821495975807,0.042991366144069815,0.04592820081584545,0.048446649806602585,0.05160426595076017,0.054191159086029936
2025-05-27,0.0210866435423046,0.025247216161382736,0.028839352402223458,0.03167417022035078,0.03477487645501589,0.03759880704604743,0.04052318295975807,0.042991366144069815,0.04592785081584545,0.04844179280660259,0.05160009295076017,0.054187655086029934
2025-05-28,0.020780332542304596,0.02517892516138274,0.027445894402223458,0.03167417022035078,0.03477570145501589,0.03759355004604742,0.04054428595975808,0.042991366144069815,0.045924101815845456,0.048437788806602586,0.05161773095076017,0.054189409086029934
2025-05-29,0.0206518725423046,0.02520166016138274,0.028835930402223455,0.03167417022035078,0.03475929845501589,0.03759144204604742,0.04052034495975808,0.04298718414406981,0.04590903881584546,0.048439740806602585,0.05159909895076017,0.05418542108602994
2025-05-30,0.020639708542304597,0.02498055916138274,0.028839352402223458,0.031667200220350786,0.03475719945501589,0.03759882004604742,0.04052137395975808,0.042981717144069814,0.045911339815845456,0.048445802806602586,0.05159943395076017,0.05418286208602994
2025-06-02,0.020648830542304597,0.02498703416138274,0.02877257540222346,0.03167417022035078,0.03477132745501589,0.03760131304604743,0.040532638959758074,0.042991366144069815,0.04592424581584545,0.048447015806602586,0.05160806795076017,0.054191159086029936
2025-06-03,0.0204542335423046,0.024616188161382738,0.02847397340222346,0.031531600220350786,0.03462296145501589,0.03745963404604742,0.04038244895975808,0.04269295314406981,0.04569734381584545,0.04822580180660259,0.05138750395076017,0.05404151408602993
2025-06-04,0.019960093542304595,0.024616188161382738,0.02847397340222346,0.031531600220350786,0.03462428945501589,0.03745963404604742,0.04038244895975808,0.04269295314406981,0.045693929815845455,0.048221825806602586,0.05138372095076017,0.05404326508602993
2025-06-05,0.019693232542304602,0.024538106161382738,0.02847397340222346,0.031531600220350786,0.03461833845501589,0.037454461046047424,0.04038244895975808,0.04268882514406981,0.045689550815845456,0.048217896806602586,0.05138561395076017,0.05403931708602994
2025-06-06,0.0196873935423046,0.024453684161382737,0.028329464402223458,0.03144864322035079,0.03447498045501589,0.037298743046047425,0.040156505959758074,0.042607492144069815,0.04562910381584545,0.048156334806602585,0.05132153895076017,0.05397095008602994
2025-06-09,0.0195943905423046,0.02439169416138274,0.028184940402223458,0.03137950322035078,0.03448123245501589,0.037306943046047425,0.04016403695975808,0.04261912614406981,0.04563430581584546,0.04816290480660258,0.05132928095076017,0.05398068808602993
2025-06-10,0.0190606015423046,0.024235510161382742,0.02806930940222346,0.03137950322035078,0.03448266345501589,0.03730834404604742,0.04016605895975808,0.04261912614406981,0.045635158815845456,0.04816380380660259,0.05133066095076017,0.05397719408602993
2025-06-11,0.0191989985423046,0.024235510161382742,0.02806930940222346,0.03137950322035078,0.03448229245501589,0.03730834404604742,0.04016605895975808,0.04261912614406981,0.04563073381584545,0.048159826806602586,0.05132686695076017,0.053978943086029935
2025-06-12,0.0191989985423046,0.024235510161382742,0.02806930940222346,0.030904051220350785,0.034475656455015886,0.03730249704604742,0.04016605895975808,0.042628125144069814,0.04562595481584546,0.04815547380660259,0.05132876595076017,0.05398447308602994
2025-06-13,0.018995620542304602,0.024229232161382737,0.02806930940222346,0.03137261222035079,0.034476869455015886,0.037300774046047425,0.040161038959758075,0.042609603144069814,0.04563023281584545,0.048157640806602585,0.05132464395076017,0.053972471086029934
2025-06-16,0.018922199542304598,0.02408907716138274,0.028146397402223456,0.03137950322035078,0.03448303445501589,0.037309658046047425,0.04016471095975807,0.04261912614406981,0.04563537981584545,0.04816464680660259,0.05132974095076017,0.05398068808602993
2025-06-17,0.0187047015423046,0.02394263216138274,0.02806930940222346,0.03137950322035078,0.03448361745501589,0.03731097204604743,0.04016605895975808,0.04261912614406981,0.04563572781584545,0.04816548980660259,0.05133066095076017,0.05397719408602993
2025-06-18,0.018506966542304597,0.02408907716138274,0.02799221640222346,0.03137950322035078,0.034484147455015886,0.037309658046047425,0.04016740695975808,0.04261912614406981,0.045631837815845455,0.04816066780660259,0.05132778495076017,0.053978943086029935
2025-06-19,0.018309220542304598,0.02394263216138274,0.02799221640222346,0.03131295422035078,0.034478030455015886,0.03730511604604743,0.04016740695975808,0.042616840144069815,0.04562737481584546,0.04815715780660259,0.05132968495076017,0.053976333086029935
2025-06-20,0.018402574542304602,0.02363382216138274,0.02799221640222346,0.03130608122035079,0.03447849045501589,0.03730616504604742,0.040162382959758075,0.04261145114406981,0.04563120181584546,0.048161104806602587,0.05132556395076017,0.053973802086029934
2025-06-23,0.018309220542304598,0.02394263216138274,0.02799221640222346,0.03131295422035078,0.03448467745501589,0.03731097204604743,0.04016740695975808,0.042620967144069814,0.04563635981584545,0.04816548980660259,0.051331580950760174,0.053982013086029935
2025-06-24,0.018309220542304598,0.02378641316138274,0.02784765540222346,0.030942095220350786,0.034407844455015886,0.03723500604604743,0.04016993395975807,0.04263123014406981,0.04563877681584545,0.048169042806602586,0.051333306950760174,0.05398588508602994
2025-06-25,0.018506966542304597,0.02394263216138274,0.02792475640222346,0.031236891220350785,0.034484147455015886,0.03723360604604742,0.04016858595975807,0.04262307214406981,0.045631837815845455,0.04816415780660259,0.05132858895076017,0.053981779086029934
2025-06-26,0.0193472745423046,0.024010974161382738,0.02806930940222346,0.03137950322035078,0.03461926345501589,0.03742051804604743,0.04032153395975807,0.042771052144069815,0.04576887881584546,0.048301677806602585,0.051472952950760174,0.054119748086029935
2025-06-27,0.019736801542304595,0.024082836161382737,0.02806930940222346,0.03137261222035079,0.03461885645501589,0.03741811504604743,0.04031647795975808,0.04276564514406981,0.045772207815845456,0.04830342280660259,0.05146880895076017,0.05411721108602994
2025-06-30,0.019940327542304598,0.02443073916138274,0.02810785440222346,0.03135098322035079,0.03466275045501589,0.03746130204604743,0.04035000895975807,0.04281502114406981,0.04577574781584545,0.04830629780660259,0.05147331095076017,0.05412447508602994
2025-07-01,0.0202368195423046,0.02441492016138274,0.028104529402223456,0.03135098322035079,0.03466195245501589,0.037451822046047425,0.04034905695975807,0.04281502114406981,0.04577527281584545,0.04829662380660259,0.05146923095076017,0.054120962086029935
2025-07-02,0.019742652542304596,0.02430100916138274,0.028104529402223456,0.03135098322035079,0.03466328145501589,0.03744940704604742,0.04034905695975807,0.04281502114406981,0.04577184481584545,0.04829444280660258,0.05147113695076017,0.05412272108602994
2025-07-03,0.0196438125423046,0.02430415716138274,0.028104529402223456,0.03135098322035079,0.034656868455015886,0.037454673046047424,0.04034400695975808,0.042810854144069814,0.04576718981584546,0.04830111980660259,0.05146699195076017,0.054118762086029934
2025-07-04,0.0198356145423046,0.024307305161382742,0.02802082240222346,0.03134409922035079,0.03465698645501589,0.037459946046047424,0.040341644959758075,0.04280545114406981,0.04577083281584546,0.048305814806602586,0.05146667395076017,0.054116230086029934
2025-07-07,0.020187405542304596,0.02408595616138274,0.026658532402223458,0.03083747022035079,0.03451805445501589,0.03746433204604742,0.04037458695975808,0.04282928614406981,0.04577989381584545,0.04830863080660259,0.051490459950760174,0.054134724086029935
2025-07-08,0.020187405542304596,0.02412500116138274,0.026658532402223458,0.03083747022035079,0.03451805445501589,0.037463977046047425,0.04037458695975808,0.04282928614406981,0.04577989381584545,0.048304407806602584,0.05148661795076017,0.054131193086029934
2025-07-09,0.0202961155423046,0.02412500116138274,0.026658532402223458,0.031056220220350785,0.034517763455015886,0.037458099046047424,0.04037458695975808,0.04282320814406981,0.04577549081584545,0.04830003580660259,0.05148854095076017,0.05412859808602993
2025-07-10,0.0202961155423046,0.02412500116138274,0.026658532402223458,0.030904051220350785,0.034367122455015886,0.03726765004604743,0.040223655959758076,0.042667147144069814,0.04562753381584546,0.048162928806602584,0.05133983595076017,0.053982921086029936
2025-07-11,0.020290123542304597,0.02412187616138274,0.02787632340222346,0.030897288220350785,0.03436771845501589,0.03726823404604743,0.04019846995975808,0.04266182714406981,0.04563144781584545,0.048164602806602584,0.05132388395076017,0.053980432086029935
2025-07-14,0.0204048225423046,0.02442757416138274,0.027960000402223458,0.030980139220350787,0.03437342745501589,0.03726782604604742,0.04020583695975807,0.04266920614406981,0.04563633281584545,0.04816434080660258,0.05133021195076017,0.053987089086029935
2025-07-15,0.0209285505423046,0.02453492716138274,0.028027449402223455,0.030980139220350787,0.034372026455015886,0.03726685504604743,0.040204649959758074,0.04266920614406981,0.04563549581584546,0.04815974380660259,0.05132561395076017,0.053983584086029934
2025-07-16,0.0211261655423046,0.024612999161382737,0.028104529402223456,0.031056220220350785,0.034438718455015886,0.03733767704604743,0.04020329295975808,0.04266709914406981,0.04562886681584545,0.048152285806602586,0.05132658495076017,0.05398382608602994
2025-07-17,0.0211261655423046,0.024606622161382742,0.028104529402223456,0.031056220220350785,0.034432114455015886,0.037335891046047426,0.04019827695975807,0.04266294414406981,0.04562408981584545,0.048154409806602586,0.05132246095076017,0.053979892086029935
2025-07-18,0.020823610542304596,0.02457078016138274,0.028097882402223457,0.031049416220350786,0.03443347345501589,0.037341509046047425,0.040194548959758075,0.04265759714406981,0.04562845881584546,0.04815932380660259,0.05132120395076017,0.053977388086029934
2025-07-21,0.020829739542304597,0.024612999161382737,0.02814306840222346,0.03109425922035079,0.03447792245501589,0.037382189046047426,0.04024148495975807,0.042705072144069815,0.045671729815845455,0.048189066806602586,0.05135656495076017,0.05402353008602993
2025-07-22,0.0211261655423046,0.024612999161382737,0.02814306840222346,0.03109425922035079,0.03447712845501589,0.037382189046047426,0.04024148495975807,0.042705072144069815,0.045671255815845455,0.048185097806602586,0.05135277595076017,0.054020023086029934
2025-07-23,0.021718951542304597,0.02502282416138274,0.02847059940222346,0.03145555522035079,0.03469637045501589,0.03759496604604742,0.04045919095975807,0.042997458144069814,0.04595455981584545,0.048557822806602584,0.05173233595076017,0.05438498508602994
2025-07-24,0.021916527542304595,0.02513338616138274,0.028586180402223455,0.031531600220350786,0.03476595645501589,0.03759206904604742,0.04045209595975807,0.04299114514406981,0.04594697981584546,0.04855927780660259,0.05172677095076017,0.05437947508602994
2025-07-25,0.0222063815423046,0.025204926161382736,0.02865303340222346,0.03156267922035079,0.03484245045501589,0.03759676604604742,0.040443759959758074,0.042984640144069816,0.04594797281584545,0.04856362880660259,0.05172236995076017,0.054376156086029935
2025-07-28,0.0223116495423046,0.02513990116138274,0.02850912740222346,0.03149357822035079,0.03477157545501589,0.03752244004604742,0.04045850895975808,0.04299639914406981,0.045955427815845454,0.048568245806602586,0.05173379195076017,0.05438599608602993
2025-07-29,0.022361036542304598,0.025305749161382736,0.02862470440222346,0.031531600220350786,0.03479064145501589,0.03748226104604742,0.040456465959758076,0.04299533914406981,0.045954740815845455,0.04856457580660259,0.05172854995076017,0.05438168408602993
2025-07-30,0.021965919542304597,0.02515941316138274,0.02845711240222346,0.031531600220350786,0.03479170645501589,0.037477739046047426,0.040439014959758074,0.04299533914406981,0.04595113381584545,0.04856104480660259,0.05171457095076017,0.054383461086029934
2025-07-31,0.021768346542304598,0.025152893161382736,0.02846048340222346,0.031531600220350786,0.034785548455015886,0.03747589804604742,0.04044000595975808,0.04299114514406981,0.04594660781584545,0.04856318180660259,0.05171486495076017,0.05437947508602994
2025-08-01,0.022157005542304598,0.02530246916138274,0.02861791840222346,0.03160068822035078,0.03485218345501589,0.03747986504604743,0.040442940959758075,0.042983577144069814,0.04594774981584546,0.04856706780660259,0.05172010095076017,0.054375390086029936
2025-08-04,0.022262261542304596,0.025227705161382737,0.02855103840222346,0.031531600220350786,0.03479090745501589,0.03748296904604742,0.04045881795975807,0.04299533914406981,0.045954899815845454,0.04856906880660258,0.05173361395076017,0.05438523408602994
2025-08-05,0.022657348542304598,0.025530109161382743,0.028705154402223456,0.031531600220350786,0.03478984345501589,0.03748022304604742,0.04045610895975808,0.04299533914406981,0.045954264815845455,0.048563264806602585,0.051731760950760174,0.05438168408602993
2025-08-06,0.0231511525423046,0.02560814116138274,0.02877257540222346,0.031607640220350786,0.03485570445501589,0.037628315046047425,0.040532638959758074,0.043071253144069815,0.04606525981584546,0.048662252806602586,0.05187415195076017,0.05449959708602994
2025-08-07,0.0241879415423046,0.02608900316138274,0.02929256140222346,0.03193074522035079,0.03499974845501589,0.03776690404604742,0.04059147495975808,0.04312630914406981,0.04613260681584545,0.048735867806602585,0.05194725695076017,0.054556816086029934
2025-08-08,0.0251776735423046,0.02668705716138274,0.029754601402223458,0.03245550422035079,0.03534276645501589,0.03802773704604742,0.040801595959758075,0.043369057144069814,0.04627150281584545,0.04880752180660258,0.05196904195076017,0.054492677086029936
2025-08-11,0.0253132905423046,0.02646629516138274,0.029754601402223458,0.03224424722035078,0.03528169345501589,0.03795497304604742,0.04080667995975808,0.043385021144069814,0.04627878381584545,0.048813118806602586,0.05197520395076017,0.054505506086029935
2025-08-12,0.0250665315423046,0.026398046161382742,0.029677605402223455,0.032168256220350785,0.03528236445501589,0.03795559804604742,0.04080804195975808,0.043387154144069816,0.04627918281584545,0.04880947680660259,0.05197613295076017,0.054503505086029934
2025-08-13,0.0249382095423046,0.02618353516138274,0.02969685540222346,0.03211125822035078,0.03536906345501589,0.03795162604604743,0.04080770095975808,0.04338875414406981,0.04627237981584545,0.048806267806602584,0.05197204795076017,0.054506415086029936
2025-08-14,0.0246321965423046,0.026435393161382742,0.029908579402223457,0.03238671522035079,0.03555490545501589,0.038171265046047426,0.04084279595975808,0.043493781144069814,0.04630116881584545,0.04882689180660259,0.05200994395076017,0.054492141086029934
2025-08-15,0.0246250475423046,0.02643882416138274,0.029908579402223457,0.03245550422035079,0.03555532045501589,0.038176697046047425,0.04083771095975808,0.04348602414406981,0.04630505881584546,0.04883174180660259,0.05200569795076017,0.054487989086029934
2025-08-18,0.025125754542304597,0.02644912116138274,0.029908579402223457,0.03246269022035078,0.03556041945501589,0.03818414004604742,0.04084279595975808,0.043495888144069815,0.04630960881584545,0.04883649680660258,0.05201186895076017,0.054496437086029935
2025-08-19,0.0250665315423046,0.026608458161382742,0.030052917402223458,0.03260512822035079,0.03570446445501589,0.03818515604604743,0.04084024095975808,0.043491882144069814,0.04630512381584545,0.04883312880660259,0.05201012595076017,0.05449007508602993
2025-08-20,0.0251849775423046,0.02661191316138274,0.030052917402223458,0.03260512822035079,0.03570413945501589,0.03818168904604742,0.04084024095975808,0.043491882144069814,0.04630068881584545,0.048830205806602585,0.05200627595076017,0.05449182908602994
2025-08-21,0.0253132905423046,0.027024667161382743,0.03038964640222346,0.032861464220350786,0.03577360245501589,0.03833790404604742,0.04091194695975808,0.04348046714406981,0.04629302781584545,0.04882924980660259,0.05203120195076017,0.054563075086029936
2025-08-22,0.0254243565423046,0.02702818016138274,0.03038964640222346,0.032937402220350784,0.03577365945501589,0.03834341704604742,0.040906870959758077,0.04348044114406981,0.046296702815845456,0.04883412780660259,0.05202693995076017,0.054564463086029934
2025-08-25,0.026053478542304602,0.027626162161382736,0.03089938740222346,0.03344983822035079,0.03584561845501589,0.03834044904604743,0.04090291595975808,0.043468138144069815,0.04629894981584545,0.048832237806602584,0.05202696795076017,0.05455708508602994
2025-08-26,0.0259251895423046,0.027626162161382736,0.031120536402223457,0.03344983822035079,0.03584597145501589,0.03834044904604743,0.04089899895975807,0.043468138144069815,0.046299156815845455,0.04882823180660258,0.05202429895076017,0.054553595086029937
2025-08-27,0.0263001765423046,0.027626162161382736,0.031120536402223457,0.03344983822035079,0.03584494045501589,0.03833446004604743,0.04089899895975807,0.043468138144069815,0.04629432281584546,0.04882369680660258,0.05202047395076017,0.05455534208602993
2025-08-28,0.0263001765423046,0.027550782161382736,0.03105323440222346,0.03344983822035079,0.03583801845501589,0.03833300504604742,0.04090019095975808,0.04346397614406981,0.046289292815845456,0.04882612480660259,0.05202319995076017,0.05455125508602993
2025-08-29,0.0262925555423046,0.028372603161382737,0.031120536402223457,0.03386719522035078,0.03650935745501589,0.03880847904604742,0.04126267595975808,0.04402796814406981,0.04664555781584545,0.04907014180660259,0.05212407395076017,0.05458776308602994
2025-09-03,0.0264224155423046,0.02854331416138274,0.031197448402223462,0.03396201222035079,0.03665835145501589,0.03888344304604742,0.04134406295975808,0.04412595514406981,0.04672396681584545,0.04914259580660259,0.05220254195076017,0.05466891508602994
2025-09-04,0.0264224155423046,0.02854331416138274,0.031197448402223462,0.03396201222035079,0.03665835145501589,0.03888344304604742,0.04134406295975808,0.04412168414406981,0.04671969981584545,0.04913854880660259,0.052204459950760174,0.05466473308602993
2025-09-05,0.0264224155423046,0.02854331416138274,0.031197448402223462,0.033954406220350786,0.03665119945501589,0.03888344304604742,0.04133892595975808,0.04411576614406981,0.04671451881584546,0.04914057480660259,0.05220012595076017,0.05466198108602994
2025-09-08,0.0258401165423046,0.028763648161382736,0.031351260402223455,0.03424644022035078,0.036957008455015886,0.03933246404604743,0.041719754959758076,0.044488018144069816,0.04686292081584545,0.04928250480660259,0.05219022395076017,0.05465006708602994
2025-09-09,0.0258401165423046,0.02899147116138274,0.03149544340222346,0.03454026322035078,0.03724442745501589,0.03966115704604742,0.04204704295975807,0.044557520144069815,0.04693236981584545,0.049340805806602585,0.05217603295076017,0.054637638086029935
2025-09-10,0.025978296542304602,0.02899147116138274,0.03149544340222346,0.03461607522035079,0.03732067845501589,0.03973835504604742,0.042124658959758074,0.04463325914406981,0.04707720281584546,0.049417410806602585,0.05231909195076017,0.05479541908602994
2025-09-11,0.026017776542304596,0.029196032161382737,0.03165883140222346,0.03495715522035078,0.03778028345501589,0.04019957704604743,0.04256793995975808,0.04498909614406981,0.04746110981584545,0.049792384806602585,0.05265157395076017,0.055191241086029935
2025-09-12,0.026017776542304596,0.029196032161382737,0.03165883140222346,0.03494926422035079,0.03777281645501589,0.04019957704604743,0.042601326959758073,0.044982960144069814,0.04745572581584545,0.04979443280660258,0.05264558295076017,0.055188406086029936
2025-09-15,0.027241439542304596,0.03188812516138274,0.032177696402223455,0.03532652722035079,0.03815024145501589,0.04069230104604743,0.043043370959758076,0.045362505144069816,0.04782495781584545,0.05014712880660259,0.052928199950760174,0.05548583008602993
2025-09-16,0.027241439542304596,0.03189233916138274,0.032177696402223455,0.03532652722035079,0.03815024145501589,0.04069514804604743,0.043043370959758076,0.045362505144069816,0.04782495781584545,0.05014889880660259,0.052928199950760174,0.055482333086029935
2025-09-17,0.0277347465423046,0.03189233916138274,0.03225454840222346,0.03532652722035079,0.03814885145501589,0.04069514804604743,0.04304195395975807,0.045362505144069816,0.047824155815845454,0.05014889880660259,0.05292340795076017,0.055484084086029936
2025-09-18,0.0277347465423046,0.03189233916138274,0.03225454840222346,0.03532652722035079,0.03814885145501589,0.04069514804604743,0.04304195395975807,0.04535805614406981,0.04781975381584545,0.05014479680660259,0.05292533495076017,0.055479711086029934
2025-09-19,0.0277347465423046,0.03189233916138274,0.03225454840222346,0.03531853022035078,0.03814130045501589,0.04069514804604743,0.043036463959758076,0.04535183614406981,0.047814294815845454,0.050146849806602584,0.05292074695076017,0.05547684208602994
2025-09-22,0.0277347465423046,0.03156714216138274,0.032619533402223455,0.03562003422035079,0.03851255145501589,0.04106162404604742,0.04333580195975807,0.045645994144069814,0.04811700781584545,0.050443133806602584,0.05322074295076017,0.05569900008602994
2025-09-23,0.028060295542304596,0.03157130816138274,0.03232178940222345,0.03532652722035079,0.03821493845501589,0.04069816004604743,0.04304071395975807,0.045362505144069816,0.047821437815845455,0.05015076980660259,0.052926433950760174,0.055482333086029935
2025-09-24,0.028060295542304596,0.03157130816138274,0.032619533402223455,0.03562003422035079,0.03851162845501589,0.04106447504604742,0.04333580195975807,0.045645994144069814,0.04811647581584545,0.05044490280660258,0.05321685795076017,0.05569724508602993
2025-09-25,0.028060295542304596,0.03164913816138274,0.03269635940222346,0.035799882220350784,0.03858818345501589,0.04128542304604743,0.04340224595975807,0.04579195614406981,0.04810952781584546,0.05043242380660259,0.05321525295076017,0.05568277308602994
2025-09-26,0.028060295542304596,0.03164913816138274,0.03269635940222346,0.03579174622035079,0.03858051145501589,0.04128542304604743,0.04339669095975808,0.04578563014406981,0.04810398681584545,0.05043448980660259,0.053210604950760174,0.055679868086029934
2025-09-29,0.028060295542304596,0.03164496016138274,0.03299402040222346,0.035799882220350784,0.038808254455015886,0.04150420604604743,0.043774786959758075,0.046244217144069816,0.04849007881584545,0.05080329780660259,0.05358826595076017,0.05605232708602993
2025-09-30,0.0286028195423046,0.03189233916138274,0.033138025402223464,0.035837741220350786,0.03880670845501589,0.04150476804604743,0.043772096959758075,0.046243097144069815,0.04848918681584545,0.050803646806602584,0.05358647995076017,0.05604800608602994
2025-10-01,0.028532797542304596,0.03208263516138274,0.03325321940222346,0.03605540122035078,0.03902122745501589,0.04173379304604742,0.04407041095975808,0.046460508144069816,0.04870057181584546,0.051017866806602585,0.05379905295076017,0.05619679708602993
2025-10-02,0.028536936542304596,0.03260771916138274,0.033473978402223464,0.03623517122035079,0.03919689145501589,0.041911783046047424,0.044250396959758076,0.04663539814406981,0.04887659081584546,0.051198448806602584,0.05398076495076017,0.056291383086029934
2025-10-03,0.028541076542304596,0.03208263516138274,0.033473978402223464,0.03622690722035078,0.03920253345501589,0.04191006304604743,0.044244674959758076,0.04662895314406981,0.04888383781584546,0.05119643780660259,0.05397597795076017,0.056288443086029934
2025-10-06,0.0285493595423046,0.03208263516138274,0.03361793240222345,0.03623517122035079,0.03924818745501589,0.04198431004604743,0.04432520795975807,0.04679578114406981,0.04903599781584546,0.051359789806602586,0.05420751495076017,0.056522307086029934
2025-10-07,0.0285493595423046,0.03208263516138274,0.03361793240222345,0.03623517122035079,0.03924818745501589,0.04198431004604743,0.04432520795975807,0.04679578114406981,0.04903599781584546,0.051359789806602586,0.05420751495076017,0.05651871608602994
2025-10-08,0.0285493595423046,0.032277127161382736,0.033694701402223456,0.03623517122035079,0.03924818745501589,0.04198242504604742,0.04432375995975808,0.04679578114406981,0.04903140681584546,0.051354348806602584,0.05420254395076017,0.056520514086029934
2025-10-09,0.028795902542304595,0.032277127161382736,0.033694701402223456,0.03623517122035079,0.03923962445501589,0.04198242504604742,0.04432375995975808,0.046791070144069816,0.04902531681584546,0.05135648680660258,0.05420455095076017,0.05651592908602993
2025-10-10,0.028795902542304595,0.032277127161382736,0.033694701402223456,0.03622690722035078,0.03924354545501589,0.041975611046047426,0.04431803095975807,0.04678461814406981,0.04903158981584545,0.051351315806602585,0.05419974695076017,0.056512985086029935
2025-10-13,0.028795902542304595,0.033025744161382736,0.034279920402223454,0.03659461422035079,0.039649139455015886,0.04245677204604742,0.04479710595975808,0.047271548144069815,0.04951357481584545,0.051911166806602585,0.054759159950760174,0.057037043086029936
2025-10-14,0.028795902542304595,0.03237436616138274,0.034279920402223454,0.03659461422035079,0.039649139455015886,0.042463140046047426,0.04479710595975808,0.047271548144069815,0.04951357481584545,0.051915122806602584,0.054759159950760174,0.05703338508602993
2025-10-15,0.028795902542304595,0.032782717161382736,0.03461558640222345,0.03682156522035078,0.03980212845501589,0.04265176704604742,0.04489726595975807,0.04726471314406981,0.049660978815845455,0.05204981580660259,0.05489633795076017,0.05711082608602994
2025-10-16,0.029456563542304595,0.03371577916138274,0.034759417402223464,0.037294213220350786,0.04023178545501589,0.04304699304604742,0.04530129695975807,0.04757637114406981,0.049973178815845454,0.05248706780660259,0.055269718950760174,0.05754439108602993
2025-10-17,0.029694418542304597,0.03347283616138274,0.03491281940222346,0.03742734122035078,0.04078561545501589,0.043523520046047426,0.045776505959758074,0.04790569014406981,0.05022349981584545,0.052653492806602586,0.05535323895076017,0.057644473086029935
2025-10-20,0.0297819225423046,0.03347283616138274,0.03491281940222346,0.03743596322035078,0.04079316745501589,0.04353071604604743,0.04578253595975808,0.04791730414406981,0.05022964681584545,0.052661156806602584,0.05536034795076017,0.05765416808602994
2025-10-21,0.0297030505423046,0.03347283616138274,0.03491281940222346,0.03743596322035078,0.04079340545501589,0.04353071604604743,0.04578253595975808,0.04791730414406981,0.05022978381584546,0.052661156806602584,0.05536034795076017,0.05765045008602993
2025-10-22,0.030521277542304596,0.03480380316138274,0.03505661840222346,0.03743596322035078,0.04079094045501589,0.043517459046047424,0.04577975195975807,0.04799511214406981,0.050302195815845455,0.052806957806602585,0.055514025950760174,0.057880067086029933
2025-10-23,0.030688844542304597,0.03431815116138274,0.035430423402223465,0.03769106422035079,0.04070576345501589,0.04344530204604742,0.04570474395975807,0.047904672144069814,0.05021996981584545,0.052775425806602584,0.05539428795076017,0.05775263008602993
2025-10-24,0.030679908542304596,0.03407528016138274,0.035392089402223464,0.03756902922035078,0.04070617645501589,0.04344056604604743,0.04569950095975808,0.04790135814406981,0.05022436781584545,0.052771479806602586,0.055389735950760174,0.057751941086029934
2025-10-27,0.030846549542304598,0.03431356416138274,0.03545917340222346,0.03790832122035079,0.04097146145501589,0.04361539204604742,0.04584940895975807,0.04808766814406981,0.05038860781584545,0.052858409806602585,0.05545006795076017,0.057746849086029936
2025-10-28,0.030521277542304596,0.03407528016138274,0.035535836402223464,0.03772885122035079,0.04075272545501589,0.04338034404604743,0.045547803959758076,0.04783058714406981,0.05010195581584545,0.05257366580660259,0.05513174595076017,0.057336271086029934
2025-10-29,0.0303832745423046,0.03407528016138274,0.035535836402223464,0.03772885122035079,0.040753141455015886,0.04338034404604743,0.045547803959758076,0.04783058714406981,0.05009747381584545,0.052569241806602586,0.055127659950760174,0.05733809608602994
2025-10-30,0.0299298045423046,0.03394057516138274,0.03747013240222345,0.03873912922035079,0.04154831145501589,0.04402204304604743,0.04618775195975808,0.048397579144069815,0.05051653381584545,0.05306282880660259,0.05538734395076017,0.05751751508602994
2025-10-31,0.0299211035423046,0.03394510316138274,0.03699160640222346,0.03917341622035078,0.041548847455015886,0.044022439046047426,0.04619105595975807,0.04837691614406981,0.050521032815845454,0.05306280280660259,0.05538831095076017,0.05750494808602993
2025-11-03,0.0299298045423046,0.03395869216138274,0.037230890402223465,0.03954095922035078,0.04200551945501589,0.04448530004604742,0.04656003295975808,0.048863635144069814,0.05092442381584546,0.05348179380660258,0.05575667095076017,0.057567065086029934
2025-11-04,0.0299298045423046,0.03420614616138274,0.03747013240222345,0.03968239222035079,0.04207233645501589,0.04456297204604742,0.04663272495975808,0.04892726214406981,0.05100067181584546,0.053558553806602585,0.055830269950760174,0.05755767008602994
2025-11-05,0.0301269715423046,0.03420614616138274,0.03794848640222345,0.03989921622035078,0.04222443745501589,0.04470725004604742,0.04676839995975808,0.04907596514406981,0.05113747381584545,0.05362243380660259,0.05596372595076017,0.05761852408602994
2025-11-06,0.0301269715423046,0.03323428216138274,0.03794848640222345,0.04205547522035079,0.04243516145501589,0.04493829004604742,0.04699082895975808,0.049227391144069814,0.05134935381584545,0.053843223806602586,0.05618615395076017,0.05778908008602993
2025-11-07,0.0299211035423046,0.03469190316138274,0.03794848640222345,0.039786175220350786,0.04214059945501589,0.04462541504604743,0.046684937959758074,0.04898927514406981,0.05099156481584545,0.053511150806602584,0.05581412395076017,0.05754557908602993
2025-11-10,0.0299298045423046,0.03517281916138274,0.03842666940222346,0.04267606822035079,0.04254950045501589,0.04503076004604742,0.04702005895975808,0.04931962314406981,0.051396509815845454,0.053869008806602586,0.05630013595076017,0.05797861408602994
2025-11-11,0.030521277542304596,0.03542031916138274,0.03770933040222346,0.04342778522035079,0.04262399045501589,0.04509885604604742,0.04711160995975808,0.04937378214406981,0.05147134881584546,0.05394613980660259,0.056386086950760174,0.058026026086029935
2025-11-12,0.0313097695423046,0.03566306516138274,0.03787196140222346,0.04342778522035079,0.04262153745501589,0.04509639504604743,0.04710838995975808,0.049528906144069816,0.051543576815845454,0.05405351180660259,0.05648945595076017,0.05810130608602994
2025-11-13,0.0316743945423046,0.03464333216138274,0.03787196140222346,0.04319293422035078,0.04253530245501589,0.04503942804604742,0.04703102395975807,0.04945386814406981,0.05146074381584545,0.05398849180660258,0.05642489995076017,0.05802434408602994
2025-11-14,0.0322822175423046,0.03464333216138274,0.03787196140222346,0.043182489220350784,0.04273928745501589,0.04526058304604742,0.04740188595975807,0.04981430814406981,0.05197865181584545,0.05443778280660259,0.05678319395076017,0.058315519086029936
2025-11-17,0.0326704005423046,0.034279293161382736,0.03787196140222346,0.04272306722035078,0.04274835345501589,0.04526102004604743,0.04740816995975808,0.049841909144069815,0.051985783815845454,0.054440408806602586,0.05679067395076017,0.058336061086029935
2025-11-18,0.0323995455423046,0.03424501116138274,0.037747598402223456,0.04307079022035079,0.04271309945501589,0.045226173046047424,0.04737196295975808,0.049830983144069814,0.05198878081584546,0.05444410680660259,0.05679387795076017,0.058635671086029933
2025-11-19,0.032404284542304596,0.03424501116138274,0.037747598402223456,0.04307079022035079,0.04271507945501589,0.045226173046047424,0.04737196295975808,0.049830983144069814,0.051984914815845454,0.05444410680660259,0.05678959995076017,0.058637473086029936
2025-11-20,0.0325468885423046,0.03424501116138274,0.037747598402223456,0.04307079022035079,0.04270782445501589,0.045226173046047424,0.04737196295975808,0.049826079144069814,0.05197941581584545,0.054439381806602585,0.05679174195076017,0.058632309086029934
2025-11-21,0.0332607085423046,0.03469190316138274,0.038264106402223455,0.043182489220350784,0.04337934845501589,0.045961859046047424,0.048244658959758074,0.050638302144069815,0.052787066815845454,0.05528176280660258,0.05762063395076017,0.059512383086029935
2025-11-24,0.0339697765423046,0.03492034216138274,0.038407545402223464,0.043662581220350785,0.04360496745501589,0.04610032204604743,0.04839324295975808,0.050781848144069816,0.05294192381584545,0.05543350180660258,0.057780005950760174,0.059666995086029934
2025-11-25,0.0348166635423046,0.03559509916138274,0.039000263402223456,0.044601213220350794,0.04411690845501589,0.04647144904604743,0.04890309695975807,0.051129800144069815,0.05337340881584546,0.055872113806602584,0.05812941495076017,0.060237550086029934
2025-11-26,0.035653525542304595,0.03574073816138274,0.03918185040222345,0.044713790220350796,0.04433336145501589,0.04669090204604742,0.04897669195975808,0.051164944144069816,0.05339803681584546,0.05586254880660258,0.058119330950760176,0.06023527308602994
2025-11-27,0.0352006575423046,0.03574073816138274,0.03918185040222345,0.04443232422035079,0.04432552945501589,0.04669090204604742,0.04897669195975808,0.05116886614406981,0.05339214581584546,0.05585761580660258,0.05812155095076017,0.06023606408602994
2025-11-28,0.0357217045423046,0.03574073816138274,0.03918185040222345,0.04470283522035079,0.04454321745501589,0.046911844046047424,0.049192242959758076,0.05137431114406982,0.05361371881584545,0.05599992480660259,0.05818640195076018,0.060296395086029936
2025-12-01,0.0372535465423046,0.03670642516138274,0.04175300140222346,0.043305669220350784,0.04527536945501589,0.04770794104604742,0.049955112959758075,0.05217993414406981,0.05452699281584546,0.05684534680660259,0.059074845950760166,0.061037642086029936
2025-12-02,0.0380858965423046,0.03898525416138274,0.04271153240222346,0.04489201022035079,0.04680626645501589,0.04931451604604742,0.05171486595975808,0.05384316414406981,0.05597999581584545,0.05835792180660259,0.060518876950760164,0.062465036086029935
2025-12-03,0.03939465154230459,0.03979918616138274,0.043488761402223464,0.04525773222035079,0.04760977245501589,0.05011089304604742,0.052445685959758084,0.054567203144069806,0.05692724981584546,0.05923413180660259,0.061477824950760165,0.06349818608602993
2025-12-04,0.0392569075423046,0.03979918616138274,0.043726843402223464,0.045360860220350796,0.04761021945501589,0.05011089304604742,0.05243322795975808,0.054557799144069816,0.05692165981584546,0.05923685480660259,0.06146817795076018,0.06348985908602993
2025-12-05,0.0396799625423046,0.039876686161382735,0.043715391402223455,0.045715110220350796,0.04793178745501588,0.050513146046047425,0.052764129959758085,0.05487558214406982,0.05724466581584546,0.05962796480660259,0.061869644950760166,0.06389303608602993
2025-12-08,0.0409328215423046,0.040583736161382736,0.04337446740222346,0.046372826220350785,0.048874545455015884,0.051318990046047425,0.05359547795975808,0.05569130214406981,0.05800101081584545,0.060321235806602584,0.06265724395076017,0.06466424208602993
2025-12-09,0.0415290815423046,0.040922645161382734,0.04361256940222347,0.046840982220350796,0.04938740245501589,0.051832302046047427,0.054043238959758086,0.05604299614406981,0.058363457815845454,0.06067299480660259,0.06301720895076017,0.06478190308602993
2025-12-10,0.04136190854230459,0.041406700161382745,0.043850629402223465,0.046803537220350785,0.04938796045501589,0.05182677504604742,0.054037932959758075,0.05604429814406982,0.058363774815845454,0.060663965806602584,0.06301631495076017,0.06478499808602993
2025-12-11,0.0419224025423046,0.04155189416138273,0.04444083340222346,0.04694394622035079,0.049537857455015884,0.05196873204604742,0.05416158395975808,0.05618811414406981,0.058497631815845455,0.06081793480660259,0.06314417195076018,0.06491860108602994
2025-12-12,0.0419224025423046,0.04155189416138273,0.04442913140222346,0.04693222322035079,0.049537857455015884,0.05195934004604742,0.05415499495975808,0.05617901214406981,0.05850067781584546,0.060810821806602584,0.06314192095076017,0.06491450908602994
2025-12-15,0.04177838154230459,0.04155189416138273,0.04444083340222346,0.04694394622035079,0.049535799455015884,0.05196873204604742,0.054169316959758074,0.05626207314406981,0.05858089181584546,0.06088999180660259,0.06323307195076017,0.06508437208602993
2025-12-16,0.041224231542304604,0.04125181516138274,0.04420287940222346,0.04666310822035079,0.04946430845501589,0.051751940046047426,0.053952990959758085,0.056204097144069806,0.05850798981584546,0.06083216880660259,0.06316164195076017,0.06500952008602993
2025-12-17,0.0414995805423046,0.041329259161382734,0.04420287940222346,0.04672864422035079,0.04953927145501589,0.05182765904604743,0.054030083959758085,0.05626958614406981,0.05858286181584546,0.060891923806602584,0.06324049595076017,0.06508725808602994
2025-12-18,0.0414995805423046,0.041329259161382734,0.04420287940222346,0.04666310822035079,0.04953927145501589,0.05182765904604743,0.054022375959758076,0.056265635144069806,0.058576754815845455,0.06089477880660258,0.06323392795076017,0.06508257708602994
2025-12-19,0.0417847445423046,0.041474458161382746,0.04466695940222347,0.046791863220350796,0.04968058545501589,0.051960222046047416,0.05414965795975808,0.05640652714406981,0.058720609815845454,0.06103880180660259,0.06336769595076017,0.06521828608602993
2025-12-22,0.0424763245423046,0.04233575916138274,0.04599125340222346,0.04727149222035079,0.05004549445501589,0.052333068046047426,0.054577694959758075,0.05669589014406981,0.05908831581584546,0.06148178980660259,0.06387815995076017,0.06566748908602993
2025-12-23,0.0436132465423046,0.04263567616138274,0.04622888840222346,0.04763634422035079,0.05018644945501589,0.052473171046047415,0.05471678695975808,0.056837916144069814,0.05922889081584545,0.06170100180660259,0.06409209395076017,0.06587755708602994
2025-12-24,0.044173429542304604,0.042413161161382745,0.04646648140222347,0.04770181622035079,0.05062053645501589,0.05291592504604742,0.05516391495975807,0.05728076814406981,0.05958265681584546,0.061984411806602586,0.06422001295076017,0.06616795908602993
2025-12-25,0.0436525605423046,0.043080631161382735,0.04694153940222347,0.048571256220350786,0.05099184345501589,0.05335779204604742,0.055587899959758075,0.05768846814406982,0.060022735815845454,0.06241804580660259,0.06464414595076017,0.06658045908602994
2025-12-26,0.0435739325423046,0.043003255161382745,0.04716631840222346,0.047904842220350796,0.051058429455015895,0.053348919046047424,0.05557537895975807,0.05770233714406982,0.05994514381584545,0.06233208980660259,0.06456838995076017,0.06652189608602993
2025-12-29,0.043812892542304596,0.043003255161382745,0.04652349740222346,0.048066512220350785,0.05098862145501589,0.05328217204604742,0.055528417959758075,0.05763551914406981,0.059948963815845455,0.06234577180660259,0.06459368795076018,0.06653507308602993
2025-12-30,0.0438196395423046,0.043003255161382745,0.04652349740222346,0.048066512220350785,0.05099127245501588,0.05328217204604742,0.055528417959758075,0.05763551914406981,0.059950464815845456,0.06234577180660259,0.06458837795076017,0.06653040808602993
2025-12-31,0.044311006542304604,0.04300930716138274,0.04557896740222346,0.048066512220350785,0.05098959245501589,0.05328266704604742,0.055552067959758075,0.05763551914406981,0.05994951281584546,0.06234572780660259,0.06460349295076018,0.06653274408602994
2026-01-05,0.0439406295423046,0.04531358816138274,0.04749879740222346,0.04999998122035079,0.052654504455015884,0.05530612304604743,0.05757688595975807,0.05961590614406981,0.06179970581584546,0.0641047648066026,0.06620795295076017,0.06804278108602993
2026-01-06,0.0429645175423046,0.045097805161382745,0.047318337402223465,0.049719999220350794,0.05251872345501588,0.055093532046047416,0.05743681895975808,0.059548835144069806,0.06158394081584545,0.0639607128066026,0.06605803895076016,0.06789827608602994
2026-01-07,0.0429645175423046,0.044865856161382736,0.047318337402223465,0.0494306032203508,0.05222531145501589,0.05480010304604742,0.05721557695975808,0.05933704314406982,0.06144908381584546,0.0638272168066026,0.06606291095076017,0.06806935908602993
2026-01-08,0.0423451795423046,0.04479819916138274,0.04724234640222347,0.04928120422035079,0.05208546945501589,0.05465757204604742,0.05707304595975808,0.05919064214406981,0.06129286781584546,0.0636795978066026,0.06592413095076018,0.06776236408602994
2026-01-09,0.041607748542304604,0.04457588316138274,0.047023849402223455,0.04926864822035079,0.052088034455015884,0.054660196046047424,0.05706966895975808,0.05918084414406981,0.06129763681584546,0.0636842888066026,0.06592024495076017,0.06775798408602994
2026-01-10,0.041607748542304604,0.04457588316138274,0.047011218402223456,0.04927492522035079,0.05207624345501589,0.05465004004604743,0.057062572959758084,0.05919083614406981,0.06128909881584546,0.06367657580660259,0.06591784795076017,0.06776705708602994
2026-01-12,0.0417292255423046,0.04456954516138274,0.04819192040222346,0.04928120422035079,0.052084972455015886,0.054655810046047415,0.05705103595975808,0.05919744914406981,0.06129920381584546,0.06368467280660259,0.06591259695076017,0.06777154208602994
2026-01-13,0.0417355795423046,0.04457588316138274,0.048505131402223456,0.04928120422035079,0.05208758945501588,0.054660196046047424,0.05704377995975808,0.05919744914406981,0.06130069181584545,0.06368736480660259,0.06590788595076016,0.06776674208602994
2026-01-14,0.0427187595423046,0.044643547161382746,0.04882775740222346,0.04928120422035079,0.05208417045501589,0.05465939704604743,0.057036306959758074,0.05919744914406981,0.06129874781584546,0.0636868748066026,0.06589756695076017,0.06776914608602994
2026-01-15,0.0425909595423046,0.044353542161382736,0.049140820402223465,0.0494306032203508,0.052226613455015884,0.05480616304604742,0.05709635295975808,0.05925287614406981,0.06128664381584546,0.06367651680660259,0.06589244595076017,0.06775532008602994
2026-01-16,0.0425909595423046,0.044353542161382736,0.04819192040222346,0.04941799222035079,0.052226613455015884,0.05480616304604742,0.057109972959758074,0.05924304014406981,0.06128994881584546,0.0636795948066026,0.06589949695076017,0.06775092608602994
2026-01-19,0.0427122225423046,0.04456954516138274,0.048505131402223456,0.04964532522035078,0.052441201455015886,0.05502844204604743,0.05726493595975808,0.05948389314406981,0.06150771381584545,0.06373744980660259,0.06604693495076017,0.06782799808602993
2026-01-20,0.0419224025423046,0.04427620016138274,0.048505131402223456,0.04957064422035079,0.05244665345501589,0.055036410046047424,0.05726493595975808,0.05948662814406981,0.06151080681584546,0.0637423158066026,0.06604693495076017,0.06782506608602994
2026-01-21,0.0414995805423046,0.04423752816138274,0.04803054040222346,0.04946794922035079,0.05234401245501589,0.05492220604604742,0.057160563959758076,0.059374356144069815,0.061408230815845455,0.06363892580660259,0.06594441895076017,0.06771534208602993
2026-01-22,0.0414995805423046,0.04416018216138273,0.04803054040222346,0.04946794922035079,0.05226828345501589,0.05484667504604743,0.05708362695975808,0.05929018414406981,0.06132639881584545,0.06355766180660259,0.06587107795076017,0.06764213408602994
2026-01-23,0.0423451795423046,0.04416018216138273,0.04803054040222346,0.04938065822035079,0.05226533445501589,0.05484667504604743,0.057075246959758075,0.05928307414406982,0.06132803981584546,0.06356072380660259,0.06586388595076018,0.06763959808602994
2026-01-26,0.0427548205423046,0.04577726716138274,0.04835328040222346,0.04939325522035079,0.05225853545501589,0.05482299004604742,0.05707614595975807,0.05929972914406981,0.06132748481584546,0.06354931080660259,0.06586896195076017,0.06765315108602994
2026-01-27,0.042830165542304593,0.04445988216138273,0.04835328040222346,0.04946794922035079,0.05226095545501589,0.05484312804604742,0.05707614595975807,0.059297001144069814,0.06132885781584546,0.0635616118066026,0.06586896195076017,0.06764655208602993
2026-01-28,0.043328212542304595,0.04468221116138274,0.04835328040222346,0.049822668220350794,0.052631010455015885,0.05527998804604742,0.05737423795975807,0.05950640014406981,0.061539462815845464,0.06376795880660259,0.06600887695076017,0.06777967608602993
2026-01-29,0.0438196395423046,0.04468221116138274,0.04835328040222346,0.049860000220350795,0.05269552445501589,0.05535641304604742,0.05745116195975808,0.05957551114406981,0.06160741981584546,0.0638374998066026,0.06607773295076017,0.06784832008602994
2026-01-30,0.0439596065423046,0.04468221116138274,0.04835328040222346,0.049847232220350784,0.052666154455015886,0.05535641304604742,0.05744269195975808,0.059565558144069816,0.06158628181584545,0.06384057380660259,0.06607047095076017,0.06784388808602994
2026-02-02,0.045286531542304595,0.04512035716138274,0.04866645440222346,0.051417349220350794,0.05297019245501589,0.05556631804604742,0.05766498895975808,0.05967018714406981,0.06173538081584545,0.06397620080660259,0.06622471995076017,0.06788204508602994
2026-02-03,0.050202776542304595,0.04631509716138274,0.049776206402223466,0.05079283622035079,0.054162174455015887,0.05662583004604742,0.05871528995975808,0.06077536514406981,0.06277911981584545,0.06502909380660259,0.06726235595076017,0.06896197608602994
2026-02-04,0.0482474235423046,0.04635372916138274,0.049776206402223466,0.05055970822035079,0.054096475455015884,0.056625360046047415,0.05871528995975808,0.06078406714406981,0.06285624881584546,0.06509795880660259,0.06741603795076018,0.06912078408602994
2026-02-05,0.048836535542304604,0.046208855161382734,0.04961501740222346,0.05055970822035079,0.05399046845501589,0.05651258104604742,0.058603808959758086,0.06066098814406981,0.06275183681584545,0.06498916880660259,0.06730735795076018,0.06900918608602993
2026-02-06,0.0506033625423046,0.046797946161382734,0.04992789540222346,0.05054668422035079,0.05420158445501589,0.056724943046047416,0.058952658959758084,0.06102759914406981,0.06318214081584546,0.06543250780660259,0.06781534695076018,0.06959769908602993
2026-02-09,0.0503909595423046,0.046279466161382746,0.050250178402223455,0.05055970822035079,0.05411449445501589,0.05665973304604742,0.05880971195975808,0.06090004314406981,0.06295808981584546,0.0652124738066026,0.06759864495076016,0.06931812308602993
2026-02-10,0.050202776542304595,0.04628612216138274,0.050250178402223455,0.05079283622035079,0.05412438445501589,0.05666436004604743,0.05880971195975808,0.06089132514406981,0.06296642681584545,0.0652152918066026,0.06759864495076016,0.06930723508602994
2026-02-11,0.0482474235423046,0.046063970161382736,0.04930206640222347,0.05079283622035079,0.05399253145501589,0.056514339046047427,0.05868810795975808,0.06073671114406981,0.06283121881584545,0.0650756048066026,0.06745503595076018,0.06915698608602994
2026-02-12,0.0466760455423046,0.046063970161382736,0.04930206640222347,0.05079283622035079,0.05399803545501589,0.056514339046047427,0.05868810795975808,0.060729609144069815,0.06283432581584546,0.0650692498066026,0.06745790295076017,0.06914990608602993
2026-02-13,0.0466760455423046,0.046063970161382736,0.04930206640222347,0.05077972522035079,0.05399803545501589,0.056514339046047427,0.058679323959758084,0.060719371144069806,0.06282746581584546,0.06507243080660259,0.06745038595076017,0.06914534208602993
2026-02-23,0.0466614395423046,0.04799757816138274,0.04866645440222346,0.051100481220350796,0.05405226245501588,0.05656241904604742,0.05877048095975808,0.06080253114406982,0.06289056881584545,0.06512410680660259,0.06754703295076017,0.06922807608602993
2026-02-24,0.046275880542304595,0.04800456216138274,0.04866645440222346,0.051100481220350796,0.05399657045501589,0.05649081204604742,0.05870319695975808,0.06072523714406981,0.06283349881584546,0.0650612728066026,0.06747054295076017,0.06914675308602994
2026-02-25,0.046283107542304594,0.04800456216138274,0.04880878140222346,0.051100481220350796,0.05399941245501589,0.05649081204604742,0.05869981695975808,0.06072523714406981,0.06283510381584546,0.0650612728066026,0.06746261095076017,0.06914923208602994
2026-02-26,0.047068946542304604,0.04800456216138274,0.04880878140222346,0.051100481220350796,0.054062810455015896,0.05656714804604743,0.05876709795975808,0.06079543814406982,0.06289925481584546,0.06512065180660259,0.06754196595076017,0.06921849808602994
2026-02-27,0.047756432542304605,0.04807211216138274,0.04880878140222346,0.05108725622035079,0.05406039945501589,0.05656632904604743,0.05875825695975807,0.06078512514406981,0.06289102681584546,0.06512332480660259,0.06753444295076017,0.06921389608602993
2026-03-02,0.0492057745423046,0.049701903161382746,0.04989522840222346,0.051417349220350794,0.054788005455015894,0.057272989046047426,0.059552996959758076,0.06175307414406982,0.06369976981584546,0.0659893738066026,0.06824730795076017,0.06978327408602994
2026-03-03,0.0492057745423046,0.049863391161382734,0.05003736940222346,0.05203216122035079,0.05508084545501588,0.05763839804604742,0.05977050095975808,0.061951927144069815,0.06390531281584545,0.06620507980660259,0.06831696095076017,0.06998202408602994
2026-03-04,0.0492057745423046,0.049911567161382744,0.05102246240222347,0.05298158122035079,0.055156407455015884,0.057779450046047426,0.05988153795975808,0.06205342514406981,0.06405230181584545,0.0664164898066026,0.06843608295076017,0.07010349508602993
2026-03-05,0.0488820045423046,0.049733117161382734,0.05100832940222347,0.05319554122035079,0.05528650745501589,0.05799629104604742,0.06010392795975808,0.06234808114406981,0.06434076181584546,0.06671359880660259,0.06881051295076017,0.07047116508602994
2026-03-06,0.048866511542304605,0.04974043916138274,0.05038097440222346,0.053181526220350786,0.055286765455015895,0.05800676104604742,0.06013032195975808,0.06233718114406982,0.06434371481584546,0.0667225278066026,0.06883007395076017,0.07046633108602994
2026-03-09,0.0492057745423046,0.050065722161382734,0.05133488640222346,0.053260651220350785,0.05537362445501589,0.058074450046047416,0.060180560959758087,0.062426476144069806,0.06442797981584546,0.06678257580660259,0.06887961695076017,0.07055074908602993
2026-03-10,0.0492057745423046,0.049911567161382744,0.05102246240222347,0.053260651220350785,0.05537362445501589,0.05807641304604742,0.06018822195975808,0.062426476144069806,0.06442081981584545,0.06678708280660259,0.06888753295076017,0.07054569508602994
2026-03-11,0.0492057745423046,0.050065722161382734,0.05102246240222347,0.05347455122035079,0.055590807455015885,0.058292177046047416,0.060399916959758077,0.06263282014406982,0.06464003581584546,0.0669939808066026,0.06909796595076018,0.07075190608602994
2026-03-12,0.0492057745423046,0.05053241616138274,0.05132063340222347,0.05347455122035079,0.055577912455015886,0.05828146204604742,0.060384178959758075,0.06263653514406982,0.06463063481584545,0.06698993980660259,0.06909019795076017,0.07075946108602993
2026-03-13,0.04919014854230459,0.05053989716138274,0.05132775940222346,0.05353479022035079,0.05565368345501589,0.05829203504604742,0.06039505595975808,0.0626226901440698,0.06463038781584546,0.06699895780660259,0.06909972395076017,0.07075266208602994
2026-03-16,0.0492057745423046,0.05054738016138274,0.05165670240222346,0.05362332522035079,0.05573243045501589,0.05836382804604742,0.06047027495975808,0.06263454814406981,0.06463760181584546,0.06699233980660259,0.06908899495076017,0.07076065408602994
2026-03-17,0.0488820045423046,0.05054738016138274,0.05165670240222346,0.05362332522035079,0.055733665455015895,0.05836382804604742,0.06047027495975808,0.06263454814406981,0.06463111281584545,0.06699565980660259,0.06909196295076017,0.07075557908602993
2026-03-18,0.0492057745423046,0.05054738016138274,0.05165670240222346,0.05362332522035079,0.05573243045501589,0.058352747046047426,0.060461139959758076,0.06262714414406981,0.06463401281584545,0.06698712280660259,0.06908407095076018,0.07074807408602994
2026-03-19,0.0492057745423046,0.05053241616138274,0.05195447740222346,0.053837148220350795,0.05593653145501589,0.05856732204604742,0.06066596595975808,0.06292169814406981,0.06491829781584546,0.0671346948066026,0.06922471595076017,0.07088504308602994
2026-03-20,0.04919014854230459,0.05053989716138274,0.05196172640222346,0.05382288722035079,0.05593682245501589,0.058577965046047425,0.060676942959758076,0.06291060914406982,0.06492131381584546,0.06714375280660259,0.06923431295076017,0.07088013608602993
2026-03-23,0.0492057745423046,0.05054738016138274,0.05196897740222346,0.053837148220350795,0.05594955845501589,0.058583054046047425,0.06068335595975807,0.06292542814406982,0.06493140781584546,0.0671402048066026,0.06923251895076017,0.07089009908602993
2026-03-24,0.0492057745423046,0.051115587161382744,0.05260276540222346,0.05437615222035079,0.05635540145501589,0.05898552204604743,0.06107073695975808,0.06330979414406981,0.06531726381584546,0.06753481580660259,0.06962375795076017,0.07128121108602993
2026-03-25,0.0492057745423046,0.05126964816138274,0.052914818402223465,0.054589814220350794,0.056572431455015885,0.05919133304604743,0.06127435695975808,0.06351577114406981,0.06553639081584546,0.0677417768066026,0.06982878995076017,0.07140682408602994
2026-03-26,0.0492057745423046,0.051254394161382735,0.05289994540222347,0.0544411842203508,0.05655917545501588,0.05918666204604742,0.06126594095975808,0.06352531214406981,0.06552674281584546,0.0677415058066026,0.06982586795076016,0.07141837308602994
2026-03-27,0.049513759542304595,0.05207048416138274,0.05321929840222346,0.05521572322035079,0.05742578145501589,0.06010119104604743,0.06197909195975808,0.06414836814406981,0.06616571881584546,0.0683826738066026,0.07048236295076017,0.07221009308602994
2026-03-30,0.0496962855423046,0.052559447161382736,0.05260276540222346,0.0554440072203508,0.057589158455015894,0.06024300004604742,0.06214533195975808,0.06430961114406981,0.06632553681584545,0.0685264238066026,0.07064277695076017,0.07235710808602994
2026-03-31,0.04970420254230459,0.053202436161382746,0.05260276540222346,0.055945042220350794,0.05823738345501588,0.06082576704604742,0.06296073295975808,0.06503205514406982,0.06704777381584545,0.06925362080660259,0.07137176595076017,0.07307136708602993
