Date,3M,6M,9M,1Y,15M,18M,21M,2Y,27M,30M,33M,3Y
2024-06-03,0.015720169726200876,0.017028560903056766,0.017053353004366813,0.017479889226200876,0.018458072955458517,0.01882183212663755,0.02008624467205241,0.020737577931877735,0.022147836854585157,0.023130904919213977,0.02358963358078603,0.02455790278951965
2024-06-04,0.015723283726200875,0.017028560903056766,0.017053353004366813,0.017479889226200876,0.01849786395545852,0.01882183212663755,0.02008624467205241,0.020737577931877735,0.022147436854585152,0.023130904919213977,0.023659774580786025,0.02455790278951965
2024-06-05,0.015584957726200874,0.017028560903056766,0.017053353004366813,0.017479889226200876,0.01849823695545852,0.01882183212663755,0.02008624467205241,0.020737577931877735,0.02214295885458515,0.023126237919213977,0.023659774580786025,0.024553716789519647
2024-06-06,0.015723283726200875,0.01654066990305677,0.017053353004366813,0.017479889226200876,0.018491172955458518,0.018820338126637547,0.02008624467205241,0.020733094931877735,0.022137845854585156,0.023124781919213973,0.023655352580786028,0.02454958778951965
2024-06-07,0.015717055726200878,0.01641715690305677,0.017014807004366812,0.017473065226200873,0.018491742955458516,0.018819624126637548,0.02008165467205241,0.020727682931877732,0.02214208785458515,0.023128010919213973,0.023651550580786024,0.02454906078951965
2024-06-10,0.015723283726200875,0.016423557903056767,0.017014807004366812,0.017479889226200876,0.01849786395545852,0.018827286126637546,0.020086933672052408,0.020737577931877735,0.022147436854585152,0.02313460491921398,0.023660262580786025,0.02455790278951965
2024-06-11,0.015723283726200875,0.016423557903056767,0.017014807004366812,0.017479889226200876,0.01849786395545852,0.018827286126637546,0.020086933672052408,0.020737577931877735,0.022147436854585152,0.02313460491921398,0.023660262580786025,0.02455790278951965
2024-06-12,0.015723283726200875,0.016423557903056767,0.017014807004366812,0.017546451226200875,0.018574663955458516,0.018904629126637547,0.020086933672052408,0.020735679931877735,0.022140207854585155,0.02312711691921398,0.023660262580786025,0.02455230278951965
2024-06-13,0.015723283726200875,0.016423557903056767,0.017014807004366812,0.017546451226200875,0.018491172955458518,0.01889871412663755,0.020086933672052408,0.020731202931877732,0.022137845854585156,0.023122672919213973,0.023655840580786028,0.02454817178951965
2024-06-14,0.01585534072620088,0.01641715690305677,0.017014807004366812,0.017539609226200875,0.01849136395545852,0.01889695012663755,0.02008165467205241,0.020725778931877735,0.022141851854585157,0.023125187919213974,0.023651550580786024,0.02454763578951965
2024-06-17,0.016009801726200874,0.016667532903056767,0.01713044100436681,0.017765123226200878,0.01886184795545852,0.019269754126637548,0.02045402367205241,0.02113919293187773,0.022588237854585157,0.023494790919213977,0.02422540458078603,0.02523115278951965
2024-06-18,0.016009801726200874,0.016667532903056767,0.01713044100436681,0.017765123226200878,0.01882345695545852,0.01916342812663755,0.020123727672052408,0.02058311093187773,0.02202784285458515,0.022852327919213974,0.02358712658078603,0.02443687478951965
2024-06-19,0.016009801726200874,0.01629667890305677,0.017053353004366813,0.017698576226200878,0.018756269955458517,0.01908945912663755,0.02004738367205241,0.020506954931877736,0.021946577854585154,0.022773267919213976,0.023470930580786024,0.024326393789519653
2024-06-20,0.015861605726200878,0.016052658903056766,0.016976260004366812,0.017622516226200875,0.01867314395545852,0.01900837412663755,0.019971034672052405,0.020426659931877734,0.021865617854585156,0.022693560919213977,0.023400450580786027,0.024246452789519653
2024-06-21,0.01585534072620088,0.015558350903056767,0.016976260004366812,0.01761565422620088,0.018673719955458516,0.01901111212663755,0.01996578167205241,0.020421231931877733,0.021869818854585152,0.022699046919213976,0.023396178580786027,0.024245883789519647
2024-06-24,0.01590112572620088,0.01580860890305677,0.016908800004366814,0.017546451226200875,0.01857418395545852,0.01891018412663755,0.019894508672052405,0.02036492193187773,0.021799716854585156,0.022638302919213975,0.02332857258078603,0.02417840578951965
2024-06-25,0.01590112572620088,0.01580860890305677,0.016908800004366814,0.017546451226200875,0.01857418395545852,0.01891018412663755,0.019894508672052405,0.02036492193187773,0.021799716854585156,0.022638302919213975,0.02332857258078603,0.02417840578951965
2024-06-26,0.015713403726200878,0.016482114903056767,0.016908800004366814,0.017546451226200875,0.018574690955458516,0.018904101126637547,0.019894508672052405,0.02036492193187773,0.02179540485458515,0.022629666919213975,0.02332857258078603,0.02417428278951965
2024-06-27,0.015930764726200877,0.016638257903056772,0.017207525004366814,0.017622516226200875,0.01856739495545852,0.01889678212663755,0.019889194672052406,0.02035838093187773,0.02179015585458515,0.02262428191921398,0.02332045258078603,0.024168592789519647
2024-06-28,0.01638868172620088,0.016924457903056765,0.017737356004366808,0.017910272226200875,0.019075256955458517,0.01933686212663755,0.020107637672052404,0.020607896931877735,0.021589773854585152,0.022489607919213978,0.023260313580786028,0.024352479789519647
2024-07-01,0.016523506726200878,0.016924457903056765,0.017733945004366813,0.017917214226200878,0.01908117295545852,0.01933017712663755,0.02011192267205241,0.02061780793187773,0.02159491685458515,0.022481572919213974,0.023268797580786024,0.02436133278951965
2024-07-02,0.016395086726200873,0.016781381903056766,0.017733945004366813,0.017917214226200878,0.01908152295545852,0.019336922126637547,0.02011192267205241,0.02061780793187773,0.02159512885458515,0.022482983919213974,0.023268797580786024,0.02436133278951965
2024-07-03,0.016148113726200876,0.016703327903056765,0.017733945004366813,0.017698576226200878,0.019015022955458517,0.01926333212663755,0.02003421467205241,0.020545978931877734,0.02152424385458515,0.022412355919213978,0.023187415580786026,0.024284379789519653
2024-07-04,0.016148113726200876,0.016696853903056766,0.017733945004366813,0.017698576226200878,0.019008197955458515,0.019261527126637548,0.020028995672052408,0.02054155493187773,0.02151928785458515,0.022414757919213976,0.023183127580786028,0.02428026978951965
2024-07-05,0.016003498726200875,0.01670009090305677,0.017723716004366813,0.017758222226200875,0.019076326955458515,0.019344240126637546,0.020099632672052406,0.020612237931877733,0.021521482854585154,0.022347369919213975,0.023178626580786024,0.023962185789519648
2024-07-08,0.01684947672620088,0.016781381903056766,0.01805170000436681,0.017765123226200878,0.01908028495545852,0.019423257126637547,0.02010621467205241,0.020622133931877736,0.02152543085458515,0.022345710919213974,0.02318465558078603,0.02397096078951965
2024-07-09,0.017560591726200878,0.017152095903056767,0.01869660500436681,0.018173816226200873,0.019452508955458518,0.01968078012663755,0.02027912567205241,0.020756814931877733,0.021699199854585155,0.022518416919213975,0.023369539580786025,0.024117628789519653
2024-07-10,0.017560591726200878,0.017152095903056767,0.01869660500436681,0.018173816226200873,0.019452508955458518,0.01968078012663755,0.02027912567205241,0.020756814931877733,0.021694669854585152,0.02252065091921398,0.023365240580786026,0.024113567789519647
2024-07-11,0.017560591726200878,0.017145502903056768,0.01869660500436681,0.018173816226200873,0.01944558295545852,0.019672860126637548,0.020273898672052405,0.02075237793187773,0.021689634854585152,0.022516253919213976,0.023360903580786026,0.02410941978951965
2024-07-12,0.017553876726200873,0.017148798903056768,0.018689523004366812,0.018090801226200874,0.01929264995545852,0.019601027126637548,0.020269925672052408,0.02074901493187773,0.021698782854585152,0.02252405191921398,0.02336164758078603,0.024110393789519652
2024-07-15,0.017422329726200877,0.017083811903056766,0.01836937900436681,0.018021763226200874,0.019232239955458516,0.019526785126637553,0.020207333672052408,0.02068311493187773,0.021627830854585153,0.022449364919213975,0.023296623580786026,0.02404340278951965
2024-07-16,0.017274185726200875,0.017005769903056765,0.01805170000436681,0.01795523322620088,0.01915588795545852,0.01945018612663755,0.02013535167205241,0.02061672693187773,0.02155178285458515,0.022368671919213975,0.023223573580786028,0.02396695578951965
2024-07-17,0.017135913726200873,0.016927724903056766,0.017733945004366813,0.01787919322620088,0.019156265955458517,0.019444879126637553,0.020141062672052408,0.02061888893187773,0.021547490854585155,0.022364627919213974,0.02322329358078603,0.023964509789519653
2024-07-18,0.017135913726200873,0.01685291790305677,0.017406482004366813,0.017803148226200875,0.019072672955458517,0.01937604612663755,0.020073701672052406,0.02053859293187773,0.021476082854585153,0.022300308919213974,0.02314568558078603,0.023894649789519648
2024-07-19,0.016991071726200874,0.01677813490305677,0.01739975000436681,0.017796236226200877,0.019073583955458516,0.019382180126637547,0.020069920672052405,0.020533128931877732,0.02148042385458515,0.022305751919213974,0.02314653058078603,0.02389403778951965
2024-07-22,0.016997636726200874,0.016781381903056766,0.017348686004366815,0.017803148226200875,0.01907988095545852,0.019384594126637553,0.02007998467205241,0.02054300893187773,0.02148578885458515,0.022307346919213975,0.023154999580786026,0.023902802789519652
2024-07-23,0.01684947672620088,0.016781381903056766,0.017406482004366813,0.01787919322620088,0.01908028495545852,0.019384594126637553,0.020078946672052407,0.020540848931877735,0.021486033854585154,0.022302907919213973,0.02315426858078603,0.023901202789519647
2024-07-24,0.016997636726200874,0.017083811903056766,0.017733945004366813,0.01798374722620088,0.01915664295545852,0.01944344712663755,0.020141062672052408,0.020615915931877733,0.021547718854585153,0.022363678919213974,0.02322329358078603,0.02396231178951965
2024-07-25,0.01692849672620088,0.017054242903056765,0.017733945004366813,0.01798374722620088,0.019149977955458516,0.01942463812663755,0.02013319167205241,0.020611496931877735,0.021542850854585155,0.022354817919213975,0.02321576458078603,0.02395818578951965
2024-07-26,0.016773827726200875,0.01705752690305677,0.017733945004366813,0.01797678622620088,0.01915093495545852,0.019430034126637546,0.020135818672052407,0.020605997931877736,0.021547228854585154,0.022359797919213976,0.02322113158078603,0.02395755778951965
2024-07-29,0.01692849672620088,0.01706737890305677,0.017733945004366813,0.01798374722620088,0.019080068955458516,0.01943731712663755,0.020141062672052408,0.020615915931877733,0.021554848854585154,0.022364611919213975,0.02322759258078603,0.023966354789519653
2024-07-30,0.017076652726200875,0.01703166490305677,0.017716899004366814,0.017917214226200878,0.019012495955458515,0.01941112312663755,0.020085392672052407,0.020578788931877735,0.02144844185458515,0.02225378991921398,0.02308798358078603,0.023858412789519647
2024-07-31,0.017076652726200875,0.01703494590305677,0.01772030700436681,0.01809779222620088,0.019012495955458515,0.019475188126637552,0.02023194167205241,0.020797998931877733,0.02144393485458515,0.022248438919213978,0.023312577580786024,0.02422449678951965
2024-08-01,0.01719517372620088,0.017038226903056772,0.017723716004366813,0.01809779222620088,0.019005360955458517,0.019480618126637553,0.02023778067205241,0.02079354693187773,0.021438783854585156,0.022255604919213974,0.02332022558078603,0.02422034478951965
2024-08-02,0.01707006672620088,0.017041508903056765,0.01684109900436681,0.018090801226200874,0.019006206955458516,0.01948605512663755,0.020259620672052406,0.020788020931877732,0.021443081854585155,0.02226057891921398,0.023339154580786024,0.02421972178951965
2024-08-05,0.01719517372620088,0.016966747903056766,0.01685097500436681,0.018021763226200874,0.01893540395545852,0.01942155012663755,0.02019673267205241,0.020722132931877732,0.021371938854585153,0.022185583919213978,0.02327742258078603,0.02415275178951965
2024-08-06,0.016701311726200874,0.016966747903056766,0.01685097500436681,0.018021763226200874,0.018936745955458516,0.01942155012663755,0.02019673267205241,0.020722132931877732,0.021372751854585155,0.02218117791921398,0.02327742258078603,0.02415275178951965
2024-08-07,0.016582775726200878,0.01682040790305677,0.016368999004366815,0.01787919322620088,0.018716325955458517,0.01926226212663755,0.02002072767205241,0.02057986893187773,0.021296796854585152,0.022113554919213976,0.02321057358078603,0.024087203789519653
2024-08-08,0.016335814726200874,0.016550533903056767,0.015886850004366813,0.017727096226200875,0.018595096955458516,0.019156570126637552,0.019951575672052406,0.02050173293187773,0.02118769685458515,0.022002090919213978,0.023065064580786027,0.023928150789519653
2024-08-09,0.016201033726200874,0.016553750903056767,0.015886850004366813,0.017720205226200873,0.018595989955458518,0.019161935126637553,0.01994627067205241,0.020496283931877732,0.021191992854585152,0.02200700691921398,0.02306081358078603,0.02392754978951965
2024-08-12,0.016948250726200875,0.016556968903056767,0.015886850004366813,0.017727096226200875,0.018600155955458518,0.01916432812663755,0.019951575672052406,0.02050614493187773,0.02119605585458515,0.02200858691921398,0.023069389580786026,0.023936309789519647
2024-08-13,0.016701311726200874,0.016781381903056766,0.01644612700436681,0.017727096226200875,0.018533627955458522,0.019007601126637547,0.01987358867205241,0.020428098931877733,0.021198631854585155,0.022008354919213977,0.023065027580786025,0.023939581789519652
2024-08-14,0.016207388726200873,0.01674235590305677,0.01644612700436681,0.017660547226200876,0.01845815995545852,0.018913648126637553,0.019795846672052406,0.02036169193187773,0.021118630854585152,0.021903895919213975,0.022987915580786028,0.023869154789519648
2024-08-15,0.016335814726200874,0.016735870903056768,0.01644612700436681,0.017660547226200876,0.018451139955458516,0.01891190312663755,0.019795846672052406,0.020357306931877733,0.021113564854585154,0.021906198919213977,0.022983612580786024,0.023865068789519647
2024-08-16,0.016201033726200874,0.01666106790305677,0.01644612700436681,0.017577632226200873,0.018375230955458517,0.018879292126637547,0.01979060767205241,0.020354035931877734,0.021120327854585154,0.021912962919213977,0.022979374580786027,0.02386607778951965
2024-08-19,0.016424722726200873,0.01674235590305677,0.01644612700436681,0.017508416226200876,0.018457573955458516,0.01892846812663755,0.019795846672052406,0.02036599793187773,0.021122750854585155,0.02192262291921398,0.022987915580786028,0.023876405789519647
2024-08-20,0.016424722726200873,0.01674235590305677,0.01644612700436681,0.017508416226200876,0.018457573955458516,0.01893142512663755,0.019795846672052406,0.02036599793187773,0.021122750854585155,0.021921573919213976,0.022987915580786028,0.023876405789519647
2024-08-21,0.01631605672620088,0.01674235590305677,0.01644612700436681,0.017508416226200876,0.01845786695545852,0.018934381126637548,0.019795846672052406,0.02036599793187773,0.021118452854585155,0.021927072919213975,0.022987915580786028,0.023872348789519653
2024-08-22,0.016207388726200873,0.016589553903056768,0.01644612700436681,0.017441852226200878,0.01837469995545852,0.018895243126637547,0.019795846672052406,0.02036788293187773,0.02111625985458515,0.021931681919213977,0.022983612580786024,0.02387577978951965
2024-08-23,0.016082513726200877,0.01651472490305677,0.01644612700436681,0.017435038226200877,0.01837555595545852,0.018901279126637548,0.01979060767205241,0.02035808793187773,0.021120526854585153,0.021937051919213975,0.022979374580786027,0.023869092789519653
2024-08-26,0.015841845726200877,0.01563953790305677,0.01612794700436681,0.01736577322620088,0.018382337955458516,0.01887298512663755,0.019723746672052407,0.02029197593187773,0.021057216854585156,0.021875732919213978,0.022924801580786025,0.023801937789519653
2024-08-27,0.015841845726200877,0.01563953790305677,0.015809690004366814,0.017223110226200877,0.018315129955458517,0.018795623126637552,0.019661351672052407,0.02021794193187773,0.020980561854585154,0.021874091919213974,0.022931434580786024,0.023808201789519652
2024-08-28,0.015713403726200878,0.01563953790305677,0.015645710004366813,0.017223110226200877,0.018315473955458517,0.01878972212663755,0.01966425767205241,0.02021794193187773,0.020976315854585155,0.021869687919213975,0.022933487580786026,0.023804139789519653
2024-08-29,0.015347815726200878,0.015320417903056771,0.015327339004366808,0.017147014226200873,0.018233012955458518,0.018724957126637548,0.01959212467205241,0.02014080893187773,0.020895758854585153,0.021793984919213978,0.02293617058078603,0.023795423789519647
2024-08-30,0.015213258726200878,0.015323475903056771,0.015327339004366808,0.016914856226200876,0.01801310795545852,0.018570258126637547,0.01943135867205241,0.01997818793187773,0.020759352854585154,0.021649872919213976,0.022777732580786025,0.02364909878951965
2024-09-04,0.015222407726200878,0.015980850903056766,0.015327339004366808,0.016928207226200878,0.018017869955458517,0.018570367126637552,0.019436569672052408,0.020001792931877732,0.020763263854585157,0.02165425791921398,0.02278621258078603,0.02366831078951965
2024-09-05,0.015716517726200877,0.015980850903056766,0.014999241004366809,0.016928207226200878,0.018016575955458518,0.018570367126637552,0.019442359672052406,0.019997436931877735,0.020758044854585156,0.02165425791921398,0.022785993580786028,0.02366428878951965
2024-09-06,0.015103811726200879,0.015980850903056766,0.014999241004366809,0.016921530226200875,0.01801159895545852,0.018570367126637552,0.01943713167205241,0.01999214793187773,0.020754238854585154,0.021649887919213975,0.022781827580786028,0.02366375878951965
2024-09-09,0.015103811726200879,0.01597770790305677,0.014680716004366809,0.016775965226200874,0.017864523955458518,0.018345674126637547,0.01907843867205241,0.019781582931877734,0.020610719854585152,0.02150158691921398,0.022578092580786024,0.023291257789519647
2024-09-10,0.01497532972620088,0.015980850903056766,0.014680716004366809,0.016775965226200874,0.017864858955458515,0.01834797712663755,0.01907843867205241,0.019781582931877734,0.020610923854585156,0.02150311491921398,0.022578092580786024,0.023291257789519647
2024-09-11,0.01497532972620088,0.015892969903056768,0.014362115004366814,0.01696626422620088,0.017864858955458515,0.018203695126637547,0.018938126672052406,0.01962986493187773,0.020463129854585156,0.021359666919213975,0.02243734058078603,0.02313802778951965
2024-09-12,0.014738120726200878,0.01555117490305677,0.014033780004366808,0.016747417226200878,0.017682984955458517,0.017984239126637547,0.01872012567205241,0.01940724593187773,0.02023834485458515,0.021140878919213978,0.022215220580786024,0.022915832789519648
2024-09-13,0.014599741726200877,0.01540467290305677,0.013715024004366812,0.016521952226200877,0.01741753895545852,0.017763041126637548,0.01845791767205241,0.019144622931877735,0.02001550085458515,0.020876900919213973,0.021954605580786025,0.022658255789519653
2024-09-16,0.013888005726200879,0.015323475903056771,0.013715024004366812,0.016528523226200874,0.01742580995545852,0.017761473126637548,0.01846298067205241,0.019154011931877733,0.020025601854585157,0.020880120919213978,0.021962843580786026,0.022666627789519653
2024-09-17,0.014036294726200875,0.015248392903056768,0.013715024004366812,0.016452375226200876,0.017281303955458516,0.01776439612663755,0.01846298067205241,0.019156117931877735,0.020029921854585152,0.020882060919213977,0.021962843580786026,0.022668196789519653
2024-09-18,0.01374959772620088,0.015180016903056766,0.013715024004366812,0.016452375226200876,0.017282042955458515,0.01776498812663755,0.01846298067205241,0.019156117931877735,0.02003037285458515,0.020882453919213978,0.021962843580786026,0.02266428778951965
2024-09-19,0.01374959772620088,0.014799019903056772,0.013715024004366812,0.016157245226200878,0.01706102195545852,0.01753609612663755,0.018239192672052408,0.01893555193187773,0.019806373854585155,0.020664127919213973,0.02173664558078603,0.02244361878951965
2024-09-20,0.013472767726200874,0.014799019903056772,0.013715024004366812,0.016150772226200878,0.017055383955458518,0.01753609612663755,0.01823418167205241,0.01893043393187773,0.01980220185458515,0.020659891919213975,0.021732667580786028,0.022443085789519653
2024-09-23,0.013324457726200875,0.014756953903056771,0.014033780004366808,0.016195331226200878,0.017321575955458517,0.01776641212663755,0.01845745967205241,0.01916322993187773,0.020029827854585153,0.020883398919213973,0.021958917580786025,0.022673493789519647
2024-09-24,0.013324457726200875,0.014759939903056768,0.014033780004366808,0.016052500226200875,0.017167825955458516,0.01761383512663755,0.018301798672052408,0.01894261493187773,0.019955838854585156,0.020661658919213975,0.021734331580786026,0.022453525789519653
2024-09-25,0.013324457726200875,0.014759939903056768,0.014033780004366808,0.016052500226200875,0.017167825955458516,0.01761383512663755,0.018301798672052408,0.01894261493187773,0.019955838854585156,0.020661658919213975,0.021734331580786026,0.022449635789519647
2024-09-26,0.013433218726200874,0.014759939903056768,0.014323491004366813,0.016052500226200875,0.017167545955458517,0.01761383512663755,0.01829679767205241,0.018938429931877734,0.019951348854585153,0.020661658919213975,0.021726604580786027,0.02244576778951965
2024-09-27,0.013433218726200874,0.014759939903056768,0.014323491004366813,0.016046055226200874,0.017161169955458522,0.01761383512663755,0.01829180367205241,0.018933329931877733,0.01994672485458515,0.020657428919213974,0.021722609580786027,0.022445246789519653
2024-09-30,0.013433218726200874,0.014756953903056771,0.014323491004366813,0.01590012522620088,0.017023391955458517,0.01746649812663755,0.018073048672052408,0.018722229931877735,0.019733524854585155,0.020506207919213974,0.02165912758078603,0.022072278789519652
2024-10-01,0.013259526726200878,0.014688568903056767,0.014323491004366813,0.015757252226200877,0.016790162955458515,0.01731443812663755,0.017927120672052405,0.018423431931877732,0.019422277854585154,0.020215734919213975,0.02135398458078603,0.02177469378951965
2024-10-02,0.013282102726200874,0.014610412903056771,0.013715024004366812,0.015757252226200877,0.01679451595545852,0.017315116126637546,0.01793754867205241,0.018423431931877732,0.019422154854585157,0.020216182919213975,0.02136139558078603,0.02177090678951965
2024-10-03,0.013282102726200874,0.014610412903056771,0.013715024004366812,0.015681045226200875,0.01679765495545852,0.017315116126637546,0.01793754867205241,0.018421411931877733,0.019427589854585155,0.020212032919213974,0.021357264580786024,0.02176865378951965
2024-10-04,0.012683411726200876,0.014610412903056771,0.013715024004366812,0.015531829226200874,0.01650181795545852,0.01701925712663755,0.017708847672052407,0.01819574093187773,0.019293906854585152,0.020058887919213973,0.021211501580786024,0.02162879578951965
2024-10-07,0.012491113726200875,0.014382757903056771,0.013425181004366814,0.015385688226200879,0.016431002955458518,0.017024535126637548,0.017640825672052406,0.018130794931877733,0.01922258985458515,0.019987469919213977,0.021145795580786025,0.02156237878951965
2024-10-08,0.012491113726200875,0.014307528903056768,0.01299029800436681,0.01531898222620088,0.016431002955458518,0.016949952126637552,0.01757036767205241,0.018054466931877733,0.01915357885458515,0.019922437919213977,0.021043743580786027,0.021375178789519653
2024-10-09,0.012491113726200875,0.014229357903056766,0.01299029800436681,0.01531898222620088,0.016431002955458518,0.01695062512663755,0.01757036767205241,0.018054466931877733,0.01914938385458515,0.019922883919213978,0.021043743580786027,0.02137143778951965
2024-10-10,0.012095560726200875,0.014160954903056772,0.012748635004366814,0.015242741226200875,0.016364707955458517,0.01687377412663755,0.01750633867205241,0.017984124931877732,0.01907533585458515,0.019842300919213976,0.02096494458078603,0.02129128678951965
2024-10-11,0.011200312726200874,0.01255772090305677,0.012748635004366814,0.014187875226200873,0.016361503955458517,0.01684329512663755,0.01746251867205241,0.018036996931877734,0.019034634854585154,0.019769147919213977,0.020922460580786027,0.02131081178951965
2024-10-14,0.012441671726200879,0.012146929903056769,0.012748635004366814,0.014193843226200875,0.016363813955458516,0.01685236212663755,0.01746739867205241,0.01804586493187773,0.019037443854585154,0.019779681919213976,0.02093040758078603,0.02131868378951965
2024-10-15,0.011947217726200873,0.01190237190305677,0.012632621004366809,0.014193843226200875,0.01628815195545852,0.01678667512663755,0.017391486672052404,0.017977453931877732,0.01896173885458515,0.019713794919213976,0.02085453958078603,0.021250781789519647
2024-10-16,0.01145270272620088,0.01239145790305677,0.01194600100436681,0.013869416226200873,0.01621248095545852,0.01670500412663755,0.01732523367205241,0.017986233931877732,0.018891728854585156,0.019634117919213975,0.020795574580786028,0.021172817789519648
2024-10-17,0.010958124726200877,0.01219583790305677,0.01194600100436681,0.013869416226200873,0.01602488395545852,0.01662920512663755,0.017257067672052408,0.01790392493187773,0.018814872854585156,0.01955424891921398,0.020713845580786025,0.02109152578951965
2024-10-18,0.011526642726200874,0.01219583790305677,0.01194600100436681,0.013787196226200879,0.01602405595545852,0.016623712126637546,0.01725219667205241,0.017901304931877735,0.018817806854585152,0.01955020291921398,0.02071002858078603,0.021092696789519652
2024-10-21,0.012194452726200879,0.01248926090305677,0.01258427900436681,0.014031643226200874,0.016181716955458517,0.01678163512663755,0.01739230667205241,0.018050259931877734,0.01896462885458515,0.01971045391921398,0.020855122580786027,0.021251307789519648
2024-10-22,0.012520778726200874,0.01248926090305677,0.012912970004366808,0.014870985226200874,0.016209731955458516,0.016849419126637552,0.017532747672052408,0.018105680931877734,0.019042095854585155,0.019777730919213976,0.02100604958078603,0.021382636789519648
2024-10-23,0.012520778726200874,0.01248926090305677,0.012912970004366808,0.014870985226200874,0.016209731955458516,0.016849419126637552,0.017532747672052408,0.018105680931877734,0.01903791085458515,0.019777730919213976,0.02100604958078603,0.021378882789519653
2024-10-24,0.012520778726200874,0.01248926090305677,0.012912970004366808,0.014870985226200874,0.016203599955458517,0.016849419126637552,0.017532747672052408,0.018101595931877733,0.019033464854585153,0.019773618919213976,0.021001951580786028,0.02137514478951965
2024-10-25,0.013819726726200875,0.01248926090305677,0.013231917004366808,0.014979217226200874,0.016230268955458517,0.016879827126637548,0.01756137667205241,0.01809361393187773,0.019028501854585156,0.019765137919213978,0.020992757580786024,0.02137236478951965
2024-10-28,0.011723827726200876,0.013291065903056766,0.013396193004366813,0.015347571226200875,0.01635829695545852,0.017036154126637552,0.01771917867205241,0.018249032931877733,0.01918194785458515,0.01992558491921398,0.02106302758078603,0.02144746678951965
2024-10-29,0.011647368726200875,0.013291065903056766,0.013396193004366813,0.015347571226200875,0.01635973295545852,0.017036154126637552,0.01771917867205241,0.018249032931877733,0.019182827854585152,0.01992558491921398,0.02106302758078603,0.02144746678951965
2024-10-30,0.011649974726200878,0.013433374903056766,0.013396193004366813,0.015347571226200875,0.016360951955458516,0.017013096126637546,0.01771917867205241,0.018249032931877733,0.019179372854585153,0.019899134919213975,0.02106302758078603,0.02144372378951965
2024-10-31,0.011504276726200878,0.013436194903056767,0.013396193004366813,0.015109306226200873,0.016356400955458518,0.01701307312663755,0.01771917867205241,0.01825141193187773,0.019175886854585156,0.019898607919213974,0.02105893958078603,0.021444758789519652
2024-11-01,0.011506866726200875,0.013439014903056767,0.013396193004366813,0.015103105226200876,0.01636069695545852,0.01701795512663755,0.01771427267205241,0.018246496931877736,0.019182015854585156,0.019905145919213975,0.021055039580786028,0.02144427478951965
2024-11-04,0.012313119726200875,0.015157442903056768,0.014719329004366809,0.016300060226200876,0.016546855955458517,0.017085683126637552,0.017842519672052408,0.01836958093187773,0.019337579854585153,0.019980265919213973,0.021121652580786028,0.02150305478951965
2024-11-05,0.012313119726200875,0.016400673903056766,0.01419795700436681,0.016538041226200874,0.016546855955458517,0.01707728712663755,0.017851437672052405,0.01836309893187773,0.019337579854585153,0.019974710919213975,0.021127974580786024,0.021498254789519652
2024-11-06,0.012075781726200878,0.016400673903056766,0.013879241004366813,0.016538041226200874,0.016624395955458518,0.01715468312663755,0.017934733672052408,0.018441185931877734,0.019400325854585156,0.020051544919213973,0.021209068580786028,0.021561978789519647
2024-11-07,0.012075781726200878,0.016595910903056767,0.013879241004366813,0.016538041226200874,0.016618152955458522,0.01715301212663755,0.017934733672052408,0.01843714293187773,0.019395808854585153,0.02005043991921398,0.021204974580786025,0.02155816278951965
2024-11-08,0.01192215872620088,0.016400673903056766,0.013879241004366813,0.016531468226200878,0.01665764995545852,0.017115986126637547,0.017890890672052406,0.01831487493187773,0.019290331854585153,0.019939484919213976,0.021012162580786024,0.02137070078951965
2024-11-11,0.011927438726200876,0.01639747590305677,0.015288744004366812,0.015776303226200876,0.01666324195545852,0.017113721126637546,0.017871685672052405,0.018344792931877733,0.019295157854585153,0.01994207591921398,0.02100309758078603,0.021394172789519647
2024-11-12,0.012046113726200874,0.016498294903056772,0.015288744004366812,0.015776303226200876,0.016662932955458516,0.01711515112663755,0.017871685672052405,0.018344792931877733,0.019294968854585155,0.019943020919213975,0.02100309758078603,0.021394172789519647
2024-11-13,0.012955838726200875,0.017864488903056766,0.016735317004366812,0.016252458226200875,0.016766325955458516,0.017142157126637553,0.01788583367205241,0.018370877931877735,0.019325448854585155,0.019963778919213977,0.021014192580786024,0.02141965078951965
2024-11-14,0.013034935726200875,0.01854723790305677,0.017217160004366815,0.016414298226200878,0.016881927955458516,0.01728137312663755,0.018023378672052406,0.018508825931877734,0.019440723854585153,0.020113877919213978,0.021159065580786028,0.021557906789519653
2024-11-15,0.019271406726200875,0.018254659903056768,0.017217160004366815,0.01704517722620088,0.017317317955458517,0.017583649126637547,0.01817405367205241,0.018564250931877732,0.01949888885458515,0.020180586919213976,0.021219251580786025,0.02162183278951965
2024-11-18,0.019604338726200876,0.01776355390305677,0.01789144900436681,0.01736577322620088,0.017396071955458517,0.017662864126637548,0.018235294672052406,0.01864301993187773,0.019586914854585157,0.02025275891921398,0.02129661258078603,0.02170122178951965
2024-11-19,0.018449306726200876,0.01801081190305677,0.01890224600436681,0.017204086226200878,0.01747908195545852,0.01766310912663755,0.01821790167205241,0.018569386931877735,0.01951091385458515,0.02018338991921398,0.021204283580786028,0.021626997789519653
2024-11-20,0.017629721726200878,0.017376667903056767,0.017573612004366808,0.016890149226200878,0.017263556955458517,0.017513861126637546,0.01817274567205241,0.018577969931877734,0.019518384854585152,0.020192321919213975,0.021222954580786026,0.021549004789519648
2024-11-21,0.017629721726200878,0.017766933903056767,0.017217160004366815,0.016890149226200878,0.017266732955458518,0.017510497126637548,0.01817887567205241,0.018573921931877735,0.019523841854585153,0.020190107919213975,0.021223270580786026,0.02154516378951965
2024-11-22,0.017948777726200876,0.01801081190305677,0.017217160004366815,0.016883482226200876,0.017343064955458516,0.01750839512663755,0.01817887567205241,0.018568688931877735,0.019524656854585154,0.02018462891921398,0.021225276580786025,0.021544483789519647
2024-11-25,0.019239108726200875,0.01776355390305677,0.017217160004366815,0.016890149226200878,0.017412949955458522,0.017585509126637547,0.01817887567205241,0.018577969931877734,0.019525605854585154,0.020185895919213978,0.021227276580786027,0.021552695789519648
2024-11-26,0.019485888726200877,0.017766933903056767,0.018218839004366813,0.017251644226200874,0.017489143955458517,0.01766521712663755,0.018161654672052406,0.018568086931877732,0.019522806854585156,0.02018477291921398,0.021215133580786028,0.021626036789519652
2024-11-27,0.019604338726200876,0.01801081190305677,0.017958860004366813,0.017327732226200876,0.017565670955458516,0.017740461126637547,0.018234134672052406,0.01864406193187773,0.01959483385458515,0.020250248919213974,0.021295793580786024,0.021698287789519648
2024-11-28,0.018942950726200877,0.017766933903056767,0.01789144900436681,0.017403813226200875,0.017561006955458522,0.017742573126637552,0.018235294672052406,0.018637952931877734,0.01959119785458515,0.020251633919213974,0.021292609580786027,0.02169289078951965
2024-11-29,0.018946499726200876,0.017766933903056767,0.017737356004366808,0.017397009226200875,0.017559985955458518,0.017742573126637552,0.018225896672052405,0.018632628931877733,0.019590157854585157,0.020247538919213978,0.02128138858078603,0.021692160789519653
2024-12-02,0.018749021726200875,0.017441633903056766,0.01773053500436681,0.017403813226200875,0.01756445295545852,0.017745140126637547,0.018231375672052408,0.01864197893187773,0.019597448854585156,0.020253789919213977,0.02129301658078603,0.021700451789519647
2024-12-03,0.018752543726200874,0.01727577590305677,0.01805170000436681,0.017403813226200875,0.01756587795545852,0.017746590126637547,0.018231380672052405,0.01864197893187773,0.019598304854585157,0.020254741919213975,0.021294352580786026,0.021700451789519647
2024-12-04,0.018752543726200874,0.016787878903056767,0.01821536200436681,0.017403813226200875,0.01756587795545852,0.01775085512663755,0.018228547672052405,0.01864197893187773,0.019598304854585157,0.020257541919213973,0.021288364580786028,0.021696750789519652
2024-12-05,0.018258738726200874,0.01751967990305677,0.017695424004366814,0.017251644226200874,0.01763435695545852,0.017744458126637552,0.018232747672052407,0.018642106931877733,0.019596954854585152,0.020249246919213974,0.021290672580786027,0.021695966789519648
2024-12-06,0.018505648726200877,0.01751967990305677,0.01768861400436681,0.017244881226200874,0.01763372795545852,0.017738851126637548,0.018228937672052407,0.018636808931877732,0.019592386854585156,0.020244991919213973,0.021291294580786026,0.021695254789519648
2024-12-09,0.018502160726200874,0.01737334090305677,0.01788801700436681,0.017251644226200874,0.017632307955458518,0.017745737126637552,0.018234213672052406,0.01864614493187773,0.019595725854585154,0.02025418191921398,0.021296352580786028,0.02170353078951965
2024-12-10,0.018505648726200877,0.017646497903056765,0.01788801700436681,0.01736577322620088,0.01763372795545852,0.01766598712663755,0.018234213672052406,0.01864301993187773,0.019596577854585157,0.020255286919213973,0.021296352580786028,0.02170122178951965
2024-12-11,0.019493137726200878,0.01776355390305677,0.01821536200436681,0.018078786226200877,0.017890459955458515,0.01796472412663755,0.018451997672052405,0.018808814931877735,0.019695281854585155,0.02032372091921398,0.021359975580786027,0.021746183789519653
2024-12-12,0.019285784726200877,0.01800739890305677,0.018417506004366813,0.018553845226200877,0.01811178995545852,0.018252620126637552,0.018667044672052407,0.019093998931877736,0.02007271485458515,0.020536590919213976,0.02134495358078603,0.02172046878951965
2024-12-13,0.019117919726200874,0.01789035690305677,0.018208411004366813,0.018546729226200875,0.018112220955458516,0.01824793312663755,0.01866667367205241,0.01908845693187773,0.020068712854585155,0.020532927919213975,0.021348008580786025,0.02171961378951965
2024-12-16,0.019114347726200874,0.01789035690305677,0.017695424004366814,0.019579204226200873,0.018110769955458517,0.01825365312663755,0.01868451967205241,0.01906975493187773,0.020072103854585154,0.020541382919213973,0.021361850580786025,0.02170732578951965
2024-12-17,0.019117919726200874,0.01789035690305677,0.017695424004366814,0.019579204226200873,0.018112220955458516,0.01825365312663755,0.01868451967205241,0.01906975493187773,0.020072973854585154,0.020541382919213973,0.021361850580786025,0.02170732578951965
2024-12-18,0.018950048726200874,0.01789035690305677,0.017695424004366814,0.019266011226200877,0.01804545495545852,0.018185980126637552,0.018616504672052406,0.019000417931877733,0.01999656985458515,0.020464275919213973,0.021280380580786025,0.021642708789519648
2024-12-19,0.018950048726200874,0.01789035690305677,0.01889867600436681,0.019266011226200877,0.01833342095545852,0.01847599312663755,0.018736350672052406,0.01899644293187773,0.019987491854585156,0.020450138919213975,0.02125610158078603,0.02163876278951965
2024-12-20,0.02076664372620088,0.01789035690305677,0.019131991004366813,0.019258698226200875,0.01884687295545852,0.01899201112663755,0.019330055672052406,0.01951698293187773,0.02033815285458515,0.020735335919213976,0.021500871580786028,0.021918565789519652
2024-12-23,0.020920741726200877,0.018134185903056765,0.019379672004366813,0.019266011226200877,0.018921678955458515,0.019073040126637547,0.01948045367205241,0.01967296293187773,0.020496326854585155,0.020739791919213976,0.02150001058078603,0.02192120778951965
2024-12-24,0.020924570726200874,0.01789035690305677,0.019379672004366813,0.019104631226200874,0.018923204955458517,0.019152536126637552,0.01948045367205241,0.01983343593187773,0.020566141854585156,0.020966855919213975,0.021690049580786026,0.022079259789519648
2024-12-25,0.020924570726200874,0.018134185903056765,0.019379672004366813,0.019104631226200874,0.018923204955458517,0.019150345126637547,0.01948045367205241,0.01983343593187773,0.020566141854585156,0.02096543891921398,0.021686083580786025,0.022075613789519652
2024-12-26,0.020924570726200874,0.018134185903056765,0.019379672004366813,0.019104631226200874,0.018923204955458517,0.019150345126637547,0.019475450672052405,0.01982926993187773,0.020566141854585156,0.020961290919213976,0.02168185658078603,0.022071565789519652
2024-12-27,0.020598840726200877,0.018134185903056765,0.019131991004366813,0.019097363226200877,0.01892405495545852,0.01914440812663755,0.019475669672052408,0.01982360193187773,0.02056233985458515,0.02095681591921398,0.021685354580786027,0.022070677789519648
2024-12-30,0.020762838726200876,0.018134185903056765,0.01939890900436681,0.018648830226200876,0.019037200955458522,0.019188996126637548,0.019664579672052408,0.01995345593187773,0.020679934854585157,0.021043513919213976,0.021682782580786028,0.022084180789519653
2024-12-31,0.02076664372620088,0.01813761590305677,0.01940254800436681,0.018648830226200876,0.019038725955458517,0.01918917312663755,0.019665732672052405,0.01995345593187773,0.02068084285458515,0.021043195919213976,0.021683157580786025,0.022084180789519653
2025-01-02,0.020431029726200874,0.01813761590305677,0.01921014600436681,0.018666599226200876,0.01903960395545852,0.01918917312663755,0.01966913767205241,0.01993688493187773,0.020681365854585153,0.021043195919213976,0.021681546580786026,0.022067505789519652
2025-01-03,0.016154455726200875,0.01813761590305677,0.01921014600436681,0.018670174226200875,0.01905079595545852,0.01918917312663755,0.019664070672052406,0.019942836931877733,0.020683687854585152,0.021039029919213977,0.021677292580786024,0.022075058789519653
2025-01-06,0.016108596726200873,0.018543752903056772,0.01911393500436681,0.018648830226200876,0.019048113955458516,0.01918306112663755,0.01967084067205241,0.01995345593187773,0.02068643285458515,0.021039243919213975,0.02168668158078603,0.022084180789519653
2025-01-07,0.01611176272620088,0.01854723790305677,0.01911393500436681,0.018648830226200876,0.01904950595545852,0.01918552312663755,0.01967084067205241,0.01995345593187773,0.02068726185458515,0.021040835919213977,0.02168668158078603,0.022084180789519653
2025-01-08,0.017063481726200876,0.018644754903056768,0.01921014600436681,0.018677324226200873,0.019077196955458516,0.019213638126637553,0.01970797267205241,0.01999165893187773,0.020725072854585157,0.021078967919213973,0.021724031580786028,0.022118638789519647
2025-01-09,0.021418050726200878,0.018254659903056768,0.019498739004366814,0.018677324226200873,0.01906579695545852,0.019217116126637547,0.01970286267205241,0.01998742793187773,0.020718283854585157,0.021081216919213976,0.021716546580786027,0.022114579789519653
2025-01-10,0.021753583726200877,0.018059583903056765,0.019498739004366814,0.018677324226200873,0.019064918955458518,0.019218855126637548,0.019697801672052408,0.019989544931877733,0.020713433854585156,0.021078168919213977,0.02171228358078603,0.022119349789519648
2025-01-13,0.021581896726200873,0.01805616390305677,0.019739185004366812,0.018753303226200876,0.01914053495545852,0.01929370612663755,0.01984420667205241,0.01998952493187773,0.020714648854585155,0.021078056919213974,0.02171201958078603,0.022120750789519653
2025-01-14,0.021753583726200877,0.01898602690305677,0.02017187800436681,0.01890524422620088,0.019285500955458522,0.019432778126637552,0.019836526672052407,0.019985257931877734,0.02071071585458515,0.021069221919213975,0.021706736580786028,0.02211765778951965
2025-01-15,0.021388443726200877,0.01898602690305677,0.020268014004366813,0.019009690226200873,0.019286459955458517,0.019510053126637547,0.019912458672052408,0.01998232493187773,0.020711283854585157,0.021066516919213976,0.021702604580786024,0.02211188478951965
2025-01-16,0.021191057726200876,0.01922975690305677,0.020268014004366813,0.019266011226200877,0.019363696955458518,0.019507868126637552,0.019912458672052408,0.019970942931877733,0.020709141854585153,0.021065112919213973,0.021698681580786028,0.022102607789519647
2025-01-17,0.021191057726200876,0.01898602690305677,0.020268014004366813,0.019258698226200875,0.019363696955458518,0.019510053126637547,0.019907388672052405,0.01996523993187773,0.02070483485458515,0.021062377919213976,0.02169437858078603,0.02210170578951965
2025-01-20,0.02118719072620088,0.01898248090305677,0.020460263004366812,0.019484307226200877,0.019544331955458516,0.01969106212663755,0.020025489672052407,0.02008595693187773,0.020850020854585156,0.021127953919213974,0.021695822580786027,0.022020600789519652
2025-01-21,0.021191057726200876,0.01898602690305677,0.020460263004366812,0.019341946226200876,0.019440409955458517,0.01958732512663755,0.01990904267205241,0.019972996931877735,0.020706691854585152,0.021063811919213977,0.02170025858078603,0.02210876978951965
2025-01-22,0.020796255726200877,0.01838144890305677,0.02017187800436681,0.019303979226200876,0.01947980695545852,0.01963139312663755,0.019952987672052405,0.02001305193187773,0.020745446854585153,0.021105643919213976,0.02174228958078603,0.022134522789519648
2025-01-23,0.020598840726200877,0.018820273903056767,0.019979587004366813,0.019085644226200876,0.019480327955458517,0.019627449126637553,0.01995640767205241,0.02001497693187773,0.02074575485458515,0.021103112919213976,0.021740702580786024,0.02213488878951965
2025-01-24,0.020598840726200877,0.018644754903056768,0.01978726900436681,0.019116345226200877,0.019480327955458517,0.019629027126637548,0.019954723672052407,0.020008233931877735,0.020741446854585156,0.02109998291921398,0.021738745580786027,0.022133232789519647
2025-02-03,0.019933742726200875,0.01886549590305677,0.019739185004366812,0.019341946226200876,0.01947442695545852,0.01962451212663755,0.019960684672052406,0.02001198493187773,0.020740333854585152,0.021101228919213975,0.021747576580786028,0.02213738978951965
2025-02-04,0.020273084726200874,0.018869025903056766,0.019739185004366812,0.019341946226200876,0.01947851295545852,0.019627011126637547,0.019960684672052406,0.02001198493187773,0.020744308854585156,0.021102831919213978,0.021747576580786028,0.02213738978951965
2025-02-05,0.01991149572620088,0.01893727690305677,0.019739185004366812,0.019190071226200874,0.01932754595545852,0.019471852126637552,0.01981508667205241,0.019860287931877732,0.020593194854585155,0.020949050919213973,0.02160314258078603,0.02199216778951965
2025-02-06,0.01981275372620088,0.01874226690305677,0.019816118004366813,0.019190071226200874,0.019327799955458518,0.01947359912663755,0.019813721672052406,0.019856121931877732,0.02059334585458515,0.02095017291921398,0.021598286580786025,0.021988113789519648
2025-02-07,0.01981275372620088,0.01890802690305677,0.019883431004366812,0.019182779226200875,0.019327799955458518,0.019472114126637546,0.019807461672052405,0.019850436931877734,0.02059334585458515,0.020945102919213976,0.021593185580786024,0.02198721278951965
2025-02-10,0.020298960726200875,0.019226176903056766,0.019883431004366812,0.019303979226200876,0.01943511795545852,0.019582623126637548,0.01991929467205241,0.019974062931877735,0.02070163185458515,0.020981405919213977,0.02162731758078603,0.021988738789519652
2025-02-11,0.020302699726200878,0.01909327190305677,0.020219947004366814,0.019303979226200876,0.019440082955458515,0.01958636212663755,0.01991331367205241,0.019974062931877735,0.02070612585458515,0.02098380191921398,0.021623215580786025,0.021988738789519652
2025-02-12,0.020207706726200876,0.01909327190305677,0.02034491700436681,0.019303979226200876,0.019441848955458516,0.01958636212663755,0.019911092672052405,0.019974062931877735,0.02070716785458515,0.02098380191921398,0.02162169158078603,0.02198512878951965
2025-02-13,0.02001023472620088,0.01909327190305677,0.02010458000436681,0.019341946226200876,0.019442358955458518,0.01958636212663755,0.019915363672052405,0.019968816931877735,0.020707468854585152,0.02098380191921398,0.021620711580786024,0.02198028878951965
2025-02-14,0.02001023472620088,0.01909327190305677,0.02010458000436681,0.019308964226200875,0.019442358955458518,0.01958636212663755,0.019910284672052407,0.019935806931877735,0.020707468854585152,0.020979687919213973,0.021616411580786025,0.021959600789519647
2025-02-17,0.020101549726200874,0.01908971090305677,0.02017187800436681,0.01931995222620088,0.019435637955458517,0.019583855126637552,0.01991416767205241,0.01994955393187773,0.020701939854585155,0.02098219491921398,0.02162380158078603,0.02197101078951965
2025-02-18,0.01973997272620088,0.01935648490305677,0.02010458000436681,0.019361554226200874,0.019441553955458518,0.019583999126637552,0.019915363672052405,0.019952378931877734,0.020706993854585153,0.020982287919213978,0.021624621580786027,0.02197305478951965
2025-02-19,0.01999048772620088,0.01935648490305677,0.02010458000436681,0.019365224226200878,0.01944240995545852,0.019583999126637552,0.019915363672052405,0.01995628793187773,0.02070749885458515,0.020982287919213978,0.021624621580786027,0.021972294789519647
2025-02-20,0.019496762726200878,0.01922975690305677,0.01986419900436681,0.019368895226200875,0.01944368595545852,0.01958513712663755,0.01991963667205241,0.01995605193187773,0.020708251854585157,0.020983016919213976,0.021623636580786025,0.02197103778951965
2025-02-21,0.01936838472620088,0.01928824790305677,0.01986419900436681,0.019372566226200878,0.01944401795545852,0.01958461212663755,0.019914543672052407,0.019962031931877733,0.02070844785458515,0.02097856891921398,0.021619338580786025,0.021978595789519648
2025-02-24,0.019242697726200873,0.01916769290305677,0.019662247004366813,0.019379911226200877,0.01943790195545852,0.019583151126637548,0.01992322767205241,0.019971931931877733,0.02070327885458515,0.020981743919213973,0.021630014580786026,0.02198719778951965
2025-02-25,0.019246287726200878,0.01922975690305677,0.019662247004366813,0.019379911226200877,0.01936613195545852,0.019507868126637552,0.01992322767205241,0.019971931931877733,0.02071020185458515,0.020985716919213977,0.021630014580786026,0.02198719778951965
2025-02-26,0.019002979726200873,0.01898602690305677,0.019662247004366813,0.019085644226200876,0.019368247955458516,0.019510053126637547,0.01992322767205241,0.01998019193187773,0.02071145285458515,0.020987118919213975,0.021630014580786026,0.021989554789519652
2025-02-27,0.018528891726200876,0.018498477903056768,0.019662247004366813,0.019085644226200876,0.019369470955458518,0.01951442412663755,0.01992322767205241,0.019975992931877733,0.02071217685458515,0.020989923919213976,0.02162609358078603,0.02198548778951965
2025-02-28,0.018627663726200873,0.018498477903056768,0.019662247004366813,0.019002448226200876,0.01936921595545852,0.01951442412663755,0.01991812367205241,0.01997246193187773,0.020712025854585155,0.020985796919213977,0.021621799580786027,0.021986149789519648
2025-03-03,-0.032057832273799124,-0.03211110609694323,-0.03247773399563319,-0.032851942773799124,-0.03339936604454148,-0.03377736187336245,-0.03424826632794759,-0.03457950606812227,-0.03525634814541485,-0.035706319080786024,-0.03638324141921397,-0.03679093921048035
2025-03-04,0.018320949726200873,0.01865375390305677,0.01934718500436681,0.019009690226200873,0.01945042195545852,0.019666894126637552,0.020004093672052407,0.02006031493187773,0.020782274854585156,0.021059653919213973,0.02170611258078603,0.02206663878951965
2025-03-05,0.017530964726200873,0.018244323903056768,0.01923177600436681,0.019009690226200873,0.019452590955458517,0.019664639126637552,0.020001049672052407,0.02006031493187773,0.020779235854585153,0.02105753491921398,0.021703244580786027,0.02206846178951965
2025-03-06,0.014962428726200877,0.017915768903056767,0.01888797000436681,0.018610837226200876,0.019193694955458522,0.019433817126637547,0.01977979367205241,0.019911299931877735,0.020639056854585155,0.020910924919213973,0.021566483580786028,0.02191775278951965
2025-03-07,0.014561190726200879,0.01758765390305677,0.018602936004366813,0.018565721226200878,0.01911871395545852,0.01944234212663755,0.019790810672052406,0.01990678593187773,0.02064623785458515,0.020917773919213976,0.021575434580786028,0.021915887789519653
2025-03-10,0.014270615726200878,0.017591009903056766,0.018606465004366808,0.018572843226200876,0.01912570295545852,0.019444798126637547,0.019794081672052405,0.019916584931877736,0.02065191885458515,0.020919352919213978,0.02157768458078603,0.02192438578951965
2025-03-11,0.014270615726200878,0.018146827903056766,0.018529483004366812,0.018572843226200876,0.01912570295545852,0.01951698412663755,0.019834310672052408,0.019916584931877736,0.02065191885458515,0.020909255919213977,0.021573224580786025,0.021920749789519647
2025-03-12,0.014794428726200876,0.018000574903056767,0.018529483004366812,0.018648830226200876,0.019124272955458516,0.019512322126637546,0.01982919167205241,0.019914453931877733,0.02064673985458515,0.020905602919213978,0.021568966580786025,0.021921030789519652
2025-03-13,0.014794428726200876,0.01799375390305677,0.01852244700436681,0.018648830226200876,0.019117403955458516,0.01951038012663755,0.019825227672052408,0.019910237931877732,0.020641789854585153,0.02090775091921398,0.021569548580786024,0.021916982789519653
2025-03-14,0.014788438726200878,0.017919168903056767,0.018343140004366813,0.018565721226200878,0.01901253795545852,0.019371632126637547,0.019834337672052407,0.01990678593187773,0.020570468854585154,0.020769247919213973,0.021387149580786025,0.02168439878951965
2025-03-17,0.015288527726200873,0.01796157290305677,0.01826963700436681,0.018572843226200876,0.01901736395545852,0.019373742126637547,0.019838978672052407,0.019916584931877736,0.020574860854585153,0.020770602919213975,0.021390327580786024,0.021692859789519653
2025-03-18,0.014665952726200873,0.017269148903056766,0.01819263600436681,0.018572843226200876,0.019019058955458516,0.01944776112663755,0.019840362672052407,0.019916584931877736,0.020575870854585156,0.020768244919213974,0.02138737658078603,0.021689273789519653
2025-03-19,0.014665952726200873,0.016459389903056766,0.018125256004366812,0.018496850226200873,0.019019058955458516,0.019449177126637553,0.01983643167205241,0.01991871693187773,0.020571550854585154,0.02076852491921398,0.02138395158078603,0.02169260178951965
2025-03-20,0.014665952726200873,0.01620907590305677,0.018118330004366814,0.018496850226200873,0.019012215955458517,0.01944967212663755,0.01983252767205241,0.019914488931877736,0.020566619854585154,0.020772214919213973,0.02138455658078603,0.02168855678951965
2025-03-21,0.01465999572620088,0.016124424903056767,0.01812179300436681,0.018489749226200877,0.01901289495545852,0.01945589012663755,0.01983832967205241,0.01990892493187773,0.020570681854585153,0.020777545919213977,0.02138988258078603,0.021685939789519652
2025-03-24,0.014665952726200873,0.01601046590305677,0.018125256004366812,0.018496850226200873,0.019019058955458516,0.019459355126637552,0.019841573672052408,0.01991871693187773,0.020575870854585156,0.020779768919213973,0.021392104580786026,0.02169439378951965
2025-03-25,0.014665952726200873,0.01573715790305677,0.01819263600436681,0.018496850226200873,0.019019058955458516,0.019461873126637552,0.019840362672052407,0.01991871693187773,0.020575870854585156,0.020777276919213973,0.02138737658078603,0.021690804789519652
2025-03-26,0.014665952726200873,0.015805487903056768,0.01819263600436681,0.018496850226200873,0.019019058955458516,0.01945518012663755,0.019835224672052405,0.01991871693187773,0.020571550854585154,0.020772384919213974,0.021383123580786027,0.02169260178951965
2025-03-27,0.014962428726200877,0.01579924890305677,0.01818569100436681,0.018496850226200873,0.019011412955458516,0.01945348112663755,0.019831310672052405,0.019914488931877736,0.020566139854585157,0.020774662919213975,0.021383721580786025,0.02168855678951965
2025-03-28,0.014956396726200874,0.015802367903056766,0.018189163004366814,0.018489749226200877,0.019012071955458516,0.01945887312663755,0.01983711467205241,0.01990892493187773,0.020570190854585155,0.020779459919213976,0.02138905058078603,0.021685939789519652
2025-03-31,0.014995096726200877,0.01629667890305677,0.01819263600436681,0.018430351226200875,0.019016816955458517,0.019456779126637548,0.019840362672052407,0.019920581931877734,0.020574131854585155,0.020777718919213976,0.021391275580786025,0.021695735789519652
2025-04-01,0.014916028726200875,0.01610146490305677,0.018178750004366813,0.018430351226200875,0.019017027955458517,0.019458562126637546,0.019827375672052408,0.019920581931877734,0.02057425785458515,0.02077886091921398,0.021378500580786025,0.021692144789519648
2025-04-02,0.014995096726200877,0.016423557903056767,0.01818222000436681,0.018430351226200875,0.019016816955458517,0.019455621126637547,0.01982551367205241,0.019920581931877734,0.020574131854585155,0.02077287491921398,0.021376458580786024,0.021693942789519652
2025-04-03,0.015410176726200875,0.016667532903056767,0.018262672004366813,0.018430351226200875,0.01897732495545852,0.01941836012663755,0.019752237672052406,0.019848101931877735,0.020501464854585157,0.020648857919213975,0.021225722580786026,0.02158194378951965
2025-04-04,0.015410176726200875,0.01666106790305677,0.018266154004366812,0.018423269226200877,0.018970492955458516,0.019416587126637547,0.01975802967205241,0.019842551931877735,0.02049653385458515,0.020651082919213977,0.021231035580786026,0.02157933578951965
2025-04-08,0.015657227726200873,0.016950506903056765,0.01819263600436681,0.018430351226200875,0.01897666595545852,0.019421818126637548,0.01976265867205241,0.019852319931877735,0.020505379854585157,0.020655775919213977,0.02123033158078603,0.021584189789519648
2025-04-09,0.015242172726200875,0.017155393903056766,0.01826963700436681,0.018430351226200875,0.01897777295545852,0.019419949126637547,0.019756162672052408,0.019852319931877735,0.02050603885458515,0.020650510919213973,0.02122514658078603,0.02158597878951965
2025-04-10,0.015242172726200875,0.017155393903056766,0.01826963700436681,0.018430351226200875,0.01897777295545852,0.019413927126637552,0.019758721672052407,0.019848101931877735,0.020501730854585155,0.020646013919213974,0.021230164580786026,0.02158194378951965
2025-04-11,0.015242172726200875,0.017148798903056768,0.018266154004366812,0.018423269226200877,0.018970938955458518,0.01941209912663755,0.01975802967205241,0.019842551931877735,0.020496799854585156,0.02064820591921398,0.021231035580786026,0.02157933578951965
2025-04-14,0.015242172726200875,0.01691147790305677,0.018231137004366814,0.018354348226200877,0.01897777295545852,0.019422174126637548,0.019761967672052405,0.01985444893187773,0.02050603885458515,0.020656002919213975,0.02123372958078603,0.021589294789519653
2025-04-15,0.015459587726200874,0.01697977790305677,0.018231137004366814,0.018354348226200877,0.01897719295545852,0.01934423412663755,0.019761967672052405,0.01985444893187773,0.02050569385458515,0.020658293919213977,0.021229860580786027,0.021585718789519648
2025-04-16,0.015736280726200876,0.017174905903056766,0.018308136004366808,0.018278338226200876,0.01897645495545852,0.019342457126637548,0.019794315672052407,0.019856578931877734,0.020505254854585153,0.020653080919213973,0.021223204580786026,0.02158903878951965
2025-04-17,0.015459587726200874,0.01710661290305677,0.01830116000436681,0.018278338226200876,0.01897719295545852,0.01933707412663755,0.01979038367205241,0.019852349931877733,0.020501386854585156,0.020648992919213974,0.02122377758078603,0.021585006789519648
2025-04-18,0.015736280726200876,0.01716830590305677,0.018304648004366812,0.018271297226200876,0.01896962595545852,0.01933462212663755,0.019796184672052408,0.019846825931877733,0.02049601685458515,0.020650783919213975,0.021229093580786028,0.021582413789519653
2025-04-21,0.015459587726200874,0.016950506903056765,0.018308136004366808,0.018278338226200876,0.01897719295545852,0.019344500126637548,0.01979943667205241,0.019856578931877734,0.02050569385458515,0.020658464919213977,0.02123131658078603,0.021590825789519652
2025-04-22,0.015459587726200874,0.016950506903056765,0.018308136004366808,0.018278338226200876,0.01897719295545852,0.019344500126637548,0.01979943667205241,0.019856578931877734,0.02050569385458515,0.020658464919213977,0.021227451580786025,0.021587247789519648
2025-04-23,0.015459587726200874,0.016706565903056768,0.01797123200436681,0.018059779226200876,0.01871807395545852,0.01894074312663755,0.019353599672052406,0.01956034193187773,0.020060984854585157,0.020252965919213974,0.020824262580786027,0.021172781789519653
2025-04-24,0.015410176726200875,0.016882205903056766,0.01796434800436681,0.018059779226200876,0.01871820595545852,0.01893324512663755,0.019349721672052407,0.01955616193187773,0.020056835854585155,0.020247530919213975,0.02082482558078603,0.02116879278951965
2025-04-25,0.015242172726200875,0.01687568490305677,0.01796779000436681,0.018049308226200877,0.018711885955458515,0.018931433126637552,0.019355431672052406,0.01954690793187773,0.020052220854585155,0.02024968591921398,0.020830065580786025,0.02116350878951965
2025-04-26,0.015236068726200876,0.016878944903056768,0.01797123200436681,0.018052797226200873,0.018712532955458522,0.01893676612663755,0.019358635672052406,0.019552765931877734,0.020056199854585156,0.020254436919213976,0.02083225758078603,0.021169099789519648
2025-04-28,0.015242172726200875,0.016882205903056766,0.01797123200436681,0.018059779226200876,0.01871865095545852,0.018900488126637548,0.019358635672052406,0.01956034193187773,0.020061327854585156,0.020257303919213973,0.020792257580786025,0.02117453778951965
2025-04-29,0.015242172726200875,0.016882205903056766,0.01797123200436681,0.018059779226200876,0.01871865095545852,0.018900488126637548,0.019358635672052406,0.01956034193187773,0.020061327854585156,0.020257303919213973,0.02078845058078603,0.02117102078951965
2025-05-05,0.015446626726200875,0.017269148903056766,0.01796779000436681,0.018135805226200875,0.01857541095545852,0.018896814126637553,0.019357591672052407,0.019558223931877734,0.020066705854585157,0.020255334919213976,0.020788114580786027,0.021173017789519653
2025-05-06,0.015298408726200877,0.017269148903056766,0.01796779000436681,0.018135805226200875,0.018575810955458516,0.018896814126637553,0.01931371567205241,0.01951921093187773,0.02002755185458515,0.020211617919213977,0.020745405580786025,0.02114087078951965
2025-05-07,0.015021721726200879,0.017025280903056765,0.01796090700436681,0.018135805226200875,0.01857655795545852,0.01889315112663755,0.019309819672052406,0.01951921093187773,0.02002376785458515,0.020208630919213974,0.020745945580786025,0.021142628789519648
2025-05-08,0.015021721726200879,0.01701872190305677,0.01796434800436681,0.018135805226200875,0.018569837955458517,0.01889129812663755,0.01931552267205241,0.01951504593187773,0.020018919854585156,0.020210752919213974,0.020751178580786026,0.02113864378951965
2025-05-09,0.01515398472620088,0.01702200090305677,0.01796779000436681,0.018128803226200876,0.018570077955458515,0.01889663312663755,0.019318730672052406,0.01950956093187773,0.020022649854585156,0.020215504919213978,0.02075337258078603,0.02113606978951965
2025-05-12,0.015535554726200877,0.016459389903056766,0.017929287004366815,0.018059779226200876,0.01849836995545852,0.018865518126637552,0.01931941967205241,0.019521327931877733,0.020029597854585156,0.020221690919213976,0.020750045580786025,0.021145901789519653
2025-05-13,0.015822085726200877,0.016927724903056766,0.017929287004366815,0.018059779226200876,0.018497597955458515,0.01886125312663755,0.019314402672052408,0.019521327931877733,0.020029137854585155,0.020214941919213976,0.020745875580786027,0.02114238778951965
2025-05-14,0.016148113726200876,0.01685943290305677,0.01789838000436681,0.018059779226200876,0.01849671995545852,0.018855995126637548,0.01928813867205241,0.019521327931877733,0.020024384854585152,0.020210937919213974,0.020731089580786025,0.021144146789519647
2025-05-15,0.015545434726200874,0.016813902903056767,0.01787296500436681,0.018059779226200876,0.018491649955458517,0.01885451812663755,0.019294329672052406,0.019517156931877735,0.02002051285458515,0.020213299919213973,0.020736679580786024,0.021140163789519648
2025-05-16,0.015539252726200874,0.01681715490305677,0.01787639300436681,0.018052797226200873,0.018492231955458516,0.01885983912663755,0.01929752767205241,0.01951168493187773,0.020024448854585153,0.020218044919213973,0.020738867580786025,0.021137596789519653
2025-05-19,0.015545434726200874,0.01682040790305677,0.01791554400436681,0.018059779226200876,0.01849834395545852,0.01886223012663755,0.019306602672052406,0.019521327931877733,0.02002958185458515,0.020219579919213977,0.020741294580786024,0.021145901789519653
2025-05-20,0.015377458726200874,0.01682040790305677,0.017918979004366814,0.018059779226200876,0.018498795955458516,0.01886223012663755,0.01930481767205241,0.019521327931877733,0.020029851854585154,0.02021556791921398,0.02073930558078603,0.02114238778951965
2025-05-21,0.015377458726200874,0.01674235590305677,0.01789354400436681,0.01809779222620088,0.018498795955458516,0.01885705712663755,0.019349883672052405,0.019559282931877732,0.02006500385458515,0.020251328919213975,0.02078531358078603,0.02117202178951965
2025-05-22,0.015377458726200874,0.016735870903056768,0.017819974004366808,0.018021763226200874,0.018498795955458516,0.018855234126637546,0.019356975672052405,0.01955721893187773,0.02006712685458515,0.020174049919213975,0.020711494580786027,0.021099116789519652
2025-05-23,0.015371319726200879,0.01681715490305677,0.01782339600436681,0.01801479322620088,0.018492692955458516,0.01885983912663755,0.019360176672052407,0.019551751931877734,0.020064113854585154,0.020178329919213978,0.020713681580786028,0.021096557789519653
2025-05-26,0.015377458726200874,0.01682040790305677,0.01782339600436681,0.018021763226200874,0.018498795955458516,0.01886223012663755,0.019360176672052407,0.019561400931877734,0.020069245854585152,0.020179864919213975,0.020709891580786025,0.02110485478951965
2025-05-27,0.015594838726200877,0.016966747903056766,0.01782339600436681,0.018021763226200874,0.01849821095545852,0.01886089812663755,0.019355144672052405,0.019561400931877734,0.020068895854585156,0.020175007919213978,0.02070571858078603,0.02110135078951965
2025-05-28,0.015288527726200873,0.016898456903056767,0.01642993800436681,0.018021763226200874,0.018499035955458522,0.018855641126637547,0.019376247672052406,0.019561400931877734,0.02006514685458515,0.020171003919213976,0.02072335658078603,0.02110310478951965
2025-05-29,0.015160067726200877,0.01692119190305677,0.017819974004366808,0.018021763226200874,0.018482632955458517,0.018853533126637546,0.019352306672052406,0.01955721893187773,0.020050083854585156,0.020172955919213975,0.020704724580786024,0.021099116789519652
2025-05-30,0.015147903726200874,0.01670009090305677,0.01782339600436681,0.01801479322620088,0.018480533955458518,0.01886091112663755,0.019353335672052406,0.019551751931877734,0.020052384854585152,0.020179017919213976,0.020705059580786028,0.021096557789519653
2025-06-02,0.015157025726200875,0.016706565903056768,0.017756619004366814,0.018021763226200874,0.01849466195545852,0.018863404126637548,0.01936460067205241,0.019561400931877734,0.020065290854585152,0.020180230919213976,0.02071369358078603,0.02110485478951965
2025-06-03,0.014962428726200877,0.016335719903056767,0.017458017004366812,0.01787919322620088,0.018346295955458516,0.01872172512663755,0.019214410672052408,0.01926298793187773,0.01983838885458515,0.01995901691921398,0.02049312958078603,0.020955209789519647
2025-06-04,0.014468288726200873,0.016335719903056767,0.017458017004366812,0.01787919322620088,0.018347623955458518,0.01872172512663755,0.019214410672052408,0.01926298793187773,0.01983497485458515,0.019955040919213976,0.02048934658078603,0.020956960789519648
2025-06-05,0.01420142772620088,0.016257637903056767,0.017458017004366812,0.01787919322620088,0.01834167295545852,0.018716552126637552,0.019214410672052408,0.01925885993187773,0.019830595854585152,0.019951111919213976,0.020491239580786025,0.02095301278951965
2025-06-06,0.01419558872620088,0.016173215903056766,0.01731350800436681,0.017796236226200877,0.018198314955458518,0.018560834126637546,0.01898846767205241,0.019177526931877735,0.019770148854585154,0.019889549919213975,0.020427164580786028,0.02088464578951965
2025-06-09,0.014102585726200878,0.016111225903056768,0.01716898400436681,0.017727096226200875,0.018204566955458516,0.018569034126637553,0.018995998672052407,0.01918916093187773,0.019775350854585157,0.019896119919213973,0.020434906580786026,0.020894383789519647
2025-06-10,0.013568796726200878,0.01595504190305677,0.017053353004366813,0.017727096226200875,0.01820599795545852,0.01857043512663755,0.01899802067205241,0.01918916093187773,0.019776203854585152,0.019897018919213978,0.02043628658078603,0.020890889789519647
2025-06-11,0.013707193726200877,0.01595504190305677,0.017053353004366813,0.017727096226200875,0.01820562695545852,0.01857043512663755,0.01899802067205241,0.01918916093187773,0.019771778854585156,0.019893041919213976,0.020432492580786027,0.02089263878951965
2025-06-12,0.013707193726200877,0.01595504190305677,0.017053353004366813,0.017251644226200874,0.018198990955458516,0.018564588126637548,0.01899802067205241,0.019198159931877734,0.019766999854585153,0.019888688919213977,0.020434391580786027,0.020898168789519653
2025-06-13,0.01350381572620088,0.015948763903056766,0.017053353004366813,0.017720205226200873,0.018200203955458516,0.018562865126637552,0.01899300067205241,0.019179637931877734,0.019771277854585156,0.019890855919213975,0.020430269580786024,0.02088616678951965
2025-06-16,0.013430394726200875,0.01580860890305677,0.01713044100436681,0.017727096226200875,0.01820636895545852,0.018571749126637546,0.018996672672052406,0.01918916093187773,0.019776424854585153,0.01989786191921398,0.020435366580786027,0.020894383789519647
2025-06-17,0.013212896726200879,0.015662163903056768,0.017053353004366813,0.017727096226200875,0.018206951955458517,0.01857306312663755,0.01899802067205241,0.01918916093187773,0.01977677285458515,0.01989870491921398,0.02043628658078603,0.020890889789519647
2025-06-18,0.013015161726200875,0.01580860890305677,0.016976260004366812,0.017727096226200875,0.018207481955458515,0.018571749126637546,0.01899936867205241,0.01918916093187773,0.01977288285458515,0.019893882919213977,0.02043341058078603,0.02089263878951965
2025-06-19,0.012817415726200876,0.015662163903056768,0.016976260004366812,0.017660547226200876,0.018201364955458516,0.01856720712663755,0.01899936867205241,0.019186874931877734,0.019768419854585155,0.01989037291921398,0.02043531058078603,0.02089002878951965
2025-06-20,0.01291076972620088,0.015353353903056768,0.016976260004366812,0.01765367422620088,0.018201824955458516,0.018568256126637546,0.01899434467205241,0.019181485931877733,0.019772246854585153,0.019894319919213976,0.020431189580786026,0.02088749778951965
2025-06-23,0.012817415726200876,0.015662163903056768,0.016976260004366812,0.017660547226200876,0.01820801195545852,0.01857306312663755,0.01899936867205241,0.019191001931877734,0.01977740485458515,0.01989870491921398,0.02043720658078603,0.02089570878951965
2025-06-24,0.012817415726200876,0.015505944903056769,0.01683169900436681,0.017289688226200875,0.018131178955458516,0.01849709712663755,0.019001895672052405,0.01920126493187773,0.019779821854585156,0.019902257919213975,0.02043893258078603,0.020899580789519652
2025-06-25,0.013015161726200875,0.015662163903056768,0.016908800004366814,0.017584484226200875,0.018207481955458515,0.018495697126637546,0.019000547672052406,0.01919310693187773,0.01977288285458515,0.01989737291921398,0.02043421458078603,0.020895474789519648
2025-06-26,0.01385546972620088,0.015730505903056767,0.017053353004366813,0.017727096226200875,0.01834259795545852,0.01868260912663755,0.019153495672052406,0.019341086931877735,0.019909923854585156,0.020034892919213974,0.02057857858078603,0.02103344378951965
2025-06-27,0.014244996726200873,0.015802367903056766,0.017053353004366813,0.017720205226200873,0.01834219095545852,0.018680206126637552,0.01914843967205241,0.01933567993187773,0.019913252854585152,0.02003663791921398,0.020574434580786026,0.021030906789519653
2025-06-30,0.014448522726200876,0.01615027090305677,0.017091898004366814,0.017698576226200878,0.018386084955458522,0.018723393126637553,0.019181970672052406,0.019385055931877733,0.019916792854585155,0.020039512919213978,0.02057893658078603,0.021038170789519653
2025-07-01,0.014745014726200878,0.01613445190305677,0.017088573004366808,0.017698576226200878,0.01838528695545852,0.018713913126637546,0.019181018672052408,0.019385055931877733,0.019916317854585155,0.020029838919213977,0.020574856580786026,0.02103465778951965
2025-07-02,0.014250847726200874,0.016020540903056768,0.017088573004366808,0.017698576226200878,0.01838661595545852,0.018711498126637548,0.019181018672052408,0.019385055931877733,0.019912889854585156,0.020027657919213973,0.02057676258078603,0.021036416789519653
2025-07-03,0.014152007726200878,0.01602368890305677,0.017088573004366808,0.017698576226200878,0.018380202955458516,0.01871676412663755,0.01917596867205241,0.019380888931877734,0.019908234854585156,0.020034334919213977,0.020572617580786025,0.02103245778951965
2025-07-04,0.014343809726200876,0.01602683690305677,0.017004866004366813,0.01769169222620088,0.018380320955458516,0.01872203712663755,0.01917360667205241,0.019375485931877733,0.019911877854585154,0.020039029919213976,0.020572299580786026,0.02102992578951965
2025-07-07,0.014695600726200873,0.015805487903056768,0.01564257600436681,0.017185063226200878,0.018241388955458522,0.018726423126637547,0.01920654867205241,0.019399320931877732,0.019920938854585152,0.02004184591921398,0.02059608558078603,0.02104841978951965
2025-07-08,0.014695600726200873,0.01584453290305677,0.01564257600436681,0.017185063226200878,0.018241388955458522,0.018726068126637546,0.01920654867205241,0.019399320931877732,0.019920938854585152,0.020037622919213974,0.020592243580786027,0.02104488878951965
2025-07-09,0.014804310726200878,0.01584453290305677,0.01564257600436681,0.017403813226200875,0.018241097955458516,0.018720190126637552,0.01920654867205241,0.019393242931877733,0.019916535854585152,0.020033250919213978,0.020594166580786027,0.021042293789519648
2025-07-10,0.014804310726200878,0.01584453290305677,0.01564257600436681,0.017251644226200874,0.018090456955458516,0.01852974112663755,0.01905561767205241,0.019237181931877734,0.019768578854585155,0.019896143919213974,0.02044546158078603,0.02089661678951965
2025-07-11,0.014798318726200875,0.01584140790305677,0.016860367004366814,0.017244881226200874,0.01809105295545852,0.018530325126637548,0.019030431672052407,0.01923186193187773,0.019772492854585155,0.019897817919213974,0.02042950958078603,0.02089412778951965
2025-07-14,0.014913017726200878,0.01614710590305677,0.01694404400436681,0.017327732226200876,0.01809676195545852,0.018529917126637548,0.01903779867205241,0.019239240931877732,0.01977737785458515,0.019897555919213973,0.02043583758078603,0.02090078478951965
2025-07-15,0.015436745726200879,0.016254458903056768,0.017011493004366808,0.017327732226200876,0.018095360955458516,0.018528946126637552,0.01903661167205241,0.019239240931877732,0.019776540854585155,0.019892958919213978,0.020431239580786027,0.02089727978951965
2025-07-16,0.015634360726200877,0.016332530903056766,0.017088573004366808,0.017403813226200875,0.018162052955458516,0.01859976812663755,0.019035254672052408,0.01923713393187773,0.019769911854585154,0.019885500919213976,0.02043221058078603,0.020897521789519653
2025-07-17,0.015634360726200877,0.01632615390305677,0.017088573004366808,0.017403813226200875,0.018155448955458516,0.018597982126637547,0.019030238672052405,0.019232978931877732,0.019765134854585156,0.019887624919213975,0.02042808658078603,0.02089358778951965
2025-07-18,0.015331805726200874,0.01629031190305677,0.01708192600436681,0.017397009226200875,0.018156807955458522,0.018603600126637553,0.01902651067205241,0.01922763193187773,0.019769503854585153,0.019892538919213977,0.020426829580786024,0.02089108378951965
2025-07-21,0.015337934726200875,0.016332530903056766,0.017127112004366812,0.017441852226200878,0.018201256955458517,0.018644280126637547,0.019073446672052408,0.019275106931877735,0.01981277485458515,0.019922281919213976,0.02046219058078603,0.020937225789519648
2025-07-22,0.015634360726200877,0.016332530903056766,0.017127112004366812,0.017441852226200878,0.01820046295545852,0.018644280126637547,0.019073446672052408,0.019275106931877735,0.01981230085458515,0.019918312919213976,0.020458401580786024,0.020933718789519648
2025-07-23,0.016227146726200875,0.01674235590305677,0.01745464300436681,0.017803148226200875,0.01841970495545852,0.01885705712663755,0.019291152672052406,0.019567492931877734,0.020095604854585156,0.020291037919213974,0.020837961580786026,0.02129868078951965
2025-07-24,0.016424722726200873,0.01685291790305677,0.017570224004366808,0.01787919322620088,0.018489290955458516,0.01885416012663755,0.019284057672052407,0.019561179931877733,0.020088024854585156,0.020292492919213978,0.020832396580786026,0.02129317078951965
2025-07-25,0.01671457672620088,0.016924457903056765,0.017637077004366813,0.017910272226200875,0.01856578495545852,0.018858857126637547,0.01927572167205241,0.019554674931877736,0.020089017854585153,0.020296843919213978,0.020827995580786025,0.02128985178951965
2025-07-28,0.016819844726200878,0.01685943290305677,0.017493171004366814,0.017841171226200873,0.01849490995545852,0.018784531126637548,0.01929047067205241,0.01956643393187773,0.020096472854585157,0.020301460919213976,0.02083941758078603,0.021299691789519647
2025-07-29,0.016869231726200876,0.017025280903056765,0.017608748004366813,0.01787919322620088,0.01851397595545852,0.018744352126637547,0.01928842767205241,0.01956537393187773,0.02009578585458515,0.02029779091921398,0.020834175580786027,0.021295379789519647
2025-07-30,0.016474114726200875,0.016878944903056768,0.017441156004366812,0.01787919322620088,0.01851504095545852,0.018739830126637547,0.01927097667205241,0.01956537393187773,0.020092178854585155,0.020294259919213978,0.02082019658078603,0.02129715678951965
2025-07-31,0.016276541726200876,0.016872424903056765,0.017444527004366814,0.01787919322620088,0.018508882955458515,0.01873798912663755,0.019271967672052408,0.019561179931877733,0.02008765285458515,0.020296396919213977,0.020820490580786027,0.02129317078951965
2025-08-01,0.016665200726200875,0.01702200090305677,0.01760196200436681,0.017948281226200874,0.018575517955458518,0.01874195612663755,0.01927490267205241,0.019553611931877733,0.020088794854585153,0.02030028291921398,0.020825726580786026,0.02128908578951965
2025-08-04,0.016770456726200873,0.016947236903056766,0.017535082004366813,0.01787919322620088,0.01851424195545852,0.01874506012663755,0.019290779672052408,0.01956537393187773,0.02009594485458515,0.020302283919213973,0.020839239580786026,0.021298929789519652
2025-08-05,0.017165543726200876,0.017249640903056772,0.01768919800436681,0.01787919322620088,0.018513177955458517,0.01874231412663755,0.01928807067205241,0.01956537393187773,0.02009530985458515,0.020296479919213975,0.02083738658078603,0.021295379789519647
2025-08-06,0.017659347726200876,0.01732767290305677,0.017756619004366814,0.01795523322620088,0.018579038955458517,0.018890406126637546,0.01936460067205241,0.019641287931877735,0.020206304854585154,0.020395467919213976,0.02097977758078603,0.02141329278951965
2025-08-07,0.01869613672620088,0.01780853490305677,0.018276605004366814,0.018278338226200876,0.01872308295545852,0.019028995126637548,0.01942343667205241,0.019696343931877733,0.020273651854585156,0.020469082919213975,0.021052882580786025,0.02147051178951965
2025-08-08,0.01968586872620088,0.01840658890305677,0.01873864500436681,0.018803097226200875,0.01906610095545852,0.01928982812663755,0.01963355767205241,0.019939091931877734,0.020412547854585156,0.020540736919213973,0.02107466758078603,0.02140637278951965
2025-08-11,0.019821485726200877,0.01818582690305677,0.01873864500436681,0.018591840226200876,0.01900502795545852,0.019217064126637547,0.019638641672052405,0.019955055931877734,0.020419828854585154,0.020546333919213976,0.021080829580786026,0.02141920178951965
2025-08-12,0.019574726726200878,0.01811757790305677,0.018661649004366808,0.01851584922620088,0.01900569895545852,0.01921768912663755,0.01964000367205241,0.019957188931877735,0.020420227854585152,0.020542691919213978,0.02108175858078603,0.02141720078951965
2025-08-13,0.019446404726200878,0.01790306690305677,0.018680899004366813,0.018458851226200876,0.019092397955458522,0.019213717126637553,0.01963966267205241,0.019958788931877733,0.020413424854585152,0.020539482919213974,0.02107767358078603,0.02142011078951965
2025-08-14,0.019140391726200877,0.01815492490305677,0.01889262300436681,0.018734308226200876,0.01927823995545852,0.019433356126637547,0.019674757672052408,0.020063815931877733,0.020442213854585153,0.020560106919213977,0.021115569580786024,0.02140583678951965
2025-08-15,0.01913324272620088,0.01815835590305677,0.01889262300436681,0.018803097226200875,0.019278654955458517,0.019438788126637546,0.019669672672052406,0.02005605893187773,0.020446103854585153,0.020564956919213978,0.021111323580786025,0.021401684789519648
2025-08-18,0.019633949726200875,0.01816865290305677,0.01889262300436681,0.018810283226200875,0.01928375395545852,0.01944623112663755,0.019674757672052408,0.020065922931877735,0.020450653854585152,0.020569711919213973,0.021117494580786024,0.02141013278951965
2025-08-19,0.019574726726200878,0.01832798990305677,0.01903696100436681,0.018952721226200876,0.01942779895545852,0.01944724712663755,0.019672202672052407,0.020061916931877734,0.020446168854585153,0.020566343919213977,0.021115751580786025,0.021403770789519647
2025-08-20,0.01969317272620088,0.01833144490305677,0.01903696100436681,0.018952721226200876,0.01942747395545852,0.01944378012663755,0.019672202672052407,0.020061916931877734,0.020441733854585156,0.020563420919213975,0.021111901580786026,0.021405524789519653
2025-08-21,0.019821485726200877,0.018744198903056772,0.01937369000436681,0.01920905722620088,0.019496936955458517,0.01959999512663755,0.01974390867205241,0.020050501931877733,0.02043407285458515,0.02056246491921398,0.021136827580786027,0.02147677078951965
2025-08-22,0.019932551726200877,0.01874771190305677,0.01937369000436681,0.019284995226200877,0.019496993955458522,0.01960550812663755,0.019738832672052405,0.020050475931877733,0.020437747854585152,0.020567342919213978,0.02113256558078603,0.021478158789519648
2025-08-25,0.02056167372620088,0.019345693903056765,0.019883431004366812,0.019797431226200875,0.01956895295545852,0.01960254012663755,0.019734877672052405,0.020038172931877735,0.020439994854585156,0.020565452919213974,0.02113259358078603,0.021470780789519653
2025-08-26,0.020433384726200876,0.019345693903056765,0.02010458000436681,0.019797431226200875,0.01956930595545852,0.01960254012663755,0.019730960672052406,0.020038172931877735,0.02044020185458515,0.020561446919213973,0.021129924580786025,0.02146729078951965
2025-08-27,0.020808371726200876,0.019345693903056765,0.02010458000436681,0.019797431226200875,0.01956827495545852,0.01959655112663755,0.019730960672052406,0.020038172931877735,0.020435367854585156,0.020556911919213973,0.021126099580786026,0.021469037789519647
2025-08-28,0.020808371726200876,0.019270313903056766,0.02003727800436681,0.019797431226200875,0.019561352955458522,0.019595096126637547,0.01973215267205241,0.020034010931877733,0.020430337854585152,0.02055933991921398,0.021128825580786027,0.021464950789519648
2025-08-29,0.020800750726200877,0.020092134903056766,0.02010458000436681,0.020214788226200875,0.020232691955458522,0.02007057012663755,0.020094637672052405,0.020598002931877732,0.020786602854585154,0.020803356919213978,0.021229699580786028,0.021501458789519652
2025-09-03,0.02093061072620088,0.02026284590305677,0.020181492004366815,0.02030960522620088,0.02038168595545852,0.020145534126637547,0.020176024672052408,0.020695989931877733,0.020865011854585155,0.020875810919213977,0.021308167580786026,0.021582610789519653
2025-09-04,0.02093061072620088,0.02026284590305677,0.020181492004366815,0.02030960522620088,0.02038168595545852,0.020145534126637547,0.020176024672052408,0.020691718931877733,0.020860744854585153,0.020871763919213977,0.02131008558078603,0.021578428789519648
2025-09-05,0.02093061072620088,0.02026284590305677,0.020181492004366815,0.02030199922620088,0.020374533955458518,0.020145534126637547,0.020170887672052405,0.020685800931877732,0.020855563854585153,0.02087378991921398,0.021305751580786028,0.021575676789519653
2025-09-08,0.020348311726200878,0.020483179903056765,0.02033530400436681,0.020594033226200875,0.020680342955458515,0.020594555126637548,0.020551716672052404,0.021058052931877735,0.021003965854585152,0.021015719919213978,0.02129584958078603,0.02156376278951965
2025-09-09,0.020348311726200878,0.020711002903056767,0.02047948700436681,0.020887856226200874,0.02096776195545852,0.020923248126637546,0.020879004672052406,0.021127554931877734,0.02107341485458515,0.021074020919213975,0.021281658580786025,0.02155133378951965
2025-09-10,0.02048649172620088,0.020711002903056767,0.02047948700436681,0.020963668226200875,0.02104401295545852,0.021000446126637547,0.02095662067205241,0.021203293931877733,0.021218247854585155,0.021150625919213975,0.021424717580786026,0.021709114789519653
2025-09-11,0.020525971726200874,0.020915563903056766,0.02064287500436681,0.021304748226200876,0.02150361795545852,0.02146166812663755,0.021399901672052406,0.02155913093187773,0.02160215485458515,0.021525599919213975,0.02175719958078603,0.02210493678951965
2025-09-12,0.020525971726200874,0.020915563903056766,0.02064287500436681,0.021296857226200873,0.021496150955458516,0.02146166812663755,0.02143328867205241,0.021552994931877734,0.021596770854585154,0.021527647919213973,0.021751208580786024,0.02210210178951965
2025-09-15,0.021749634726200874,0.023607656903056766,0.02116174000436681,0.021674120226200876,0.021873575955458517,0.02195439212663755,0.02187533267205241,0.021932539931877736,0.02196600285458515,0.02188034391921398,0.02203382558078603,0.022399525789519648
2025-09-16,0.021749634726200874,0.02361187090305677,0.02116174000436681,0.021674120226200876,0.021873575955458517,0.02195723912663755,0.02187533267205241,0.021932539931877736,0.02196600285458515,0.021882113919213977,0.02203382558078603,0.02239602878951965
2025-09-17,0.02224294172620088,0.02361187090305677,0.021238592004366813,0.021674120226200876,0.02187218595545852,0.02195723912663755,0.021873915672052407,0.021932539931877736,0.02196520085458515,0.021882113919213977,0.022029033580786027,0.02239777978951965
2025-09-18,0.02224294172620088,0.02361187090305677,0.021238592004366813,0.021674120226200876,0.02187218595545852,0.02195723912663755,0.021873915672052407,0.021928090931877732,0.021960798854585156,0.02187801191921398,0.022030960580786026,0.02239340678951965
2025-09-19,0.02224294172620088,0.02361187090305677,0.021238592004366813,0.021666123226200873,0.02186463495545852,0.02195723912663755,0.02186842567205241,0.02192187093187773,0.02195533985458515,0.021880064919213973,0.022026372580786026,0.022390537789519653
2025-09-22,0.02224294172620088,0.02328667390305677,0.02160357700436681,0.021967627226200874,0.02223588595545852,0.02232371512663755,0.022167763672052407,0.022216028931877733,0.022258052854585153,0.022176348919213974,0.02232636858078603,0.022612695789519653
2025-09-23,0.022568490726200874,0.02329083990305677,0.02130583300436681,0.021674120226200876,0.02193827295545852,0.021960251126637548,0.021872675672052408,0.021932539931877736,0.02196248285458515,0.021883984919213978,0.02203205958078603,0.02239602878951965
2025-09-24,0.022568490726200874,0.02329083990305677,0.02160357700436681,0.021967627226200874,0.022234962955458522,0.022326566126637547,0.022167763672052407,0.022216028931877733,0.022257520854585156,0.022178117919213973,0.022322483580786028,0.022610940789519647
2025-09-25,0.022568490726200874,0.02336866990305677,0.021680403004366813,0.022147475226200877,0.02231151795545852,0.022547514126637552,0.022234207672052406,0.022361990931877733,0.022250572854585156,0.022165638919213977,0.022320878580786026,0.022596468789519653
2025-09-26,0.022568490726200874,0.02336866990305677,0.021680403004366813,0.02213933922620088,0.02230384595545852,0.022547514126637552,0.02222865267205241,0.022355664931877732,0.02224503185458515,0.02216770491921398,0.02231623058078603,0.022593563789519648
2025-09-29,0.022568490726200874,0.02336449190305677,0.02197806400436681,0.022147475226200877,0.022531588955458516,0.022766297126637552,0.02260674867205241,0.022814251931877735,0.022631123854585156,0.022536512919213977,0.022693891580786024,0.022966022789519647
2025-09-30,0.023111014726200876,0.02361187090305677,0.022122069004366814,0.02218533422620088,0.022530042955458518,0.022766859126637548,0.02260405867205241,0.022813131931877735,0.022630231854585153,0.022536861919213974,0.022692105580786028,0.022961701789519652
2025-10-01,0.023040992726200873,0.023802166903056768,0.022237263004366813,0.022402994226200873,0.02274456195545852,0.02299588412663755,0.02290237267205241,0.023030542931877736,0.022841616854585155,0.022751081919213975,0.022904678580786028,0.023110492789519647
2025-10-02,0.023045131726200874,0.02432725090305677,0.022458022004366814,0.022582764226200876,0.02292022595545852,0.02317387412663755,0.02308235867205241,0.023205432931877733,0.023017635854585154,0.022931663919213974,0.02308639058078603,0.023205078789519648
2025-10-03,0.023049271726200873,0.023802166903056768,0.022458022004366814,0.022574500226200875,0.02292586795545852,0.023172154126637548,0.02307663667205241,0.023198987931877732,0.023024882854585156,0.022929652919213978,0.02308160358078603,0.023202138789519648
2025-10-06,0.023057554726200878,0.023802166903056768,0.02260197600436681,0.022582764226200876,0.02297152195545852,0.023246401126637548,0.023157169672052405,0.023365815931877733,0.023177042854585155,0.023093004919213976,0.023313140580786026,0.02343600278951965
2025-10-07,0.023057554726200878,0.023802166903056768,0.02260197600436681,0.022582764226200876,0.02297152195545852,0.023246401126637548,0.023157169672052405,0.023365815931877733,0.023177042854585155,0.023093004919213976,0.023313140580786026,0.02343241178951965
2025-10-08,0.023057554726200878,0.023996658903056765,0.022678745004366813,0.022582764226200876,0.02297152195545852,0.023244516126637547,0.02315572167205241,0.023365815931877733,0.023172451854585156,0.023087563919213974,0.023308169580786027,0.02343420978951965
2025-10-09,0.023304097726200873,0.023996658903056765,0.022678745004366813,0.022582764226200876,0.022962958955458516,0.023244516126637547,0.02315572167205241,0.023361104931877735,0.023166361854585156,0.023089701919213973,0.023310176580786025,0.023429624789519647
2025-10-10,0.023304097726200873,0.023996658903056765,0.022678745004366813,0.022574500226200875,0.02296687995545852,0.023237702126637547,0.023149992672052408,0.02335465293187773,0.02317263485458515,0.023084530919213975,0.023305372580786028,0.02342668078951965
2025-10-13,0.023304097726200873,0.024745275903056765,0.02326396400436681,0.022942207226200877,0.023372473955458516,0.023718863126637547,0.02362906767205241,0.023841582931877735,0.023654619854585154,0.023644381919213975,0.02386478558078603,0.02395073878951965
2025-10-14,0.023304097726200873,0.02409389790305677,0.02326396400436681,0.022942207226200877,0.023372473955458516,0.023725231126637547,0.02362906767205241,0.023841582931877735,0.023654619854585154,0.023648337919213974,0.02386478558078603,0.023947080789519647
2025-10-15,0.023304097726200873,0.024502248903056766,0.02359963000436681,0.023169158226200873,0.023525462955458522,0.02391385812663755,0.023729227672052405,0.02383474793187773,0.02380202385458515,0.02378303091921398,0.024001963580786025,0.02402452178951965
2025-10-16,0.023964758726200873,0.02543531090305677,0.023743461004366813,0.02364180622620088,0.023955119955458522,0.02430908412663755,0.024133258672052404,0.02414640593187773,0.024114223854585157,0.02422028291921398,0.02437534458078603,0.024458086789519648
2025-10-17,0.024202613726200875,0.02519236790305677,0.02389686300436681,0.023774934226200875,0.02450894995545852,0.024785611126637547,0.02460846767205241,0.024475724931877732,0.024364544854585155,0.024386707919213976,0.024458864580786027,0.02455816878951965
2025-10-20,0.024290117726200877,0.02519236790305677,0.02389686300436681,0.023783556226200875,0.02451650195545852,0.024792807126637548,0.024614497672052406,0.024487338931877732,0.024370691854585153,0.024394371919213974,0.024465973580786025,0.024567863789519653
2025-10-21,0.024211245726200877,0.02519236790305677,0.02389686300436681,0.023783556226200875,0.02451673995545852,0.024792807126637548,0.024614497672052406,0.024487338931877732,0.024370828854585157,0.024394371919213974,0.024465973580786025,0.024564145789519647
2025-10-22,0.025029472726200874,0.02652333490305677,0.02404066200436681,0.023783556226200875,0.02451427495545852,0.024779550126637552,0.024611713672052407,0.02456514693187773,0.02444324085458515,0.024540172919213975,0.02461965158078603,0.024793762789519648
2025-10-23,0.025197039726200875,0.026037682903056768,0.024414467004366815,0.024038657226200875,0.02442909795545852,0.02470739312663755,0.024536705672052406,0.024474706931877734,0.024361014854585153,0.024508640919213974,0.02449991358078603,0.024666325789519647
2025-10-24,0.025188103726200874,0.02579481190305677,0.024376133004366814,0.023916622226200876,0.02442951095545852,0.02470265712663755,0.02453146267205241,0.02447139293187773,0.024365412854585156,0.024504694919213976,0.02449536158078603,0.02466563678951965
2025-10-27,0.025354744726200876,0.026033095903056767,0.02444321700436681,0.024255914226200874,0.024694795955458516,0.024877483126637547,0.024681370672052408,0.02465770293187773,0.02452965285458515,0.024591624919213975,0.024555693580786027,0.02466054478951965
2025-10-28,0.025029472726200874,0.02579481190305677,0.024519880004366813,0.024076444226200873,0.02447605995545852,0.024642435126637552,0.024379765672052404,0.024400621931877732,0.024243000854585153,0.02430688091921398,0.024237371580786024,0.02424996678951965
2025-10-29,0.024891469726200877,0.02579481190305677,0.024519880004366813,0.024076444226200873,0.024476475955458515,0.024642435126637552,0.024379765672052404,0.024400621931877732,0.024238518854585153,0.024302456919213976,0.02423328558078603,0.024251791789519653
2025-10-30,0.02443799972620088,0.02566010690305677,0.02645417600436681,0.025086722226200876,0.02527164595545852,0.025284134126637547,0.025019713672052406,0.024967613931877734,0.024657578854585152,0.02479604391921398,0.024492969580786027,0.024431210789519653
2025-10-31,0.02442929872620088,0.025664634903056767,0.02597565000436681,0.025521009226200875,0.025272181955458516,0.025284530126637547,0.02502301767205241,0.02494695093187773,0.02466207785458515,0.02479601791921398,0.024493936580786024,0.024418643789519648
2025-11-03,0.02443799972620088,0.02567822390305677,0.026214934004366815,0.025888552226200873,0.02572885395545852,0.02574739112663755,0.025391994672052408,0.025433669931877734,0.025065468854585153,0.025215008919213973,0.02486229658078603,0.02448076078951965
2025-11-04,0.02443799972620088,0.02592567790305677,0.02645417600436681,0.026029985226200876,0.025795670955458518,0.02582506312663755,0.025464686672052407,0.02549729693187773,0.025141716854585154,0.025291768919213975,0.02493589558078603,0.024471365789519653
2025-11-05,0.024635166726200877,0.02592567790305677,0.02693253000436681,0.026246809226200873,0.02594777195545852,0.025969341126637548,0.02560036167205241,0.02564599993187773,0.025278518854585152,0.025355648919213977,0.025069351580786027,0.024532219789519652
2025-11-06,0.024635166726200877,0.024953813903056767,0.02693253000436681,0.028403068226200874,0.02615849595545852,0.02620038112663755,0.025822790672052405,0.025797425931877734,0.02549039885458515,0.025576438919213976,0.025291779580786024,0.024702775789519647
2025-11-07,0.02442929872620088,0.026411434903056766,0.02693253000436681,0.02613376822620088,0.025863933955458517,0.025887506126637552,0.02551689967205241,0.02555930993187773,0.025132609854585153,0.025244365919213974,0.02491974958078603,0.024459274789519647
2025-11-10,0.02443799972620088,0.02689235090305677,0.02741071300436681,0.029023661226200877,0.02627283495545852,0.026292851126637547,0.02585202067205241,0.02588965793187773,0.025537554854585157,0.025602223919213976,0.02540576158078603,0.024892309789519652
2025-11-11,0.025029472726200874,0.02713985090305677,0.02669337400436681,0.029775378226200876,0.026347324955458516,0.02636094712663755,0.025943571672052405,0.02594381693187773,0.025612393854585157,0.025679354919213977,0.02549171258078603,0.02493972178951965
2025-11-12,0.025817964726200876,0.02738259690305677,0.026856005004366815,0.029775378226200876,0.026344871955458517,0.026358486126637548,0.025940351672052407,0.026098940931877736,0.02568462185458515,0.02578672691921398,0.02559508158078603,0.025015001789519653
2025-11-13,0.026182589726200876,0.02636286390305677,0.026856005004366815,0.029540527226200874,0.02625863695545852,0.02630151912663755,0.025862985672052405,0.02602390293187773,0.025601788854585153,0.025721706919213973,0.02553052558078603,0.024938039789519653
2025-11-14,0.026790412726200877,0.02636286390305677,0.026856005004366815,0.029530082226200877,0.026462621955458517,0.02652267412663755,0.026233847672052404,0.026384342931877733,0.02611969685458515,0.026170997919213977,0.025888819580786024,0.02522921478951965
2025-11-17,0.027178595726200877,0.025998824903056765,0.026856005004366815,0.029070660226200876,0.02647168795545852,0.02652311112663755,0.026240131672052407,0.026411943931877735,0.02612682885458515,0.026173623919213976,0.025896299580786028,0.02524975678951965
2025-11-18,0.026907740726200877,0.02596454290305677,0.026731642004366812,0.029418383226200877,0.02643643395545852,0.026488264126637552,0.02620392467205241,0.026401017931877734,0.026129825854585155,0.02617732191921398,0.025899503580786028,0.025549366789519648
2025-11-19,0.026912479726200873,0.02596454290305677,0.026731642004366812,0.029418383226200877,0.02643841395545852,0.026488264126637552,0.02620392467205241,0.026401017931877734,0.02612595985458515,0.02617732191921398,0.025895225580786024,0.02555116878951965
2025-11-20,0.027055083726200878,0.02596454290305677,0.026731642004366812,0.029418383226200877,0.02643115895545852,0.026488264126637552,0.02620392467205241,0.026396113931877734,0.02612046085458515,0.026172596919213975,0.025897367580786028,0.025546004789519648
2025-11-21,0.027768903726200875,0.026411434903056766,0.02724815000436681,0.029530082226200877,0.02710268295545852,0.02722395012663755,0.02707662067205241,0.027208336931877734,0.02692811185458515,0.02701497791921397,0.026726259580786026,0.02642607878951965
2025-11-24,0.028477971726200875,0.02663987390305677,0.027391589004366813,0.03001017422620087,0.027328301955458517,0.02736241312663755,0.02722520467205241,0.027351882931877736,0.02708296885458515,0.02716671691921397,0.02688563158078603,0.026580690789519648
2025-11-25,0.02932485872620088,0.027314630903056768,0.027984307004366812,0.03094880622620088,0.02784024295545852,0.02773354012663755,0.027735058672052407,0.027699834931877734,0.027514453854585154,0.027605328919213974,0.027235040580786025,0.02715124578951965
2025-11-26,0.030161720726200873,0.02746026990305677,0.02816589400436681,0.031061383226200882,0.028056695955458517,0.02795299312663755,0.02780865367205241,0.027734978931877735,0.027539081854585153,0.02759576391921397,0.027224956580786032,0.027148968789519654
2025-11-27,0.029708852726200878,0.02746026990305677,0.02816589400436681,0.030779917226200874,0.028048863955458518,0.02795299312663755,0.02780865367205241,0.02773890093187773,0.02753319085458516,0.027590830919213973,0.02722717658078603,0.027149759789519654
2025-11-28,0.030229899726200875,0.02746026990305677,0.02816589400436681,0.031050428226200875,0.02826655195545852,0.028173935126637552,0.02802420467205241,0.027944345931877737,0.027754763854585147,0.02773313991921398,0.027292027580786034,0.02721009078951965
2025-12-01,0.03176174172620088,0.02842595690305677,0.03073704500436681,0.02965326222620087,0.02899870395545852,0.028970032126637547,0.028787074672052403,0.02874996893187773,0.028668037854585153,0.028578561919213978,0.028180471580786022,0.02795133778951965
2025-12-02,0.032594091726200876,0.030704785903056767,0.03169557600436681,0.031239603226200875,0.030529600955458522,0.030576607126637546,0.030546827672052405,0.03041319893187773,0.030121040854585147,0.03009113691921398,0.02962450258078602,0.02937873178951965
2025-12-03,0.03390284672620087,0.03151871790305677,0.03247280500436681,0.031605325226200874,0.03133310695545852,0.03137298412663755,0.03127764767205241,0.031137237931877726,0.031068294854585156,0.030967346919213982,0.03058345058078602,0.030411881789519646
2025-12-04,0.033765102726200875,0.03151871790305677,0.03271088700436681,0.03170845322620088,0.03133355395545852,0.03137298412663755,0.031265189672052406,0.031127833931877735,0.031062704854585156,0.03097006991921398,0.030573803580786034,0.030403554789519643
2025-12-05,0.03418815772620088,0.031596217903056764,0.032699435004366804,0.03206270322620088,0.03165512195545851,0.03177523712663755,0.031596091672052413,0.03144561693187774,0.03138571085458516,0.03136117991921398,0.030975270580786023,0.030806731789519648
2025-12-08,0.035441016726200876,0.032303267903056765,0.03235851100436681,0.03272041922620087,0.032597879955458514,0.03258108112663755,0.03242743967205241,0.03226133693187773,0.03214205585458515,0.032054450919213974,0.03176286958078602,0.031577937789519644
2025-12-09,0.03603727672620088,0.03264217690305676,0.032596613004366816,0.03318857522620088,0.03311073695545852,0.033094393126637554,0.032875200672052414,0.03261303093187773,0.03250450285458515,0.03240620991921398,0.032122834580786026,0.03169559878951965
2025-12-10,0.03587010372620087,0.033126231903056774,0.032834673004366814,0.03315113022620087,0.03311129495545852,0.03308886612663755,0.032869894672052404,0.03261433293187774,0.03250481985458515,0.03239718091921397,0.032121940580786025,0.031698693789519644
2025-12-11,0.03643059772620088,0.03327142590305676,0.03342487700436681,0.03329153922620088,0.03326119195545851,0.03323082312663755,0.032993545672052406,0.03275814893187773,0.03263867685458515,0.03255114991921398,0.032249797580786034,0.031832296789519654
2025-12-12,0.03643059772620088,0.03327142590305676,0.03341317500436681,0.033279816226200874,0.03326119195545851,0.03322143112663755,0.032986956672052405,0.03274904693187773,0.03264172285458516,0.032544036919213974,0.032247546580786025,0.03182820478951966
2025-12-15,0.03628657672620087,0.03327142590305676,0.03342487700436681,0.03329153922620088,0.033259133955458514,0.03323082312663755,0.0330012786720524,0.03283210793187773,0.03272193685458515,0.03262320691921398,0.03233869758078602,0.03199806778951965
2025-12-16,0.03573242672620088,0.03297134690305677,0.03318692300436681,0.033010701226200874,0.03318764295545852,0.033014031126637554,0.03278495267205241,0.032774131931877726,0.03264903485458515,0.03256538391921398,0.032267267580786026,0.03192321578951965
2025-12-17,0.036007775726200876,0.03304879090305676,0.03318692300436681,0.03307623722620088,0.03326260595545852,0.033089750126637556,0.03286204567205241,0.03283962093187773,0.03272390685458516,0.032625138919213974,0.03234612158078603,0.03200095378951966
2025-12-18,0.036007775726200876,0.03304879090305676,0.03318692300436681,0.033010701226200874,0.03326260595545852,0.033089750126637556,0.032854337672052404,0.032835669931877726,0.03271779985458515,0.03262799391921397,0.03233955358078603,0.03199627278951965
2025-12-19,0.03629293972620088,0.033193989903056775,0.03365100300436682,0.03313945622620088,0.03340391995545852,0.033222313126637544,0.03298161967205241,0.03297656193187773,0.03286165485458515,0.03277201691921398,0.03247332158078602,0.03213198178951965
2025-12-22,0.03698451972620088,0.03405529090305677,0.03497529700436681,0.03361908522620088,0.03376882895545852,0.033595159126637554,0.0334096566720524,0.03326592493187773,0.03322936085458516,0.03321500491921398,0.032983785580786025,0.03258118478951964
2025-12-23,0.038121441726200876,0.03435520790305677,0.03521293200436681,0.033983937226200876,0.03390978395545852,0.03373526212663754,0.03354874867205241,0.03340795093187773,0.03336993585458515,0.03343421691921398,0.033197719580786024,0.03279125278951965
2025-12-24,0.03868162472620088,0.034132692903056774,0.035450525004366816,0.03404940922620087,0.034343870955458516,0.034178016126637546,0.0339958766720524,0.03385080293187773,0.033723701854585154,0.033717626919213976,0.03332563858078603,0.033081654789519646
2025-12-25,0.038160755726200875,0.034800162903056764,0.035925583004366816,0.03491884922620087,0.03471517795545852,0.034619883126637545,0.0344198616720524,0.03425850293187774,0.03416378085458515,0.03415126091921398,0.03374977158078602,0.033494154789519656
2025-12-26,0.03808212772620088,0.034722786903056774,0.03615036200436681,0.03425243522620088,0.034781763955458525,0.03461101012663755,0.0344073406720524,0.03427237193187774,0.03408618885458515,0.03406530491921398,0.033674015580786025,0.033435591789519645
2025-12-29,0.038321087726200874,0.034722786903056774,0.03550754100436681,0.03441410522620087,0.03471195595545852,0.034544263126637546,0.0343603796720524,0.03420555393187773,0.03409000885458515,0.03407898691921398,0.03369931358078603,0.03344876878951965
2025-12-30,0.038327834726200875,0.034722786903056774,0.03550754100436681,0.03441410522620087,0.03471460695545851,0.034544263126637546,0.0343603796720524,0.03420555393187773,0.03409150985458515,0.03407898691921398,0.033694003580786024,0.03344410378951965
2025-12-31,0.03881920172620088,0.034728838903056766,0.03456301100436681,0.03441410522620087,0.03471292695545852,0.03454475812663755,0.0343840296720524,0.03420555393187773,0.03409055785458515,0.03407894291921398,0.033709118580786034,0.03344643978951965
2026-01-05,0.03844882472620088,0.03703311990305677,0.03648284100436681,0.03634757422620088,0.036377838955458514,0.036568214126637556,0.0364088476720524,0.03618594093187773,0.03594075085458515,0.03583797991921398,0.03531357858078602,0.034956476789519644
2026-01-06,0.037472712726200876,0.036817336903056774,0.036302381004366814,0.03606759222620088,0.03624205795545851,0.036355623126637544,0.03626878067205241,0.036118869931877726,0.035724985854585146,0.035693927919213976,0.03516366458078602,0.034811971789519655
2026-01-07,0.037472712726200876,0.036585387903056765,0.036302381004366814,0.03577819622620088,0.03594864595545852,0.036062194126637546,0.03604753867205241,0.03590707793187774,0.03559012885458516,0.03556043191921398,0.035168536580786024,0.034983054789519644
2026-01-08,0.03685337472620088,0.036517730903056767,0.03622639000436682,0.035628797226200874,0.03580880395545852,0.035919663126637545,0.03590500767205241,0.03576067693187773,0.03543391285458516,0.03541281291921398,0.03502975658078603,0.03467605978951965
2026-01-09,0.03611594372620088,0.036295414903056766,0.036007893004366805,0.03561624122620088,0.035811368955458514,0.03592228712663755,0.03590163067205241,0.03575087893187773,0.03543868185458516,0.03541750391921398,0.035025870580786024,0.034671679789519655
2026-01-10,0.03611594372620088,0.036295414903056766,0.035995262004366806,0.035622518226200876,0.03579957795545852,0.035912131126637555,0.03589453467205241,0.03576087093187773,0.03543014385458516,0.03540979091921397,0.03502347358078602,0.03468075278951965
2026-01-12,0.03623742072620088,0.03628907690305677,0.03717596400436681,0.035628797226200874,0.035808306955458516,0.03591790112663754,0.03588299767205241,0.03576748393187773,0.03544024885458515,0.03541788791921397,0.035018222580786025,0.03468523778951965
2026-01-13,0.03624377472620088,0.036295414903056766,0.037489175004366805,0.035628797226200874,0.03581092395545851,0.03592228712663755,0.03587574167205241,0.03576748393187773,0.03544173685458515,0.03542057991921397,0.03501351158078602,0.03468043778951965
2026-01-14,0.03722695472620088,0.036363078903056775,0.03781180100436681,0.035628797226200874,0.03580750495545852,0.035921488126637556,0.0358682686720524,0.03576748393187773,0.03543979285458516,0.03542008991921398,0.035003192580786026,0.03468284178951965
2026-01-15,0.03709915472620088,0.036073073903056765,0.038124864004366814,0.03577819622620088,0.035949947955458514,0.03606825412663755,0.03592831467205241,0.03582291093187773,0.03542768885458516,0.035409731919213976,0.03499807158078603,0.034669015789519655
2026-01-16,0.03709915472620088,0.036073073903056765,0.03717596400436681,0.03576558522620087,0.035949947955458514,0.03606825412663755,0.0359419346720524,0.03581307493187773,0.035430993854585154,0.03541280991921398,0.03500512258078602,0.03466462178951965
2026-01-19,0.037220417726200876,0.03628907690305677,0.037489175004366805,0.03599291822620087,0.036164535955458516,0.036290533126637554,0.03609689767205241,0.03605392793187773,0.03564875885458515,0.035470664919213975,0.03515256058078602,0.03474169378951965
2026-01-20,0.03643059772620088,0.03599573190305677,0.037489175004366805,0.035918237226200876,0.03616998795545852,0.03629850112663755,0.03609689767205241,0.03605666293187773,0.03565185185458516,0.03547553091921398,0.03515256058078602,0.03473876178951965
2026-01-21,0.036007775726200876,0.03595705990305677,0.03701458400436681,0.035815542226200876,0.03606734695545852,0.036184297126637545,0.035992525672052404,0.035944390931877734,0.03554927585458515,0.03537214091921397,0.035050044580786026,0.034629037789519646
2026-01-22,0.036007775726200876,0.03587971390305676,0.03701458400436681,0.035815542226200876,0.03599161795545852,0.036108766126637555,0.035915588672052405,0.03586021893187773,0.03546744385458515,0.035290876919213975,0.03497670358078602,0.034555829789519654
2026-01-23,0.03685337472620088,0.03587971390305676,0.03701458400436681,0.03572825122620087,0.03598866895545852,0.036108766126637555,0.0359072086720524,0.035853108931877736,0.03546908485458516,0.03529393891921397,0.03496951158078603,0.03455329378951966
2026-01-26,0.03726301572620088,0.037496798903056766,0.03733732400436681,0.035740848226200876,0.03598186995545852,0.036085081126637546,0.0359081076720524,0.03586976393187773,0.03546852985458516,0.03528252591921397,0.034974587580786025,0.034566846789519656
2026-01-27,0.03733836072620087,0.03617941390305676,0.03733732400436681,0.035815542226200876,0.03598428995545852,0.03610521912663755,0.0359081076720524,0.03586703593187773,0.03546990285458516,0.03529482691921398,0.034974587580786025,0.034560247789519646
2026-01-28,0.03783640772620087,0.03640174290305677,0.03733732400436681,0.03617026122620088,0.036354344955458515,0.036542079126637546,0.0362061996720524,0.03607643493187773,0.03568050785458516,0.03550117391921397,0.03511450258078603,0.034693371789519645
2026-01-29,0.038327834726200875,0.03640174290305677,0.03733732400436681,0.03620759322620088,0.036418858955458516,0.03661850412663755,0.03628312367205241,0.03614554593187773,0.03574846485458515,0.03557071491921398,0.03518335858078602,0.03476201578951965
2026-01-30,0.03846780172620088,0.03640174290305677,0.03733732400436681,0.03619482522620087,0.036389488955458515,0.03661850412663755,0.03627465367205241,0.036135592931877736,0.03572732685458515,0.03557378891921397,0.03517609658078603,0.03475758378951965
2026-02-02,0.03979472672620087,0.03683988890305677,0.03765049800436681,0.03776494222620088,0.03669352695545852,0.03682840912663755,0.03649695067205241,0.03624022193187773,0.03587642585458515,0.03570941591921397,0.03533034558078602,0.03479574078951965
2026-02-03,0.04471097172620087,0.03803462890305677,0.038760250004366816,0.03714042922620087,0.037885508955458516,0.037887921126637546,0.03754725167205241,0.03734539993187773,0.03692016485458515,0.03676230891921397,0.03636798158078603,0.035875671789519656
2026-02-04,0.04275561872620088,0.038073260903056766,0.038760250004366816,0.036907301226200874,0.037819809955458514,0.03788745112663754,0.03754725167205241,0.03735410193187773,0.03699729385458516,0.03683117391921397,0.03652166358078603,0.03603447978951965
2026-02-05,0.04334473072620088,0.03792838690305676,0.03859906100436681,0.036907301226200874,0.03771380295545852,0.03777467212663755,0.037435770672052414,0.03723102293187773,0.03689288185458515,0.03672238391921397,0.03641298358078603,0.03592288178951965
2026-02-06,0.04511155772620088,0.03851747790305676,0.03891193900436681,0.036894277226200874,0.03792491895545852,0.037987034126637544,0.03778462067205241,0.03759763393187773,0.037323185854585154,0.037165722919213974,0.036920972580786034,0.03651139478951965
2026-02-09,0.04489915472620088,0.037998997903056775,0.039234222004366805,0.036907301226200874,0.03783782895545852,0.03792182412663755,0.03764167367205241,0.03747007793187773,0.03709913485458515,0.03694568891921398,0.03670427058078602,0.03623181878951964
2026-02-10,0.04471097172620087,0.03800565390305677,0.039234222004366805,0.03714042922620087,0.03784771895545852,0.037926451126637555,0.03764167367205241,0.03746135993187773,0.03710747185458515,0.03694850691921398,0.03670427058078602,0.036220930789519656
2026-02-11,0.04275561872620088,0.037783501903056765,0.03828611000436682,0.03714042922620087,0.03771586595545852,0.037776430126637554,0.03752006967205241,0.03730674593187773,0.03697226385458515,0.03680881991921398,0.03656066158078603,0.03607068178951965
2026-02-12,0.04118424072620088,0.037783501903056765,0.03828611000436682,0.03714042922620087,0.03772136995545852,0.037776430126637554,0.03752006967205241,0.037299643931877735,0.03697537085458515,0.03680246491921398,0.03656352858078602,0.036063601789519645
2026-02-13,0.04118424072620088,0.037783501903056765,0.03828611000436682,0.03712731822620088,0.03772136995545852,0.037776430126637554,0.03751128567205241,0.037289405931877725,0.036968510854585156,0.036805645919213974,0.03655601158078602,0.036059037789519646
2026-02-23,0.04116963472620088,0.03971710990305677,0.03765049800436681,0.03744807422620088,0.03777559695545851,0.037824510126637546,0.03760244267205241,0.03737256593187774,0.03703161385458515,0.036857321919213974,0.03665265858078603,0.03614177178951965
2026-02-24,0.04078407572620087,0.03972409390305677,0.03765049800436681,0.03744807422620088,0.037719904955458516,0.037752903126637545,0.037535158672052406,0.03729527193187773,0.03697454385458516,0.036794487919213976,0.03657616858078603,0.03606044878951965
2026-02-25,0.04079130272620087,0.03972409390305677,0.03779282500436681,0.03744807422620088,0.03772274695545852,0.037752903126637545,0.03753177867205241,0.03729527193187773,0.03697614885458516,0.036794487919213976,0.03656823658078603,0.03606292778951965
2026-02-26,0.04157714172620088,0.03972409390305677,0.03779282500436681,0.03744807422620088,0.037786144955458525,0.037829239126637555,0.03759905967205241,0.03736547293187774,0.03704029985458516,0.036853866919213975,0.03664759158078603,0.03613219378951965
2026-02-27,0.04226462772620088,0.03979164390305677,0.03779282500436681,0.03743484922620088,0.03778373395545852,0.037828420126637556,0.0375902186720524,0.03735515993187773,0.03703207185458516,0.03685653991921397,0.03664006858078602,0.036127591789519645
2026-03-02,0.043713969726200876,0.041421434903056775,0.03887927200436681,0.03776494222620088,0.03851133995545852,0.038535080126637554,0.038384958672052404,0.038323108931877736,0.03784081485458516,0.03772258891921398,0.03735293358078603,0.036696969789519654
2026-03-03,0.043713969726200876,0.04158292290305676,0.03902141300436681,0.03837975422620087,0.03880417995545851,0.03890048912663755,0.03860246267205241,0.038521961931877735,0.03804635785458515,0.03793829491921397,0.03742258658078603,0.03689571978951965
2026-03-04,0.043713969726200876,0.041631098903056774,0.04000650600436682,0.03932917422620088,0.03887974195545851,0.039041541126637554,0.038713499672052405,0.03862345993187773,0.03819334685458515,0.03814970491921398,0.03754170858078603,0.03701719078951965
2026-03-05,0.043390199726200875,0.04145264890305676,0.03999237300436682,0.03954313422620088,0.03900984195545852,0.03925838212663755,0.03893588967205241,0.03891811593187773,0.03848180685458515,0.03844681391921397,0.037916138580786025,0.03738486078951965
2026-03-06,0.04337470672620088,0.04145997090305677,0.03936501800436681,0.03952911922620087,0.039010099955458524,0.03926885212663755,0.03896228367205241,0.03890721593187774,0.03848475985458515,0.03845574291921398,0.03793569958078603,0.037380026789519655
2026-03-09,0.043713969726200876,0.04178525390305676,0.04031893000436681,0.03960824422620087,0.03909695895545852,0.03933654112663754,0.039012522672052415,0.038996510931877726,0.03856902485458515,0.03851579091921397,0.037985242580786026,0.037464444789519644
2026-03-10,0.043713969726200876,0.041631098903056774,0.04000650600436682,0.03960824422620087,0.03909695895545852,0.03933850412663755,0.03902018367205241,0.038996510931877726,0.03856186485458515,0.03852029791921397,0.03799315858078602,0.03745939078951965
2026-03-11,0.043713969726200876,0.04178525390305676,0.04000650600436682,0.039822144226200874,0.039314141955458515,0.039554268126637544,0.039231878672052405,0.03920285493187774,0.038781080854585155,0.03872719591921398,0.03820359158078603,0.03766560178951965
2026-03-12,0.043713969726200876,0.042251947903056766,0.040304677004366816,0.039822144226200874,0.039301246955458516,0.03954355312663755,0.0392161406720524,0.03920656993187774,0.03877167985458515,0.03872315491921397,0.03819582358078603,0.03767315678951964
2026-03-13,0.04369834372620087,0.04225942890305677,0.04031180300436681,0.03988238322620088,0.03937701795545852,0.03955412612663755,0.03922701767205241,0.039192724931877726,0.038771432854585154,0.03873217291921397,0.03820534958078602,0.037666357789519656
2026-03-16,0.043713969726200876,0.04226691190305677,0.04064074600436681,0.03997091822620088,0.03945576495545852,0.03962591912663755,0.03930223667205241,0.03920458293187773,0.03877864685458516,0.03872555491921397,0.03819462058078602,0.037674349789519654
2026-03-17,0.043390199726200875,0.04226691190305677,0.04064074600436681,0.03997091822620088,0.039456999955458524,0.03962591912663755,0.03930223667205241,0.03920458293187773,0.03877215785458515,0.03872887491921397,0.03819758858078603,0.03766927478951965
2026-03-18,0.043713969726200876,0.04226691190305677,0.04064074600436681,0.03997091822620088,0.03945576495545852,0.039614838126637554,0.039293101672052404,0.03919717893187773,0.03877505785458515,0.03872033791921397,0.03818969658078603,0.037661769789519656
2026-03-19,0.043713969726200876,0.042251947903056766,0.04093852100436681,0.04018474122620088,0.03965986595545852,0.03982941312663755,0.03949792767205241,0.03949173293187773,0.039059342854585156,0.03886790991921398,0.03833034158078603,0.037798738789519656
2026-03-20,0.04369834372620087,0.04225942890305677,0.04094577000436681,0.04017048022620088,0.03966015695545852,0.03984005612663755,0.039508904672052404,0.03948064393187774,0.03906235885458515,0.038876967919213974,0.03833993858078603,0.037793831789519644
2026-03-23,0.043713969726200876,0.04226691190305677,0.04095302100436681,0.04018474122620088,0.03967289295545852,0.03984514512663755,0.0395153176720524,0.03949546293187774,0.03907245285458515,0.03887341991921398,0.03833814458078603,0.037803794789519646
2026-03-24,0.043713969726200876,0.042835118903056774,0.04158680900436681,0.040723745226200876,0.04007873595545852,0.040247613126637556,0.03990269867205241,0.039879828931877734,0.03945830885458516,0.03926803091921397,0.03872938358078603,0.038194906789519645
2026-03-25,0.043713969726200876,0.04298917990305677,0.041898862004366814,0.04093740722620088,0.040295765955458515,0.040453424126637556,0.04010631867205241,0.04008580593187773,0.03967743585458516,0.03947499191921398,0.03893441558078602,0.038320519789519655
2026-03-26,0.043713969726200876,0.042973925903056764,0.041883989004366816,0.04078877722620088,0.04028250995545851,0.040448753126637545,0.04009790267205241,0.04009534693187773,0.039667787854585156,0.03947472091921398,0.03893149358078602,0.038332068789519655
2026-03-27,0.04402195472620087,0.04379001590305677,0.04220334200436681,0.04156331622620087,0.04114911595545852,0.041363282126637556,0.04081105367205241,0.04071840293187773,0.040306763854585155,0.04011588891921398,0.03958798858078603,0.03912378878951965
2026-03-30,0.044204480726200875,0.044278978903056765,0.04158680900436681,0.04179160022620088,0.041312492955458524,0.04150509112663755,0.040977293672052405,0.040879645931877734,0.04046658185458515,0.040259638919213976,0.039748402580786026,0.03927080378951965
2026-03-31,0.04421239772620087,0.044921967903056775,0.04158680900436681,0.04229263522620088,0.04196071795545851,0.042087858126637546,0.04179269467205241,0.041602089931877737,0.04118881885458515,0.040986835919213975,0.040477391580786025,0.039985062789519646
