Date,ON,1W,1M,3M,6M,1Y,2Y,3Y,4Y,5Y,7Y,10Y,15Y
2021-06-04,0.031055314012761,0.0310711639756197,0.0311372054875311,0.0312904217951656,0.0316444405664477,0.0325660788211601,0.0343940412238044,0.0358052735713725,0.036975352220441,0.0381454308695095,0.0395727224769328,0.0414085105816236,0.0444684139527573
2021-06-07,0.0310472548332233,0.0310631052148826,0.0311291484717964,0.0312823688278363,0.03163079080581,0.0325585694477311,0.0343987105950159,0.0358139464069317,0.0369745165460798,0.0381350866852279,0.0395699037833971,0.0414176387864301,0.0444974553242404
2021-06-08,0.0310465987285659,0.0310624429167838,0.0311284603676921,0.0312816208537994,0.0316217047706174,0.0325248566814425,0.0343161535687226,0.0357005146899757,0.0368381150575643,0.0379757154251529,0.0394031273087537,0.0412503530426367,0.0443293207273659
2021-06-09,0.0310455789743467,0.031061418109252,0.0311274145046907,0.0312805261421084,0.0316093741545137,0.0324743236359551,0.0341898504428964,0.035535690573555,0.0366547099075483,0.0377737292415417,0.03917654287172,0.0409886217680392,0.0440090064788013
2021-06-10,0.0310420547345343,0.031057896625085,0.0311239045023798,0.0312770427777037,0.0315946453264164,0.032419259328691,0.0340547853988654,0.0353497275600422,0.0364332534078416,0.037516779255641,0.0389079141557368,0.0407207843644868,0.0437424880398769
2021-06-11,0.0310401788841645,0.0310560183939615,0.0311220163514494,0.0312751316128211,0.0315889240260587,0.0324047912377706,0.0340229690650626,0.0352960591501582,0.0363524646866932,0.0374088702232281,0.0387695861323527,0.0405428721836594,0.0434985967318862
2021-06-14,0.0310323084576552,0.031048147814069,0.0311141451324598,0.0312672589111264,0.0315781534566581,0.0324060577308676,0.0340481096731623,0.0353325515759388,0.0363845901004995,0.0374366286250602,0.0387897130474243,0.0405448219545352,0.0434702487223917
2021-06-15,0.0310299715616844,0.0310458099764384,0.0311118033712467,0.0312649080472019,0.0315734189726474,0.0323987593901975,0.0340357262206762,0.0353135994398109,0.0363554281668835,0.0373972568939562,0.0387542420524207,0.0405217752638488,0.0434679109417191
2021-06-16,0.031027428154701,0.0310432662702373,0.0311092584183052,0.0312623602018229,0.0315656182064501,0.0323735585207142,0.0339760142678623,0.0351965377669432,0.0361631771453818,0.0371298165238204,0.0383472795170462,0.039907255631132,0.0425074338097477
2021-06-17,0.0310244759798146,0.0310403150655056,0.031106311255885,0.0312594224175652,0.0315448162367371,0.0322680011767614,0.0337023544859516,0.0348027257507285,0.0356785358288677,0.0365543459070069,0.0376636412380954,0.0390866378575876,0.0414584977372599
2021-06-18,0.0310210844678137,0.0310369258859201,0.0311029317946965,0.0312560655030579,0.0315231376072278,0.0321540337342086,0.0334053429048059,0.0343723594117083,0.0351460321412817,0.0359197048708552,0.0369276146054345,0.0382353873889313,0.0404151914407572
2021-06-21,0.0268482691016352,0.026890760211627,0.0270678065032596,0.027478553899847,0.0280190712451011,0.028705250249676,0.0300662065852378,0.0311251252710957,0.0319715384095866,0.0328179515480775,0.0339104038205647,0.0353161048592818,0.0376591363541398
2021-06-22,0.0268403701619119,0.0268828628469319,0.0270599157011816,0.0274706783230409,0.0280143516984739,0.028699226752998,0.0300575968551264,0.0311052067681996,0.0319317159180894,0.0327582250679792,0.0338150260371283,0.03516692137199,0.0374202691750361
2021-06-23,0.0268319516127337,0.0268744468730651,0.027051510457779,0.0274622979743152,0.0280083656004702,0.0286869445051553,0.0300328269255623,0.0310673247151289,0.0318777809427918,0.0326882371704547,0.0337464769368883,0.0351118111078221,0.0373875588489089
2021-06-24,0.0268243466976863,0.026866842964309,0.0270439107419036,0.0274547079859231,0.0280020914190526,0.02866694015408,0.0299855903781365,0.0310029481867024,0.0318010754336418,0.0325992026805812,0.0336411578441243,0.0349835493681124,0.0372210561583223
2021-06-25,0.0268173375507487,0.0268598336757035,0.0270369008630152,0.0274476967375784,0.0280003563168758,0.0286775279716694,0.0300206192754104,0.0310579700744066,0.0318703481333055,0.0326827261922045,0.0337511960924361,0.0351307347005338,0.0374301584884651
2021-06-28,0.0267962774313811,0.0268387731947485,0.0270158388754459,0.0274266312546638,0.0279852579411416,0.0286299530180755,0.0299086308027478,0.0309007404833206,0.0316748018021782,0.0324488631210358,0.0334948394255986,0.0348573529702879,0.0371283992734842
2021-06-29,0.0267895014856618,0.0268319966591884,0.0270090598822156,0.0274198465596389,0.0279820570344588,0.0286268450999442,0.0299057073166051,0.0309054253467898,0.0316903556696045,0.0324752859924191,0.0335175787455367,0.0348623572130706,0.037103842576071
2021-06-30,0.026782811994725,0.0268253064125645,0.0270023664868961,0.0274131458593453,0.0279777933494707,0.0286131092601318,0.0298731845581699,0.0308580384962688,0.0316287591416809,0.0323994797870931,0.0334366509862778,0.0347817096011848,0.037023661915621
2021-07-01,0.0267769324761352,0.0268194246417864,0.0269964753319996,0.0274072329332942,0.027974068121403,0.0285969804554113,0.0298324547002016,0.0308002553518091,0.0315574692351465,0.0323146831184838,0.033315767007194,0.0346011806914468,0.0367437164534427
2021-07-02,0.0267707037173824,0.0268131942435253,0.0269902381024539,0.0274009798551682,0.0279732975919246,0.0286128188239969,0.0298812348884817,0.0308829631623261,0.0316725289082875,0.0324620946542489,0.0334753589743645,0.03475501806058,0.0368879620217091
2021-07-05,0.0268871582425858,0.0269032513395317,0.0269703059101399,0.0271258725139509,0.0273840002411822,0.0280295826220358,0.0293100202709465,0.0303216514258823,0.0311122289815504,0.0319028065372184,0.0329232349647976,0.0342101021079469,0.0363550605045407
2021-07-06,0.0268847056159078,0.0269007980259105,0.0269678497342551,0.0271234096976145,0.02737564369013,0.0279630506661699,0.0291281041584287,0.0300712555126045,0.0308298578312075,0.0315884601498105,0.0326241538053861,0.0339666965600795,0.0362044554225978
2021-07-07,0.026881814803976,0.0268979078383294,0.0269649621481349,0.0271205281468838,0.0273702144582992,0.0279325332961394,0.0290478273810093,0.0299628712133409,0.0307095028229312,0.0314561344325215,0.0324708766015285,0.0337816592145669,0.0359664800695505
2021-07-08,0.0268784887162486,0.0268945836755894,0.0269616460061762,0.0271172306131375,0.0273679312175876,0.0279481703053515,0.0290990071239774,0.0300510166195544,0.0308339431213263,0.0316168696230982,0.0326845434198765,0.0340643230352792,0.0363641485357299
2021-07-09,0.0268756999612622,0.0268917952381149,0.0269588588916679,0.0271144465679109,0.0273681750885314,0.0279978785933376,0.0292468223364097,0.0302703220047475,0.0311000096467456,0.0319296972887437,0.0330295881647483,0.0344284791621162,0.0367601596364351
2021-07-12,0.0268675167068859,0.0268836123883568,0.0269506777278192,0.0271062693153717,0.0273575851900406,0.0279836300065624,0.0292253171664878,0.0302511503470455,0.0310851874033711,0.0319192244596968,0.0330475837299796,0.0344923960174299,0.0369006183921842
2021-07-13,0.0268649334872365,0.0268810288723072,0.0269480929767682,0.0271036816991178,0.0273543092354666,0.0279810801647847,0.0292242074850818,0.030254772585533,0.0310943771554244,0.0319339817253158,0.0330641697435728,0.0345055277655474,0.0369079925484824
2021-07-14,0.0268622343444152,0.0268783297789001,0.0269453940892537,0.0271009832892741,0.0273490320510079,0.0279331228322817,0.0290915990374962,0.0300606376672899,0.0308575946175749,0.03165455156786,0.0327326770990882,0.0341094932807733,0.0364043793109228
2021-07-16,0.0268568975087227,0.0268729928589132,0.0269400568180405,0.0270956452032158,0.0273410749171412,0.0278750506725122,0.0289341295461929,0.0298203871416043,0.0305461836370252,0.031271980132446,0.0322852987639443,0.0335979160008674,0.0357857948186931
2021-07-19,0.0268467571097511,0.026862858682056,0.02692994856666,0.0270855970989412,0.0273298060767173,0.0278236978935536,0.0288032749320872,0.0296290361758541,0.0303072059049318,0.0309853756340094,0.0319785926919273,0.0332927086904568,0.0354830856537274
2021-07-20,0.0268428096604778,0.0268589149886354,0.0269260205226251,0.0270817053614813,0.0273267023654116,0.0278880222346781,0.0290013349814417,0.0299465213641259,0.0307285935092069,0.0315106656542879,0.0325986177506461,0.0339984260742934,0.0363316355539304
2021-07-21,0.0268396886166052,0.0268557952422468,0.0269229061824199,0.0270786035636217,0.0273234310927345,0.0279174096787655,0.0290954971959545,0.0300960662541157,0.0309225168508133,0.0317489674475109,0.0328772507760283,0.0343120609029381,0.0367036116124396
2021-07-22,0.0268364181836744,0.0268525265490243,0.0269196447379822,0.0270753589363646,0.0273196691441714,0.0279087670820874,0.0290771744007721,0.0300794095997474,0.0309168353435664,0.0317542610873854,0.032886257249331,0.0343157153456599,0.0366983452563096
2021-07-23,0.0268339743231364,0.0268500819737516,0.0269171971846482,0.0270729044739284,0.0273172038415921,0.027911809071886,0.0290922301883864,0.0301013827045529,0.0309388177468729,0.0317762527891929,0.0329298970606481,0.0344006246343473,0.0368520427742089
2021-07-26,0.0268252875400607,0.0268413970660957,0.0269085200912413,0.027064245509579,0.027308573321109,0.0279106296341118,0.0291094998650795,0.0301280409520659,0.0309597812986553,0.0317915216452446,0.032948075030487,0.0344247133665141,0.0368859836028824
2021-07-27,0.0268226493733641,0.0268387587609369,0.0269058812091568,0.027061605289027,0.0273059310005475,0.0278629828034394,0.0289713223431286,0.0299234837254929,0.0307120514159987,0.0315006191065045,0.0326285307915934,0.0340899294392628,0.0365257980654663
2021-07-28,0.0268195248217835,0.0268356355107417,0.0269027633814009,0.0270585000413302,0.0273028454905297,0.0278704914114865,0.0290012707048312,0.0299748199718789,0.0307818574381645,0.0315888949044502,0.0327301327640723,0.0341976570374464,0.0366437358958091
2021-07-29,0.0268173287356392,0.0268334379777745,0.0269005598200049,0.0270562824939795,0.0273006059996983,0.0278835548196032,0.0290467418108865,0.0300488222397448,0.0308784086911654,0.0317079951425859,0.0328857432329018,0.0344018029034637,0.0369287808727286
2021-07-30,0.026814935691979,0.0268310440711422,0.0268981623176556,0.0270538766495667,0.0272981870668755,0.027871132879419,0.0290146224747631,0.0300024007229501,0.0308216196094771,0.0316408384960041,0.0328362180490625,0.0343970299785115,0.0369986012995278
2021-08-02,0.0268059923208102,0.0268221032722205,0.0268892322364301,0.0270449714333963,0.0272893208631192,0.027849061173016,0.0289675229067975,0.0299371683073656,0.0307403298925511,0.0315434914777366,0.0327153351998027,0.0342404370708124,0.0367824866376991
2021-08-03,0.0268058089969015,0.0268219125646907,0.0268890107638122,0.0270446785857742,0.0272889160305765,0.0278484742800966,0.0289673864820614,0.0299355008974078,0.0307330642322277,0.0315306275670477,0.0326937821935731,0.0342055561305489,0.0367253906116223
2021-08-04,0.0268027278996612,0.0268188326390316,0.0268859357197415,0.0270416148669887,0.027285870080773,0.0278153743004399,0.0288709561493398,0.0297867709316307,0.0305427586055761,0.0312987462795215,0.0324024140269695,0.0338361660546627,0.0362259531176129
2021-08-05,0.0268003098422559,0.0268164137971634,0.0268835136092779,0.0270391851733835,0.0272834284894803,0.027812835719656,0.0288686605289924,0.0297821968598652,0.0305312380548292,0.0312802792497932,0.0323443874697826,0.0337032123430033,0.0359681103449699
2021-08-06,0.0267975734798469,0.0268136775890849,0.0268807780442433,0.0270364511002108,0.0272806967569874,0.0278511049722508,0.0289959190584454,0.0299798043327224,0.030775617296384,0.0315714302600456,0.0326787196592443,0.0340729235095014,0.0363967914169949
2021-08-09,0.026788933709353,0.0268050395480013,0.0268721472090359,0.0270278369826361,0.027272108868802,0.0278365915491076,0.0289713546151172,0.0299401000850474,0.0307083431364851,0.0314765861879228,0.0325553533187326,0.0339161274099738,0.0361842743810218
2021-08-10,0.0267865546581049,0.0268026595989507,0.0268697635191417,0.0270254446139846,0.0272697028834796,0.0278289895463064,0.0289532067609938,0.0299122942626584,0.0306697443173649,0.0314271943720714,0.0324975149191854,0.033851275991386,0.0361077336173785
2021-08-11,0.0267845085628464,0.0268006116279754,0.0268677077326797,0.0270233706955936,0.0272676005167172,0.0278308083541333,0.0289646471510884,0.029935157019787,0.0307040041568806,0.0314728512939742,0.0325806792933389,0.0339973476577047,0.0363586595612
2021-08-12,0.0267832766574876,0.0267993754564303,0.0268664537853583,0.0270220755084712,0.027266240625769,0.0278249713788562,0.0289497669853664,0.0299130821629868,0.0306748007084405,0.0314365192538942,0.0325141054219606,0.0338745557520511,0.0361421630759393
2021-08-13,0.0267806691772179,0.0267967677539811,0.026863845157161,0.0270194647325384,0.0272636264801134,0.0277893126232296,0.0288405682088803,0.0297434441314259,0.0304590093254254,0.0311745745194249,0.0322245163493983,0.0335791077963868,0.0358369494963945
2021-08-16,0.0267725273275975,0.0267886261757985,0.0268557047099696,0.0270113269092464,0.0272554927736291,0.0277832733950338,0.0288406936976375,0.0297517310774555,0.0304717174974496,0.0311917039174436,0.032256074607843,0.0336310680106283,0.0359229158212325
2021-08-17,0.0267699225428014,0.0267860211613323,0.0268530987385446,0.027008718717677,0.0272528810987295,0.0277745678690362,0.028818410227686,0.0297205859118456,0.0304357872111808,0.031150988510516,0.0322172439323467,0.0336003639590739,0.0359057572785158
2021-08-18,0.0267673711726343,0.0267834694052329,0.0268505453743934,0.0270061616228459,0.0272503181505904,0.027766380868434,0.0287975661634962,0.0296932643938101,0.0304081230729161,0.0311229817520222,0.0321818603775514,0.0335484559668944,0.0358263062482653
2021-08-19,0.0267655007508146,0.0267815966038865,0.0268486626583525,0.0270042559047136,0.0272483763429699,0.0277388891327444,0.0287106630484119,0.02955888760361,0.0302403387152993,0.0309217898269885,0.0319401186927298,0.0332602035695457,0.0354605294973747
2021-08-20,0.0267629137658847,0.0267790093389872,0.0268460742269142,0.0270016647669049,0.0272457809589594,0.0277388816020032,0.0287167050353315,0.0295659779392475,0.0302397968589532,0.0309136157786589,0.0319040550282527,0.0331732674785425,0.0352887989199998
2021-08-23,0.0267532769616951,0.0267693771787373,0.026836461416413,0.0269920968478206,0.0272362834729602,0.0277402692717728,0.0287441447345944,0.0296172069895379,0.0303056152348813,0.0309940234802246,0.0320003693727161,0.0332808745803568,0.0354152288620968
2021-08-24,0.0267509555627108,0.0267670547224004,0.0268341345544402,0.0269897597647727,0.0272339303533978,0.0277604243927144,0.0288188756051112,0.0297325983946902,0.0304397445313449,0.0311468906679997,0.0321623840086784,0.0334374671692734,0.0355627839482693
2021-08-25,0.0267484129267184,0.0267645116760257,0.0268315897981398,0.0269872110414444,0.0272313754059395,0.0277911360655425,0.0289310572509799,0.0299074905623428,0.0306479592416825,0.0313884279210222,0.0324154057176541,0.0336715309412037,0.0357652485093065
2021-08-26,0.0267465969239785,0.0267626931428001,0.0268297607212231,0.0269853575031644,0.0272294834886242,0.0277723335218697,0.0288719507690043,0.0298187164162868,0.0305423414847088,0.0312659665531307,0.0322853841575504,0.0335447602504586,0.0356438963884302
2021-08-27,0.0267442188307807,0.0267603141611046,0.0268273780374541,0.0269829662305851,0.0272270787404975,0.0277765543240403,0.0288933369477669,0.0298536740955595,0.0305830291236067,0.031312384151654,0.0323639060716139,0.0336827577782623,0.0358810282501579
2021-08-30,0.0267361444780614,0.0267522399153433,0.0268193042373514,0.0269748934644102,0.0272190075965197,0.0277653445674451,0.0288770771539254,0.0298401058138229,0.0305759308098037,0.0313117558057844,0.0323735245434508,0.0337008908112748,0.0359133534082737
2021-08-31,0.0267333456880018,0.0267494414474404,0.0268165071117683,0.0269720994530089,0.0272162184711623,0.0277876730821376,0.0289639783148255,0.0299784896810032,0.0307429782722871,0.031507466863571,0.0325960406556304,0.0339420062075809,0.0361854702104902
2021-09-01,0.0267301393025537,0.0267462365860014,0.0268133086003672,0.0269689156736956,0.0272130578059869,0.0277711532164611,0.0289147182970383,0.0299058671439668,0.0306587486442382,0.0314116301445096,0.032490746505407,0.0338296789727569,0.0360614201852069
2021-09-06,0.0267167643114704,0.026732861480517,0.026799933018211,0.0269555389856611,0.0271996793828672,0.0277748271944978,0.0289694488411696,0.0300093417817782,0.0307929589761501,0.0315765761705219,0.0326812180168367,0.0340249637299658,0.0362647276913096
2021-09-07,0.0267142694569513,0.026730366080531,0.0267974353454465,0.0269530360400504,0.0271971681643429,0.0277923890497266,0.0290420662486074,0.0301214068921119,0.0309153625427096,0.0317093181933073,0.0328277681931084,0.0341855398416782,0.0364486823220507
2021-09-08,0.0267116714263441,0.0267277678041856,0.0267948360451917,0.026950434364326,0.0271945627615883,0.0277724824429194,0.0289777286897143,0.030023618277868,0.0307993589972158,0.0315750997165636,0.0326981345563668,0.0340888586366854,0.0364069264413574
2021-09-09,0.0267089678371784,0.0267250642754814,0.0267921327684104,0.0269477316720058,0.0271918609862676,0.0277393747320086,0.0288640995104357,0.0298473709456976,0.0305879817820121,0.0313285926183267,0.0323848715353487,0.0336760117513416,0.0358280925331202
2021-09-10,0.0267060522050038,0.0267221493180215,0.0267892206222621,0.0269448260481002,0.0271889655955358,0.0277552712461002,0.0289322467246095,0.0299593976864244,0.0307265012347944,0.0314936047831645,0.0325616964712622,0.0338401017037675,0.0359709557335013
2021-09-13,0.0266982868528151,0.0267143831465459,0.0267814510370911,0.0269370485431558,0.0271811756647402,0.0277370046490923,0.028889345960939,0.0298940752084386,0.0306333544957971,0.0313726337831555,0.0324103986668577,0.0336550481382923,0.0357296378492676
2021-09-14,0.0266950215150515,0.0267111194934485,0.0267781944034357,0.0269338081946062,0.0271779608669599,0.0277080757775304,0.02878952177588,0.0297344539405781,0.0304309440806492,0.0311274342207203,0.0321322755884694,0.033363071191328,0.0354145691854268
2021-09-15,0.0266918660160002,0.0267079653599926,0.0267750459599613,0.0269306729518885,0.0271748463357743,0.0277193800308512,0.0288423746102527,0.029821383698731,0.0305352185552772,0.0312490534118235,0.0322486809760211,0.0334413251682174,0.0354292321466641
2021-09-16,0.0266888413041773,0.0267049416346402,0.0267720263449025,0.0269276628727109,0.0271718512180655,0.0277109952040543,0.0288197200737373,0.0297860252818017,0.0304868797881142,0.0311877342944268,0.0321571008032293,0.0332993305489573,0.0352032064051257
2021-09-17,0.026686061591108,0.0267021621996943,0.0267692480688036,0.0269248872851374,0.0271690798486955,0.027722052122747,0.0288715250990463,0.0298662671844277,0.0305691642597585,0.0312720613350893,0.0322418559264284,0.033380122632226,0.0352773928680553
2021-09-20,0.0266779396282416,0.0266940404434332,0.0267611271733983,0.0269167683869172,0.0271609640839899,0.0276895884082535,0.0287715142967668,0.029710565644103,0.030370143184116,0.031029720724129,0.0319627099650329,0.03307665702639,0.0349333911230985
2021-09-21,0.0266748919530626,0.0266909938178255,0.0267580849210042,0.026913736280379,0.0271579478959498,0.0276892363461635,0.0287798693285043,0.0297268200041424,0.0303892618893186,0.0310517037744947,0.0319888197934404,0.0331059932844594,0.0349681052147934
2021-09-22,0.0266724674609993,0.0266885685792945,0.0267556565721912,0.0269113007157114,0.0271555010098553,0.0276433966771619,0.0286051624121997,0.0294443120489849,0.0300376472553423,0.0306309824616997,0.0314847659144301,0.0325162344822374,0.0342354928976214
2021-09-23,0.0266699704410801,0.0266860710224348,0.0267531567780793,0.0269087957311745,0.0271529878817205,0.0276816139556331,0.028766096665323,0.0297115880804735,0.0303749901638654,0.0310383922472572,0.03195161413807,0.0330099283211548,0.0347739331800298
2021-09-24,0.0266674901773037,0.0266835901740145,0.026750673493643,0.0269063067951811,0.0271504900786287,0.0276987167100696,0.0288437039145579,0.0298428936181072,0.030542493984425,0.0312420943507428,0.0322114413347276,0.0333396887654744,0.0352202588094754
2021-09-27,0.0266597789144486,0.0266758779377948,0.0267429572017373,0.0268985810940839,0.0271427496148345,0.0276964729591571,0.0288628885872687,0.0298746012418155,0.0305563487045722,0.0312380961673288,0.0321737511607984,0.0332469772984108,0.0350358374986035
2021-09-28,0.0266567809629139,0.0266728808903578,0.0267399639213742,0.0268955965533322,0.0271397787862318,0.0277207906667523,0.0289746392512473,0.0300676496561592,0.0308132314010734,0.0315588131459875,0.0325988582574066,0.0338085658301862,0.0358249141606803
2021-09-29,0.0266540118664888,0.026670112040174,0.0267371960971956,0.0268928311094857,0.0271370170770442,0.0277243491412581,0.0290006330411629,0.0301072962138523,0.0308429377101744,0.0315785792064966,0.0326123150252398,0.033821021685246,0.0358357016879185
2021-09-30,0.0266518602113332,0.0266679588593372,0.0267350365593539,0.0268906568233927,0.0271348196514536,0.0277044912476418,0.0289269018926752,0.0299936223480393,0.0307153964314746,0.0314371705149098,0.0324700003245602,0.033696351002485,0.0357404401672344
2021-10-01,0.0266492393150979,0.0266653378006139,0.0267324148235972,0.0268880335169184,0.0271321938805774,0.0277070756036067,0.0289484714630778,0.0300393468660863,0.0307923958900069,0.0315454449139274,0.0326051296912093,0.0338415706923493,0.0359024784724624
2021-10-04,0.0266410479449588,0.0266571468375173,0.0267242255565114,0.0268798481845775,0.0271240147217158,0.0276997984413765,0.0289513217621939,0.0300527677439426,0.0308040919251514,0.0315554161063602,0.0326135582452463,0.0338427625556969,0.0358916081734177
2021-10-05,0.0266383160441003,0.0266544150762148,0.0267214943766917,0.0268771183537983,0.0271212870075344,0.0277131998444212,0.029021217602829,0.030170768178608,0.03094579115648,0.031720814134352,0.0328167115921824,0.0340925731509253,0.0362191873689398
2021-10-06,0.0266357050585656,0.0266518038841404,0.0267188823240351,0.0268745043045908,0.0271186698258075,0.0277024473048139,0.02898602830241,0.0301144705372678,0.0308714181657863,0.0316283657943048,0.0326935313705479,0.0339254957443766,0.0359789418534141
2021-10-07,0.0266326981092211,0.0266487978608435,0.0267158801592701,0.0268715110916198,0.0271156906578927,0.0277089573571238,0.0290277072665385,0.0301921603306768,0.0309822018288385,0.0317722433270002,0.0328611034626478,0.0340915680707652,0.0361425143607093
2021-10-08,0.0266304467694245,0.0266465452863243,0.0267136224400735,0.0268692414367716,0.0271134022764187,0.0277087369913082,0.0290378648932517,0.0302142306300477,0.0310149495418076,0.0318156684535674,0.0329169574313338,0.0341562827987971,0.036221998259172
2021-10-11,0.0266221528738005,0.0266382520889905,0.0267053321522819,0.0268609578991179,0.0271051293294987,0.0276989796466087,0.0290330076059447,0.0302163922871166,0.0310141435561434,0.0318118948251703,0.0329149507257212,0.0341559406392123,0.0362244305755679
2021-10-12,0.0266198294921432,0.0266359276807522,0.0267030034666227,0.0268586192898424,0.0271027751504112,0.0276538550969583,0.0288383850356567,0.0298867662058545,0.0305818882186047,0.0312770102313549,0.0322667606033808,0.0334130075813741,0.0353235793860129
2021-10-13,0.0266174222798167,0.0266335196818787,0.0267005921904705,0.0268562004104034,0.0271003443416774,0.0276204670677468,0.0286952122435852,0.0296511713408462,0.0302946540900896,0.0309381368393329,0.031855681485971,0.0329180143384818,0.0346887175412957
2021-10-14,0.0266153859010999,0.026631481460368,0.0266985462906516,0.0268541366969096,0.027098252679142,0.0276064629505259,0.0286387850586192,0.0295647773999191,0.0302071312598275,0.030849485119736,0.0317708810312394,0.0328423457543018,0.0346282700174408
2021-10-15,0.0266131743278259,0.0266292685451743,0.026696327784126,0.0268519052184939,0.0270960008482781,0.0275973577251797,0.0286050249999278,0.029503453656032,0.030106491335782,0.0307095290155321,0.0315777368896119,0.0325894587736511,0.0342758032900532
2021-10-18,0.0266044583333569,0.0266205544536275,0.0266876216214217,0.0268432174507043,0.0270873419414753,0.0275766767298518,0.0285394347439994,0.0293978639252286,0.0299621043868084,0.0305263448483882,0.0313210864302818,0.0322210392269845,0.0337210863127323
2021-10-19,0.0266023425409469,0.0266184370492165,0.02668549750034,0.0268410777469464,0.0270851777890359,0.0276131886618033,0.0287244415100779,0.0297162079200558,0.0303662314799557,0.0310162550398555,0.0319079854900302,0.032886033715472,0.0345162507620439
2021-10-20,0.0265995010215506,0.026615595982021,0.026682658317314,0.0268382429351937,0.0270823498356603,0.0276236818127573,0.0287880334643956,0.0298306598371334,0.0305201081719202,0.0312095565067069,0.0321686623161283,0.0332354895608193,0.0350136840453059
2021-10-21,0.0265976409179494,0.0266137335421163,0.0266807861428115,0.0268363481764243,0.0270804196429548,0.0275981253254573,0.0286718972448759,0.0296338710781622,0.0302667763169572,0.0308996815557522,0.0317817168495532,0.0327628400478934,0.0343981824789874
2021-10-22,0.0265953173275738,0.0266114089337322,0.0266784572927252,0.0268340094855892,0.027078065512324,0.027577674390927,0.0285807545637917,0.0294785711696918,0.0300620508303808,0.0306455304910698,0.0314768308957855,0.0324229609690021,0.033999976635009
2021-10-25,0.0265873885592443,0.0266034798335507,0.0266705268098276,0.02682607579479,0.027070126788438,0.0275855397697503,0.0286542659230768,0.0296184165517316,0.0302561553181619,0.0308938940845923,0.0317947883615092,0.0328044965403757,0.0344874846000979
2021-10-26,0.0265843933579567,0.0266004855202684,0.026667536196567,0.0268230937655799,0.0270671582273071,0.0275685657855551,0.0285801741344961,0.0294903669860695,0.0300792915794353,0.0306682161728011,0.0315111450503434,0.0324682930922712,0.0340636735790961
2021-10-27,0.02658136392476,0.0265974570712115,0.0266645118480931,0.0268200789304584,0.0270641583183073,0.0275393450377158,0.0284412742409907,0.0292563638981767,0.0297921590378371,0.0303279541774975,0.0311002542661683,0.0319825431003155,0.033453147780138
2021-10-28,0.0265786773977403,0.0265947705564688,0.0266618253845044,0.0268173925855469,0.0270614721595963,0.0275439943621393,0.0284761565960324,0.0293214274601124,0.0298829433734211,0.0304444592867297,0.0312282771635839,0.0320891893799149,0.0335241633762437
2021-10-29,0.0261207279170165,0.026145794667065,0.0262502394589338,0.0264925513760695,0.026872730418472,0.0274926806538661,0.0283786276428423,0.0291814380714877,0.0297085915184018,0.0302357449653159,0.0309646755067227,0.0317543453430575,0.0330705720841009
2021-11-01,0.0261080150892641,0.0261330822270135,0.0262375286343029,0.0264798442992142,0.0268600292217474,0.027483801304821,0.0283633608306478,0.0291616733161891,0.0296777525705809,0.0301938318249728,0.0309314040055722,0.0317579608060404,0.0331356709751627
2021-11-02,0.0261039864292738,0.0261290531939535,0.0262334980467857,0.0264758101053564,0.0268559893696656,0.027498487226945,0.0284544794944154,0.0293181076713218,0.0298558402896925,0.0303935729080633,0.031161444516516,0.0320194067783191,0.0334494637715465
2021-11-03,0.0261002397582119,0.0261253054453055,0.0262297458081952,0.0264720474500993,0.0268522103710177,0.0275017115783801,0.028482628527492,0.0293710974247231,0.0299281126003238,0.0304851277759244,0.0312841497968045,0.0321800155208039,0.0336732502475921
2021-11-04,0.0260961174023914,0.0261211829514241,0.0262256227390606,0.026467923046377,0.0268480838733736,0.0274924213078738,0.0284426132982785,0.0293077619817088,0.0298630087654123,0.0304182555491157,0.0312200514165877,0.0321244291031209,0.0336318516235796
2021-11-05,0.026091694121063,0.0261167602836827,0.0262212026279316,0.0264635088665891,0.0268436789996552,0.0274744187748286,0.0283535760131376,0.0291573044544478,0.02968162945485,0.0302059544552522,0.0309791118048434,0.0318710819317806,0.0333578234524342
2021-11-08,0.0260779323575864,0.0261030015849,0.0262074566987066,0.026449792562738,0.0268300091769942,0.0274544902470024,0.0282771038798334,0.0290293681765061,0.0295078082141519,0.0299862482517977,0.0306759955523813,0.0314464789534845,0.0327307256213948
2021-11-09,0.0260730472915496,0.0260981182812533,0.026202580738352,0.026444933638821,0.0268251769826602,0.0274474739555211,0.0282496679544251,0.0289826424157446,0.0294416257953554,0.0299006091749663,0.030550931740174,0.031260258393593,0.0324425686027538
2021-11-10,0.0260685017169537,0.026093573621495,0.0261980398904173,0.0264404016343169,0.026820658853194,0.0274369200924429,0.0281989553098288,0.0288954975765341,0.029328348852892,0.0297612001292499,0.0303773050650839,0.031051829505606,0.0321761311634018
2021-11-11,0.0260645475650325,0.0260896189103039,0.0261940828489349,0.0264364391865586,0.0268166879231752,0.0274461411575505,0.0282644985783598,0.0290166900379775,0.0294977940014111,0.0299788979648447,0.0306722656622771,0.0314418986611942,0.0327247278732936
2021-11-12,0.0260606055822713,0.0260856763384341,0.0261901378224458,0.0264324884653529,0.0268127282671554,0.027440319746445,0.0282392129261289,0.0289706608070682,0.0294209914253946,0.029871322043721,0.0305125969678348,0.0312121117719015,0.0323780675277168
2021-11-15,0.0260479467788629,0.0260730178419921,0.0261774806050303,0.0264198342152788,0.0268000786727377,0.0274451615171475,0.0283058659413839,0.0290957685441082,0.0295743945867512,0.0300530206293941,0.0307255933086015,0.0314415171779209,0.0326348236687996
2021-11-16,0.0260437256500367,0.0260687968191163,0.0261732600236146,0.0264156146580507,0.0267958607224245,0.0274443079241658,0.0283134128146699,0.0291088038366583,0.0295742235099107,0.0300396431831632,0.0307115094533115,0.0314513048948007,0.0326844006750696
2021-11-17,0.0260396413107733,0.0260647122457933,0.0261691744750433,0.0264115268469033,0.0267917693613733,0.0274345723800164,0.02826255694879,0.0290234744618621,0.0294785532995889,0.0299336321373157,0.0306012640012435,0.0313502993990132,0.0325987963975925
2021-11-18,0.0260352134259727,0.0260602849804847,0.0261647497909513,0.026407108151234,0.0267873600613327,0.0274329665904662,0.0282659005798872,0.0290347220252173,0.0295056298283254,0.0299765376314335,0.0306683033444223,0.0314442311330131,0.0327375525408589
2021-11-19,0.0260319535081584,0.0260570227816531,0.0261614780878811,0.0264038143983298,0.0267840317129995,0.0274112859782057,0.028129018608032,0.028790121568518,0.0291831175042508,0.0295761134399835,0.0301769107773939,0.0308831622405138,0.0320603467027875
2021-11-22,0.0260191676413324,0.0260442375378435,0.0261486954399728,0.0263910377729129,0.0267712645366637,0.0274053716875088,0.028124334214877,0.0287854582518798,0.0291564747160975,0.0295274911803153,0.0300937085135998,0.0307548028958485,0.0318567192464944
2021-11-23,0.0260145464483168,0.0260396174426458,0.0261440799190167,0.0263864328641973,0.0267666762781875,0.0274171651667912,0.0282221982164374,0.0289622387236375,0.029369780968556,0.0297773232134746,0.0304080465009956,0.031155632845444,0.0324017145526662
2021-11-24,0.0282461785348602,0.0282822942710735,0.0284327765052959,0.0287818952886918,0.0293296506212613,0.0301911539256394,0.0308659398452573,0.0314858802880228,0.0318195609091699,0.032153241530317,0.0326827025488713,0.0333275767871559,0.0344024572979525
2021-11-25,0.028492031428476,0.0285281532524374,0.0286786608522769,0.0290278384839044,0.0295756861473199,0.0304473661825143,0.0311591410375161,0.0318171542005864,0.032188711404071,0.0325602686075557,0.0331284193973602,0.0337901363307242,0.0348930903535565
2021-11-26,0.0284861824420555,0.0285223038908206,0.0286728099273417,0.0290219839320707,0.0295698259050076,0.0304436280421775,0.0311429827749845,0.0317910297931281,0.0321599665284238,0.0325289032637194,0.0331142270979813,0.033825166277328,0.0350101642550334
2021-11-29,0.0282154786575099,0.0282515957409878,0.0284020835888125,0.0287512153957659,0.0292989911618478,0.0301979455715793,0.0309847186212513,0.0317189116139546,0.0321481367042598,0.0325773617945649,0.0332282848474081,0.0339735768991699,0.0352158344646469
2021-11-30,0.0281847085657607,0.02822087951776,0.0283715918177571,0.0287212443537502,0.0292698371257395,0.0301527585175925,0.03079443052034,0.0313946594688547,0.0317491591935464,0.032103658918238,0.032664213476108,0.033338808505383,0.0344632278209642
2021-12-01,0.0278327790774732,0.0278733558219885,0.0280424255908025,0.0284346674544511,0.0290500814129341,0.030025841589724,0.0306088500446345,0.0311579054196539,0.0315010033182088,0.0318441012167638,0.0323865285536128,0.0330382666006119,0.0341245877517364
2021-12-02,0.02782226730112,0.0278628516087009,0.028031952890288,0.02842426786357,0.0290397965285469,0.030011181132254,0.0305247182706526,0.0310091213498461,0.0313127375684792,0.0316163537871123,0.0321097459503296,0.0327209108971451,0.0337396045450128
2021-12-03,0.0285169544042797,0.0285509525583308,0.0286926115335437,0.0290212603560377,0.0295368990258127,0.0303609501341076,0.0308336165289215,0.0312823998171348,0.0315794304209905,0.0318764610248463,0.0323869699523087,0.0330575694018257,0.0341753288594745
2021-12-06,0.0286120916963268,0.0286438827183963,0.0287763453103526,0.0290836585236913,0.0295658223584122,0.0303589719233121,0.0308811858784014,0.0313765470008067,0.0316887122750844,0.0320008775493621,0.0325349632265752,0.0332315727056671,0.0343926858472058
2021-12-07,0.0283784402035539,0.0284168902876596,0.0285770989714333,0.0289487831177884,0.0295319427267247,0.0304788942863537,0.0309755306214739,0.0314463566764319,0.0317367265971611,0.0320270965178903,0.0325243046868053,0.0331728325782106,0.0342538030214304
2021-12-08,0.0283509673187569,0.0283894618598532,0.0285498557810881,0.0289219696783529,0.0295058035516477,0.0304646416467926,0.0310083890682063,0.0315256680380577,0.0318531102501531,0.0321805524622486,0.032746871199691,0.0334926235693735,0.0347356483957092
2021-12-09,0.0283449262779642,0.0283834200284738,0.0285438106555971,0.0289159169105233,0.0294997387932523,0.0304574878782946,0.0309515005313176,0.0314246532930608,0.0317441633863562,0.0320636734796515,0.0326167648325435,0.0333452029729324,0.0345593683309838
2021-12-10,0.0283380902141456,0.0283765848513975,0.0285369791732802,0.028909094000048,0.029492929331701,0.0304599546840673,0.0309895575254427,0.0314967647287887,0.0318346666600238,0.0321725685912589,0.0327635273838217,0.0335494827970155,0.0348595183137765
2021-12-13,0.0280400427375512,0.0280741279670227,0.0282161497564874,0.0285456403080453,0.0290625996216965,0.0299324797147838,0.0304053959570561,0.0308614481261749,0.0311789953769989,0.0314965426278228,0.0320588233648657,0.0328145586703453,0.0340742231180085
2021-12-14,0.0279133139521502,0.0279496138040192,0.0281008631868069,0.0284517617548742,0.0290023095082211,0.0299282656057401,0.0303840665651105,0.0308239692373833,0.0311295192701156,0.0314350693028478,0.0319933431361257,0.0327667726946558,0.0340559300366351
2021-12-15,0.0279008156867903,0.0279371294755575,0.028088436928754,0.0284394702201698,0.028990229349805,0.0299213736825134,0.0303776365322465,0.0308199520575884,0.0311407752231719,0.0314615983887553,0.0320481367326148,0.0328608285407997,0.0342154284519785
2021-12-16,0.0282719892664026,0.0283083147081761,0.0284596707155658,0.0288108166527099,0.0293617525196084,0.0303024235511049,0.0308024709714173,0.0312906002696863,0.0316714636131526,0.0320523269566189,0.0327349737749847,0.0336621111020437,0.0352074695371063
2021-12-17,0.0282656588175169,0.0283019848597375,0.02845334336899,0.0288044951104557,0.0293554400841347,0.0302962582815119,0.0307501640077721,0.0311926737077108,0.0315295273123795,0.0318663809170483,0.0324645954314427,0.0332689682071177,0.0346097019016258
2021-12-20,0.028242203061327,0.0282785405969544,0.0284299469954021,0.0287812098398008,0.0293323291301505,0.0302936095095811,0.0308110067231279,0.0313155745071094,0.0316892094074697,0.0320628443078299,0.0327240103795621,0.0336079753339881,0.0350813737818267
2021-12-21,0.0282370012126128,0.0282733368935189,0.028424735563961,0.0287759804793865,0.0293270716397955,0.0302910006158071,0.0307862398407294,0.0312691892712755,0.0316224161999304,0.0319756431285853,0.0325962666719418,0.0334191683318338,0.0347907860892324
2021-12-22,0.0277496722228401,0.0277970475690991,0.0279944448451782,0.0284524065256818,0.0291709326106098,0.0304190106802577,0.0308899837333938,0.0313499947502053,0.0316901136211095,0.0320302324920137,0.0326394550649922,0.0334634007997126,0.0348367588277224
2021-12-23,0.0277320060808997,0.0277793989828786,0.0279768694077905,0.0284350007935863,0.0291537931402658,0.0304109590788793,0.0309066499527097,0.0313924835820909,0.0317663262591546,0.0321401689362183,0.0327976648797016,0.0336691284986004,0.0351216896403111
2021-12-24,0.0277241203755288,0.0277715132539546,0.0279689835807287,0.0284271147388448,0.0291459067283028,0.0304095506653724,0.0309044620798895,0.0313883588593834,0.0317426508719976,0.0320969428846119,0.0327193454065834,0.0335426637170762,0.0349149759503648
2021-12-27,0.0276977524406844,0.0277451501137703,0.0279426404182947,0.0284008179247915,0.0291196826332606,0.0303997014668716,0.03084717879781,0.0312871176726028,0.0316268050520417,0.0319664924314807,0.0325886214377318,0.0334473211894996,0.0348786074357236
2021-12-28,0.02864844118869,0.0286804658284123,0.0288139018272554,0.0291234733445714,0.0296091803803603,0.0304898416593405,0.0309570897621438,0.0314171826270923,0.0317778460098281,0.0321385093925638,0.0327882400192443,0.0336691640772329,0.0351374939394129
2021-12-29,0.0286434545844934,0.0286754784106069,0.0288089110194132,0.0291184746718437,0.0296041693678984,0.030494013945917,0.0310395405439652,0.0315755451840362,0.0319736852715079,0.0323718253589797,0.0330509690273733,0.0339156152540394,0.0353568131227111
2021-12-30,0.0289077039437388,0.0289419090797836,0.0290844304799704,0.0294150801284036,0.0299338580250834,0.0308835868690491,0.0313896040410254,0.0318871885667647,0.0322569053916677,0.0326266222165706,0.0332717888816235,0.0341148581977509,0.0355200915337367
2021-12-31,0.0289021351163272,0.0289363399098701,0.0290788598829656,0.0294095062205473,0.029928278922615,0.0308820622296846,0.0313839227222497,0.0318776974611324,0.0322428517014983,0.0326080059418642,0.033232463288528,0.0340283830311241,0.0353550271559546
2022-01-04,0.0292427335345851,0.0292703375721391,0.029385354395281,0.0296521934249701,0.0300708546612065,0.0308663754130468,0.0315112907878203,0.0321450203641117,0.032559101869184,0.0329731833742563,0.0336672719854073,0.0345261599397581,0.035957759883253
2022-01-05,0.0292487847998328,0.0292763625841098,0.0293912700185975,0.0296578552666091,0.0300761183281444,0.030872860718557,0.0314988602818581,0.0321135293386836,0.0324921283715881,0.0328707274044925,0.0335070940943898,0.0342964975458529,0.035612280274886
2022-01-06,0.02851356828779,0.0285499236417575,0.0287014042832887,0.029052839371641,0.0296042289068146,0.0306482473083914,0.0312428412643153,0.0318261093597444,0.0321581604301428,0.0324902115005412,0.0330608916758201,0.0337885201847063,0.0350013360437833
2022-01-07,0.0290192718465017,0.0290578375390645,0.029218527924743,0.0295913296195169,0.0301762426233864,0.0312889648414837,0.0319326071121911,0.0325641123451642,0.0329075964124006,0.0332510804796369,0.0338238554057999,0.0345252283043602,0.0356942811439786
2022-01-10,0.030124457021231,0.0301564291581687,0.030289646395409,0.0305987103858066,0.0310836211293614,0.0320195340126976,0.0326088643785828,0.0331888844859421,0.0334894839184822,0.0337900833510222,0.0342997641138474,0.0349357312448621,0.0359957653322111
2022-01-11,0.0302534636272325,0.0302876337888784,0.0304300094624028,0.0307603210249793,0.031278568476608,0.0322808405026868,0.0328459165085053,0.033403461845617,0.0337128495065512,0.0340222371674854,0.0345444560637821,0.0351914106671879,0.0362697587438933
2022-01-12,0.0302468581155315,0.0302810303619473,0.0304234147220131,0.0307537464373658,0.0312720255080055,0.0322775580136105,0.0328080882259918,0.0333322773303675,0.0336253515028293,0.033918425675291,0.0344426863498395,0.0351411747497585,0.0363054196885664
2022-01-13,0.0302418522793134,0.0302760229474706,0.0304184007314589,0.0307487171903117,0.0312669723240292,0.0322762575946541,0.0327888309721193,0.0332965653835538,0.0336064358216929,0.033916306259832,0.0344533081247819,0.0351406607583904,0.0362863445305874
2022-01-14,0.0302356539418007,0.0302698257613352,0.0304122083427287,0.0307425359315616,0.0312608085278339,0.0322745856988256,0.0327948021921929,0.0333101973611823,0.0336030594243061,0.0338959214874298,0.0344008970424229,0.0350424220905131,0.0361117201496421
2022-01-17,0.0301991335260656,0.0302311405817168,0.0303645033135968,0.0306739048515585,0.0311593451956017,0.0321214223880887,0.0326469421172747,0.0331694450908739,0.0334627612807379,0.033756077470602,0.0342629678750841,0.0349069174370699,0.035980256691489
2022-01-18,0.030575878105863,0.0306078815328792,0.0307412291454464,0.0310505956066024,0.0315359809163472,0.0325015765304089,0.0330027160666443,0.0335013300907482,0.0337577162209187,0.0340141023510892,0.0344526757480319,0.035001649464514,0.0359166823713267
2022-01-19,0.0306927170857409,0.0307291520568093,0.030880964436261,0.031233169156589,0.0317857662177932,0.0328887772211715,0.0333619102655215,0.0338332977712769,0.0340760305095417,0.0343187632478065,0.0347416873369758,0.0352837873941978,0.0361873632417299
2022-01-20,0.0305576322554967,0.0305918616835896,0.0307344843006435,0.0310653687722086,0.0315845150982849,0.0326254010488613,0.033098603613304,0.0335707017614792,0.0338152675194791,0.0340598332774791,0.0344849897196038,0.0350278062376647,0.0359325762867122
2022-01-21,0.0304262583748493,0.0304582777542233,0.0305916918349485,0.0309012125022308,0.0313868397560704,0.032364628658242,0.032801768341373,0.0332385089491362,0.0334798833940085,0.0337212578388807,0.0341567209262039,0.0347393650291369,0.0357105199517449
2022-01-24,0.030407737968454,0.0304418191699933,0.0305752376562332,0.0308847685443099,0.0313704118342232,0.0323523718929492,0.0328803603625592,0.0334006895872771,0.0337016842778187,0.0340014709642135,0.0345276828341259,0.0352057485696308,0.036335952880586
2022-01-25,0.0301471806372063,0.0301833220580245,0.0303167350924392,0.0306262533322814,0.031111876777551,0.0320937967108434,0.0326172091402388,0.033128978540568,0.033424463720182,0.0337181571557253,0.0342345634140999,0.0349009411373318,0.0360116637945685
2022-01-26,0.0301383364737724,0.0301765431740691,0.0303099703119828,0.0306195212719426,0.0311051960539485,0.0320872197889934,0.0325352308899251,0.0329667576139308,0.033202802927072,0.0334366829927157,0.0338454433204798,0.0343681293601349,0.0352393457988396
2022-01-27,0.0306197511306004,0.0306571809252349,0.0307908187921696,0.0311008586434581,0.0315873004791005,0.0325708751797401,0.0329123219293557,0.0332315132383462,0.0334149435413242,0.0335964889715542,0.0339595654391191,0.0345041294238817,0.03541181216162
2022-01-28,0.0306130052681483,0.0306517744467465,0.0307854129127736,0.0310954541539563,0.0315818981702948,0.0325654772802539,0.0329473907355449,0.0333031906494894,0.0335247197046938,0.0337440056133236,0.0341463408162156,0.0346936658478833,0.0356059507162875
2022-02-07,0.0312951310521567,0.0313352666681178,0.0314693088660918,0.0317369744219583,0.0321569324492663,0.0330060783506361,0.0333888296439338,0.0337120082601403,0.0339087305954968,0.0340996578369394,0.0344523029713452,0.0349334406448425,0.0357354040007178
2022-02-08,0.0316583398098502,0.0316920291263421,0.0318341180593639,0.0321664196718774,0.0326877894432348,0.0337419876622433,0.0341350899292312,0.0344453386418769,0.0346257990789901,0.0347999216663348,0.0351282804497506,0.0355880692223748,0.0363544480935351
2022-02-09,0.0316494669942198,0.0316831690481066,0.0318251843640821,0.0321575584066974,0.0326790418183869,0.0337334698156491,0.0340690659011485,0.0343136479917463,0.0344764045725328,0.0346349185964681,0.0349508985072823,0.0354231093278877,0.0362101933481862
2022-02-10,0.0316397578033149,0.031673475845903,0.0318154299396045,0.0321478949007167,0.0326695209603927,0.0337242373887487,0.0339525662001313,0.0340785824052383,0.0341789175653285,0.0342778435822524,0.0344929241724104,0.0348441904986677,0.0354296834611364
2022-02-11,0.0324941473744046,0.0325300981886433,0.0326636264721989,0.0329325282602738,0.0333544258932878,0.0342074936347667,0.0344079808343189,0.0345220272667242,0.0346298171579157,0.0347372453901954,0.0349711525829287,0.0353538629528741,0.0359917670487618
2022-02-14,0.0322309101575058,0.0322646855667337,0.0323964815462656,0.0326653967520726,0.0330873154370457,0.0339404257451232,0.0341308891138894,0.0342203800967233,0.0343200010625538,0.0344203042304788,0.0346426951232263,0.0350133094974795,0.0356310519102723
2022-02-15,0.032224527352282,0.0322583057158291,0.0323969925365835,0.0327086081025252,0.0331975221801232,0.0341860956996621,0.0344736397842783,0.0346434571997301,0.0348013146918201,0.0349583323082948,0.0352617200865574,0.0356985718604151,0.0364267191951196
2022-02-16,0.0322191642537484,0.0322529415726786,0.0323918815692898,0.0327034910420876,0.033192395559753,0.0341809497493184,0.0345231052348123,0.0347463014632192,0.0349328679458784,0.0351167436443173,0.0354635193894885,0.0359475921438648,0.0367544477113484
2022-02-17,0.0322140193238084,0.0322477947452876,0.0323869845644138,0.032698582969573,0.0331874701224952,0.0341759892009313,0.0345261531109166,0.0347528521237362,0.034962232343944,0.0351702870119256,0.0355646666914276,0.0361186395306589,0.0370420050072894
2022-02-18,0.03220889551931,0.0322426689631556,0.0323821080463616,0.0326936949161864,0.0331825639705665,0.0341710464541483,0.0344996784106167,0.0346979910414339,0.034886347194155,0.0350739104967676,0.0354395304747496,0.0359714063595083,0.0368579404908926
2022-02-21,0.0319484985754162,0.031977961380003,0.0321009195115386,0.0323914235495112,0.0328472143677098,0.0337688133847265,0.0341047878158494,0.034307199093264,0.0344968134475211,0.0346852846576319,0.0350524291671132,0.0355858021567269,0.0364748316720725
2022-02-22,0.031939649066336,0.031969127917463,0.0320920535917821,0.032382649240827,0.0328385837936389,0.0337604734388849,0.0340070481580572,0.0341068072283762,0.0342314196233333,0.0343583402192641,0.0346302935624043,0.0350703866980202,0.0358039367552643
2022-02-23,0.0319355106856267,0.0319649863827318,0.0320878017873365,0.0323783794297935,0.0328342857308898,0.0337561182517877,0.0340461373013595,0.034188348200216,0.0343361600487968,0.0344845122746886,0.0347861448201079,0.0352473752771694,0.0360161571571837
2022-02-24,0.0319216057595417,0.0319532523732457,0.0320851132636791,0.0323549449714795,0.0327773083358418,0.0336313177758712,0.0339458968917814,0.0341234140464988,0.0342979442539857,0.0344721803393924,0.0348003990920442,0.0352563134527525,0.0360162344293156
2022-02-25,0.031917042354661,0.0319486861418781,0.0320805352552826,0.0323304105494428,0.0327193175177107,0.0335056788601425,0.0337893707454364,0.0339420220548285,0.0340986035156097,0.0342555911422405,0.0345636897848553,0.0350151970757352,0.0357677723200811
2022-02-28,0.0315409178136409,0.0315703683184504,0.0316930787551565,0.0319712569612255,0.032406745391494,0.0332872934263226,0.0336375422391081,0.0338303241299491,0.0340197425460927,0.0342087849638764,0.0345670634214282,0.0350680744493577,0.0359031628396895
2022-03-01,0.0312851387385586,0.0313145896515828,0.0314373017891838,0.031707924564486,0.0321299753234724,0.0329833526823021,0.03341125910306,0.0336922635381067,0.0339554967290147,0.0342166698925195,0.0346872450371072,0.0352969259783776,0.0363131460762976
2022-03-02,0.0306537584425362,0.0306810852093445,0.0307949467377121,0.0310822218568539,0.0315379246823264,0.032459345779985,0.0328968325062225,0.0331680815014656,0.0334213238617598,0.0336724171543284,0.0341237443907524,0.0347057247192922,0.0356757732584903
2022-03-03,0.0353322959346428,0.0353444648904094,0.0353951688727705,0.0354795719647086,0.0356036555927089,0.0358545499614129,0.0360895453917318,0.0362922758387407,0.0365248205560519,0.0367610386437005,0.0372084277891478,0.0378324439030484,0.0388725579585253
2022-03-04,0.0353321551628337,0.0353443150460401,0.0353949812260665,0.0354799894547285,0.0356039879190258,0.0358547100885941,0.0360279810110938,0.0361602853278355,0.0363747646457681,0.0365996452835416,0.037047014983613,0.0377135186262853,0.0388244511668518
2022-03-07,0.0340317700720435,0.0340484035303823,0.0341177096067941,0.0342477994707869,0.0344393405187362,0.0348266323079964,0.0350107349210423,0.0351147998319322,0.0352955360766428,0.0354867840296376,0.0358746284529092,0.036466632939527,0.0374533898096141
2022-03-08,0.0337847695557674,0.0337992628167902,0.0338596514043849,0.0339859954470586,0.0341779892230214,0.0345661964183748,0.0347888984648749,0.0349346738398084,0.0351128743535506,0.0352956378744248,0.0356671665319347,0.036236016627975,0.0371841796115436
2022-03-09,0.0352984790661285,0.0353107516674214,0.0353618875061417,0.035483338676485,0.0356752971801226,0.0360634330556096,0.0362916948840518,0.0364418965026606,0.0366423684117622,0.0368500927324998,0.0372734663197813,0.0379238779934824,0.0390079883370983
2022-03-10,0.0361921947763698,0.0362022264920833,0.0362440253075566,0.036328042580323,0.0364527718011811,0.0367049715444547,0.0368803841323762,0.0370078236323114,0.0371834670667306,0.0373662379424426,0.0377531861791215,0.0383753657910936,0.0394124187533933
2022-03-11,0.036557788199605,0.0365699689958219,0.0366207223133925,0.036726019893638,0.0368837867171388,0.0372027877668548,0.0373279971817406,0.0373763636585369,0.0375032334658174,0.0376419913638042,0.0379717994787355,0.0385691350798775,0.0395647778857995
2022-03-14,0.0369443052316815,0.0369542739306042,0.0369958101761156,0.037080605474224,0.0372048035611037,0.0374559293631461,0.0375774868233844,0.0376378973481263,0.0377576564047569,0.0378870564147806,0.0381967711010116,0.0387629480292143,0.0397066553595095
2022-03-15,0.0378920632879578,0.0379064870990213,0.0379665863117859,0.0380526632504242,0.0381436574274458,0.0383276456535114,0.0384479753064165,0.0385276878694635,0.0386540938705149,0.0387882593292832,0.0391088920470277,0.0396947980483212,0.040671389924009
2022-03-16,0.0386569976083976,0.0386713239835482,0.0387310172133423,0.0388177529551678,0.0389077530097802,0.0390897311421833,0.0391287144854539,0.0391129927489669,0.0391670384318486,0.0392329352117241,0.0394335919696795,0.0398735600587492,0.0406069016876091
2022-03-17,0.0390626420250056,0.039072557840666,0.0391138737392512,0.0391992286636054,0.0393230820235372,0.0395735107952673,0.0396686015358564,0.0396939552109861,0.0398005238112984,0.0399211947304041,0.040218993007505,0.0407802615757247,0.0417157876201622
2022-03-18,0.0390265061348066,0.039040827815194,0.0391005014834749,0.0392288734363099,0.039419901099153,0.0398061548350117,0.0399009587832067,0.0398766340036326,0.0399468316255616,0.0400337986726751,0.0402793984128257,0.0407940605775582,0.0416519027701488
2022-03-21,0.0396680829320803,0.0396780427485272,0.0397195419837226,0.0397945574075631,0.0398851485310192,0.0400683217916337,0.0400295598020958,0.0399147873965997,0.0399215003269187,0.0399511614761634,0.040097522888471,0.0404977265372449,0.0411647885423284
2022-03-22,0.0414406990868303,0.0414462428634433,0.041469341932664,0.0415252679055355,0.041616206196126,0.0418000814210562,0.0417745320117509,0.0416736935618192,0.0416837932614842,0.0417152799406663,0.0418659382863152,0.0422749521103457,0.0429566989719759
2022-03-23,0.041911189354101,0.0419210947523695,0.0419623672451553,0.0420382946203869,0.0421283912430988,0.0423105646340766,0.0422607329606204,0.0421299627131399,0.0421123913219165,0.0421170845148399,0.0422159245512461,0.04255195892733,0.0431120631776891
2022-03-24,0.0417976423907832,0.0418053690200677,0.0418375633087529,0.0418929868343726,0.0419497148246408,0.042064417574194,0.041998458862261,0.0418735650519442,0.0418413298581689,0.0418276834084245,0.0418774646719963,0.0421148399157773,0.0425104984925014
2022-03-25,0.0419057456301427,0.041915661443629,0.0419569773331556,0.0420030911431901,0.0419918290566487,0.0419690573651804,0.0417757296762836,0.0415520088027756,0.0414227861476593,0.0413128925666222,0.0411991475309996,0.0412536624469523,0.0413445282580306
2022-03-28,0.0426543803448639,0.0426642535230397,0.0427053917654389,0.0427750546873266,0.042830966695918,0.0429440195484545,0.0427196768267399,0.0423980242537958,0.0421993619358589,0.0420273365529236,0.0417956807757214,0.0416908968993964,0.0415162424631964
2022-03-29,0.0439256288019727,0.0439332274366169,0.0439648884143008,0.0440046784399929,0.0439922838458191,0.0439672222488082,0.043659384855926,0.0432944431424013,0.043106083738071,0.0429566897073908,0.0427800491769071,0.0427803359212957,0.0427808138686791
2022-03-30,0.0434339591151047,0.0434394157048771,0.0434621514955952,0.0434825319226953,0.043437231015244,0.0433456335760018,0.0430395298944626,0.0427053397213051,0.0425541450796765,0.0424440819192539,0.0423353269549879,0.0424154089303731,0.0425488900798708
2022-03-31,0.0435597217876457,0.0435651646940028,0.0435878434704908,0.0436095123552218,0.043564059702473,0.0434721554375743,0.0430894367338612,0.0426606830241276,0.0424311599551165,0.04224723655331,0.0420221742029694,0.0419981728141369,0.0419581671455019
2022-04-01,0.0433139638913694,0.0433185481795954,0.0433376493805372,0.0433555184781412,0.0433104488657184,0.0432193190999404,0.0427069900555246,0.0421171657580804,0.0417711125411728,0.0414818627295436,0.0410671776004698,0.0408069869350725,0.0403732994674652
2022-04-04,0.0446858516317811,0.0446912215219698,0.0447135960644225,0.044733515280964,0.0446532327989728,0.0444909033848366,0.0439894667356039,0.0434437468035095,0.0431320197332668,0.0428777715382799,0.0425299905042491,0.042369407291176,0.0421017461630894
2022-04-05,0.0445100121688089,0.0445198497891448,0.0445608398738775,0.0446193865997224,0.0445729390589211,0.044479023152246,0.0440303235950832,0.0435158423521654,0.0431928691182759,0.0429177526710435,0.0425258480852355,0.0422957513359357,0.0419122246004317
2022-04-06,0.0455065767935468,0.0455163864430029,0.0455572599824037,0.0456236518287052,0.0456107087855713,0.045584538236817,0.0452897845968978,0.0449331516641473,0.0447226355754106,0.0445492620933346,0.0442862137108765,0.0440818526894793,0.0437412224300807
2022-04-07,0.045003932664362,0.045013765652476,0.0450547364362846,0.0451231248529697,0.0451104981087453,0.0450849671094345,0.0448907017853879,0.0446592112858641,0.0445176194980798,0.0443992679674736,0.0442190972985549,0.0440780509749296,0.0438429540593084
2022-04-08,0.0450034595254508,0.0450132868851003,0.0450542342169732,0.0451243505306345,0.0451116690928072,0.0450860275042334,0.0449009174295195,0.0446804257560729,0.0445340342131574,0.0444071200962624,0.044227919078015,0.0441306571635718,0.0439685403816146
2022-04-12,0.0458574874198867,0.0458694552339317,0.045919321125786,0.0460210311314321,0.0460753353203333,0.0461851371967928,0.0462266075804193,0.0462185752612235,0.0462528931738611,0.046299098516498,0.0463874812062805,0.0465105755333221,0.0467157499460551
2022-04-13,0.0452183702229442,0.0452304162771401,0.0452806081696229,0.0453844348609324,0.0454395463015917,0.0455509804233643,0.0456208013633832,0.0456474992662582,0.0457177045671702,0.0458003198650248,0.0459636592123744,0.0462041820440024,0.0466050870403101
2022-04-14,0.0448420286203883,0.0448540836516157,0.0449043129483964,0.0450096271211227,0.0450648593341243,0.0451765376549187,0.0452789720772787,0.0453469210139115,0.0454266899000214,0.0455098867422934,0.0456464739322192,0.0457804359589754,0.0460037247232003
2022-04-15,0.0453462612836921,0.0453582705054655,0.0454083089295215,0.0455172196289717,0.0456060397158617,0.0457856319794633,0.0458598556135179,0.0458510664364862,0.0458845013253104,0.0459303634581356,0.0460181782150935,0.0461405391770529,0.0463444912121696
2022-04-18,0.0453532994577096,0.0453652469718734,0.045415028280889,0.0455249363744606,0.0455790919781857,0.0456885934186849,0.0458346748775339,0.0459588741468147,0.0460732781023303,0.0461846687309613,0.0463418437371614,0.0464178725285127,0.046544597804902
2022-04-19,0.0445837870737751,0.0445958415518025,0.0446460685435832,0.0447651275877062,0.0450247706746007,0.0455497632898599,0.0457998955097842,0.0458023936691304,0.0458207371694497,0.045844039586404,0.0458643607554531,0.0458304802401261,0.0457740079801742
2022-04-20,0.044906536883422,0.0449140534490271,0.0449453724723816,0.0450197246834908,0.0452107154286605,0.0455968945177948,0.045651116013861,0.045479130653781,0.0453874704665443,0.0453213201581772,0.0452301275113438,0.0451945924476856,0.0451353623759777
2022-04-21,0.0448411237716908,0.0448531167372812,0.044903087427241,0.0450183694291079,0.0451411128461397,0.0453892973377203,0.0453170112511231,0.0450625664737495,0.0449012905379922,0.0447700452820767,0.0445725436907952,0.0444373040054919,0.0442118856318171
2022-04-22,0.0448770061743937,0.0448846534051604,0.0449165168666882,0.0449904400974325,0.0452507968512223,0.0457772324852589,0.045883159182597,0.0456819121787158,0.0455712558905649,0.045490237121206,0.0453770749187525,0.0453291261923524,0.0452492049480769
2022-04-25,0.0448710044432085,0.0448786621796659,0.044910569414905,0.0449845942006596,0.0451084260112602,0.0453593412544013,0.0453067478861676,0.0450659005915122,0.0449460542361746,0.0448675665825915,0.0447791039013388,0.0448201496515127,0.044888564970801
2022-04-26,0.0453385192513771,0.0453483827997722,0.0453894809180853,0.0454848285525717,0.0457402666855372,0.0462665964310834,0.0464289558508832,0.0462854263532369,0.0462328253420033,0.0462117562761004,0.0462267247087637,0.0463948360026127,0.0466750449839541
2022-04-27,0.0453367078969179,0.0453465722419314,0.045387673679488,0.0454830290146191,0.0457372577726991,0.0462636014771719,0.0464536388209496,0.0463431297762866,0.0463184640470892,0.0463239963360915,0.0463556323494783,0.0464558633120566,0.0466229289224621
2022-04-28,0.0452786771225874,0.0452929565512089,0.0453524541704654,0.0454904886471405,0.0456516804199914,0.0459697024357348,0.046025509387224,0.0458760379723923,0.0458150302117697,0.0457855847392252,0.0457548312454012,0.0457813198896601,0.0458254713315709
2022-04-29,0.045335723643744,0.0453455770445113,0.0453866328810416,0.045481882421792,0.0456390517275621,0.0459581464366532,0.0460023887937085,0.0458334781108887,0.0457541128603517,0.0457071481014612,0.0456393875944266,0.0456056868994031,0.0455495143650848
2022-05-04,0.0463590517887062,0.0463666506196952,0.0463983124154826,0.0464717677817094,0.0465943686111973,0.0468445228241317,0.0469503854667514,0.0469048338557373,0.0469091014004678,0.0469326876661874,0.0469791577530713,0.0470469809983268,0.0471600292179269
2022-05-05,0.0455329389227096,0.0455450486148858,0.04559550566562,0.0457125660233233,0.0459034586866402,0.046291875602487,0.0465032774419367,0.0464948776177311,0.0465167678913504,0.0465505655851721,0.046609223228721,0.046673164530349,0.046779742301447
2022-05-06,0.0455160415351916,0.0455282206642899,0.0455789670355325,0.0456966986168153,0.0458881924624055,0.0462778802740387,0.0465733127913005,0.0466784810920121,0.0467719481254689,0.0468607591715015,0.0470017640571664,0.0471141804548959,0.0473015568266593
2022-05-09,0.0456386992328455,0.0456420493832446,0.045656008343241,0.0456883931304328,0.0458556244105515,0.0462478407682149,0.04662412410862,0.046833867920792,0.0470088397511319,0.0471694043152154,0.0474406897176826,0.0477102909526656,0.0481596640179331
2022-05-10,0.044881896617099,0.0449028909777549,0.0449903674804879,0.0451933129668284,0.0454098153829289,0.0457967682251266,0.0461519310638557,0.0463338446040462,0.0465056720758514,0.0466732730594587,0.0469785428964847,0.0473534735813906,0.0479784104484253
2022-05-11,0.0448768752842849,0.044897876355496,0.0449853808188755,0.045188391173916,0.0454063617765187,0.0457934446476284,0.0460466909400046,0.0460808396800746,0.0461480419774164,0.0462293201449645,0.0464047946450249,0.0467040078357488,0.0472027382985098
2022-05-12,0.0455624501365148,0.0455702532269034,0.0456027661035225,0.0456781959772789,0.0458553241522089,0.0462469535712059,0.0465185356734258,0.0465721694006007,0.0466677400464499,0.0467814047641714,0.047035881357809,0.0474937176210409,0.0482568420370403
2022-05-13,0.045703343233353,0.0457022799263959,0.0456978494807414,0.0456875708468229,0.0458335578403353,0.0462270775044301,0.0465777391531454,0.0467405665659723,0.046913811314005,0.0470916197034641,0.0474373232487969,0.0479278791461457,0.0487455408578605
2022-05-16,0.0457675706834764,0.0457775944724545,0.0458193602598631,0.0459162568866511,0.0460737290954431,0.0463960780167844,0.0467104454172554,0.0468772336396038,0.0470743511192244,0.047285255546208,0.0477175346575199,0.0483960040506419,0.0495268811806984
2022-05-17,0.0457217337913043,0.0457340066229114,0.0457851434212744,0.0459037807934765,0.0460458548043593,0.0462993767301721,0.0465062953888377,0.0465770852437155,0.0467055870202456,0.0468606413988023,0.0472056135658718,0.0478238291719209,0.0488542749037587
2022-05-18,0.0463572621997942,0.0463615191994878,0.0463792566982112,0.0464204076952495,0.046577619604025,0.0469704310418556,0.0472006207490528,0.0471750281616742,0.0472305058270256,0.0473237492864004,0.0475666011540967,0.0480947954890448,0.0489751931896245
2022-05-19,0.04611822197366,0.0461216201882422,0.0461357794156683,0.0461686288232968,0.0462248084940377,0.04634236064626,0.0464094235318185,0.0463981086244025,0.0464761559054636,0.0465963611219266,0.0468728936901237,0.0473933728127438,0.0482609107479993
2022-05-20,0.0458533708128,0.045856850386134,0.045871348608359,0.0459049844839209,0.0460091290025533,0.0462658718246524,0.0463895236379792,0.0463289152445009,0.0463677041215861,0.0464539737835312,0.0466725635513132,0.0471360106496114,0.0479084872414365
2022-05-23,0.0457029529851991,0.0457152558024432,0.0457665175409603,0.04588544477432,0.0460318636860269,0.0462859503775937,0.0464014171610071,0.0463241641729981,0.046345621865803,0.0464160243257769,0.0466135240233704,0.0470797733267088,0.047856920651843
2022-05-24,0.0457815722403809,0.045789437393773,0.04582220886624,0.0458982386823634,0.046021930055216,0.0462768601469016,0.0464493771082573,0.0464546171842841,0.0465502641630365,0.0466913010290783,0.0470012658306164,0.0475503441381002,0.0484655513778645
2022-05-25,0.045619017572347,0.0456357489905944,0.0457054632332918,0.0458672002763499,0.0460390078668205,0.0462921182354451,0.0464868981484071,0.0465254964802869,0.0466504964002544,0.0468194142604164,0.0471868523354629,0.0478278519123613,0.0488962741127423
2022-05-26,0.0459753004332677,0.0459778435999206,0.0459884401276407,0.0460130240719514,0.0460896906177894,0.0462906549921316,0.046453731046804,0.0464956143742087,0.0466329154229473,0.046819314453955,0.0472194247902522,0.0479029915385553,0.0490423649728765
2022-05-27,0.0462809199793434,0.0462954113990995,0.0463557923147498,0.0464958760390586,0.0466364346913119,0.0468205180510099,0.0469476964432384,0.0469509245686147,0.0470523604175958,0.0472049463868778,0.0475555369067202,0.0482210001516559,0.0493301985506114
2022-05-30,0.045728089727724,0.0457245074358184,0.0457095812195449,0.0456749523977905,0.0457664613063913,0.0461629179733706,0.0464417491145622,0.0464464254440127,0.0465474341960048,0.0467004709824451,0.0470510993734063,0.0477165432883797,0.0488257094680299
2022-05-31,0.0464786480607811,0.0464795288566145,0.0464831988392537,0.0464917131989765,0.0465549530282963,0.0467584664278751,0.0469469602204079,0.0470178437571344,0.0471659456185152,0.0473562618911828,0.0477543527277287,0.0484064730159625,0.0494934312892253
2022-06-01,0.046479295472354,0.046480172401657,0.0464838262737528,0.0464923032570151,0.0465545389962022,0.0467579836249356,0.0468859771882685,0.0468615131638375,0.0469235872198493,0.0470335312784044,0.0472881964618003,0.0477804533627627,0.0486009503181957
2022-06-02,0.0462952775709049,0.0463076162723909,0.0463590275285827,0.0464783016429478,0.046631856086618,0.0468866592259556,0.0470659819842811,0.047062726873579,0.047144778850934,0.0472745879287763,0.0475733895400028,0.0481466023706785,0.0491020371882806
2022-06-03,0.0470930682743873,0.0471097669086862,0.0471793445515983,0.0473407646831543,0.0474512689614962,0.0474272882724744,0.0474089369390419,0.0474071381644498,0.0474893951671846,0.0476192715917577,0.0479124004289761,0.0484592447723638,0.0493707284264639
2022-06-06,0.0462823899793918,0.0462848621158764,0.0462951626845622,0.0463190600039134,0.0464151345053152,0.0467252684163844,0.0469543588767672,0.0469568141957819,0.0470362185148064,0.0471607887777397,0.0474522623671568,0.0480279868101288,0.0489876079991935
2022-06-07,0.0470445723214247,0.047052240862769,0.0470841931183703,0.0471583223513651,0.0472448488217697,0.0473582513750604,0.0473965621945719,0.0473239972939657,0.0473558815164788,0.0474497898858665,0.0476974854133297,0.0482662130151353,0.049214171824529
2022-06-08,0.0461664823061672,0.0461787861106085,0.0462300519624473,0.0463489887387135,0.0464731584306358,0.0465893706998541,0.0466329167857652,0.0465640804991685,0.0465979730797587,0.0466935865927014,0.0469425847032855,0.0475075388314918,0.048449207990921
2022-06-09,0.0465951860959748,0.0465986137052788,0.0466128954107121,0.0466460289673172,0.0467010598224434,0.0468192048561121,0.0468321918259941,0.0467105474316665,0.0466977348154424,0.0467510726262312,0.0469155469414116,0.0473550390380888,0.04808758727978
2022-06-10,0.047083227592982,0.0470998833685844,0.0471692824335941,0.0473302882644166,0.047429145776037,0.0472663291887283,0.0469852817889194,0.0467299189481583,0.0466112409529702,0.0465766055003562,0.0465847233085729,0.0468566928795636,0.0473100135024578
2022-06-13,0.0496385307122506,0.049637579987505,0.0496336186343982,0.0496244282951905,0.0496124846814324,0.0495950094027025,0.0493407228981445,0.0489464247181372,0.0487187511894547,0.048597139994116,0.0484465610844377,0.0485377599587924,0.0486897708266961
2022-06-14,0.0506867989587955,0.0506947663705708,0.0507279639196345,0.0508049822334622,0.0509286187142918,0.0511864979914992,0.0511643866461927,0.050798365779539,0.050576920464126,0.0504485655867954,0.0502560497128469,0.0501884058267062,0.0500756565640274
2022-06-15,0.0498098577451008,0.0498106350358551,0.0498138737473309,0.049821387557955,0.0499250198531847,0.0504055914432734,0.0505848148581442,0.0502595219462962,0.0500632408747738,0.0499509885032317,0.0497874201629705,0.0497533379394331,0.0496965294709441
2022-06-16,0.048414215900952,0.0484132164882707,0.048409052268765,0.048399391279512,0.0483866357317887,0.0483682650449777,0.0482147072923948,0.0479838630359011,0.0478690114074769,0.0478305855523265,0.0477963721087003,0.0478938375109173,0.0480562934675991
2022-06-17,0.0489129886142257,0.0489164310953837,0.0489307747668751,0.0489640520847353,0.0490187548080764,0.0491374237638714,0.0490325120348368,0.048700584638884,0.0485050010620379,0.0484002785846489,0.0482745826556868,0.0483801917830077,0.0485562217528534
2022-06-20,0.0489223671855181,0.0489307257026967,0.0489655528576076,0.0490463518570008,0.0492214121728518,0.0497554044968545,0.0499569915082919,0.0495667654217565,0.0493338033305077,0.0492092819647133,0.0490718207850611,0.0492653017291627,0.0495877970060379
2022-06-21,0.0492229734990829,0.0492290841123601,0.0492545450010155,0.0493136142626958,0.049464740274079,0.049999051811638,0.050256892001126,0.049955019579409,0.0497887122425178,0.0497169520954354,0.0496662586146187,0.0499249021707375,0.0503560109066901
2022-06-22,0.0488750157617238,0.0488855743969609,0.0489295687104491,0.0490316355177417,0.0492372234895297,0.0498397734837082,0.0501769331661479,0.0499084855409184,0.0497880907412245,0.049772133350727,0.0498312045459513,0.050250019540532,0.050948103056012
2022-06-23,0.0469011158342735,0.0469091232726317,0.0469424875991241,0.0470198928365866,0.0471432670740246,0.0474010619093204,0.0475905540294038,0.0475503203284175,0.0476043347085105,0.0477256014225517,0.0480174622177362,0.0486354404145394,0.0496654904311255
2022-06-24,0.0469599169121205,0.0469785389938165,0.0470561310008833,0.0472361444572782,0.0474704543439378,0.0477252813906761,0.0478143322897965,0.047602742647283,0.0475400865158583,0.0475848914175057,0.0477521919895952,0.0482888489491842,0.0491833522067187
2022-06-27,0.0470068799494478,0.047023663725599,0.047093596126229,0.0472558392956905,0.0474749698161968,0.0477289559299221,0.0478641085780157,0.047724014886058,0.0477206347463544,0.047819282736808,0.0480648385271119,0.0486142211148712,0.0495299355309477
2022-06-28,0.0457962046524761,0.0458068434207317,0.0458511716217966,0.0459540130482672,0.0461458711318438,0.0467059863347176,0.0470911926119164,0.0469284196855163,0.0468972945380924,0.0469655188363237,0.0471499450011023,0.0476077900700092,0.048370929163364
2022-06-29,0.0457894419859793,0.0457975096962002,0.0458311251554542,0.0459091130209233,0.0460432161419498,0.0463845687167955,0.0465563182370731,0.0463422180774919,0.0462742145819663,0.0463176987971199,0.0464690321152589,0.0469407789258785,0.0477270895313608
2022-06-30,0.045598418781785,0.0456108409765506,0.0456626001214075,0.0457826813374754,0.0459627776577903,0.0462742485129638,0.0464686908659279,0.046336260264757,0.04632310632462,0.0464019993728473,0.0466167126210717,0.0471567059936477,0.0480567704057185
2022-07-01,0.0454622732917232,0.0454747398939526,0.0455266840699086,0.0456471945581265,0.0458392925472359,0.0462480730493119,0.046611244244981,0.0466249776109521,0.0467357703356304,0.0469223183908198,0.0473683621093444,0.048318561363598,0.0499023595666206
2022-07-04,0.0454595534111544,0.0454720043336367,0.045523883177313,0.0456442420946422,0.0458343405555534,0.0462290434265109,0.0465861049904277,0.0465994935737383,0.0467086113515023,0.0468949776525336,0.0473395229792026,0.0482888093637143,0.049871085989604
2022-07-05,0.0450571887962348,0.0450741361386828,0.0451447500655496,0.0453085743758806,0.0455515471155167,0.0459190656428296,0.0462360155391076,0.0462167201722215,0.0463097297971167,0.046494368881159,0.046942984474606,0.0479301214670625,0.0495754877287081
2022-07-06,0.0449625077409768,0.0449794219153541,0.0450498976419263,0.0452134013275738,0.0454471500642497,0.0457038479692827,0.0459331914099528,0.0459316438245658,0.0460300453676708,0.0462109047411103,0.046645172094908,0.0475858782282855,0.0491538532366282
2022-07-07,0.0453456000032104,0.0453510327725884,0.0453736693116636,0.0454261860823182,0.0455251338764441,0.0458947618512465,0.0461757296162222,0.0460793909868501,0.0460855930992965,0.0461773190790938,0.0464391444449709,0.0471465924867804,0.048325771414078
2022-07-08,0.0450244692606346,0.045043095434781,0.0451207044937242,0.0453007575104723,0.0455675990390792,0.0459330444233219,0.0462081587352954,0.0461038343831858,0.0461002717212814,0.0461816810996573,0.046409546111842,0.0470143488231389,0.048022437856094
2022-07-11,0.0454561925853762,0.0454730618331408,0.0455433503654936,0.045706419760552,0.0459548781121356,0.0463485552795965,0.0466798809939184,0.0466192116569207,0.0466465477783867,0.0467505982941767,0.0470149308292891,0.0476435826617008,0.0486914235624839
2022-07-12,0.0450189304130936,0.0450375271152849,0.0451150133744153,0.0452947814955978,0.0455656674673478,0.0459305485232307,0.0462226816551509,0.0461342734530056,0.0461442403338883,0.0462409070245243,0.0465116080350769,0.0472393249786404,0.0484522882412039
2022-07-13,0.0441349555700626,0.0441325677625936,0.0441226185648065,0.0440995364259404,0.0440878205934104,0.0445154680004047,0.0448256981851281,0.044656308162275,0.0446113921162111,0.044677382519724,0.0448874049740848,0.0455291984698027,0.0465989439791569
2022-07-14,0.04550609329737,0.045516792967501,0.0455613749263805,0.045664805070981,0.0458288108293295,0.0461966648913084,0.0463879198426925,0.0460938698297064,0.0459549318310181,0.0459557145771025,0.046056690696931,0.0466273432532159,0.0475785105890651
2022-07-15,0.0451115747558316,0.0451179155147356,0.0451443353435023,0.045205629346241,0.0453042784602484,0.0455639416089132,0.0456805340467053,0.0454339820646826,0.0453258609786398,0.045343814411891,0.0454586621148323,0.0459661656469306,0.0468120757847956
2022-07-18,0.0450152221309158,0.0450250884179522,0.0450661979472708,0.0451615720552898,0.0453102568162737,0.0455689423682219,0.0456894168545404,0.0454400730395785,0.0453296468778233,0.0453499733117113,0.0454777275608724,0.0460472305169512,0.0469964816918135
2022-07-19,0.0451587154835662,0.0451668232189245,0.045200605449584,0.045278980224714,0.0454021209258784,0.0456613922127776,0.0457866852834848,0.0455415653722524,0.0454304931066073,0.0454469803236299,0.0455712854584336,0.0461568141029406,0.0471327769979198
2022-07-20,0.0456459508159088,0.0456540911787195,0.0456880093570976,0.0457666995309347,0.0458902740690076,0.0461502497893211,0.0462674081822064,0.0460008875249849,0.0458796075013918,0.0458980617528043,0.0460254573124297,0.0466147895343326,0.0475970922564773
2022-07-21,0.0461561697496165,0.046164238698319,0.0461978593179128,0.0462758591553706,0.0463982997607657,0.0466570727344875,0.0468005319484311,0.0465840188051796,0.0464938000860193,0.0465264293179128,0.0466639951799138,0.0471908760220122,0.048069084384297
2022-07-22,0.0461537162700529,0.0461617902196949,0.0461954316765364,0.0462734798564088,0.046395934759312,0.0466547994139318,0.0468270356188489,0.0466634868670294,0.0466343965002336,0.0467375469758968,0.0470173517414551,0.0477652528895056,0.0490118593133879
2022-07-25,0.0454612069264157,0.0454759421554937,0.0455373389433187,0.0456797794910726,0.0459032637987555,0.0462590891140274,0.0465422531052387,0.0463988686769234,0.0463879701466694,0.0465117305036971,0.0468335449836044,0.0476553279262056,0.0490250809984585
2022-07-26,0.0464867673376197,0.046489571606522,0.0465012560602815,0.0465283639930036,0.0465708954046883,0.0469899923680957,0.0473121803055491,0.0470958571100367,0.0470367046469462,0.0471390538254107,0.0474317747092582,0.0482755438747743,0.0496819437242037
2022-07-27,0.045989603190605,0.045993413080711,0.0460092876228189,0.0460461165605095,0.0461038998937826,0.0463626662599114,0.0465079011661227,0.0462623738971898,0.0461744636275068,0.0462502940510463,0.0464923749884282,0.0472742909744926,0.0485775935482419
2022-07-28,0.0467664172447448,0.0467725573109669,0.046798140920226,0.0468574948937069,0.0469506192314098,0.0472127532503014,0.0474549675930958,0.0474001438891688,0.0474919198375464,0.0477376987277297,0.0482928874825311,0.0494225482963385,0.0513054741762775
2022-07-29,0.0458448525421625,0.0458443489376566,0.0458422505855484,0.0458373824086576,0.045829744406984,0.0462169884049382,0.0465419778567221,0.0463625989676167,0.0463485624411001,0.0465101138456332,0.0469203743142467,0.047945472059844,0.0496541115479634
2022-08-01,0.0458432469639994,0.0458427519435773,0.0458406893584853,0.0458359041610717,0.0458283963513366,0.0462089657634953,0.0465223597564318,0.0463014416103544,0.0462605737571884,0.0464173092027986,0.0468207178634667,0.0478582205731862,0.0495875367349583
2022-08-02,0.0445535562662469,0.0445309524799065,0.0444367700368216,0.0442182667688645,0.0438754426760354,0.0437850276840944,0.043599590006733,0.0433228897583739,0.0432240755713737,0.0433226357991383,0.0436146465938716,0.0445123319931339,0.0460085997663052
2022-08-03,0.0458206714666666,0.0458202826782275,0.0458186627263982,0.0458149044381541,0.0458090078134953,0.0458015494665666,0.04562824716033,0.0452762189570006,0.0450997619176562,0.0451202499719738,0.0452569315993412,0.0459291135640035,0.0470495107680325
2022-08-04,0.0468022529090309,0.0467941236091036,0.0467602515260735,0.0466816682934435,0.0465583739112137,0.046514081001666,0.0462809394905888,0.045847691704191,0.0456035707437414,0.0455739374666745,0.0456393994687597,0.0463510815938057,0.0475373179181611
2022-08-05,0.04600497160525,0.0460048765627612,0.0460044805523912,0.0460035618083329,0.0460021203305863,0.0462539277541231,0.0463063779020273,0.0457980418305732,0.0454856765284518,0.0453980095804085,0.0453519111493778,0.0459233070249257,0.0468757133300832
2022-08-08,0.0461302814100234,0.0461258164284123,0.046107212338366,0.0460640508494587,0.0459963319616904,0.0463575813336945,0.0465598313962386,0.0460327070031779,0.0457079349057945,0.0456229792774629,0.0455812896887209,0.0461691399304677,0.047148972478596
2022-08-09,0.0480614278308966,0.0480639309476359,0.0480743606007162,0.0480985573958624,0.0481365213330747,0.0474966178832608,0.0464609347830872,0.0458899113635144,0.0455265215180242,0.0454119342094894,0.045315925449339,0.0458526501642778,0.0467472663568631
2022-08-10,0.0482155198073407,0.0481960377000055,0.0481148622527756,0.0479265352152023,0.0476310565872856,0.0470082387551323,0.0461221205825933,0.0456662658675854,0.0454037743011323,0.0453755754627325,0.045442014380344,0.0461745162522764,0.0473954550640926
2022-08-11,0.0468418674768128,0.0468084891712722,0.0466694128981861,0.0463467559446264,0.0458405183105932,0.0460562293198099,0.0462597277244929,0.0458205219997463,0.0455706601874973,0.0455527755164191,0.0456322235906387,0.0463496561114651,0.0475454772323385
2022-08-12,0.0463202512382252,0.0463044197124092,0.0462384550215092,0.0460854169386211,0.045845305463745,0.0461098244827791,0.0463098153246241,0.0458696071425769,0.0456147081433678,0.0455893703638843,0.045655725322502,0.0463677370520286,0.0475545227632436
2022-08-15,0.0465397110358741,0.0465292482356152,0.0464856532345366,0.046384512832034,0.0462258270281077,0.0461881684669845,0.0459636317458421,0.0454388822613008,0.0451186407466242,0.0450603193955943,0.0450727340100064,0.0457830702106008,0.0469670631394598
2022-08-16,0.0473319189075936,0.0473256638712695,0.047299601219919,0.0472391358687859,0.04714426781787,0.0469287216234772,0.0464607517191268,0.0459497728391027,0.0456474207108254,0.0456152608253373,0.0456673682664557,0.0463745675117224,0.0475533317433488
2022-08-17,0.0473552156982504,0.0473508237311482,0.0473325238682223,0.0472900681862342,0.0472234566851838,0.046970149095536,0.0463971949742002,0.0457823276849469,0.0453867425685194,0.0452783182446463,0.0451940551103479,0.0457898009322204,0.0467827938838734
2022-08-18,0.0478003459393378,0.0477861793768556,0.0477271520331798,0.0475902085958521,0.0473753490648723,0.0468932892433439,0.0461132974424519,0.0455880802656082,0.0452560655341902,0.0451799039129069,0.0451483822984089,0.0457643976260455,0.0467911759197323
2022-08-19,0.0480443535135199,0.0480328068037823,0.0479846955132087,0.0478730773190779,0.04769795222139,0.0472038955384154,0.0464090361934171,0.0459288051830446,0.0456286695583168,0.0455697144492763,0.0455592893519393,0.0461386446414548,0.0471043177487939
2022-08-22,0.0481186868222337,0.048104573330186,0.0480457671133204,0.0479093366901923,0.0476952820608015,0.0471926545503227,0.0463834406987693,0.0458731192537395,0.0455507867345525,0.0454888244641036,0.0454714538147438,0.0460499301157018,0.0470141381192831
2022-08-23,0.0496072353420825,0.0496027123440173,0.0495838665187454,0.0495401442041147,0.049471545400125,0.049287605338432,0.048877343821719,0.048429722914074,0.0481592127799694,0.0481367921814483,0.0481789676102069,0.0487400192033051,0.0496751835922203
2022-08-24,0.0496263025823831,0.049612666295348,0.0495558484327016,0.0494240309913619,0.0492172139713291,0.0488531378192001,0.0482740287628429,0.0478642729420758,0.047623583667443,0.0476224073646913,0.0476986205947091,0.048266137649428,0.0492120787111841
2022-08-25,0.0499517797146033,0.0499473822237425,0.0499290593451558,0.0498865502668346,0.0498198549887789,0.0497964605082015,0.0496241013675575,0.049199147223289,0.0489454471344381,0.0489371154576537,0.0490046105182937,0.049595387923542,0.050580099486543
2022-08-26,0.0505807956751043,0.0505720156685667,0.0505354323079932,0.0504505589114627,0.0503173954789752,0.0501019368572847,0.0496416108990768,0.0490969259296339,0.0487478407971037,0.0486821856853747,0.0486539247410093,0.0492160201171622,0.0501529242903584
2022-08-29,0.0522852286368261,0.0522702693180679,0.0522079388232423,0.0520633320752469,0.0518364490740816,0.0511997484602673,0.0501439280513975,0.0495363862991251,0.049116570419329,0.048978200114792,0.0487998250218271,0.049124168288533,0.0496647857228991
2022-08-30,0.0522952492074997,0.0522951877039753,0.0522949314392905,0.0522943369052218,0.0522934041017692,0.0525110041060496,0.0525844993972418,0.0519365481531254,0.051482513568345,0.0513225428470227,0.0511041195286078,0.0513926245859404,0.0518735066633793
2022-08-31,0.0525831158707306,0.0525770371890948,0.0525517093489455,0.0524929487597993,0.052400755421656,0.0523854866528498,0.0521736825980616,0.0515382177599998,0.0510932504553691,0.0509404906640225,0.0507335171993365,0.0510263365281746,0.0515144096609915
2022-09-05,0.0524202946561886,0.0524116137397626,0.0523754432546544,0.0522915277292033,0.0521598671634093,0.0520996195582098,0.0518753632516557,0.0512653947704331,0.0508329677534071,0.0506890493996998,0.05048413355569,0.0507071109670163,0.0510787711443868
2022-09-06,0.0544118136854781,0.0544123754804084,0.0544147162926178,0.0544201469769437,0.054428667533386,0.0543613992899802,0.0540978605594607,0.0537120024969418,0.053459854682991,0.0534275507799371,0.0534125369724572,0.0537100409574904,0.0542059225052587
2022-09-07,0.0556328319760319,0.0556257907176475,0.0555964521410457,0.0555283866433296,0.0554215942244991,0.0550960382728638,0.0545169145781617,0.0541727214668708,0.0539445706432814,0.0539094512598925,0.0538930360396314,0.0542188538503719,0.0547619290641795
2022-09-08,0.0545422678655024,0.0545306229329753,0.054482102380779,0.0543695346996836,0.0541929198896891,0.0538307778840358,0.0532283503887928,0.0528268638852248,0.0525514458784272,0.0524881987189766,0.0524276108895477,0.0527697244582859,0.0533399615458983
2022-09-09,0.0542570774179698,0.0542392800934895,0.0541651245748217,0.0539930837715124,0.0537231576835616,0.0535823281651614,0.0534234791108911,0.0529729372013321,0.0526519685714049,0.0525516337737166,0.0524177847826662,0.0526600104260717,0.0530637536799569
2022-09-12,0.0540430614411816,0.0540285693363698,0.0539681855663206,0.0538280952198063,0.0536082982968271,0.0532300239206481,0.0526412352145269,0.0522462012807994,0.051969716429031,0.0519023790732129,0.0518304049754068,0.0521497040531943,0.0526819138011633
2022-09-13,0.0536780085896463,0.0536649721055294,0.0536106534217091,0.0534846340752459,0.0532869140661398,0.0531293575982688,0.0528534065223381,0.0522952313730811,0.0518801026221039,0.0517203351566497,0.0514772230716627,0.0516381828310546,0.0519064715889574
2022-09-14,0.0559489428609905,0.055939408529095,0.0558996821461973,0.0558075169378746,0.0556629129041269,0.0555633899034555,0.0553027241919594,0.0546400632045331,0.0541280273932801,0.0538880872791941,0.0534950465380165,0.0535083607006742,0.0535305528322694
2022-09-15,0.0563837190328486,0.0563742275521132,0.0563346797157156,0.0562429287352733,0.0560989746107862,0.0560185349592217,0.0557709732501164,0.05503607970096,0.0544599822354117,0.05417418412262,0.0536872526287592,0.0535501789054045,0.0533217035453587
2022-09-16,0.0572037414311807,0.0571894362769967,0.0571298314678965,0.0569915483107843,0.0567745868056599,0.0561659058356389,0.0550328439633715,0.0543102142056504,0.053741647547198,0.0534581280498467,0.0529859520752313,0.0529487767716926,0.0528868127376463
2022-09-19,0.0581586723912041,0.0581411174508953,0.0580679718662752,0.0578982741099568,0.0576320241819399,0.0574679177463906,0.0572159550665195,0.0564319905104708,0.0558050088198513,0.0554791976526478,0.0549227439954597,0.0547808949933169,0.0545444601680015
2022-09-20,0.0589471330820345,0.0589317718110506,0.0588677665152847,0.0587192742291076,0.0584862949525195,0.0581047026917236,0.0574352405910159,0.056768487999596,0.0562390172174328,0.0559761565994979,0.0555266179795831,0.0554123140396445,0.0552217915004374
2022-09-21,0.0591267871241653,0.0591093167578409,0.0590365235648228,0.0588676433570207,0.0586026761344347,0.0584347873263476,0.0581864661182319,0.0573922945256184,0.0567518214389071,0.0564135014536925,0.0558295559161224,0.0556416863078475,0.0553285440414689
2022-09-22,0.0608323646641675,0.0608117717020286,0.0607259676931168,0.0605269023924414,0.0602145758000023,0.0597341846466227,0.0589247444779467,0.0580971736551341,0.057408966997278,0.0569980872632126,0.0562665456268089,0.0558455062396857,0.0551437150924687
2022-09-23,0.0615868323576782,0.061582798652227,0.0615659915461801,0.0615269990601514,0.0614658211941409,0.0614301733734006,0.0611251465700753,0.0601636248238422,0.0593580776333674,0.058866752898392,0.0579818227111759,0.0573941997835993,0.056414746124186
2022-09-26,0.0638738475942615,0.0638608666549255,0.063806779407692,0.0636812969941102,0.0634844194141802,0.0633514623011918,0.0630497402016166,0.0620521374166667,0.0612016962288161,0.0606589684807407,0.0596614763506427,0.0588514432377146,0.0575012748568185
2022-09-27,0.0655875065620306,0.0655788497673411,0.0655427797894685,0.0654590974408039,0.0653278027213475,0.0647430260017762,0.0634573528066783,0.0626736595298768,0.0619901546310319,0.0615187537517504,0.0606405109804209,0.0598319141961372,0.0584841398970253
2022-09-28,0.0659691116644268,0.0659690407654099,0.0659687453528394,0.0659680599956759,0.0659669846939194,0.0656071054219748,0.0646238865863229,0.0639549840894873,0.0633688826305549,0.0629602922084356,0.0622078962904436,0.0615950759749114,0.0605736231478642
2022-09-29,0.065567243471599,0.065549514568383,0.0654756441383162,0.0653042647405614,0.0650353763751184,0.0646277828731951,0.0639484170107645,0.0631972442348441,0.0625355283635163,0.0620680273633807,0.0612219345816026,0.0606679258826868,0.0597445006349045
2022-09-30,0.0637036293791849,0.0636951975072441,0.0636600647074908,0.0635785566120632,0.0634506732209612,0.0633611332964086,0.0631548276767128,0.0624315497226551,0.0617994489329125,0.0613678475701748,0.060592072740681,0.0601389363138022,0.0593836456151387
2022-10-03,0.0645251150564541,0.0645211582734448,0.0645046716775726,0.0644664227751491,0.0644064115661744,0.0643655368276702,0.0641491796881758,0.0633825440209,0.0627251881667991,0.0623176203038924,0.0616121557928359,0.0614737532384468,0.0612430629743217
2022-10-04,0.0656219862576329,0.0656045307384319,0.0655317994084279,0.0653630627228187,0.0650983206816042,0.0646911061216839,0.0640048119118847,0.0632033717562716,0.0625272443926825,0.0621413228565273,0.0614848031387243,0.0614775738916804,0.0614655241364043
2022-10-05,0.0668217955478457,0.0667954370085784,0.0666856097616312,0.0664308105487139,0.0660310393698263,0.065716620460694,0.0655176116712203,0.0647322052606174,0.064061297330161,0.0636590133367842,0.0629350035378049,0.0625392385908858,0.0618795750424839
2022-10-06,0.0674285518268067,0.0673986918059555,0.0672742750524087,0.06698562818418,0.0665327512012696,0.0659222896907365,0.0651730709661625,0.0645082239640921,0.0639291801686415,0.0635540675647016,0.0628649795791628,0.0623608989977001,0.0615206942558786
2022-10-07,0.0679651066778552,0.0679477082041027,0.0678752145634674,0.0677070293171935,0.0674431524652809,0.067232125869132,0.0670274091922822,0.0662277324103894,0.0655352301983318,0.0651008458524551,0.0643136359010342,0.0638469874160321,0.0630691747323441
2022-10-10,0.0691118715513567,0.0690766168615991,0.0689297223209422,0.0685889269866182,0.0680542308586271,0.0676033494088428,0.0674036829704188,0.0665333708722732,0.0657706385433263,0.0652775467697227,0.0643832843851792,0.0638739745215113,0.0630250535786165
2022-10-11,0.0691631261217673,0.0691334748018782,0.0690099276356736,0.0687232982100791,0.0682735865250945,0.0673688013588195,0.0658825356495052,0.0651626742065725,0.0645384558232234,0.0641572358695902,0.0634644434066229,0.0630628453774267,0.0623934592101246
2022-10-12,0.0715078217042021,0.0714899128037343,0.0714152923851184,0.0712421730139296,0.0709705546901679,0.0702583252177018,0.0688535500387745,0.0681394100985556,0.0675161695157365,0.0671270172761514,0.0664125144129281,0.0659315013486049,0.0651297456920991
2022-10-13,0.0687631602870476,0.0687389471861408,0.0686380592656955,0.0684039992902625,0.0680367672598418,0.0672212575936216,0.0657400489831666,0.0649260263424059,0.0642144307297462,0.0637702307477525,0.0629574341248487,0.0624462986634305,0.0615943348025127
2022-10-14,0.069478917117361,0.0694613888266355,0.069388354281946,0.0692189141382661,0.068953068395596,0.0684087033222686,0.0673807748692208,0.0665199845876031,0.0657750037218558,0.0653365592824511,0.0645406214237548,0.0641136415863178,0.063401948858469
2022-10-17,0.0698016675589978,0.0697752937517409,0.0696654028881707,0.0694104560846877,0.069010453341292,0.0686426839698865,0.0684588514012384,0.0676141616083986,0.0668869347273015,0.0664838777440059,0.0657586181068415,0.0654641577152287,0.0649733492484678
2022-10-18,0.0696495837410739,0.069640980862665,0.0696051355359617,0.0695219743780098,0.0693914973888095,0.0691230347460033,0.0685189199281072,0.0677373268678366,0.0670684194465963,0.0667149223542315,0.066087265046706,0.0659336538500755,0.065677613723651
2022-10-19,0.069938616926313,0.0699212910095736,0.0698490996898258,0.069681615828011,0.0694188394241293,0.0690266400495327,0.0684294491187268,0.0676106758115264,0.0669013891639153,0.0665029093806486,0.0657836030029647,0.0654851434530022,0.0649876691634892
2022-10-20,0.0711946577203818,0.0711788874091758,0.0711131777791509,0.0709607314374933,0.0707215483842028,0.0704946447280855,0.0703173153056985,0.0695200984025357,0.0688317999486898,0.0684571498274905,0.0677796538482274,0.0674939403125098,0.0670177111611785
2022-10-21,0.0711036608378834,0.0710769678524166,0.0709657470796385,0.0707077148867931,0.0703028712738806,0.0695350727663161,0.0683514978397974,0.0678721941408003,0.0674705606513137,0.0672958713154642,0.0669927707304076,0.0670147437543104,0.0670513685312889
2022-10-24,0.0721416182992179,0.0721155138478149,0.0720067453003026,0.0717544022700739,0.0713584847571288,0.0707246485949147,0.0699246514032005,0.0694663933868617,0.0690884383231872,0.0689556333142963,0.0687312687867358,0.0688357217955795,0.0690098247397423
2022-10-25,0.0740106135803972,0.0739755800321626,0.0738296069145183,0.0734909492815838,0.0729596071333588,0.0724258257979335,0.0723469091626185,0.0717567710385377,0.0712676296230128,0.071091403843096,0.0708081330599122,0.0711323760287313,0.0716728262859374
2022-10-26,0.0748202027292122,0.074812177176162,0.0747787373717861,0.074701157025634,0.0745794361377056,0.0739406684831221,0.0721618376195521,0.0714463542565103,0.0708386959855017,0.0705700877214522,0.0701135322969539,0.0703134700431576,0.0706467275591325
2022-10-27,0.0802088405976975,0.0802087611573733,0.0802084301560224,0.0802076622328885,0.0802064573879714,0.0802044831287358,0.0800269290247918,0.0792906667053693,0.0786751295116832,0.0784449878893026,0.0780535181910592,0.0782309844850085,0.078526786440436
2022-10-28,0.0729185805696752,0.0729059512148165,0.072853328902905,0.0727312451392702,0.0725396999239124,0.0722782873214495,0.0719229523070265,0.0711733508387052,0.0705314876100714,0.0702387650554371,0.0697202062132562,0.0696954354495876,0.0696541473820481
2022-10-31,0.076470520148141,0.0763452617898012,0.0758233519633853,0.0746125211661004,0.0727127693979466,0.0716952803582212,0.0752252352570568,0.0744466112376574,0.0737724322465593,0.073452698885144,0.0728760610933628,0.0727474506320612,0.0725330818914127
2022-11-01,0.0745931737864879,0.0745674725102231,0.0744603838591198,0.0742119381885601,0.0738221354985439,0.0733405404931751,0.0730210249223352,0.0722844373133687,0.0716464346012262,0.071348270455908,0.0708023148513572,0.0705818635959414,0.0702144140314225
2022-11-02,0.0781066582046171,0.0780900975644047,0.0780210948968532,0.0778610087081337,0.0776098389982462,0.0772165606576277,0.076657598378417,0.0758600645473586,0.0751653141412642,0.0748305006874852,0.0742114374125051,0.0738919454171688,0.0733594141129938
2022-11-03,0.0755393362930306,0.0755233857172469,0.0754569249848148,0.0753027360855721,0.075060819019519,0.0746813445931886,0.074132436328546,0.0733014320970186,0.0725703744434234,0.0721949111714231,0.0714976455472199,0.0711072430220463,0.0704565175925562
2022-11-04,0.075049959988384,0.0750472797177434,0.0750361119234077,0.0750102026405488,0.0749695518691668,0.0745680769059307,0.073117315053658,0.0723444593003408,0.071671010508578,0.0713570003252343,0.0707857252923695,0.0706318171488361,0.0703752820694119
2022-11-07,0.076620975295944,0.0765770063481234,0.0763938023988713,0.0759687692366063,0.0753019068613284,0.0742954506538851,0.0733234628424138,0.0725814306366637,0.0719367022825545,0.0716615411371888,0.0711628225032564,0.0710823163608428,0.0709481282070255
2022-11-08,0.0813903315524412,0.0813703500431348,0.0812870937543579,0.0810939391643957,0.080790886273248,0.0799756088431023,0.0780778909498595,0.0773525664708612,0.0767258561887451,0.0764800133299411,0.0760423325669908,0.0760948277282036,0.076182326999145
2022-11-09,0.0811659635202057,0.0811442121631396,0.0810535815086976,0.0808433183903922,0.0805134228082235,0.0796695612211387,0.0777717494781935,0.0770433474160376,0.0764140535032823,0.0761740454873752,0.0757539761993924,0.0759227323479815,0.0762040161773341
2022-11-10,0.0740711473258416,0.0740362718412307,0.0738909573220183,0.0735538276374455,0.0730248827875123,0.0723978518689887,0.0723474666949629,0.0717316491510542,0.0712186701411189,0.0711166581082825,0.0709672390068201,0.0714818476401447,0.0723396006062418
2022-11-11,0.0787496273816862,0.0786634787675556,0.078304526208678,0.0774717562720822,0.076165168957768,0.0744736782172802,0.0740037355722012,0.0733409373646546,0.0727858761034314,0.0726688204304924,0.0724934918885099,0.0730380183353001,0.0739456385045055
2022-11-14,0.0781462154760969,0.0781038215482105,0.0779271801820175,0.0775173722124496,0.0768743976395068,0.0758480330150684,0.0747965109195701,0.0740854356202096,0.0734826748221825,0.0733440880959858,0.0731198229504814,0.073545271222339,0.0742544111268703
2022-11-15,0.0793284736783761,0.079315381625957,0.0792608314075442,0.0791342749008265,0.0789357121058038,0.0782868612119507,0.0764316393097777,0.0757504552561874,0.07517564667903,0.075064981022939,0.0748971063424697,0.075427519254836,0.0763116148944663
2022-11-16,0.0786582860281934,0.0786585537072706,0.078659669036759,0.0786622566011722,0.07866631640051,0.0786733266482761,0.0785317497569496,0.0777162616721966,0.0770154644887689,0.0768242149650959,0.0765063049100335,0.0769901110829801,0.0777965223108292
2022-11-17,0.0772474890598966,0.0772163038696504,0.077086365576958,0.0767849087379115,0.0763119333525109,0.0751948084452994,0.0727711113798289,0.0719891138309725,0.0713079808000376,0.0710832377868322,0.0706911756997889,0.0709714254497498,0.0714385475279862
2022-11-18,0.0790899952368859,0.0790905152162296,0.0790926817968284,0.0790977082638176,0.0791055946171971,0.0791192818243923,0.0789735592897649,0.0780668766346363,0.0772697586495921,0.0769776660383993,0.0764522464968705,0.0765677726792812,0.0767603324600695
2022-11-21,0.0790668013647924,0.079067420162299,0.0790699984852432,0.0790759801944735,0.0790853652899902,0.0791017777139216,0.0789556170331439,0.0779839049259921,0.0771174060079545,0.0767643477373469,0.0761222842288285,0.0761964124026169,0.0763199697174788
2022-11-22,0.0804562751207855,0.0804094470213021,0.0802143299401214,0.0797616583117823,0.0790514321362846,0.0773811610205444,0.0736969776655518,0.0728322820470628,0.0720582957154368,0.0717356914759396,0.0711505066427811,0.0712620956215419,0.0714480928460685
2022-11-23,0.0778199375219788,0.0779050234341903,0.0782595480684049,0.0790820452197828,0.0803725148883239,0.082115455056553,0.0818792323831513,0.0809205221414221,0.0800604555789668,0.0797010617472371,0.079027105192049,0.0787685605862605,0.0783376167813524
2022-11-24,0.0802205691923834,0.0801578803944266,0.0798966770696063,0.0792906853560232,0.0783399052536774,0.0771649281929324,0.0776847351080177,0.0766948876996346,0.0758017874744264,0.075409653884749,0.0746846564894833,0.0746102057792321,0.0744861108585282
2022-11-25,0.0797943333320018,0.0797653601404023,0.0796446385087377,0.079364564323276,0.0789251375840171,0.0781469223037305,0.0770946791790621,0.0761270169397894,0.075251976333327,0.0748663865823774,0.074155183307235,0.0741327020710697,0.0740952302026368
2022-11-28,0.0801020128455332,0.080066625413615,0.0799191777806225,0.07957709927208,0.0790403898879874,0.0781197646039845,0.0770771891320005,0.0761342914802455,0.0752776373695946,0.0749062479214384,0.0742162221336971,0.0741541004025103,0.0740505555030779
2022-11-29,0.0817115766795838,0.0816784224361303,0.0815402797550742,0.0812197887350239,0.0807169493759795,0.0797900154347852,0.0784538619182415,0.0775414786629701,0.0767126565693243,0.0763642589817525,0.075719015895246,0.0757209331918623,0.0757241289541427
2022-11-30,0.0814920514860786,0.0814927741318263,0.0814957851557754,0.0815027707313371,0.0815137308585116,0.081533332139719,0.0814052754893367,0.0803670793790007,0.0794234550157502,0.0790355943158177,0.0783159783902408,0.0783134720662334,0.078309294509325
2022-12-01,0.0814776946093834,0.0814605741965632,0.0813892391431455,0.0812237418192166,0.0809640822247764,0.080391481888007,0.0790970288019409,0.0782889583549118,0.0775644194781862,0.0773419119175738,0.0769468205312045,0.0773322714522859,0.0779747435163603
2022-12-02,0.0818671375713419,0.0818662551251536,0.0818625782660357,0.0818540479528821,0.0818406641856929,0.0818166104816341,0.0816505808979193,0.0806590292855876,0.079757566637049,0.0794098098581918,0.0787648001149647,0.078807619707355,0.0788789916782108
2022-12-05,0.0817099141082851,0.0816834450874852,0.081573157500819,0.0813172902997535,0.0809158434842886,0.0800980527515226,0.078549497222507,0.0777119473374755,0.0769514273996469,0.0766987566991909,0.0762326853993427,0.0763718941203479,0.0766039281081521
2022-12-06,0.0815983758973604,0.0815724375939289,0.0814643613296306,0.0812136243964587,0.0808202267944131,0.0795402812008108,0.0747800593631035,0.0739451841904451,0.0731814552188559,0.0728982105901433,0.0723716425202186,0.0724533909778487,0.072589649830626
2022-12-07,0.0824194931020308,0.0824109690108187,0.0823754519641018,0.0822930524157184,0.0821637703656687,0.0819723379578346,0.0818696984208508,0.0807994599865376,0.0798133133755264,0.0794091587628886,0.0786497607761871,0.078603330962701,0.0785259414521993
2022-12-08,0.0815157424348685,0.0815163597322597,0.0815189318047232,0.0815248990128386,0.0815342613566058,0.0815513351884299,0.0814409411026254,0.0803840587482537,0.0794075682869943,0.0790015722618015,0.0782374759253365,0.0781866536692075,0.0781019428071749
2022-12-09,0.0826001416488144,0.0825755649879726,0.0824731622344652,0.0822355878463278,0.0818628418235606,0.0812983624648865,0.0812433844268657,0.0802426312843865,0.0793174932271032,0.0789428540770291,0.0782374067155888,0.0782058437149272,0.0781532343032632
2022-12-12,0.0832083227327548,0.0831907897028714,0.0831177354116905,0.0829482494561508,0.0826823318362523,0.0822707227923229,0.082215456116878,0.0812814915073267,0.0804167122307341,0.0800975058007444,0.0794958700900335,0.0795217792777101,0.079564964877678
2022-12-13,0.0821092797802329,0.0820880892041729,0.0819997951372562,0.0817949529020095,0.0814735624984327,0.0808845631287065,0.0801407760500257,0.0793152052849796,0.0785550421457751,0.0783252616894763,0.0778986963016667,0.0781137699308369,0.0784722560334859
2022-12-14,0.078846071586842,0.0788289050358473,0.078757377740036,0.0785914344137538,0.0783310750570008,0.0778614581956584,0.0773214587369512,0.0765502010763671,0.0758401968961867,0.0756411957078812,0.07527106264684,0.0754575219262049,0.0757683134473232
2022-12-15,0.0814432048813264,0.0814366077500143,0.0814091197028805,0.08134534743353,0.081245290941963,0.0810071510686609,0.0802462181964023,0.0793506562977016,0.0785174972417747,0.0782201198111978,0.0776580197184076,0.0777080093134304,0.0777913322905982
2022-12-16,0.0777075016450156,0.0777076377108969,0.0777082046520691,0.0777095199555884,0.0777115836214549,0.077715419863467,0.0776327886260703,0.0767722179129377,0.0759721776698222,0.0757075328178432,0.0752078641820253,0.0752915857060567,0.0754311332785491
2022-12-19,0.0766678322369199,0.0766225651939098,0.076433952514701,0.0759963710989366,0.0753098209466166,0.0741366597881222,0.0736684264849243,0.0729761851691743,0.0723314419533156,0.0721480474960247,0.0718042245280217,0.0719944432557727,0.0723115010495401
2022-12-20,0.0784916886608412,0.0784725792899871,0.0783929569114284,0.0782082329931724,0.0779184075352188,0.077422159662954,0.0772013435585751,0.0764633077976163,0.0757716687693506,0.0755456419703202,0.0751141999250581,0.0751207281710471,0.0751316094932751
2022-12-21,0.0781573293165198,0.0781336400433761,0.0780349347386108,0.0778059384315553,0.0774466511222096,0.0768536013048082,0.0768655818054724,0.0761606758436455,0.0754983291948222,0.0752777124680585,0.0748578395291207,0.0749276029422295,0.0750438850460343
2022-12-22,0.074182061857725,0.0741660324495841,0.0740992432489972,0.0739442923036354,0.0737011796134988,0.0732629377899717,0.0728879235799408,0.072212346255439,0.0715753320343071,0.0713526601240155,0.0709286487779851,0.0710148112972582,0.0711584275362541
2022-12-23,0.0753172145601761,0.0752720757277601,0.0750839972593601,0.074647655212672,0.0739630495876959,0.0727142068595209,0.071652124786153,0.0709942192752095,0.0703719005176125,0.0701458124857022,0.0697132441945559,0.0697512489171383,0.0698145954321591
2022-12-26,0.072296451388713,0.0722723935972646,0.0721721527995629,0.0719395941488949,0.0715747176452607,0.0709916166347035,0.0715214133227378,0.0708276446583726,0.0701682769339319,0.0699381929751323,0.0694961185810567,0.0695401031019492,0.0696134167830938
2022-12-27,0.0758814119059899,0.0758877636367671,0.0759142291816721,0.0759756292458519,0.0760719638293063,0.0761919336534711,0.0755269339075089,0.074846153124805,0.0741984353388728,0.0739804130474141,0.0735615542622468,0.0736316506965283,0.0737484878821567
2022-12-28,0.0732371581141679,0.073215581838239,0.0731256806885349,0.0729171100212217,0.0725898698362991,0.0721007061144679,0.0731784274148113,0.0725089537942997,0.0718698936861377,0.0716430263135594,0.0712046003124775,0.0711948149509915,0.0711785046477914
2022-12-29,0.0751747750816886,0.0751660135268525,0.0751295070483684,0.0750448120182855,0.0749119284366036,0.0746798426356319,0.0746577245349215,0.073983472238287,0.0733389172266313,0.073114805424483,0.0726808007947901,0.0726574289695221,0.0726184726614686
2022-12-30,0.0740934478159096,0.0740724800070588,0.0739851141368471,0.073782425317956,0.0734644135503855,0.072923236398322,0.0731982600555591,0.0724971385613089,0.0718239685462203,0.0715647862897436,0.0710618470899326,0.0710188561317888,0.0709471985273974
2023-01-03,0.0743263643942661,0.0743314895625357,0.0743528444303259,0.0744023877235991,0.0744801194423553,0.0745593025645285,0.0733932593951722,0.0725956982234219,0.0718242144310399,0.071525330664403,0.0709435035873287,0.0709655247933818,0.0710022298806771
2023-01-04,0.0743862554924311,0.0743640154445981,0.0742713485786275,0.0740563614495755,0.0737190540574423,0.0730918616717889,0.0728239728833176,0.0720351298228293,0.0712715856137174,0.0709933568922107,0.0704516380812665,0.0705135487900405,0.0706167419559635
2023-01-05,0.0702054429199293,0.070206159930271,0.0702091474733618,0.0702160785733322,0.0702269532301825,0.0702481463184024,0.0702308288723033,0.0693130053406038,0.0684209993312175,0.0680545401689808,0.0673379290922937,0.0672889327805024,0.067207265414187
2023-01-06,0.0701465163851476,0.0701452018323192,0.0701397245288676,0.0701270171848598,0.070107079800296,0.0700719132099136,0.0700701145515555,0.0692101277036048,0.0683738088832849,0.0680508005975925,0.0674189660650902,0.0674205244123633,0.0674231218755792
2023-01-09,0.0709103834471129,0.0709021344776885,0.0708677637717536,0.0707880237339846,0.0706629143643815,0.0704292409785218,0.0704416001950351,0.0697053078668091,0.0689880964893766,0.0687844050706929,0.068386889783303,0.0686069553204429,0.0689737619672688
2023-01-10,0.0701996283276759,0.0701867450198879,0.0701330645707711,0.0700085259288202,0.0698131290940351,0.0694451325330808,0.0694597897313011,0.0687180631938176,0.0679941156818173,0.0677897384660157,0.0673895596495515,0.0675589440075304,0.0678412749403176
2023-01-11,0.0702778922925563,0.0702692191072451,0.0702330808351149,0.070149240043773,0.0700176967332193,0.0697683656147105,0.0697704476019756,0.0690411633235754,0.0683278907120701,0.0681262138584726,0.0677302841196272,0.0678642688416978,0.0680875954346181
2023-01-12,0.0701545777990883,0.0701464365885413,0.0701125148779288,0.0700338165093077,0.0699103414826781,0.0696754398675873,0.0697015257847013,0.0691056054119601,0.0685234427023931,0.0684263520200696,0.068237815739163,0.0685646632343564,0.0691094547328053
2023-01-13,0.069946918877443,0.0699402281685757,0.0699123502149621,0.0698476733625785,0.0697461976114248,0.0695742079303216,0.0704716876603236,0.0697239489423212,0.0689910393222805,0.0688400541792685,0.0685440405658962,0.0688157994021255,0.0692687687709696
2023-01-16,0.0684470235367801,0.0684420684336932,0.068421422170831,0.0683735228409907,0.0682983704441723,0.0681592215951302,0.068616461566208,0.0678507798481073,0.0670949185216105,0.0669194433615702,0.0665723618386716,0.0667519824317774,0.0670513751868372
2023-01-17,0.0684806128686823,0.0684760743323245,0.068457163764167,0.0684132912460417,0.0683444567779485,0.0682171356607976,0.0687892715965751,0.0680974892043344,0.0674134134890796,0.0672763900073609,0.0670052346160956,0.0672274068344184,0.0675977249109334
2023-01-18,0.0666593388009476,0.0666604861316554,0.0666652666762715,0.0666763575397808,0.0666937587221832,0.0667286551953384,0.066764706938777,0.0661285416299378,0.0654986400896645,0.0654250197624798,0.0652801429786249,0.0657063692153406,0.0664168058366803
2023-01-19,0.0659392433234299,0.065931353452647,0.0658984789910514,0.0658222102401496,0.0657025471999417,0.0654603309969491,0.0649477264770843,0.0643061581318371,0.0636692817834287,0.063586405386349,0.0634225453586637,0.0638647527579735,0.0646018268834844
2023-01-27,0.0675392426176974,0.0674953846595215,0.067448720316841,0.0673404590418222,0.0671706008344652,0.0668271512723367,0.0659949141287794,0.065273587941825,0.0645539434882812,0.0643700098566897,0.064017023449672,0.0642735111493562,0.0647070360224003
2023-01-30,0.0668240515078557,0.066807198365739,0.0667635585565813,0.0666648837555802,0.066510066395389,0.0661970290956616,0.0647333270602089,0.0639385954527497,0.0631593654661639,0.0629275269296211,0.0624883828066775,0.0626214796212915,0.0628530396656275
2023-01-31,0.0656212783304069,0.0655998115631536,0.0655515936436928,0.0654480451583958,0.0652855811556024,0.0649570825125915,0.0645621466007942,0.0638149325481328,0.0630587973645349,0.0628588189215983,0.0624869823203652,0.0626916847701103,0.0630434163390676
2023-02-01,0.0667295623855494,0.0667109523219015,0.0666511685853925,0.0665180883639501,0.0663092900854801,0.0658871045553869,0.0636126097452304,0.0628807908510087,0.0621935641792144,0.0620289356534039,0.0617291207508523,0.0619666628465357,0.0623731576721346
2023-02-02,0.0657936623112443,0.0657582954026097,0.0656964676799315,0.0655908254204964,0.0654250763582794,0.0650899353973132,0.0632626949577879,0.0625589231395964,0.06189119982794,0.0617393886890723,0.0614678287497588,0.0618109363465956,0.06239552373197
2023-02-03,0.0647072392357367,0.0646711355842932,0.0645870128661055,0.0644303074743498,0.0641844421183192,0.0636873077720596,0.062512729654838,0.0617767748107082,0.0610560293201403,0.0608545392957126,0.06048686273464,0.0606943067547801,0.061054093021054
2023-02-06,0.0674891159067223,0.0674700105339118,0.0674048266414525,0.0672693452532975,0.0670567796270542,0.0666269766025624,0.0666237822562557,0.0657444450301253,0.0648262603872795,0.0644790647136829,0.0638336152781397,0.0637013407117612,0.0635002156207203
2023-02-07,0.0676362556837829,0.067605710397778,0.0675192961981272,0.067372134717045,0.0671412434277609,0.0666743863153623,0.0662673723648707,0.0653699214403118,0.0644491168882564,0.064093330858876,0.0634335656560623,0.0633089805815825,0.0631227023985217
2023-02-08,0.0649042700479663,0.0648872753172844,0.0648154214188514,0.0646471079426379,0.0643830299023719,0.063849069908867,0.0627707949213083,0.061908068703886,0.0610560364830756,0.0607528377477962,0.0602000619396169,0.0601398961937059,0.0600598249300518
2023-02-09,0.0656067845031952,0.0655598688615474,0.0654089876325293,0.0651402437238741,0.0647185937982255,0.0638660269155954,0.0627803205190304,0.0618489572079236,0.0609241143941928,0.0605460087944097,0.059846519611276,0.0597157469610797,0.0595233601220042
2023-02-10,0.0649038675099466,0.064880806806747,0.0647971888659652,0.0646298966356425,0.0643674208949638,0.0638367007160091,0.062762694762869,0.0618470970516734,0.0609403968897679,0.0605882765729513,0.0599449435523627,0.0598801608771641,0.0597986762160023
2023-02-13,0.0649238897415081,0.0649007560659721,0.0648140186228389,0.0646463797479376,0.0643833601338682,0.0638515402548709,0.0627765919530272,0.0617807055086678,0.0607901344906416,0.0603748226882233,0.0596179932684791,0.0594485032537191,0.0591990005596572
2023-02-14,0.0659346596104251,0.0658947491036484,0.0657625219545921,0.0655962608882449,0.0653354030082863,0.0648079541081502,0.0637378164892564,0.0626462131127891,0.061553473200889,0.0610642005679499,0.0601668234156162,0.0598737091125787,0.059422799145741
2023-02-15,0.0669561475006683,0.0669106734850891,0.066746898294939,0.0664936402363736,0.0660962870755209,0.0652928477173132,0.0644567578123489,0.0633707700383243,0.0622636988044012,0.0617653993446329,0.06085449263964,0.0604982308181702,0.0599421392666097
2023-02-16,0.069676749619329,0.0696589795941197,0.0695848354543576,0.0694122103515303,0.0691413675177841,0.0685937292605389,0.0682855743101932,0.0672668331519326,0.0661919856679866,0.0657105325304463,0.064834890129837,0.064480374012606,0.0639268089225875
2023-02-17,0.0682894584859472,0.0682546430262426,0.0681270468004416,0.0679593565231013,0.0676962562603778,0.0671642733115742,0.066740685667299,0.0657791380642983,0.0647729225250431,0.0643321594096,0.0635373692437235,0.0632194216803029,0.0627249053706358
2023-02-20,0.0703115209784067,0.0702669271953853,0.0700970312920425,0.0699735808904893,0.0697798914673627,0.0693882557107111,0.0702077998803413,0.0693214137510993,0.068276533761173,0.0678176573991746,0.0670010600633321,0.0666442486621925,0.0660888753250641
2023-02-21,0.069009300882991,0.0689639938835894,0.0687831686386806,0.0685758646364591,0.0682506118053874,0.0675929577293743,0.0669009557384218,0.0659436937121905,0.06495802822167,0.0645148301970203,0.0637255924998171,0.0633340102551594,0.0627185166483432
2023-02-22,0.0709179458129245,0.0708763298386655,0.0707061117461317,0.0704883684072572,0.0701467366169542,0.0694559646453525,0.0675404219931659,0.0664843370714307,0.0655126653348478,0.0650713631555684,0.0642872106309999,0.0639081500501969,0.0633150413952353
2023-02-23,0.0718439143290145,0.0718092960268388,0.0716650531011067,0.071498235058619,0.0712365033023022,0.0707072874433759,0.0706665635319953,0.0697028538204284,0.0686416058087545,0.0681278688460203,0.0672056222692971,0.0667032612903122,0.065910127637845
2023-02-24,0.0718608431632642,0.0718261281981852,0.0716814825103563,0.0715113162549624,0.0712488843437843,0.0707182527871167,0.070672910607247,0.069583015058885,0.0683798903288037,0.0677699961233677,0.0666681390818528,0.0661045346711517,0.0652215262078436
2023-02-27,0.0742962960095788,0.0742963690643981,0.0742966734594787,0.074297049957186,0.0742976023516119,0.0742987192810005,0.0743057069121827,0.0731988328921051,0.0719706037229203,0.0713743500472438,0.0703201473631633,0.0698860873027174,0.0692275971486746
2023-02-28,0.0740708153335219,0.0740534475444075,0.0739810817564307,0.0738900170653305,0.073758510847426,0.0734926081650695,0.0734681811006023,0.0724248135635074,0.0712606751460353,0.0706950420014556,0.0696988043409365,0.0692815102168862,0.0686487435392172
2023-03-01,0.0738574593131271,0.0738355425903442,0.0737442229120822,0.0736863533312881,0.0736234358297686,0.0734962180244983,0.0727271560859193,0.0715642851018703,0.0703618362817055,0.0697630827177035,0.0687058839672785,0.0682459444997665,0.0675467779951209
2023-03-02,0.0757817539728475,0.0757817203661895,0.0757815803384478,0.0757813987279615,0.0757811446368361,0.0757806308701651,0.0757856456768831,0.0746974013819943,0.0734751418820147,0.07284458932767,0.0717250582734574,0.0711264566947865,0.0701952275766933
2023-03-03,0.074794509910028,0.0747945226115883,0.0747945755347561,0.0747946452376656,0.0747947412745081,0.0747949354588929,0.0748008641406775,0.0736800105483124,0.0724171463823755,0.0717516933508066,0.0705678423361285,0.0698601340179911,0.0687480171711997
2023-03-06,0.07228363130851,0.0722427439947996,0.0720723801876728,0.0718343592206367,0.0715186455788723,0.0708802795339859,0.0685977054193229,0.0672685170416584,0.0660884190080349,0.0654606310455293,0.064352566505972,0.0636774948535197,0.0626195247778837
2023-03-07,0.0725900589089227,0.072535907526854,0.0723102767682346,0.0720781881393833,0.0718333074070145,0.0713381639481588,0.070578682417728,0.069397549923356,0.0681532688196274,0.0675018348621381,0.0663614920215178,0.0657338273246408,0.064763191623978
2023-03-08,0.0728426532724698,0.0727885008581903,0.0725628657986923,0.0723244592904596,0.0720796161519323,0.0715845487069979,0.0708245028370186,0.069511620094846,0.0681150488924749,0.0673675016387469,0.0660549451168469,0.0653182387910207,0.0641783059629248
2023-03-09,0.0741346450216668,0.0741084354136093,0.0739992287133695,0.0738090800120268,0.0735422991398003,0.0730028740794742,0.0729108328623676,0.0717528806698425,0.0704173428618904,0.0697129974877637,0.0684863434288895,0.0677681620556486,0.0666530843231651
2023-03-10,0.0701366631703522,0.0700255156716721,0.0695624010938385,0.0690687591653381,0.0686121228968773,0.0676888143980115,0.0664841184779728,0.0654387913204914,0.064403752449959,0.0639040920960054,0.0630630279307346,0.0626099115632958,0.0619150880045607
2023-03-13,0.0684119006098099,0.0684118974229924,0.0684118841445863,0.0683039790679006,0.0680585167684698,0.0675621973937966,0.0678403724879503,0.0672775619328121,0.066546260353035,0.0662458144607124,0.0657817022593861,0.0656892629392123,0.0655833325161586
2023-03-14,0.0619888231088549,0.0619890380330652,0.061989933550608,0.0618755134538663,0.0616069451770263,0.0610639060238553,0.060939199173,0.0601246226634127,0.0591703536887382,0.0587044978423426,0.057931442643451,0.0576540523032364,0.0572635273442095
2023-03-15,0.0634634283097602,0.0634441207177985,0.0633636724179581,0.0632326778466879,0.0630731023267616,0.0627504441326248,0.0599172332599878,0.0590970294955092,0.0586795587806034,0.0585844735695144,0.0585014216533969,0.0586692929567096,0.0589734054189541
2023-03-16,0.0578321345651088,0.0581155262510274,0.0592963249423552,0.0602769690768677,0.0602493573005311,0.0601935268956306,0.0589730321127042,0.0580496946896057,0.0572106153996757,0.0568879649052709,0.0564181172893,0.0564963089721794,0.0566930194910921
2023-03-17,0.0640201174944312,0.0639917834126688,0.0638737247386587,0.0636784189847982,0.0634473444018376,0.0629801166736535,0.0623999214226259,0.0617352476495229,0.0610451342787577,0.0608125465718707,0.0605062546683823,0.060688977164956,0.0610490640122376
2023-03-20,0.0561404663470338,0.0564277079807224,0.0576245481210916,0.058811112765398,0.0587827773065584,0.0587254836315419,0.0575202542066245,0.0566984028244519,0.0559869695912567,0.0557059882666763,0.0553033487265483,0.0553483392473642,0.0554827283910143
2023-03-21,0.0555933134306391,0.0555934529369138,0.0555940342130582,0.0555950099441096,0.0555960655550896,0.055598199977291,0.0556063147208073,0.0549837663283358,0.0542400137407901,0.0539359780964385,0.0534940539263362,0.053483161786274,0.0535257892544912
2023-03-22,0.0566397428450633,0.0566213980369911,0.0565449613366901,0.0563740686565815,0.05611474494741,0.0555903981068874,0.0552286279458279,0.0545492438980722,0.0537820887488791,0.0534492283839346,0.0529509808061414,0.0528275425978619,0.0526810209845911
2023-03-23,0.058082095020301,0.0580820503970108,0.0580818644666349,0.0580815449209617,0.0580812072998832,0.0580805246374827,0.0580852620190768,0.0576942619136766,0.0572239631346346,0.0571217019610422,0.0570619812946902,0.0574600354769834,0.0581706353567656
2023-03-24,0.0549095066348202,0.0549010544402,0.0548658369626161,0.0548259171333046,0.0548288430804223,0.0548347592811876,0.0548479667717075,0.0544800543949925,0.0540344372196374,0.0539452198728796,0.0539098140579457,0.0544156506310972,0.0553137472037027
2023-03-27,0.0541137946700725,0.0541123080443701,0.0541061137706105,0.0540987882081788,0.0541008990861114,0.054105167234898,0.0541163001781413,0.0536680362272741,0.0531205487123148,0.0529451274307976,0.0527525057245093,0.0529773913184299,0.053405397246508
2023-03-28,0.0548697262717414,0.0548470968733886,0.0547528077135854,0.0546749606006776,0.0548446376647161,0.0551877209590356,0.0548707309137024,0.0542660701748779,0.053645813770749,0.0534179206897,0.05313215863427,0.0532831007397168,0.0535956577597111
2023-03-29,0.0563000923050451,0.0562940384068516,0.0562688138310453,0.0562596054980718,0.0563547652981214,0.0565471763223975,0.0566189453105472,0.0560912700861173,0.0554447247342866,0.0552013931910105,0.0548927375383354,0.0550702763261308,0.0554346778484916
2023-03-31,0.0570798342637772,0.0570799154977553,0.0570802539726641,0.0570808899721399,0.0570815046176055,0.0570827474172284,0.0570903539776949,0.0564882992223358,0.0557444762058274,0.0554341101254455,0.0550118632957024,0.0550730308244023,0.0552516371683539
2023-04-03,0.0542233707776416,0.0541933831339295,0.0540684346184622,0.0539084749461956,0.0540759150030096,0.0544144751178863,0.0542010201770642,0.053598016161284,0.0529521031493368,0.0527180336891926,0.0524488124027681,0.0527528445330037,0.0533414169289271
2023-04-04,0.0541013466517519,0.0540773900712235,0.0539775709856882,0.0539370763293026,0.0545397788361277,0.055758430058719,0.0536556734047827,0.0526111924087011,0.0521073761984932,0.0519691423092174,0.051872346388052,0.0522518689449724,0.0529460176097371
2023-04-05,0.0544141726174526,0.054405873000905,0.0543712912652898,0.0542903438034434,0.0541606237561017,0.0538983326713668,0.0538147139940658,0.0534723830864869,0.053036905838324,0.0529566947160868,0.0529739055345751,0.0535719318890092,0.0546368559975299
2023-04-06,0.0522981764503505,0.0522638132149112,0.0521206330672474,0.0517884551246672,0.0512672793871708,0.0502134735003648,0.0481233719546475,0.0460326131885803,0.0439421830326881,0.0418517528767958,0.0376708925650113,0.0313999307075095,0.0209474513178732
2023-04-07,0.0522305241119648,0.0522140276552277,0.052145292418823,0.0519845508764815,0.0517266147997481,0.0512050737215177,0.0510265751546274,0.0505165395244129,0.049861723922835,0.04961855042405,0.049345121755511,0.0496269400569771,0.050181485032878
2023-04-10,0.0543211384063463,0.0543215675703477,0.0543233557536867,0.0542830333550876,0.0539523040475203,0.0532835766563951,0.0530289457717132,0.0525272152208771,0.051877405868817,0.0516269791909382,0.0513432118880456,0.0515580475917362,0.0519980172021472
2023-04-11,0.0524770094390669,0.0524373217443877,0.0522719563498907,0.0519625592497615,0.0519748843023784,0.0519998052878893,0.0516109857017486,0.0509390664097746,0.0502219932227842,0.0499184610328389,0.0495398563646024,0.0496916457934096,0.0500379263625095
2023-04-12,0.0531406960818917,0.0530921615900046,0.0528899345404749,0.0524577500686689,0.0520581823846158,0.0512502653091678,0.0509474075150749,0.0504768721693116,0.0498551068102342,0.049620982627916,0.0493703573800568,0.0495995996928303,0.0500612090379717
2023-04-13,0.0544414391092493,0.0544142485113777,0.0543009543535793,0.0540427485310657,0.0536772392128628,0.0529381874046284,0.0526519064600865,0.0522401537494955,0.0516951267773018,0.051527050960232,0.051405920759649,0.0517385902210103,0.0523615746750329
2023-04-14,0.0546945916198842,0.0546695456633061,0.0545651875108976,0.0543272154247259,0.0539944309118172,0.053321547940661,0.05301601033004,0.0525138337130475,0.0518666508253494,0.0516211093393903,0.0513627796886213,0.0516146799515185,0.052120820837321
2023-04-17,0.0543996836002608,0.0543755244252894,0.054274861196242,0.054038787015692,0.0536262269592478,0.0527920395923717,0.0523837755129654,0.0518467180254258,0.0511540224600621,0.0508668870168909,0.0505388490618797,0.0507434315349533,0.0511821544867864
2023-04-18,0.0544557095080482,0.0544217256347612,0.0542801261627321,0.0539770538833302,0.0540403575824511,0.0541683562707833,0.0542500980620398,0.0537209147908495,0.0530179198158088,0.0527331706917772,0.0524215157640494,0.0526623595457132,0.0531644313434628
2023-04-19,0.0550372266710705,0.0550168656405624,0.0549320280134451,0.0547403052651916,0.0545862128844605,0.054274641477268,0.0540486000331655,0.0534582182489375,0.0527138316274642,0.0523861788959278,0.051991706874758,0.0521469813462837,0.0525132573359653
2023-04-20,0.051693587194628,0.0516492794680594,0.0514646639406899,0.0510414438552988,0.0506009445194974,0.049710264543811,0.0493706603771127,0.0489008882920935,0.0482437394215506,0.0479742231151046,0.0476814841169457,0.0479402637038538,0.0484732555409878
2023-04-21,0.0525126663260864,0.052478658427112,0.052336958848052,0.0520139829997253,0.0520230094653668,0.0520412607805101,0.0520727878334181,0.0515726136481779,0.0508996887628411,0.0506165568310602,0.050301681176676,0.0505192775704951,0.0509837055893952
2023-04-24,0.0536774688109366,0.0536631365832314,0.0536034189677928,0.0534648740999754,0.0533604834350144,0.0531545414231766,0.0530721335574716,0.0525917130541144,0.0519384028401254,0.0516742559523192,0.0514082554075406,0.0516647952060141,0.0521926239056497
2023-04-25,0.0529428102755492,0.0529125701425017,0.0527865695881373,0.0524942483020119,0.0525669304627259,0.0527505169378593,0.0531929930611649,0.0528552633872901,0.0522387484007594,0.0520014715723444,0.0517862498912847,0.0521039278422944,0.0527325278116309
2023-04-26,0.0527476796198015,0.0527155297182565,0.0525815717951527,0.0522707894135517,0.0522968917030192,0.0523974266744929,0.0531235684996879,0.0529384214198819,0.0523698270557667,0.0521595144962875,0.0519874391163387,0.0523063948715417,0.0529283601324264
2023-04-27,0.0523787244168336,0.0523470088352184,0.0522148605784887,0.0519082766228757,0.0519538559542397,0.052107921684689,0.0519242349001964,0.0514273228873146,0.050880398969548,0.0506776104908068,0.0505142029163424,0.0508128976055378,0.051396876577609
2023-04-28,0.0532131846637315,0.0532048943961868,0.0531703516147506,0.0530902123618186,0.0528364245341846,0.052304994521756,0.0516502091005348,0.0510741945375021,0.0504753525105673,0.0502303622224541,0.0499929449691041,0.0502301124239834,0.0507204570484889
2023-05-04,0.0485607124784316,0.0485331860277444,0.0484184924832146,0.0481524034599055,0.048267237222877,0.0486629226183154,0.0502386897520154,0.0505869640651041,0.0503342826975982,0.0503557649461106,0.0506113886738112,0.0513500814344064,0.052642170768197
2023-05-08,0.051242860314408,0.0512308563446045,0.0511808398037567,0.0510648014289897,0.0510373727564905,0.0510486137179621,0.0514601626349722,0.0514055347936023,0.0510925197162226,0.0510504904973251,0.0511882428780559,0.0517147615922206,0.0526495188909908
2023-05-09,0.0495850849581676,0.0495507758333806,0.0494078211467678,0.0490761662738263,0.0488245593863397,0.0484406515902781,0.048477664793768,0.0483573354032096,0.048032542288284,0.0479823320462577,0.0481096663482536,0.0486216879432421,0.0495330827667388
2023-05-10,0.0503918420642107,0.050373525240352,0.0502972051409405,0.0501201425103058,0.0500817975067561,0.0501236523850695,0.0500899287926133,0.0498848923681436,0.0496280719788573,0.0496371645407827,0.0498788407053406,0.0505146970495451,0.0516244066419043
2023-05-12,0.0511802984216945,0.05117641224721,0.0511602198535248,0.0511226535001751,0.0508015376923044,0.0500029209557163,0.0499362948994889,0.0498631085377514,0.0495021271691471,0.0494329942091009,0.0495465190728625,0.0500014387625724,0.0508126882688859
2023-05-15,0.0528294270485927,0.0528167034197734,0.0527636882996929,0.0526406932211061,0.0522960941418749,0.0514956260381793,0.0506571040724395,0.0502925361202778,0.0499904858353551,0.0499597848875058,0.0501417359687063,0.0506305957140825,0.0514868517401719
2023-05-16,0.051768306352588,0.0517380818855435,0.0516121466061916,0.0513199767580952,0.0509063176989072,0.0501023168161331,0.0493029504112786,0.0489688057679204,0.0486823794012398,0.0486646787598657,0.0488733789327742,0.0494072606319081,0.050339917948234
2023-05-17,0.0499117375098654,0.0498642170995846,0.0496662153900812,0.0492068514240334,0.0490269496616175,0.0490774101201646,0.0490970655022465,0.048833489118535,0.0484557516881236,0.0483623301444095,0.0484370576727428,0.048891609180344,0.0497162469942562
2023-05-18,0.0527574096430496,0.0527490504829938,0.0527142206494279,0.0526334154355551,0.0525519591886243,0.0524239143811767,0.0523587924147448,0.0520709592361888,0.0516372305956769,0.0514922639257006,0.0514713778835964,0.0518083990963007,0.0524429002187804
2023-05-19,0.0538918544779877,0.0538748339298984,0.0538039149795261,0.0536393830146623,0.0535661214718485,0.053575697877165,0.053596854464431,0.0532411616172741,0.0527057982939926,0.0524734834128683,0.0522947945194294,0.0525242349802691,0.0530058687071951
2023-05-22,0.0517663687256364,0.0517143384143024,0.0514975454504105,0.0509945857741814,0.0506355630519277,0.0503373287163974,0.0500836874625228,0.0497589446467292,0.0493174467952318,0.0491491826383121,0.0490803118212015,0.0493902375616057,0.0499916002877521
2023-05-23,0.0530283108610025,0.053014946464915,0.052959261481217,0.0528300723190377,0.0527646541921857,0.0527757900345152,0.0525057619681843,0.0520597976406852,0.0515984537024826,0.0514224509852935,0.0513534479094612,0.0516391523045532,0.0521959623135083
2023-05-24,0.0537389885074662,0.0537307178506956,0.0536962567808182,0.0536163070987025,0.0535748867019206,0.0535832751454743,0.0536029263839452,0.0532752309559703,0.0527710697085238,0.0525587050602262,0.0524269731718298,0.0526840270996747,0.0532075087978158
2023-05-25,0.053745102313426,0.0537360451664851,0.0536983070542314,0.0536107546338028,0.0535640326323482,0.0535738427088406,0.0535956047520762,0.0532343832819025,0.0526764527096034,0.0524120014124168,0.0521814289902654,0.0522470277105988,0.0524431552112051
2023-05-26,0.0537393939807289,0.0537311403705359,0.053696750328065,0.0536169654295325,0.0535728718891784,0.0535815131664198,0.0536016137425321,0.0531423488230216,0.0524338271822853,0.0520510015893728,0.0516205065025532,0.0514684621939904,0.0513201198399166
2023-05-29,0.0545802567405861,0.0545543367990219,0.0544463370425044,0.0541957776073838,0.054028515374879,0.0540032235769897,0.053361327873467,0.0526299587410324,0.0520205572318373,0.0517174371559126,0.0514380687857889,0.0511885937210318,0.0508098480676704
2023-05-30,0.0554052093292832,0.0553881411308299,0.0553170236372742,0.0551520310522252,0.0550466425550222,0.0550560511797821,0.0550776336848869,0.0546297206078625,0.0539255691927115,0.0535573174573038,0.0531836423325403,0.0532014117181077,0.0533586185098448
2023-05-31,0.0564538533104394,0.056440969896624,0.0563872890057265,0.0562627493388443,0.0560849916213445,0.055752321292561,0.0552714589365998,0.0547255112715827,0.0540900047154917,0.0537771874305884,0.0535043233352157,0.0536741075380132,0.0540860029650902
2023-06-01,0.0560892885464389,0.0560763884313327,0.0560226379517233,0.0558979368390294,0.0557384378417062,0.0554732677571876,0.0552151643274233,0.0547903637110635,0.0541901824587008,0.0539060128390106,0.0536873034910977,0.0538887179409244,0.0543433311892912
2023-06-02,0.0544269886816979,0.0544030940209293,0.0543035329343938,0.0540725512136313,0.0538686321039377,0.0537190808497251,0.0536859949208316,0.0533077952859889,0.0526518232976871,0.0523188373393366,0.0520144993536066,0.0520894832639582,0.0523348544686718
2023-06-05,0.0540397975228702,0.0540117106929906,0.0538946822351592,0.0536231762129903,0.0534971068773473,0.0538099098140665,0.0541557838458863,0.0538106402579236,0.053154894813516,0.0528161580668228,0.0525064695560659,0.0525384346400834,0.0527071096695134
2023-06-06,0.0547863486765334,0.0547685368227987,0.054694320765571,0.0545221395128027,0.0544217975900224,0.0545547855109409,0.0545966384299932,0.0541313051265737,0.0534432893426629,0.0530805664869109,0.052736986386724,0.052747071156883,0.052887045370386
2023-06-07,0.0549510158383267,0.0549338390838178,0.054862269273364,0.0546962273131112,0.0545664146577883,0.054574084578851,0.054593330527164,0.0541218830401912,0.0533556336186059,0.0529297638877253,0.0524823182070633,0.0523758547309732,0.0523318837601829
2023-06-08,0.0553631283463315,0.0553502505804451,0.0552965932225849,0.0551721081523494,0.0550726585467129,0.0550786227693008,0.0549231062703283,0.054413817638476,0.0537514724097365,0.0533942068412458,0.0530463065240371,0.0530481233977609,0.053175976048536
2023-06-09,0.0536806311701386,0.0536652649648744,0.053601239109607,0.0534526991253866,0.0533410810795712,0.0533894841893116,0.0535412297033158,0.0531391670266412,0.052377407373961,0.0519479046359973,0.051492876730386,0.0513797176050948,0.0513279565775742
2023-06-12,0.0541101331765559,0.0540817638716279,0.0539635584344279,0.053689321820124,0.0535153641331868,0.0538243985959598,0.0541732107292304,0.0537724322576709,0.0530020675199846,0.0525655759931722,0.052112915463951,0.0520397514172805,0.0520670478912881
2023-06-13,0.052406076610948,0.0523874652158641,0.0523099177363479,0.0521300075838703,0.0519597171614744,0.0519172949471055,0.0518847304724559,0.051444861694488,0.0507229277527934,0.0503253360896317,0.0499432164722916,0.0499201064261916,0.0500182021211774
2023-06-14,0.0533167488204037,0.0533081848967583,0.0532725018815691,0.0531897172863301,0.0530591110381985,0.0527929973779036,0.0526018702958582,0.0521144440409122,0.051294325199364,0.0508026395878585,0.050242385048596,0.0500632438387327,0.0499302046316312
2023-06-15,0.0534945698185989,0.0534890701998783,0.0534661551218757,0.0534129921409098,0.0533370464260365,0.0532055155358918,0.053115530604478,0.052578214164698,0.0516745560643388,0.0511218509619359,0.0504737912703041,0.0502500178535345,0.0500658947561232
2023-06-16,0.0533383140229273,0.0533288847339648,0.0532895960299542,0.0531984462366497,0.05305999792903,0.0527941528951814,0.0526004821648794,0.0520270604800348,0.0510559190035234,0.0504593387204915,0.049759917909469,0.0494863564146578,0.0492276908878326
2023-06-19,0.0531257899890839,0.0531259242170388,0.0531264835001843,0.0531277810370818,0.0531294469325488,0.0531315008106336,0.0528156336832207,0.0520296287338816,0.0510709914737728,0.0504752852565688,0.0497789308346023,0.0494990126571256,0.0492316178941357
2023-06-20,0.0533309406009419,0.0533223370679082,0.0532864890136009,0.053203321527608,0.0531099048130545,0.0530592168013221,0.053061909931049,0.05250944508139,0.0515222459797307,0.050912014534185,0.0502116273908802,0.0499811791556799,0.049812375219218
2023-06-21,0.0528944254414037,0.0528846911605707,0.0528441316570999,0.0527500336090476,0.0526446265289986,0.0525967611742792,0.0524090666213145,0.0517337041311727,0.0507615916160848,0.0501561967578296,0.0494571060973649,0.0492033027806818,0.0489905508413232
2023-06-22,0.0527569583367829,0.0527467994153031,0.0527044705758035,0.0526062676681646,0.0525128244466619,0.0525731712141683,0.0526339002873465,0.0520366934115202,0.0510020019017719,0.0503445629590047,0.0495620695371537,0.0492313655535447,0.0489049122461967
2023-06-23,0.0536576432552815,0.05364487109112,0.0535916537404471,0.0534681894868859,0.0533053936878089,0.0531098665991496,0.0529647874835271,0.0523558226292318,0.0512894747787331,0.050605203172544,0.0497819706562697,0.0494509446970113,0.0491420147891841
2023-06-26,0.0538782004446836,0.0538566814293114,0.0537670188652605,0.0535590017166623,0.0533270596193123,0.0533354144166035,0.0538316686503118,0.0535948669078867,0.0525506140752451,0.0518805704727378,0.0510928873693505,0.050792537472325,0.050534097232906
2023-06-27,0.0536871996954653,0.0536742788060358,0.053620441766746,0.0534955398355938,0.0533540728074927,0.0533589506888844,0.0538478234174212,0.0535810885252781,0.0524781868919665,0.0517527742245297,0.0508654730875169,0.0505029848844121,0.0501669649419029
2023-06-28,0.0532741026822224,0.0532570343451255,0.0531859162738887,0.0530209223486191,0.0528050510433587,0.0526112770067097,0.0526979915944479,0.0522972565703241,0.051256329087973,0.050576388096477,0.0497614568737183,0.0494568539259086,0.0492051889626
2023-06-29,0.05328249634853,0.0532653883847212,0.0531941052021843,0.0530287282186987,0.0528189738756305,0.0526920611830879,0.0527545580186664,0.0522491663482344,0.0511235750949196,0.0503684238277664,0.04942362388103,0.0489656195330516,0.0484718043402988
2023-06-30,0.05421165008498,0.0541994423560151,0.0541485768186612,0.0540305687720002,0.0538613809436614,0.053620517038,0.0533332654001594,0.0526110812915589,0.0514372113047818,0.0506375743320185,0.0496159998935618,0.0490938679586871,0.0485096097787223
2023-07-03,0.054716211630599,0.0547030692713507,0.0546483094411494,0.0545212666350824,0.0543288354825778,0.0539925721751784,0.0535588362690379,0.0527792273586853,0.0515727961360408,0.0507407528808235,0.0496742116977109,0.0491259857831114,0.0485165367384176
2023-07-04,0.0542573454282473,0.0542400543102613,0.0541680079853195,0.0540008605114546,0.0537540455659022,0.0533815510927393,0.0530698907351433,0.052418735601234,0.0512123784455793,0.0503782691512087,0.0493108070118667,0.0487615595073647,0.0481527197587824
2023-07-05,0.0531223932472574,0.0531225477910932,0.0531231917237427,0.0531246856474893,0.0531268101685946,0.0531291748983108,0.0531407680389554,0.0525010540048692,0.0513223951519289,0.050496692914365,0.0494212574434334,0.0488176618227435,0.0481080002191585
2023-07-06,0.0542827956516572,0.0542568375206142,0.0541486786412685,0.0538977500411866,0.053543465541654,0.053200675134455,0.0528524289894917,0.0521355101298098,0.0508858073134984,0.0499657206357781,0.0486694139090131,0.0478210577434654,0.0467311460467977
2023-07-07,0.0557073989353371,0.0556901857843959,0.0556184643221412,0.0554520705297103,0.0551822663892786,0.0545472100751032,0.053829243655841,0.0531521485115307,0.0521304399486182,0.0513942072879563,0.050398013321141,0.0497881964186412,0.0490351710699054
2023-07-10,0.0546771473677821,0.0546767993397056,0.0546753492227202,0.054671984951314,0.0546317463386022,0.0540850172786905,0.0533016235911932,0.0525462908900107,0.05159049041939,0.050905661716827,0.0500032923606986,0.0495177734699957,0.0489725595643365
2023-07-11,0.0541726090725766,0.0541723370621451,0.0541712036853474,0.0541685742511767,0.0541404338188788,0.0537303877021233,0.0532169347918916,0.0525609759742663,0.0515510996454289,0.0508395949051395,0.0499368230661316,0.0494743187921039,0.0489765508964623
2023-07-12,0.0539184591512915,0.0539094211835494,0.0538717629846242,0.0537843959631176,0.053654867994347,0.0535165845560941,0.0532502185102315,0.0526689424211462,0.0518025828515233,0.0512193648626977,0.050552075383153,0.0503570841921521,0.0502806780509973
2023-07-13,0.0532275191467121,0.0532269698830015,0.0532246812842072,0.0532193717350043,0.0532114540424214,0.0532030495656529,0.0531978739554679,0.0527519203741842,0.0519019336112175,0.0513355118057734,0.0507080896735783,0.0505492492147314,0.0505274786823666
2023-07-14,0.0497492035283885,0.0497351284166574,0.049676482117778,0.0495404227043779,0.0493176890849404,0.0486730472203077,0.0479979726513048,0.0474694554334765,0.0465810958927901,0.0459812502501995,0.0453014850522119,0.0451086345455709,0.0450457721210746
2023-07-17,0.0526596004284758,0.0526551740293648,0.0526367306997359,0.0525939421749969,0.0525286551723613,0.0524608714597528,0.0524048336949563,0.0519333008112906,0.0510045379720586,0.0503751466616157,0.0496739237133953,0.0494351483403633,0.0492966946922922
2023-07-18,0.0518133605921053,0.0518018363094998,0.0517538184653101,0.0516424170667899,0.0514717754195282,0.0513089561433812,0.0511619523476,0.050707124763589,0.0498042474675487,0.0492060395298456,0.0485833095738618,0.0484441687716263,0.0484677287641725
2023-07-19,0.053197213335089,0.0531968688705328,0.0531954336015488,0.0531921037775057,0.053186965694167,0.0531816949212637,0.053181347615163,0.0526979116602415,0.0517431348025625,0.0510953049683158,0.0503839936438966,0.0501378314497483,0.0499930932359899
2023-07-20,0.0512400650447116,0.0512396087282143,0.0512377074094757,0.0512332963500022,0.0512264517552735,0.0512194689535061,0.0512161167806651,0.0506755170430009,0.0496055507712722,0.0488500082154331,0.0479441042343383,0.0474984538425056,0.0470530845059082
2023-07-21,0.0513550177701529,0.0513502639727914,0.051330456483785,0.0512845031092904,0.0512102385439193,0.0506660392334316,0.0498693585010465,0.0490848856953727,0.0480435886587933,0.0473056110321616,0.0464198989550123,0.0460101555466793,0.0456284679350723
2023-07-24,0.0510213390850572,0.0510130523231422,0.0509785241484963,0.0508984187833177,0.0507727362276065,0.0504580736130416,0.0499080683308707,0.0491667306844168,0.048155670493809,0.0474433029498068,0.0466192354917898,0.0462925885440545,0.0460523029152527
2023-07-25,0.0512204122947226,0.0512138563061767,0.0511865396872353,0.0511231651312914,0.0510237326383449,0.0507229449114375,0.0504290621213963,0.0498863347761071,0.0487715955353345,0.0479668845483647,0.046987796261715,0.0464668745180573,0.0459176442076821
2023-07-26,0.0509930056264767,0.0509838966531916,0.0509459425978367,0.0508578891894134,0.0507197364279218,0.0504456069509012,0.0501789642237614,0.049644650983998,0.0485399959880812,0.0477450684471695,0.0467918753561895,0.04632317854984,0.045867619167476
2023-07-27,0.0507519662354635,0.0507514767639131,0.05074943729912,0.0507447057408001,0.0507372820889533,0.0504673559853526,0.0501944578412176,0.0496784873541854,0.0486085729797721,0.047834749726551,0.0469024434272791,0.0464195010438047,0.0459267730217488
2023-07-28,0.0509391325566085,0.0509278325698951,0.0508807492919225,0.0507715160870259,0.0506001329552055,0.0504542340291826,0.0503198001200615,0.0498604549095054,0.048901167128616,0.0482158897692793,0.0474210648127449,0.0470570595605571,0.046734640374688
2023-07-31,0.0508899422517781,0.0508764445252655,0.0508202039981299,0.0506897259751754,0.0504850104564019,0.0503325296965447,0.0500647589659227,0.0494764914494089,0.0485293109989208,0.0478499198489444,0.0470726228872457,0.0467211751743062,0.0464203996671339
2023-08-01,0.0504292398990179,0.0504213764900205,0.0503886122858647,0.0503125993322232,0.0501933376290961,0.0500346472745371,0.0497898425952019,0.0492754358221731,0.0483905064308614,0.0477556991791668,0.0470352033960861,0.0466941152130345,0.0463860669532491
2023-08-02,0.0500838996978133,0.0500769038838415,0.0500477546589588,0.0499801284572309,0.0498740252786578,0.049868196651304,0.0498668155593774,0.0494846440664967,0.0486979168419854,0.0481482707469047,0.04757521643941,0.047371522175748,0.0472644511387074
2023-08-03,0.0502122630449822,0.0502009546786623,0.0501538364856629,0.0500445222779043,0.0498730120553864,0.0498460351483444,0.0499749770410224,0.0498217866000892,0.0491755850333046,0.0487422139297366,0.0483531028784238,0.0483460362927452,0.0485399012417175
2023-08-04,0.0500253267940686,0.0500161852922525,0.0499780957013523,0.0498897278504637,0.0497510817395869,0.0497264317137261,0.0497254145908525,0.049426709443592,0.0487766913983901,0.048347016624119,0.0479876272458757,0.0480178663422191,0.0482725966751844
2023-08-07,0.0498731852609332,0.0498692219074362,0.0498527079345318,0.0498143955173937,0.0497542846560219,0.0497375229423889,0.0498599482163782,0.0497325562998569,0.0491230442930021,0.0487304202331025,0.0484538259889003,0.0485631637921276,0.048937101618251
2023-08-08,0.0490344575647949,0.0490424301338132,0.0490756491713893,0.0491527173385658,0.0492736346353428,0.0492847543046949,0.0489714818252755,0.0482981283738443,0.047603384226533,0.0471463355798846,0.0467958755216924,0.0469039821437705,0.0473173686430832
2023-08-09,0.0470546827761543,0.0470626531103522,0.0470958628361769,0.0471729094000903,0.0472937928020923,0.0473065872409111,0.0475418083594348,0.0475155678501141,0.0467992927766586,0.046326302464529,0.0459636190391117,0.0460082063517356,0.0463004293959886
2023-08-10,0.0436233381278007,0.043639866807505,0.0437087363062732,0.0438685135434152,0.0441191985189312,0.0447356603695032,0.0459033678922179,0.0461586374021768,0.0454206122109597,0.044926708877501,0.0445307127748466,0.0445701545136804,0.0448718361028475
2023-08-11,0.0436908012309964,0.0437115889677874,0.0437982045377496,0.0439991526600621,0.0443144333347247,0.0448473035193571,0.0462658205235012,0.0469543185754469,0.0461592390747248,0.0455999390409667,0.0450592862034478,0.0449089406814757,0.0449059174318368
2023-08-14,0.0451981927575704,0.0452188057441253,0.0453046931881044,0.0455039520581358,0.0458165823542195,0.0463486777500843,0.0473949812404307,0.0476346321215148,0.0468161104574257,0.0462280717691198,0.045636075473996,0.0453889195760739,0.04522151699786
2023-08-15,0.0456933844167712,0.0457139819707981,0.0457998051125766,0.0459989148015028,0.0463113110375766,0.0468438771896985,0.0478901879925394,0.0481570346375245,0.0473881880297366,0.0468420799572209,0.0463206313088244,0.0461862264364871,0.0462108957015941
2023-08-16,0.0457220824922009,0.04574919658711,0.0458621719825644,0.0461242749000187,0.0465355053394728,0.0472117549298923,0.0485862924646406,0.0490915359075673,0.048327192456944,0.0477817886622613,0.0472582964077864,0.0470964877686538,0.0470675735701844
2023-08-17,0.0466724343349085,0.0467015241108361,0.0468227315105344,0.0471039326778345,0.0475451276127364,0.0481122504402233,0.0491523949722166,0.0494602834030205,0.0487673258277821,0.0482671297021062,0.0477718212489753,0.0475807796747388,0.0474767958712052
2023-08-18,0.0466708370943052,0.0466999080421586,0.0468210369915478,0.0471020561541308,0.0475429655299075,0.0481118008366121,0.0491513473029874,0.0494597388663977,0.0487571072420588,0.0482544678482226,0.0477791047795897,0.0476448456037807,0.0476472875519669
2023-08-21,0.046858149836513,0.0468751117930449,0.0469457866119279,0.0471097521917366,0.0473670085324708,0.0480645913085928,0.049400331075962,0.0497838481588219,0.04907612195156,0.0485638161875242,0.0480747074324488,0.0479276289977516,0.0479158481398793
2023-08-22,0.0472467874152732,0.0472802187341061,0.0474195158959102,0.0477426853112957,0.0482497269802625,0.0486692189720377,0.0495304352036523,0.0499440881391802,0.0492085775721725,0.0486674937526068,0.0481241296488704,0.0478786739588115,0.0476974858671879
2023-08-23,0.0481284609070421,0.048153219945306,0.0482563826047392,0.0484957199746242,0.048871232054961,0.0493838341574397,0.0501801891157814,0.0502386616280982,0.0494899881272949,0.0489421509537018,0.048409346839355,0.0482209992711364,0.048152947216022
2023-08-24,0.0476326760156561,0.0476617596506027,0.0477829414628803,0.0480640832673645,0.0485051850640551,0.0490866677124436,0.0501265942367444,0.0504037886048881,0.0495523147623524,0.0489092357166166,0.0482137595657432,0.0478771941255029,0.0476023069824007
2023-08-25,0.0473021833739049,0.0473183992585522,0.0473859654445827,0.0475427189961734,0.0477886599133244,0.0485233212202766,0.0501103262713285,0.050706700614244,0.0498286870340799,0.0491628108249784,0.0484391855371544,0.0480917447370424,0.0478131600107294
2023-08-28,0.0476788629594553,0.047690818468671,0.0477406330904028,0.0478562030128207,0.0480375282359245,0.0488509217420606,0.0503777979696308,0.0506448881158299,0.0497191643599604,0.0490094177482927,0.0482305097961951,0.0478758513349735,0.0476218394360744
2023-08-29,0.0481136785515414,0.0481338497641069,0.0482178964831296,0.0484128848712622,0.0487188149285047,0.0494835084261504,0.0509108488454062,0.0512579642935663,0.0503499832523124,0.0496563399012213,0.0489120662695276,0.0485890718320773,0.0483813176351396
2023-08-30,0.0477130257381918,0.0477272107246819,0.0477863148350573,0.0479234363711282,0.0481385753328947,0.0488542324377057,0.0501711819203839,0.0504331188718167,0.049670565867722,0.0491097639423641,0.048600370261608,0.0485244553101609,0.048686324428002
2023-08-31,0.0470585285734649,0.0470770764573054,0.0471543593066411,0.0473336555170999,0.0476149650886818,0.0483043195014984,0.049639042893862,0.0500230914731696,0.0491757761167886,0.048538111958716,0.0479062963484898,0.0476793362247828,0.0476048162884931
2023-09-05,0.0471554661366173,0.0471782300094632,0.0472730794796543,0.0474931302504978,0.0478383823219936,0.0485533401045775,0.0498456504154707,0.0502472839344456,0.0495571063381743,0.0490445746170087,0.0485971797757406,0.0485197866497882,0.0486481485624502
2023-09-06,0.0466944042074807,0.0467193753711433,0.0468234218864043,0.0470648098018097,0.0474435391173596,0.0480233992917462,0.0493394329432765,0.0501725534179621,0.0494222833694138,0.0488575047703297,0.0483381875580805,0.0481990170655497,0.0482459414225538
2023-09-07,0.0469095834027139,0.0469215795279403,0.0469715633830505,0.0470875259269062,0.0472694671595074,0.0479520404549534,0.0494992057444971,0.0501506881812335,0.0493627316467445,0.0487610628185258,0.0481777776734697,0.0479427242328,0.0478314100259596
2023-09-08,0.0471447319041959,0.0471609228087408,0.0472283849110113,0.0473848969882789,0.0476304590405436,0.0481926086580068,0.0493722465680909,0.049848540351699,0.0490819748279763,0.0485019040898092,0.047969811229537,0.0477844889378532,0.0477456975965107
2023-09-11,0.0473129639982831,0.0473378252991213,0.0474414140526139,0.0476817399607168,0.0480588030234299,0.0487410013003405,0.0499223380989035,0.0502691563862156,0.049492549972787,0.0488995434535758,0.0483540593694157,0.048143924586389,0.0480661473176655
2023-09-12,0.0472586246558296,0.0472748107014838,0.0473422525583767,0.0474987176663682,0.0477442060254583,0.0482559296023027,0.0493004268813974,0.0496961176357086,0.0488867380255912,0.048266830136277,0.0476959069477563,0.0474577390143119,0.0473392892146645
2023-09-13,0.0471260476631422,0.0471594688241151,0.0472987236615022,0.0476217948842403,0.0481286824923295,0.0488853029873612,0.0499933632964558,0.0502053420014955,0.0493784269066587,0.0487422325137271,0.0481511970751281,0.0478967974180354,0.0477591257941945
2023-09-14,0.0471211424937802,0.0471545599530442,0.047293799366644,0.0476168348061957,0.0481236662716991,0.0489205084584137,0.050157434854991,0.0504902770751508,0.0496931475061891,0.0490784737695683,0.0485087743055589,0.0482818393565811,0.0481894374418818
2023-09-15,0.0469491498090449,0.0469738684580125,0.0470768628287106,0.0473158097687304,0.0476907092780718,0.0482776089779169,0.0493152713579649,0.0497254793398746,0.0489213185140448,0.0482977071841556,0.0477110997343311,0.0474335242055308,0.0472466875232106
2023-09-18,0.0476270428343675,0.0476486995158288,0.0477389356885844,0.0479482836093774,0.0482767432782079,0.0488382412823931,0.0497812228430679,0.0500203740378205,0.0491972719851272,0.0485552342327616,0.0479580534546707,0.047681396552117,0.0475083849693975
2023-09-19,0.0473483518905568,0.0473687211822195,0.0474535932308139,0.047650496383553,0.0479594306404368,0.0486930971322203,0.0501767576143365,0.050768775537571,0.0499140107009495,0.0492433313067686,0.0486088606173791,0.0483019621171133,0.0480921082801321
2023-09-20,0.0477465163891097,0.0477691192976034,0.0478632980829937,0.0480817928650992,0.04842460364392,0.0490435026891351,0.0501713469882563,0.0505941437814055,0.0497488179158981,0.0490833362242664,0.0484514445491321,0.0481450167989218,0.0479359611580456
2023-09-21,0.0481201359984334,0.0481427074853373,0.0482367553474372,0.0484549463875089,0.0487972806055524,0.0494162145108188,0.0505438258936665,0.0509876134919914,0.0501890203442932,0.0495554301673357,0.0489375297958479,0.0486091866794588,0.0483449208977494
2023-09-22,0.0483908118458792,0.0484026533197612,0.0484519927942695,0.0485664603751287,0.0487460560623387,0.0493919089707898,0.0507929316345646,0.0512663670093682,0.0505418909169055,0.0499716220192419,0.0494453850163108,0.0492225445035033,0.0491204276598034
2023-09-25,0.048715634817438,0.0487447353514834,0.0488659875766726,0.0491472927391114,0.0495886508388,0.0501487759927338,0.050916309974068,0.0512476989587582,0.0506026774552799,0.0500986209907752,0.0496733215002113,0.0495235697403323,0.0495097429588816
2023-09-26,0.0496964055736917,0.0497125973423672,0.0497800630451815,0.0499365834757109,0.0501821586339552,0.0508668560755637,0.05227440852268,0.0527963102829239,0.0521574657346691,0.0516628105870469,0.0512771406639419,0.0511882126244513,0.0512776760955801
2023-09-27,0.0491296100717427,0.0491562537136777,0.049267268888407,0.0495248240937788,0.0499289193297933,0.0504002248777097,0.0515244103221943,0.0529250318425806,0.0522862143709734,0.0517894662892702,0.0513982471975939,0.0512799685722149,0.0513114915870566
2023-09-28,0.0503744471122953,0.0503991260301922,0.0505019548547625,0.0507405177277656,0.0511148146492014,0.0517185336614402,0.0526504769049055,0.0530060581096169,0.0525242579230557,0.0521591433149788,0.0519298573581805,0.0519114054042956,0.0520403256383189
2023-09-29,0.0488791224584997,0.0488997577335633,0.0489857380463284,0.0491852123719435,0.0494981807104086,0.0501869640780975,0.0515073295558537,0.0520806654347274,0.0515568140371242,0.0511583199378262,0.0509063634709927,0.0509084853495892,0.0510994454082213
2023-10-02,0.0498202467445473,0.0498451632842876,0.0499489821998718,0.0501898420840273,0.0505677429367541,0.0513470128442833,0.0529317197719376,0.0539034022173403,0.0533831218169606,0.0529787109781599,0.0526933714269774,0.0525994179856334,0.0526101224193611
2023-10-03,0.0498232955673349,0.0498481713540064,0.0499518204651373,0.0501922864029611,0.0505695691674777,0.0513478341356471,0.052762417234171,0.0533917502262825,0.0530012163031166,0.0527088941944926,0.0525737238672206,0.0526248517404176,0.0528378831097751
2023-10-04,0.050322149573534,0.0503469847540699,0.0504504646729695,0.0506905380848166,0.0510672049896112,0.0518446279701098,0.0532600825338324,0.0539050740229783,0.0535533383889426,0.053289999963831,0.0531731647186191,0.0532014078523133,0.0533514539942383
2023-10-05,0.0504740214310839,0.050507478531467,0.0506468831163963,0.0509703017534325,0.0514777344425754,0.0523611635875589,0.0539062179770543,0.0548926407601101,0.054630933209013,0.0544505838773267,0.05447204492348,0.0546817680655405,0.0551216327906108
2023-10-06,0.0490570499519652,0.0490810340765404,0.0491809679289371,0.0494128144664974,0.0497765736892213,0.0506543068605597,0.0524835887209219,0.05351978955639,0.0532871494421181,0.0531278517152825,0.0531583116981128,0.0533697646892653,0.0538069577346025
2023-10-09,0.0493075083413148,0.0493323561738862,0.0494358888096005,0.0496760845244575,0.0500529433184573,0.050829606033328,0.0524107012342045,0.0535094117230495,0.0532927880030067,0.0531472320786172,0.053208075027359,0.0534750347417832,0.054011200489981
2023-10-10,0.048309907291698,0.0483324035469119,0.0484261379436365,0.0486436017440377,0.0489847949481154,0.0496899944275428,0.0510117504195409,0.0517259515603538,0.0515436723594452,0.0514330936917507,0.0515718178788395,0.0519420085513789,0.0526436141820673
2023-10-11,0.0481730023087304,0.0481872884494435,0.0482468140357483,0.0483849133959753,0.0486015865301246,0.0492651229279164,0.0507639181228772,0.0514245805144879,0.0510423274599496,0.0507512997293295,0.0506333420324887,0.0507554549369428,0.051115777208074
2023-10-12,0.047086117418917,0.0471235792259668,0.0472796700886741,0.047641800890155,0.0482099716304095,0.0492284039386672,0.0508292817217391,0.0514669205688188,0.0510212077583796,0.0506720111788513,0.0504713389752761,0.0505112702554777,0.0507574687238506
2023-10-13,0.0477336444196169,0.0477669061730691,0.0479054968124534,0.048227027095825,0.0487314970231839,0.0496204317467943,0.0510355933333109,0.051688313839428,0.0512617309195611,0.0509289744325895,0.0507539600385345,0.0508281425590854,0.0511300893855985
2023-10-16,0.0469709723535285,0.0470042382120249,0.04714284595576,0.0474644159212252,0.0479689481084208,0.048789592757194,0.0500126777681592,0.0506994442411007,0.0503466129213265,0.0500769389443756,0.049990713654429,0.0501351559547264,0.0505230725414117
2023-10-17,0.0470860012467308,0.0471279704111118,0.0473028419293659,0.0477085438517153,0.0483450761781601,0.0492219393886918,0.0502473005443267,0.050937333027935,0.0505752948720186,0.0502900931034788,0.0501442700162326,0.0502051509899292,0.0504576664662267
2023-10-18,0.048081462735945,0.0481233940430701,0.048298107822758,0.0487034437916341,0.0493394019496983,0.0502902663465063,0.0515117284632266,0.0521985177584734,0.0518177633801872,0.0515142905903023,0.0513404439121981,0.051358630127606,0.0515403696929145
2023-10-19,0.0489426497671081,0.0489759091785452,0.0491144900595332,0.0494359977034254,0.0499404321102219,0.0508373422409472,0.0522616091710483,0.0529534969973065,0.0525782301115462,0.0522694166948725,0.0520295253700168,0.0519630336575054,0.052012225617778
2023-10-20,0.0489923097185104,0.0490299442139386,0.0491867546115561,0.0495505547340288,0.0501213445813565,0.0509462565031511,0.0519731046184093,0.0527193002212937,0.0525202995286398,0.0523732427623635,0.0523786356989246,0.0526001672389269,0.0530864316107156
2023-10-23,0.0484026075417819,0.0484359811122713,0.0485750376559771,0.0488976488373745,0.0494038146564637,0.0504966235832371,0.0525763114431307,0.0535756670123395,0.0533888208042723,0.0532505745379947,0.0532667497867659,0.0534850727231867,0.0539569345575039
2023-10-24,0.0483940769836079,0.0484274665378866,0.0485665896807142,0.0488893553720741,0.0493957636119665,0.0503021022095894,0.0517363963354093,0.0524788568324675,0.0522216430822311,0.0520204130164639,0.0519600754011305,0.0521006351385813,0.0524640910586991
2023-10-25,0.0479741060203829,0.0480289750255435,0.0482575958803794,0.0487879962635987,0.0496201761752013,0.0509297939454039,0.0525540991318984,0.0532965413654485,0.0530654762567786,0.0528906914614616,0.052890186286229,0.0531094666192562,0.0535985702024343
2023-10-26,0.0477368622787504,0.0477916251150168,0.0480198035994602,0.0485491776833689,0.049379747366743,0.0506909806870044,0.0523810213015189,0.0533545689402948,0.0531989688542801,0.0530915978118655,0.0531804794787917,0.0534490262930064,0.0539729760700164
2023-10-27,0.0466605476311771,0.0467110368370064,0.0469214085279619,0.0474094708509785,0.0481752238060563,0.0493582285031424,0.0509143599192852,0.0521047881536361,0.051940684074607,0.0518261783972385,0.051914140735872,0.0521946049027726,0.0527463296344388
2023-10-30,0.0468276052738005,0.0468694106079028,0.0470435994999956,0.0474477177296512,0.0480817652968693,0.0490096086688732,0.0502062694313902,0.0515878461051778,0.0514239118653076,0.0513091195992097,0.05140831827249,0.051725371436182,0.0523506623867443
2023-10-31,0.0462568531625054,0.0463159110286856,0.0465619854711032,0.0471328781775122,0.0480285891479123,0.0493710405623101,0.0509201025668677,0.0521145516893533,0.0518954472903294,0.0517295970525299,0.051759768226697,0.0519700710223801,0.0524160352416414
2023-11-01,0.0463808340203707,0.046431264629618,0.0466413921681487,0.0471288880575399,0.0478937522977916,0.0491567901293034,0.0508558603235708,0.0518443092994206,0.0516458813710518,0.0515024663217664,0.0515953592666254,0.0519073690265993,0.0525277477025893
2023-11-02,0.0454373347253189,0.0454895412270573,0.0457070683176338,0.0462117311677712,0.0470035297774696,0.0483125651259643,0.0500672672697828,0.0510952067264219,0.0508648860664623,0.0506952282826062,0.0507813017720141,0.0511369856455075,0.0518621039976078
2023-11-03,0.0434371409704117,0.0435135025787614,0.0438316759468851,0.0445698381609321,0.0457279892209023,0.0475040501886159,0.0495872710769305,0.051199300767126,0.0508811643788423,0.0506349953905314,0.0506554251387164,0.05098332945115,0.0517042293206062
2023-11-06,0.0422173652663506,0.0422781627000507,0.0425314853404678,0.0431191938662356,0.0440412882773539,0.0456526678371274,0.0480770529752881,0.0497234812240552,0.0494898269031645,0.0493170990220007,0.0494274046789283,0.0497886609009517,0.0505072879093685
2023-11-07,0.0416005916626696,0.0416509765503753,0.0418609135824828,0.042347967496972,0.043112138293843,0.0446735328519264,0.0474924220244106,0.0486832404075236,0.0483625645826264,0.0481080793303029,0.0481025055486512,0.04836115968819,0.0489518789475565
2023-11-08,0.0418509635645634,0.0418960836061923,0.0420840837796461,0.042520244182059,0.0432045648134308,0.0446257562886652,0.0472097682437849,0.0481303489453184,0.047744398863092,0.0474284206045833,0.0473375795243152,0.047507638941496,0.0479750387746354
2023-11-09,0.0425140361752525,0.0425556469175243,0.0427290250103239,0.0431312621856188,0.0437623584434091,0.045053505018482,0.0474535440293984,0.0486421774552695,0.0482376988433702,0.0479041718047816,0.0477951422636415,0.0479754805579873,0.048483538232412
2023-11-10,0.0417124879548524,0.0417713013278557,0.0420163570487026,0.0425848863210676,0.0434768891449507,0.0452996937409413,0.048509282626457,0.049508970662935,0.0490874327862641,0.0487354486221105,0.0485879099939409,0.0487432743752974,0.0492305514033669
2023-11-13,0.0421406362222548,0.0421951156111483,0.042422113064871,0.0429487471575078,0.0437750178890587,0.0453910493682966,0.0481745613150307,0.049505669295714,0.0490659403113951,0.0486907611664711,0.0484844658086653,0.0485226538084365,0.0487999773239054
2023-11-14,0.0418930741771185,0.041947499823429,0.0421742733497229,0.0427003879307245,0.043525843566434,0.045161563761039,0.0480022458578537,0.0492200786257853,0.0488738246688406,0.048589039936805,0.0485468586052877,0.0488024679749656,0.049425437532674
2023-11-15,0.0402990775358061,0.040366302068498,0.0406464042880474,0.0412962414374021,0.042315813516562,0.0440973671241837,0.0465989751524665,0.0482665507327305,0.04789752103493,0.0475925203466528,0.0475418312003462,0.0477868226280377,0.04839433659319
2023-11-16,0.0407066566498458,0.0407652229450124,0.0410092491748736,0.0415753900281516,0.0424636455048463,0.044080840828735,0.0465906092865858,0.048298216314048,0.0479811317709648,0.0477285491162567,0.0477971617989524,0.0481809380047453,0.0489956711124206
2023-11-17,0.0401543633912247,0.0402086145377967,0.0404346609818464,0.0409590887320418,0.0417818977883829,0.0433169989277328,0.0459231679874964,0.0480528686907471,0.0476545792971051,0.0473248844225725,0.0472870025890748,0.0475747073120361,0.048269977513551
2023-11-20,0.0403098034658796,0.0403812313432109,0.0406788474987577,0.0413693169796263,0.0424526397858167,0.0442922790196517,0.0465401018405467,0.0480775189202372,0.0476856680584397,0.047358446820208,0.0473236280363439,0.0475681170081751,0.0481639929218616
2023-11-21,0.0402585554465446,0.0403256609569858,0.0406052672504908,0.0412539538514225,0.0422717207597808,0.0440474905625749,0.0463770418170346,0.0478675991979597,0.0474350212421181,0.0470696096073881,0.0469952829604055,0.0472206819995206,0.0478112176908347
2023-11-22,0.040237547280879,0.0403037978535142,0.040579841906161,0.0412202641083016,0.042225064459936,0.0439565614580777,0.0461734878466924,0.0478762808346155,0.0474252574480368,0.0470413005533723,0.0469418527818105,0.0471319776345902,0.0476662407220211
2023-11-23,0.0402569868602346,0.0403266941841575,0.0406171413671697,0.0412909788317578,0.0423482065779219,0.0441867802134728,0.046559833409602,0.0482673096100435,0.047810724245228,0.0474199805615364,0.0473078836189139,0.0474755789950065,0.0479712229542823
2023-11-24,0.0407632195445566,0.0408294838845816,0.0411055853013526,0.0417461405882612,0.0427511497453076,0.0444625056708588,0.0465235140498855,0.0482420878212148,0.0477844034196752,0.0473887230783118,0.0472405231553787,0.047356771703227,0.0477693958482304
2023-11-27,0.0406891708306436,0.0407562902595259,0.0410359545465353,0.0416847756923972,0.0427027536971115,0.0446134978798687,0.0474120877881556,0.0482090610541283,0.0477733400514024,0.0473969060144043,0.0472983119550475,0.0475000886928958,0.0480655503644681
2023-11-28,0.0406323575173394,0.0406961005548083,0.0409616965442622,0.0415778792397953,0.0425446486414075,0.0443373238818891,0.0469130780969042,0.0479503638970703,0.0474877360937308,0.0470863988875211,0.0469746366609297,0.0471866639586769,0.0477899952325866
2023-11-29,0.0399030692187269,0.0399423474660485,0.0401060068298886,0.0404856965539976,0.0410814166383756,0.0423759657247804,0.0452456931654989,0.0470188020990276,0.0467071379835232,0.0464501664570344,0.0465662010034602,0.0469922074279801,0.0478688869851351
2023-11-30,0.0397853507589758,0.0398396097553571,0.0400656889069457,0.0405901925386313,0.0414131206504138,0.0430126445663267,0.045884488929257,0.0483663467355152,0.0480145482961082,0.0477173837652543,0.047766291664623,0.0480876996459242,0.0487881834749731
2023-12-01,0.0400358579064427,0.040092304473193,0.040327498501319,0.0408731486465713,0.0417292549089498,0.0433591367509935,0.0460773416569746,0.0483355588612214,0.0480043205008845,0.0477258748230894,0.0478045261457921,0.0481695444293648,0.0489427887806751
2023-12-04,0.0389923681245742,0.039051109758217,0.039295866565062,0.0398637023569424,0.0407546171338581,0.0425683401328235,0.0461009117266024,0.0483796075389676,0.0480586098866441,0.0477871183174798,0.0478826626190814,0.0482792010886791,0.0491113844469994
2023-12-05,0.0390441424128695,0.0391242800249056,0.0394581867417226,0.040232850324738,0.0414482707739519,0.0436571717890195,0.0465647199331473,0.048606480314069,0.0482494142666794,0.047942241112758,0.0479868967728091,0.0483367970110692,0.0491121720452311
2023-12-06,0.0390150498979801,0.0390780408486309,0.0393405031430091,0.0399494156659665,0.0409047784175032,0.0427110443066178,0.0456173131372443,0.0483867092909508,0.0479685200155957,0.0476024980584682,0.0475763778546986,0.0478348299022089,0.0484686682529831
2023-12-07,0.0389602330424991,0.0390291886544344,0.039316503704165,0.03998307461954,0.0410289014005593,0.0430083642312,0.0460397350734274,0.0480870266698004,0.0476503985056008,0.0472643338790384,0.0471934989087938,0.0474034171642652,0.047969961020134
2023-12-08,0.0389926817803443,0.039047924360536,0.0392781017780011,0.0398121133865203,0.0406499591860935,0.0422558906434413,0.0448583700155,0.046819113302141,0.0463589171356137,0.0459460362598635,0.0457932030883049,0.0458997744554296,0.0463085392228003
2023-12-11,0.0395157355660956,0.0395829209651758,0.0398628601280096,0.040512318985784,0.0415312975384991,0.0434805845954622,0.0464878130477641,0.0483117808232266,0.0477892358863001,0.0473124799152675,0.047063245877191,0.0470550857145451,0.0472965156376637
2023-12-12,0.0388502715958344,0.0389094042568921,0.0391557903446326,0.0397274060681905,0.0406242514275657,0.0423727935193485,0.0452708606494983,0.0469322144510248,0.0463969200491806,0.0459075103366541,0.045653892830573,0.0456555231306595,0.0459258571653058
2023-12-13,0.0394326581014075,0.0394912719045518,0.0397354960843196,0.0403020961813808,0.0411910721957355,0.0430581606003066,0.0470003038483945,0.048583797896173,0.048048717385458,0.0475587488461925,0.0473118813037165,0.0473218082851783,0.0476058599646388
2023-12-14,0.0394630728214782,0.0395452692220754,0.0398877542245637,0.0406823194303365,0.0419289648393939,0.0442194450700079,0.0469880573955605,0.048847807342278,0.048468261302575,0.0481295163639932,0.0481341372030092,0.0483643433190398,0.0489058314036868
2023-12-15,0.0390921729042785,0.0391417292590989,0.0393482140708508,0.0398272588341152,0.0405788635488922,0.0421325513521285,0.0453641243251108,0.0473661761142003,0.0468445887337893,0.0463673072356879,0.0461752717929215,0.0462140400131768,0.0465106092224882
2023-12-18,0.0388703464606798,0.0389438821177284,0.039250280688764,0.0399611253735668,0.0410764161721366,0.0432013034400216,0.046274565337525,0.0486477953814618,0.0481311446505563,0.0476555898992261,0.0474794331542704,0.0475115030816277,0.0477780110981175
2023-12-19,0.0383137707324173,0.0384023609201267,0.038771486702249,0.0396278585167729,0.0409714763636982,0.043475895217178,0.046441561431487,0.047807748168593,0.0472161935512296,0.0466666972905427,0.0463866057138715,0.0463564355649285,0.0465877629033975
2023-12-20,0.0378021245968797,0.0378906877037008,0.0382597006487887,0.0391158106813925,0.0404590178015124,0.0429688938668023,0.045987599449136,0.0478679956173504,0.0473363907923157,0.0468432128459529,0.0466300523301428,0.0466426465341043,0.0469046766387686
2023-12-21,0.0376908081971501,0.037762206361786,0.0380596987144353,0.0387498809725817,0.0398327531362252,0.0420088574960057,0.0460166129377007,0.0479027054405667,0.0474101918416468,0.0469538488972587,0.0467939647559264,0.046895712929515,0.047314122370819
2023-12-22,0.0370718847230455,0.0371497719670572,0.0374743021504391,0.0382272121758852,0.0394085020433953,0.0416819160128737,0.0450038799392915,0.0474122887935435,0.0469555941563192,0.0465330379153818,0.0464235528115583,0.0465493480139922,0.046971201631347
2023-12-25,0.0367684674135384,0.0368464074883837,0.0371711578002394,0.0379245785237444,0.0391066696588988,0.041413301445626,0.0449901939065614,0.047426611329796,0.0470118190176738,0.046626291660759,0.0465596862258521,0.0467211538283773,0.0471839916101016
2023-12-26,0.0369911473628624,0.0370647835679625,0.037371601089213,0.038083417738514,0.0392002335158657,0.0413378114792565,0.0441332472014718,0.0460707872564823,0.0456341916724808,0.0452263038325798,0.0451292850050717,0.0452586814863325,0.0456789768690004
2023-12-27,0.0369681849053501,0.0370375005089305,0.0373263155238489,0.0379963663584596,0.0390476530127626,0.0410950253789337,0.0441413726296082,0.046080260802411,0.0455917088174242,0.0451319582888805,0.0449635105959632,0.0450644095270269,0.0454968633093357
2023-12-28,0.0366336373850434,0.036713638894184,0.0370469785156032,0.0378203264372958,0.0390336826592619,0.041403643945386,0.0449850646853987,0.0474410081039465,0.0469714843429171,0.0465287231269306,0.0463711419201263,0.0464762566337806,0.046907797535832
2023-12-29,0.0370105598674271,0.0370926905737164,0.0374349018499215,0.0382288320107175,0.0394744810561044,0.0418691935387285,0.0449329321176781,0.0471443667703435,0.0467031506133368,0.0462858193958117,0.0461298873243635,0.0462157180696919,0.046599808710477
2024-01-02,0.0369880759806801,0.037070079586288,0.0374117612763208,0.0382044627971968,0.0394481841489162,0.0418745516069213,0.0451954137387391,0.0474352248955931,0.0470307899879379,0.04664527006045,0.0465267970212488,0.0466199216798664,0.0469828081804569
2024-01-03,0.0373403675338038,0.0374115363770521,0.03770807322392,0.0383960387086536,0.0394754328312528,0.0415803658598363,0.0444248102042359,0.0471998956267899,0.0467758685012897,0.0463703574399649,0.0462337098651744,0.046334844697294,0.0467391223155025
2024-01-04,0.0376192686473809,0.0376920124232025,0.0379951114891259,0.0386983013220683,0.0398015819220295,0.0419671467536869,0.045058500386349,0.0477855035607261,0.047344569489535,0.0469214630390876,0.046762603960197,0.0468671063897053,0.0473063613585123
2024-01-05,0.0370724410555363,0.0371564234577619,0.037506350133702,0.0383181800218829,0.0395919131223047,0.0420637778253836,0.0449379703550321,0.0474627208513111,0.0470286097598725,0.0466108128614388,0.0464431413193578,0.0465332695874104,0.0469487875653304
2024-01-08,0.0373443106371554,0.0374282462547321,0.0377779779946348,0.0385893556312091,0.039862379164455,0.0423593980732774,0.0454408062955731,0.0479910532203889,0.0476107720780382,0.0472434437482665,0.0471582781194721,0.0473426535874613,0.04789542605155
2024-01-09,0.0368547771465665,0.0369472888570341,0.037332754317316,0.0382270341851699,0.039630128460596,0.0423768952807217,0.0454547340380572,0.0480097314090426,0.0476148528751081,0.047232504289272,0.0471463519992398,0.0473156682765743,0.0478336467959071
2024-01-10,0.0371047039003603,0.0371971664002785,0.0375824268166043,0.0384762309824802,0.0398785788979062,0.042639675220153,0.0459591468803178,0.0479833124437067,0.0476168203836533,0.0472620081609423,0.0472395474791654,0.0474743752640768,0.0480787297547958
2024-01-11,0.037073432456662,0.0371598823705959,0.0375200903453208,0.0383557728466824,0.0396669298746808,0.0422544645509882,0.045401550749215,0.0484053796730312,0.0480377717892228,0.0476808959223432,0.047657895823635,0.0478905479685454,0.0484910792740507
2024-01-12,0.0368213518391906,0.0369138163154244,0.0372990849663985,0.0381929082366584,0.0395952861262042,0.0423614692625031,0.0454352021498147,0.0478028900168959,0.0475923981825572,0.0473902897424635,0.0475812938536752,0.0480359608535249,0.0489282893442713
2024-01-15,0.0367824074001823,0.0368661930373553,0.0372152998589094,0.0380252276849149,0.0392959765153718,0.0418269747292957,0.0449008398167993,0.0469635642603867,0.0467470633739242,0.0465362175448359,0.0466929574695134,0.0471553737185669,0.0481101964167008
2024-01-16,0.0367845173446355,0.0368682411694386,0.0372170904394515,0.0380264207458814,0.0392962320887282,0.0418308498774249,0.0449070223675866,0.047083514215525,0.0468712005123539,0.0466637945767468,0.0468362788906818,0.0472887165333907,0.0482003570578322
2024-01-17,0.0366339047579734,0.0367241511720458,0.0371001778973474,0.0379725599000472,0.0393412971801451,0.0420759890262569,0.0451604718722701,0.0477806588608957,0.0475103959351981,0.047244287745752,0.0473103533870726,0.0476425053139647,0.0483864210440519
2024-01-18,0.0367278845670996,0.0368203528452352,0.0372056373374668,0.0380994973594443,0.0395019329111675,0.0423145984972359,0.0458418141757754,0.0496810585344868,0.0493434222470955,0.0490093303144728,0.0489809024849457,0.0492375800856764,0.0499108047439113
2024-01-19,0.037292655679747,0.0373803723785448,0.0377458586235355,0.0385937867119141,0.0399241566436805,0.0425974826198078,0.04590758990753,0.0492631006458066,0.048953537231322,0.0486465086391835,0.0486441885811127,0.0489159853572503,0.0495956353248133
2024-01-22,0.0366699338555789,0.0367623886777913,0.0371476171036761,0.038041347051729,0.03944357852195,0.0422788597364627,0.0453710872138245,0.0474773004364577,0.0471539904218334,0.0468306804072092,0.0468184409206151,0.0470808468336515,0.0477522348504756
2024-01-23,0.0370325724441679,0.0371271810089262,0.0375213833620858,0.0384359328214159,0.0398708293869167,0.0427721587061709,0.0461397121833302,0.0488011480240796,0.0485134436907361,0.0482176437448179,0.0482423777271941,0.0485502180097804,0.0492888498913981
2024-01-24,0.0370016800162616,0.0371127328015379,0.0375069151816402,0.0384214183034776,0.0398562421670499,0.0427574244846029,0.0463997207547848,0.0487853975559154,0.0485469477859433,0.0482940797959571,0.0483673106799185,0.048738661840663,0.0495753848397753
2024-01-25,0.0377301960411622,0.0378462212649512,0.0381851331562701,0.0389714087441299,0.0402050480285306,0.0426994395486376,0.0468848343721357,0.0497774628323751,0.0495342831234278,0.0492652079929343,0.0493026126108714,0.0496154400380164,0.0503504768036747
2024-01-26,0.0385506714325395,0.0386797759294175,0.038993641032636,0.0397218080721031,0.0408642770478187,0.0431743242075073,0.0474689863794804,0.0500376169173346,0.0498288297946961,0.0495894834695088,0.0496837658630893,0.0500628369116402,0.0508920151854082
2024-01-29,0.037454980421678,0.0376210731116993,0.0379710690289371,0.0387830595569285,0.0400570446956738,0.0426330146465434,0.0463027051779856,0.0489851040763061,0.0487866305994627,0.0485322014598518,0.0486076710785358,0.0489621246590189,0.0497525713841623
2024-01-30,0.0379229036157277,0.0380974236831381,0.0384280465703536,0.0391567590761952,0.0403000838698432,0.042611861474582,0.0462774432238552,0.0489646829406233,0.0487320972678533,0.0484345708132903,0.0484393372734888,0.048745912828314,0.049506188398908
2024-01-31,0.0367551639172678,0.0369151127018377,0.0373253911437362,0.0382255566420733,0.0396378852687747,0.0424935827117753,0.0460268756731012,0.048819577946527,0.0485822173280277,0.0482687033184043,0.0482767516990836,0.0485999441583076,0.0493973819810912
2024-02-01,0.0366046980127256,0.0367654714806083,0.0371383920386412,0.0379096175748828,0.0391196438472619,0.0415662903760284,0.0457680679084999,0.0485781962817199,0.0483334439822312,0.0480037384948017,0.048008830370267,0.048325864306398,0.0491108972655178
2024-02-02,0.0368646769683022,0.0370480833961269,0.0374462665843942,0.0382083099039313,0.0394039295949292,0.0418214463327712,0.0460215364614942,0.0485103371804745,0.0481263107435763,0.0476546584654004,0.0474602880475285,0.0475409658839938,0.0479849300940188
2024-02-05,0.0376271877791975,0.0378168406526041,0.0382692703798812,0.0390141451807087,0.040182828057869,0.0425458791501491,0.0462291817324231,0.0482888768686771,0.0479854027684197,0.047590197273938,0.0474666058747471,0.0475791960842591,0.0480125211429319
2024-02-06,0.0372070530853704,0.0373841406656976,0.0378582630755525,0.0386702823045491,0.0399443124741817,0.0425203734765158,0.046223206448792,0.0489263111464925,0.0486486199361752,0.0482449206695049,0.048101550090716,0.0481947295503654,0.0486045941229103
2024-02-07,0.0371889513285844,0.0373551654802382,0.0378516047712967,0.0387474077517664,0.0401528917383654,0.0429947494695106,0.0465177249014388,0.0494286735299047,0.0491774481211295,0.0487823544398662,0.0486646426987806,0.0488020304251445,0.049290179329694
2024-02-15,0.0386700427297231,0.0388592649235896,0.0395038681736012,0.0402903025038454,0.0415241908495733,0.0440190859662101,0.0480023848501894,0.050225752565647,0.0499270810019764,0.0494592900042498,0.049212994212828,0.0492403731293124,0.0496181801997544
2024-02-16,0.0389169820457916,0.03909984044841,0.0397262366240856,0.0403710389288836,0.0413827115105495,0.0434282912361156,0.0476097723644097,0.0503776129078105,0.0500494220705701,0.0495012882785846,0.0491420174692698,0.0490205214349439,0.0491667471593079
2024-02-19,0.0393554733022413,0.0395299213702761,0.0401907252583276,0.0409191421823073,0.0420620032182065,0.0443728431149697,0.0480945090058418,0.0503225353083501,0.0499939596705603,0.049462787563909,0.0491212776396524,0.0490153756630564,0.0491778075988785
2024-02-20,0.0392438339289853,0.0394393526247172,0.040189590792917,0.0408340922806747,0.0418452928907772,0.0438899183002154,0.0470763678082269,0.0492711848577139,0.0490340751997477,0.0485939099444139,0.0483745465599438,0.0483910229038465,0.0487037666901805
2024-02-21,0.0384421973879965,0.0386345316256576,0.0394012609872113,0.040255256385607,0.0415951457175727,0.0443043724986901,0.047398544752477,0.04927049170954,0.0489945848545038,0.0485345040962223,0.0482797085691773,0.048291323293674,0.0486408603836501
2024-02-22,0.0391719861266425,0.0393634504130135,0.0401418741525835,0.0408707366095865,0.042014296671436,0.0443265499833074,0.0475635776382754,0.0497641289460081,0.0494339908544461,0.048876832822068,0.0484798085360352,0.0483408677356639,0.0484953830893995
2024-02-23,0.0398167521414745,0.0400007023368618,0.0407671614843091,0.0415799459163494,0.0428551766631714,0.045433665206196,0.0484735748032305,0.0509100277454139,0.0505937729322903,0.050016757895281,0.0496045980801008,0.0494335554467925,0.0495240523369091
2024-02-26,0.039825478246327,0.0400086125485024,0.0407716721408998,0.0413972302190576,0.04228074248021,0.0440671848544081,0.047718193175951,0.0502354976184941,0.0499012889720232,0.0492775403367478,0.0488240174398689,0.0486236245371993,0.0486924403364253
2024-02-27,0.0390163354248263,0.0391831263704478,0.0398780886438706,0.0407236072254612,0.0419610801925668,0.0444632233348464,0.0480041648873524,0.0497428206342137,0.0493583927252817,0.0487613442801657,0.0483435370860877,0.0481792839490973,0.0482927269169099
2024-02-28,0.0390789248179992,0.0392502383500876,0.0399640447337891,0.0407736547275351,0.0419186213925825,0.0442337188252059,0.0477901104482756,0.0497386752972715,0.0493868175250181,0.0487944182582526,0.0484066652980105,0.0482767054265107,0.0484350887154581
2024-02-29,0.039048494959658,0.0392273082485639,0.0399723636190053,0.0406356047470449,0.0415185280472256,0.0433037795552831,0.0474255262444652,0.0492575042285323,0.0488814051345636,0.0482870448255493,0.0478749049676943,0.0477154452813951,0.0478330876555865
2024-03-01,0.0385069847511446,0.0386874935825454,0.0394396137133819,0.0403484754957035,0.041623093159815,0.0442003420630734,0.0475100882793914,0.0497342890252382,0.0494309871180463,0.0488461619891873,0.0484326503487689,0.0482658175931099,0.0483674328550435
2024-03-04,0.0384840586822944,0.0386519939801135,0.0393517243876929,0.0400095768720518,0.0407634831562225,0.0422878650934467,0.0468246365628281,0.0492387460810665,0.0489771380268455,0.0484149573028627,0.0480400798033444,0.0478972243978135,0.0480053955423072
2024-03-05,0.0394148007608723,0.039589488390646,0.0403173535147031,0.0410334038790393,0.0418389516423501,0.0434677515154181,0.0468830711728947,0.0494098032358832,0.0491406638859231,0.0485238377642831,0.0480696850739835,0.0478556501723443,0.0478891833662423
2024-03-06,0.038429968229354,0.0385962840259505,0.0392892665117693,0.0401353057279645,0.0411830195565086,0.0433014738911472,0.0471338659235926,0.0492077520521131,0.0488929591774546,0.0482904246408293,0.0478726228332045,0.047712917321235,0.0478358338410588
2024-03-07,0.0384113541513921,0.0385784044601616,0.0392744474133677,0.0400388429480053,0.0408900785448744,0.042611258213269,0.0465881446391259,0.0489442985139583,0.0486380187154348,0.0479994859405331,0.0475394813084137,0.047343331244712,0.0474290488202192
2024-03-08,0.0378246087017558,0.038000896648283,0.0387354297588129,0.0395541483597058,0.0404373769350609,0.0422232457028119,0.0468012327815355,0.0487518813127696,0.0484865390690924,0.0479656839665568,0.047664279137323,0.0476353963235868,0.0479367153926361
2024-03-11,0.0385144082358275,0.038684914893229,0.0393953592990683,0.0402582158900871,0.0411425889278642,0.0429307717734794,0.0468028414771731,0.0491637740518923,0.0489266470295764,0.0483327181374394,0.0479269577417302,0.0477942800068343,0.047970219405681
2024-03-12,0.0390807658050447,0.0392473390261416,0.0399413941140456,0.0408334607597817,0.0417658982213057,0.0436512662753763,0.0476697011816983,0.0502979370883344,0.0501007070026751,0.049500605061382,0.0490950415156375,0.0489561644119021,0.0491134948079448
2024-03-13,0.0392576171305265,0.0394158425658634,0.0400751152131007,0.0408255802200656,0.041452999514736,0.0427216275391243,0.046740283874859,0.0493556205161065,0.0491434503986397,0.048524749218947,0.0481019449819524,0.0479510955646183,0.0480999600904195
2024-03-14,0.0390774119423023,0.0392289469334991,0.0398603427301523,0.0406874589667029,0.0414977216392559,0.0431360549551873,0.0471117911174123,0.0504755264365017,0.0503653842421975,0.0497107622657396,0.0492166041289995,0.0489955769001615,0.0490646267953457
2024-03-15,0.039568133717515,0.0397254671599675,0.0403810231701864,0.0412624016266219,0.0421171637842982,0.0438454740811381,0.0476359656313114,0.050920701176233,0.0507856613866561,0.0500985168971089,0.0495229562432249,0.0491881111625639,0.0490775773682393
2024-03-18,0.0392098940036854,0.0393580175369152,0.0399751989253728,0.0409347475079346,0.0419532759414046,0.0440127180486405,0.0474625496998632,0.0505333784799033,0.050401696349802,0.0497104796444769,0.0491218796583177,0.0487956350914831,0.048728541044082
2024-03-19,0.0397382779196472,0.0398796961953975,0.0404689390110237,0.0414641437908638,0.0426137726906385,0.0449382970594139,0.0478322092636471,0.0505088546990301,0.0504015297083005,0.0497866325702888,0.049314555044158,0.0490894024005753,0.0491186300707136
2024-03-20,0.0398848042950668,0.0400295981661278,0.0406329059622155,0.0416057549440963,0.0426247927594652,0.0446852648257055,0.0479601026874306,0.0510026015599429,0.0509266361327807,0.0502765339237197,0.0497595888078499,0.049515912660542,0.0495615064777711
2024-03-21,0.0393732055868673,0.0395222143541685,0.0401430842179234,0.0410874758904583,0.0419368670871741,0.0436543174189951,0.047640368469711,0.0512566611606625,0.0513256943668258,0.0507421117460399,0.0503209821920557,0.0501923471589723,0.050404415323619
2024-03-22,0.0386499823295329,0.0387915547617412,0.0393814398959427,0.040277333601741,0.0410370889642676,0.0425732976093764,0.0470415712365182,0.0500593108323038,0.0500092222505407,0.0494329514170691,0.0490199498345392,0.0488911711074315,0.0490906464152635
2024-03-25,0.039606678472657,0.0396895984723065,0.0400350984708458,0.0407649605447238,0.0417895622905237,0.0438612845018114,0.047608608539662,0.0500080286266638,0.0499085546085121,0.0493520602189231,0.0489672816892537,0.0488655373513582,0.0490944819856418
2024-03-26,0.0395063571375011,0.0395977603527793,0.0399786070831051,0.0407162293614507,0.0416106324088387,0.0434190957134474,0.0475242589408402,0.0500196176842828,0.0499085507173947,0.0493298210411516,0.0488984745674807,0.0487430627989994,0.0488997979070679
2024-03-27,0.0401591701837006,0.0402589587664887,0.0406747445281058,0.0413880712933992,0.0420219947598814,0.0433037740767246,0.0472288118889684,0.0501931507837441,0.0501925962256413,0.0496193857335183,0.0492129089852866,0.0490925940519658,0.0493029951284028
2024-03-28,0.0404289666061283,0.0405245882123276,0.0409230115714914,0.0416232272424327,0.0422576677285487,0.0435404924477282,0.0479050321775532,0.0505106779603,0.0503842413200581,0.0497686206056083,0.0492844126267534,0.049085618175761,0.0492047735918964
2024-03-29,0.0404446189885219,0.0405361435429075,0.0409174958528475,0.0415694633769757,0.0420750001610381,0.0430971844277139,0.0471442549730439,0.0503963471085342,0.0504253494640582,0.0498044389185906,0.0493105864675359,0.0491037331584348,0.049215961157805
2024-04-01,0.0413470353600806,0.0414180933085102,0.0417141680936335,0.0423445032555396,0.0431771293352093,0.044860680968827,0.0482656512393856,0.050656139455581,0.0505842221121079,0.0499951964916976,0.0495337119921542,0.049347969401005,0.049469877842999
2024-04-02,0.0425092901754401,0.0425881609829273,0.0429167893474574,0.0435561443316454,0.0441924157406103,0.0454789425455503,0.0485201646263286,0.0510929747671349,0.0511142520947958,0.0505636082374474,0.0501347286370543,0.0499310665313809,0.0499570803066941
2024-04-03,0.0412067206681063,0.0412648379041151,0.0415069930541513,0.0420181631941688,0.0426571178069285,0.0439490699909703,0.0478558942349098,0.0504099802168029,0.0503894658034005,0.0498465435297645,0.0494089340521841,0.0492086533005516,0.0492623108638111
2024-04-04,0.0406347387081251,0.0406998611787292,0.0409712048062464,0.0415314706538465,0.0421690573185755,0.0434582435417637,0.0471404578420781,0.0503146287737202,0.0504284579734556,0.0498384765602967,0.0493654220449506,0.0491594171196467,0.0492450600620194
2024-04-05,0.040226118629175,0.0403050637094437,0.0406340015438968,0.0412802120062105,0.041851651397785,0.0430070892884412,0.0468454057041014,0.0500730123026222,0.050204430398904,0.0496251842889098,0.0491611300031915,0.0489609197398145,0.0490496148455036
2024-04-08,0.0422880917056695,0.0423795542319196,0.0427606480912952,0.0435090831791036,0.0440141974986021,0.0450355275512143,0.0475341311327196,0.0506692413118999,0.0508794205641677,0.0502847318661034,0.0497871625805815,0.0495352495455681,0.0495355475948577
2024-04-09,0.0418373579291546,0.0418970016660912,0.0421455172366605,0.0426840156527184,0.0433222083759516,0.0446126200361152,0.0474763718089743,0.0515567923841863,0.0519674414769003,0.05131499856116,0.0507723476473508,0.0504875458038554,0.0504577531777897
2024-04-10,0.0427498042457147,0.0428413212564025,0.0432226421342679,0.0440424466790453,0.044938600494457,0.0467506038135313,0.0504206348410977,0.05202144836287,0.0516084692288841,0.0508046325722211,0.0500244456021509,0.0494574408698644,0.0490273861896404
2024-04-11,0.0443856872964903,0.0444855073644388,0.0449014243142242,0.0457442706829963,0.0462482659365378,0.04726733326238,0.0499735040966292,0.0525127210279095,0.0524731375664386,0.0517489204959783,0.0510614482653564,0.0506042274209947,0.0503371666323203
2024-04-12,0.0424908227651031,0.0425575291325644,0.0428354723303196,0.0434394202139676,0.0440791224039852,0.0453725861728121,0.0488256343920469,0.0521911450300787,0.0523295944011225,0.0515892984522048,0.0509008472572577,0.0504680331758554,0.0502642455707115
2024-04-15,0.0445409969477483,0.0445993878430482,0.044842683240131,0.0453683297348861,0.045749540236068,0.0465203394912048,0.0491177135952895,0.0521022847368403,0.0522345209096758,0.0515210938701712,0.0508372413583583,0.0503921053344017,0.0501552734969495
2024-04-16,0.046606110858847,0.0466562725275703,0.0468652794805842,0.0473510438668487,0.0481249977141155,0.0496899153833145,0.0520221714419045,0.0541836677649735,0.0542221104931829,0.0536206472748204,0.053060679763536,0.0527250407517772,0.0526045559989093
2024-04-17,0.0466032187935078,0.0466533150904187,0.0468620496608807,0.0473255953123453,0.0477083115022982,0.0484821552270381,0.0504621097941256,0.0522040620836958,0.0521083434958167,0.0514896861372816,0.0509168533171605,0.0505892268577442,0.0505086052596004
2024-04-19,0.0471543869137614,0.0471243561718836,0.0469992280807261,0.0467410628826791,0.0472602664918253,0.0483100847784508,0.0502187427581417,0.052540188547508,0.0525939508141293,0.0518919580362913,0.0511729436480178,0.0507031068665299,0.0504702748017401
2024-04-22,0.0457446898807541,0.045782147358863,0.0459382201843169,0.0463003091393701,0.0468139813461837,0.0478526152588619,0.0503555371707864,0.0530680237260325,0.0532471461619201,0.0525904058433205,0.0519400210125185,0.0515290660263429,0.0513474041363043
2024-04-23,0.0480078140511892,0.048024240055992,0.04809268174267,0.0482514664557632,0.0485073308525308,0.0490248343879896,0.0504761023610701,0.0529384358261393,0.0531451944393806,0.0525060493345818,0.0518865193180978,0.0515209931423996,0.0514149254042716
2024-04-24,0.048116318543321,0.0481244029449164,0.0481580879515641,0.0482362371669867,0.0487449367232382,0.0497910589148387,0.0514992321399402,0.0527084411397117,0.0525504132416156,0.0519748292129948,0.0514248098391617,0.0511212263290779,0.0510825358248576
2024-04-25,0.04824925172844,0.0482656817545069,0.0483341401964524,0.0484929637817659,0.048748733249481,0.0492663471092699,0.0505155059151889,0.052077808353565,0.0520709625208044,0.0514997409724016,0.0509366062177246,0.0505818988896201,0.0504258477887744
2024-04-26,0.0487540221324651,0.0487872260862363,0.0489255758936165,0.0492465474467387,0.0495115517655319,0.0500252043670111,0.051070496442489,0.0525635016463311,0.0525361181727803,0.0519281883182225,0.0513396080643301,0.0509883113251854,0.0508749221988313
2024-05-02,0.0479316050177597,0.0479514004735952,0.0480338815395764,0.0482252376126529,0.0484857562664567,0.0490026059682307,0.0504398111282673,0.0520664821732792,0.0520988821620135,0.0515249615152077,0.0510097273792415,0.0507458887266875,0.0507470365807857
2024-05-03,0.0483557410517916,0.0483804559891632,0.0484834348948782,0.0487223459561371,0.0489913860997991,0.0495059637776381,0.050745631483194,0.0520988143707635,0.0521127081728053,0.0516099785274352,0.0512135423674962,0.0510870830583234,0.051273325131652
2024-05-06,0.0478449527607193,0.0478697137423326,0.0479728844990547,0.0482122406546499,0.0484855138983249,0.0490004692497997,0.050046502000594,0.0513239090920442,0.0513366022013057,0.050809981296818,0.0503902776364077,0.0502456048184387,0.0504128239249718
2024-05-07,0.0486349963741269,0.0486663501536865,0.0487969909018511,0.049100077437593,0.0491945162252473,0.0492333846243398,0.0500136716546085,0.0510994573549715,0.0509873398015971,0.0503880468418528,0.0498700120244449,0.0496306416545776,0.0496906477662969
2024-05-08,0.0477647082636226,0.047793721831982,0.0479146117001466,0.0481950761942882,0.0485357914759014,0.0491818664217917,0.0506813024759105,0.0523038722820753,0.0523519541140839,0.0517501126155605,0.0512266348227811,0.0509784151355278,0.0510222294836244
2024-05-09,0.048047271381502,0.0480889151821967,0.0482624310184245,0.0486649877584732,0.0490418616043319,0.049685570877429,0.0509921804892167,0.0523410120599314,0.0523479723006361,0.0517934041827329,0.0513293115326803,0.0511418285179227,0.0512618198613664
2024-05-10,0.0480400093035498,0.0480816568770138,0.0482551884331135,0.0486577816432649,0.0490381251061769,0.0496818749229402,0.0509884947501141,0.0523371979251782,0.0523291314023829,0.0517458030142739,0.0512313530851758,0.0509890411461787,0.0510408251007696
2024-05-13,0.0473046553356576,0.047329617481426,0.0474336264221278,0.0476749271645559,0.0481090281319975,0.0490204417910604,0.0504870283459679,0.0516409260484481,0.0515541790499818,0.0509569313477734,0.0504459566996322,0.0502103512664167,0.0502624121159908
2024-05-14,0.0489417244646013,0.0489581183329725,0.0490264261178527,0.0491849001787745,0.0494390569863719,0.0499565128714461,0.0506351914499385,0.0515565023055789,0.0515038482307435,0.0509417497743501,0.0504627411764609,0.0502538449700637,0.0503356453184982
2024-05-15,0.0479416602313107,0.0479581583631027,0.0480269005789026,0.0481863825195586,0.0485869741177895,0.0494998001734345,0.0509713472465071,0.0521280475884214,0.0520688218932466,0.0514975427194417,0.0510137024997646,0.0508236338453556,0.0509648968817117
2024-05-16,0.0476972907138766,0.0477137201927667,0.0477821763548087,0.0479409946507462,0.0483388012127376,0.0492508058536828,0.0507225517871811,0.052069266503453,0.0520711137635834,0.0514564792410885,0.0509213266372785,0.0506796699444282,0.0507543464281671
2024-05-17,0.047731770547546,0.0477460975065959,0.047805793169304,0.0479442871067866,0.0483312665336242,0.0492436939972583,0.0507174151362449,0.0520642929040739,0.0520884380929764,0.0514983937341222,0.0509963132078066,0.0507827240356338,0.0508812045614256
2024-05-20,0.047850178280876,0.0478708957964449,0.0479572187779823,0.0481574880951488,0.048521412586319,0.0493019310996539,0.0508785217177865,0.0521245799452355,0.0520687189955457,0.0514702795145365,0.0509505482224093,0.0507184786941305,0.0507942987334235
2024-05-21,0.0478381123078868,0.0478589330378871,0.047945686079555,0.0481469531362245,0.0485109354454825,0.0492924866662868,0.0508703859340473,0.0521185650924879,0.0520655048046448,0.0514641408504139,0.0509357149073901,0.0507015029173372,0.0507883396408791
2024-05-22,0.0495603377965397,0.0495940008843512,0.0497342637502326,0.0500596735990776,0.050399928136734,0.0509185641062778,0.0516105103305093,0.052150369246943,0.0519259861772119,0.0513242502262853,0.0507930992604872,0.0505410265869001,0.0505797574163314
2024-05-23,0.0521685874782757,0.052168459661591,0.0521679270920717,0.0521666915307867,0.0522514376741588,0.0525133510315255,0.0530472608778425,0.0532286254411648,0.0528042395624495,0.0521686715527679,0.0515589625333895,0.0512271464004491,0.0511870115241782
2024-05-24,0.0490976885878894,0.0491021299768837,0.0491206357643603,0.0491635691913059,0.0494404973867845,0.0502302652664725,0.0516411212761163,0.052628560925895,0.0524471737892234,0.0517668683082072,0.0511070116101497,0.050716398523838,0.0505836707883433
2024-05-27,0.053159880445427,0.0531596995815337,0.0531589459819783,0.0531571976310097,0.0532357610538112,0.0534973645723998,0.0536784843442116,0.0540497194601428,0.0537952450279963,0.0531148551679857,0.0524604919288821,0.0520866713941121,0.0519884425679935
2024-05-28,0.0521657476038982,0.0521656561348584,0.0521652750138595,0.052164390813142,0.052242239341667,0.0525045140883668,0.0530389462430411,0.0532278077108666,0.0528350106101025,0.0522345017060247,0.0516920280878223,0.0514230359885301,0.0514335402470604
2024-05-29,0.052171180700619,0.0521710231780199,0.0521703668338567,0.0521688441153981,0.0522446520271677,0.0525062703865775,0.0530398265206931,0.0532296437574252,0.0528664712122394,0.0523091350006169,0.0518260528329444,0.0515994020279921,0.0516274933225991
2024-05-30,0.0526801799461757,0.0526798323597854,0.0526783840831593,0.0526750240813866,0.0526718060055872,0.0526682763463365,0.0530206953059335,0.0535743417733646,0.0534093914893806,0.0528543601724353,0.0523539291136464,0.0521142794725251,0.0521469426753539
2024-05-31,0.0530206459836082,0.0530285512206492,0.0530614897083201,0.0531379069997164,0.0531871970306237,0.0531797874572758,0.0535259541764093,0.0537199309373898,0.0533549456483308,0.0527896827126441,0.0523015568740226,0.0520867270782542,0.0521540926663358
2024-06-03,0.0515424408006383,0.0515502632879696,0.0515828569851834,0.0516584743627194,0.0517811653109969,0.0520362626742691,0.0525608550490633,0.0527529445806165,0.0523828761184292,0.0518052985509156,0.0513045137780876,0.0510915223417863,0.0511819106716816
2024-06-04,0.0523654018261771,0.0523815355349913,0.0524487593217169,0.0526047185069204,0.052717333814631,0.0527057969937104,0.0530403082769684,0.053587969073186,0.0534183723335958,0.0528349759908543,0.052350561050873,0.0521596646685509,0.0522693020635706
2024-06-05,0.0510440751892837,0.0510519206356743,0.0510846099956354,0.0511604493107452,0.0512831849676885,0.0515384453623221,0.0520630263958935,0.0526070400868252,0.0524321616971946,0.0518373836392254,0.0513241732524233,0.0511067198763012,0.0511967939994082
2024-06-06,0.0505495503662808,0.0505573876973317,0.0505900432433773,0.0506658041102032,0.0507883611470658,0.0510434693629879,0.0515676278814313,0.0521110599402363,0.0519528508918542,0.0513799341149169,0.0509091901204144,0.0507343967878473,0.0508654516720937
2024-06-07,0.0490814042949928,0.0490785255601198,0.0490665308314822,0.0490387030610429,0.0490608327578386,0.0492415616364596,0.0496469399348185,0.0502923194920406,0.0502060898441473,0.049610139228748,0.0490644505239344,0.0487871454267194,0.0487738111195086
2024-06-10,0.0510399035447833,0.0510477210263851,0.0510802938663928,0.0511558628552106,0.0512779068143603,0.0515328834682456,0.0520569936606613,0.0526004896647362,0.0524473747979329,0.0518628566511078,0.051340025596774,0.0510838472654548,0.0510834104366397
2024-06-11,0.0507854489646259,0.050793339760377,0.0508262180760068,0.0509024957682678,0.0510252258245673,0.0512809114393812,0.0518058738001561,0.0523496368042217,0.0522144934103764,0.051654037997502,0.0511557725415555,0.050923948532551,0.0509569214935345
2024-06-12,0.0503219538517917,0.0503509017475373,0.0504715179798108,0.0507513476386854,0.0510233300062407,0.0511425861733399,0.0514798959527024,0.0518870100511231,0.051747836282789,0.051262351023441,0.0509102043088546,0.0508773187338825,0.051213614988696
2024-06-13,0.0506603525823192,0.0506850563094954,0.0507879885060631,0.0510267912021001,0.0512941938462041,0.0515456778524801,0.0519012604752157,0.0521711726445673,0.0519581243220573,0.051435339143094,0.0510117895412681,0.0509102142648042,0.0511841876923379
2024-06-14,0.0505942810816702,0.0506105900103105,0.0506785438796451,0.0508361968565016,0.0510190649946697,0.0512069674176401,0.0516789810323935,0.0521384219133929,0.0519321638377178,0.0513291971421264,0.0508002479765843,0.0505797875762725,0.0506819733252789
2024-06-17,0.0502374672016137,0.0502580512045993,0.0503438178837059,0.0505427965792334,0.0507831162095252,0.0510365224241852,0.0513172478829518,0.0516182515025627,0.0514385066691783,0.0508630616752716,0.0503667824746211,0.0501810287605854,0.0503281879655779
2024-06-18,0.0496362882874015,0.0496611575658443,0.0497647795593557,0.0500051825843023,0.0502979622291552,0.050603843286067,0.0514222391132891,0.0527926790457315,0.0530895620322376,0.0524755476134758,0.0519418962443752,0.051726143660485,0.0518380258212334
2024-06-19,0.0494416835137482,0.0494749215800298,0.0496134135228698,0.0499347148302585,0.0503010064049537,0.0505518612287231,0.0513881531995191,0.0521409418025738,0.0519829466166155,0.0513512767789475,0.0507754593510239,0.0505037234784094,0.0505352455992571
2024-06-20,0.0494876942219511,0.0495191123923841,0.049650021435855,0.0499537304167075,0.0502832326906072,0.0504014350456311,0.0509713793979893,0.0516194663666199,0.0514871521187524,0.0508901279326139,0.0503458319627137,0.0501080210896618,0.0501963175143039
2024-06-21,0.0494421243297842,0.0494541832611617,0.0495044288085677,0.0496209984785496,0.0498065638247154,0.0501922280169747,0.0514511434822684,0.0524233542857216,0.0522866606853385,0.0516859394743756,0.0511583730416295,0.0509402347963639,0.0510381030856066
2024-06-24,0.048830968183903,0.0488473484709609,0.0489155996670358,0.0490739424419294,0.0492846391273815,0.0495389775390673,0.0505273035140989,0.0515595906077201,0.0515466687679681,0.0509397685410284,0.0503973834481824,0.050173733570394,0.0502840973141253
2024-06-25,0.0496229192595994,0.0496476145021866,0.0497505113462998,0.0499892320246425,0.0503281714137128,0.0508428498632616,0.0515778513532179,0.0521123112415176,0.0519775329867756,0.0513501091940287,0.0507778051138427,0.0505238136318498,0.0505971826849856
2024-06-26,0.0494053185384269,0.0494385303082833,0.0495769126826852,0.0498979597912975,0.0503303641007262,0.0508442204476888,0.0515794586347835,0.0524310239960099,0.0525383333390423,0.0519178555956033,0.0513383801312387,0.0510626634031448,0.0510945449206225
2024-06-27,0.0492393372651291,0.049258421213314,0.0493379376640842,0.0495224158298711,0.049827859890025,0.0505308917277119,0.0516737335025519,0.0527048358848303,0.0528201297603625,0.05220951179899,0.0516431838025264,0.0513816950831378,0.0514315182539454
2024-06-28,0.0493916630880222,0.0494041342994415,0.0494560976803549,0.0495766527240741,0.0497976515797433,0.0504243018733728,0.0515974469406498,0.0526998029830449,0.0528476709739703,0.052285808440259,0.0517868148908132,0.0516106467831149,0.051796181459549
2024-07-01,0.0510928998939089,0.0510967948808363,0.0511130239930341,0.0511506755333329,0.0512331717878552,0.0515578418939416,0.0520680563191255,0.0527094790968215,0.0527870578062641,0.052280359840512,0.0518392875452193,0.0516773297053546,0.0518045013347072
2024-07-02,0.0496136710967789,0.0496175322654304,0.0496336204681449,0.0496709450984427,0.0497518513186843,0.0500758359843818,0.0507349054149573,0.0517981534284535,0.0521490567792146,0.0516929830265428,0.0513159983103879,0.0512227196330143,0.0514448519202831
2024-07-03,0.0494767471595143,0.0494839871368959,0.049514153709319,0.0495841401573407,0.0497139144152932,0.0501293140681773,0.0509417347053631,0.0520598591333112,0.0523926202870568,0.0518972694076897,0.0514648776203386,0.0513363378242039,0.0515569607672576
2024-07-04,0.0494353943549298,0.0494419323771804,0.0494691741365577,0.049532375018313,0.0496939060654399,0.0505319760761684,0.0518628958626372,0.0529391229191386,0.0531482217009757,0.052649637162453,0.0522128618154608,0.0520818122866087,0.0523018149311651
2024-07-05,0.0496932774137353,0.0496996801810445,0.0497263583781665,0.0497882517954895,0.0499299423535874,0.0506088276129707,0.0521263123226856,0.053466647540887,0.0537040289385148,0.0532540404760439,0.0529114720112151,0.0529152275657546,0.053350449574643
2024-07-08,0.0492068199700506,0.0492066989029855,0.049206194456881,0.0492050241419184,0.0492563605266635,0.0499514872759126,0.0509731140614451,0.0517451501497657,0.051878315455132,0.0514359410417634,0.0511130071853266,0.0511351745065622,0.0515762899861529
2024-07-09,0.0494270922598673,0.0494185904193501,0.0493831660838618,0.0493009816255289,0.0492369277746175,0.0498946580784205,0.0509289904429194,0.0520377310670599,0.0524287907444719,0.0519851925669423,0.0516677873884975,0.0516928806400866,0.0521231411981325
2024-07-10,0.0507473631534035,0.0507639285671272,0.0508329511243091,0.0509930834569711,0.0512279151265789,0.0514842944232466,0.052009629601256,0.05284960922263,0.0531372549892886,0.0527245440228589,0.0524525802136657,0.0525406378626203,0.0530775991065132
2024-07-11,0.0492045275435102,0.0492044330798933,0.0492040394814896,0.049203126333193,0.0492410792417097,0.0498969961423601,0.0509315167168716,0.0520357231364352,0.0524528698073017,0.0520406017741732,0.0517887518286457,0.0519200846572805,0.0525344630075636
2024-07-12,0.0487532075056221,0.0487699011495634,0.0488394579993189,0.0490008298907517,0.0492580563538855,0.0498443221205228,0.0508854158680847,0.0519747295130933,0.0523489390191007,0.0519717234948202,0.0517579051380062,0.0519142439356276,0.0525408611450595
2024-07-15,0.047115177443572,0.0471192576651329,0.0471362585883034,0.0471757007300588,0.047247705952925,0.0476388931338507,0.0482904178733166,0.0494778476181809,0.0501713439734101,0.0498735367727544,0.0497723789507192,0.050042509765639,0.0507994223547203
2024-07-16,0.047762884961392,0.0477794739155679,0.0478485945579672,0.0480089544483337,0.0482651803137213,0.048915794538101,0.0499492777154278,0.05104023024129,0.051514321948928,0.0511697397956703,0.050990023929989,0.0511658547266895,0.051790529598404
2024-07-17,0.0477633224271166,0.0477798766715726,0.0478488526901392,0.0480088770532136,0.0482638248464449,0.0489140914949798,0.0499484630250259,0.0510375877699638,0.0515026319184707,0.0511318272843165,0.0509142201501047,0.0510487705866272,0.0516169294769706
2024-07-18,0.0473863029521554,0.047398628034796,0.0474499825457987,0.047569125011325,0.0477605554751512,0.0483455266898459,0.0495259520485147,0.0505940119126323,0.0508723377344184,0.0505247014964059,0.0503424280919549,0.0505097851182078,0.0511064667952264
2024-07-19,0.0473254342851204,0.0473520720624005,0.0474630628010676,0.0477205613147753,0.0481209576232364,0.0487164373355479,0.0498371259937085,0.0509100112078262,0.0512608991035871,0.050916183215235,0.0507113559027961,0.0508379197080601,0.0513758531321807
2024-07-22,0.0462504320219773,0.0462671515400069,0.0463368161984635,0.046498438206083,0.0467520175628653,0.0473377141362286,0.0487205896195151,0.0500573187675021,0.0503949377951113,0.0500070116218213,0.0497424915142147,0.0498120292791037,0.0502817887507396
2024-07-23,0.0458660597918607,0.0458702263474503,0.0458875869957403,0.0459278636997733,0.0459910564595491,0.0464464908892661,0.0474353097699688,0.0488568638135322,0.0495701384004501,0.0492304532909699,0.0490370167625706,0.0491927968381587,0.0497916497664762
2024-07-24,0.0462647522652483,0.0462981323949582,0.0464372162687497,0.0467598908559458,0.0472661561565466,0.0479169316650236,0.0492221994403145,0.0502874416745552,0.0505657311069099,0.0503203725393769,0.0502647084892121,0.0505631339265564,0.0513337792361817
2024-07-25,0.0466325620026079,0.0466701331961637,0.0468266798359793,0.0471898680403514,0.0477596978092802,0.0483491047075922,0.0495218560904966,0.0505909417136639,0.0509352136505803,0.0506743603006429,0.050594391357053,0.050866619097322,0.0516034544037776
2024-07-26,0.0463746355532833,0.0464122485206944,0.0465689692182408,0.0469325612365485,0.0475030245756173,0.048031697866113,0.0494696144189041,0.0509447374787644,0.0513505300081565,0.051073635779417,0.050986574255078,0.051253731507147,0.0519683796617369
2024-07-29,0.0462331162480178,0.0462749014858354,0.0464490066434088,0.046852930608979,0.0474866733825461,0.0482824379314447,0.0497181393823964,0.0505202474025173,0.0505074941458857,0.0502222138302781,0.0501023092294909,0.0503382980033313,0.0510401297785355
2024-07-30,0.0459742695497301,0.0460160972953849,0.0461903795689463,0.0465947144436087,0.0472291019193722,0.0480909396161687,0.0495300553319515,0.0501992976661013,0.0501181362231804,0.0498346183995927,0.0497305189591225,0.0499986685811578,0.0507558101351348
2024-07-31,0.0452260947576424,0.0452595706833692,0.0453990537072306,0.045722654322589,0.0462303725294446,0.0471462566451718,0.0489772393380048,0.0498230170933951,0.049549289232695,0.0492609076267246,0.0491474231843116,0.0494084325485256,0.0501634098932008
2024-08-01,0.0449102235211646,0.0449416287289195,0.0450724837612313,0.0453760674361947,0.0458523797538098,0.0467659341082255,0.0480236190990401,0.0488149306581828,0.0491831519808507,0.0489226567784114,0.0488720786071708,0.0492112180998842,0.0500601790239356
2024-08-02,0.0443774764151109,0.0443899116575313,0.0444417251676163,0.0445619325110134,0.0447505336877228,0.0453233193277134,0.0462739070122593,0.0477880415932404,0.0489748521909684,0.0488135508365893,0.0488887969440177,0.0493641645001138,0.0504145957011835
2024-08-05,0.0392777775541926,0.0392780840429431,0.0392793610794039,0.0392823238039927,0.0392869722167098,0.039892237628025,0.041820847641827,0.0439605462249304,0.0447464392729,0.0446586720984114,0.044849502418208,0.045404837651799,0.046450544641534
2024-08-06,0.0431570439075475,0.043224033682718,0.0435031577459282,0.0441507255725759,0.045166737162661,0.0460428745699882,0.0473511868153905,0.0484107806606922,0.0489184556103275,0.0487747480605519,0.0488449882088529,0.0492425820475234,0.0500722569509215
2024-08-07,0.0407677405427453,0.0407838254377149,0.0408508458334219,0.041006333151462,0.0412502873918352,0.041887938048186,0.0430004081955992,0.0452912974815439,0.0473461268004668,0.0472063204649228,0.0472798700486967,0.047690906317232,0.0485604608887844
2024-08-08,0.040064155917642,0.0400827723796854,0.0401603409715331,0.0403403001046196,0.0406226497789449,0.0417883490067191,0.0441604554055961,0.0464821049471346,0.0476873275829873,0.0475410778615412,0.0476048789902078,0.0480066752644683,0.0488655020317419
2024-08-09,0.0412761159710841,0.0412762233712372,0.0412766708718754,0.0412777090733559,0.0412793379756787,0.0418692556015305,0.0431802234852009,0.0456878720417128,0.0477469823132083,0.0475675026482651,0.0475833219275773,0.047939586826405,0.048749188389903
2024-08-12,0.0417122447769233,0.0417834361341673,0.0420800667893508,0.0427682499093763,0.0438479854942439,0.0453037513305068,0.0474415427893095,0.0486487107930506,0.0490891935983558,0.0489381196245765,0.0489995998543108,0.0494222557767536,0.0503447389197968
2024-08-13,0.0419108696314807,0.0419527071606222,0.0421270301987119,0.0425314596470798,0.043165995505726,0.0445803106103225,0.0469784587910636,0.0485945420869668,0.0492807537018368,0.0491619015055376,0.0492835656216645,0.0497764369311974,0.0507825717602436
2024-08-14,0.0422209451522116,0.0422836557992965,0.0425449501621503,0.043151153083971,0.0441022645647587,0.0454198522728329,0.0474208675327474,0.0487549759477707,0.0493691526387685,0.0492467746415052,0.0493606977967902,0.04983618913773,0.0508017917144643
2024-08-15,0.040778886578801,0.0408175018489538,0.0409783988079236,0.0413516797527337,0.041937344683384,0.0431097783608062,0.045516609423797,0.0477407326777523,0.0486806820897605,0.0484577872621337,0.0484193557936369,0.0487349993364314,0.0495049144906624
2024-08-16,0.0418835323129774,0.0419254322404289,0.0421000152714765,0.0425050479035069,0.0431405301365202,0.0445532106492954,0.046960674324462,0.048701641404812,0.049507428842993,0.0492776928463208,0.0492129464875791,0.0495154901660416,0.0503229522022026
2024-08-19,0.0421432093121289,0.0421767293017187,0.0423163959250095,0.0426404224910443,0.043148808999823,0.0445211855724202,0.0469392577790882,0.0486835146042852,0.0494915354784569,0.0492309032240021,0.0491231869044275,0.0493700158736439,0.0500744835482047
2024-08-20,0.0415932644802712,0.0416283849454862,0.041774720217215,0.042114218047626,0.0426468784367192,0.0440235558994649,0.0462149406557669,0.047768918526187,0.0487442213256039,0.0484869015541798,0.0483869521385529,0.0486415324431144,0.0493484533589534
2024-08-21,0.0407932602797656,0.0408518446931321,0.0410959464154927,0.0416622624113691,0.0425507926807615,0.0440395812252377,0.04622887126553,0.0476616007376084,0.0485079547413524,0.0483125924256988,0.048295084740401,0.0486305437730101,0.0494378454689712
2024-08-22,0.0405641217698484,0.0406144040256939,0.0408239134250502,0.0413099752315568,0.0420725894452137,0.0435219982216439,0.0457184413027506,0.0471516699583455,0.0480048090637596,0.0478134598271907,0.0478080130520946,0.0481571854921547,0.0489727064800986
2024-08-23,0.0405226372928308,0.0405812481194739,0.0408254598971535,0.0413920312213701,0.0422809620921238,0.0437197458973704,0.0457866072918318,0.0469695971416274,0.0475858530071353,0.0473908128626514,0.0473878788663299,0.047745126413623,0.0485687196306069
2024-08-26,0.0402463987157964,0.0403049974462858,0.0405491588233247,0.0411156132180551,0.0420043606304768,0.0433967833434326,0.0455627456791759,0.0473747051125759,0.0486027567401709,0.0484865658260462,0.0486120834463857,0.0491190595369379,0.0501395539713155
2024-08-27,0.0393246456354815,0.0393523436788889,0.0394677521930864,0.0397354999460248,0.0401555869377038,0.0408429710524503,0.0428767835503929,0.0456321089770529,0.0468953335286797,0.0467864104979551,0.0469308982450989,0.0474475620302692,0.0484412266856044
2024-08-28,0.0392397691647228,0.0392983124693702,0.0395422429054011,0.0401081615169929,0.0409960683041456,0.0426023356956512,0.0450808269024061,0.046662373075217,0.0475903305165885,0.0475230056394316,0.0477087100088427,0.0482621298033485,0.0493179900508354
2024-08-29,0.0383726036195736,0.0384060857525868,0.038545594640142,0.0388692552592699,0.0393770676099706,0.0405061320504155,0.043120010235121,0.0460221329032401,0.0475513524105256,0.047463509393015,0.0476240298258912,0.0481587193353486,0.0491981629163865
2024-08-30,0.0385292323248949,0.0386003166926413,0.0388965015582512,0.0395836504464662,0.0406617633572864,0.0420918248897751,0.044449935638105,0.0464883552091162,0.0474911030538992,0.0473890416505046,0.0475119200477385,0.0479930456806427,0.0489579793468822
2024-09-04,0.038433080696353,0.0384707686592181,0.0386278018378227,0.0389921188121854,0.0395637195823062,0.040928379076421,0.0437925529403633,0.0464489110056888,0.0477976464524643,0.0477006119005803,0.0478272198437686,0.048324231197186,0.0493334014090384
2024-09-05,0.0383802627182776,0.0384329599463134,0.0386525317297957,0.0391619382674747,0.0399611795593504,0.0417720031971667,0.04422275362647,0.0453052953241254,0.0466660843775916,0.0466466182715638,0.0468846007523883,0.0474882988269658,0.0486127987898754
2024-09-06,0.0372325376822307,0.0372782056316122,0.0374684887540347,0.0379099455980551,0.0386025761636733,0.0403877910024587,0.0437129764223217,0.0460769400996,0.0473257251428505,0.0472532427498352,0.0473999051501683,0.0479074328288616,0.0489302381343532
2024-09-09,0.0373154318999659,0.0373823987507797,0.037661427295837,0.0383087735203701,0.0393244374243789,0.0409174747844218,0.0437736905621067,0.0460894909613945,0.0469166362542866,0.0469254077986653,0.0471888859393244,0.0478113049522394,0.0489628931118914
2024-09-10,0.0378359275432297,0.0378819772254426,0.0380738509013296,0.0385189978293876,0.0392174180096165,0.0410713840347212,0.0443266374002723,0.0460024263538601,0.0467525067439147,0.0467682605425176,0.0470518744654424,0.0477043407866894,0.0488954441509986
2024-09-11,0.0368637689355125,0.036902341773404,0.0370630619312853,0.0374359326975699,0.0380209540722578,0.0399311899987541,0.0431824056845739,0.0447191850234893,0.0458983641162852,0.045878440871146,0.0460986680102458,0.0466924979351383,0.0478457214727887
2024-09-12,0.0367152473337659,0.0367471029216961,0.0368798345380719,0.0371877718880637,0.0376709149716716,0.0396680307785935,0.0429995543053304,0.0441933020247015,0.0453825915064943,0.0453718672097841,0.0456297861678009,0.0462776236981213,0.0474868814923932
2024-09-13,0.0351119844729408,0.0351704959890388,0.0354142939727803,0.0359799052950604,0.0368673299558793,0.038771172478864,0.0420948968321953,0.0442734547874178,0.0454714361896673,0.0454967486171416,0.0458161682042963,0.0465308287762712,0.0478133281582665
2024-09-16,0.035208322837045,0.0352833800871485,0.0355961186292461,0.0363216720469125,0.0374600403401477,0.0393767167534843,0.0424084704834372,0.0445526870369034,0.0458499442534982,0.0458594316135623,0.0461387834374612,0.0468036032414189,0.0480299286866685
2024-09-17,0.0342610972732865,0.0343279018626143,0.0346062543181467,0.035252032014982,0.0362652349531201,0.0382429815242982,0.0415794331337052,0.0437609300355949,0.0449548608203322,0.0449157466852593,0.0451096334852987,0.0456773890457784,0.0467861567618504
2024-09-18,0.0352605492689663,0.0353398707138735,0.03567037673432,0.0364371507017559,0.0376401926161811,0.0393353229912749,0.041958162957824,0.0442827808001239,0.0455739646527501,0.0455328449643467,0.0457356895343561,0.0463270502677755,0.0474746714364931
2024-09-19,0.0358723958225101,0.0359099450861361,0.0360664003512444,0.0364293765662956,0.0369988737312898,0.0387553037710141,0.0423089843233528,0.04459819142804,0.0457213991480133,0.0457607014227305,0.0460615162537362,0.0467383925730181,0.0479951095327644
2024-09-20,0.0358794851238304,0.0359421381612713,0.0362031924839417,0.0368088385125371,0.0377590762470575,0.0394777495267948,0.0424486606725684,0.0446829922983656,0.0458273611510194,0.0458553909109007,0.0461461203538521,0.0468085167146918,0.0480217860528558
2024-09-23,0.034514228559529,0.0345727663462451,0.0348166737908956,0.0353825390624847,0.0362703621610125,0.0381659388872791,0.0415306307397318,0.0437225633578656,0.0449911394742583,0.045081732377802,0.0454514049512937,0.0461803955598236,0.0474635201803384
2024-09-24,0.0341856200401033,0.0342571381619635,0.0345551303363813,0.0352464721810304,0.0363311636959109,0.0380648701336148,0.0406576849032304,0.0425435023484541,0.043891216389195,0.0440272100360953,0.0444574372250854,0.0452441069607095,0.0466003388816409
2024-09-25,0.0342452290180453,0.0343162870113946,0.0346123619836836,0.0352992559193939,0.0363769688185256,0.0381938779040188,0.0411715426014748,0.0435919969222109,0.045158963101063,0.0452836469799631,0.0457133776463405,0.0465113485269701,0.047874888152567
2024-09-26,0.0346501618334925,0.0347170356077912,0.0349956763340362,0.0356421228189244,0.0366563750624559,0.0383887646636646,0.041153025827853,0.0436165064946901,0.0458248856688349,0.0458927726068484,0.0462420187622703,0.0469717379932452,0.0482770386282413
2024-09-27,0.034226803902901,0.0342978182917408,0.0345937115785734,0.035280184004025,0.0363572355680957,0.0380713003731402,0.0409344880634882,0.0436801275265418,0.0454184463480447,0.0454628939473649,0.0457827151712583,0.046484978730519,0.0477495224595789
2024-09-30,0.0340290314668574,0.0340917311313617,0.0343529797334629,0.0349590764903377,0.0359100214019861,0.0378883303023619,0.0413278879002487,0.0436504997231913,0.0454097840291442,0.0454533861042443,0.0457716634903033,0.046471596367315,0.0477259833330682
2024-10-01,0.0344392403377658,0.0344977523994187,0.0347415526563059,0.0353071692522841,0.0361946021873535,0.0380830812300464,0.0414805682142349,0.043938374257865,0.045783583243682,0.0457749087483623,0.0460374752848497,0.0467045146927806,0.0479279437216181
2024-10-02,0.0343052005908036,0.0343703904579823,0.0346420149045606,0.0352721836206222,0.0362608966061671,0.0382601141098915,0.0416505765614119,0.0439219900846707,0.0457959535705227,0.0458541537890352,0.0462087397206817,0.0469672651996294,0.0483118905107146
2024-10-03,0.0343863952554147,0.0344578362071322,0.0347555068392887,0.0354461027058916,0.036529623806941,0.0386519863827098,0.0422359652243351,0.0446065197673581,0.046280730599964,0.0462924384026791,0.0465668207821782,0.0472418412482678,0.0485026748520145
2024-10-04,0.0351097811598711,0.0351791152042698,0.035468007055931,0.0361382361517849,0.0371898024918315,0.0392402177300371,0.04264138035327,0.0447452216017211,0.0462163510940895,0.0461614751764593,0.0463093801471488,0.0468268273585289,0.047881073890942
2024-10-07,0.0372706859425364,0.0373512649154198,0.0376870106357673,0.0384659407069734,0.0396880551290381,0.0416788023272055,0.0446007468376883,0.0463891395359945,0.0470820514303644,0.0469529298653594,0.0469820482854109,0.0473740508642845,0.0482754787178208
2024-10-08,0.0373659919982867,0.0374243946876285,0.0376677392265528,0.0382322985568571,0.0391180726785414,0.0406982375369454,0.0433927043690329,0.045537273863967,0.0466341908864842,0.0465390651288435,0.0466257181889826,0.0470714145632649,0.0480071818384759
2024-10-09,0.0366748087337391,0.0367374663799466,0.036998539905811,0.0376042304858165,0.0385545381199631,0.0402299945444367,0.042979122731157,0.0450688087720698,0.0462655330591108,0.0461612154916989,0.0462231645604727,0.0466414970200635,0.0475624441340386
2024-10-10,0.0371342601580847,0.0372094198176788,0.0375225850659875,0.0382491284420638,0.0393890499459077,0.0409731806141392,0.04303455586953,0.0451529879740476,0.0466655750603357,0.0466051774301065,0.0467402267948109,0.0472298848156835,0.0482096762306967
2024-10-11,0.0368294026755489,0.0368878949028356,0.03713161251653,0.0376970373803009,0.0385841694941484,0.0402452086847589,0.0430551352252223,0.0450134839212824,0.0461461403543439,0.0461260639176498,0.046332587379726,0.0469119710368019,0.0480172337149628
2024-10-14,0.0366943047418554,0.0367611223251862,0.0370395289223978,0.0376854322279286,0.0386988322417787,0.0403014446438271,0.0426829950916528,0.0447827134893164,0.0460314283429257,0.0460219506742895,0.0462408603309184,0.0468373516525302,0.0479779818821225
2024-10-15,0.0364383334470522,0.036505120060934,0.0367833976187746,0.037429001552965,0.0384419318635051,0.0401892927539103,0.042875988670462,0.0447792640377104,0.0460224178050271,0.045975748460289,0.0461299020733218,0.0466551310961114,0.0477146656623879
2024-10-16,0.0362030565160798,0.0362865571530483,0.0366344764737504,0.0374416492977794,0.0387080756251352,0.040731649043601,0.0435476308930357,0.0455095660054522,0.0466480055249662,0.0465756071703387,0.0466912262041664,0.0471777443751065,0.0481885734732382
2024-10-17,0.0359138316992198,0.0359806597412845,0.0362591099165544,0.0369051143231804,0.0379186729611627,0.0397764119000215,0.042718789653152,0.0444137568215175,0.0453684161351079,0.0453395602352112,0.0455181512061223,0.0460511974805101,0.0470757429984711
2024-10-18,0.0363984786516385,0.0364653184974909,0.0367438178552093,0.0373899363651159,0.0384036740272107,0.0402296207518601,0.0431166211820953,0.0449488479265383,0.0460128990887045,0.0460021744571048,0.0462107483863511,0.0467818354031059,0.0478642223923947
2024-10-21,0.0377205274875784,0.0377790622225417,0.0380229569515552,0.0385887927228668,0.0394765695364762,0.0411185974709551,0.043895456851993,0.0459359754247315,0.0470210050117449,0.0470432761782178,0.0472878928080197,0.0478840784567953,0.0489961822571062
2024-10-22,0.0386795382031916,0.0387382803870115,0.0389830394862613,0.0395508805965207,0.0404418037177897,0.0419917205305329,0.0444510839023507,0.0465739683413437,0.048178533067373,0.0481849384706351,0.0484006903326071,0.048959940097056,0.0500173095130763
2024-10-23,0.0386453480320185,0.0387069665874468,0.0389637105683981,0.0395593566042051,0.0404939046948677,0.0420971351631883,0.0445422821300551,0.0464612446596874,0.0477601322603581,0.0477602811357342,0.047938235089897,0.0484216355668151,0.0493590461545869
2024-10-24,0.0392268333410005,0.0392729578960705,0.0394651435421955,0.0399110142412055,0.0406105699931005,0.042033080235196,0.0446270413290853,0.0464468048839793,0.0477528312638806,0.0477578657145628,0.0479499820906288,0.0484588386191992,0.0494375225865939
2024-10-25,0.0397753658423825,0.0398089805874167,0.0399490420250591,0.0402739845603895,0.040783808193408,0.0420727846061127,0.0449351930195547,0.0469576328218297,0.048262342863225,0.0482490234103708,0.048423071705191,0.0489306112993538,0.0499260029287486
2024-10-28,0.0411269046906091,0.0411521594994437,0.0412573878695877,0.0415015176883218,0.0418845489556461,0.0428455221393739,0.045062573964841,0.046990562031023,0.0486253813446778,0.0485836797355661,0.0487073599853996,0.0491583951853946,0.0500848429672434
2024-10-29,0.0406342812011882,0.0406779594221563,0.0408599520095234,0.0412821748122151,0.0419446278302313,0.0432121235308751,0.0454764667282756,0.0475038147562601,0.0491379505262249,0.0490744602325587,0.049152572669729,0.0495264852175844,0.0503058478153496
2024-10-30,0.0407522501088663,0.0407857478031976,0.0409253215295778,0.04124913257478,0.0417571809388041,0.0427901057667448,0.044866666084256,0.046997700928235,0.0486278564939003,0.0485246379549808,0.0485470755118551,0.0488932908372817,0.0497047279810511
2024-10-31,0.0404756978712384,0.0405259633897873,0.0407354030504078,0.0412213030630471,0.0419836634277055,0.0432976312396161,0.0452483202978378,0.0469657959432387,0.0485886574719889,0.0484121236194934,0.0482884320336866,0.0484475470745682,0.0490211092059849
2024-11-01,0.0404730738147608,0.0405232905281325,0.0407325268338478,0.0412179550631074,0.0419795752159112,0.0432952216346387,0.045246291524833,0.0469618010946496,0.0486088660005869,0.0485130523182706,0.0485199631616511,0.0488063327609165,0.0494950349917932
2024-11-04,0.0404156111504879,0.0404661012145664,0.04067647648156,0.0411645471009853,0.0419303130728423,0.0432602066965777,0.0452203796155212,0.0470534262447742,0.0491504056518809,0.0490440778129242,0.0490341699325867,0.049299690834079,0.0499487842241768
2024-11-05,0.0406089665472745,0.0406552105366803,0.0408478938258713,0.0412949190567944,0.0419962862294495,0.0432539714371801,0.0453297634555105,0.0474618171007058,0.0491197229521769,0.0489708016095709,0.0488929125562154,0.0490790544462257,0.0496082504077893
2024-11-06,0.0414095415603395,0.0414598758150223,0.0416696018762006,0.0421561663381343,0.0429195692008234,0.0442791441134019,0.0464270512771193,0.048453630847883,0.0501296147819467,0.0500273143177952,0.0500043355644349,0.0502438524259413,0.0508806919681724
2024-11-07,0.0428128017688624,0.0428540148865409,0.0430257362102013,0.0434241296810935,0.0440491952992174,0.0451669406569405,0.0469848617945736,0.0486831155701522,0.0495042815506241,0.049443500751998,0.0494889280759419,0.0497947429192952,0.0504862742066435
2024-11-08,0.0422154605531433,0.0422470568863521,0.042378708274722,0.0426841394957401,0.0431633505494064,0.0442265872367564,0.0464457079736104,0.0480708399203136,0.0494207189855946,0.0492533127555182,0.0491549566887195,0.0493654389772892,0.050024613807134
2024-11-11,0.0419491300712203,0.0419870251644867,0.0421449213864298,0.0425112406213379,0.0430859828692108,0.0442267113258219,0.0463310762997608,0.0480357975579198,0.0492760162346283,0.0490402017532804,0.0488318447120453,0.0489189375951102,0.0494025828415932
2024-11-12,0.0428797074657437,0.0429134649870059,0.0430541213255985,0.0433804440311331,0.0438924331036099,0.044854923037498,0.0465973861677941,0.0484707818111241,0.0494947359684912,0.0492570714712876,0.0490301748779653,0.0490715376836507,0.0494690991140922
2024-11-13,0.0455066863925064,0.0455320253845838,0.0456376045182395,0.0458825481083208,0.0462668561548276,0.0471462842164951,0.0491311041819247,0.0506318975251545,0.0514591482272619,0.051311566464251,0.0512262272729416,0.0514057037696947,0.0519427295932109
2024-11-14,0.0458443587292455,0.0458780791494561,0.0460185809003337,0.0463445449623696,0.0468559713355639,0.0478694201817892,0.0495704014705529,0.0503397995692229,0.0512991182081683,0.0511881689519621,0.0511454181479206,0.0513442300408274,0.0518778861691629
2024-11-15,0.0461724973296761,0.0462146618556982,0.0463903473807901,0.0467979377990033,0.0474374331103379,0.0483954023943611,0.0492702252276777,0.0506191116530775,0.0516818676853555,0.0515087173769355,0.0513717772227212,0.0514878690413988,0.0519517804744491
2024-11-18,0.0461466644706076,0.0461888693911662,0.046364723226827,0.04677270412556,0.0474128120873653,0.0484793852962479,0.0497779620691543,0.0510244472271166,0.051653557550436,0.0515414761098422,0.0515128453062754,0.0517576658341878,0.0523800979904582
2024-11-19,0.0460151615501999,0.0460447328376276,0.0461679465352433,0.0464538023137115,0.0469023001730324,0.0477341072890641,0.0490862126833352,0.0503310414411175,0.0512513262715489,0.0510917312525235,0.0510033749499202,0.0512209782707878,0.0518611200481568
2024-11-20,0.0449002724878439,0.0449171994666117,0.044987728544811,0.0451513560062334,0.0454080818508789,0.0460179623638338,0.0476752075160607,0.0496333613697669,0.0504806111087685,0.0503362757486137,0.0502573921611341,0.0504644177254687,0.0510778940142611
2024-11-21,0.0444660258675146,0.0444663461756681,0.0444676807929745,0.0444707771051253,0.0444756351121205,0.0449024504086521,0.0471606355215219,0.0484331639525552,0.0497442853371255,0.0495811117923213,0.0494920258761911,0.0497031149925861,0.0502953637583708
2024-11-22,0.0456955276083244,0.0456959058703444,0.0456974819620946,0.0457011384949549,0.0457068754689255,0.0459764277466019,0.0476403141781811,0.0495633969396931,0.0501796704672594,0.0499729006532245,0.0498036716325921,0.0499424070357421,0.0505167695305716
2024-11-25,0.0466419067715592,0.0466631563315982,0.0467516961650939,0.0469571085788038,0.047279393572728,0.0478697524622955,0.0488261366209432,0.0500002691978691,0.0507442971155807,0.0504847768469165,0.050245378907544,0.0503424010152685,0.0509058243309803
2024-11-26,0.0469304901953723,0.0469558791148329,0.0470616662792523,0.0473070925007053,0.0476921577791919,0.0483504088156148,0.049047671694893,0.0494130499280026,0.0500591598020954,0.0498298111829571,0.0496347844929532,0.0497832552654235,0.0504357528369945
2024-11-27,0.0468528973913273,0.0468698794856416,0.0469406382119512,0.0471047984569894,0.0473623602207563,0.0479238006625923,0.0490654615144362,0.0494250437831307,0.0500766444482023,0.0498799641874322,0.0497365943702029,0.0499104789653869,0.0505037982709231
2024-11-28,0.0446011121910858,0.044643226528851,0.0448187029362056,0.0452258082012684,0.0458645423240393,0.0470031175177817,0.0484784402018769,0.0495703925865343,0.0505564528215227,0.0503221791046177,0.050133390493356,0.0502890219929027,0.0508942633759679
2024-11-29,0.0446556199373031,0.0446768086463186,0.0447650949338832,0.044969919121033,0.045291281207768,0.0459997496244037,0.0476145329363361,0.0488218423609702,0.0498107651102711,0.0495752057365443,0.0493800832320623,0.0495391805099937,0.0501929952456699
2024-12-02,0.0446412352869229,0.0446624566103045,0.0447508787910611,0.0449560182504166,0.0452778749883708,0.0459475211823173,0.0473432655141023,0.0485919386980393,0.0498240834735854,0.0495408172617354,0.0492560792144929,0.0493186045273051,0.0498869515645953
2024-12-03,0.0447051404298194,0.0447347411998523,0.0448580777416563,0.0451442185186414,0.0455931635308078,0.0464134965527597,0.0475827282166527,0.04879457994902,0.0497994966649382,0.0495517541221645,0.0493281690882444,0.0494480818829174,0.0500459810867832
2024-12-04,0.0449130358830152,0.0449384605605465,0.0450443967169268,0.045290168599729,0.0456757762089532,0.0464565974286768,0.0479472645805729,0.049059417530499,0.0501921731352751,0.0499781210607013,0.0497912518123304,0.0499223234025829,0.0505114756078139
2024-12-05,0.0444225514838043,0.0444187806529062,0.0444030688574976,0.0443666174921495,0.0443094265568621,0.0444812832071551,0.0463046635118455,0.0474090469215027,0.0492587213239317,0.0490116765661501,0.048765658172229,0.0488219031158466,0.049300102190748
2024-12-06,0.0446453485452969,0.0446373356596693,0.044603948636221,0.044526490741821,0.0444049619764693,0.0444573059740519,0.0461195075812961,0.046891617703412,0.04887595640252,0.0486684687009411,0.0484957138296694,0.0486549777455395,0.0493017074460467
2024-12-09,0.0439614487033323,0.0439952466249908,0.0441360712985677,0.0444627845412661,0.044975386353086,0.0459196178642834,0.0471523844578473,0.048026563841127,0.0491833926596169,0.0489797400473181,0.0488155385346106,0.048990884008486,0.0496618865034476
2024-12-10,0.0443227880409472,0.044339939839324,0.044411405665894,0.0445772063835364,0.0448373419922512,0.0453781886932719,0.046590676798956,0.048145967627428,0.0496208492872264,0.0494409868384159,0.0493077694567787,0.049498719225707,0.0501612308668124
2024-12-11,0.0466821272450365,0.0466825120198573,0.0466841152482775,0.0466878347382125,0.0466936704896621,0.0468083286918355,0.0477607621236695,0.0489203403011407,0.0494863045381342,0.0493355310070449,0.049250290161999,0.0494957934495556,0.0502315397330908
2024-12-12,0.0468053307827523,0.0468270144316291,0.0469173629686159,0.0471269715744251,0.0474558402490569,0.0480452802707052,0.0487266434628639,0.0496501386345051,0.0502235710724774,0.0500984317433551,0.0500612752443577,0.0503627453284368,0.0511540790639137
2024-12-13,0.0475169363293086,0.047529775012393,0.0475832695252447,0.0477073767950607,0.0479020968218408,0.0483099917805414,0.0491958865839249,0.0499116001258226,0.0507334957881678,0.0505953773351281,0.050517239662037,0.0507520046955228,0.0514657405304631
2024-12-16,0.0468691594533523,0.0468987538319387,0.0470220637427154,0.0473081427357173,0.0477569908109445,0.0486264218100556,0.0500292314100167,0.0512295679076965,0.052172225474126,0.0520221600823706,0.0519240185279454,0.0521311198928084,0.0527841238642112
2024-12-17,0.0468671754099965,0.0468967452340567,0.0470199528343078,0.0473057944668901,0.0477542701318039,0.0486240764412157,0.0500269910665223,0.0512275773351707,0.0521720596815729,0.052009085531526,0.0518640317539861,0.0519790012718041,0.052487788707264
2024-12-18,0.0466352119797764,0.0466689998197278,0.046809782486192,0.0471363982723888,0.0476488471783182,0.0486243010969377,0.0500265297312947,0.0512269631874156,0.0521774990249863,0.0520473763428326,0.0519669945457525,0.0521595374094281,0.0527427166850576
2024-12-19,0.0468223949898743,0.0468478743060785,0.0469540381235959,0.0472003381802362,0.0475867744759996,0.0483445761711962,0.0496465465041314,0.050972450059437,0.0519270709541001,0.051802982622583,0.0516877539962233,0.0517744625096012,0.0521926707664444
2024-12-20,0.0475542136684621,0.0475797429239405,0.0476861148217671,0.0479328976247247,0.0483200913328133,0.0490681828561965,0.0502408751208175,0.0514487380123186,0.0524137278877865,0.0523321354820913,0.0522944990627016,0.0524666233744055,0.052962233968299
2024-12-23,0.0487445887810087,0.048761675935482,0.0488328724124538,0.0489980482390285,0.0492572034152061,0.049759872858161,0.0504994323766958,0.0508546798461226,0.051844474853653,0.0517764458787391,0.0517434582727465,0.0518976437937222,0.0523689732268688
2024-12-24,0.0492318482028757,0.0492489704518933,0.0493203131561333,0.0494858282299702,0.049745515673404,0.0502291500413363,0.0507948588885129,0.0518257996903025,0.0520510969977108,0.0520130846404538,0.0520187968442986,0.0522073617046633,0.0527454340226028
2024-12-25,0.0497199119995885,0.0497370619890409,0.0498085202784255,0.049974303509798,0.0502344116831583,0.050710240342671,0.0511444612177563,0.0520881941653836,0.0526985005171788,0.0526470530817206,0.0526262667251923,0.0527742433496528,0.0532398993788645
2024-12-26,0.0494689026881181,0.0494860614796821,0.0495575564445322,0.0497234247629844,0.0499836664350387,0.0504615282583007,0.0508547370153639,0.0512683005666097,0.0514559204355275,0.0514367055703765,0.0514668565245735,0.0516636378322013,0.0521795681636764
2024-12-27,0.0491299436032625,0.0491487544986247,0.0492271332293005,0.0494089718844685,0.0496942704641285,0.0502080482755684,0.0504503699522855,0.0504869194734334,0.0506065447508478,0.0506141639579517,0.0506975122367283,0.0509671834118457,0.0515850065370829
2024-12-30,0.0486673998890369,0.048689960371987,0.0487839623842793,0.0490020470527975,0.0493442143775416,0.0499739515689359,0.0503631592913487,0.0507548156021328,0.0506127585329591,0.0506572408483475,0.0508018863642763,0.051145398177799,0.0518787771507453
2024-12-31,0.0482640166797005,0.0482894249841343,0.0483952929192749,0.048640906528801,0.0490262658127127,0.0497589748941547,0.0505686556424083,0.0518456799604081,0.0518125001899041,0.0518322379686171,0.0519263030622656,0.0522158121462899,0.0529296897770534
2025-01-02,0.0480071008941446,0.0480325187288932,0.0481384263736791,0.0483841321095824,0.048769635936603,0.0494997023503215,0.050205275806384,0.051932027175848,0.0529392704270768,0.0529690642948251,0.0530965800757596,0.0534473287303714,0.0542415814561232
2025-01-03,0.0477518268259901,0.0477772752760746,0.0478833104847604,0.0481293121689113,0.0485152803285273,0.0492283525136768,0.0495681946624725,0.0514269755691173,0.0524357450586939,0.0524304160751666,0.0525029348912257,0.0528026839323717,0.0535448174681642
2025-01-06,0.0477394418432573,0.0477648875253604,0.04787091120079,0.0481168861277865,0.04850281230635,0.0492435884150097,0.049949657648684,0.0519279902119386,0.0526770337401437,0.0526783408323115,0.0527608602145967,0.0530650269147626,0.0537926282273225
2025-01-07,0.0482087376550848,0.0482215448176329,0.0482749079949166,0.0483987105662148,0.0485929525315275,0.0489536567366248,0.0490530208736923,0.0514329900752379,0.0523190010224714,0.0523696692934216,0.0525262714705159,0.0528926075680589,0.0536760579882353
2025-01-08,0.0489555591282337,0.0489683032539322,0.0490214037776759,0.0491445969927614,0.0493378828991885,0.0496789171903925,0.0492391157861238,0.0508496643171541,0.0516227604018394,0.0517705168200961,0.0520831207756794,0.0525861227259462,0.0534572253239275
2025-01-09,0.0477316405712148,0.0477570462598983,0.0478629032960795,0.0481084916200199,0.0484938112317194,0.0492269260511826,0.0495586426984838,0.0519483146606624,0.0529710984506774,0.0530612805235505,0.0532819870887791,0.0536951683188595,0.0544654350567225
2025-01-10,0.0474704189345681,0.0475001553690178,0.0476240571792248,0.0479115093789052,0.0483625119680588,0.0492361994822424,0.0499276882220822,0.0519201410707621,0.0527077497463371,0.0528060640311822,0.053024984506701,0.0534067078570097,0.0541129947170068
2025-01-13,0.0486775139463135,0.0486946606255454,0.048766105122345,0.0489318563549203,0.0491919143232711,0.0497113238713195,0.0505213278865263,0.0523944481192254,0.0531615052644113,0.0531663481608979,0.0532089934457783,0.0533739181985641,0.0538220745914363
2025-01-14,0.0495142195830356,0.0495127594852072,0.0495066757442554,0.0494925614652474,0.049470416648183,0.0494391518312885,0.0499909274139214,0.0516235139324093,0.0530776420348444,0.053138633896915,0.0532724026801227,0.0535312673471865,0.0540960362368752
2025-01-15,0.0491708429940968,0.049171054811145,0.0491719373821789,0.0491739849469777,0.0491771975055413,0.0492085475503327,0.0505284361425498,0.0524036101521796,0.053173938261594,0.0532545769873754,0.0534251409372599,0.0537443427734811,0.0544382854886698
2025-01-16,0.0482448898296001,0.0482568047813142,0.0483064504134564,0.0484216282800262,0.0486023383810238,0.0489682257816391,0.0497351999165247,0.0512186653768999,0.0520253899946041,0.0521178677111177,0.0523266034014886,0.0527103064419842,0.0534673361063405
2025-01-17,0.0476877273628547,0.047696367740301,0.0477323693129939,0.0478158929616416,0.0479469386862439,0.0482225883653465,0.0495281845824155,0.0508791092965852,0.0519310560930398,0.0519798953333018,0.0521267955007427,0.0524708830479465,0.0532140511248432
2025-01-20,0.0476952940020893,0.0477323718859929,0.0478868630689244,0.0482452826133256,0.0488076305191964,0.049935400839825,0.0505037017696632,0.0523930034285562,0.0531176078982431,0.0531676022012411,0.0533134146630562,0.0536605740840393,0.0544392497071293
2025-01-21,0.0467026912515512,0.0467447730862384,0.0469201140641016,0.0473269051327442,0.0479651462921663,0.0492507437334212,0.0500192647162427,0.0513713879077957,0.0524335488894666,0.0524563050259093,0.0525622790214373,0.0528744380610036,0.0536040729179152
2025-01-22,0.0474717989131988,0.047489111561094,0.0475612475939907,0.047728603190311,0.047991178350055,0.0485220995521746,0.0494302828835774,0.0509198592469311,0.0520400590539296,0.0520474954865325,0.0521270883946704,0.0524031892433018,0.0530623547923591
2025-01-23,0.0472092310065146,0.0472350005367407,0.0473423735793494,0.0475914790382016,0.0479823169132973,0.0487725825068974,0.0498884629573774,0.0511064769714584,0.0521735471079249,0.0522036268634038,0.0523015948008376,0.0525777111923495,0.0532508113424792
2025-01-24,0.0464959876977628,0.0465053244846189,0.0466602900344851,0.0470198101101748,0.0475838847116879,0.0487244311587034,0.0495053294364732,0.0508563369492793,0.051923929492528,0.0519991384576736,0.0521672303564381,0.052505598711312,0.0532138113571421
2025-02-03,0.0470812384609444,0.0469695717189425,0.0469501763104024,0.0471637909188073,0.0474989448733737,0.0481766188034859,0.0494800679836212,0.050828632318879,0.0519023561702276,0.0519433163532244,0.0520201443561527,0.0522928999548878,0.0529377068849401
2025-02-04,0.0473418971085903,0.0472630878608728,0.0472381017230727,0.0474024038480836,0.0476601882166352,0.0481814225442561,0.0494748396059091,0.0508235672209612,0.0518983194502575,0.0519941832804966,0.0521588004174795,0.0525099275466635,0.0532101391491227
2025-02-05,0.0463975728048703,0.0463027314262141,0.0462431482502795,0.046407691347587,0.0466658537933625,0.0471878525848206,0.0492326223955044,0.0503439999613562,0.0514066745537211,0.0514385315948115,0.0514948820457351,0.0517647821193639,0.0524416560799362
2025-02-06,0.0466652179102992,0.0465937162318096,0.0465321930848578,0.0466475531209354,0.0468285490396089,0.0471945188092345,0.0484746802927107,0.0498218511334366,0.0506858125780674,0.0507107839590718,0.0507669997879446,0.0510518451132376,0.0517969086418321
2025-02-07,0.0466147418023658,0.0465023831789816,0.046383832733496,0.0465650373832627,0.0468493412303106,0.0474241973606052,0.0485461023768583,0.0502714141230928,0.0510185302535445,0.051019693668929,0.0510291999694489,0.0512446942707743,0.0519048828255376
2025-02-10,0.0496135356426291,0.049536317044397,0.0493834385033875,0.0493903925046465,0.0494013030928288,0.0494233640623401,0.0506711409061737,0.0522802748150389,0.0527185384271098,0.052741986210679,0.0528144545457106,0.0531034839191427,0.0538519415724197
2025-02-11,0.0484836347171972,0.0483828530595783,0.048173565332194,0.0482174158976789,0.0482862159228364,0.0484253280616162,0.0502971207417272,0.0515512005338517,0.0519710299382643,0.0520129561722591,0.0521144419319325,0.0524194661006681,0.0531414467072348
2025-02-12,0.0480843570429541,0.0479574496900107,0.0476774383215114,0.0477623597510913,0.047895598545777,0.0481650044603063,0.0499231108672001,0.0512986742863531,0.0518575036418483,0.0519193052378368,0.052026010321981,0.0523028919864105,0.0529575567578233
2025-02-13,0.0484711523705687,0.0483858452440271,0.0482009128966445,0.0483652586166778,0.0486231113843163,0.0491444840133875,0.0504332929694051,0.0517816784737557,0.0523446758370659,0.05243691905096,0.0525994754479365,0.0529486367856133,0.053717979380275
2025-02-14,0.0476435174035016,0.0475136999808479,0.047205750121773,0.0474521208118589,0.0478386679290627,0.0486202577045078,0.0496945020839642,0.0507754096464047,0.0518459052034308,0.0519714750206982,0.0521568480111092,0.0525804900641988,0.0534389545888979
2025-02-17,0.0489737770949413,0.0488814634818002,0.0485990646567074,0.0486950316164055,0.0488456004669664,0.049150047373595,0.050118977402679,0.0514493718358996,0.0522049260157553,0.0522858445820758,0.052423114445469,0.0528077243199843,0.0536513815095801
2025-02-18,0.0490223813645123,0.048921672744122,0.0485942718083074,0.0486904876079532,0.0488414468798111,0.0491466832097218,0.0501152447289834,0.0514448128096743,0.0519465357198411,0.0520385983067954,0.0522193390576418,0.0526224253359088,0.0534550262563451
2025-02-19,0.0484366484455987,0.0483204786542366,0.0479252804325318,0.0480905231294406,0.0483497832228666,0.0488740014337499,0.0497997522247382,0.0507493429436231,0.0519410628709627,0.0520861279897231,0.052255860413257,0.0526467020596178,0.0534365877969339
2025-02-20,0.0487578433525997,0.0486864388523237,0.0484268367922867,0.0484696493178032,0.0485368206940445,0.0486726397405106,0.0497332004872433,0.0511929142705751,0.0524711008532832,0.0526332809421061,0.052828410613253,0.0532611353262866,0.0541107708698608
2025-02-21,0.0482295635174992,0.0481409498530322,0.0478056793600942,0.0479337207648105,0.0481346133135895,0.0485408136319998,0.0494243165972817,0.0506419271301264,0.0521066601635173,0.0522539056043058,0.052381754273351,0.0527440802685666,0.053506351798907
2025-02-24,0.0480072298289368,0.0478972975029471,0.0474392461446565,0.0475832050076066,0.0478422850685299,0.0483661392576497,0.0495307862386888,0.0507435121620923,0.0519504991335071,0.0521026343329351,0.0522624988112089,0.0526749694420923,0.0535758770740321
2025-02-25,0.0483480154448729,0.0482570014997381,0.0478777767283434,0.0479011518467225,0.0479884356343698,0.0481649215346678,0.0487495369031571,0.0496733654909425,0.0514134712132225,0.0516087347006112,0.0517580001260604,0.0521998877529853,0.0531311817629467
2025-02-26,0.0468522796914609,0.046734318133528,0.046242811642141,0.0464170349755507,0.0468028817796639,0.0475830555374313,0.0491453119346901,0.0507520735858234,0.0518633515412462,0.0519762131259207,0.0520984181963269,0.0525087794140115,0.0533891460315572
2025-02-27,0.0470641245469462,0.0469560804407363,0.0465058966648616,0.0464372104170677,0.0464428442546138,0.0464542357503113,0.0482279167539247,0.0495111975985104,0.0503403887888932,0.0504665512076745,0.0506487013628135,0.0511073121350703,0.0520624924771073
2025-02-28,0.047105648807901,0.0469934232682765,0.0465258168531745,0.0465094076258985,0.0466418075706673,0.046909517349101,0.0484456915971278,0.0494599893994443,0.0502675457213957,0.0504076918583245,0.0506169081467791,0.051127294638423,0.0521997442562236
2025-03-03,0.0468648775045552,0.0467606812291238,0.0463265300814931,0.0463297519944773,0.0465884655044887,0.0471115785357205,0.0490803865730216,0.0507445673239842,0.0518610732180028,0.0520239769468659,0.0522188694175035,0.0527223404954308,0.0537366256148354
2025-03-04,0.0459981525649043,0.0458655762214738,0.0453131747905134,0.0452304018379787,0.0454460004542563,0.0458819361179386,0.0471375678906733,0.0475329660192916,0.0493728382625676,0.0497040197432704,0.050005670054095,0.0506350413958285,0.0518529280961094
2025-03-05,0.0457127515495665,0.0455973808336696,0.0451166695174324,0.0449975397225747,0.0451362289013033,0.0454166553725789,0.0472106874758514,0.0489804267144834,0.050725108759953,0.0510307123978753,0.0513357747005278,0.0519530859278198,0.0531032969953875
2025-03-06,0.0437724288207719,0.0436587929187482,0.0431853099936495,0.0431102418711495,0.0433682643642016,0.043889980174329,0.0457304807480576,0.0477308684152033,0.0494998403001293,0.0498278928031844,0.0501538647176064,0.0507471567818237,0.051800595820253
2025-03-07,0.0438987200045796,0.0438055592853242,0.0434173896217597,0.0433610904488725,0.043618308409128,0.0441383974716226,0.0449492846862132,0.0466961745097606,0.0490621376961322,0.0495095481950319,0.0499103434574118,0.0506192710508766,0.0518473257815034
2025-03-10,0.0442358971007959,0.0441364008163095,0.0437218329642827,0.0435710341330796,0.0437783064838046,0.0441974066215345,0.04577757146728,0.0475130256334453,0.0490628267065379,0.0494007331642461,0.0497724602040651,0.0504410941290981,0.0516441693168727
2025-03-11,0.0439802016374289,0.0438674088059155,0.0433974386746096,0.0432013771662431,0.0434282691468598,0.0438870397450299,0.045925968843054,0.047169175211474,0.0485659732369222,0.0489330070034812,0.0493826166177748,0.0501472574893866,0.0514593538695006
2025-03-12,0.0440838901199159,0.043943941815817,0.0433608238820718,0.043109752366442,0.0434325774839501,0.0440853227764941,0.0457220472275202,0.0472247790547694,0.0489323924742529,0.0493461481148844,0.0497956532735484,0.0505481618347674,0.0518439458247746
2025-03-13,0.044186409389022,0.0440679930663635,0.0435745917219534,0.0433608445234045,0.0436827610488495,0.0443336691882108,0.0461922012792272,0.0481913893622495,0.0499661720631112,0.0503861719990048,0.0508453060602725,0.0516158660313616,0.0529308281089136
2025-03-14,0.0441348799957033,0.0440533106983033,0.0437134386258032,0.0435680141953779,0.0438313969996188,0.044363951241161,0.0455180260889785,0.0469515128122138,0.0487784669460413,0.049250313715779,0.0497620069316828,0.0505740137634606,0.0518913075515963
2025-03-17,0.0441676463331792,0.0440902299523228,0.0437676616987545,0.0435352496673993,0.0436652988588558,0.0439282554657568,0.044894833807195,0.0464217197702004,0.0483815998733002,0.0487999774183548,0.0491349943418485,0.0497684486269876,0.0509092979877123
2025-03-18,0.0440783512601158,0.0439841362234739,0.0435915735707993,0.0433537134863449,0.0436742871319612,0.0443224799978227,0.045949751128075,0.0476813916496384,0.0494222386140501,0.0498238832336184,0.0502082181601486,0.0509192906854659,0.0521871534208357
2025-03-19,0.0441169410757265,0.0440482567320699,0.0437620719668339,0.043559396566731,0.0437522683220737,0.044142250772437,0.0449234670197896,0.0459562128866904,0.0480692603112229,0.048507561229779,0.048778525384601,0.0493680249979483,0.0505234158410851
2025-03-20,0.0441258722794654,0.0440572818547736,0.0437714884185575,0.0436153788822636,0.0439729920608368,0.0446960780482815,0.045773510536737,0.0476275447903781,0.0491785931043591,0.0495275608407163,0.0498819180920849,0.0505830017236073,0.0518606033834104
2025-03-21,0.0441146129313359,0.0440214725526063,0.0436333876412331,0.0432757990598345,0.0434066676568686,0.0436712810838388,0.045506086040612,0.0476365218712733,0.0493202307864603,0.0497314452413966,0.0501725074509957,0.0509800006789486,0.0523559125658531
2025-03-24,0.0444364416555074,0.0443146008871312,0.043806931018897,0.0432602018377231,0.0433925216930329,0.0436600695323405,0.045268748702769,0.0471343638681606,0.0485524827869107,0.0489274945396489,0.0493484820996196,0.0500982966331581,0.051377022913279
2025-03-25,0.044808843106967,0.0446509601300009,0.043993114392642,0.0432838711776511,0.0435444291046299,0.0440712715064333,0.0453325197694292,0.047112189983526,0.0485349073485435,0.0489439234414114,0.0494223226805767,0.0502261858614535,0.0515989066971176
2025-03-26,0.0446761225994106,0.044534215997048,0.0439429384872039,0.0432868435330948,0.0435466625474234,0.0440720108840878,0.0457606082634869,0.0471830561215875,0.0489720254997399,0.0494768843572951,0.0499530872982845,0.0507648615511254,0.0521563099027087
2025-03-27,0.0445861797060148,0.0444556624837076,0.0439118407240946,0.0432897738629735,0.0435488613321167,0.044072730500494,0.0453301288126554,0.0471054142649278,0.048984709599463,0.0495477438297821,0.0501351051161283,0.0510502868897187,0.0525252520770253
2025-03-28,0.0449909652777431,0.0448999799940442,0.0445208746452988,0.044070343403791,0.0442519350643546,0.0446191094109886,0.0453949873893124,0.0470796948789596,0.0489625669044899,0.0495173226650451,0.0500760055714222,0.0509665595606067,0.0524469117627431
2025-03-31,0.0445223061542209,0.0444056570447844,0.0439196190887991,0.043282243664253,0.0435408459423719,0.0440637340651619,0.0451067904992128,0.0470453001561218,0.0483011819101372,0.0486944683449003,0.0492237445622413,0.0501296311687321,0.051704556997987
2025-04-01,0.0444133158419415,0.0442857667721907,0.0437543123148956,0.0430129682398751,0.043208871834239,0.0436049845964693,0.0435533412788596,0.0437404477596202,0.0455549306953564,0.046140017231121,0.046626590377451,0.0474915655900027,0.0489921117341644
2025-04-02,0.0442874071690831,0.0441620427530196,0.0436396910194213,0.0429026258911325,0.0431615641469834,0.0436851316093633,0.0449381976303622,0.0461634972789682,0.047474161239917,0.0478991395334102,0.0483739373430328,0.0492212067951715,0.0506724334539729
2025-04-03,0.0446487353811198,0.0445259163057943,0.044014170158605,0.0432435300091743,0.0433761210332167,0.0436442171697418,0.0439670664244214,0.0455343240745689,0.0469754730514185,0.0474934797565947,0.0481960495116506,0.0493628610098374,0.0512043830105105
2025-04-04,0.0437800963001951,0.0436485751115476,0.04310057015885,0.0422750560310646,0.0425343746690817,0.0430587112558415,0.0436872266865239,0.045083191218547,0.0471324669379451,0.0478607318379936,0.0486636243135346,0.0499355908304553,0.0518683881672046
2025-04-08,0.045049457413045,0.0449020235740865,0.0442877159117595,0.0432076621947072,0.043214992690889,0.0432298147930589,0.0442757815579214,0.0456124033674529,0.0469495527189422,0.0475064873141288,0.0482322792810879,0.0493386565406758,0.0510351171986791
2025-04-09,0.0447250462808228,0.0446058589646637,0.0441092451473342,0.0432198415916668,0.0432513508003459,0.043315061727785,0.044580917453669,0.0462643585304652,0.0490234283144069,0.050130953292564,0.0512587184829246,0.0527361252312716,0.0547889854713363
2025-04-10,0.0450850227272681,0.0449387796502862,0.044329433496195,0.0432425228409494,0.0435025270420895,0.0440282498224167,0.0456865661360169,0.0475484346499274,0.0492083218356217,0.049930249537806,0.0508918503063189,0.0522823779248046,0.054397007099133
2025-04-11,0.0446639610658494,0.0444747174164844,0.0436862022107967,0.0422354342140583,0.0424971881854983,0.0430264489629154,0.0452949025499303,0.0471115854670123,0.0491432981746711,0.0500345236370012,0.0510897958773529,0.0524918769501992,0.054313755455261
2025-04-14,0.0459177204468987,0.0457908103459495,0.0452620182586613,0.0442161001162024,0.0443488012315387,0.0446171199702406,0.0463566802387808,0.0480702663129654,0.0492480499464524,0.0498497169952223,0.0507705505196332,0.0520626038777554,0.0540177497652792
2025-04-15,0.0455099866809485,0.0453781650945784,0.0448289084847031,0.0437186451393042,0.0438515069430137,0.0441201505900747,0.0452537202934352,0.0465879612840466,0.0479251279726303,0.048672718195771,0.0497886430515489,0.0513191103681312,0.053559142650614
2025-04-16,0.045437777897651,0.0452945771267579,0.0446979072480369,0.0434531260726752,0.0433968906870749,0.0432831839733337,0.0441445115788591,0.0455541602458143,0.0473445502898112,0.0482120984588558,0.0493070159284273,0.050803352958785,0.0529692521583508
2025-04-17,0.04536796439525,0.0452134424372114,0.0445696009453842,0.0432189669298059,0.043479407966941,0.0440060140200493,0.0452527689028553,0.0465851827505396,0.0477108910304863,0.0484261743420311,0.0496195977039624,0.0512606565377173,0.0535944472264418
2025-04-18,0.0456742487403616,0.045517339821881,0.0448635526615453,0.043460044430572,0.043657333234827,0.044056246861013,0.0452442665961498,0.0465778009368771,0.0478098416473731,0.0485585693481109,0.0497508115847421,0.0513896548747426,0.0537233133879336
2025-04-21,0.0459763423240669,0.0458036160176111,0.0450839230740454,0.0434445076579659,0.0435795967257566,0.0438527438518391,0.0450762067977117,0.0465428008089903,0.0481190217362872,0.0490635265768594,0.0504648432159808,0.0523070084089424,0.0548156253146287
2025-04-22,0.0458325911473334,0.0456719126915555,0.0450024191258142,0.0434491940532945,0.0435835205852055,0.0438551258804982,0.0449770632209537,0.0463110424126529,0.0475449234333214,0.0483544043535897,0.0496568144572083,0.0513663351919433,0.0537662320295461
2025-04-23,0.0465271086117647,0.0463883950932281,0.0458104220993255,0.0444695247534716,0.0445157556211095,0.0446575374086706,0.0458118402063652,0.0470789189903444,0.0482815755722689,0.0489528819430743,0.0499375648271152,0.0513637309011864,0.0535623089459482
2025-04-24,0.0459749335845036,0.0458418164875125,0.0452871619167161,0.0440003633124685,0.044085908080124,0.0443545008051884,0.0453729089749072,0.0465744095441955,0.0477773037566445,0.048516768644457,0.0496565751900696,0.0512261873864521,0.053492514379573
2025-04-25,0.0456486392546925,0.0455223394897095,0.0449960904689474,0.0437751927407793,0.0439624306592345,0.0444859687884864,0.0458217213736174,0.0472446528621125,0.0484975292041787,0.0492170109015484,0.0503165720809708,0.0518605807229707,0.054071486186304
2025-04-26,0.0454185468532129,0.0452761884223959,0.0446830282939919,0.0433068967960945,0.0434601285672877,0.0439849248900435,0.0458023315667027,0.0475280651000793,0.0487216017227504,0.0494049297020513,0.0505018976588344,0.0520428333425003,0.054253048375941
2025-04-28,0.0456312066134335,0.0455100929447038,0.0450054526583302,0.0438346871939434,0.0439552508460307,0.0444784111640344,0.0459064395480554,0.047500624214351,0.0487007002596441,0.0494285911211487,0.0506198393957316,0.0522495995015101,0.0545619199880014
2025-04-29,0.0454910014731613,0.0453801147027372,0.044918086492637,0.0438461810452043,0.0439552821563767,0.0444776428449492,0.045903515761084,0.0473402387360222,0.0484864968433441,0.0492318253295202,0.0504775719953302,0.0522160323177755,0.054687722706272
2025-05-05,0.0465506805010309,0.0464526017644973,0.0460439403622739,0.0450958459091157,0.0449037204914598,0.0449517928775629,0.0458296196864501,0.0470314570627215,0.0485314354733878,0.049433009039067,0.0506754248926871,0.0524482091490494,0.0549217147216752
2025-05-06,0.0461860276313594,0.0460709977690144,0.0455917066759099,0.0444797513399075,0.0443764359511098,0.0447709310510412,0.045931019130186,0.0470706091205798,0.0485298966509276,0.0494541060516609,0.0507376294666726,0.0525334701843911,0.0550540139818578
2025-05-07,0.0464481658519432,0.0463464787086414,0.0459227822782175,0.0449398065596339,0.0446948782644188,0.0447173687854611,0.045667249994208,0.0470955579988084,0.0485691912588396,0.0493896155736473,0.0505125904171354,0.0521533332616287,0.054514002252209
2025-05-08,0.0463943746974609,0.0462694126344008,0.0457487373716505,0.0445407707620696,0.0443687239839962,0.0447641654743424,0.0457383878753026,0.047089491877183,0.048563481334886,0.0493643396465415,0.0504365312434795,0.052048462367113,0.0544406397591054
2025-05-09,0.0462759242563484,0.0461304848218728,0.0455244871782246,0.0441185726449606,0.0439175952592075,0.0444424950726494,0.0454904822957483,0.0471224809990539,0.0486130767468738,0.0494091979709811,0.0505633419028447,0.0522467580026952,0.0547085480813758
2025-05-12,0.0468793777264603,0.0467457873939243,0.0461891610083573,0.0448977877938418,0.0446053082629056,0.0450013529145001,0.0459737793812116,0.0474140325976889,0.0488317139461849,0.0495497865342293,0.0504748608208782,0.0518887474461389,0.0540581559261398
2025-05-13,0.0471053347640759,0.0470154008593688,0.0466406762564228,0.0457713151775881,0.0455571353412667,0.0458215402662411,0.0466238674426585,0.0477458316121309,0.0490854646081712,0.049875069415957,0.0509309775771971,0.0524802638352852,0.0547581129872393
2025-05-14,0.0470385946052962,0.046953181108601,0.046597291539038,0.0457716277376519,0.0455814148492571,0.0459093346701124,0.0464786087414099,0.0480369898815001,0.0490844246253456,0.049628028137288,0.0506590104775992,0.0521831590390553,0.0544372159783217
2025-05-15,0.0467499359179727,0.0466540497323048,0.0462545239586883,0.045327624163898,0.0451525432445107,0.0456733790355481,0.0470409919508098,0.0484701978932024,0.0496319266089114,0.0503138222817904,0.0513500237829885,0.0528889113682238,0.0551862292147315
2025-05-16,0.0463114668878002,0.046200130994353,0.0457362314383233,0.0446599844683344,0.0444045811874393,0.0449262082604603,0.0462391888301087,0.0475152754082261,0.0488096833085167,0.0495776820575093,0.0506161251445473,0.0521730271159585,0.0544547814586093
2025-05-19,0.046258684385586,0.0461659984637924,0.0457798071229857,0.0448838432123141,0.0445587778429052,0.0448233390190595,0.0461482320518489,0.0476915800877126,0.0488807102465053,0.0496143752263848,0.050779118612552,0.0524634630140018,0.0548573615219903
2025-05-20,0.0460406422653755,0.0459731411237236,0.0456918863668406,0.0450393753308719,0.0448578860132486,0.0452478375347688,0.0463843588697488,0.0477120010198411,0.0490481717382725,0.049875327838521,0.0510419168469886,0.0527161665382726,0.0550941641385645
2025-05-21,0.046072801523042,0.0459786200509914,0.0455861972507806,0.0446757763542914,0.0443527220487353,0.0447449273754235,0.0459695900331599,0.0472490904041108,0.0485414063286931,0.0493667081550886,0.0505277864373886,0.0522192283683999,0.0546597860448456
2025-05-22,0.0460106513902032,0.0459331375598013,0.0456101632664604,0.0448608629059095,0.0445604598554512,0.0448233871125879,0.0461371120426013,0.0475022091282484,0.0487928763128431,0.0496725855173018,0.0509853579312376,0.0528698924784687,0.0555185416883036
2025-05-23,0.0463398345881321,0.0462461974996727,0.0458560429644252,0.0449508844426511,0.0445533353619679,0.0448178124939074,0.0461300500524676,0.0474971338859158,0.0487877419439718,0.0496669593741615,0.0509785391821197,0.0528860306409323,0.0556071842224238
2025-05-26,0.0461550737173917,0.0460851973092551,0.0457940456086858,0.045118573663365,0.0448039027800073,0.0450663301311065,0.0462814030938474,0.0475202893753729,0.0489476577524935,0.0498909221883586,0.0511054539549768,0.052921411105211,0.0555932213292896
2025-05-27,0.0464095663073939,0.0463277425697165,0.0459868103293939,0.0451958475318456,0.0447987208330827,0.0450621642712028,0.046275545614241,0.047516213591444,0.0489422707681347,0.0498649542745003,0.0510165549140839,0.0527656563864645,0.0553337678942851
2025-05-28,0.0461035315163472,0.0460264546285415,0.0457053009293509,0.0449602243472289,0.0445725509794335,0.0448227506969461,0.0459389484432715,0.0472237373258601,0.0485136545692392,0.0493446702909575,0.0505044975589334,0.052281891064953,0.0548880285409901
2025-05-29,0.0454735662634091,0.0454228504685282,0.0452115346565244,0.0447212819726757,0.0444962732734139,0.0447952347782416,0.0461104306572052,0.0473093744666621,0.0485050794102523,0.0493413402266645,0.0505105703931164,0.052305302149204,0.0549382760013205
2025-05-30,0.0454716241333158,0.0454131046380871,0.0451692734079676,0.0446035849540901,0.0443819121866186,0.0448990240587897,0.0461082597492696,0.0474327330468848,0.0485884721110029,0.0493235674936174,0.0504790609676745,0.0522662840317142,0.054883795153539
2025-06-02,0.0457652328822376,0.0457058866130936,0.0454586104916602,0.0448849298899348,0.0445504333440096,0.0448118469030799,0.0458561012561839,0.0475174482439009,0.0488551432769999,0.0496213856452765,0.0508615659632778,0.0527530955209526,0.0554930159974021
2025-06-03,0.0451380718620543,0.0450738711056356,0.0448063679538907,0.0441857606418427,0.0438741777845298,0.044391715101301,0.0452669930723878,0.0470868322633924,0.0486275693065152,0.0493728208305941,0.0505521285364271,0.0523732478453325,0.0550592729159321
2025-06-04,0.0450517956103213,0.0449921303142419,0.0447435249139109,0.0441667603851431,0.0439407710732269,0.0447136169837305,0.046002476795099,0.0477092515165996,0.0489066547669188,0.0495475199337735,0.050765124978954,0.0526196065042135,0.0553283333185586
2025-06-05,0.0444507841192988,0.044396437970917,0.0441699956859926,0.043644649584968,0.0433780118830199,0.0438943891679448,0.0450979007537647,0.0469271201149199,0.0485486598765744,0.0493963912267192,0.0505748069445463,0.0523948218917726,0.0550215806569518
2025-06-06,0.0450504644403093,0.0449805655012475,0.0446893199218231,0.0440136301775587,0.0436507343830868,0.0442961193770548,0.0453477640419417,0.0466111961528398,0.0479947122613458,0.0487881220351502,0.0497833798367165,0.051372723593552,0.0537385954222245
2025-06-09,0.0451654852844565,0.045102907051933,0.0448421644164182,0.044237241502024,0.0438874555444244,0.0445329100113156,0.0459109204209226,0.0470323808978346,0.0480443372081814,0.0487817911774234,0.0498837657600766,0.051561147794495,0.0540199101545651
2025-06-10,0.0453141545092181,0.0452455897405752,0.044959903204563,0.0442971104410147,0.0439136862790351,0.044687018339587,0.0455974873024235,0.0467898771725761,0.0479211570972841,0.0485614373214079,0.0496226592041697,0.0512589242880486,0.0536927741400909
2025-06-11,0.0451074905755033,0.0450592015375407,0.0448579972126963,0.0443912031790572,0.0440753258877909,0.0444636617402236,0.0454071023169067,0.0467967100258661,0.0484022450375742,0.0493664931427389,0.0505124327535048,0.0522410272652919,0.0547736552527501
2025-06-12,0.0453121798800073,0.0452660686819021,0.0450739386897968,0.0446281971081126,0.0442928536361755,0.0445532215111803,0.0453991491012526,0.0467886037507297,0.0480572846972651,0.048811667555831,0.0499648490149251,0.0517308206974515,0.0542976043398229
2025-06-13,0.0449985352983431,0.0449449904791239,0.0447218870657105,0.0442042871465913,0.0438497246404248,0.0443663050826545,0.045406193800182,0.0467914775433509,0.0477248392348175,0.0482377841836272,0.0493044334692017,0.0509794701325386,0.0534678160112078
2025-06-16,0.045070846103266,0.0449944895719147,0.0446763373579507,0.0439382242215544,0.0433647317300181,0.0440109927791824,0.0451524181115244,0.0465321142859505,0.0478044123920409,0.048542047589858,0.0496258134491777,0.0513125226480548,0.0538422303765491
2025-06-17,0.0444808375725991,0.0444610810599767,0.0443787622573835,0.0441877826353671,0.0441252655193576,0.0447659903288167,0.045746131076357,0.0470199532597912,0.0486253503933677,0.0495866826614194,0.0506825536235672,0.0524122251492762,0.055018950508093
2025-06-18,0.0439257935463096,0.0439189948821573,0.0438906671148564,0.0438249466947182,0.0438548964723534,0.0443665089436173,0.0454005009512872,0.0467758950259284,0.0482475910305909,0.0491001626015945,0.0501381218709482,0.0518388821351963,0.0543800726007589
2025-06-19,0.0442280548597305,0.0442086817418939,0.0441279604175749,0.0439406869451548,0.0438684353210219,0.0445097692629866,0.0455704993633456,0.0466539131905519,0.0480976427322717,0.0490486136338502,0.0500966532515073,0.0517922024113337,0.0543170087502511
2025-06-20,0.0441503009368952,0.0441211275094794,0.0439995715619136,0.0437175617635609,0.0435444932639394,0.0441988635995835,0.0451942519122484,0.0463344717221061,0.0475274300973193,0.0482771560466171,0.049390775254286,0.0511653743919783,0.0537945865199716
2025-06-23,0.0439613336759346,0.0439533022960928,0.0439198382134188,0.0438422015416151,0.0438318206416553,0.0442925187317662,0.045572815772002,0.0466931537120962,0.0478782119855523,0.0487897861147194,0.0498921403505562,0.0516680854193418,0.05435670661026
2025-06-24,0.0446262971374837,0.0445668851223533,0.0443193350593099,0.0437450189130493,0.0431706166210922,0.0434954020322297,0.0443770318332366,0.045746100466758,0.0470301858995798,0.0478156243112726,0.0490247680287636,0.0509022012827133,0.0536847922622055
2025-06-25,0.0457968790956048,0.0456960492445166,0.0452759248649821,0.0443012363044622,0.0432646963153906,0.0435303270467513,0.0443637447275,0.0460425432055571,0.0472345232666026,0.0477784419858749,0.0489611062266376,0.0508210049586732,0.0535790052491131
2025-06-26,0.0462505958895262,0.0461421961142973,0.0456905303841771,0.0446426658902982,0.0435241080929341,0.0439188100381076,0.0448591847505827,0.0460746405849204,0.0474095118040926,0.0483315811550433,0.0496076263721815,0.05161955557376,0.0545245821243982
2025-06-27,0.0462963618499034,0.0461966073282535,0.0457809634880451,0.0448166697787618,0.0437728761145995,0.0441666808191487,0.045031163159088,0.0461145011381602,0.04739407762648,0.0483214115307514,0.049599864609791,0.0515998275244754,0.0545155446866359
2025-06-30,0.0471440803231591,0.0470325562509937,0.0465678726169714,0.0454898065860397,0.0442698665255109,0.0447933195057189,0.0449641272780326,0.045654620785193,0.0472698371071562,0.0483376480651631,0.0496612387867869,0.0517119449313068,0.0546483571971979
2025-07-01,0.0457050747915201,0.0456115496269056,0.0452218614410119,0.0443177848497384,0.0432715420895111,0.0436648128271598,0.0451100949453737,0.0464909938293375,0.0474911195020244,0.0482840265002974,0.0494897363577392,0.0513998445774489,0.0542415230134393
2025-07-02,0.0455165624183477,0.0454054809647757,0.0449426415748925,0.0438688541903634,0.0426403452206568,0.043431130278225,0.0445798346288025,0.045698589043905,0.0469822390488339,0.0478795083927283,0.04918792746249,0.0512110210253763,0.054130737315097
2025-07-03,0.046543061374562,0.0464471399525371,0.0460474673607668,0.0451202269478598,0.0440097730072098,0.044402982204647,0.045409189504798,0.0464539802889589,0.0473074569136145,0.0479658380071872,0.0491198718656322,0.0510022820110306,0.0537949385292116
2025-07-04,0.0467407652294257,0.0465916565610315,0.0459703704427226,0.0445289866482459,0.0427662217096061,0.0432915470949006,0.0449163209780435,0.046437237639275,0.0474939601876255,0.0482750705259448,0.049438166684758,0.0513278007679165,0.0541224844701966
2025-07-07,0.0467243379900198,0.0465876744688922,0.0460182431308604,0.0446971624266268,0.0430192683327423,0.0436715749971878,0.0450475522117874,0.0463556131362162,0.0476260845093134,0.0485611602804469,0.0498040723268189,0.051777202668467,0.0546721536762141
2025-07-08,0.0468985868663429,0.0467834962648396,0.0463039520919091,0.0451914096107103,0.0437736761566791,0.0445525560239259,0.0454084725999894,0.0459693625083627,0.0469182867774979,0.0477544759808724,0.0490564833466856,0.0510685906569607,0.05405148900009
2025-07-09,0.0470272694156093,0.0469082144263575,0.0464121519711415,0.0452612870750403,0.0437414970360138,0.0441367406598239,0.0448590703004841,0.0458155036058715,0.046796255128367,0.0474926737237107,0.048760461357986,0.0507634285250269,0.0536888035115807
2025-07-10,0.0471327495175331,0.0470284577194871,0.0465939085609623,0.0455857545131847,0.0442299454001062,0.044496227560623,0.0451709473605176,0.0462583403173879,0.047743007310967,0.0488020787568529,0.0500087748334322,0.0519573926335908,0.05486161497551
2025-07-11,0.0467884460749187,0.0466971799990591,0.0463169046829773,0.0454346659496674,0.0442183363350317,0.0442275597001242,0.044942665734381,0.0459855212214898,0.0466350330067028,0.0472083382696848,0.0484810331185158,0.0504798269941623,0.0533972896327751
2025-07-14,0.0475254390822515,0.0474009787067617,0.0468823938088875,0.0456792768458194,0.0439692356781116,0.0442374316225051,0.0449799471422505,0.0460530140097276,0.047038153698002,0.0477619677497117,0.0491145342720084,0.0512033920268485,0.0542711608377688
2025-07-15,0.0484067052640093,0.0482953969292979,0.0478316122013338,0.046755631632457,0.0452074879968441,0.0454748938916705,0.0458765961995899,0.0464340594937269,0.0473813595808798,0.0482144647897932,0.0494795532915059,0.051495800718904,0.0544768464852833
2025-07-16,0.0492897419580732,0.0491568620548435,0.0486031957913867,0.0473186900601668,0.0454450126794675,0.0457145087411253,0.0461872393196298,0.046736892208028,0.0474775102304677,0.0481937912568888,0.0494964175657816,0.0515215337913161,0.0544783669990401
2025-07-17,0.0493840035675036,0.0492657545865892,0.048773050499446,0.0476299770172737,0.0459458464033991,0.0463422356124464,0.0469354727273976,0.0474828638778049,0.0482227010808146,0.0489652154968563,0.0503639749428282,0.0525158207823605,0.055654684590839
2025-07-18,0.0487416120475934,0.0486206417899491,0.0481165990497647,0.046947219892537,0.0452017684395751,0.0455981634520476,0.0463259527931135,0.046722746593613,0.0470630766722059,0.0476928903453556,0.0491576699624932,0.0513927051599542,0.0546052027587353
2025-07-21,0.0491622040970145,0.0490122263628734,0.0483873191372852,0.0469375343739208,0.044689341843314,0.0449604624412256,0.0456341937498025,0.0464383882966413,0.0470998121312051,0.0477015388507465,0.0490822247419633,0.0512211141375712,0.054350890181394
2025-07-22,0.0497015052601147,0.0495508497161078,0.0489231182827456,0.0474667813573454,0.0451818389399072,0.0453252124314367,0.0458738212626498,0.0468141900736063,0.0478843537842452,0.0487751187955431,0.0502273693020955,0.0524578456142143,0.0557382018458731
2025-07-23,0.0504660971671351,0.0502988498865881,0.049601986217642,0.0479852625056872,0.0454486787507236,0.045692670132845,0.0463683512549355,0.0473080449222401,0.0483785519784288,0.0492749055632782,0.0507448705819734,0.0530073625874407,0.0563661389717958
2025-07-24,0.0513176579073505,0.051172120922746,0.0504600282876589,0.0488079733742567,0.0462159561825395,0.0461771957445358,0.0467306232113662,0.0478027411466354,0.048873400304394,0.0497379210056867,0.0510918871541736,0.0532562598994136,0.0564623278328667
2025-07-25,0.0538629942990847,0.0537179466652401,0.0527869996666808,0.0506272026300234,0.0472385555552677,0.0471500597175586,0.0474505481050982,0.0482663651720313,0.0493436723341845,0.0502082116792591,0.0515467038203315,0.0536887292791175,0.0568664503846933
2025-07-28,0.0525975377543685,0.0524733964583438,0.0518719761754355,0.0504766811190883,0.0482875112893021,0.0481591057287277,0.0481931490737204,0.0484778319816145,0.0490200724946289,0.0496193281805311,0.0509828103433796,0.0531360916371451,0.0563264033726731
2025-07-29,0.0509248651948946,0.0508760475563491,0.0504330329111597,0.0494052389343203,0.0477926656258309,0.0478028588425345,0.0479599532323881,0.0482389125080592,0.0487787705053235,0.0493681049145128,0.0506977878454363,0.0528105661756872,0.0559317950414044
2025-07-30,0.0504201016705457,0.0503652325092714,0.0499342945107207,0.0489149610930698,0.0473156621102036,0.0471859714169133,0.0474634408655086,0.0480090224097999,0.0485445061964141,0.0491244966892077,0.0504244868526175,0.0524993221476378,0.055567901502961
2025-07-31,0.0516767649975739,0.0516508005529309,0.0511085375179077,0.0496586662081387,0.0473838681186734,0.047417051327365,0.0477119185385934,0.0479881639191007,0.0485278783663792,0.049068638365047,0.0502151674294595,0.0521499907246467,0.0550961465624128
2025-08-01,0.0530650888435178,0.0529554593859499,0.0521947090434937,0.0502954464639778,0.0473155689685304,0.0472017134125121,0.047700480317554,0.0482484713862689,0.0487851586784117,0.0493771882432313,0.0507297917086272,0.052894795115833,0.0561019175484198
2025-08-04,0.0530667706177361,0.0529619639483224,0.0523618801145059,0.0508499814021184,0.0484778644568209,0.0483932062248404,0.0489404953008115,0.0496122810990442,0.0502889707190241,0.0508958519579907,0.0523252488279142,0.0546090938469713,0.0579930568364031
2025-08-05,0.0531496901799888,0.053021765805654,0.0524016512413415,0.0508844052005933,0.0485038984814882,0.048390701735811,0.0489384749820372,0.0494852881575692,0.0500213762746324,0.0506173040587996,0.0519949866034872,0.0542152776583118,0.0575171529654072
2025-08-06,0.0544532569350491,0.0543330951157082,0.0535574377045805,0.0514576955977348,0.0481632726369943,0.0477595809408579,0.0483001134977333,0.0491132612368791,0.0497909230235912,0.050382784842294,0.0517527978575209,0.0539582747544258,0.0572358738944053
2025-08-07,0.0579500507770016,0.0578057226139956,0.0567223796061274,0.0533304510496954,0.0480086321077074,0.0473403980683971,0.048153266307211,0.0492335395589921,0.0503083374414644,0.0511938015920362,0.0525674839424459,0.0548214519665708,0.0581333379286131
2025-08-08,0.0583258341506962,0.0581962082330204,0.0571115466205701,0.0536024882199092,0.048096896591286,0.0473352904222803,0.0480294748714701,0.0488480048105764,0.0497813603464843,0.0506784803592202,0.0520792142590611,0.054341453127846,0.0576996985941831
2025-08-11,0.0579390051175265,0.0578074472272251,0.0567569354892134,0.053057165551146,0.0472523540965921,0.0462851831449689,0.0469173762212538,0.0475928887445522,0.048401391225905,0.0491370848080802,0.0504772964943451,0.0526575472263272,0.0559232049842851
2025-08-12,0.056853947032226,0.0567452683438932,0.0559202935951214,0.0529075039338134,0.0481805408445199,0.0473454956102703,0.0481459443134622,0.0492243455674553,0.0502976714934997,0.0512132129733944,0.0526800749637788,0.054995677992957,0.0584650728300949
2025-08-13,0.0568650663690136,0.0567892824713371,0.0560744066649289,0.0530269935040712,0.0482457073378977,0.0473439955679843,0.0480276898449556,0.0487253567226,0.0492620126948367,0.0498853297797484,0.0513886854915066,0.0537517182298791,0.0571985072492675
2025-08-14,0.0573283127620657,0.057297384879757,0.0568087906265624,0.053529217031764,0.04838367915027,0.0473372449641331,0.0480226247579297,0.0487219258871172,0.0492589791188575,0.0498687020913423,0.0513198347426092,0.0536466548409417,0.0570279073770205
2025-08-15,0.0572157776048478,0.0571801253003256,0.0566750407643108,0.0533762690354571,0.0482006099436349,0.0470881935974875,0.0477729720484555,0.0485898563363495,0.0491551078831483,0.0496348894778452,0.0511999674931833,0.0536535379600082,0.0572068908638038
2025-08-18,0.0573972035661489,0.0573440374838511,0.0568951618024151,0.0537439590799378,0.0487998306705339,0.04758011465645,0.0482621973266089,0.0490793896598864,0.049767125659775,0.050397500162226,0.0519519415093635,0.0543796979204553,0.0579197557111058
2025-08-19,0.0581586340504455,0.0580894278099125,0.0576091082218973,0.0541566909027242,0.0487399671778146,0.0473215729666267,0.0481184193330519,0.0489709054432257,0.0497408647860078,0.0506878771621813,0.0522508973807561,0.0547091973881718,0.0582853573895294
2025-08-20,0.0581142127974554,0.0580708595033405,0.0577405329322441,0.0544274860738547,0.0492294297960369,0.0478184815977916,0.048391553779716,0.0489479847427064,0.0494877436843751,0.0501296958733649,0.0517252910122387,0.0541972952685696,0.0578047174096957
2025-08-21,0.059070248610471,0.0590377122872225,0.0589021442736869,0.0550650617534314,0.0490448115923409,0.0473079777857408,0.0478875509121251,0.0484460953875936,0.0489867576524464,0.0496178812448689,0.0511733301876067,0.0536392879255559,0.0572232966904815
2025-08-22,0.0593575068191933,0.0593477459386772,0.0593070756031938,0.0552550291924454,0.0488975080997193,0.0469050705992809,0.0474934399121788,0.0480920526629279,0.0483626955608164,0.0488291676944579,0.0503531797701794,0.0527685006251805,0.0562633982997393
2025-08-25,0.057933542637971,0.0578750622426516,0.0576313939288208,0.0541980116268879,0.0486504422670449,0.0468167097850166,0.0472855319850702,0.0475810419405057,0.0479670239660077,0.0486182616418848,0.0502618411206856,0.0528062381286587,0.0564630012246649
2025-08-26,0.0571202387450351,0.0571061883852737,0.057047645219601,0.0538642303932188,0.0486087493417344,0.0466157917191664,0.0467833564443458,0.0472980182517296,0.048108684318265,0.0489406625314553,0.0506932302571365,0.0533748983513434,0.057268048247426
2025-08-27,0.0576469734107777,0.0576782197415215,0.0578084127862871,0.0546217647744546,0.049216568852074,0.0473128074264007,0.0478864310927322,0.0484431524304984,0.0489822541401344,0.0496624837630193,0.0514753454574109,0.0542904470317459,0.0582937738529324
2025-08-28,0.0572360926125911,0.0572226992598769,0.0571668936235676,0.0542831563845827,0.0491655453819462,0.0473164306543276,0.0478877771483501,0.0484437371026499,0.0489823351926182,0.0496321868866375,0.0513178055392315,0.0540605188127794,0.0580548485488413
2025-08-29,0.0574871257462979,0.0574841327745523,0.0574716620589456,0.0544547160437758,0.0490777683271719,0.0470635735561873,0.0476367883225482,0.0481933293172443,0.0487320810145013,0.0493792544840459,0.0510558290682816,0.053801454809616,0.0578998873404807
2025-09-03,0.0574495807913697,0.0574732563190961,0.0575719043512892,0.0548125504186493,0.0497330736472953,0.0474569142097446,0.0477731631327804,0.0481726959908562,0.0487142106384437,0.0493646174164179,0.0510668908273512,0.0538405445385095,0.0579967804577956
2025-09-04,0.0577005936858446,0.0577628003105271,0.0580219945800376,0.0550431521137999,0.0493377262220284,0.0466073457799666,0.0470214132729515,0.0479744327374609,0.0487559658187998,0.0493926186953051,0.0510650108893377,0.0538537275560318,0.058025990893761
2025-09-05,0.0564011960864999,0.0564620939236659,0.0567158349118577,0.0542811642192978,0.0494730141152742,0.0473124289367103,0.0480784595945646,0.0489541285669775,0.0494865144293085,0.050123408258441,0.0517963978424943,0.0546188132990799,0.0589051615756251
2025-09-08,0.0562797410320217,0.0563733749673776,0.0567635163646939,0.0543645885644624,0.0489513150320007,0.0463103125627075,0.0470757071432784,0.0479564183353873,0.048488877285749,0.049092627810491,0.0506027457780834,0.0532141698433656,0.0571996708368652
2025-09-09,0.0566474931414918,0.056754098421659,0.0571982870890223,0.0547612098482852,0.0492064397711053,0.0463351550051308,0.0467975598823953,0.0477332968486865,0.0487715940333563,0.0493696686344044,0.0508703431533045,0.0534284740327134,0.0573386302041222
2025-09-10,0.0556637625634826,0.0558219717820059,0.0564811768591867,0.0545916830389873,0.0497559496703313,0.0473075613767113,0.0478745471137324,0.0484299206360177,0.0487655836130955,0.0490239029490329,0.0505307853886214,0.0531083621554951,0.0570036717899621
2025-09-11,0.0552484741760748,0.0553961403803054,0.0560114162312664,0.053843459706768,0.0482930380570224,0.0454102387470296,0.0462027795406081,0.0473781198543231,0.0486153510810671,0.0495239004562393,0.0508469930066582,0.0532509321791918,0.0569840073148204
2025-09-12,0.0547627753261168,0.0549264982933194,0.0556086773233305,0.0542424185890574,0.0501803994867175,0.0480613518235172,0.0487156519037036,0.0495311766337583,0.0504331459481604,0.0513468122225758,0.0526503722249115,0.0549923990595924,0.058639531725714
2025-09-15,0.0549483475492694,0.0551074081068686,0.0557701604301986,0.0544626031620596,0.0498775085946003,0.0473058337425776,0.0477784789033592,0.0481661345878174,0.0487045687478757,0.0492709573518591,0.0505728087372631,0.0528947529201984,0.0564611411549518
2025-09-16,0.0546509585657551,0.0547826261043532,0.0553312408485121,0.0540466572256515,0.0497538674763591,0.0473091215121194,0.0478714099118197,0.0484256599059646,0.0487689675519053,0.0489942967517792,0.0503776642307628,0.0527451164501887,0.05635676997106
2025-09-17,0.0545853082457947,0.0546925798143917,0.055139544683546,0.0538857990688181,0.0497223602448702,0.0473095196992166,0.0480518992972991,0.049129501214688,0.0501978460035486,0.0511100450358234,0.0523779124679631,0.0546002839184484,0.0580635145984097
2025-09-18,0.0544437880908501,0.054578585444715,0.0551402410858184,0.0541269942179701,0.050149072068045,0.0478063437568904,0.0483660947566422,0.0489199734646128,0.0492657191954147,0.0494857179074594,0.0508561038817794,0.0531667589060677,0.0566793850505183
2025-09-19,0.0542854983883287,0.0544584753301219,0.0551792125875936,0.0541143173744668,0.049412285868371,0.0464703665031371,0.0468690154230183,0.0478822709047807,0.0492911779441842,0.0498598843734189,0.0512399309080744,0.053576614200069,0.0571238249397269
2025-09-22,0.0537085486996362,0.0538489921833291,0.0544341733653832,0.0538243551992627,0.0499865178928655,0.0475574045834271,0.0482890764459043,0.0492767563356773,0.0500748094439324,0.0508434998364959,0.0522871082555303,0.054690118239344,0.0583457933232818
2025-09-23,0.0543506407053482,0.0544673288549625,0.0549535294783552,0.0541720587209991,0.0501498118391461,0.0475504116685508,0.0482832022592099,0.0492725896270556,0.0500710050629987,0.0508277847003825,0.0521975244133252,0.0545052437933331,0.0580831815843268
2025-09-24,0.0554648967772796,0.055495753988939,0.0556243257041866,0.0544470573322446,0.0502848693285114,0.0475425516353739,0.0482768638743609,0.0492680995154194,0.050066949329894,0.0508180994597849,0.0521520089943119,0.0544259917347854,0.057955788425942
2025-09-25,0.0557560280142489,0.055828637289495,0.056131175936354,0.0551026936174944,0.0505802253584512,0.0475345350930049,0.0482704449056462,0.0492635553771333,0.05006285167601,0.0508010231141939,0.052050182717971,0.0541897463418597,0.0574581283070513
2025-09-26,0.0557939071500646,0.0558775394744264,0.0562260074926004,0.055365273684663,0.0510079437701052,0.0480302085538726,0.0487635850908656,0.0496712281440548,0.0502014781433346,0.0507518648473463,0.0519673292525824,0.0540265635697632,0.0572090317454448
2025-09-29,0.0546891076255804,0.0548131228054742,0.0553298527216982,0.0549918293469786,0.0507921981110468,0.0477846060240562,0.0485108534228428,0.0494219574558747,0.0499513039238032,0.0505026229501996,0.0517291416610969,0.0538099993086374,0.0569981563504653
2025-09-30,0.053693285159786,0.0539223583194046,0.0548768298178153,0.0552725028157073,0.051223970891,0.0482837403070165,0.0490058192031558,0.0499179864035582,0.0504468966673297,0.051005356835024,0.0522764612327606,0.054405042215769,0.0576893926260029
2025-10-01,0.0542521942495498,0.0544005034957295,0.0550184586881448,0.0550639587651004,0.051297973131217,0.0485317320035322,0.0491707629779326,0.0499052457290728,0.050436660773553,0.0510089299256152,0.052362660462616,0.0546152783479859,0.0581013376016647
2025-10-02,0.0532585636235179,0.0534193802348143,0.0540894494485496,0.054508347698479,0.051780136053465,0.0497880225774217,0.0503363321033899,0.0508891903863242,0.0514219457819501,0.05199252484815,0.0533331009989458,0.0555740707107852,0.0589995853293396
2025-10-03,0.0525566712120398,0.052750340978473,0.0535572983386115,0.0543293413826753,0.0519977756018619,0.0502905911283307,0.050834335579366,0.0513860745765493,0.0519181498818317,0.052485030454558,0.0538003490012069,0.0559762884032735,0.0593985239791368
2025-10-06,0.0529654238956896,0.0531268117256604,0.0537992610172053,0.0545088906119177,0.0521196559511336,0.0502834955863654,0.0508284185345403,0.0513809985859593,0.0519130071443049,0.0524837731828479,0.0538291562387291,0.0560403083488449,0.0594777876052332
2025-10-07,0.0538355976071125,0.0539952337249258,0.0546603842158143,0.0552558614019452,0.0519277993422154,0.0491241736604053,0.0493207081090268,0.05003624551594,0.0509477222779422,0.0515199484730148,0.0529038729137767,0.0551568951909621,0.0586223197557366
2025-10-08,0.0538135264262442,0.0539528529674909,0.0545333802226854,0.0552153979402378,0.053007281304903,0.0511228696443575,0.0511560742149857,0.0513444570666528,0.0518840337791393,0.0524628123884336,0.0538399251295161,0.0560819739905711,0.0595881031977541
2025-10-09,0.0539648970288271,0.0540905008951465,0.0546138503381438,0.0550982291143476,0.0518946775660081,0.0491255033377269,0.049318492132401,0.0500311412087991,0.0509452773565906,0.0515053140187134,0.0528181387547251,0.0550375403833091,0.0584852572912177
2025-10-10,0.0538961563012538,0.054059320069457,0.054739169103637,0.0556700550640382,0.0532431134068219,0.0511183676454528,0.0511536175689983,0.0513401245204088,0.0518798786035819,0.0524441296708029,0.0537280047436847,0.0558789888377283,0.0592750981746405
2025-10-13,0.0536652362267673,0.0537834130379998,0.0542758164181354,0.0550135631938842,0.0527146620507918,0.0506261588415445,0.050660480554674,0.0508424775272501,0.0513814571954577,0.0519487208530994,0.0532622586960157,0.0554660025561066,0.0589257847160391
2025-10-14,0.0535393560750094,0.0536667406531359,0.0541975097286629,0.0549905776603853,0.0519367289154879,0.0492677491840633,0.0498196767615429,0.0503751779649209,0.0509072051093938,0.051482159637764,0.0528730297643051,0.0551346226880914,0.0586216196870971
2025-10-15,0.0548095962546171,0.0548829424681316,0.0551885516911085,0.0555937851909061,0.0527570640949263,0.0501177918108076,0.0503001165286531,0.0507149687170144,0.0508606682021882,0.051445319401891,0.0528624539722224,0.0551642126998048,0.0586340370706709
2025-10-16,0.0556878393059355,0.0557261877711701,0.0558859730429813,0.0560177219044253,0.0529752202615881,0.0501112056525045,0.0502951888852589,0.05071272612544,0.0508573961240128,0.0514436301002081,0.0528750429923484,0.0552124129997484,0.0587311687478359
2025-10-17,0.0551341911450634,0.0551872806673366,0.0554084870101416,0.0557197373943419,0.052849468855999,0.0501158364865615,0.0502961516738666,0.0508566113850633,0.0513906795343085,0.0519698993739113,0.0533940842999231,0.0557236318005768,0.0593014616359412
2025-10-20,0.054955460104366,0.0549971782640796,0.0551710039295531,0.0554734861175863,0.0515201138480396,0.0476889888631197,0.0479958921671782,0.0487076909433008,0.050303403753732,0.0510615385391159,0.0523996344674674,0.0546260570187308,0.0580348471914587
2025-10-21,0.055652879577962,0.055666187076607,0.0557216349876278,0.0557893674913246,0.0504486927491312,0.0451252941436557,0.0454541733186909,0.0469478603205043,0.0494859558036682,0.0512517816488486,0.0525154877293784,0.0546997376650067,0.0581280214987404
2025-10-22,0.0578554124287699,0.0577886518779206,0.0575104829160483,0.0568651309245046,0.0539910095285561,0.0510961813279528,0.0511414490077059,0.0511812529637539,0.0513227162575917,0.0519016499822291,0.0532689148452129,0.055520158348343,0.0589684199914479
2025-10-23,0.0575018236921908,0.057440036939671,0.0571825921375051,0.0565853201964801,0.0538773513347926,0.0510999592252108,0.0511433734691821,0.0511827223027994,0.0513222713022833,0.0519022145497749,0.0532815563075967,0.0555521958839968,0.0590145703769349
2025-10-24,0.0577369976441014,0.0576976285190039,0.057555516579173,0.0572258168787653,0.0513171178783119,0.0451076136862141,0.0454363082052973,0.0469199342802363,0.0494631268252215,0.0512462565114675,0.0525380695040005,0.0547283631001493,0.0581359969706128
2025-10-27,0.0599198690747085,0.0598661131098766,0.0595374581707945,0.0587749787121242,0.0560531681032553,0.0525834944870855,0.0510864607285943,0.0511446602405549,0.0512870481160163,0.0518654616247178,0.0532021535003156,0.0553743604119938,0.0587755465947482
2025-10-28,0.060361799364161,0.0605835648222518,0.0603864909114795,0.0599292794384876,0.0562403686875381,0.051816226587357,0.0511002084533351,0.0511541828684049,0.051292731347323,0.0518620864425954,0.0531372275288838,0.0552587316943541,0.0585651161212368
2025-10-29,0.058987740238513,0.0594050277314796,0.0592964874677429,0.0590446740558737,0.0558201790340244,0.0520677105060425,0.0521203105492188,0.0521645130894594,0.0521680052597156,0.0523153213245951,0.0536126947474268,0.0557626536444438,0.059108046837304
2025-10-30,0.0599454432560887,0.0603297903799054,0.0603776177741126,0.0603383941630206,0.0565704830670487,0.052051339152417,0.0521117524834984,0.052405454207902,0.0532328507741501,0.0533596780214441,0.0546014699287559,0.0566465490453732,0.0598515540239851
2025-10-31,0.0607797168886427,0.0610553943782787,0.0613885365877764,0.0618010469949958,0.0561808581861018,0.0492920584695221,0.0496097102404872,0.050769091312983,0.0520472956646438,0.0530220601927621,0.0542961401355763,0.0564057495379912,0.059704865341649
2025-11-03,0.062193655360506,0.0624666882816535,0.0626281337761821,0.0624364961508753,0.0579114353616653,0.052023294733796,0.0523256524161295,0.0533084013019508,0.053841145389137,0.0544069599597815,0.0557632012915351,0.057944860174538,0.0613937491962414
2025-11-04,0.0627266871771684,0.0629493416204517,0.0630996532699804,0.0628788173732555,0.0570036828247488,0.049330957401458,0.0497868117024007,0.0507410915262965,0.0520846553076726,0.053287831392958,0.0546060916460293,0.0567686346366322,0.0602256842913058
2025-11-05,0.063593931460326,0.0637421186107999,0.0639360702353177,0.0640039515523528,0.0569935777401273,0.0474261366046291,0.0474410736874255,0.048017874729379,0.0491103007127861,0.0498418892300065,0.0511609243705392,0.0532849422982233,0.0567013811225413
2025-11-06,0.0638882569770098,0.0642058094879507,0.0645703644816375,0.0643695877436616,0.059573795164956,0.0529947009950448,0.0530759392222512,0.0533585264415101,0.0542105937071753,0.0543399505819972,0.0557032145909245,0.0579155038072159,0.0613840374198346
2025-11-07,0.0636754452723628,0.0640464971368134,0.0647401969767854,0.0647958690576275,0.0580763904692894,0.0485723954240408,0.0489111314125835,0.0494475443691092,0.0503311983378608,0.0510723511954542,0.0524513288795697,0.0546836720298046,0.0581774781588739
2025-11-10,0.065665645910297,0.0660135939555618,0.066594755303164,0.0660828618347176,0.0612071750415938,0.0541707818128003,0.0550704606628537,0.0553370747902871,0.0561993634113954,0.056323314979644,0.0577311568876508,0.0599739861958029,0.0635695877839952
2025-11-11,0.0664087693759929,0.0666353100336578,0.0670925876747853,0.0669303788307994,0.0614231009542297,0.0531598148048541,0.0540720178008085,0.0543387987779414,0.0552048066827946,0.0553279166349715,0.0567294056002309,0.0589159145716608,0.0623904424285048
2025-11-12,0.0648399465941264,0.065129749970618,0.0657649572450076,0.0655487722416198,0.061030367165488,0.0541726046808391,0.0550743174008931,0.0553341996560254,0.0562016446297083,0.0563187023990645,0.0577023407138446,0.0599465088155884,0.0635236506606846
2025-11-13,0.0615329513373449,0.0624398098755276,0.0647290530228768,0.0648572144738528,0.0604585618701471,0.0532360855876807,0.0533696568569204,0.0537932449025458,0.0545527476489386,0.0551161914922395,0.0564602785183347,0.0586966230514443,0.0622270182543289
2025-11-14,0.0599143964592042,0.0610869646582851,0.0646322811470361,0.0648610653909621,0.0612055005859606,0.0544064641313565,0.0521128598928773,0.0527169475731946,0.0533719674866705,0.0543944324881515,0.0557773741527253,0.0580665172471822,0.0616678655142014
2025-11-17,0.0610604331256915,0.0623309982915762,0.0662911100317271,0.0656787787197169,0.0604518707482926,0.0514798080976378,0.0516712359183073,0.0522575535885481,0.0528982595355632,0.0539210794760002,0.0553260436337417,0.057622728445418,0.0612179478863974
2025-11-18,0.0599123156072169,0.0612508382742093,0.0656985458406904,0.0655357438214962,0.0622807100617642,0.0565131701006808,0.0568395709939571,0.0572536012466546,0.0581153479523261,0.0591456558567099,0.0605948700353973,0.0629986657374097,0.0667814324943422
2025-11-19,0.0597703441639933,0.0610414722772512,0.0654769622100382,0.0652818144876126,0.0604174328001399,0.0514844623673274,0.051670700715215,0.0522566534397697,0.0528936660010069,0.0539249123079741,0.0554022373275507,0.0577930306792885,0.0615078269579805
2025-11-20,0.059145596872758,0.0605203652658407,0.0655542620845989,0.0654204633820641,0.0608559606146701,0.0522299033000624,0.0524123440424657,0.0529984830072255,0.0536339280076039,0.0546688101632095,0.0561692383729336,0.0586278697119448,0.0623855332068138
2025-11-21,0.059709439513159,0.0606793525837554,0.0647206570445735,0.0649870819803489,0.0616985848154926,0.055021784137309,0.0553968821606825,0.056070014173148,0.0571488270403884,0.0581872197665311,0.0597648785596341,0.0623275752632419,0.0662712697183417
2025-11-24,0.0654390820878609,0.0658956620631594,0.0677980786269033,0.0667711125039059,0.0617945427146132,0.0524622526121289,0.0528991649696635,0.0550628868097464,0.0569398475954447,0.0574791493837039,0.058925089518268,0.0613851513592482,0.0652819221086405
2025-11-25,0.0660417167042391,0.0664031941582726,0.0679093502167458,0.0670993552732163,0.0638340691748531,0.058024168315853,0.058524123919418,0.0587518923635877,0.059838521344844,0.0608743895041728,0.0623038938017845,0.0647580539888431,0.068699591916302
2025-11-26,0.0653687584586285,0.0656746160363324,0.0669490226100985,0.0666122197590003,0.0631746059424319,0.056242270453698,0.0565771271257935,0.0569840389252284,0.0578396003439064,0.0588790975021052,0.0603388402314435,0.0628819664636882,0.0669038405048186
2025-11-27,0.0660080881363291,0.0665464366188292,0.0687895552959131,0.0677779038446688,0.0637046929732009,0.0564772808022764,0.0568173610642675,0.0571836520648351,0.0578111558804442,0.0588529766224843,0.0602770813176508,0.0627810773463905,0.066788583093389
2025-11-28,0.0669770643340611,0.067241721196106,0.0683444581212933,0.0679115033397501,0.0641679330686447,0.0562990623426729,0.0571137221617884,0.0577797782575666,0.0588170604280485,0.0596142455297413,0.0610466576396767,0.0635355904938306,0.0675425965957059
2025-12-01,0.075700108247893,0.0755438571297108,0.0748928108039515,0.0730501759100407,0.0676634652013084,0.0571456412941909,0.057518841278865,0.0579335792216517,0.058712150139566,0.0592882490886767,0.0608289104325895,0.0634003368711699,0.0674760817868867
2025-12-02,0.0755988272736837,0.0754974171890381,0.0750748751696817,0.0728098806960722,0.0673994723935502,0.0576501189508194,0.0579807918164892,0.0581299302734354,0.0586796703558943,0.0592641790045047,0.0608553284238346,0.0634398946112088,0.0674922442837741
2025-12-03,0.0744089526505269,0.0746427462510708,0.0756168862533372,0.0735338163640215,0.067925074311502,0.0581390662940975,0.0584720252996297,0.0586208416022483,0.0591709700790866,0.0597561234709518,0.0613600837330004,0.0639764556347043,0.0681541922810494
2025-12-04,0.0727741959451093,0.0730909503084454,0.0744107601556789,0.0721707695441975,0.0666606447268422,0.0579130790062088,0.058306669297671,0.0589765148281464,0.0600611159759678,0.0611134336515554,0.0626415456893227,0.0652350506945146,0.0693778114959613
2025-12-05,0.0694506272506828,0.0695053083557294,0.0697331462934236,0.0688500093687498,0.0651191666428695,0.0569198529744767,0.0570099076909408,0.0570788230401638,0.0570843030158139,0.0571886724110131,0.0587688050669568,0.0613471716095983,0.0654270093127999
2025-12-08,0.0715640704146317,0.0714877109780467,0.0711695466589425,0.0702672102483892,0.0668819879358925,0.0586742271832829,0.0590203705099976,0.0594857308381412,0.0607399291089498,0.0612992974474466,0.0627928396205299,0.0652777993524943,0.0693193437843622
2025-12-09,0.0734699016083152,0.0734406772055029,0.0733189088604517,0.0714605215004701,0.0658363322525836,0.0538984835113107,0.0542707582065262,0.0563167703319283,0.0573811987170079,0.058420347411612,0.0598549555246492,0.0622233234057701,0.0660486373629935
2025-12-10,0.0712240826140463,0.0714968748416298,0.0726335091232276,0.0711451080173796,0.066425327223952,0.0588938823832344,0.0589823929833027,0.0590536048228336,0.059057832307487,0.0591426020915606,0.0605756310266407,0.0628704213601053,0.0666467586007832
2025-12-11,0.0741845839565349,0.0741796452189656,0.0741590671457601,0.0714980338994366,0.0663939280865822,0.0597020136001672,0.0602657917713604,0.0607192471284364,0.0619790607829748,0.0625362117253157,0.0640359152299798,0.0664932811915551,0.0704699444405618
2025-12-12,0.074180003293223,0.0741804468097127,0.0741822947950866,0.0717775868000255,0.0665103775820175,0.0583900200481081,0.0584838194499319,0.0586785197404604,0.0596421572037371,0.0597151783834587,0.0613037113891873,0.0637897638718229,0.0678015404342032
2025-12-15,0.0727752627080102,0.0727991088688685,0.0728984678724448,0.0712327098059609,0.0669013013014452,0.0599450675000615,0.0605101976072302,0.0609527389730295,0.0622210643316033,0.062785311372951,0.064460588107312,0.0670220738748351,0.0711502598691206
2025-12-16,0.0716058547327558,0.071753166006468,0.0723669629802688,0.0709095732514549,0.0653062590903873,0.0544130698289057,0.0545489889658474,0.0550789024946931,0.0571312073195934,0.0581884254061733,0.0598966261896777,0.0624787712984698,0.0665635821460256
2025-12-17,0.0693623291937073,0.0697278152956173,0.071250674053576,0.0708767432309605,0.0665237735202883,0.0594247399017853,0.0597614643595313,0.0601736859701631,0.0612018043108874,0.0617713381849598,0.0634935809006271,0.0661158089013467,0.0702550600578048
2025-12-18,0.0726507549405158,0.0728309483795376,0.0735817543754614,0.0721171078969583,0.0659190720953127,0.0541758915378566,0.0545470588700307,0.0550672971032498,0.0571252552977764,0.0581857057619824,0.0599366821531825,0.0626228358831929,0.0667558169625045
2025-12-19,0.0775495642192879,0.0772764766819343,0.0761386119429611,0.0729806148311568,0.0668273648350036,0.0549101495895076,0.0552837749890811,0.0558260060944153,0.0581342966089637,0.0591903682824126,0.0608895566982153,0.0635011406343005,0.0675991749317587
2025-12-22,0.0782932975727641,0.0780603271422157,0.0770896170149308,0.0739370258081845,0.0681178016481,0.0598876136475999,0.0602368240853351,0.0606442167301373,0.0616816066155561,0.0622487739859144,0.0639849689610915,0.0666017274391824,0.0707560450131897
2025-12-23,0.0803624040940421,0.0800331351623532,0.0786611812803159,0.0749176669394152,0.0685327905098486,0.0588561305105822,0.0589622550044927,0.0591324839767385,0.0601302872329868,0.0601840816996491,0.0618724957426309,0.0644212044586203,0.0684761871790575
2025-12-24,0.0791885018711086,0.0800559039221881,0.0796258785661255,0.0767870071177566,0.0691223174254266,0.0548855318995306,0.0555751089146316,0.0567088788249319,0.0577847794248648,0.0588540626440361,0.0604397117825786,0.062892340165359,0.0668574327749961
2025-12-25,0.0881110160597115,0.0847111731162773,0.0835839334047005,0.0794629624374852,0.0716081501193851,0.0628312053783191,0.0634498830795708,0.064141765628806,0.0657316408588821,0.0668051114349623,0.0683962168767428,0.0709303777656672,0.0750705186542183
2025-12-26,0.0805128073248394,0.0796785430541765,0.0796559441854002,0.0775677286464805,0.0712147056592409,0.0628464754206217,0.0634568395526293,0.0641432975818597,0.0657331522162193,0.0668096807751197,0.0684801741340314,0.0710630186677546,0.0752728928375523
2025-12-29,0.0800684014545699,0.0781887388657938,0.078038323285097,0.0763552498808574,0.0709101910492471,0.0633558056648863,0.0639554041308334,0.0646309391904289,0.0662238576878271,0.0673027820759948,0.0689923232362141,0.0716211885801726,0.075979249344221
2025-12-30,0.0857573158729555,0.0815930690875947,0.0805205649550817,0.0783366102202933,0.071889923920487,0.06030983567899,0.0568933221036461,0.0576441643944879,0.0597934215717263,0.061399150654138,0.0631209728899455,0.0657320941823147,0.0699367332514629
2025-12-31,0.0760432483695066,0.0756095970941818,0.0762460657754369,0.0765802547519092,0.0710871549004979,0.0596023859167655,0.0602609297187775,0.0613970617770408,0.0624723351616073,0.0635567731731197,0.0653101604150337,0.0679981709315608,0.0722428613824648
2026-01-05,0.0750510048423318,0.0742637200043676,0.0744444836209619,0.0762531730718922,0.0713193893223427,0.0567824179629529,0.0559956498524495,0.0571441573086714,0.0582244864290317,0.0593123256784074,0.0610941565231083,0.0637213389774719,0.067910162485695
2026-01-06,0.065273892823566,0.0655978254922537,0.0682265736371327,0.0734305472990407,0.0712481839744544,0.0593837218934835,0.060514074661559,0.0616549057464963,0.0629987475370229,0.0643519926395137,0.0661386098318921,0.0687935942492524,0.0730622772239943
2026-01-07,0.0570629937445043,0.0590077919824509,0.0650932507941647,0.0726258453098328,0.0702123173968063,0.0548745716867539,0.0552910344040249,0.0564251779335813,0.0574981601643884,0.0585816774342106,0.0603340806488383,0.0629480465575236,0.0670554520065432
2026-01-08,0.0503511051998109,0.0540531676371571,0.0632630125780069,0.0706323340756111,0.0683417756750905,0.0568146012716843,0.0550025316559949,0.0561486283148924,0.0572274997949023,0.0583140869220221,0.060026985131059,0.0626355324371105,0.0667097692365296
2026-01-09,0.0490823070459637,0.0527609004940827,0.0618310769175555,0.0691729233605239,0.067413155665859,0.0549133080893292,0.0550562210698461,0.0561842707695575,0.057254101463268,0.0583354276386942,0.0600101102832656,0.0625464880925186,0.0665124641806198
2026-01-10,0.0485532723009653,0.0534223751879477,0.064819190038845,0.0705195950335297,0.0687400081970036,0.0591707185418221,0.0602880515749215,0.061690416114631,0.0635541589402907,0.0648982485560065,0.0665630549490786,0.069123424636268,0.0732117817471256
2026-01-12,0.0510949659823822,0.0547321093189438,0.0649869713352888,0.0726232321003272,0.0696690224400546,0.0548757249958528,0.0550148693713531,0.0556544083009249,0.0572586000214969,0.0583387171021436,0.059948378112046,0.0623929532053404,0.0662597144813198
2026-01-13,0.0496858965953639,0.0534824378470624,0.0646670875057743,0.0727638630721878,0.070152058556857,0.0548691224308399,0.0550231356131127,0.056157900383938,0.0572309188391355,0.0583170591919057,0.0599936910885583,0.062462805105814,0.0663843894786855
2026-01-14,0.0519850831480089,0.0578163945931518,0.0750991310907235,0.0733283621108107,0.0700970530648529,0.0588774173557318,0.0597634815160596,0.061417476748887,0.0630256228662853,0.0646560913065089,0.0663040979966706,0.0688037359985299,0.0728515536108217
2026-01-15,0.0508644461924356,0.0574843187149163,0.0770423611447163,0.074575134941074,0.0708690196530383,0.0591106345416076,0.0600001623445483,0.0616562728085584,0.063265533274537,0.0648984592045672,0.0664575542717703,0.0689034613352419,0.0728078595581799
2026-01-16,0.0471487311263411,0.0547285932349966,0.0772417668510172,0.075313046548246,0.0714178562406992,0.0595983764020699,0.0604873972308801,0.0621448149758994,0.0637549184262943,0.065391571268816,0.0669631183020076,0.0693790066911465,0.073313652581034
2026-01-19,0.048328195840924,0.0549969691495041,0.0781918518737083,0.0760682912503555,0.0722777226034271,0.0595803061403523,0.0604668158212168,0.0618644100295042,0.063478415435407,0.065124260419167,0.0666758181614502,0.0690208300965694,0.0727757380677395
2026-01-20,0.0374646264327323,0.0453026584725064,0.0725390126670421,0.0733060780643775,0.0712798777388662,0.0598505861194796,0.0604688452044971,0.0618638216837537,0.0634768455448886,0.0651250096598154,0.0668340772700949,0.0693288453759465,0.0733348969439084
2026-01-21,0.0364454567264437,0.0429554833985889,0.0719405411182609,0.0737020245953318,0.0717673771010986,0.0598418927220661,0.060461736412825,0.0618570022103274,0.0634704647630147,0.0651212062670639,0.0668792441518641,0.0693985435240089,0.0733476780494889
2026-01-22,0.0362465852551103,0.0423378316621644,0.0719692715089677,0.0732829848822797,0.0716974401274902,0.0593444838924413,0.0602185975120986,0.0616104075427666,0.0632223044667956,0.0648739549610353,0.0664225546077734,0.0687562781864257,0.0724920341442193
