Date,3M,6M,9M,1Y,15M,18M,21M,2Y,27M,30M,33M,3Y,5Y,7Y,10Y,15Y,20Y,30Y
2026-08-18,0.07371099355992283,0.07604365404289117,0.07716947254921155,0.07545991500985347,0.07608845931263894,0.07633326855378397,0.07629552121216977,0.07648540878522984,0.07697441879219452,0.0774095759317729,0.07744651002092709,0.07740643046778678,0.08301793762040979,0.08363600723715137,0.0839989310967617,0.08577121749257809,0.08724263486258999,0.08860454897090056
2026-08-17,0.07371099355992239,0.07494622465285895,0.07628189735047952,0.07545991500986124,0.07608845931264781,0.07634751061809739,0.07631759036392104,0.0764851226628163,0.07698159324312362,0.07741480889453609,0.0774610241788584,0.07741205931614478,0.08312200036246817,0.08364584253396182,0.08404915557246212,0.0857432142915067,0.08722294590671144,0.08858868559257489
2026-08-14,0.07267562171720995,0.07860322198084721,0.076281897350496,0.07544470364222834,0.07608600745333463,0.07629854487370791,0.07631194744508443,0.07648416101489136,0.07698407689128303,0.0773929603565914,0.07746127090735089,0.07741198947536558,0.08300622938493721,0.08356501286710025,0.08370092084163103,0.08580742258935978,0.08734503052404888,0.08867348165902691
2026-08-13,0.07235616485337203,0.07859487079404817,0.076281897350496,0.0754599150098612,0.07607965407367577,0.07629357481014076,0.07630695025608446,0.07648021134661033,0.0769848340160515,0.07739396032015543,0.07745826459455447,0.0774123645173232,0.08312413624280945,0.08358347828364134,0.08367181728025458,0.08579999163769463,0.08733922658791794,0.08866915556130568
2026-08-12,0.07252308903076063,0.07861157552659227,0.07716947254913673,0.07545991500986131,0.07609320094528084,0.07628560884769561,0.07629356275747215,0.07647614923706558,0.07697927630252177,0.07739309879305707,0.0774400245804476,0.07740986370625472,0.08297507675175375,0.08351295420866285,0.08370075525881338,0.08582006965349426,0.087354368215851,0.08868048149319036
2026-08-11,0.07294527766240146,0.07861157552659227,0.0771694725492102,0.07545991500986131,0.07609151557380575,0.07629642789094264,0.07629323635812421,0.07648340597275978,0.07697435191673735,0.07738871179674824,0.07744651002108531,0.07740643046803222,0.08309281967701176,0.08363796166134506,0.08375689189474556,0.08595722912941618,0.08748816110286403,0.08881204151842
2026-08-10,0.07294527766240233,0.07861157552659227,0.0771694725492102,0.07549700699799596,0.07609151557380565,0.07629604810643985,0.07629290996156929,0.07648164703388115,0.07698152603865963,0.07738505218933912,0.07744651002108532,0.07741106346004459,0.08308926093535324,0.08360274251635104,0.08373581482698675,0.08596859007895266,0.08749925272672113,0.08881752636073835
2026-08-07,0.0730681849143031,0.07860322198085624,0.0771694725492102,0.07548178086036449,0.07608440940595186,0.07629582896490444,0.07628730600651283,0.07647996753652683,0.07698136381093706,0.0773929252906506,0.07744674241846368,0.07741050819597352,0.08298387689452974,0.08359038605253595,0.0837367592848292,0.08598214154526727,0.08750752245363394,0.08882321706185696
2026-08-06,0.0729452776624025,0.07859487079404799,0.0771694725492102,0.07549700699799593,0.07607731254003175,0.0762907548575508,0.07628234742986385,0.0764767406370653,0.07698167917737828,0.07739385791040251,0.07744373642590172,0.07741138090730362,0.0829523624075647,0.08351165229106447,0.08371525530243253,0.08600537721762307,0.08744245157428654,0.08873420788617663
2026-08-05,0.07308272473184553,0.0786115755265921,0.0771694725492102,0.07549700699799593,0.07609096692637358,0.07628296042280665,0.07629127802068479,0.0764726833724034,0.07697622934498657,0.07739309787286551,0.07744002458044749,0.07740886690396367,0.0830279045628298,0.08352888593582808,0.08376874470581545,0.08611994766468418,0.08746760745615419,0.08876786007043502
2026-08-04,0.07258200176953997,0.0786115755265921,0.07549769720419196,0.07549700699799593,0.07609296575542021,0.07629376947882098,0.07633314514457541,0.07647993046678354,0.0769733814754777,0.07738871179674824,0.07747385638821576,0.07740543642753121,0.08307074183806121,0.08352339440941542,0.08381654392631305,0.08610171346158078,0.08745402479579764,0.08876004333185275
2026-08-03,0.07270964303587876,0.0786115755265921,0.07549769720418008,0.07549700699799593,0.07609245620158729,0.07629338972078352,0.07633281858706299,0.07647964437975857,0.07698026571362235,0.07738505218933919,0.07747385638821588,0.07741106346004464,0.08301439190346917,0.08343720336982674,0.0838105095971017,0.08612359758462322,0.08747328491881996,0.08877122964114874
2026-07-31,0.07256765987992335,0.07860322198085623,0.07549769720418008,0.07548178086036461,0.07608644697358476,0.07629324378867625,0.07632715206917949,0.0764793772479166,0.07698072582584374,0.07739297000036056,0.07747411589282485,0.07741146315881058,0.08342320867876044,0.0838377827162426,0.08422761812464476,0.08659707335763285,0.08785418388197642,0.0891619175229492
2026-07-30,0.07221869261010895,0.07859487079404814,0.07513092217435224,0.07510747248680827,0.07558098489666712,0.07581264848045725,0.0758541577450678,0.07604657565864173,0.07647541015892759,0.07688315701488055,0.07696448314259828,0.07682293791147825,0.08287991972563737,0.0832480240165645,0.08366950023802676,0.08593863596190669,0.08728115609500806,0.08857281114922044
2026-07-29,0.07209103554738443,0.07861157552659194,0.07513092217435047,0.0751074724868055,0.07559551603274547,0.07580475081191679,0.07584921304392492,0.07604256705691431,0.07647072253232318,0.07688228146020043,0.0769615287053358,0.07682049298825253,0.08283775662596904,0.08329206750332441,0.08362826786062073,0.08594818544796579,0.08728803265531362,0.0885783710472239
2026-07-28,0.07209103554738443,0.07861157552659194,0.07513092217435047,0.0751074724868055,0.07559551603274547,0.07581538979850802,0.07585812323072054,0.07604972175971232,0.07646680172681934,0.07687794350148727,0.0769577843276744,0.07681710375197179,0.08280568274910122,0.08326118320804776,0.08362409668180794,0.08595745782033637,0.0872958384369624,0.08858540978331247
2026-07-27,0.07209103554738443,0.07700581179193802,0.0747622582481285,0.07474562595217714,0.07522791161087895,0.07546499756256458,0.07550256690852201,0.07576467319759839,0.07619662293244082,0.07659862315532588,0.0766895804855531,0.07653689370240536,0.08253679786183767,0.08297140733514759,0.0833340097514563,0.08566525364776727,0.08700295659712079,0.08828442197960529
2026-07-24,0.07305837131810207,0.07699779385725422,0.07474723134880268,0.07473069765107873,0.07521750160408998,0.07546454571356628,0.07550073460796652,0.07576439570171933,0.07619444025236956,0.0766062204857493,0.07668901920205165,0.07653728009871642,0.08267805691268404,0.08316125000317995,0.08346755597404781,0.08590904935055699,0.08715323894574852,0.08844104732565351
2026-07-23,0.07322016703971108,0.07583560698623039,0.07476225824812811,0.07474562595217682,0.0752095896899773,0.07547412149416712,0.07549671018614713,0.07575985164006073,0.07619413615630347,0.07661607398304261,0.07668982502722609,0.07653724362532043,0.08269943622714339,0.08314526492056107,0.08351955667534619,0.08589438860362486,0.08714185861218358,0.08843285247138401
2026-07-22,0.07336742137176169,0.07585116647901806,0.07468662226606122,0.07468066527656304,0.07522287712055922,0.0754673018912975,0.07549370752152343,0.07575841868732168,0.07618888450079987,0.07661587202536668,0.07668810679600586,0.07653657830378079,0.08273334094569841,0.08315717455175183,0.08348900133923237,0.08589862142953007,0.08714458919943639,0.0884355250430887
2026-07-21,0.07350485381740794,0.07609177301556289,0.07476225824812796,0.07474562595217693,0.07522233513974604,0.07547477121127048,0.07550063201194099,0.07576297281143178,0.07618468807727764,0.07660956726544094,0.0766831744459847,0.07653140694080975,0.0830534281214829,0.08348881220769855,0.08383606550696546,0.0862238075789014,0.08747004958161439,0.08876473982761064
2026-07-20,0.07350485381740794,0.07609177301556289,0.0747622582481281,0.07474562595217682,0.07522233513974604,0.07547439555603702,0.0755003095388192,0.07576268942115774,0.07619170173507188,0.0766059628636795,0.07668958048555238,0.0765368937024046,0.08316841645234817,0.08359096106268876,0.08389552512620266,0.08638065353980859,0.08762263351588157,0.08890853888556542
2026-07-17,0.07335276841713248,0.07608394308532877,0.07474723134880278,0.07473069765107875,0.07521623855753855,0.07547376667871959,0.07549898171754116,0.07576241195480544,0.07619195240527053,0.0766134680602457,0.07668934656597794,0.07653728009871641,0.08314919363804867,0.08360289766688493,0.08393481846222114,0.08641700347288786,0.08759258325302534,0.08888761010244561
2026-07-16,0.07336742137176187,0.07583560698625291,0.07476225824812824,0.07474562595217682,0.0752467020383848,0.07550953441290487,0.07549445654339686,0.07575787072400295,0.07619041785676671,0.07661423388579834,0.07668980382662235,0.07653724364490565,0.08332062989611749,0.08368438064813644,0.08396643287016087,0.08645373526847432,0.0874241241856246,0.08878608554749767
2026-07-15,0.07350485381740884,0.07609177301556327,0.07476225824812809,0.07474562595217682,0.0752600396852103,0.07549959675336715,0.07548956382186,0.07575389316918302,0.07618515766938984,0.0766121158415298,0.07668683386481623,0.0765348553776614,0.08322486650891754,0.08367709207708897,0.08395287366871639,0.08640703184129979,0.08746171194291687,0.08881298701100249
2026-07-14,0.0735048538174084,0.07609177301556305,0.07476225824812809,0.07474562595217682,0.0752600396852103,0.07551022445906654,0.0754983747579345,0.07576098912403326,0.0761812711464585,0.07660775533654911,0.07668317444598473,0.07653140694080975,0.08322486428124003,0.08367708288686178,0.08392691123064795,0.08641395506541208,0.08738457333523347,0.08887336158012503
2026-07-13,0.07448637571809784,0.07609177301556305,0.07476225824812809,0.07468066527656293,0.07525616746334596,0.07550984864046793,0.07549805230409433,0.07576326002899247,0.07618609121081835,0.076604152912876,0.07668958048555245,0.07653861710650961,0.08322312864092381,0.08367836182162755,0.08392677019415515,0.08641450030235376,0.08738726744749194,0.0888730742693173
2026-07-10,0.0747165170914245,0.07608394308532875,0.07467162547124344,0.07459154590035254,0.07517305904892045,0.07543285721962542,0.07549858156379163,0.07569831716795884,0.0761105408889815,0.07653607539333451,0.0766905518443141,0.07654452667785455,0.08322899143639728,0.08365506901732585,0.08393304243324055,0.0864190385392802,0.08738847470390658,0.0888738585022191
2026-07-09,0.07473171825642057,0.07607611529643486,0.0746866222660612,0.07460641933685383,0.07516596674268175,0.07542728075840328,0.07549409959250003,0.07569383887757472,0.07611073171215739,0.07653664468750196,0.0766910823767265,0.07654449121551234,0.08322896798133222,0.08365347084967018,0.08392035788701953,0.08629733274345164,0.08692565592445813,0.08872226809952782
2026-07-08,0.07473171825642057,0.07585116647901782,0.0746866222660612,0.07460641933685383,0.07517979468159644,0.0754239915694145,0.07548920757301815,0.07568986677755608,0.07610573955933785,0.0765385954139106,0.0766881493665738,0.0765420589365288,0.08315462513880131,0.08360830634892713,0.08396255868792661,0.08642693295950475,0.0873939894610292,0.088878217733294
2026-07-07,0.07375025705844741,0.07561053075527022,0.07420434189933924,0.07460641933685383,0.0751836623549221,0.07543776118060652,0.07551013165521492,0.07569695258176269,0.0761040434463496,0.07653617061885296,0.07669225216140552,0.07653867866643764,0.08313323266664381,0.08359939907928932,0.08396644034911059,0.08642908144756212,0.08739621498007473,0.08888135256475792
2026-07-06,0.07390730716691565,0.07620725378792005,0.07427054758271377,0.07468066527656277,0.07525845184023537,0.07550569745571678,0.07557530510242144,0.07576127639343083,0.07618560816024904,0.07660322544969213,0.07676401144425521,0.07661895480318914,0.08320528177155996,0.0836745421602819,0.08401433625594447,0.08648069694521433,0.08749316503624871,0.08897139080289938
2026-07-03,0.07389243846789875,0.07619940022644517,0.07411389859556196,0.0745915459003517,0.07517638060477642,0.07542884649061936,0.0754332059427047,0.0756968168185648,0.07611065092157986,0.07653523006929548,0.07662349670681877,0.07647455616516992,0.08306400233725802,0.08352980057026821,0.08386060020311399,0.08634251883015084,0.0873509650798618,0.08882606655518797
2026-07-02,0.07390730716691585,0.07638392292720633,0.07412867423192236,0.0746064193368539,0.0751692013027886,0.07542093295883816,0.07542909478586426,0.07569185979106847,0.076110798251871,0.07653435795011725,0.07662423903159156,0.0764742324714982,0.08306378853304668,0.08352807288746378,0.08389963047516309,0.08636285659136951,0.0873295935050596,0.08881087162651645
2026-07-01,0.07377970442733685,0.07601478209900399,0.07412867423192236,0.07460641933685379,0.07518354629660397,0.07541922905009144,0.07542419703937095,0.07568789049659697,0.07610608594696226,0.07653727026167868,0.07662126980341386,0.07647184580448123,0.08310733244132723,0.08356123291707789,0.08387644471408993,0.08635952399687849,0.0873264552384416,0.08880947155226501
2026-06-30,0.0741526855162108,0.07621510950133643,0.07421174760840583,0.07460641933685379,0.07514437113315879,0.0754666625789005,0.07547167110820129,0.07572390994886471,0.0761421378826018,0.07656580790475849,0.07666212931468734,0.07649698435132893,0.08310362777562597,0.08353517542320749,0.08387845501704205,0.08632893721529916,0.08731973848615761,0.08886573858070236
2026-06-29,0.07402509066858605,0.07602259842975495,0.07421174760840539,0.07460641933685379,0.0751448737053906,0.07546917315598986,0.0754713482844599,0.07572362672695163,0.07614941543809926,0.07657384972838599,0.07666212931468688,0.07650247092628752,0.08309006503574819,0.08347856856923236,0.08399223456809121,0.08647956083827206,0.08696584493018528,0.0885143177695585
2026-06-26,0.07387281541650188,0.07564129477586497,0.07406037807293503,0.07451732367174743,0.07513871246044342,0.07546877221922285,0.07546957414285933,0.07572666090922406,0.0761496839074278,0.0765769623052741,0.07666481401619059,0.0765050915770555,0.08308302968669809,0.08347850547297214,0.08395556541047938,0.08641387855889211,0.08700533692037628,0.08854180832276126
2026-06-25,0.07388767624333822,0.07532940468057125,0.07398468687815991,0.0745321678842755,0.07513158680008994,0.0754664350597776,0.07546654342335996,0.07572172954348697,0.0761498739595221,0.07657936701011668,0.07666305999103891,0.0765047848977482,0.08314711205604561,0.08360876200538374,0.08410761929421337,0.08657670152881847,0.08712221020424159,0.08866298065106355
2026-06-24,0.07388767624333822,0.07517532890261215,0.07398468687816065,0.0745321678842755,0.07514541497353215,0.07548022556793842,0.07547540326255918,0.07571775474685934,0.07614483839547724,0.07657608345696576,0.0766593735527795,0.07650236475569747,0.0831477786636323,0.08361237134943646,0.08409420693392929,0.08654872404754554,0.08713706672903261,0.08867410350790206
2026-06-23,0.07388767624333822,0.07517532890261215,0.07398468687816065,0.0745321678842755,0.07514541497353215,0.07548022556793833,0.07547508043113967,0.07572484566956912,0.07614095939867364,0.07657247428366434,0.07666580696422387,0.07649894988353391,0.08314778888284248,0.0836123711380324,0.08406821861320428,0.08649270651106336,0.08716842287807018,0.08869750731955013
2026-06-22,0.07388767624333822,0.07501161034619583,0.07391845356743454,0.0743186642423028,0.07486258904891843,0.07533953974382,0.07532290144353394,0.07558824039071077,0.07600385601406519,0.07651789398654585,0.07659486263809566,0.0764474914536807,0.08300998931579434,0.08356118581034606,0.08405082782654316,0.0864537961955636,0.08708833804687939,0.08861805211073609
2026-06-19,0.07359808228387318,0.07483272412675814,0.07373866089702108,0.07441525906221683,0.0749606604962312,0.07537442908276275,0.07536021922019595,0.07562275582233106,0.0760389485122028,0.07647799006790007,0.07655614859969936,0.07640309326112565,0.08308770084394992,0.08350259517036283,0.08391010539404357,0.08638653756255668,0.08708087928019384,0.08860051234928934
2026-06-18,0.0737797044273351,0.07469376536877037,0.07366295148620744,0.07435579858507187,0.07491526275060119,0.07533191885632269,0.07531882747245396,0.07558198466733672,0.0760013209817229,0.07644141541186612,0.07651643650834568,0.07636651378695238,0.08301862971958186,0.08338639855524554,0.08387718292200964,0.08633326942281021,0.08690284133696996,0.08856317632703938
2026-06-17,0.07341650493457814,0.07469376536877059,0.07366295148620773,0.07435579858507198,0.07493043734775634,0.07534367926119213,0.07532765725436312,0.07557802487255476,0.07599714758276241,0.07643683280376955,0.07651277648218885,0.07636410536447456,0.08280506303502251,0.08309049217588262,0.0836277260779877,0.08633763600569817,0.08711261081503806,0.08877942884556397
2026-06-16,0.07304345462646661,0.07469376536877059,0.07366295148620773,0.07435579858507198,0.07493190260471429,0.0753436792611922,0.07532733506454514,0.07558508741140804,0.07599410776253729,0.07643323523424665,0.07651919140493764,0.07636069294539465,0.08280506297896603,0.08309048469223648,0.08360178383527077,0.08634455769447281,0.0867674698448269,0.08851773746535457
2026-06-15,0.07304345462646616,0.07453000727751406,0.07354937933096174,0.07410511500679358,0.07482818549443555,0.07497439949379024,0.07518590918170422,0.07544991371174775,0.07585890750221166,0.07623126481258433,0.07629887492277063,0.07614949442164776,0.08250012719871537,0.08281636840775895,0.08340563282891833,0.08614083150141927,0.08674779925028515,0.08842800967541066
2026-06-12,0.0730289303804856,0.07427423188849727,0.07376705082082609,0.07409043833017898,0.07482148900281291,0.0749722450626701,0.07517498889105788,0.0754499113265694,0.07585889433004434,0.07623318130798167,0.07629570852203166,0.07615006339998885,0.08250241986561736,0.08281402712508287,0.083367381889638,0.08613683665676035,0.08676084364177147,0.08843710578493647
2026-06-11,0.0730434546264656,0.0742891621279706,0.07354937933096169,0.07403082632091575,0.07473905674443121,0.07489922059813484,0.07509877362060895,0.07537085486633907,0.07578420372289245,0.0761570392842762,0.07623042957934516,0.0760755531529525,0.08247050115240512,0.082779129366618,0.08333317439193942,0.08605410475468993,0.086661203017932,0.0879414803511224
2026-06-10,0.07292564197804831,0.0742891621279706,0.07354937933096169,0.07403082632091575,0.07475321163586052,0.07491084725738799,0.0751075364922399,0.07536691362828732,0.07577937690111426,0.07615275302149951,0.07622656789361486,0.07607317001671605,0.08242833643376328,0.08277645052799038,0.08341619815950761,0.08622423442649327,0.08671463456414912,0.08790869913755206
2026-06-09,0.07312199444853655,0.07361464094874912,0.07354937933096169,0.07406797135370222,0.0747524422986958,0.07491958211267262,0.07510721525353567,0.07537248850320453,0.07577510135459871,0.07615451098502302,0.07623292575920769,0.07606879713663309,0.08244908598436473,0.08273824284939002,0.08343269094728614,0.08601799483443033,0.08685811843274646,0.08801863116194146
2026-06-08,0.0731219944485251,0.07400010955418407,0.07354937933096169,0.07406797135370066,0.07475244229869575,0.0749145900293602,0.07510689401757926,0.07537220661781552,0.07578202025256801,0.07615793040619012,0.07623292575920759,0.07607422285467136,0.08244630035820986,0.08273867299328122,0.08338023369512178,0.08598601735047466,0.08680847105131059,0.08809300376865727
2026-06-05,0.072400803863249,0.07359997892386412,0.07340740056880247,0.073839789831501,0.07467309139501627,0.07483808821670791,0.07503775588077227,0.07523590665218075,0.07571844309983343,0.0760854905929632,0.07615913825520329,0.07608813286043296,0.08248949613816389,0.08278520565554642,0.08341330574131027,0.08598661907527941,0.0867882461388645,0.08807892128008772
2026-06-04,0.07241508007087893,0.07361464094841462,0.07336953701907448,0.07385436857048006,0.0746660944919524,0.07483174033211878,0.07503383502792982,0.07523106083341835,0.0757187529813406,0.07608529928693018,0.07615691859149117,0.07608781246427826,0.08253211222852011,0.08282470541413085,0.08345350296875567,0.0860264491063649,0.08682777791792583,0.08811837542741097
2026-06-03,0.07241508007087893,0.07371101508413014,0.0734831244515415,0.07400296664084438,0.07467977011916933,0.07484212535825661,0.07503976424746628,0.07528886795199682,0.07571357817222246,0.07608024871363453,0.07623101439709612,0.07607796704518595,0.08259210000872079,0.08289817615328758,0.08348279989387818,0.08594876615897107,0.08700873563189326,0.08827235376107431
2026-06-02,0.07283005792820992,0.07409646506663668,0.07348312445153882,0.07364072015137012,0.0745367388817918,0.07469425116107048,0.07488591005506655,0.07508807348394902,0.07555855922426521,0.07593209681494029,0.07608551604843083,0.07602553348615795,0.08270889909630307,0.08300555759438824,0.08357022408289416,0.08604831455917131,0.08642597330487625,0.08752139078824496
2026-06-01,0.07296023399139398,0.07457817281770285,0.0735872377879953,0.07381721560241832,0.07457404178412529,0.0747166095294228,0.0749213934845722,0.07519670638236652,0.07560267717809409,0.07597291119589442,0.0762016110912645,0.07605035157408495,0.08294260490828971,0.08324763783524332,0.08383159584661119,0.0862759915064545,0.08575841400697666,0.08745084310323056
2026-05-29,0.07224206826605588,0.07302186435727413,0.07309236507532868,0.07352406850459225,0.07427771286879455,0.07445022283258516,0.074630692121433,0.0748312998697601,0.07524519790591114,0.07561247566363456,0.07583262211521265,0.07569650442558859,0.08256800283624513,0.08289347157131109,0.08336347679289013,0.08584339966636784,0.08510771734585083,0.08673558332776354
2026-05-28,0.07241508007087882,0.07262922187866154,0.07243224739860657,0.07267408748942408,0.07340230263775793,0.07363939245296851,0.0738423190187342,0.0741167241969793,0.07452920603485846,0.07497122416581949,0.07519330239300072,0.07513501904442416,0.08218119508404388,0.08226337706888248,0.08298785518491797,0.08543107628364614,0.08373807975314553,0.085462801593157
2026-05-27,0.07269982462272263,0.0726435010170361,0.0723494826018248,0.07253459218321467,0.07326338090304217,0.07349056322113134,0.073762794886022,0.07397347262759947,0.07437358951196565,0.07482951182673418,0.07504908952087087,0.07499313246560468,0.08150630528144369,0.08203168680697986,0.08207175795774543,0.08376530532097977,0.08447581790581499,0.08580392130649402
2026-05-26,0.07283728019580413,0.07245068322093234,0.07229729310747601,0.07253459218321467,0.07326285353769349,0.07350422113554327,0.07375959549524892,0.0739802356386547,0.07436959000948828,0.07482683165809301,0.07505036885524911,0.07498985926240112,0.08146358291167458,0.08200217325281349,0.08205557513406833,0.08377850717274586,0.08448635822108132,0.08581256700700983
2026-05-25,0.07207139563469157,0.07206499139319233,0.07222154703195778,0.07246018672926072,0.07326579218594116,0.07350916407963566,0.07369298125402347,0.0739828139762777,0.07437790669107555,0.07482639865786646,0.07505160561034302,0.07499711671929951,0.08146199940032807,0.08200345618698748,0.082055472622686,0.08377894884997876,0.08448868273347329,0.08581233088546568
2026-05-22,0.07192409319038975,0.07205796348145678,0.07214579661772191,0.07237176418611702,0.0731937076170189,0.07343298516144277,0.07362667808114322,0.07390832150298969,0.0743124886342687,0.07475668039844575,0.07497942999886828,0.07492320256254816,0.08133601100603766,0.08193326172838111,0.0820248770776897,0.08369701844629866,0.08432591572620818,0.08566270904649116
2026-05-21,0.07192409319039018,0.0718581380200803,0.07206305508017932,0.07232066157962613,0.073111640411104,0.07335363085852979,0.07355162221026167,0.07383871881954535,0.07423780519873015,0.0746827980878483,0.07490477967762478,0.07485794538285344,0.08127054822913657,0.08186640319445664,0.08193425075269346,0.08353097573141852,0.08430763825430362,0.08562819099498077
2026-05-20,0.07192409319039018,0.07187211735426689,0.07213179572829588,0.07232066157962613,0.0731247448845964,0.07334788268452551,0.07354538978807071,0.07383493076145597,0.07423284759715927,0.07468283226543383,0.07490404403363178,0.07485564405943868,0.08124987103106933,0.08187263819136878,0.081845811007643,0.08351096340902449,0.08426503373447536,0.08558704295168679
2026-05-19,0.07247399441351461,0.07114867264268859,0.07171014751270939,0.07232066157962613,0.07312263907971168,0.07336830842749842,0.07355104976977825,0.07384166987818673,0.07422797091126757,0.07468432606383814,0.07491105079445728,0.07485229098600413,0.0811536133884478,0.08187313340871188,0.08180477649978364,0.08336268915196167,0.08400740219971035,0.08535780186000406
2026-05-18,0.07247399441351417,0.07114867264268815,0.07171014751270924,0.07232066157962613,0.07312263907971168,0.07336830842749835,0.07355936923269152,0.07384139373959009,0.07423459562190383,0.07468087219481676,0.07490734458020562,0.07485759923924346,0.08110801187168268,0.0818788885242243,0.08185919831454636,0.08327417832330153,0.0840301882465656,0.08537175136180464
2026-05-15,0.07226338764208616,0.0711418212572669,0.07171014751270924,0.07215788345861253,0.07289967940495434,0.07314885362956583,0.07333745733136413,0.0736250760548761,0.07401910053744457,0.07446926120778574,0.07461201577518478,0.07456221011216055,0.08085854635739931,0.08157842601008065,0.0815136822939059,0.08297914151442155,0.08375047267552316,0.08508261498968472
2026-05-14,0.07223833179364703,0.07070094383467732,0.07170322970765512,0.07232066157962593,0.0731104422653937,0.0733680094097678,0.07355855915484763,0.07383678859016775,0.07423539629348797,0.07469008273068181,0.07491072131112324,0.07485794018429684,0.0810887161826976,0.08187765101536223,0.08184900672079398,0.08326456044984205,0.08403867901503936,0.08537731542690136
2026-05-13,0.07191427283297672,0.07090746576317081,0.07169631367394491,0.07232066157962615,0.07312478249361104,0.07336017916080351,0.07355424914692331,0.0738330032656223,0.0742311445625512,0.0746888558715863,0.07491124414448398,0.07485563148060016,0.08107872310062206,0.08184754055548489,0.0817910466914714,0.08325601617413028,0.08396728030526943,0.08528383344184294
2026-05-12,0.07174732303772924,0.0709074657631761,0.07171014751270934,0.07232066157962615,0.07312542187561837,0.07337139489243312,0.07354886162495361,0.07383973695137988,0.07422781998990456,0.0746846568352582,0.0749110448858851,0.07485229098600418,0.08115361339541234,0.08183810751194348,0.08175870544200511,0.08322736744165432,0.08398118924188237,0.08529476403897968
2026-05-11,0.07142322396704058,0.0711004336130821,0.07171014751270918,0.07232066157962615,0.07302280197577204,0.07326400414847645,0.07344188783307941,0.07372359476070392,0.07412216572238166,0.07457576407583304,0.07480328534854369,0.07474308005718629,0.08099406151439871,0.08173055535859251,0.0816363134953332,0.08312042760775537,0.0838742694718999,0.08518204642443512
2026-05-08,0.07156641621303078,0.07109359145932304,0.07171014751270918,0.07244614670236861,0.07308176065507123,0.07333079400321904,0.07351780530250636,0.07379582738038253,0.07419712678807958,0.07465757927321928,0.07487241727734403,0.0748165927665218,0.08111280337791048,0.08179676973707968,0.08170699714290404,0.0831931028110334,0.08394602357963665,0.0852562631619367
2026-05-07,0.07191427283297405,0.07108675105587416,0.0717032297076551,0.07246018672926068,0.07307392596274678,0.07332512810236994,0.07351783096704545,0.07379091000584076,0.07419668746403725,0.07465769986781884,0.07487263790695578,0.07481614652457373,0.08111250933414466,0.08179504137044956,0.08170711686698719,0.08305526260457687,0.08389998951009023,0.08523808827557244
2026-05-06,0.07207139563469189,0.07110043361308685,0.07169631367394494,0.07246018672926068,0.07308641529721485,0.07331957921435123,0.07351353385437424,0.07378714033533425,0.0741915601352711,0.07465786921229156,0.07487316207295505,0.07481384061990252,0.08118807922604282,0.08178911221525402,0.08170015295618849,0.08301993525366098,0.08390779670281749,0.08524413272056067
2026-05-05,0.07207139563469145,0.07110043361308685,0.07171014751270932,0.07246018672926068,0.07308641529721485,0.07333077294993681,0.07350825789091239,0.07379384322530372,0.07418788085355049,0.07465367938179535,0.07487302870771258,0.07481051464307606,0.08111323783307035,0.0817985652767566,0.0816681854600331,0.08303450444961123,0.08391940441936378,0.08525349146479422
2026-05-04,0.07223833179364723,0.07110043361308685,0.07171014751270917,0.07246018672926068,0.07308577636613971,0.07333077294993681,0.0735165516523636,0.07379356728000663,0.07419413040111177,0.07465023090828364,0.07486933319840962,0.07481580949298135,0.0809714277481368,0.08162997558396713,0.08141512608728965,0.08288480987497329,0.08376834358446181,0.08544739573243562
2026-04-29,0.07224543799560793,0.07149323096040718,0.07171706708987231,0.07246018672926068,0.07308361094109407,0.07332642556150341,0.07350835344611716,0.0737852141876583,0.07418427242461748,0.07464915577493209,0.07487432169676046,0.07481384406840771,0.08100627551778161,0.08162553439444661,0.08154091828960339,0.08284817550036151,0.08373789344895544,0.08542653646323597
2026-04-28,0.07224543799560793,0.0714932309603981,0.07171706708987231,0.07246018672926068,0.07308361094109407,0.07332642556150337,0.07351666021760668,0.07379191165156201,0.07419088272623783,0.07464570854827615,0.07487061688548852,0.07481051464307606,0.08127370326227423,0.08188319444402503,0.08175196020968942,0.08308846313281246,0.0839964312157596,0.08568525067899418
2026-04-24,0.07256953419286351,0.07102606776141393,0.07194693113390707,0.07244614670236825,0.0730692956085105,0.07332632210437816,0.07350999462771722,0.07379176504526205,0.07419034999842901,0.07465502031023458,0.074870186951907,0.07488677215068977,0.08134196765197582,0.08194901702211688,0.08181857422138919,0.08315575609224905,0.08406380210041131,0.08575183639019637
2026-04-23,0.07256953419286306,0.07128096580925077,0.07193996798359506,0.07246018672926074,0.0730823947386323,0.07331790709529148,0.07350565289009975,0.07385462173291306,0.07426378579339793,0.07472266529879029,0.07495049406084273,0.07488298884856097,0.08138226837625212,0.08194028028278395,0.08181378428376881,0.08313721792251944,0.08406729730622609,0.08575404674255178
2026-04-22,0.07249096782248182,0.07128096580925077,0.07195389607369664,0.07249739014826037,0.07312044917738589,0.0733672630484927,0.07353875840708748,0.07388803134320637,0.07429777490168184,0.07475625230101104,0.07498834894176296,0.07491792295777068,0.08149527226538807,0.0820532843538559,0.08190769105170455,0.08320077930916833,0.0841335289605643,0.08558883068994347
2026-04-21,0.07238293655033982,0.07091427278653666,0.07195389607369664,0.07249739014825926,0.0731208547913605,0.07337191263701619,0.07354705161935912,0.07389474931859524,0.07430463802833254,0.07475563917608775,0.07498464406814019,0.07491450022907241,0.08194506839883663,0.08248640656354388,0.08232702956017386,0.08361261318558491,0.0844640202686494,0.08593657711045384
2026-04-20,0.0718918486382358,0.07149323096039827,0.07195389607369664,0.07249739014825926,0.07312269876925624,0.07336457197753839,0.07354673761228189,0.07389447301043425,0.07430543461267372,0.07475738245717065,0.07498153709075815,0.07491981204190964,0.081567315719801,0.08202085069351754,0.08190411077349671,0.0831522918228863,0.08415183302984014,0.08583782334268937
2026-04-17,0.0718918486382358,0.07147939683521787,0.07194693113390434,0.07248333587444468,0.07310957461837742,0.07335903244667716,0.07354609370046586,0.07389463449078795,0.07430584099856254,0.074757138075323,0.07498793724371373,0.07492048296668073,0.08199807345126343,0.08238420876963634,0.08220881866191469,0.08356413726935105,0.08453373050687366,0.08622125183651512
2026-04-16,0.0718918486382358,0.07149323096039802,0.07193996798359507,0.07249739014825926,0.07312269876925637,0.07335336066426904,0.07354176126153435,0.07388987769943003,0.07430101029957346,0.07475723582204981,0.07498843367350433,0.07492019275033043,0.0818693057363969,0.08239884426503367,0.08220751953181671,0.08354492005774586,0.08453455353831418,0.08621852448771286
2026-04-15,0.072775763593421,0.07149323096039802,0.07195389607369664,0.07257179283423068,0.07319489493871245,0.07336457197753844,0.07361337938906366,0.07388325927566936,0.07436068109676473,0.074753038505828,0.07506445197555539,0.07491590185046611,0.08197581876228466,0.08235285042942879,0.08216422979725505,0.08346036759085539,0.08457605245690196,0.08624827436824303
2026-04-14,0.07365948380026209,0.07187910973323917,0.07195389607369664,0.07271128295158182,0.07325764311532552,0.07351224901177174,0.07368891858660574,0.07403906047993851,0.07444086639585629,0.07489770269174613,0.07512716668297446,0.07506159252841288,0.0821469967240086,0.0825344860191844,0.08239535132596702,0.0836251965276428,0.08458512050553281,0.08655949737106351
2026-04-13,0.07375766291657941,0.07187910973323962,0.07195389607369664,0.07257179283422935,0.07311569407704131,0.07335968061621259,0.07354453963781976,0.07388968778437635,0.07429973990353515,0.07475281471315424,0.07498153709077662,0.07491788056505677,0.08197299198280321,0.08242336625554676,0.08226767908560834,0.08346577982201116,0.08442874654368421,0.0863984439579583
2026-04-10,0.0737576629165803,0.07263636051501293,0.07147332148843177,0.07255771004701884,0.07310260051433792,0.07334420576742039,0.07355512136837172,0.07389031183297222,0.07430006870756878,0.07474645073569969,0.07499524663447542,0.07491886482354373,0.0820612966131564,0.08241023113348146,0.08229926071395005,0.08345063385049249,0.08441525504255615,0.08638887341189955
2026-04-09,0.07307035863017307,0.07303629832273194,0.07146644889128267,0.07228345158501732,0.07286338453836047,0.07307653695969563,0.07332925390303796,0.07367411118737151,0.07400443226011802,0.07444903392263238,0.07469695249603779,0.07463593621089981,0.08173554004933418,0.08214423232089241,0.08193121849940316,0.08319583242295643,0.08415239604509196,0.08611186942940839
2026-04-08,0.07307035863017307,0.07332549059785845,0.07148019584044853,0.0722834515850171,0.07293891222128725,0.07316021443370818,0.07354600953386785,0.073892351054368,0.07422249652683255,0.07459733160377124,0.07484649838464975,0.07477281783773913,0.08180119613841315,0.08226202258773535,0.08206977836853094,0.08334782247180408,0.08430223319302475,0.08626400224058373
2026-04-07,0.07307035863017307,0.07332549059785912,0.07148019584044853,0.0722834515850171,0.07293891222128797,0.07316021443370863,0.073554324817919,0.07389908045252952,0.07422911510293533,0.07459390357679796,0.07484258217209688,0.07476941410460428,0.08184405644870732,0.08220991291156078,0.08206076663380542,0.08327680522276086,0.08433699757852352,0.08628991582904608
2026-04-06,0.07307035863017307,0.07342187870573001,0.07148019584044853,0.07199502717114835,0.07264621953664165,0.07293970538010898,0.07333307404603197,0.07354293474351918,0.07386958232315438,0.07422385374041203,0.07446135864304382,0.07440945652191511,0.08143225431732226,0.08185089315714812,0.08171327880088691,0.08286481587744643,0.08398786206882049,0.08592286106574382
2026-04-03,0.07307035863017307,0.07292549545811194,0.07076258884529268,0.07155318913372978,0.07212347466868893,0.07257808880616427,0.07297443949191186,0.07311535726023806,0.07343166197410902,0.07378929999702359,0.07395811135520083,0.07391185361805544,0.08102145030468878,0.08143416986639988,0.08120925219513589,0.08233476641851614,0.08363616480022804,0.08553771481683502
2026-04-02,0.07307035863017307,0.07351826215575269,0.07075585104661616,0.07160412585944292,0.07213622017960929,0.07256528340976989,0.07296919491950675,0.07310907815971185,0.07342700032455404,0.07378499539171408,0.07395808695203551,0.07391035930278042,0.08102045258548853,0.08137368537970031,0.0811543754718538,0.08235857545951179,0.08365460803589582,0.08555048565891449
2026-04-01,0.0725302512000139,0.07352790024460475,0.07076932834765544,0.07124100919714883,0.07192093416895289,0.07228037887853447,0.0728984948689946,0.07304185585165406,0.073433671161037,0.07395240372030638,0.07412233788436874,0.07407194984385007,0.08110264899998747,0.08153823131737008,0.08134676532350903,0.0824981284310149,0.0837953582402574,0.0856961997340316
2026-03-31,0.07253025120003884,0.07336404639997739,0.07045642599505801,0.07160412585944541,0.07177920805818504,0.07228242237129755,0.07247252171285364,0.0726677142086131,0.07292750182111167,0.07318918052079196,0.07337661036676796,0.07330527338948692,0.08039422473277268,0.08079180898349565,0.0805725816207583,0.08177481300232445,0.08306549952653307,0.08494845469083874
2026-03-30,0.07252308903075955,0.0727206228879927,0.07045642599505492,0.0711013138260668,0.0711289723482379,0.07169799718720497,0.07165552632031497,0.07194259965477469,0.07220253623284296,0.07245939480464593,0.07264507597880272,0.07258772897784233,0.07969941721657875,0.08006663547165607,0.07978686321154892,0.08106823556716397,0.08234993525941137,0.08420758961844937
2026-03-27,0.07234191179251345,0.0722315003963514,0.0710753582676211,0.07087363228444304,0.07097219586351862,0.07156093597977803,0.07149623223521971,0.07179554781560697,0.07205216027502902,0.07231664836501432,0.07248741660530839,0.0724505432102548,0.07956253426255891,0.07992517772819482,0.07971203434412318,0.08091174691902912,0.08219376348862965,0.08405180433951079
2026-03-26,0.07203211551762939,0.0714146275666654,0.07075585104661636,0.07009493066326111,0.07009729152944028,0.07064930272601584,0.07078830465996512,0.07115437258952,0.07141316563465488,0.07168168318533585,0.07183815764394526,0.0716506050929624,0.07883622511086531,0.07911666269577596,0.07875897838135151,0.08015024761447193,0.08141612270905263,0.08313028047550845
2026-03-25,0.07203211551762895,0.0714284358838953,0.07076932834765533,0.07024408838850947,0.07010930659733071,0.07064415028912317,0.07078410240929173,0.07114540650091504,0.07140927121550845,0.07168192896448457,0.07183825088163572,0.0716448721823493,0.0787275276904364,0.07884147258483928,0.07879951005120517,0.0801899943359015,0.0814464552460576,0.08244258171668681
2026-03-24,0.07203211551762895,0.07127408862998226,0.07045642599506237,0.07002966716185476,0.06989166961461629,0.07043668645489713,0.07057882711823162,0.07093718097721217,0.07118962311066397,0.0714613056963102,0.07162079813597193,0.07150756695960109,0.07854807271239635,0.07874393109466317,0.07877407711111863,0.08006363362124819,0.08132250030147539,0.0823216488829451
2026-03-23,0.07203211551762895,0.070704829316103,0.06982091238924429,0.06948874851961152,0.06948469164592794,0.07003292109560874,0.07018991363305191,0.07055078019704138,0.0708010161898687,0.07106527777679136,0.071227896865582,0.07111419301017632,0.07822990640269437,0.07848398797933497,0.07844417591708976,0.07985369808774148,0.08110203088017634,0.08208490613667202
2026-03-20,0.07201798943655557,0.07069806263841133,0.0698143507556594,0.0694758236086306,0.06947874045555727,0.070032826814878,0.0701898397526686,0.07055018918091656,0.07080052101114555,0.07107033319860268,0.07123242482382793,0.07111432780884017,0.07819969913987022,0.07838123205761438,0.07856516088726423,0.07987041955098995,0.08111759849385008,0.08210173793089826
2026-03-19,0.07203211551762911,0.07069129768224089,0.06980779075906121,0.06948874851961104,0.06947289617813333,0.07002768556849494,0.0701856060343165,0.07054657156705357,0.0708005413199839,0.07107055817422461,0.0712324598436892,0.07111454388457181,0.07825325307301476,0.07831564678110244,0.07845558445475478,0.0799039863237643,0.08114359685404805,0.08211928684186764
2026-03-18,0.07203211551762911,0.07070482931610257,0.06950778634286602,0.0692741652534867,0.06926695681841827,0.06980315115170499,0.06996775089603033,0.07025134945776698,0.07050203515979324,0.07092233851513612,0.07108819443847295,0.0709819133964483,0.0782050559486015,0.07817294027266297,0.07834948593900544,0.07975019517104627,0.0809908680575671,0.08196858476473838
2026-03-17,0.07170803971196153,0.07070482931610257,0.06950778634286027,0.06927416525348348,0.06926812959856282,0.06981319021622019,0.06997603428106276,0.07025734194293805,0.07049938256936004,0.0709183235783219,0.07108487609487592,0.07097892737916706,0.07816235427269165,0.07817808264141904,0.07831493501130267,0.0797621800809058,0.08100059157628456,0.08197656326118777
2026-03-16,0.07203211551762898,0.07070482931610257,0.06950778634286027,0.06927416525348348,0.06926695681841144,0.06981319021622019,0.06997603428106276,0.07025707927019251,0.07050464177438465,0.07091524482926746,0.07108210750985787,0.07098366443415392,0.0785337867226171,0.07861972961732971,0.07877845251056144,0.08016981318514697,0.08141098075803077,0.08238664169587767
2026-03-13,0.07201798943655582,0.07069806263841155,0.06917865064746645,0.06918669802596544,0.06919478156795282,0.06974621742500904,0.0699063829455861,0.07025947827461254,0.07050683180281057,0.07092321966111087,0.07109501023891607,0.07098581470660306,0.07838732250611322,0.07865944274411547,0.07872474354676035,0.08019377186240871,0.08142771100972987,0.08239804968301756
2026-03-12,0.07203211551762896,0.07069129768224075,0.06917220854180824,0.06912486277571782,0.06911326757963247,0.06974112307391656,0.06990200553579126,0.07025832943408677,0.07050991688380694,0.0709234774921481,0.07109493799415198,0.07098767406266805,0.07838857410842555,0.07878640826959113,0.07911319731591107,0.08034417792499118,0.08164276509317292,0.08272360559421002
2026-03-11,0.07203211551762896,0.07022227825426863,0.06887181824612215,0.06912486277571793,0.06912493745809391,0.06974212751112308,0.06990563607077598,0.07025493040629265,0.07050614027024497,0.070927458907927,0.07110008765944634,0.07098564455018944,0.07714040680868278,0.07790919358920477,0.07966597988517894,0.0808024518402271,0.08159624475958331,0.0826639144448473
2026-03-10,0.07203211551762896,0.07006783711953496,0.06887181824612215,0.06891020140320755,0.0689071462355304,0.06952469916576529,0.06969265496616589,0.07004635192468722,0.07028641349494245,0.0707070936144203,0.07087769770476084,0.0707679150144475,0.07688220723795898,0.07689092023551493,0.07955737503703952,0.08022742138366634,0.08162349867904535,0.08261268477424377
2026-03-09,0.07203211551762896,0.07022227825426829,0.06918509434635928,0.06891020140320755,0.0689071462355304,0.06952283148924641,0.06968535932602977,0.07004609004762843,0.07029230803758078,0.07070288584367843,0.07087021045905248,0.07077263119009733,0.07691170365762327,0.0771295834055382,0.07966935641164363,0.08040093917797056,0.08181522525122825,0.08279537008985027
2026-03-06,0.07169404005638295,0.06989711513256677,0.06822927574792324,0.06883217131944891,0.06882667237499847,0.06945962761003958,0.06963983202972543,0.06997125930809897,0.070217155643708,0.07064390443363572,0.07082223820097737,0.07069834910648963,0.07691326696227843,0.0769862239303696,0.07967461114467414,0.08021685347090488,0.08225168308052584,0.08291924802851253
2026-03-05,0.0717080397119614,0.06989050169129025,0.06885904786344123,0.06884486053387069,0.06882097688473633,0.06945450305779378,0.06962096766407977,0.06996695915021292,0.07021718979337949,0.07064412515031626,0.07081274289024236,0.07069805332857118,0.07691307142586018,0.07698474082428933,0.0796491036236153,0.08022384434220267,0.08225720870769399,0.08292271081113854
2026-03-04,0.07203211551762906,0.07006783711953493,0.06887181824612204,0.06863013904082509,0.06868932085773817,0.06922811074442034,0.0693862312375864,0.06967165271818011,0.06991494235649677,0.07034627253240616,0.07043473311009314,0.07033445370624546,0.07643582577018058,0.07661997555685685,0.07931516843750655,0.07984006224809766,0.08190759762174121,0.08256632255092523
2026-03-03,0.07203211551762906,0.07001957179895583,0.06788403987595469,0.06767733988847352,0.06861354749983949,0.06908564241675369,0.06927291233006075,0.0695667821483091,0.0697678521385073,0.07012186483498668,0.07030338762694874,0.07020109275080004,0.0762983700358036,0.0764792825410902,0.07911965636244138,0.07970676744483848,0.08176856361750796,0.08242307552086142
2026-03-02,0.07203211551762906,0.06985850703896164,0.06774151116225176,0.06706033868110624,0.06831988667704705,0.06872404070815774,0.06905480845449212,0.0693661487040958,0.06956011309761888,0.06990815770999409,0.07023323856818374,0.07000058245942238,0.07636362711875533,0.07642089752418102,0.07899384340067248,0.07958572378994691,0.08068878893653048,0.08149438584645446
2026-02-27,0.07057917716303956,0.06822284965770667,0.06665074010407357,0.06673040659491299,0.0675905070596274,0.06800967390066244,0.068257565038779,0.06840933547092026,0.06874861335841473,0.06903422883480412,0.06952601643592991,0.06944278088244864,0.07518365667769043,0.07568359500940922,0.07814417186951465,0.07911203203727368,0.08035147872429993,0.08108960424404016
2026-02-26,0.06989106317117931,0.06815517708524979,0.06665074010406838,0.06674234094179653,0.06759279465506517,0.06801045241110219,0.06826556490992004,0.06840561609429974,0.06875552460994734,0.06903177355635093,0.06952273676164657,0.06944265934190355,0.07518357679199761,0.07564771028190459,0.07814991510998637,0.07911597933346587,0.08035454008638131,0.08109141057842381
2026-02-25,0.0691045057793597,0.06815517708524979,0.06665074010406838,0.06674234094179653,0.06752906935743924,0.06793393946288923,0.06819815138691429,0.06833387253627195,0.06869082776195379,0.06897103701930221,0.06944334323266568,0.06936330888738665,0.07502233281603916,0.07553839087335601,0.07804911458732691,0.0789538901507116,0.08033121822177802,0.08105190655022723
2026-02-24,0.0690980014944317,0.06815517708524979,0.06650802682685755,0.06674234094179653,0.06752905654651614,0.06793393946288892,0.06820136577163065,0.06833361672488439,0.06869059153220844,0.06897083024431623,0.06945020220924081,0.06936099858951834,0.075065245924193,0.07553373100643368,0.07804479809013216,0.07895153955548394,0.08032983587071323,0.08105180310021652
2026-02-23,0.06948464835490818,0.06814888575322123,0.06650802682685784,0.06674234094179653,0.06758843291485919,0.06801035592059869,0.06826878266539298,0.06841080227529008,0.0687561362421344,0.06903653236968733,0.0695267422026128,0.06944223145176502,0.07520295057724101,0.07562547540755447,0.07811111332457617,0.07905158504034891,0.0804315317429789,0.08115063019309966
2026-02-13,0.06949780333206154,0.06621103804860862,0.06714536155738576,0.06642177393722198,0.06752776289764933,0.06795629005863142,0.06817906835131728,0.06833863123250715,0.06868150892415008,0.06897947001205741,0.06943938146112308,0.06937315507929043,0.07513327568643167,0.0755510235190468,0.07802580118332168,0.07898070976985878,0.08035692869541615,0.08107434512996253
2026-02-12,0.06949780333206154,0.06621103804834354,0.06714536155751727,0.06643359934202717,0.06752776289764915,0.06795629005863132,0.06818701363687177,0.06833552098574946,0.06868711252969675,0.06897653418387643,0.06943614638028528,0.06937345055078302,0.07517602445641867,0.07554493419196018,0.07802263061887184,0.07897860075657467,0.08035528373427478,0.08107293840569228
2026-02-11,0.07107061647923328,0.06621103804834354,0.06714536155751727,0.06643359934202717,0.06752253958440876,0.06795629005863132,0.0681870136368717,0.06834121893723669,0.06868393095958493,0.06898177866429905,0.06943348321682866,0.0693707045137831,0.07510165862938566,0.07555621163431538,0.07802814190934082,0.07898238923887674,0.08035775757184523,0.08107599687608097
2026-02-10,0.07302852204951728,0.06643359670831808,0.06809604266027627,0.06643359934202717,0.06765792517216106,0.0681068004065416,0.06831000200903281,0.06849586521744411,0.06882117740398826,0.06912185278955714,0.06957729955250083,0.06952161643576882,0.0752545745784937,0.07562757702920037,0.07820496929019058,0.07912463058478023,0.08059933747606322,0.0813040285383809
2026-02-09,0.07321764803502541,0.06642761748648404,0.06809604266027687,0.06619964071420371,0.06765144067417646,0.06810600917427048,0.0683100020090328,0.06850391196919471,0.06882130370935367,0.06912116292682534,0.06957711004654953,0.06953189365034569,0.07521329970563509,0.07588871511642283,0.07849028568131579,0.07934967552673368,0.08088361943707996,0.08157415684621462
2026-02-06,0.07342870580386573,0.06694635577749601,0.0677728869255288,0.06618789753838303,0.0677326282036362,0.06816784874577855,0.06845369911017316,0.06864457910300777,0.06903596911604767,0.06933930280339941,0.0698046888280592,0.06982596659144538,0.07498414085493606,0.07572800529818076,0.0786603798629478,0.07978516591153122,0.08128745348870836,0.08194287036575554
2026-02-05,0.07166026593529311,0.06635618778640381,0.06745916105801311,0.06619964071420376,0.06752058188323205,0.06795462058925379,0.06810292654796289,0.06826455705738319,0.06860311491029401,0.06889496199016316,0.06928417673373954,0.06923214252651642,0.07435432872392327,0.07514893663026777,0.07804196468098222,0.07921517266052935,0.0807091311258576,0.08135780486373453
2026-02-04,0.07107061647925182,0.06650132707756952,0.06762078660749815,0.06619964071420364,0.06762677721130217,0.0680677535619087,0.0682148212675354,0.06838644062965916,0.06870760850482367,0.06900307269071275,0.06939356485032916,0.06933429420807853,0.07437393584874065,0.07513892745620279,0.0780316890863746,0.07919308887188671,0.08076755572000072,0.08129695499849679
2026-02-03,0.07302852204896998,0.06646262428797901,0.06762078660749622,0.06643359934201337,0.06769582386734384,0.06806819945555477,0.0682148212675335,0.06837789674054733,0.06863205689734624,0.06893390231756684,0.06923874686024153,0.06917581330035869,0.07403218632326214,0.07508200399553845,0.07781237962361884,0.07917689812860072,0.08077727883471982,0.08128568955506557
2026-02-02,0.06810845642387858,0.06526637766565892,0.06650802682685822,0.06706033868108074,0.06650273343772438,0.06700967398938439,0.06716110832928,0.06727158671955236,0.06759104975206005,0.06787926257246853,0.06819653281125636,0.06809281969752788,0.07295342162346764,0.07401269725175809,0.07674022507951922,0.07810581191404432,0.07969699657406781,0.0801994265191679
2026-01-30,0.06678240627513761,0.06482675239508659,0.06619400398491279,0.06548593817341075,0.06622006269163175,0.06679479626866093,0.06693883485802678,0.06717700045368664,0.06745588359243963,0.06774011048020419,0.06805131532035134,0.06806628316715535,0.07270252235722789,0.07359755928266233,0.07674145386565472,0.0781839155338195,0.07986880051999205,0.0803283443670064
2026-01-29,0.06663949030963566,0.06482675239508659,0.06619400398491279,0.06549743623150066,0.0662208362951879,0.06679479626866093,0.0669464804172988,0.06717400820806953,0.06745328066084011,0.0677372809763492,0.06804829552966442,0.06806660560271907,0.07266034691174403,0.07360126963009116,0.07679665247934031,0.07817366140476169,0.0798607331535048,0.08032254757792251
2026-01-28,0.06614760917769894,0.06482675239508659,0.06619400398491279,0.06545997147178552,0.0661560450661631,0.06671819398623335,0.06686940420850747,0.06710329958708601,0.06738378320509089,0.06766638148831414,0.06797939470762564,0.06798810449805673,0.07270127600164529,0.07351508914488905,0.07664603242963963,0.07810649611177467,0.0797123226873683,0.08018560777395059
2026-01-27,0.06564979579390645,0.06460401631574246,0.06619400398491279,0.06510398623205413,0.06578750498443069,0.06628017536976401,0.06657072299931699,0.06689261338249917,0.06717333705773212,0.06745852703215086,0.06783767660643991,0.06785408123842689,0.07264061186887968,0.07347338896357603,0.07663755261864678,0.07804721175041864,0.07965333468559598,0.0801276135278651
2026-01-26,0.06557507269008345,0.06592449611676242,0.06619400398491279,0.0650290258204779,0.06578781560858421,0.0662654210549146,0.06657072299930637,0.06689495837244634,0.06717328990118822,0.0674492980596338,0.06783749184569741,0.06786026183247432,0.07267130223180318,0.0734708321846115,0.07663478173859053,0.07804597132484772,0.07965434874784671,0.08012652828398274
2026-01-23,0.06516366790311749,0.06430376788646237,0.06587038813928443,0.06501768986395984,0.06578914799602971,0.06628354146814655,0.06657026948081224,0.06689113355510536,0.06717058355060702,0.06745717013782998,0.06784216293093678,0.06786039967717451,0.07261989940569417,0.07353217803278797,0.07656798875679297,0.07801405823742735,0.07967914839509531,0.08014303435304689
2026-01-22,0.06431728743706062,0.06430376788647983,0.06587038813927865,0.06510398623204568,0.0657919422778498,0.06628354146814658,0.06657782959529661,0.06688568476591343,0.06716914456290762,0.06745435404977643,0.0678390216543535,0.06785907641823223,0.07258724600533538,0.07340790643753593,0.07662833787019241,0.07794427788646476,0.07971079382710584,0.08038438792348991
2026-01-21,0.06431728743706062,0.06438125563188617,0.06587038813927865,0.06510398623204568,0.06586788479073188,0.06635929653489184,0.06665491899453024,0.0669686051186384,0.06724999750438086,0.0675348076860552,0.06791282204636179,0.06792294554418814,0.07260068858844142,0.07342521702171012,0.07643921165454977,0.07798285014033884,0.07987724014377019,0.08030072618739602
2026-01-20,0.06474049974967315,0.06441999838804904,0.0663462666949851,0.06520704762393412,0.06597089762530313,0.06647379155767422,0.06676006922563593,0.06708101690103635,0.06735275607146594,0.06763838537305686,0.06801509331234123,0.06803332689730143,0.07284109623147596,0.07326066116608221,0.07678645305420129,0.07851776449739097,0.08003746610448466,0.08048553449811532
2026-01-19,0.06553174216827497,0.06471455311484998,0.06634626669498554,0.06528199469260196,0.06596824845320104,0.06647037849016,0.06676006922563599,0.06707816342945241,0.067351026865656,0.06763609497688144,0.06801490807192723,0.0680360141183119,0.07316645280409698,0.07422008674996508,0.07775490320686626,0.0788339604087077,0.07955735425371345,0.0801762572266409
2026-01-16,0.06540967560262437,0.06449748166745907,0.06603220585337301,0.06505515784263655,0.06575036526512647,0.06624305753808807,0.06660525849545822,0.06684925464212449,0.06713082195708937,0.06757475429052835,0.06787680738701073,0.06797168473199601,0.07264374826977087,0.07333955868135862,0.07785837299707712,0.07887930526388806,0.07957236321374327,0.08016109847342921
2026-01-15,0.06540967560262437,0.06449748166745907,0.06698367852160164,0.06506650672864461,0.06575036526512637,0.06624305753808807,0.06659191920929015,0.06684649431520481,0.06712780519473298,0.06757192428942324,0.06786003125310411,0.06797216722090467,0.07246392135314542,0.0730269886730758,0.07766913925484804,0.07867460919394316,0.07936808626167279,0.07995631519247905
2026-01-14,0.06553759370916785,0.06478801745282971,0.06666976739010931,0.06491657466632951,0.06560754492284505,0.06609613351915927,0.06653137777979311,0.06678928550148543,0.06713839208547114,0.06758097266432503,0.06786497495259503,0.06797611712393763,0.07280750743733799,0.07313185843633906,0.0779804989236426,0.07898694319416968,0.07944047443615761,0.08005998927144904
2026-01-13,0.06455350440618778,0.06472022951350244,0.06634626669498539,0.06491657466632951,0.06561078431891032,0.06609689118460745,0.06653847592335152,0.06678903551164583,0.06714001340150824,0.06758123592855665,0.06787409599492981,0.0679738801347853,0.0723733620313646,0.07314640820738665,0.07826785964852165,0.07904390376639049,0.07967190593926421,0.08023762240430096
2026-01-12,0.06454782680723896,0.06471455311485115,0.06603220585337331,0.06491657466632951,0.0656108090423763,0.06609697510931742,0.06654536866832157,0.06678878552367738,0.06713980396744723,0.06758108494678454,0.06787839398329958,0.06797834745538177,0.07228634792484924,0.07315599063624097,0.07841659862459102,0.07917924617324387,0.07918498442086781,0.07986684490712384
2026-01-10,0.06442555525578549,0.06472022951350247,0.06484962598026253,0.0649109254102462,0.06560059112529733,0.06608773899079866,0.06656759051292632,0.06678850412250757,0.0671405728745179,0.06758145749667331,0.06789535817003758,0.06797849594536953,0.07199151943514624,0.0728339109476481,0.0781892525779581,0.07881396107106148,0.07890789649838491,0.0795608533460107
2026-01-09,0.06442555525578549,0.06472022951350247,0.06486096507924494,0.06490527745793552,0.065611205556847,0.0660968911846068,0.06656346797045792,0.06678563317421432,0.06713656566783595,0.06757780138875373,0.0678953493370004,0.06797888152283087,0.07199176624386172,0.0728329139610024,0.07818995063337254,0.07881447897881469,0.07890828592312485,0.0795608520040001
2026-01-08,0.06516366790311506,0.06494295275786512,0.06508005558792952,0.06491657466632943,0.0656087757066218,0.0660944019069053,0.06656627607290223,0.06678212853717387,0.0671321615803061,0.06757344095768211,0.06788888933189144,0.06797882740278623,0.07164266333898608,0.07305372947276123,0.07886574420756452,0.07902084409554659,0.07851129562614784,0.07951062826024609
2026-01-07,0.06578357872828672,0.06501073321080358,0.06515625256747598,0.06506650672864549,0.06574913184989736,0.06623730783084784,0.06670918092900889,0.06692764925130072,0.0672876930972294,0.06772045695803086,0.06802840481104365,0.06827708915836682,0.07094739259115716,0.07318889816664204,0.07889242274970702,0.07943401645039605,0.07795134656438593,0.07911031004176478
2026-01-06,0.06578357872828357,0.06524310604085291,0.06515625256747598,0.06535693614463149,0.06604337131175717,0.06653156727999233,0.06693086021163296,0.06714009261089719,0.06742311825191295,0.06785464406566293,0.06802307213168945,0.0681069355415104,0.07009424845731622,0.07276946531693071,0.07845141326740324,0.07869232379609857,0.07838076026570073,0.07938657143423845
2026-01-05,0.06676129705522557,0.06545996433567466,0.06533720299165517,0.06563791658088539,0.06618242815689236,0.06674918368041119,0.06707142192099746,0.06720754536937254,0.06764088687013368,0.06800190546904918,0.06817341299869076,0.06825173423343173,0.07023277869771215,0.07291058180634796,0.07851597694793172,0.0788551950588492,0.07842553419238357,0.07949764936250042
2025-12-31,0.06713131179062916,0.06315078598075177,0.06341215924900623,0.06369754261424196,0.0645101804798456,0.06471515848522487,0.06504027828312593,0.06521917416939406,0.06578208299944269,0.0662317834712022,0.06656104886074406,0.06673339791704007,0.06904285298017164,0.07169968913628003,0.07718740713463584,0.07752797647492644,0.07717875731023052,0.07821992886020339
2025-12-30,0.06663949030963938,0.06314538013566762,0.06435991303553795,0.06369754261424174,0.0645117706598545,0.06471472780912996,0.0650179536997474,0.06521917416941161,0.06578276605341736,0.06623180097264059,0.0665466994180271,0.06673122675683556,0.0689589501400261,0.07170913533260392,0.07714222167258002,0.07747093309682343,0.07721863322455069,0.07824799876742719
2025-12-29,0.06663344090679418,0.0631453801356674,0.06435991303557492,0.06369754261424174,0.06451166628162819,0.06471472780912989,0.0650179536997474,0.06521917416941161,0.06578248785916205,0.06623160266077283,0.06655105670004252,0.06673506312846077,0.06895697548648294,0.07170908841461637,0.07714134169315637,0.07747110542823345,0.07712658477022652,0.07808866439419034
2025-12-26,0.06639355720094263,0.0631453801356674,0.06500581399977955,0.06353657451372777,0.06457907012953686,0.06478263836978995,0.06507844344209003,0.06529812461150832,0.06577718334016289,0.06622840547166284,0.06653890562302077,0.06673420712629553,0.06892652426408127,0.07175640007167777,0.07713905096350122,0.07745280243935328,0.0770528325069221,0.07799915526056607
2025-12-25,0.06647225741833879,0.06322289898457172,0.06477909427108929,0.06420409022149073,0.0645123114096455,0.06479057371137029,0.06507887742059455,0.06527379762884873,0.0658550485822661,0.0663038122476116,0.06661146912846183,0.06678992220367039,0.06890195079538929,0.07178020683850105,0.0771660074763792,0.07748015690299433,0.076930385091208,0.07800483830906974
2025-12-24,0.0669936077879301,0.06255420036359374,0.06430274173673063,0.06333154303247995,0.06414005477395479,0.0643472511303382,0.06465266031442833,0.0648631379404053,0.06541241892201644,0.06586870073765434,0.06617562459027376,0.06636584230580189,0.06847644468600053,0.07131899257597213,0.0764882928685492,0.0767785082128355,0.07648924025042986,0.07745381394631055
2025-12-23,0.06643290750054154,0.06277712467887676,0.0640645015771147,0.06326583661808553,0.06370463196356306,0.0639036074698863,0.06420435768649499,0.06441940207978897,0.0650569982662681,0.06558299003322797,0.06604655706501408,0.0660742203913849,0.06818639333914836,0.07102736516851692,0.07619156197935138,0.07648393920539394,0.07619633267779306,0.07715747110558671
2025-12-22,0.06529562449266149,0.06247665566251217,0.06382621880222443,0.06289967896904565,0.06356555155597954,0.0637629857249313,0.06406470218722819,0.06427645617897795,0.06491701607987999,0.06536291020403964,0.06583096005516631,0.06586235766563076,0.0678951614746565,0.07081861021492708,0.0759642178110913,0.07627255943883354,0.07598594974805786,0.07694052651540498
2025-12-19,0.06460271454304635,0.06161376857754697,0.06249959266915539,0.06241959287102351,0.0631969836843901,0.06338970843878007,0.06364575703055535,0.06399857870613662,0.06454642517773185,0.06492819483315004,0.06532962834225248,0.06542416443168465,0.06746073746190351,0.07038013699463097,0.07547287531963369,0.07580083375405969,0.07557210831272294,0.07651381157952167
2025-12-18,0.06431728743706042,0.06146830160338486,0.06203296559463325,0.06228911812647856,0.0630552149431262,0.06325575419983753,0.0635069138510906,0.06384497312172148,0.06440234233880765,0.06477339723934268,0.06519239563145589,0.06528361289633491,0.06728855679818342,0.07021828395756885,0.07531076935792368,0.07577317794319131,0.07536620009788048,0.0763711840446503
2025-12-17,0.06431728743706042,0.06146830160338486,0.0620329655946331,0.06235488874676621,0.0630552149431261,0.06325575419983753,0.06351383438298755,0.0638484124081286,0.06440723594902216,0.06477078931793033,0.0651895032846334,0.0652794759624029,0.06737162750043278,0.0702446296166495,0.07518098086453762,0.07562803938864711,0.07558287843938044,0.07654568406103056
2025-12-16,0.06404168358270676,0.06139071490262866,0.0620329655946331,0.06228911812647853,0.0629799864541041,0.0631798095753252,0.06343658860007723,0.06378268930260919,0.06433186363280864,0.06470969030936134,0.06511060499912105,0.06520160331515813,0.06736988467229038,0.07020664762083123,0.0751161196306043,0.07553677029747011,0.07549582262263387,0.0764618005074189
2025-12-15,0.06459702830800175,0.0616913466496587,0.06227156932546942,0.06257096176151201,0.06305423041465265,0.06339729900587658,0.06365363257791029,0.06384128480613,0.06440624769534062,0.06476798329670036,0.06518185242412869,0.06527619071771702,0.06729351147072735,0.07022760674841261,0.07516166823123888,0.07564001750203649,0.07559394429083036,0.07655257942494373
2025-12-12,0.06474049974967336,0.06169134664965447,0.06226111131773589,0.06256045799382787,0.06305387809059661,0.06338887296965812,0.06365063863393267,0.06377118440009792,0.0643244184304149,0.06469872182477204,0.06510207814209165,0.0651186648085884,0.06705618350654743,0.0699325215360481,0.07489691440292634,0.07542121353558329,0.07537200839656967,0.07622259331647088
2025-12-11,0.06474049974967336,0.06169134664965447,0.06227156932546442,0.06257096176149654,0.06305387809059661,0.06339729900586046,0.06364668805443802,0.06376783571567109,0.06432165964562857,0.06469551651978406,0.06510184233294779,0.06511830368955433,0.06705606511120978,0.06990856586900618,0.07493949989094126,0.07534032720278655,0.07515169177783242,0.07605696065141015
2025-12-10,0.06417948785103902,0.06154588530265573,0.06167975362204422,0.062430049873466745,0.06290344883601533,0.06325491754827688,0.06352127096552504,0.06362287428471969,0.06418603089247703,0.06454125814407806,0.06496362313359583,0.06497540508513436,0.06681028740534309,0.06971192698908152,0.07446825332250052,0.07496712777296113,0.0749688488797255,0.07582333051409385
2025-12-09,0.06434681531063131,0.06106093793370574,0.061441043854371,0.062467628318475125,0.06290292156967517,0.06326014770000614,0.06352629797151271,0.06362163927790372,0.06418551794916907,0.06454903856857958,0.06496454772393008,0.06497251857297162,0.06680997353981924,0.06971161866961365,0.07446722890472693,0.07496711561704081,0.07489537818492754,0.0757613216964796
2025-12-08,0.06375067839845913,0.0607214049893462,0.061202291303229316,0.061997796227818786,0.06239088028384861,0.0627454218447906,0.06307735925905059,0.06326847159250915,0.06382261581385183,0.06419543848970993,0.06460208445410488,0.06485249522710337,0.06667802566720091,0.06957811801461641,0.07432925672943373,0.07475451153379042,0.07465379055515317,0.07555180471670805
2025-12-05,0.06249598637041947,0.06001305124366541,0.061545409121266964,0.06133896357774426,0.06144282436504042,0.061938211438958723,0.06225620743570588,0.06246240184237049,0.06306170640582995,0.06350911290162083,0.06382353606279134,0.06408994698400156,0.0659801457208338,0.06889545522181927,0.07363965371120867,0.07401883495793994,0.07386744616708568,0.07484323722325788
2025-12-04,0.06207253975741199,0.05993540822201,0.06155562988128379,0.06098220493479423,0.061120261790684714,0.061534000111081115,0.06191401061802917,0.06213175962433809,0.06273785384092646,0.06310658829093431,0.06341818440543288,0.06368110908286273,0.0657513583945528,0.06844458079197817,0.07321624627927441,0.07360080983635647,0.07368962501124082,0.07462775111481228
2025-12-03,0.06221041095065563,0.05993540822201,0.061316897868120945,0.06087870718107337,0.06111983995690007,0.06153400011108073,0.061925423319317476,0.06214036557161295,0.06274226429606683,0.06310410994217973,0.06341855104846682,0.06368096555092949,0.06576332312472143,0.06853737844670264,0.07340503565337864,0.0735863591779886,0.0734306712421446,0.07454244077441027
2025-12-02,0.06090044533783863,0.05911997495826985,0.060538166700484314,0.06051167426162955,0.060313801411121505,0.060735239632155824,0.06119754275804537,0.061414395647073836,0.06179176900293744,0.062223828852130306,0.06246011141283688,0.06264501204208263,0.06479150511071746,0.06753027358282153,0.07218458550958078,0.07245070552903618,0.07235862663786466,0.07342704976121704
2025-12-01,0.060067961932726815,0.056836940484037236,0.05957761844199786,0.058919639748447036,0.05878050629036353,0.05912344191912182,0.059438553444594824,0.059745342589599,0.06033463087532791,0.060705005715137504,0.06101261916160178,0.061209726582151264,0.06335598267554692,0.06616764565551317,0.07061063340780271,0.07103885043324176,0.0709460739624026,0.07191352296976394
2025-11-28,0.058536550325155784,0.05586888377006746,0.05699761445854233,0.06032304147605647,0.05804822892011125,0.058324802293462666,0.058660811711960505,0.058954595708230535,0.05942273231855975,0.059856259812527894,0.06012018280097518,0.0604804057457183,0.06268486340586941,0.0654285122171652,0.06970968293629351,0.07027321083640954,0.07019989113984469,0.07115593044518675
2025-11-27,0.05801376752669784,0.055868883770042836,0.056997614458213844,0.06005033930073408,0.057826190961518434,0.05810334040931104,0.058444078667841924,0.058735183154225656,0.05920227995008084,0.05971354801995448,0.06004656190488413,0.06041370065937621,0.06261489345373412,0.06535591590645994,0.06968709558910535,0.07000093347567025,0.07017500964974736,0.07111373692923834
2025-11-26,0.05846706415186756,0.055868883770042836,0.056997614458213844,0.06033281453894987,0.05783306003148104,0.05810334040931104,0.058444078667841855,0.05873119333111882,0.05920048390870371,0.05971747485731623,0.060044537596965826,0.06040565126491966,0.06261130462254419,0.06535490074206607,0.06929500034728946,0.07001425638471126,0.07026148607796484,0.07117398897352467
2025-11-25,0.05762941024923531,0.05572297717937834,0.05681553174120534,0.06021983401855386,0.0576158265982511,0.057883279258569224,0.058370116779718546,0.05869578010135352,0.05917414415333769,0.059726324839658326,0.06005342719103343,0.06040785636226984,0.06261410277561098,0.06535693981461031,0.06943367041891596,0.06998434701282624,0.07023904992686199,0.07115921440945921
2025-11-24,0.05678172156549677,0.0550475571627368,0.05622119454358593,0.05927783295040269,0.05710226371363937,0.05751401614068089,0.057858525650831306,0.05834548489023269,0.058740759886665654,0.05928795235459728,0.05970188975578193,0.059834098860954116,0.062035510390782096,0.06477780736076419,0.0688730766300434,0.06939548684660132,0.06965334430682038,0.07056666498295408
2025-11-21,0.05607317436525491,0.05481812061154979,0.05607736358524657,0.0587972098826301,0.056880404673944895,0.05737191647398907,0.057710209801736606,0.05821368062602408,0.058590883238256335,0.05913357795073777,0.05954964386121085,0.059690504443208205,0.06189035854055296,0.06462826415234164,0.06849939454294209,0.06929449452314539,0.06953868945237124,0.07043803512535488
2025-11-20,0.055359253665393605,0.054370407023531325,0.055559443981123315,0.0586839163357763,0.05620922681005321,0.05663421311113233,0.0568344009231533,0.05738752381357306,0.05778552350276882,0.05828874749289451,0.05870958219921164,0.05880264271286881,0.061050813727017296,0.06378640181001839,0.06787674420964473,0.06837170569999985,0.06857904230706556,0.06951398371654224
2025-11-19,0.05521709703980274,0.054370407023531325,0.055559443981123315,0.0586839163357763,0.05621742196023207,0.05663421311113225,0.0568344009231533,0.05739186640214782,0.057784991110351104,0.05829248555687392,0.05870763384170106,0.058800347264149136,0.06137503425588891,0.06417342120644455,0.06799430387530668,0.06877160453006254,0.06892752137271356,0.06983314815255337
2025-11-18,0.055212940988576174,0.054370407023531325,0.055559443981123315,0.0586839163357763,0.0562174039844855,0.05663421311113225,0.0568344009231533,0.057391866402147766,0.057788881942470983,0.058292310847487726,0.05871104601996972,0.05879869783990958,0.061375255640028416,0.06417352179091926,0.06799370373671042,0.06877173522648714,0.06892785992996561,0.06983395132178502
2025-11-17,0.055484655673090334,0.05440532389812254,0.05568414666747371,0.05833494367942995,0.05625479480626803,0.056672310518334504,0.05687083065581072,0.05740216849333989,0.05778692533727434,0.05829047118260748,0.05870786330625153,0.05849772796703975,0.061073652579279956,0.06387397488070805,0.06769197920778246,0.06840099237380966,0.06858282692070805,0.06953412942938664
2025-11-14,0.055097839514957746,0.05476946090581486,0.05568414666747371,0.058797209882592245,0.05625213909023242,0.05666895672673409,0.05686526231749587,0.05738831095095532,0.057786270168620514,0.058285924530367024,0.05870775794126745,0.05848966094100036,0.06103852415186997,0.06387192472954353,0.06766838828103747,0.06833487178591992,0.06860708694377195,0.06955055893325017
2025-11-13,0.05448416613045515,0.054769460905813964,0.05568414666747371,0.05880649944492028,0.05603014834450949,0.056447280293882025,0.05649292826193216,0.05701488355211309,0.0572607122709816,0.057835918072683214,0.05834061861740466,0.05819234538410689,0.06074256456919116,0.06357451855517443,0.0673702516344229,0.06803749658762762,0.06822318692538976,0.06919819492787253
2025-11-12,0.054119195821028414,0.05579106823539476,0.05568414666747371,0.05904219396705971,0.05611550895076957,0.05650502711927654,0.05657044906255312,0.057089923647399926,0.05733692597429866,0.05790054392753283,0.05840560479053932,0.05826251270365597,0.06079504554403052,0.06367497264601253,0.06740561046768165,0.06800568629369587,0.06816405819127802,0.06922216601182711
2025-11-11,0.05332995603256287,0.05554787533435836,0.05552107158367911,0.05904219396705671,0.05611781203723581,0.05650734105534658,0.05657347894272578,0.05693452826814729,0.057263414641990605,0.05779280132057419,0.05830116437395509,0.05818695250901391,0.06072052198760248,0.06359978008339424,0.0671921007625085,0.0678883575871818,0.06799347536473636,0.06905564271401995
2025-11-10,0.05273792313974758,0.05530050168788324,0.056240370835470094,0.0582877758706489,0.05604299198495344,0.05644250282639364,0.0564826115723652,0.056878883414754944,0.057188071782006925,0.05771737010059166,0.05821533992305711,0.058137680828841604,0.060620035278447205,0.06354421696847476,0.06720719839284582,0.0678108130076878,0.0679200535558711,0.06898225774416639
2025-11-07,0.052730338276057005,0.05481812061155222,0.055760881001409704,0.055388610273929356,0.055637374839991226,0.056032321253818546,0.05614695727152481,0.05655265070242834,0.056788015015997645,0.05735575405095642,0.057734889010220294,0.05770973484355019,0.06035408174104721,0.0632521161159839,0.06685784415543676,0.06739949154899949,0.06701321840446932,0.06825206971515298
2025-11-06,0.052935277253726626,0.053357818440439235,0.0557608810014054,0.05766495219441668,0.05592941289184305,0.05634501104475537,0.05645274491671202,0.05678590684817624,0.057148164070589945,0.057688517025699014,0.05810053787371139,0.057953690716844065,0.06063411818828396,0.06347045029743544,0.06714878500404678,0.0676775780478328,0.06732612969461732,0.068567101060834
2025-11-05,0.052935277253726626,0.05433147070923219,0.0557608810014054,0.05550092986086426,0.05571704395689156,0.05611404130061922,0.05622986995780922,0.056629652148007886,0.05692803776868849,0.057466390116660375,0.05787760249214933,0.05777279456538278,0.060398704968864785,0.06321941950772936,0.06686446247778705,0.06737865880505686,0.06709752687621323,0.0683035116172674
2025-11-04,0.05273792313973903,0.05433147070923264,0.05528121914502933,0.05528332362323702,0.05556447091784997,0.05596942352914543,0.05609334366478583,0.0564802872562302,0.05678962762400517,0.057401954567615085,0.05774248099361684,0.05771141344045024,0.0603366852032443,0.06315602751826886,0.06674938873349814,0.06725327957175146,0.06699267027630813,0.06819757779478415
2025-11-03,0.052737923139739476,0.05408413012431352,0.055041323669893415,0.0551413809962034,0.05549746472174809,0.055894758793374785,0.05602021666978435,0.056416286616205874,0.05671296058729114,0.05732674168503727,0.05766830602719975,0.05771973583697152,0.06033878273433567,0.06315878750320357,0.06668874313463592,0.06723978399738552,0.0669621245472532,0.06814327202964998
2025-10-31,0.05273033827605714,0.054072220019184235,0.05480138514294598,0.0547736304799138,0.055043840174680836,0.055451689264539666,0.055650922247148606,0.05593808825096248,0.05631425356988398,0.05692402498840977,0.05730567199461336,0.057665760700448036,0.060278013311151894,0.06309177364838384,0.0665968744687055,0.06717398426061758,0.06689298854574072,0.06807060888475892
2025-10-30,0.05273792313973973,0.054068251534622344,0.05528121914482818,0.05433665865304627,0.05503998634675659,0.05545135540506358,0.05564747652320454,0.05594849777088922,0.05631258527017755,0.056924048688472374,0.05729772636346081,0.057674506401013056,0.060283616703858005,0.06309509317218179,0.06647660830934587,0.0670334885514649,0.06679369943615708,0.06792531733609118
2025-10-29,0.053191822926082516,0.054200933812227826,0.05334163138901323,0.05332273368185083,0.05424161169277457,0.054783981723027626,0.05500390242086824,0.05537806722804511,0.05588244956958009,0.056408932116744546,0.05703498869833236,0.05748533878045038,0.060085099389173995,0.06289261741995347,0.06599365588154912,0.0667371977672863,0.06632366128802801,0.06744641183269788
2025-10-28,0.053329956032563124,0.054200933812227826,0.05334163138897716,0.05332273368183595,0.054241222501396964,0.05478398172301803,0.055003902420857904,0.05537806722803585,0.055885860285082724,0.056412392680113846,0.057038222502931994,0.057483671498849254,0.06008546029301002,0.06289282498267398,0.06595605721546624,0.06673113880993127,0.06633391259189907,0.06745395110695221
2025-10-27,0.05365553647008975,0.05444022935737356,0.05326475807717429,0.05350285151730651,0.05446064573509485,0.0550230058794295,0.0553060210696821,0.0556359304814804,0.05617315617046702,0.05669988509459676,0.05735728347769267,0.05789461367333483,0.0604881969969878,0.06331966894595613,0.06638295387300717,0.06712820858628182,0.06652699355113272,0.06765635408979749
2025-10-24,0.05348987816567432,0.054200933812231136,0.053197490303385546,0.05316342161902273,0.05419886793555184,0.054845211259224896,0.05515644232235778,0.05545837273189414,0.05601445414883697,0.05661826219772944,0.05730361089706643,0.05790850959131836,0.060498304921642196,0.06329115252731422,0.06646853680675377,0.06704811912378517,0.06653953853629259,0.06766479951543522
2025-10-23,0.053497682624997545,0.05444425298144169,0.05323592944568202,0.053284810003235386,0.054195174611718015,0.054849248522789704,0.05516103076263853,0.05545277940914902,0.056012678922951496,0.056614141559482765,0.05730082443620492,0.057906160151672645,0.06053883757382439,0.06339793395821654,0.06659915701756579,0.06711690389141933,0.06660980143016222,0.06764711116898547
2025-10-22,0.05332995603256304,0.054930802774745255,0.05286110065881385,0.05302878754771823,0.054279545790437776,0.05492188577802598,0.05523573653363229,0.055542335303573394,0.0560862114402302,0.0566462889476832,0.057420731749732216,0.05802666104011238,0.060658415585744266,0.06354075251800459,0.06637873673914901,0.06687931885602984,0.06674680964515434,0.0678648882164967
2025-10-21,0.05251095377150258,0.05359737485318618,0.05271690775527566,0.05302878754771868,0.05428185522457339,0.05493432370165839,0.055238352474233754,0.05546439049306321,0.05601252712870591,0.05649888067965459,0.05726596746621487,0.05779687672216933,0.06051817481103662,0.06348973040801434,0.06623605424064992,0.06671198382264223,0.06675422694745858,0.06785186929948105
2025-10-20,0.05258990111144862,0.05359737485281769,0.052716907755275516,0.05302878754771868,0.054281632586695557,0.05493432370165848,0.05523835247423369,0.05546439049306245,0.05601221270393879,0.05649871154562278,0.05726581153987795,0.057799841524993595,0.06051628240673552,0.06352339213189143,0.06618131320336493,0.06671939937830083,0.06676114588032885,0.06776450051704339
2025-10-17,0.0525034339043615,0.05359737485281769,0.052716907755275516,0.05302121912498812,0.05427830435998274,0.05492797972612829,0.055233024258285336,0.05546263225844486,0.05601239338852963,0.05649892110587093,0.057265794137797414,0.05779987422619038,0.06068539784156344,0.06365264489900183,0.06639922246681777,0.06680054403789079,0.06665945787051265,0.06776273570565926
2025-10-16,0.05226423320816938,0.05384076725615624,0.052563084848942,0.052886524522113995,0.053719592527677835,0.05444961399940119,0.05475596028297862,0.05512316421119028,0.055763019398392566,0.05632320431683296,0.057173586830025346,0.05769547233667272,0.06065100203042559,0.06364785241547817,0.06615687970481575,0.0667269243886691,0.06666586059226941,0.06775139803601814
2025-10-15,0.05160294642991464,0.05290597931471946,0.05241885979956119,0.0524121682147182,0.05328757162362979,0.05405285857481267,0.054350942184385,0.054809516703716095,0.05544070511964673,0.05588452729376918,0.05679905909015767,0.057253371838744335,0.06024368833500513,0.06320666066159843,0.06578619469862987,0.06638099118705224,0.0663163855524614,0.06730343752105603
2025-10-14,0.05160294642991376,0.05249687253777025,0.052082274169048134,0.05218439723745423,0.05313414688264054,0.05386352543252,0.054250174316915915,0.054815941616494245,0.05529172371982997,0.05574816348539988,0.05666041851809668,0.057175774478364104,0.0601681565265835,0.0631193998132246,0.06569825571369657,0.06623797551220531,0.06626347910867461,0.06724274497454015
2025-10-13,0.05160294642991376,0.053149455637005315,0.05208227416903581,0.05218439723744768,0.053134146882637574,0.05385755854027914,0.05425017431691442,0.054815941616494196,0.0552915399286893,0.05574428008116391,0.056660264243522274,0.05717868382262656,0.06016627299430906,0.0631643627140008,0.06570392021566031,0.0661610667289047,0.0661442688135314,0.067135123130369
2025-10-10,0.05160294642991376,0.05239945386045886,0.05149545088937657,0.051816422481507834,0.05272788993950097,0.053375627725641556,0.05377012265099174,0.054336988371168606,0.05481204261757932,0.05519006302790644,0.056105717725030035,0.056662192007648875,0.05965231074363217,0.06299626332393819,0.06504363035554363,0.0656346180987475,0.06553643051552448,0.06655685423093213
2025-10-09,0.05160294642991376,0.052399453860451514,0.05149545088936974,0.051823653722171945,0.052724453630309524,0.05338161219753773,0.05377516634822679,0.05433451377413823,0.05481040796504985,0.0551874716664724,0.056103407665558096,0.05666207806979656,0.05959993679086973,0.06268434067758646,0.0649162133932804,0.06553317793847865,0.06543208164334957,0.06642543445702274
2025-10-08,0.05135616939203609,0.052399453860451514,0.05149545088936974,0.051823653722172056,0.05273200114072905,0.053381612197537884,0.05377516634822679,0.05433867309450901,0.054807953202179675,0.055185562362224,0.056101595973887565,0.05665981980918704,0.05934855672632961,0.06270999714628604,0.06461323098367266,0.06551337726246732,0.06533303643237864,0.06648022460978203
2025-10-07,0.051356169392035654,0.052204602308092846,0.05141847135130184,0.051823653722172056,0.05273200114072905,0.053383377677112,0.05377652498806282,0.05433867309450901,0.05481146714367707,0.05518997924031196,0.05610566165056745,0.05665818159606169,0.05939084894836661,0.06268367442143935,0.06472326268316489,0.0654203715331846,0.06526855628910708,0.06651325428882718
2025-10-06,0.051356169392035654,0.05220460230808706,0.05141847135130036,0.051823653722172056,0.05273200114072905,0.05338337767711198,0.05377652498806284,0.05433867309450901,0.05481128495317111,0.055189814031520706,0.056105508889404465,0.05666102943112747,0.05934710985327435,0.06271003129901347,0.06478394396915153,0.06540738896177582,0.06526009059732585,0.06650642129121154
2025-10-03,0.05134897590516496,0.05220460230808706,0.051274122770139235,0.05181642248150426,0.0526902712908538,0.05330980024238078,0.053696351146507545,0.05418115494903491,0.05466477551201743,0.05503361639898426,0.05588032959116649,0.05643616183133982,0.05912588022535414,0.0625651293413003,0.06432011086000444,0.06522800484211025,0.06507042809477138,0.06630399494890145
2025-10-02,0.051345380168088664,0.05273065805780605,0.051274122770139235,0.051823653722172104,0.05268692544377458,0.05331101440058053,0.05370138883799513,0.0541785674871072,0.054663193735939024,0.05502811014096384,0.05587804795644864,0.05643592352661961,0.059125822201136116,0.06254160116246713,0.0644707164289253,0.06512985172950181,0.0650689825420948,0.06630283011742083
2025-10-01,0.051341785101636915,0.052204602308085546,0.05105275800589602,0.05164323315183798,0.05251150426065901,0.05313226802320901,0.053520772205491805,0.05400247902777273,0.05447911288318808,0.05484699352437355,0.05569580335782422,0.05633387885018508,0.05904526187116175,0.06250626287712788,0.0641231127254898,0.06499691772504632,0.06503188245805129,0.06660544461406345
2025-09-30,0.0514091306819077,0.05201340583807021,0.05093724879507226,0.05142478574218928,0.05228942749373595,0.05290252094655179,0.05322171768720943,0.05378428208732401,0.05426216774781927,0.054630886470718,0.055481439841362896,0.056184350804518224,0.05885440949034426,0.06230337850640206,0.06394444946971098,0.06478969338062114,0.064910741137944,0.06647224354711251
2025-09-29,0.05086609832918992,0.05176611708444189,0.05079284824664335,0.05138679001669797,0.052290872586741824,0.0529048085954325,0.05322423947465024,0.05378533314391201,0.05426300412841927,0.054632143024803674,0.055482967003851275,0.05618788669672276,0.058873868698697665,0.062301455399540684,0.06394241322988638,0.06471907192536222,0.06493096960287692,0.06648531505405707
2025-09-26,0.05086609832918502,0.05176975690760581,0.05049437101608351,0.05137967914076517,0.05206345787460196,0.05268250205117951,0.05284570709161245,0.05333552767483714,0.05388472908182947,0.054260560665081545,0.05511036881481556,0.05582357766208463,0.058511962186859695,0.06193579006571524,0.06356741194061334,0.06432995319728249,0.06457617215534399,0.06612060011797245
2025-09-25,0.05086609832918502,0.05176975690760581,0.050494371016083214,0.05138679001669786,0.05207017141160176,0.05268250205117913,0.05285058643761369,0.053332828340651596,0.05388210591741632,0.05425872229596346,0.05510832525094347,0.0558232034062727,0.058271180672582856,0.06196873627938725,0.0634973771981592,0.06427475192223005,0.06458747363667354,0.06616697356234698
2025-09-24,0.05086609832918502,0.05169178303204914,0.050417333816117314,0.051206290602831106,0.05199339745637228,0.05246098031926398,0.05278391561101516,0.05318572737534897,0.05388837223214337,0.054269742700430695,0.05510990849012225,0.05583050697498162,0.05840279648553165,0.06199700827724192,0.06314509593756402,0.06403257131326698,0.06428573586712465,0.06610037047214071
2025-09-23,0.05086609832918502,0.05169178303204892,0.050118772732848,0.050911721597912206,0.05169585775809416,0.052093796150200766,0.05248787186931875,0.052901194764535406,0.05359239180527475,0.05397437604580069,0.05481751325772191,0.05561456483411403,0.05810364374648693,0.0617875465595566,0.06293215442994769,0.06377604992035762,0.06408135589226259,0.06588680787747707
2025-09-22,0.05054024362489982,0.051688154117907434,0.05041733381611704,0.051206290602830946,0.05199425960569174,0.0524611235588976,0.05278391561101489,0.05318572737534863,0.0538888705575675,0.054269506541735374,0.05511280510967764,0.0558316835434555,0.05824440538601845,0.0620117925273864,0.06315446684047987,0.06392882161966665,0.06432360022370626,0.06612653948035113
2025-09-19,0.05054024362489982,0.05201340583805801,0.050051346485978275,0.05090474048601932,0.05162291793642252,0.05209098083648767,0.052484214403770296,0.05289992326402995,0.05359368673838611,0.05397031609641009,0.05481816235159839,0.055617639658493236,0.058155455891131504,0.061860074563887354,0.06299289936560315,0.0637799601826883,0.06425613824197134,0.06604535054431782
2025-09-18,0.05054024362489982,0.05201340583807055,0.050051346485964765,0.0509117215979122,0.051629518338491,0.05209098083643127,0.05248903277628802,0.052897281988157775,0.053591062968198815,0.05396849102576814,0.05481596197122124,0.0556172520468574,0.05808207546196613,0.06189977952526434,0.06295755355817713,0.06378819031655,0.06426243465868689,0.06604963616320465
2025-09-17,0.05054024362489982,0.05201340583807055,0.050051346485964765,0.05091172159791209,0.05162951833849091,0.05209098083643127,0.05248903277628815,0.05290119476453529,0.05359494011888501,0.05397165175698416,0.054814229371326136,0.055615185456155604,0.05802997194172108,0.06187263812851092,0.0629034222455146,0.06377750904492298,0.06423267985484257,0.06613255075711989
2025-09-16,0.050046473929145005,0.05201340583807055,0.0499742837541367,0.05091172159791209,0.051630815429785926,0.05209098083643127,0.05249035967338489,0.05290119476453523,0.05359569106451934,0.053971490028178686,0.05481812732797193,0.055613595473635064,0.05818736639711848,0.06189200012330543,0.0629004116792434,0.06376500691271499,0.0641565698685838,0.06604465326214436
2025-09-15,0.05004647392912185,0.052009731822328965,0.049974283754135214,0.05091172159791209,0.0516308154297859,0.05209120182966623,0.05249035967338492,0.05290119476453523,0.05359569106451933,0.05397146597229623,0.05481797808096446,0.05561635486964468,0.05817492956769304,0.06188136315385159,0.06288945970027203,0.06375480117136917,0.06419782663025353,0.06607877996236082
2025-09-12,0.048821662719409326,0.049312130349770764,0.04945399410118936,0.05053413082466633,0.05125303750050061,0.05159252681928893,0.05204747244814133,0.05252972085502388,0.053233656485428715,0.05361431479823879,0.05454023497124381,0.05532671294808524,0.05787417885755779,0.06174511373846984,0.06267547526149546,0.06342759408846148,0.063876541815882,0.06571264609202752
2025-09-11,0.0488216627194071,0.0493121303497524,0.04945399410118817,0.05054101149371754,0.05125955911357236,0.05159252681928635,0.05201334056125388,0.052526983720315924,0.05323106187154262,0.053612496184057244,0.05453938520254935,0.05532629387922182,0.057800787353366606,0.06171711699584232,0.06262414834669723,0.06340494360438048,0.06390238724744396,0.06564159208016947
2025-09-10,0.0487821464526438,0.049107192875090654,0.049290157298122764,0.05019869553274658,0.05079862903233171,0.051130079305920985,0.051568966230959024,0.0521693463732472,0.05284524517233592,0.0532351599895669,0.054205704601906095,0.05492249500012033,0.05753593924154279,0.06128082095903919,0.0620933368848284,0.06289847345976969,0.06356511171286904,0.06528009878862007
2025-09-09,0.04864383645304077,0.049107192875090654,0.049290157298122764,0.05012260940321008,0.05072213193592136,0.05105269861923509,0.051491193430133926,0.052093333190942094,0.05270007744440816,0.05315815943551751,0.05406153647458303,0.054764511262382506,0.057266425417189216,0.06112542168856516,0.0619233449962484,0.06272799426108551,0.06342706250940448,0.06513472781332141
2025-09-08,0.048643836453041656,0.04887946690798556,0.049145578738474416,0.0498277209592513,0.0504338891545249,0.05072576231157976,0.05116306950603839,0.052023162018586123,0.0526299557549374,0.05310051584788324,0.05407469917078024,0.05477566720032919,0.057353572947506995,0.06122291347609811,0.061980420662732835,0.06279921871003448,0.06351537018104496,0.0652201499122125
2025-09-05,0.049226682008907674,0.048658209426312236,0.04899134437379994,0.04953564860299796,0.05012826302617968,0.05027285204699971,0.050781944408025394,0.05165854492541906,0.052488995581500594,0.05295560654283445,0.054089946012393114,0.05479535187951762,0.05736725218527405,0.061219979809742205,0.06196603982112128,0.06281008253725844,0.06352273528194173,0.06522517362389406
2025-09-04,0.04922668200891302,0.04865820942631156,0.0489913443737995,0.049542262225152824,0.050134488788155275,0.05027285204700154,0.05078643109143686,0.0516561882209491,0.052486543357183384,0.05295381052150355,0.0540876869244266,0.05479527648255441,0.05736729425639552,0.06141078873076439,0.062088969463956034,0.06276549609277625,0.06348857252045802,0.0652009413944429
2025-09-03,0.04922668200891302,0.04865820942631156,0.0489913443737995,0.049542262225152824,0.050134488788155275,0.05027285204700154,0.05078643109143679,0.05165993290624105,0.05249029339323672,0.052956922540580195,0.054085965273132836,0.05479287720313307,0.05754508663349598,0.06167784960236491,0.06222384539585726,0.06286185867702647,0.06367256200247194,0.06520582421047805
2025-08-29,0.04909827625104675,0.04848923493046057,0.04891422051883628,0.049449646811767674,0.049988529773192514,0.050203249922063695,0.05070544565758165,0.05158317685124627,0.05241714503456495,0.05289044236785852,0.05401256368127768,0.054728855675489074,0.057510580805144616,0.0616750368593959,0.062171889891352805,0.06278365633827308,0.0635971013941476,0.06513083248029118
2025-08-28,0.049104854170766626,0.04766636982061563,0.04884673349610882,0.04902823106739128,0.04931256365813326,0.049725909350113576,0.05034148627280999,0.05099636207304848,0.052061092587166374,0.05264432827661008,0.05390411959610174,0.05467824657132889,0.05755539588355257,0.061611662838213635,0.06216953863647854,0.06291324873181046,0.06351516913168925,0.06508312655222254
2025-08-27,0.049104854170766626,0.047740882295721286,0.04891422051883618,0.04902823106735431,0.049318574136242285,0.0497229264103026,0.05034037339819229,0.05100000469845237,0.05205887624512333,0.05264253110477069,0.05390164151443262,0.054676008101858756,0.05768114115313248,0.06169194338764612,0.06222205967308704,0.06299482051245314,0.0636287251972815,0.0651499405379356
2025-08-26,0.04872951073260282,0.047740882295721286,0.04891422051883618,0.04902823106735431,0.04931953355001641,0.04972813763903758,0.05034037339819229,0.05100000469845243,0.052063155244375395,0.052640307345455786,0.05390463088485693,0.05467442550532429,0.05773399434062401,0.061732518037315935,0.062322017369257694,0.06291179701287077,0.06370598446461606,0.06513146735071422
2025-08-25,0.04885792169444875,0.047740882295721286,0.04869246465115245,0.04902823106735431,0.04931920530895584,0.04972813763903758,0.050344030416238895,0.05100000469845243,0.05206296165236844,0.05264338309271103,0.05390698817899394,0.05467717741481635,0.057847242461760165,0.06152948905917354,0.06253165210697165,0.06308948792318755,0.06369432462579902,0.06522284419079652
2025-08-22,0.048229236105501685,0.04714227776577104,0.048181321925191374,0.048513935545626434,0.049250422617383216,0.04973317486123962,0.05034803231912821,0.051011639052444116,0.052066197709310674,0.052646131988987564,0.053912953533678136,0.05468678897643761,0.0575823093353388,0.061084682163407,0.06311424228844967,0.06360912837396608,0.06401696749520285,0.06541027771375492
2025-08-21,0.048117032036868124,0.04713925775072776,0.04818132192519226,0.04843772111629423,0.049247766739696976,0.04973051110699441,0.050352462167608227,0.051011788829656735,0.05206490920921638,0.05264619949860453,0.05391060129006649,0.05468840949544342,0.05680918753588278,0.05997524233484826,0.06276385098264681,0.06344071228209965,0.06417133873870322,0.06555677594654649
2025-08-20,0.04798859709230939,0.04672621638384842,0.04784366767735474,0.04818045452475348,0.049177148266410266,0.04957634271231906,0.05028020268128297,0.05102221609234559,0.05206483047151172,0.05265179771895813,0.05388542336989079,0.05461049078135623,0.05678565329095501,0.059828501659524476,0.06233638713543186,0.06321646626273487,0.06401155473605824,0.06527374036809178
2025-08-19,0.04787003806842155,0.04672324948301878,0.047843667677354595,0.04818045452475326,0.04917745047674983,0.04958150542179175,0.05028020268128284,0.0510222160923456,0.05206873691504688,0.05264954039105482,0.053888434172912066,0.05460890257423293,0.05675471602325751,0.05977553044901898,0.06241827743649681,0.06327718858699266,0.06406979597908315,0.06533021734356573
2025-08-18,0.04792931802323285,0.046564101066209104,0.047698932605771516,0.04803750003645017,0.049033004362120707,0.04958267461594884,0.05028258759242591,0.05102596339360538,0.052072934531473956,0.05265338638428323,0.05388992224333535,0.05461435387373553,0.056911385331733705,0.0599305134229135,0.06238710346882851,0.06332554088798162,0.064169987727141,0.06537893077839646
2025-08-15,0.047429152210921526,0.046555264008397386,0.04769893260577359,0.04803127894091613,0.04903125229721467,0.04958274201062217,0.050278150017291016,0.0510244566871273,0.05207407711319035,0.05265295736881787,0.053890176695823896,0.05461457212256561,0.057069661427886956,0.060049824565195864,0.062496049692681306,0.06334941807231972,0.06409779758988886,0.06532550816343141
2025-08-14,0.04743529133313504,0.04655231931416504,0.04769893260577359,0.04796124928582213,0.04902830340878463,0.049580100741948185,0.05028258759242582,0.05102424339166431,0.052072662255250694,0.05265305712853072,0.0538877580791027,0.05461597369362022,0.057143870738059425,0.06017772994915334,0.06260994844037263,0.06357151482578233,0.06421060568479772,0.06544373490857273
2025-08-13,0.047741595127636864,0.046295549313979056,0.04748662615484673,0.04768479156541067,0.04884106258866497,0.04933824543078486,0.05024716557245885,0.050917985718112534,0.052035767490809626,0.05262146393999476,0.05384979117316401,0.054623241270746144,0.05695116035930702,0.06032564655493526,0.062415086204949816,0.06333424841410486,0.06410035650375709,0.06548359775084168
2025-08-12,0.04787003806842161,0.04651046275465913,0.04746732389657996,0.047741995985421226,0.048754140804171134,0.049341577264240634,0.050247483446141626,0.05091648920429459,0.05204189027442288,0.052617984089513445,0.053853020675152526,0.054620567375496545,0.05696139315830642,0.060245787616748085,0.062398862897060973,0.06344210144321907,0.06423294414432038,0.06549294276142592
2025-08-11,0.048117032036867055,0.0465788394214077,0.047544531257698947,0.04781826345547519,0.048753516806217104,0.04934099475530694,0.05024621200753738,0.05091449412580884,0.05204151790637034,0.0526207144248933,0.053852002513097644,0.05462191765897121,0.057094578957894646,0.06050209252575026,0.06255044629875048,0.06356709596076165,0.06432834729622613,0.065617368931437
2025-08-08,0.04798231422011078,0.0468005119566239,0.047544531257699245,0.04803127894090617,0.04881819615672966,0.049416485494507105,0.0502417750508179,0.050907350344476514,0.05204002591693034,0.05261644009490865,0.05385235720684444,0.0546180410237155,0.05700970572125921,0.06036051048429434,0.06245233316733108,0.06348252316784385,0.06425873554848001,0.06554411047288808
2025-08-07,0.046990614708781464,0.04620181988426677,0.04708122019951662,0.04750362264381709,0.048471456611077116,0.049157435119378125,0.05003001089229629,0.05065527165631064,0.05190254835554514,0.0525488796683416,0.0538229249723968,0.05467809866324748,0.057114026390770935,0.06047120146416047,0.06262157578590445,0.06356065143524864,0.0643896295153546,0.06547153889971927
2025-08-06,0.0459528420530167,0.04571907556355646,0.0465598032775374,0.04717934368492198,0.04832587602689522,0.049013790404288556,0.04997042511329934,0.05059898632652679,0.05182714722916108,0.052475362205054756,0.05374943074278546,0.05461403309669042,0.05756366138301623,0.060923734868155964,0.06270764243264111,0.06382855583129589,0.06458664695623915,0.06572135743817946
2025-08-05,0.045458569171930426,0.04564089673193211,0.04649219730413411,0.0471030274686428,0.04825972736817614,0.048864511963750856,0.04989365868999388,0.050522797089890416,0.051715315243056954,0.052369082944123325,0.05360588215244851,0.05449595759872966,0.05743801279753725,0.060775418448304135,0.06259636194852626,0.0636469123636017,0.06439205758945836,0.06586635004306442
2025-08-04,0.04506310652581233,0.04533792465425667,0.04633765652677718,0.0471030274686428,0.048260716574294704,0.04886706813120527,0.04989618622725782,0.050522797089890416,0.05171590798284863,0.052373834569221,0.05360747348309757,0.054498761350334,0.057477844243414435,0.060849988508853106,0.06264395374725218,0.06375055961088362,0.06447653216655265,0.06561362966156677
2025-08-01,0.04495871734350564,0.045413311585800704,0.04640617943531495,0.04717334115377878,0.04832548825787987,0.048866474205202286,0.049891185080781796,0.05051957784281891,0.05171455009088053,0.05237298001487229,0.05360757684665265,0.05449767696625147,0.05747844346946003,0.06083689311432937,0.06264664418304046,0.0637376134878731,0.06448006887634408,0.06561588146168498
2025-07-31,0.04456872277870538,0.045263933982219,0.046248791228323594,0.04710302746864204,0.048256159464542224,0.04886527725532178,0.049898347894322785,0.050519125514957075,0.05171568150579312,0.052373991830634875,0.053606799969244,0.05449884921367716,0.05746880291543805,0.06088264741840404,0.06276495447780768,0.06383507058092354,0.06457531776250139,0.06570945543685151
2025-07-30,0.04476648367033933,0.04526950519988101,0.04624589538151855,0.04710302746864282,0.048261458609119616,0.04886256406660301,0.04989749545195391,0.05052279708989042,0.05171262642760503,0.0523723771658878,0.053606559421369375,0.054496614746140294,0.057406084871528776,0.06089018428622757,0.06260944527506618,0.06374460424366586,0.06450198164337133,0.06563490050639406
2025-07-29,0.045161975882934656,0.045416115426898475,0.04641201208995647,0.04710302746864282,0.04826046925416179,0.04886640839939424,0.049894079171567164,0.05052279708989037,0.0517157597867481,0.052369215478036524,0.05360249117553646,0.05449500785142553,0.0573856780346586,0.06088121074885321,0.06245324640624333,0.06375112648312231,0.06453646795509253,0.06565936245581214
2025-07-28,0.04511254151235889,0.04524995635089287,0.04629611594997043,0.047064867176330016,0.04824133861643847,0.04890657509624017,0.04989598569946717,0.05052378759242025,0.05171640210411245,0.052371967700650245,0.05360680330105521,0.054498526264817576,0.057530713334986015,0.06109297819641736,0.06267120177588578,0.06396479053459023,0.06468200059816619,0.06570000895170178
2025-07-25,0.04500814144708131,0.045315584647430546,0.0464418791620559,0.047135193402674226,0.04831573112029989,0.048983575869988846,0.04989199137091558,0.050520528929546366,0.05171476440239309,0.05236865448799703,0.053605559382723975,0.054497414442438774,0.05753129725130109,0.06110237740957284,0.06273217104436343,0.06395136096126859,0.06467055639277713,0.06569191085905228
2025-07-24,0.044717044371614764,0.04524438992526138,0.04637338116363863,0.04710302746864423,0.04823654007013862,0.04898169063550655,0.049890308544806285,0.05051912551495701,0.051716014500650304,0.05236927680429418,0.05360620033368646,0.054497920602520594,0.05759458872080882,0.061095945165632874,0.06293644895626602,0.06405951223918217,0.06450884854459067,0.06567577634523927
2025-07-23,0.04451928101550129,0.04513265921117622,0.046257481662505234,0.047026705427754195,0.048165799825973854,0.04897998201433279,0.04989662128390731,0.05052477817251261,0.05171583062565559,0.05236842590428661,0.05360493937823128,0.054497095748079614,0.05792067979320872,0.06136139385112498,0.06328133510349601,0.06431227703479009,0.06459478372647766,0.06583325789991597
2025-07-22,0.04392593179266834,0.044722064593711974,0.04592904497184345,0.046664096163886205,0.0479458111064578,0.048765648768143405,0.049678076338179694,0.050231202572879774,0.05143116756976095,0.05198788422997812,0.05322461177191923,0.054130981444514586,0.057379174939328266,0.06102462092601006,0.06273061649094215,0.06385511811438904,0.0642208835691336,0.06564184023395792
2025-07-21,0.04362922390071747,0.04472206459371175,0.0459290449718433,0.04666409616388587,0.04794654853314723,0.04876564876814325,0.04967807633817956,0.05023120257287955,0.05143160991334459,0.05199091781546482,0.053227561273189394,0.05413374385799516,0.057387527086703055,0.06102325292419292,0.06271675718449263,0.0638846615191439,0.0642157542637786,0.0656371426772058
2025-07-18,0.04362402869554894,0.044680241528875383,0.04588469699820295,0.04662005549833514,0.04790524021967927,0.048727327377052064,0.049638100746073124,0.05019184325353826,0.05139383819727957,0.05196217642646387,0.05319968831285252,0.05409593122203429,0.057277517234339236,0.060967987395616326,0.06265130404822931,0.0638037516401421,0.06420179451374407,0.065614945989154
2025-07-17,0.04392593179266438,0.044716626796947434,0.04589040003689733,0.046625919117830136,0.047901577822803534,0.0487245335659235,0.049635386777686225,0.0501894564707374,0.051391977311011375,0.051962222747324406,0.0531996065699922,0.05409567964960657,0.057172664005604626,0.06083014907475307,0.06266473602999979,0.0637404464876592,0.06407283700090252,0.06562760722763927
2025-07-16,0.04392593179266834,0.044722064593711974,0.04589040003689733,0.046625919117830136,0.04790729089490417,0.04872181343945495,0.049639760096915765,0.050193091793809874,0.05138917042352589,0.051960702580976674,0.05319707084923934,0.05409351369800089,0.057613114686466585,0.06124227521032251,0.0626029488797274,0.06395416160703707,0.06455002231709625,0.06609576846555164
2025-07-15,0.04372812899692124,0.04464384645853831,0.045813106803554354,0.04654956065298027,0.04784036841186366,0.04864999085104606,0.049641025096215166,0.05019506070806754,0.051395127414785455,0.05196113856024153,0.05319624522506055,0.05409335106166946,0.05758313300834667,0.06128014420234925,0.06255223421691442,0.06392145548143983,0.06460268660808292,0.06613946848714844
2025-07-14,0.04320390388867385,0.04453629148653583,0.04574547154526625,0.04654956065297994,0.04784166843894948,0.048650894416796125,0.04964213209333029,0.05019506070806749,0.05139590846464923,0.05196475632006346,0.05319995138077264,0.05409611054518037,0.057580981809247964,0.061268474976278305,0.062479529767702574,0.06375642502648736,0.06451530717445264,0.06607192596691293
2025-07-11,0.043090024754295145,0.044230490430274313,0.045662521648267125,0.04646737078973571,0.04783916036874944,0.048653569021487326,0.04964181327920161,0.050195814446916884,0.05139664121738844,0.05196601699526967,0.05320125568738014,0.054097860620891926,0.056755715108700845,0.060431347428596814,0.06168661617040397,0.06297186507325951,0.06373268206662941,0.06528091284494571
2025-07-10,0.04309509377052777,0.04423315064137811,0.04444040508987913,0.04647319635706946,0.04783623279509542,0.04865091167834596,0.04965905635252109,0.05019338384779147,0.05139524236967881,0.051966146985781274,0.0532149556508973,0.05409756521236508,0.057667219723956234,0.061292990984828946,0.06250907983182975,0.0639516519756327,0.06458006074094684,0.066141452908203
2025-07-09,0.04309509377052777,0.04423315064137811,0.04444040508987913,0.0466259191178302,0.04798639702175848,0.048842206844770815,0.04980963462243253,0.050349475993579626,0.05153602827894568,0.052107595484947616,0.05335734032248826,0.05423777850352731,0.05797796879466681,0.061546720103918665,0.0627957980287952,0.06413908042601459,0.06480706718244898,0.06637513654594043
2025-07-08,0.04298628066806781,0.04423315064137811,0.04444040508987913,0.046406372814159824,0.047986667736529716,0.04884731319298596,0.04980963462243266,0.05035515599588342,0.0515399044067752,0.05210508586394797,0.053355623555525464,0.05424028209778458,0.05784476835061698,0.061381205647761415,0.0626818998817479,0.0640109769806154,0.06467960432136963,0.06624651551512574
2025-07-07,0.04298628066806781,0.04419403231906156,0.04444040508987913,0.04640637281415583,0.047986667736529626,0.048847643247130625,0.04980963462243266,0.050355155995883465,0.0515399044067752,0.05210835084649291,0.05335861792914993,0.05424306294180483,0.057979014396179335,0.06149230635870347,0.06279074599034175,0.06413333461692251,0.06481891489662796,0.06638285499554232
2025-07-04,0.04263507457610093,0.04441626961637989,0.04580742284905101,0.04691581543360655,0.048129195552065754,0.048845933378918335,0.049785478190028036,0.05034078565910728,0.05153671725016399,0.05210678108688332,0.05334356626175484,0.05423388872510186,0.05797439951597265,0.061497611548761155,0.06278771862261394,0.06413035279925897,0.06481549775623456,0.06638026417711855
2025-07-03,0.0424421703852357,0.04441358752537514,0.045890400036897275,0.0469217531094046,0.04812668637873296,0.04884359465913872,0.049781412750190726,0.05033817799780975,0.05153554184018751,0.052107096508589724,0.05334257829532316,0.05423348379986371,0.057974228502865016,0.06148524898359047,0.06278953006679949,0.0641454881240284,0.0648125104147106,0.06637797985403598
2025-07-02,0.04254110507815219,0.04441090586540777,0.045890400036897275,0.04692175310940449,0.048132223172275106,0.04884120893511757,0.049785818011640934,0.05034182438486706,0.05153261689681499,0.052105760924033885,0.05334001051993928,0.05423131082678594,0.05797442119337288,0.0614532153602485,0.0627439803895704,0.06401859036492978,0.06486106574058119,0.06641309596446483
2025-07-01,0.04303574153915459,0.04452550745378897,0.045890400036897275,0.04692175310940449,0.04813098867592051,0.048845370352903504,0.049785818011640934,0.05034182438486701,0.051535583001081214,0.05210274800500407,0.05333831099927146,0.054229725138810074,0.05797499730590758,0.061431017548609565,0.06275860127751456,0.06404593412667219,0.06485307256800324,0.06640808968072978
2025-06-30,0.04273896706289946,0.04453898858112211,0.04589325226313807,0.04692175310940449,0.048131729336565156,0.04884479324988493,0.04978661915647489,0.05034182438486701,0.0515360264473618,0.05210522306873361,0.05334133880981525,0.05423248674004998,0.05799379939430528,0.06145126309693981,0.0627168811364435,0.06405026764750986,0.06485777674766494,0.06641016029606299
2025-06-27,0.042536165309553974,0.04419137679351333,0.045854601432332,0.04694443269569044,0.04809092172677365,0.048806679044709825,0.049753629707844,0.050300930378569864,0.05153797177674768,0.05210887003229113,0.05334323211405706,0.054233837256185226,0.05805896746769353,0.06168178603664601,0.06283197391146628,0.06420651478004032,0.06475715511798671,0.06640696189391092
2025-06-26,0.04214535150284288,0.04411843994915664,0.0458546014323317,0.04695037756136742,0.048088914804084504,0.048804427852517186,0.0497580399240424,0.050298358449812876,0.05153707447251131,0.052107640697890006,0.05334065534901554,0.05423342964387807,0.058058794429615035,0.061703300440299175,0.06282960915028915,0.06412136196831028,0.0647795724779176,0.06642257611300807
2025-06-25,0.04130424405630738,0.04404997015066235,0.04570965086463631,0.04680724710725779,0.04795232888423333,0.04861624141628168,0.049604606661360816,0.05014932484109215,0.051391940713546434,0.05196277223562844,0.053195958109752306,0.05408875830574053,0.057905717044754154,0.061528805607084125,0.06267796019376885,0.06398267221377206,0.06470634726485622,0.06636109158979588
2025-06-24,0.041106310504220346,0.04389345892725264,0.04563233746909885,0.04651137923394379,0.04787576803555972,0.04861754370491382,0.04960586387508914,0.05015694701879706,0.05139818738828147,0.05196712076764831,0.05319976968445754,0.05409268223346061,0.058056826920046975,0.06171027566328837,0.06275581810141326,0.06403591687458475,0.06471270131926106,0.06637833089074811
2025-06-23,0.041106310504220346,0.044049970150660214,0.04577729641851838,0.04688358589877583,0.047952821143869305,0.048693790988953434,0.049603506720866844,0.05014735857833449,0.051395928020185416,0.051963798091994154,0.05319800782431568,0.054088506033012296,0.057903184961762916,0.06149422437682955,0.06264374210751941,0.06386744551220362,0.06468342008940275,0.0663321502983102
2025-06-20,0.041200643559471645,0.043741514228718324,0.045777296418521504,0.046877657803145095,0.0479498493097391,0.04869428020701123,0.049599126655910326,0.05014631063033768,0.05139630044602981,0.05196609848404704,0.053198416625815884,0.054088938080058345,0.057894286377670384,0.061527868609691366,0.06262989123163316,0.06386793800740624,0.06471644444694342,0.06636132886742238
2025-06-19,0.041106310504220464,0.04404997015066261,0.045777296418521504,0.04688358589885051,0.04794706806210674,0.04868870575830287,0.0496035067208668,0.050143749363249675,0.051394914563430094,0.05196273245053163,0.05319588538237226,0.05408852723903039,0.05786262777779402,0.06147326005413082,0.06259058302652452,0.0640511843636199,0.06461442082871295,0.06616438255972303
2025-06-18,0.04130424405628682,0.04419668826940721,0.045777296418521504,0.046950377561367544,0.04795232888423126,0.04869256826202525,0.0496035067208668,0.05014563835100498,0.051391940713537684,0.05195950944583912,0.05319419347843394,0.05408515129854931,0.0575997611724552,0.061465093491505716,0.06257443631414275,0.06376699570098666,0.06463275671406087,0.06618551517689852
2025-06-17,0.041502167733921395,0.044049970150662116,0.045854601432331665,0.04695037756136743,0.0479518366740092,0.048693790988955196,0.04960224978489104,0.050145638351004926,0.05139533796758219,0.051963798091994036,0.05319627675308593,0.0540835762135275,0.05752688964652055,0.06154010300361908,0.06276590147656279,0.06390547934655443,0.06492123975441175,0.06650134251230823
2025-06-16,0.04171987237552518,0.0441966882694071,0.0459319019766314,0.04695037756136743,0.04795129529983338,0.04869256826202531,0.04960099299701566,0.050145638351004926,0.051395013489169514,0.05196300999734564,0.05319526979412493,0.0540863177327324,0.0571684503891494,0.06147133661872518,0.06275270989987299,0.06385689362801998,0.064973316731814,0.06653674305162001
2025-06-13,0.04179426549143982,0.044338048933319475,0.045854601432331846,0.04694443269569036,0.0479483764464173,0.0486893180081443,0.0495978736478595,0.050144587372190096,0.051395393653107586,0.05196289280172081,0.05319654346261111,0.05408674560987926,0.057190955002846836,0.06128743139054864,0.06277551868650631,0.06385776262403006,0.06498758483687424,0.06654659310322186
2025-06-12,0.041996933733831086,0.04434339559635483,0.0458546014323317,0.04647319635706236,0.047944862933297264,0.04868626937845243,0.04960224978489099,0.05015429276155413,0.05139384278730261,0.05196115765617858,0.053194011438235905,0.05409523900868577,0.057091704714121,0.061198913161397195,0.06278662504656128,0.06391790747465118,0.06499004622039421,0.06654813123128091
2025-06-11,0.041996933733830205,0.04434339559635483,0.0458546014323317,0.04695037756132178,0.04795060636460681,0.048691345717207415,0.04960224978489112,0.05014563835100491,0.051390910808806374,0.05195872319103022,0.053192321429601556,0.05408420796620661,0.05706526540853,0.06107407357859325,0.0627746621119946,0.06391752221335568,0.06500416728832377,0.0665591080622448
2025-06-10,0.04185840547323887,0.04434339559635483,0.0458546014323317,0.04695037756136741,0.04795095082011785,0.04869134571720734,0.04960224978489112,0.0501456383510049,0.051394807021570205,0.05196222202018218,0.0531952632010853,0.05408263376811734,0.05704483225302346,0.061132790527454205,0.0627564794156826,0.06401370778797262,0.06494183169895656,0.06655515300386024
2025-06-09,0.04239270211358543,0.044499871518595774,0.04597055057287614,0.04695037756136741,0.04794962233935182,0.048690041870083696,0.04960036465860744,0.0501456383510049,0.05139401078248895,0.05196138164067284,0.053193825228704555,0.054085373526036415,0.05709515018223514,0.060980866394211845,0.06270901084655126,0.06386899170594712,0.0650080303890686,0.066600564638518
2025-06-06,0.04248670973145797,0.044562925039083504,0.04611547285939694,0.047020741369224094,0.047946632993910665,0.04868736213113299,0.04959364583551563,0.05014252381937533,0.05139432114851419,0.05196162967447046,0.053192618405772774,0.05408430784801612,0.05694913082182871,0.060643118454967386,0.06267781922132053,0.06378377900376982,0.06490155793409173,0.06646914261927175
2025-06-05,0.042491638040084864,0.04464655654752553,0.046260379438932867,0.04710302746864274,0.048088054926506314,0.048838790851002206,0.0498195689487381,0.05021626924842217,0.051457587349813684,0.05202411319083541,0.053250703692702066,0.05414999887323874,0.05712001506077311,0.06092453985924496,0.06293055929133506,0.06406061349575594,0.06519336844137719,0.06675973225934921
2025-06-04,0.04275875271865792,0.0447247841521983,0.046260379438932867,0.04710302746864285,0.04809316247214843,0.04884324014854074,0.04981956894873843,0.05021987892175658,0.05145455812162095,0.052021250970581266,0.05324901991326402,0.05414797987401504,0.05703649031936082,0.06077629612332556,0.06275898870235891,0.06403364516017003,0.06526101304664808,0.06671721736717165
2025-06-03,0.04325336204676761,0.044724784152197855,0.046260379438932867,0.04710302746864285,0.0480919291299013,0.04884324014854067,0.04981956894873843,0.05021987892175653,0.05145751117960904,0.052024748536640256,0.05325194874172577,0.054146404827164395,0.056838079040051226,0.0603895219262935,0.06255305176014091,0.06383995247793325,0.06499617436987934,0.06647826725106552
2025-06-02,0.04344861182416178,0.04509632338055493,0.04655980327753711,0.04724611559686515,0.04824264535823844,0.04898549528123186,0.04997042511329929,0.050519083396038715,0.051689746982376474,0.052246560771530566,0.05347304178267277,0.054296252201188146,0.05687001497641886,0.060392686813521404,0.0626943771938856,0.06399077846739792,0.06517988074926247,0.06665487705733056
2025-05-30,0.0434408841969212,0.04509079431705403,0.04662822989554087,0.047240096197529405,0.04823409847803637,0.04898560563211347,0.049966749250059325,0.0505177592305468,0.05169103057467704,0.05224698715532791,0.05347253194220609,0.054296503806265696,0.056871431296239505,0.06032408007026077,0.06264338907342919,0.06391175166927383,0.06522097235216995,0.06668356754628575
2025-05-29,0.04345118851386536,0.045312793273061154,0.04662528649532044,0.04724611559686504,0.04823098667188396,0.048981352771963936,0.04996581001592346,0.050515421967810024,0.05168937581135043,0.05224624832905476,0.053472220761347805,0.05429629722523018,0.057049316031093054,0.060453070882022404,0.0628095456218716,0.06413006047743519,0.06545238524293334,0.06691007046965727
2025-05-28,0.043579770427981994,0.04528905385621889,0.045231844166538915,0.04724611559686504,0.04824517199233159,0.048978663871226145,0.04998759233835163,0.05051908339603893,0.051685395629352995,0.05224471134888575,0.05348907356292097,0.05429413719675709,0.05698663441834824,0.06052802625442304,0.06277995145136187,0.06424315231757437,0.06548945555282817,0.06694941809463201
2025-05-27,0.04388637202246952,0.04535747263635946,0.04662822989463757,0.04724611559686504,0.048244405078694035,0.04898319298451672,0.04996217108754558,0.05051908339603893,0.05168866193568482,0.05224190889086703,0.05347184431757512,0.054292559787951826,0.0570708940678415,0.06045315636501282,0.06269662116969135,0.06415106276672823,0.06550300721345365,0.06686200884808827
2025-05-26,0.043668786235077625,0.04521085807496779,0.046628229895540683,0.04724611559686504,0.04824494932769783,0.048984433152711344,0.04996656174564814,0.05051908339603893,0.05168898799703208,0.052246231342346815,0.053469275230959054,0.054295304362675066,0.05697468603235324,0.060360184405587755,0.06269013803052208,0.06415499986192795,0.06552250202009491,0.06687432313662187
2025-05-23,0.04366358162178156,0.04520807942392852,0.046628229895540683,0.04724009619752951,0.04824214782302277,0.04898460022893012,0.04996656174564814,0.05051775923054684,0.051689456958744225,0.0522463390443395,0.053471918190793014,0.0542955585554826,0.05685052859257628,0.060269355658999525,0.06254174188394669,0.06417691786426838,0.06556829966349892,0.06690621821416945
2025-05-22,0.04366878623507797,0.04512712149569883,0.04662528649532045,0.04724611559686506,0.048244949327697864,0.04898284808933762,0.04996688512430861,0.05051542196780996,0.05168712719907587,0.052247195014031696,0.053471994859820404,0.05429534851475785,0.05693420114463159,0.060361981032635195,0.06260969965578803,0.06424488984635116,0.06565395752065552,0.0669904925595112
2025-05-21,0.04366878623507797,0.04513265921117605,0.04669955039492411,0.04732242089439724,0.048244949327697864,0.0489799820143329,0.04996373611935245,0.05051710320508407,0.0516852625540265,0.052325037191304304,0.05355167929022663,0.05436221383975727,0.05705483827583107,0.060404465607673936,0.06273713963241835,0.06439700571683028,0.06582043466358764,0.06715417303776468
2025-05-20,0.04366878623507797,0.04521085807496779,0.0467255460291084,0.047284268973443386,0.048244949327697864,0.04898443315271139,0.049922417483191206,0.05047901059552876,0.05164955029711997,0.05228243757830195,0.05351160690772051,0.054332609236787406,0.05702711534425198,0.060466349234530356,0.06273371468584672,0.06436710478624252,0.0657758102430959,0.06711440424850716
2025-05-19,0.04383692175498826,0.045210858074967566,0.0467225907785846,0.047284268973443386,0.04824452876637498,0.04898443315271124,0.0499270986013409,0.050479010595528645,0.051649298541099925,0.05228597040470533,0.053509271081487286,0.05433536107142756,0.05696232252295404,0.060494244618635076,0.06272203866091063,0.06435647156514734,0.06578399056571636,0.067118754096934
2025-05-16,0.04383167706360913,0.04520807942392863,0.046684794815465266,0.04727823992518999,0.048241719055175526,0.0489845846032579,0.04992843534618961,0.05047770926532249,0.05164974913011495,0.05228606811317891,0.05351284032751306,0.054335627462642984,0.05693235648330514,0.060473497991356776,0.06272879014217442,0.06436010746347175,0.06578551058173568,0.06711959364181501
2025-05-15,0.043836921754988094,0.04520530122737844,0.04668184518682286,0.04728426897344342,0.04823873165588072,0.04898217178116202,0.04992873512029738,0.050475359875623384,0.05164821051191028,0.0522865052864799,0.05351290102771268,0.05433540337519563,0.056942769156249316,0.060471612661862434,0.06270413859421034,0.06439295505799378,0.06583283498623797,0.06716171943992236
2025-05-14,0.04444017291276126,0.045249956350895924,0.046707821976626054,0.04728426897344342,0.04824301998859789,0.04897899338727188,0.04992626792634997,0.050479010595528555,0.0516446808699502,0.052284661436772684,0.053513007383719426,0.05433324281320538,0.05694289915538151,0.060473289152336906,0.06275205350333188,0.06436816063815125,0.06582804755668702,0.06715949857176454
2025-05-13,0.04411383531449975,0.04531837647952051,0.04673441476347909,0.04728426897344342,0.04824383615531907,0.04898352367788463,0.04992147643329884,0.050479010595528555,0.05164888393094957,0.0522818521108406,0.05350994210638303,0.05433166251778562,0.05694340048965386,0.060473612125124705,0.06280061236935366,0.06435827507026942,0.0658206361690855,0.06715499469571369
2025-05-12,0.04382703162753019,0.04484916248575301,0.04673441476347909,0.04728426897344342,0.048244553504283444,0.04898749302812514,0.04992585307114956,0.050479010595528555,0.051649313349682965,0.052287944486749297,0.05350740124199245,0.054334412583314,0.05694141538716326,0.060495745536940565,0.06276020508146803,0.0644056752133117,0.06581426312637573,0.06714912774999925
2025-05-09,0.04344603554150758,0.045413311585807484,0.046773025328961784,0.04735452299204291,0.048319727076032035,0.04902166517598101,0.04992521028739487,0.05047569906293598,0.05164807715559948,0.05228373425496956,0.053509606080646276,0.054333226812805856,0.056941926703031165,0.060493914478427696,0.06282272927531828,0.06439294794275309,0.06580294969751974,0.06714096625821021
2025-05-08,0.043312711022689764,0.04541050820537386,0.0467700637281925,0.047360571359837185,0.04831704111671579,0.049019327480812995,0.049925508311370444,0.0504733868556648,0.05164672942877345,0.0522842062610581,0.053509665585419114,0.054333028078215106,0.0569418900275666,0.06049300190688426,0.0628232709736816,0.06439329287748005,0.06580324770366773,0.06714095325792072
2025-05-07,0.0433127110226488,0.0454161154268989,0.046767102625967095,0.04736057135983763,0.048322863018422445,0.04901634547220659,0.04992360081785789,0.05047703217003579,0.05164410066880668,0.05228247873064973,0.05351013823872688,0.054330868894579186,0.05688969458255954,0.06048823104004376,0.06276597752025334,0.06435261713768643,0.06583106765026646,0.06716160136462788
2025-05-06,0.043589661171842216,0.04566044172869157,0.046773025328961604,0.04736057135983763,0.04832216908336018,0.04901939033164414,0.0499208356488716,0.05047703217003579,0.051647399058517826,0.05227874315912623,0.05350845704876939,0.054329290789422446,0.05701578920609349,0.0605783076908962,0.06294039438382523,0.0644657213252668,0.06594620429453155,0.067279690371556
2025-05-05,0.04373801937093211,0.045660441728691346,0.046773025328961604,0.04736057135983763,0.04832179737253177,0.04901939033164406,0.04996414914541729,0.05051611322586307,0.051686612709067214,0.052322004897858425,0.053544587688626945,0.05436077318180405,0.05684365514758728,0.06068133641189029,0.06297487083824295,0.06449900390609103,0.06598034285778075,0.06731138872973626
2025-04-29,0.043532902813581666,0.045272291493211304,0.04677598742841621,0.04728426897344328,0.048465568252382255,0.04902278012818894,0.049965034767346074,0.05051809326180638,0.05168162902315328,0.052323833480582296,0.05354383438531804,0.05435850304811502,0.056836080750115106,0.06066041431781559,0.06293085540791583,0.06445590994336542,0.06622984253010189,0.06759706408553666
2025-04-28,0.04353290281358211,0.045272291493211526,0.04677598742841621,0.04728426897344328,0.048465568252382255,0.049022780128188934,0.049965034767346074,0.05051809326180638,0.05168162902315338,0.05232383348058234,0.053546775215002035,0.0543612526905586,0.05687596621329225,0.06063367021400118,0.06292989851160108,0.06446969133833765,0.06622711524877735,0.06759367020889066
2025-04-26,0.04352773027339706,0.045269505199881134,0.04677598742841621,0.04727823992519001,0.04846274378612143,0.049061723448733954,0.049965034767346074,0.05051853307065819,0.05168216683343412,0.052322702802881475,0.0535864943694537,0.05436129885431496,0.05678300456470574,0.060664453854117804,0.06289793624771614,0.06460558485867084,0.06619670464060716,0.06757227714026155
2025-04-25,0.043532902813581895,0.0452667193629258,0.04677302532896153,0.047275226166700324,0.0484597051394954,0.04905932814321977,0.04996535806079966,0.05051692468032774,0.051680721827026224,0.05232310898669683,0.05358657092543356,0.05436161631156694,0.05678329328407197,0.06066379112850199,0.06289869236999665,0.06460608020261387,0.0661971228572991,0.06757234244102626
2025-04-24,0.04370106418554316,0.04527229149321136,0.046770063728192396,0.04728426897344341,0.04846515385906441,0.04905640323184172,0.04996346510403461,0.05051443453886234,0.05167767074146096,0.05232138754063583,0.05358706016616342,0.0543612988997032,0.0569924550262688,0.06069982763092372,0.062926969220426,0.06442759487715687,0.06613636984955906,0.06758366474694393
2025-04-23,0.043750522070885665,0.04509632338055497,0.04677598742841619,0.04728426897344341,0.04846503198533013,0.04906301684645986,0.04996064202715352,0.05051809326180644,0.051681309645275564,0.05231999583605686,0.05358533662572502,0.054359135217011655,0.05664730955237177,0.060519344955448175,0.06255977539551859,0.06439318465974149,0.06627565081228161,0.06768306575395634
2025-04-22,0.043750522070885665,0.045340719344585015,0.04711382448633522,0.04750362264396583,0.04872489545424834,0.04946788964347405,0.05040713854311693,0.05081525905974699,0.05212705069745348,0.05272625758088717,0.05398324839674461,0.05477485811304685,0.05718776778424386,0.060765790248005616,0.06313286665208853,0.06492773592634825,0.06686492892052048,0.06826946559266717
2025-04-21,0.043750522070885665,0.0453407193445859,0.04711382448633728,0.04750362264396694,0.048724895454250496,0.04946788964348117,0.050407138543127554,0.05081525905975216,0.052127050697467536,0.052726257580900195,0.053986237690919536,0.05477766084573003,0.05697657119194976,0.060638381701894936,0.062980654784834,0.06480584172049957,0.06674217127413686,0.06814185986742499
2025-04-18,0.04402747495943968,0.04555989291765791,0.04711081970041246,0.0474975379740556,0.04871828666788574,0.04946369898303956,0.05040747368812967,0.050813788677115244,0.05212572193510158,0.05272559149590773,0.053986027431300626,0.054777763880237335,0.05695697637798074,0.06063914060854369,0.06297166729553813,0.06480954918554192,0.06674365430035004,0.06814266035922437
2025-04-17,0.04375052207088646,0.045497117047098176,0.04710781542395903,0.047503622643966785,0.048724895454250586,0.04946134064521934,0.05040557563755737,0.05081155369961588,0.05212326398634889,0.052724289118648654,0.053986558732605154,0.05477758948683756,0.0569255800762384,0.060584872410330455,0.06295686223385417,0.06477925222335698,0.06676551317920257,0.06815783319429122
2025-04-16,0.04402747495943919,0.0455655371858001,0.047113824486337254,0.047503622643966785,0.04872420924557183,0.049465986005110096,0.05040266484071085,0.05081525905975209,0.05212664060027053,0.05272144122631718,0.05398480073439792,0.05477551116144224,0.05692575693802318,0.06059782590173478,0.06286873429877213,0.0647952916598629,0.06677792745111424,0.06816784622834857
2025-04-15,0.043750522070885055,0.04537004484796493,0.04703661216830628,0.04757990829562652,0.048724895454250516,0.04946764131817732,0.05036949948937824,0.05081326743515142,0.05212705069746752,0.05272609772186972,0.05398448102730339,0.0547724667966914,0.05692532785887326,0.060586179866574594,0.0629793983265522,0.06477325538018713,0.06676078464934254,0.06815652976735051
2025-04-14,0.04353290281358223,0.04530161800269117,0.04703661216830642,0.0475799082956263,0.048725434685110286,0.049545722068794866,0.05036949948937836,0.050813267435151424,0.05212737295669257,0.05272395337039111,0.053987472707603824,0.05477526513347749,0.05679793004440591,0.06063112403696317,0.0629950725390822,0.06477357849287198,0.06676263205147806,0.06815627381348974
2025-04-11,0.043532902813581784,0.04554034936927721,0.047072218996036884,0.04765006462401181,0.04871950675615988,0.0495414390636478,0.05036918589518017,0.05080992164537155,0.05212635484422253,0.052723263418885745,0.05398681692297025,0.054774022827515007,0.05676704044725525,0.060632208689111664,0.06299859576938133,0.06477493058249065,0.06676223928902601,0.06815575004150022
2025-04-10,0.043532902813581784,0.04554598881423818,0.04707521888878721,0.04765618812822911,0.048725434685110404,0.049538408025642536,0.05036662266589441,0.05080758164451861,0.05212358546244108,0.05272156181379647,0.05398684321978117,0.05477378297964301,0.05671471295830042,0.06064735853527537,0.06297682480535137,0.06478187969268911,0.06676780425912805,0.06815943169350996
2025-04-09,0.043532902813581784,0.04554598881423796,0.04707521888878721,0.047656188128229,0.048725434685110404,0.04954364947112364,0.05036438747536357,0.05081127612231215,0.05212737295669256,0.052719035793127145,0.053985504599969994,0.05477167967751161,0.056725315946616124,0.060704373877838974,0.06296802142793798,0.06477570773800845,0.06655379454581216,0.06797330079291296
2025-04-08,0.04394834751403734,0.045340719344585355,0.0469980043248295,0.047656188128229,0.048724405295464734,0.04954539041860386,0.05037014442657395,0.05081127612231203,0.052126757765080904,0.05272374023517908,0.05398389791037954,0.05477007578906508,0.056798962872621456,0.060709181516702994,0.06298572363740533,0.06478039688141089,0.06654266378817658,0.06796620362358717
2025-04-04,0.0437010641855524,0.045051697732049444,0.04707221899603995,0.0476500646240118,0.04871909189217719,0.0495454579755485,0.050369275594224425,0.05080992164537157,0.052126105800871875,0.052725852709335,0.053985851143125214,0.05477306673556151,0.05677751748077928,0.06047329711168684,0.06282155304205461,0.06491287030917314,0.06664094379499926,0.06804590048296356
2025-04-03,0.04370106418554171,0.045057217247123874,0.04706921961151705,0.04765618812822917,0.048725018001548936,0.049542538660092034,0.05036743669888849,0.050807581644518644,0.05212333704601366,0.052724226770563855,0.05398637471307946,0.054772826258370544,0.056735641215648794,0.060678782101480706,0.06302026031798352,0.06490803860447263,0.06657616155658058,0.06790666476405545
2025-04-02,0.043285593870195836,0.04481278654019558,0.046989035488566144,0.04765618812822906,0.048764542553826055,0.04957893360586135,0.05044481247527066,0.050879658361906555,0.052195595127083765,0.052841261961031456,0.054143568024838516,0.05487886689371036,0.05613229463196546,0.060290012772885634,0.06252176903503365,0.06481134891400007,0.06708515802236037,0.06855076766314228
2025-04-01,0.04320645178771638,0.044490092133090596,0.04698604688760658,0.04765618812822906,0.04876473883641787,0.04958167324793836,0.05044994513653879,0.05087965836190714,0.05219571249519558,0.05284664248070446,0.05414146505122775,0.054877255174841946,0.05627886009026923,0.06023191049409204,0.06257815011440282,0.06478174170084322,0.06707730668317345,0.06854603259022723
2025-03-31,0.0432855938701989,0.04468567073338144,0.04699800432482935,0.04765618812822906,0.04876454255382608,0.04958001275163235,0.05044800487362939,0.05087965836190714,0.052195595127084556,0.05284557346915117,0.054143294073479786,0.0548800639708026,0.0562039917519266,0.06018202609995118,0.06251576963156409,0.06480522812021029,0.06709787336744177,0.06855894568332553
2025-03-28,0.043248255800581566,0.04419137679348587,0.046995014207033795,0.04771678767843089,0.048762910508846936,0.04958431491011409,0.05044857041324733,0.050876638297618314,0.05219719396565644,0.05284871044135728,0.05414368319411371,0.054879054656597724,0.05632986565904057,0.06033759885261949,0.06250023215456296,0.06479599459563484,0.06707336370693517,0.06854130752918568
2025-03-27,0.043253362046767656,0.04418872169262057,0.04699202459499382,0.047722928209009356,0.048759878648513076,0.049581779721899664,0.05044689153197733,0.050874209950247516,0.05219565990163016,0.05284915802525256,0.054144488956446565,0.05487874833409681,0.05632976420912805,0.06034790677152204,0.06257272223085855,0.06473798149850513,0.0670731858535233,0.068540926310579
2025-03-26,0.042956603849436135,0.04419403231906179,0.04699800432482941,0.047722928209009356,0.04876656213088312,0.04957892284483116,0.0504435165304776,0.0508779137529529,0.05219337411183112,0.05284756437405769,0.05414240072136904,0.05487664920003283,0.0564238698691076,0.060352154374699214,0.06262500355189242,0.06474714433050138,0.06704923129586696,0.06852527344050548
2025-03-25,0.042956603849436135,0.04412557339874783,0.04699800432482941,0.047722928209009356,0.04876656213088303,0.04958479000516789,0.05044800487362941,0.05087791375295278,0.05219717332907132,0.05284539467839263,0.054139838902462295,0.054875039529431936,0.05637208087319202,0.06033472094547808,0.06259420294900855,0.06477343630334556,0.06705535027289988,0.06853044094622829
2025-03-24,0.042956603849436135,0.04439939490571273,0.04693043789633893,0.047722928209009356,0.04876656213088303,0.04958244359025688,0.05044913542882978,0.0508779137529529,0.05219717332907132,0.05284750481347873,0.05414407195421499,0.05487784424895623,0.056370272963985946,0.06032312050220425,0.06254580519867994,0.0647141655826807,0.06708674696233183,0.06855103895355985
2025-03-21,0.04295156729930272,0.04451404110941934,0.04692745631916358,0.047716787678430704,0.04876369371428039,0.04958160838351781,0.05044962910020301,0.05087667705698431,0.05219766408124546,0.05284696671819984,0.0541444116258159,0.054878124453547186,0.05631946404538804,0.060001008438671226,0.06249365415934767,0.06466708443740414,0.06715580300377641,0.0685997419555087
2025-03-20,0.04295660384943608,0.04459932682376297,0.04692447524558579,0.04772292820900926,0.048760626034425505,0.04957839650186825,0.05044784451893903,0.050874209950247565,0.052196109226759255,0.052846972681435844,0.05414514742833505,0.05487778969768595,0.05620450934422992,0.05997685174257362,0.06250609503938202,0.06467581023165221,0.06716288429904146,0.06860450190046252
2025-03-19,0.04295660384943608,0.04484916248577073,0.04693043789633875,0.04772292820900926,0.04876656213088304,0.0495733300688985,0.05044464356369919,0.05087791375295285,0.05219337411183115,0.05284394742848567,0.054143183186141926,0.05487569226297543,0.056204625009230645,0.05997843820443294,0.06250500456020408,0.06471717529036304,0.06729005572103186,0.06853033216643806
2025-03-18,0.04295660384943608,0.04566044172861617,0.04699800432482963,0.04779919713327344,0.04876656213088304,0.04957164178949293,0.05044800487362939,0.050875920206716566,0.05219717332907133,0.052836942229521025,0.05413983890246235,0.05487264423992236,0.05629811589330412,0.05999191533830714,0.06240940683640493,0.06472835546597704,0.06722916449199888,0.06847610732720277
2025-03-17,0.043579770428004934,0.04635416437974055,0.0470752188887884,0.04779919713327322,0.048764985882214854,0.04949789819593157,0.05044671295421968,0.05087592020671657,0.05219622987611094,0.05283892835200889,0.05414240516593396,0.05487544455661636,0.05641117352325943,0.06014957268732697,0.06245333815306098,0.06463672063110046,0.06721894126147326,0.06846722764054923
2025-03-14,0.04308013509980408,0.04631217236626319,0.04714941927812568,0.0477930371169117,0.0487634618156418,0.049498560734242115,0.05044562546605151,0.05087460310521749,0.0521974999238526,0.052839355839784885,0.0541416569178085,0.054875665257049254,0.05646475780541752,0.06039107130198121,0.06251897964229187,0.06462084709271931,0.06717335858419937,0.06843484383521943
2025-03-13,0.043085201793625315,0.04638739001032578,0.047329719409576046,0.0478754602410317,0.048866142350859634,0.049640892804806026,0.050440567338467295,0.05087023406262083,0.052271590934334054,0.052983759418524234,0.054330167578784026,0.055105477891209766,0.05673219608044015,0.06052167067954254,0.06265464402704733,0.06477395475395205,0.06745304687236137,0.06870150352920813
2025-03-12,0.043085201793625315,0.046393240127979046,0.047335784883646724,0.0478754602410317,0.04887210354909415,0.04963762522507786,0.05043788311857166,0.050873926972483385,0.052268879483506225,0.05298186930755923,0.05432850923995984,0.055103356201220685,0.05668009665616942,0.060528127632973126,0.0625715984515065,0.06470917630787594,0.06749380395810312,0.06873161056308233
2025-03-11,0.04256089172068243,0.0465397673290083,0.04733578488364658,0.04779919713327337,0.048873432867403206,0.0496415993879406,0.050442353857311197,0.05087592020671659,0.052273482101635335,0.05297854656861893,0.054325979640362905,0.05510317332696321,0.05668144447350558,0.06059661227123036,0.06262444630708267,0.06478947055576714,0.06745015417210122,0.06870168798672677
2025-03-10,0.04256089172068331,0.045982906375562065,0.047412979800172,0.04779919713327315,0.048873432867403206,0.04956888077121973,0.050402138134243345,0.0508759202067166,0.052273482101635335,0.05298777677509263,0.05432995969504229,0.05510601655746374,0.05670047134113498,0.06066183188134049,0.06256494243904206,0.06473642402758431,0.06747122539056115,0.06871483865925962
2025-03-07,0.04285266609439365,0.04598003238975602,0.047409936963426214,0.04779303711691173,0.04886988532964608,0.04956919961091517,0.050402451609357815,0.050874453653629866,0.05227358586707309,0.05298798281094665,0.054330176380994674,0.05510614757742872,0.05668090036991897,0.06052763607783139,0.06254821883478753,0.06477099026652815,0.06748206369697417,0.06872220071487654
2025-03-06,0.04325336204676779,0.04630925735926957,0.047696261531804736,0.04783732941415996,0.04894268674271905,0.04956403617168215,0.05039569267864974,0.05087122791785061,0.05226911552062583,0.05298663939092044,0.054327443872307916,0.05510527846508851,0.056910359413578325,0.06094419464758084,0.06269870588029443,0.06497146415712333,0.06731714049238793,0.06858209945626179
2025-03-05,0.045824337027660166,0.04663744611706941,0.048040022118028415,0.04823763059848775,0.049201906822164625,0.04979046265785276,0.05061094896892707,0.05102071747965302,0.052402516293783535,0.05313424914104071,0.05446383963442924,0.05525065273355961,0.05695523721467723,0.061614168262195644,0.0631603018654792,0.06537401502515969,0.06737529094034725,0.06859683677113587
2025-03-04,0.04661507118578019,0.04704764451220165,0.04815575139087016,0.04823763059848786,0.04919988952505136,0.049792194559700104,0.050613481674196686,0.05102071747965313,0.052405119064097935,0.05312957573488461,0.05445995396553012,0.05524902062303151,0.057353064654821144,0.06215370641208862,0.06368550977375956,0.06565252769805463,0.06752862183009077,0.06857254247110556
2025-03-03,0.04671390187522038,0.04704764451220165,0.04822325547365952,0.04831386027855076,0.04919963741980354,0.049792194559700104,0.050612348922617685,0.05101871960292901,0.052404968949313305,0.05313320912027741,0.05446265748798782,0.055250416164535,0.05747575305528543,0.06212944333269513,0.06382409745665407,0.06586996068957725,0.06732055372880559,0.06873633549337797
2025-02-28,0.04692056658078141,0.04689058599967195,0.048470671996641713,0.04823135797868559,0.04911897488033301,0.049639123405708294,0.05052803750220364,0.05094078164764917,0.052335027605573584,0.05305528326124584,0.054382378174762165,0.055175631525022806,0.057630808782043186,0.06221045075852151,0.06383348996828266,0.06581115037468475,0.06717859032208391,0.06861183614882972
2025-02-27,0.04682170295986438,0.04689058599966904,0.04847067199664958,0.04831386027855173,0.04911921204916102,0.04963912340569219,0.05053249313449839,0.050936917931611356,0.05233516845139149,0.053058923493061204,0.05437980743449884,0.0551727663020518,0.057640982149420386,0.062188273273413794,0.0638341715073612,0.06586808110981905,0.06717964589304834,0.06849806157815506
2025-02-26,0.04729622660649945,0.04737903467275252,0.04847067199664958,0.04831386027855073,0.04911807374368714,0.04963505046607047,0.05053249313449826,0.050940595601424346,0.05233449245377663,0.05305629765559093,0.05438328272108631,0.05517068030201373,0.057724918180058364,0.06228226988448049,0.06407359262860672,0.06619602360077637,0.0670447871507223,0.06841075128195795
2025-02-25,0.047540268395069196,0.04762321464999216,0.04847067199664958,0.04860919541462823,0.04911749056509681,0.04963301474528297,0.05053249313449826,0.05093286924461308,0.05233414612555896,0.05305498522020748,0.05438328272108631,0.055167885712342456,0.05772042034985659,0.062335282705549666,0.06414919275067227,0.06615673051925758,0.06702986841225514,0.06840097653249781
2025-02-24,0.04753718472745513,0.0475615394720841,0.04847067199664958,0.04860919541462212,0.049191421475896925,0.049710984783268804,0.05053249313449826,0.050932869244613,0.05233214110336157,0.053052789106327235,0.05438328272108631,0.055167748039063345,0.05769846668315199,0.062326392384843665,0.06412712201203355,0.06619387017640503,0.06702775446063146,0.06839811738834353
2025-02-21,0.047661967781232335,0.04768181344523599,0.04867317979388599,0.048602826579990606,0.049194131284541386,0.04970997826602614,0.05052469497566345,0.050931170336029195,0.05233168030518843,0.05304851592923856,0.05438001307562452,0.05516766649658883,0.05774158332233816,0.062456022921328846,0.0641465045164863,0.06617173609549062,0.06701074453181631,0.0683859688257619
2025-02-20,0.047790463694334526,0.04762321464999061,0.04867317979388406,0.0485996429936625,0.04919382259673628,0.04971046755574322,0.05052914012982287,0.05092940129139671,0.052331497297339116,0.05305245621472566,0.05437750114785341,0.0551663238393694,0.05774224584121964,0.06240161024375513,0.0641773143301585,0.06615668714692284,0.06701424946916096,0.06829495970498003
2025-02-19,0.04828464122754309,0.04775017655427678,0.04891422051882814,0.048596459961110276,0.04919263551730017,0.049709407464413866,0.050525149807217395,0.05093285604645793,0.05233079352855699,0.05305177393187658,0.054378221713223845,0.05516410104383899,0.05785753203080358,0.0624359549759493,0.064249734019216,0.06612837919520789,0.06683695313545278,0.06816780589430159
2025-02-18,0.04803441137981055,0.04775017655427678,0.048914220518836454,0.04859327748217103,0.049193229081248215,0.04970940746441379,0.05052514980721726,0.05093285288265311,0.052331145427303896,0.05305177393187658,0.05437822171322384,0.05516691011694089,0.0578565667024307,0.06238983407370054,0.06424188018492526,0.06612042534576817,0.06684618572905716,0.06817492437038779
2025-02-17,0.048396842447825196,0.047483412879277036,0.04898170413522164,0.04855202238165255,0.0491893115711474,0.049711551115078516,0.050524032779669256,0.05093367662719088,0.052330920618735156,0.05305315360184464,0.05437745186033604,0.055167371396554366,0.057677923278184114,0.06238486630344902,0.06424466845299658,0.06610711553116776,0.06686547374909081,0.06818708568582786
2025-02-14,0.048304407090342734,0.04748647750539679,0.048914220518836364,0.04854249474875733,0.049192588040109335,0.04971160934373675,0.050520717122816104,0.050931920158359935,0.05233076538135639,0.05304956340375363,0.054377261004381276,0.05516725076368839,0.05767913500688402,0.06181703380696519,0.06434353373966296,0.06629341621839442,0.06694489112078437,0.06823444566679529
2025-02-13,0.048304407090342734,0.04748647750539679,0.048914220518836364,0.04857109255595074,0.049192588040109335,0.04971160934373675,0.05052514980721733,0.050930206648022426,0.05233076538135629,0.053053191078259135,0.05437475649829389,0.05516595165163541,0.057889262830027446,0.06196896625977694,0.06441740353056055,0.06644245152492288,0.06693513471877628,0.0683590899372643
2025-02-12,0.048502060478956194,0.04748647750539679,0.049155217795536006,0.04853298824539608,0.04919211329352378,0.04971160934373675,0.05052116095083217,0.050934862694845706,0.052330483924369724,0.053053191078259135,0.054375472602900654,0.05516459554929885,0.05813090348857017,0.06187890687282166,0.06450819548801368,0.0667993312802055,0.06652717013170603,0.06772571243653226
2025-02-11,0.04859766095036017,0.04748647750539679,0.04902990463302866,0.04853298824539597,0.04919185434978764,0.04971160934373675,0.05052323497321795,0.05093486269484565,0.052330330407686164,0.053053191078259135,0.05437690201399096,0.055167407773309064,0.0580565585642491,0.061422391827515896,0.06447235845911366,0.06643843880456587,0.06663230230082136,0.06797154213722677
2025-02-10,0.04859443886876167,0.04762013241945027,0.04869246465119084,0.04853298824539597,0.04918883481122001,0.049710403892226813,0.050528820850038486,0.05093486269484565,0.05233062839252803,0.05305241524039975,0.05438075178860963,0.05516727010603239,0.05790886096930142,0.06119986878179053,0.06451247133864058,0.06656811014780092,0.066591302724142,0.06800485800309322
2025-02-07,0.04810674417537978,0.04730089083509379,0.04869246465114498,0.048412347193152704,0.049077661576048676,0.04959697236349176,0.050417417181775906,0.05081886310306385,0.05221625527953138,0.05301462953580143,0.054353604442140505,0.05517372214134575,0.057610561974518144,0.06103768000423051,0.06413113763528841,0.06618167343063598,0.06683592378111011,0.06805976524779477
2025-02-06,0.04810674417537932,0.047134825125030325,0.048624966433723896,0.048418666601326155,0.049077661576048585,0.0495983559264598,0.05042295282726383,0.05081702857877913,0.05221625527953122,0.05301915155047609,0.05435185715490026,0.055172319311560795,0.057663542609683274,0.061215098575973875,0.06421470506830967,0.06636600957565264,0.066805856803907,0.06805084486087797
2025-02-05,0.04820557682371268,0.04733019512907671,0.04854782144095745,0.048418666601326155,0.04907742474806633,0.049596728229271456,0.05042422730886643,0.050820674699300857,0.05221611485378797,0.05301810211481451,0.05435621027837363,0.05517024325106657,0.057475312075559844,0.06009725879350223,0.06400225619352952,0.06621398719818905,0.06705165363209788,0.06822346883585084
2025-02-04,0.048568018186274306,0.04726181778068432,0.04854782144095745,0.04857109255595082,0.04923038438376919,0.049752213265821486,0.05057011994990534,0.05097292246267401,0.05236863042173051,0.0531722967882004,0.05450101630240425,0.055315226119490996,0.05776328219955084,0.060427893705004045,0.06426976975187308,0.0663990617101246,0.06726160522290388,0.0684412094009597
2025-02-03,0.04822887783606657,0.04725878197010002,0.04854782144095745,0.04857109255595071,0.0492281709243156,0.0497521495378821,0.05057011994990534,0.050972922462674125,0.05236941113058652,0.053172255708925475,0.05450101630240434,0.05531508808575296,0.05780414149886234,0.06017763456171457,0.06429797398507969,0.06643522585692495,0.06727374935135036,0.06844829085690073
2025-01-24,0.04889407667535813,0.04703713302462359,0.048596037583069907,0.04834567078818054,0.04923062603240322,0.049754091341131935,0.05056486324243387,0.05097684565059125,0.052365327629705215,0.05316985261117181,0.05449949351277701,0.05531814872804806,0.05771376891562952,0.06002885823009093,0.0640815205139538,0.06625051460432524,0.06737021916832935,0.06855615476983878
2025-01-23,0.04889407667530545,0.04721297539801119,0.04878888476520181,0.04831386027855079,0.04923062603240317,0.04975262150701452,0.05056612565398888,0.050975971850881645,0.0523691160658346,0.05317255994205151,0.054494769375630865,0.05531746124557154,0.05775673901048679,0.059960151900905714,0.06411140442458782,0.06622047693176243,0.06737741617448113,0.06865497335566804
2025-01-22,0.049091675123358366,0.046773340711413376,0.048981704135222535,0.048532988245397625,0.04923014143829482,0.04975629657908127,0.05056293127414147,0.05097392003071328,0.05236882850028668,0.05317492890825791,0.05449605430867126,0.055311187189915186,0.05785900076983086,0.060083164392418086,0.06429538842401157,0.06661260499064281,0.0668294772353346,0.06823104156995316
2025-01-21,0.049486843139112655,0.04737903467286638,0.0492708810601604,0.04857109255595138,0.04919070676532516,0.0497125065728792,0.05051924682033225,0.05093386593075781,0.052329991200325804,0.05313321039728264,0.05445414037372376,0.055284580440135,0.0579126857721114,0.059888939487771284,0.0645634391853769,0.06676054171879446,0.06683363860748563,0.06834306822494914
2025-01-20,0.04948350232024586,0.04737598384442164,0.04927088106012582,0.04871397079059997,0.04929643596212483,0.04981883581490266,0.050635929810951684,0.05104728955616597,0.05247458910382431,0.05319912936071584,0.054449980674347254,0.055196747485110394,0.05794340719691658,0.06052566308567467,0.06446675763035184,0.06664868924034589,0.06653222711028771,0.06808093651450452
2025-01-17,0.04948684313909648,0.04737903467275246,0.04907810339321566,0.048488543325700253,0.049113772253815496,0.049635050466079314,0.05051801301782322,0.050933867180406975,0.0523284981495781,0.05313209267859967,0.05445543254204921,0.055285606653460925,0.05810226668328197,0.0605544205864437,0.06456375941481732,0.0665271010831211,0.06666761249863924,0.06820034863738626
2025-01-16,0.04948684313909648,0.04762321464999503,0.049078103393206014,0.04849488248284737,0.04911377225380567,0.049633014745283,0.050522437225399904,0.05093219480714196,0.052332284633583345,0.05313442902090135,0.054452864826359665,0.05528433240294602,0.05806109424842183,0.06060528166430018,0.06465918181517673,0.06661737967929013,0.06661666793220568,0.06816430300841918
2025-01-15,0.049684412708659274,0.04737903467275231,0.049078103393206014,0.04823763059848789,0.04903635089867003,0.04963505046607047,0.050522437225399834,0.05094259026034644,0.05233429111806245,0.053135743554706454,0.05445634267518405,0.05528713420972673,0.058336945584775715,0.0607960361332548,0.06478768021389851,0.06670517379380729,0.06677785267698239,0.06832443156065039
2025-01-14,0.050049891041028576,0.04737903467275254,0.04898170413522327,0.04813280529928461,0.04903545839761035,0.049557591538360396,0.050446234847936984,0.05094533342597756,0.05233375966874572,0.053138277113946294,0.054460218032391185,0.055291971964466086,0.05856792698165807,0.06092092558427102,0.06481394281603636,0.066781566260434,0.0667165406568579,0.06825866739043786
2025-01-13,0.04987857838474852,0.046447948094510985,0.04854782144095748,0.04798031251856696,0.04889151579221998,0.049419764060838374,0.050453406190327586,0.05094932453880101,0.05233825569658187,0.05314784067278462,0.05446517672748873,0.05529474259986228,0.058579220281209765,0.06091053517916244,0.06474119867534621,0.0667150578903126,0.06660029177340768,0.0680787593624353
2025-01-10,0.05004989104101997,0.04645088101547498,0.04830671464464502,0.04790405740705454,0.048814241384429864,0.04934257313757641,0.050307069274422876,0.05094946915087703,0.05233655002694158,0.0531468797667032,0.05447227153098949,0.055296122227089746,0.05847653470132354,0.06140254080188313,0.06487472261967214,0.06642372296245089,0.06626023645660341,0.06796340654129901
2025-01-09,0.049714047313974774,0.046646317289494504,0.04830671464464472,0.04790405740705443,0.04881505770089091,0.04934095322893781,0.05031148410449483,0.05094761359070609,0.05234084461914468,0.053149510135288736,0.05446962529586413,0.05529480944146948,0.05805789189266517,0.060925946431591764,0.06459907240836518,0.06655492962527396,0.06656268176425222,0.06830312611132258
2025-01-08,0.04535543493200681,0.047037133024572395,0.0480173290838525,0.04790405740705443,0.04882565814423013,0.049337714365163356,0.05031625494024766,0.050951320563694634,0.05234718774224824,0.05314740481383948,0.054476445926084686,0.055292521019333664,0.058005571939845596,0.06071719716442637,0.06458072324898756,0.0664587327626601,0.06653812036984585,0.06817856184875419
2025-01-07,0.04440330900922544,0.04693943619129776,0.04792085330948337,0.04787546024103187,0.048799178451065066,0.04930947086845803,0.050278930943844835,0.050912998021858634,0.052310051416115916,0.053109147862948444,0.054438923659717434,0.05525712620370184,0.058060692118049116,0.060804270360487536,0.06454169657412531,0.06648301860101659,0.06645820550108064,0.06820356863176127
2025-01-06,0.04440061826986132,0.04693644149442284,0.04792085330948233,0.04787546024103176,0.04879925352615247,0.049309729023767845,0.05027893094384445,0.05091299802185823,0.052310096332670475,0.05310931564239077,0.054438923659716795,0.05525698832457954,0.05794440342446502,0.06068041797397512,0.06451725642955507,0.06645622859392777,0.06656583249105878,0.06819747304401895
2025-01-03,0.04444556440206016,0.046529057798017893,0.048017329083851416,0.047897870550587064,0.048799007120164294,0.04931286996491493,0.050272920301447574,0.05091049786156614,0.05230612910289234,0.05310768072237728,0.05443695165387413,0.055256435556432754,0.05796631376286726,0.06053018980448243,0.06454900114120946,0.06636533019397972,0.06646361784987373,0.06828696412040909
2025-01-02,0.04872611042443667,0.046529057797982075,0.04801732908384919,0.047894777918121856,0.04878860041842301,0.049312869964915,0.05027734148248892,0.05090869222026933,0.05230372270500603,0.05311135699288272,0.05443430863832219,0.05525515769700427,0.05791466317927565,0.060514642116560845,0.06461669227413555,0.06617173267720806,0.06651029430269634,0.0680406990251702
2024-12-31,0.04906352545156661,0.046529760176392265,0.04821074225352121,0.04787581861979244,0.04878807716806478,0.04931311673284834,0.05027437856151119,0.050913188579492,0.05230340864611051,0.05311151628314885,0.05443576457705527,0.05525643681497352,0.05794553617533218,0.06045514767719556,0.06448467187789778,0.06613248989754919,0.06662463770767578,0.0681350669874076
2024-12-30,0.049061698262447447,0.04652751200567505,0.04820807550503124,0.0478761770039181,0.048788310540310936,0.04931322701168421,0.05027360431979109,0.05091337913855212,0.05230354726451626,0.0531119851723967,0.05443561708494713,0.05525657469134292,0.05794458268069471,0.06038829722955827,0.0644188293989591,0.06608517147553104,0.06673187538233949,0.06812832520925632
2024-12-27,0.04890149948943478,0.046529607619289634,0.04794283547330502,0.048328418542005515,0.048674212592253,0.04927005715228773,0.05009211494560673,0.05079313013949901,0.05218573465321976,0.05303300588422318,0.05444646850046429,0.05525299697006158,0.05810050666818619,0.060504681533241185,0.06467572355559285,0.06617377367337297,0.06682696873607459,0.06823151926678207
2024-12-26,0.0492290759968085,0.046530306199111464,0.048190708016036615,0.048335087690601505,0.04867371464252252,0.049275467767219555,0.05008557178825301,0.05079110813010918,0.05218922560183214,0.05303074964238532,0.05444203704857163,0.05525159634015436,0.05810116172523574,0.06050690688850991,0.06466259991299732,0.06617586849621308,0.06682855464493212,0.06823243964974454
2024-12-25,0.04923057082193805,0.046531004799910194,0.048191188591921806,0.04833544952622186,0.04867400693676802,0.04927571390457447,0.05009015189333051,0.05079494767629255,0.05218939950041571,0.05303456994823318,0.054439653307764256,0.055249379981827926,0.058195640489697845,0.0604983635468562,0.06465604830816502,0.06617080533719263,0.06682496838180253,0.06832423099460083
2024-12-24,0.049232065737850016,0.04628739227531953,0.04819166917739176,0.04833581136725983,0.048674299234524106,0.04927800084502192,0.050090366076460634,0.05079513779706748,0.052189573400158104,0.05303605516933284,0.05444332108807222,0.055252766760996774,0.05819467256768083,0.060497636906948045,0.06461769794429144,0.06617838563270524,0.06683110542782474,0.06832922901661088
2024-12-23,0.049230107013614764,0.046532402064441994,0.04819214977244725,0.04849814981833943,0.04867452807146207,0.04919871383368583,0.050090580261422366,0.05063486734736701,0.05212072274846276,0.05280892623058321,0.05425339124690959,0.05509468203573888,0.05808998367300415,0.06033786085058127,0.06432148994999405,0.06589459887629612,0.06674146379172669,0.0682161520341962
2024-12-20,0.04907991572061952,0.04629017229887952,0.04794615811250807,0.04849287556096403,0.048598880541134384,0.049118846897944365,0.04994775942596544,0.05048765250597896,0.05196235771304579,0.05281195530782855,0.05426266242299329,0.055101289511384634,0.05826296628226086,0.060581550306162926,0.0648499390999208,0.0658861074452052,0.06703430136822176,0.06819780227738301
2024-12-19,0.04726240613892253,0.04629086735694799,0.04771168611713976,0.04849960210877312,0.04808385351174189,0.04860103564012354,0.0493458348697464,0.0499583898427214,0.05160968086215609,0.052518767090141555,0.05401489373822491,0.054817730714676036,0.057749406850051366,0.06038756130514035,0.06486597604638833,0.06623308844985515,0.06642823598665366,0.06794791254914322
2024-12-18,0.047263841551836015,0.04629156243588942,0.0465054198989009,0.048499965194972045,0.0477953214795959,0.04831055565593828,0.04922385032460137,0.04996205015528478,0.05161834376460775,0.05253193687295881,0.054031490830837296,0.05481562203596382,0.057173573708199074,0.05972217455179991,0.06432981988410498,0.06612577623759125,0.06665401504710457,0.06849616729688802
2024-12-17,0.047433381256741146,0.046292257535705296,0.0465058837055232,0.04881469270902685,0.04786260550050924,0.04837863617198042,0.049292217516218526,0.050032284210377066,0.05169516632270748,0.052609403262700985,0.05411284305439499,0.05488055028269831,0.0571733705435678,0.05972438763054814,0.06415997416741155,0.06604044367139503,0.06681331725266042,0.06834658695108625
2024-12-16,0.047431500106023684,0.04629295265639647,0.04650634752133384,0.048815058159441795,0.04786287105125237,0.048378877840399404,0.049292428294616865,0.050032471482166406,0.051695325382298485,0.052609560881570934,0.05411299032103752,0.05488068722591745,0.05718291044906502,0.05975749942826757,0.06424114703053045,0.06617686852750268,0.06675157439773254,0.06830163075841582
2024-12-13,0.04743914455447411,0.0462950381437292,0.04702316036685691,0.04778073394414869,0.04786375527692414,0.04837462742651445,0.049282817519561595,0.05005827997922513,0.05169210390642227,0.05260872927382051,0.05410814377926307,0.05490139561304989,0.0573015694759433,0.059766944965612884,0.06420506593766534,0.06616889495940378,0.06674311892739032,0.06838609544156846
2024-12-12,0.04760870836917405,0.04641302754488985,0.047232422597271104,0.047787284768187166,0.047863642337645604,0.04837888340352008,0.04927726901190366,0.05005610752958712,0.05169578620024668,0.052605922043841534,0.05410436384112704,0.05489987095513371,0.05739634894452838,0.05997349263715221,0.06430646106093336,0.06613002384370076,0.06681946169173072,0.06864923973613338
2024-12-11,0.04781783237033657,0.04616935021171927,0.04703014981568812,0.04731078224759197,0.04764197229864305,0.04809035782360652,0.0490611030168972,0.049769190713276165,0.051317639719858664,0.05239184398768351,0.05411215762104322,0.05491804468911661,0.056729067847159365,0.060078903438603865,0.06413468857908321,0.06616962939591585,0.06581035377502836,0.06931920462275556
2024-12-10,0.04683021802207139,0.04605273153968329,0.046702298215995766,0.046595414086122666,0.047384563786101765,0.047791042069591214,0.0488426683818988,0.04960194545893478,0.05121834821015953,0.05232280406829089,0.05404744079896447,0.05487150043353149,0.05628517521607199,0.05961660908921778,0.06400628099276387,0.06608155411436868,0.06584595506921279,0.06932682585387527
2024-12-09,0.04682829061536646,0.045779664322315464,0.04670276402322096,0.04648119895888034,0.04738482910079428,0.04787105556284841,0.04884287724424444,0.049605048240885755,0.05121850725760077,0.05232192599125281,0.05404758789044529,0.05487380739696486,0.05632740546665712,0.05964790288959879,0.06401184675339357,0.06613329556047345,0.0658936466956263,0.06937258399534457
2024-12-06,0.04683590924380369,0.045928394663915885,0.04650504288512317,0.04647636697458515,0.04738570212665289,0.04786570899635995,0.04884480997979827,0.049603971261034066,0.051215341748401436,0.0523202894040952,0.05405089972144001,0.05487469939111799,0.05613042392692135,0.05967550737336754,0.06403943380863339,0.06599674108171404,0.0659386190741743,0.06940633756606499
2024-12-05,0.04658999028122399,0.04592908443480567,0.046511450105918783,0.04648259099706442,0.04738656969401936,0.04787082330293141,0.04884262938027657,0.049602251705727116,0.051219553362726974,0.05231814862966213,0.05404948563974985,0.05487346520260212,0.05611024534298009,0.05961228441895237,0.06399903421587637,0.0660420291796171,0.06601177232365343,0.06947264986298733
2024-12-04,0.04708608980066574,0.04519630614678418,0.04703343351979112,0.04663569379726629,0.04731826123223733,0.047877008458737866,0.048838641954301605,0.04960208723725877,0.05122098741377333,0.0523258519102643,0.05404102469626479,0.054868292874612104,0.05610853680101584,0.05959974834758272,0.0639747042038649,0.06604702549992962,0.06601582894318991,0.06938050201472792
2024-12-03,0.04708752051045875,0.04568600079923236,0.04686974097326755,0.04663604296876282,0.047318545424290835,0.04787328312168357,0.048841490298968726,0.04960227290786162,0.05122115809862362,0.05232339012954527,0.05404659498046365,0.05487173566519073,0.055784060577605765,0.05942643062707783,0.0636508955874199,0.06593149523411314,0.06628747278262397,0.06886130556449072
2024-12-02,0.04708545686999439,0.04585292770098101,0.04654849695132297,0.04663639214548457,0.04731880597140526,0.047872174786028024,0.0488448992326699,0.04960245857985465,0.05122131449288017,0.05232265688095665,0.054050947489985866,0.054871872591216765,0.055637110184233556,0.05907002596335164,0.06342336114432628,0.06570634631241515,0.06616572948443138,0.06912663557623472
2024-11-29,0.04728756141027364,0.046180695689487586,0.046555863677332984,0.046631511848679856,0.04731450410060655,0.047870492283574255,0.0488378423560823,0.049601443321183186,0.05122123327513147,0.05231748366395203,0.05405136263042528,0.05487282047371116,0.05561776071025032,0.05900324728141825,0.06349774981046047,0.06585643119628704,0.06611571421303315,0.06904155701267353
2024-11-28,0.04728540944911731,0.04618139315661584,0.046710899708645816,0.04663778890466212,0.047315649193892514,0.047870731873229364,0.04884610739996859,0.049599669009424405,0.05122229602734398,0.052321262358217276,0.05404583760496176,0.0548715068813613,0.05561840069842685,0.0590053475817705,0.06349680992862977,0.06585576131889603,0.06611517942892997,0.06904100805710259
2024-11-27,0.04794951877080131,0.046426547701117524,0.04677898677092343,0.04656175963185722,0.047319887509225084,0.047869008740314745,0.048845235484062756,0.049605331563633545,0.05121905471889849,0.052320123901920076,0.054048778699586596,0.054870693490045995,0.05561932563464747,0.05900605675281934,0.06338629266037484,0.06572257964342451,0.06617840256559507,0.06918494919150517
2024-11-26,0.04783225573669161,0.04618278815414427,0.04704024341215809,0.04648572338784986,0.04724338357165954,0.04779365663106585,0.04877312197058183,0.04952925605655667,0.051146433720080924,0.05225449371066636,0.05396827744781673,0.054797904896530455,0.055542419102737696,0.05892897549716609,0.0633078449458348,0.06564462586987661,0.06610084880875046,0.06910505875597169
2024-11-25,0.04758639122424596,0.04618044611263385,0.046035907011499407,0.04612316087976948,0.04716718709089887,0.04771623750170205,0.048789375227058784,0.04953866869710686,0.0511492193563693,0.052257079238294875,0.053979814276722736,0.054724266309585316,0.05546691370984306,0.0589099491523173,0.06337197124260809,0.065746451215633,0.06572934157195914,0.06905641934516808
2024-11-22,0.046297367515751114,0.04643005392011915,0.046037289775683075,0.046118384314645954,0.04710096770807014,0.047637540117265564,0.04879000215719769,0.049537640638498505,0.05115401294224281,0.052255194422495536,0.053978473991847666,0.05472518796178215,0.055489271144058376,0.058895425050814104,0.06337470638107963,0.06573179347078997,0.06573300262869844,0.06905907581272502
2024-11-21,0.045979172985987755,0.04618627601670431,0.0460377507155368,0.046124542340083716,0.0470221636466828,0.04763973144955942,0.04879021113749106,0.04953585445685056,0.051155374000617544,0.052260268626920216,0.05397683540473133,0.05472389520239026,0.05534386538676947,0.058854571057681666,0.0633908933319666,0.06574326741680873,0.065741664226194,0.06906543629597581
2024-11-20,0.04598054019303465,0.04579573938348242,0.04639579562178982,0.046124887718092644,0.04701967841103022,0.047643095546210455,0.048784709095971775,0.049539595908299094,0.05115403621828537,0.0522624962896809,0.05397649538618422,0.054721648974648485,0.0553125967050788,0.05884617978115957,0.06333275495687062,0.0657440644685552,0.06575740181919834,0.06907836042429545
2024-11-19,0.04680331963096963,0.04643215790576641,0.04772912246377403,0.04644041396875223,0.04723674700302675,0.04779337163347286,0.04883178456356074,0.049531767655626564,0.05115045486385113,0.052254297198216136,0.05395913160100493,0.05479976513533129,0.05537664414875063,0.05891114737106613,0.06329952391068458,0.06568981893465269,0.06589857925696758,0.06925609470165398
2024-11-18,0.047962351697695846,0.04618530224655459,0.046715576691639955,0.04660309008623209,0.04715440138128298,0.04779543668854335,0.04884819963291889,0.04960603042988846,0.051230019257428025,0.05232524196729225,0.05405087151198379,0.05487451289843534,0.05547176710241987,0.058996538954727805,0.06337297284643109,0.06578132449350105,0.0659710006724438,0.06933172848594683
2024-11-15,0.047632521852275615,0.046679435265749664,0.04604051654858249,0.04628313125045267,0.047080264827124824,0.04771481449635277,0.04878724248835267,0.04953490221176574,0.05115535514057207,0.05225250828476876,0.0539804575806197,0.05480378773110236,0.05538949141484763,0.05891046916314517,0.06330222007615435,0.0657057841481534,0.06589506172771632,0.06925175496779486
2024-11-14,0.04138302907068272,0.046973471856111025,0.046040977552975634,0.04564920613762406,0.04664010055475074,0.047412168594512485,0.04863582911245022,0.0494710388907607,0.051097970028025776,0.05218486970956536,0.053913266615588776,0.054736884888948664,0.0553204619671987,0.05876266141466201,0.06322527830785775,0.06588162743936808,0.06575710402570652,0.06912516002026683
2024-11-13,0.04130497264393061,0.04628966475029269,0.04555803119280233,0.0454870584213026,0.046520650204647324,0.04727239085731391,0.0484976005122427,0.04933220725922417,0.050949285836648525,0.05203423479949789,0.05376734474348406,0.05459191945428476,0.05510490663071211,0.05829033368124747,0.06310274458051705,0.06568829662434683,0.06566538230107866,0.06901459268872441
2024-11-12,0.04039425725153709,0.04492061298002079,0.04410720166041356,0.045009331989679276,0.04641702688673528,0.04724468516888442,0.04848187176950204,0.04930536629335999,0.050918118252443426,0.05201302105455902,0.0537552058639938,0.05456551146633451,0.05496683719418936,0.05808579157025383,0.06295977710474682,0.06560127761011957,0.06569450033796005,0.06902590147819458
2024-11-11,0.040276490535024044,0.044820495773599825,0.044107643319684274,0.04500966903972839,0.04641759022342145,0.047246120182228936,0.048482079438887715,0.049305550868476426,0.05091846301075317,0.05201397420420336,0.053755352317188795,0.05456564763534923,0.05491386265016282,0.05804598456220796,0.06296849819667408,0.06560975536125938,0.06570023349297043,0.06898059536916826
2024-11-08,0.040274285870072354,0.04482544668451561,0.042694813200107345,0.045769748900348066,0.04641596113625834,0.04724640650921233,0.0485008505388819,0.049286782881907375,0.05091941927405006,0.05201053999888333,0.053771065280323285,0.054553380072953045,0.05481359442803325,0.05789052152095499,0.06275821629674319,0.06520417768131843,0.06562475057121657,0.06888102768924094
2024-11-07,0.04043001028814105,0.045021883828342,0.04269524073396254,0.045775843594167434,0.04637431591195963,0.04728389169421805,0.048544387836016056,0.04940073754617279,0.05102728149117258,0.052121426465044675,0.05395734845136529,0.05473808663328395,0.0550292156202817,0.058129405797597865,0.06309411457140393,0.06564844634276362,0.06576286072800468,0.06905018512896872
2024-11-06,0.04043121298954118,0.04482680113221694,0.04269566827637832,0.04577618639707593,0.04638003707139671,0.04728568046368703,0.04854459577763928,0.04940448072231521,0.05102504798019272,0.05212261646897777,0.0539611492383751,0.054735738593054376,0.05505002396071573,0.05814987413285112,0.06300351050799331,0.06536436290831309,0.06611886139006488,0.06936136036972178
2024-11-05,0.04067038211476279,0.044827478386762695,0.0430158740303607,0.04577652920511888,0.046302572758821145,0.04720831411492486,0.048461706218750136,0.04932642413075157,0.050961757312144085,0.05204570502235652,0.053880230551302824,0.05467156927505554,0.05493005685395519,0.05804194915303862,0.06294353385962367,0.06530238730300394,0.0661942499899152,0.06922819494138745
2024-11-04,0.040671592038666174,0.043581789489226454,0.043539418627289495,0.045537921235721625,0.04630284968145718,0.04721867484736567,0.04845360873181126,0.049332658987823144,0.05096192673625642,0.052052604809031386,0.05387444885661604,0.054676216074560045,0.05496318248569836,0.05805270870043367,0.06283023766616046,0.06525511143620644,0.06609372223980224,0.06932169458454007
2024-11-01,0.039866061175675836,0.04186127089532185,0.04221312857740296,0.04433789112439078,0.04611971544604641,0.047158224677348336,0.04832469002524847,0.049216163235641965,0.050811709075048644,0.05199266465576514,0.053814123672398705,0.05462541802810496,0.0548616293976577,0.057922882344645446,0.06272626707244595,0.06496021651879634,0.06610372384839933,0.0693062574222898
2024-10-31,0.0398642986853742,0.04185930210891619,0.042213551317435635,0.04434363881187369,0.04611735134180406,0.0471562137687029,0.0483292062454738,0.049213259776907096,0.050810658962748625,0.05199705462351286,0.05381138957435245,0.05462332566417344,0.054861789103944576,0.05791337979325484,0.06272649073939997,0.06496037135418288,0.06610382046795463,0.06930616412167803
2024-10-30,0.040011230150171634,0.04185732923247072,0.04221397406593417,0.04458321635237648,0.04612271298661293,0.04715644830305924,0.048329413271567194,0.04921101345064957,0.05080752448186281,0.05199762473424619,0.05381518559735634,0.054616430344299124,0.05487987211184633,0.05794293082361264,0.06266998698198237,0.06485176231547546,0.0661405782539276,0.06933505968107617
2024-10-29,0.04000943696346918,0.04171407264362024,0.04221439682289992,0.04458355024403597,0.04612304157758764,0.0471667520142568,0.048329620299433725,0.04921119768152089,0.05081144719536039,0.051996286151287055,0.05381533221915603,0.054619920504918915,0.054879149445615734,0.05789772751900262,0.06269908786624052,0.06483631885435787,0.0661440434465576,0.06933858692688992
2024-10-28,0.04008692578409998,0.04171469947988058,0.04221481958833327,0.04458388414068636,0.04612317359025552,0.04716698768658127,0.04832982732907391,0.049211381913771744,0.05081152738652099,0.05199644195613994,0.05381547884175454,0.054620056814474606,0.054867867496094284,0.05782078479645117,0.06278300576625402,0.0649151150827716,0.06611385337791417,0.06941116727880324
2024-10-25,0.0421912730537804,0.04091246207588678,0.04205124600805962,0.044215797854757356,0.04599992374490958,0.04701149043850763,0.048172682732912815,0.04906400585246315,0.050664480097710934,0.05184642285750294,0.05375232935184768,0.05455390411810024,0.054767482063830704,0.05788390243864885,0.0626231400345316,0.06484423576767416,0.06604090488945766,0.06923642597935699
2024-10-24,0.04089318917815172,0.040913076903322486,0.0417316186904114,0.04410665015665098,0.04596234649887501,0.04698017214945231,0.04814320336862298,0.049063981272102895,0.05066668003535417,0.05184470612451791,0.05375457457514329,0.05455398922592007,0.05477937186661019,0.05787448346635213,0.06263573774405802,0.06484187945342706,0.0660390380289284,0.06928329576540597
2024-10-23,0.04089440616497468,0.04091369174923798,0.041732036641890104,0.044106980494054586,0.04596797878269921,0.04698040689538059,0.04814340960412597,0.04906776903968258,0.050663701109293136,0.05184851036339203,0.053758382645715315,0.05455157052026311,0.05472719103838487,0.057812021794615885,0.06264758346213925,0.06484974428263988,0.06604557044428212,0.069289499868941
2024-10-22,0.040895623224173894,0.040914306613633614,0.04173245460173493,0.044107310836406476,0.04596825372560147,0.04698064164365494,0.048143615841395954,0.049067952739105025,0.05066757079796502,0.05184866572823391,0.053758529115546294,0.054555073188066606,0.05472648125789007,0.057688732801918406,0.06256325381774855,0.06483842571314233,0.066082608119302,0.06931828872385287
2024-10-21,0.040569504023672404,0.040914921496510326,0.041403035660901366,0.04326478333468295,0.0459403564671815,0.04691290710560395,0.0480026530875377,0.04901103211366628,0.05059007192296646,0.051781336706549747,0.05360709489105383,0.05442265931976223,0.054537061312653935,0.05728742010188849,0.06217513083685437,0.06435744088058122,0.06612742159522303,0.06930753323546356
2024-10-18,0.03990215856351419,0.04062246528311918,0.04076375660029781,0.04302104415182076,0.045785728497974104,0.04675576165205118,0.04786265165694533,0.048870204374459866,0.050448882874586605,0.051628115448716864,0.053468627037568925,0.054273067244235335,0.0543770626341089,0.057124001510396885,0.06206260340725616,0.06418165376215114,0.06581291874369646,0.06921797627321422
2024-10-17,0.03933403186147121,0.040623075816744465,0.04076416488295029,0.0431031679667328,0.04578463831283609,0.046760805583851005,0.047867141733897375,0.04886531510399134,0.050448864301233,0.05162562664292661,0.05346594958619161,0.05426953773654644,0.05433466728962975,0.05707286451567568,0.061935508782625465,0.0641727734172451,0.06585154284599044,0.06924706922255507
2024-10-16,0.039831384862299465,0.0408198977083171,0.04076457317378151,0.04310349080546726,0.04597244966812031,0.046837173486985746,0.04793567350501257,0.04894748760123526,0.050518378123292254,0.05170550209881498,0.053547583052660885,0.054344864209507876,0.054442882487742435,0.05714720061401999,0.061986714796669215,0.06425401835871408,0.06593332099510013,0.06928426521057791
2024-10-15,0.040328705565483694,0.0403299395486265,0.04145403726716445,0.043429615118936185,0.04604874659290743,0.04691899120968731,0.04800312378860597,0.048939480611473386,0.05058838069387271,0.05178539019797387,0.053607423859170264,0.05442297523468395,0.054496471629670445,0.05721298693043416,0.062114389808791096,0.06432321481831231,0.06600554977988,0.06936250716740926
2024-10-14,0.04082599398357846,0.04057585022204336,0.04157087872920402,0.043429940407586506,0.04612503631232554,0.04698525207772376,0.048079562529909484,0.04900821608660071,0.05066457192791044,0.05185173239354434,0.05368374145474683,0.05449118655543056,0.05457345287486836,0.057268646180614946,0.062158223319084216,0.06439901288392877,0.06607955903184401,0.06943641557295693
2024-10-11,0.03958286895239828,0.04098974258664769,0.041572127904212726,0.043425681042044875,0.04612620082295867,0.046977821173007084,0.04807588205855954,0.04900807039371091,0.05066788830408628,0.05184893749322393,0.05368335154842625,0.05449288798835485,0.054627502192064824,0.057252077633528395,0.06215894408561861,0.06439720551353263,0.06607805371101855,0.06943514757651106
2024-10-10,0.040483559421125165,0.04259858034790169,0.041572544312565414,0.04448461841938891,0.046126967846666075,0.047008951918134034,0.04811941883216937,0.048949522964533254,0.050703394019102226,0.05191633282885081,0.05371940515808282,0.054472123869598425,0.05463724684559499,0.05725451192377542,0.06214843369263977,0.06444621742785978,0.06605576926819265,0.0694181140650426
2024-10-09,0.04088168422254702,0.042667836642816113,0.04181549503770858,0.044561518179110304,0.04619384148375558,0.047086296925116164,0.04818410157586118,0.04901985824902503,0.050778139407394125,0.05199687914624899,0.053798293968976174,0.054546475994896274,0.05461981246051068,0.057328068394971794,0.062233676189757094,0.06447266006750353,0.06615522084015225,0.06951735383161535
2024-10-08,0.040882901410274806,0.04274689457975113,0.04181591389214177,0.044561851960752887,0.04619411780072209,0.04708590728937833,0.04818430799982775,0.049020041778698384,0.050782024225044534,0.05199661761770993,0.053798440553138566,0.05454996946532369,0.05463998201615018,0.05732575284480013,0.06224352277322793,0.06444082122971864,0.06616098061124771,0.06952269669305534
2024-10-07,0.04088411867048466,0.0428231580902557,0.04225279250719072,0.04462917768227177,0.04619439412099408,0.04716336192769832,0.04825567022554236,0.049096837150491804,0.05085130082344841,0.052063638308963676,0.053901197089387405,0.054737590368135296,0.0548028812440741,0.05754556098322158,0.06242639295128097,0.06464125915643461,0.06634396455026194,0.06971300741292179
2024-10-04,0.04107933289697851,0.0430533185124403,0.042544965104025737,0.04477771981698346,0.04626933758147377,0.04715723031346052,0.04832541757076987,0.04917136612973922,0.050928887262678996,0.05214131141803317,0.05397501879098399,0.05481429320041498,0.055015680724217024,0.0576197739276887,0.06255712127068819,0.06478304414494701,0.06638129880634482,0.06976375729066497
2024-10-03,0.041682850441223454,0.043053965716650086,0.04254539128670368,0.04492714844242765,0.04656433887082395,0.0474534764700136,0.048554288811492013,0.049389831410711744,0.051066222034107704,0.05228864474736176,0.05411471527256765,0.05495223355050405,0.055177656029854694,0.057716876043668715,0.06264266745321424,0.06488655584012978,0.06620802372599147,0.06993670767851132
2024-10-02,0.041684091704152916,0.04305461294031938,0.042545817477927385,0.04500402187441434,0.04656185586622045,0.047453713605785326,0.0485544968267128,0.049391703747290606,0.051065010788125295,0.05229249494913062,0.054118562039792574,0.05494840654284559,0.05508294386346376,0.057690968751584706,0.06264039593429385,0.0648815586961119,0.06621970476194611,0.06994697539446976
2024-10-01,0.041661896738540684,0.043133670083910364,0.04315695223561548,0.045004358988242954,0.046559466768231826,0.047453320963874744,0.04854499138774354,0.049391888673995354,0.05106952939040329,0.05229223198657504,0.05411175633589182,0.05495194730567591,0.05505093350385423,0.057737722481252106,0.0626235911862462,0.06488159438162118,0.06622012983876409,0.06994828597186564
2024-09-30,0.04183655606237428,0.04320292570832445,0.04315738456170919,0.045148189161623095,0.046791151117997434,0.04760845952443,0.04869148176236753,0.049691769606385196,0.05136563514911319,0.05258508805834958,0.0544175265846586,0.05525061776388937,0.055346775682927424,0.05806874874232577,0.06293210395938496,0.0651660320916697,0.06652488382880711,0.07026619039086007
2024-09-27,0.04183655606237428,0.043207754145897115,0.043158681591959944,0.04529653233009858,0.04693102466989957,0.04775457921865857,0.048911986021281294,0.04991292063454772,0.051588212148161124,0.05273614677535451,0.05448935381207051,0.055634528085394444,0.05579897134997955,0.0584271673506414,0.06331214368422307,0.06554499841362245,0.06690674444239064,0.07066736503355633
2024-09-26,0.04183655606237428,0.043208407334216554,0.04315911395270153,0.04530258315518729,0.046936927322700536,0.047754818303560743,0.04891661113103216,0.04990993803465892,0.05158524173424825,0.052740075487348784,0.05448659346115075,0.055632391351719164,0.05575756184411934,0.058421486541241165,0.06326608452145396,0.06552927127276209,0.06692501661808582,0.07080567274833095
2024-09-25,0.04172739461762092,0.04320906054228515,0.04286875000321297,0.04530292252071592,0.0469374683780986,0.04775505739085659,0.048921481984094496,0.049913838522442584,0.051589412289026935,0.052740233710106825,0.05449381952620057,0.05562982587924624,0.05576801448032442,0.058431741338619,0.06330096282532284,0.06551949609124895,0.06691773924413581,0.07080144712871772
2024-09-24,0.04172739461762092,0.04320971377010429,0.042869179468046054,0.0453032618913291,0.046937749782850396,0.04775529648054638,0.04892169157961979,0.04991402540896212,0.051589584032185894,0.052740391933814204,0.05449396801112701,0.05563346774546364,0.05587134250665048,0.058488729949636775,0.06337042566264994,0.06564630563600413,0.06684920718919665,0.07094929760420811
2024-09-23,0.04172739461762092,0.04320747256422951,0.04286960894148243,0.045447059332867676,0.04709231570814721,0.047910932313870634,0.04907794383527142,0.050135565665094035,0.05166417131331104,0.05296441476023363,0.054719173701749314,0.055854326328665875,0.056184009201543,0.05845525732138282,0.06339523682331696,0.06568048775113898,0.06697334093550465,0.07107100603074429
2024-09-20,0.04187625039863253,0.043251540748714394,0.04255093243870231,0.04540407568263068,0.04682683571590116,0.04767831253833497,0.048854945384482984,0.04991192460531126,0.05144429076625665,0.0527395580440156,0.05449983941688431,0.055633793808712965,0.05610110630611158,0.05835541236664708,0.06316092787543381,0.06547722388534137,0.06671820500929308,0.07080994326741918
2024-09-19,0.042154099783770785,0.043252194668171894,0.0425513587409486,0.045410166565547194,0.04683206100551584,0.04767855124977082,0.04885959062847466,0.04990855349518371,0.05144106633416264,0.05274349434014958,0.054497053207619356,0.05563138635582968,0.05611170244947897,0.058534679579958754,0.0633585673843798,0.06558381243896964,0.0671952689368527,0.07054629968553723
2024-09-18,0.042154099783770785,0.043635155503436836,0.04255178505173728,0.045706944038247516,0.04705413921383586,0.04790859069235181,0.049084142211290004,0.05012985729179829,0.05166554244504017,0.052962843132040915,0.054723605278455247,0.05584651580969126,0.056266967723332555,0.05880367406946235,0.06364065604756602,0.06589199962748302,0.06723976127976364,0.07062382007352679
2024-09-17,0.04244185212753633,0.043704427807397424,0.04255221137106816,0.04570728645339879,0.04705373518994763,0.04790827932004407,0.04908435251001172,0.05013004499205098,0.051665293028907905,0.052962633686382,0.05472375439234682,0.05585017809024332,0.05623464676730005,0.05878336559711473,0.06354567332602733,0.0658877425344112,0.06723250605483959,0.07061364059798458
2024-09-16,0.042293017278694944,0.04378050939732015,0.042552637698941534,0.04578411571229465,0.04719900401223796,0.04790804465845093,0.04908456281053522,0.05012826387948541,0.051661423094262346,0.05296247549993488,0.05472390350705096,0.055848841051361627,0.05619110112500098,0.05888723416342962,0.06360890434661666,0.06586664377058767,0.06718000512123022,0.07066539415613672
2024-09-13,0.043007374328323904,0.043863900566076426,0.042553916733819475,0.04577928806922197,0.047192453940142196,0.04790797894216842,0.04908070384187663,0.050128876867430484,0.051660056713223164,0.05295862285084542,0.05472350775460482,0.05585121158591524,0.05623525064963434,0.058983364941858296,0.06362114574862479,0.06575081207443058,0.06719645863140179,0.07067774960629274
2024-09-12,0.04314626235512588,0.04401158259065749,0.04287433371728307,0.04600536143071048,0.0474583885692072,0.04813016094362225,0.049343579913292045,0.0503836845327868,0.051876280081491886,0.05322310103674535,0.05497829970791309,0.05610666132216092,0.056461206732717976,0.059234627925318174,0.0639216429177322,0.06600699627040178,0.06745615190395975,0.07095080297873982
2024-09-11,0.04338434495760851,0.04435525547313897,0.043204373910485934,0.04622553314408177,0.047641239098669394,0.04835072123796535,0.049562737766594464,0.050606910570730745,0.052101494485439236,0.05344288105317001,0.05520102423161831,0.05632312772839149,0.056679883786712536,0.059454075011496424,0.0641437541113271,0.06630091512335466,0.06766011196848841,0.07117186128935866
2024-09-10,0.04338434495760807,0.0444441199916639,0.04352464858610787,0.04603472681464915,0.04764152474672165,0.048495725968241886,0.04970400111443751,0.05075879399140126,0.052249682174545994,0.053586982313561744,0.055342583201267656,0.056476261165592345,0.05687761387007785,0.05956108875396457,0.0643150020360779,0.06641459658670466,0.06781310902068785,0.07133132408878762
2024-09-09,0.04351330048304601,0.04444168974078051,0.0435250846873522,0.04603507170606646,0.04764149902306588,0.04849607704827523,0.049704214076215066,0.050758984052262555,0.05224966510381925,0.05358721539771539,0.05534273400507177,0.05647640212507176,0.05678270559619592,0.05955866459516836,0.06432255790691943,0.06640789584034926,0.06782240625595712,0.07133644804899328
2024-09-06,0.04351330048304557,0.04444680832023312,0.04384617123830702,0.046183065287683324,0.04779072113158722,0.048719748240537854,0.05006542887687853,0.05098004772897486,0.05240272185570386,0.05373549999884026,0.05555590129902161,0.05686029079144246,0.057276756318656495,0.06017044518516497,0.06480237519596536,0.06690288838814805,0.06841002438719654,0.07151334712581545
2024-09-05,0.04412826226701928,0.044447480453192245,0.04384661057870089,0.046189382090928134,0.047795359409987845,0.04871999218323902,0.050070295631043274,0.05097683579972781,0.052398775315719084,0.053739572439907984,0.055552897733761986,0.05685794273133789,0.05730843164406034,0.060169492064731336,0.06482386467057195,0.06690953331732687,0.06839966113157349,0.07150541173813055
2024-09-04,0.043632332682972376,0.04444815260648004,0.044176445090102705,0.04618972815398368,0.04779684735889068,0.04872023612838224,0.050065104166933494,0.05098091441001636,0.05240364118322353,0.05373973367136261,0.055553082397081115,0.056855341797941356,0.057235429488860026,0.06018748849908477,0.06479049044062708,0.06690537527847722,0.06982873162137299,0.07081854093096535
2024-08-30,0.04362456028709567,0.0437917034272162,0.044178658471923635,0.046179494501978335,0.04779639672809943,0.048721583071010446,0.050061536605910256,0.05097655500904199,0.05240625629770309,0.0537435104351458,0.05555314081921289,0.05686342500401351,0.057205477619123174,0.06021216638025053,0.06480427952400394,0.0669184986436167,0.06982259957499863,0.07081313343878819
2024-08-29,0.043758673739158975,0.04378930920348376,0.04417910117490368,0.046411613217391616,0.04801503530282597,0.04887696399789334,0.05022234414673263,0.05112298836434539,0.052546188609983044,0.05388821203551369,0.05570482867336149,0.05700119411413361,0.057346690870486036,0.0603559208653891,0.06492219023670712,0.06706790584231531,0.06997449896790045,0.07096516030807808
2024-08-28,0.044125611930955225,0.04411030080672559,0.0444991958800277,0.04648840537994547,0.04809740035742113,0.04894235016153991,0.05029526407609816,0.05119943265037892,0.05261923528875883,0.05396436086319331,0.05570229015380955,0.056993100037633825,0.057343509181836345,0.06036471626727565,0.06495605366571199,0.06705702160478615,0.0699661586003677,0.07096085937896794
2024-08-27,0.04425452812617224,0.0441109570439985,0.04466428287953035,0.04648875370424038,0.04809736759207184,0.04894783706392215,0.05029276564066269,0.051199624370496716,0.05262319628909527,0.05396177661039643,0.05570051195911631,0.056996916987549905,0.05739458568173338,0.06031418635493796,0.06496916619999148,0.06705552719320211,0.06996549716444593,0.07096133059583014
2024-08-26,0.04425452812617268,0.044111613300798304,0.044984273255002684,0.046632421727946516,0.04816510834302706,0.049025674553835025,0.05035592363929825,0.05127428160519497,0.052700283358438245,0.053963294654228715,0.05569443000989436,0.056991163053957725,0.05744231607909675,0.06030699437449494,0.06491332057444814,0.06706405529676299,0.0699712715978974,0.07096358047907146
2024-08-23,0.044497042025055784,0.04499212587587018,0.04530510180617145,0.04670377172523025,0.04816243026826887,0.04905781851054846,0.05042457150961324,0.05135005609118,0.05277010086689122,0.05402720880790667,0.055757789761127906,0.057068943124717844,0.05741583040383395,0.06040289804557625,0.06507391785709055,0.06711523039759515,0.07004508555756471,0.07103952468694118
2024-08-22,0.04462142058738669,0.04506791320808921,0.04530555582878829,0.046710250464816895,0.0481594159129285,0.049054839315341145,0.050429459999936616,0.051351269803096865,0.05276860083222905,0.0540273852468098,0.05575473407278056,0.057066065177725805,0.05741584202795405,0.06041579118400147,0.06498436868424283,0.06714632327343226,0.07005430902666959,0.0710457087193803
2024-08-21,0.04473049019976213,0.04522196964660761,0.04530600986051476,0.04677747336834979,0.04824244960370447,0.04908986518607108,0.05042967608760673,0.05134969786628625,0.05276318007772318,0.054023729400790664,0.055758763545265703,0.05706305077318545,0.05732171635428922,0.060289757050984556,0.0649835734419113,0.06703926867835505,0.07025876951183231,0.07101761966580794
2024-08-20,0.04483955682191774,0.04522264249244811,0.04530646390134156,0.04677782387692839,0.04824246626287755,0.04908747961411356,0.050429892177128635,0.0513498901541239,0.052767193123140474,0.05402229657980003,0.05575891549140626,0.057066865286191884,0.0573205509798286,0.060322506432687224,0.06496544034546178,0.06700997741083059,0.07026779294441975,0.07102486188143543
2024-08-19,0.04483955682191774,0.04522331535832162,0.04530691795126901,0.046778174390763504,0.04824275492040307,0.04908509140202145,0.05043010826850241,0.05135008244340149,0.05276736859440789,0.05402676302814438,0.055759067438375054,0.05706700772723001,0.05731960979854289,0.06045738939840727,0.06503434031560305,0.0670381546427026,0.07022461889689151,0.07099293509338189
2024-08-16,0.04461600166129123,0.04514370528377175,0.045308280155656994,0.04684947045096029,0.04816414937337996,0.04903988369442989,0.050426079279732486,0.05134770621606557,0.052771101066226435,0.05403021374865986,0.055758960701413174,0.05706717125353555,0.0573624935861818,0.06041806067444988,0.06500107729822069,0.0670179291347276,0.07024042717082117,0.07100370009447987
2024-08-15,0.04475032071710481,0.04521945218277562,0.045308734241989584,0.04693241894198953,0.04823817353534414,0.04907565052206641,0.05043097265251681,0.05134289354640763,0.052767220487225555,0.05402896448662917,0.05575579551605366,0.05706364563513423,0.05736211026912016,0.06038578866628641,0.06504110385574181,0.06701190581030522,0.07023543460960395,0.07099991984869648
2024-08-14,0.04462142058738666,0.04522667998805799,0.045309188337423874,0.04693277062740683,0.04824474228742068,0.04907311133710287,0.050431188753150454,0.05134701218877594,0.052764571495593694,0.054027332979668455,0.05575982718564086,0.057061035506119524,0.05739358148816007,0.06037180089145562,0.06499080209081182,0.0669786784746922,0.07025747549805621,0.07101687620019902
2024-08-13,0.04511716745913623,0.045266534827446546,0.04530964244196034,0.04699998455157465,0.048320877815102886,0.0491646221377112,0.0505093511973458,0.05141388728094463,0.05284461170888158,0.05409936697307435,0.05583731890391886,0.05713148533575372,0.05753203872496066,0.06045338310462688,0.06508606620138034,0.06704681951470456,0.07031159657458623,0.07107701659057383
2024-08-12,0.045365017730567746,0.045041898859637886,0.04474848035688151,0.04700033674856928,0.048387991637701064,0.04932193022561,0.050587079875096065,0.051492304767647615,0.0528423738844794,0.05409956778601229,0.05584157406202467,0.057128550016922616,0.057508336907770206,0.06055514677965187,0.06515972039791296,0.06723568243515395,0.07022170290559963,0.07101252529951191
2024-08-09,0.04461600166128184,0.045040631999753195,0.044749825865676204,0.0469951637654033,0.048387755266102436,0.04932273474632415,0.0505829860157487,0.05149233398212627,0.05284461301517188,0.05410009806251564,0.05584126739117706,0.05713051550446338,0.05763592487281265,0.060576237602815275,0.0652116361644768,0.06721274460065566,0.07020282891746907,0.07099912128863099
2024-08-08,0.04475032071710471,0.04503802347978779,0.0447502743865624,0.0470017455893339,0.04838468356648214,0.04932036004522205,0.05058794697564558,0.051489119790192384,0.05284307817195439,0.05410071879364276,0.05583828125003156,0.05712819573209806,0.05755267127321806,0.06060831798714572,0.06522599596315164,0.06721143214326214,0.070201727336858,0.07099805997030709
2024-08-07,0.044998193843853694,0.045309761242326656,0.0452349130799778,0.04715491587821016,0.04850597289358026,0.049422228720522744,0.05065808539206577,0.05156744709404969,0.0529448269799703,0.054213547034021044,0.055984150896416396,0.057280948938689506,0.05770666640142704,0.06073999239136904,0.06538449038185636,0.06735453658682382,0.07036738812762638,0.07116416414971981
2024-08-06,0.04511716745913413,0.045457373016592584,0.045719386459661684,0.04729851607878475,0.04872753469579631,0.04958169226813506,0.05083536080337413,0.05171049896290925,0.05302107838083607,0.054274503650145106,0.0560519945985225,0.05734680814649072,0.05772739207235371,0.06095358005654653,0.0655198948462779,0.06764890044393902,0.07033031431692008,0.07125924219132158
2024-08-05,0.04561285256159377,0.04545804951593049,0.04571984471208937,0.04729887053143494,0.04872657746203074,0.04958193920735991,0.050835578645243615,0.051710692612706326,0.053020494101573244,0.05427862408756859,0.05605214734998003,0.05734695129127879,0.057862288657271076,0.061222270187767304,0.06583347623401949,0.06766896376419679,0.0702727301575046,0.07113106718474793
2024-08-02,0.04548826129022155,0.04553507662073038,0.045711983664599345,0.04736998649865036,0.04880177430927667,0.04964990919481783,0.05090963939645046,0.05178659794242233,0.05309837517179005,0.054355991842501485,0.05612933532824432,0.05742482313465369,0.057940346963267365,0.06145488951714411,0.06611741506109496,0.06786959777473928,0.07024186753562164,0.07113387709716062
2024-08-01,0.045612852561594024,0.04553238409946852,0.0465990842134457,0.04737668118499761,0.04879869521156595,0.049647470855717336,0.05089342652057064,0.05178365426471537,0.053096870807025034,0.054356564248604924,0.05611813987641668,0.057422737748912656,0.057899044541302125,0.061472191873819,0.06615520972715251,0.0678617323418927,0.07023550376198393,0.07112916896687499
2024-07-31,0.045493893769538454,0.04552969074741891,0.04659635429498887,0.047377036236716664,0.048805395740966644,0.04964507311232185,0.05089151611777291,0.05178784559206869,0.05309410530487996,0.054355154460580944,0.0561229671605467,0.05742009512354911,0.05792008334238582,0.06142531839675252,0.06615970180219169,0.06786430928386494,0.07023808262038495,0.07113242923410064
2024-07-30,0.045493893769538454,0.045526996585079714,0.046593623372284315,0.047195946179478025,0.04880568780171659,0.04958287818365155,0.05074487559197228,0.05156798006197138,0.05309832523746738,0.05435484207292534,0.05589770261087233,0.057052916691320954,0.05753138630495336,0.0610593039434812,0.0658392032614971,0.06748391490079157,0.0698541757944637,0.07074916377532524
2024-07-29,0.045345190277078784,0.045563459735411975,0.04661006064230606,0.047263152408953554,0.04887378099242505,0.04961198989654121,0.050782461608885415,0.051605511776941324,0.05320520532327341,0.05446728613035493,0.056003977673818414,0.05716120266653926,0.0576788077415398,0.06109487216923035,0.06588979396963346,0.06759653310883922,0.06998241693797466,0.07087061848934247
2024-07-26,0.04519092200548064,0.04555535617402339,0.04661145719843028,0.04725789124533863,0.04894904444451646,0.0496129763469161,0.050778415409412365,0.051604644210625626,0.05320430288547009,0.0544679378254003,0.056005537772047295,0.057162469800853204,0.05773284746278483,0.0611560613089071,0.0659300800215327,0.06760528262279997,0.06995735465305104,0.07085292943109434
2024-07-25,0.045345190277080456,0.045552653534255215,0.046611922735735965,0.047264569276297276,0.0489458496886261,0.04961046182389652,0.05077627805741811,0.05160231476118363,0.05320281709567004,0.05446839196672368,0.05600430132102437,0.057160820294377294,0.057691740973388514,0.06120720842439791,0.06592617833923665,0.06765991253680408,0.07002760933707644,0.07091695057644103
2024-07-24,0.045414585931938804,0.04558373398999227,0.04661238828234117,0.047264923506406806,0.04895212411995764,0.049607595419098864,0.050783548036718335,0.05160647810352835,0.05319958365531355,0.05446659211704924,0.0560008570316023,0.05715824921416729,0.05768143249360998,0.061163295537409186,0.06588309775357362,0.067646194762337,0.07004912881124935,0.07093340684611396
2024-07-23,0.045265879474946584,0.04528068440965578,0.0462839548942237,0.04716021704242157,0.04887573632909832,0.04954795545479042,0.050721081659222636,0.05153123155801506,0.05313732994103071,0.05439847577579582,0.05593111256613121,0.057096569393405086,0.05768767613497161,0.06115683910808076,0.06593738209911368,0.0676822011406018,0.06994018342558941,0.0708429963724921
2024-07-22,0.04541458593194011,0.04528135841992373,0.046226367187571546,0.04708415521666403,0.048875652997981286,0.049548202243197545,0.050722268624717654,0.051533447188358464,0.0531372779595394,0.0544026323946833,0.05593195171645878,0.057098220051425466,0.057677184342441824,0.06109136667370118,0.06588478156136797,0.06759006794299532,0.06999305081135017,0.07087818444710595
2024-07-19,0.04540897303446171,0.04527999504597397,0.046279456361192545,0.04707892321027048,0.04887346521631292,0.0495489594031442,0.05072007125102401,0.05153267397355026,0.05313850367286628,0.05440313167655859,0.05593261471521059,0.057099547677537346,0.05768946050584391,0.061077754403689316,0.06582633540487678,0.06758943383106367,0.07000849805284964,0.07088871828634463
2024-07-18,0.04555337361020795,0.04535565372118351,0.04628626638749789,0.047085566792035155,0.048870327821156724,0.049545850080815405,0.05071746137634784,0.0515302487482832,0.05313708361432166,0.054403192433180564,0.05593105119401856,0.057097817092281865,0.05763785562650963,0.06107359055344592,0.0658803661056981,0.06756723669837537,0.07000659846480684,0.07088711954200971
2024-07-17,0.045553373610207504,0.045431712898011754,0.04661564736898864,0.047162337841855126,0.04895382352432389,0.049610654285102085,0.050785069113782146,0.05161061613117884,0.05320060594809955,0.05446862276133427,0.05600192218425255,0.0571613183085356,0.057756425576266965,0.061157886272374895,0.06589132030514429,0.06764051208312524,0.0700805494986746,0.07096159856450929
2024-07-16,0.0456921564468259,0.04551077747553538,0.04693528323702887,0.04723910421049714,0.04895376519363021,0.04961563180903778,0.05077994833527226,0.051608783820038015,0.0532046311432651,0.054465685761114595,0.05600217943359169,0.057163623739882694,0.057754396523142244,0.06119007072372286,0.06594722819198412,0.06765189936478472,0.07005813972277825,0.07094685065861665
2024-07-15,0.04584084697083667,0.04558984131731982,0.04725484916488505,0.04730631526446734,0.04903073598508827,0.04969277470027157,0.0508527326283328,0.051675648741545406,0.05328115938825674,0.05454638586316643,0.056075855100240816,0.057240483699911394,0.057808876883412325,0.061235224388125245,0.06596788068116474,0.06784974643610811,0.07012051985026907,0.07101319371355697
2024-07-12,0.045973866628881366,0.04565700365420108,0.04757824729412912,0.04737740190775838,0.04909557897310521,0.049770493076030486,0.050924250234334355,0.05175047516616707,0.053359013747835755,0.054623460003371795,0.0561508442751406,0.05731752703645981,0.057917798549766454,0.061397040543102736,0.06607137033576574,0.06786573978039065,0.07019789132859827,0.0710914297639322
2024-07-11,0.045979619779396304,0.045654221019621424,0.047585437342295256,0.04746053737341629,0.049246823462671965,0.04984557548282964,0.0509213003372766,0.051746589006046034,0.05335314133338055,0.054621321947868694,0.05614896367414026,0.05731471180425774,0.057949168838168606,0.06138460783268874,0.06605669510521457,0.06795311348045889,0.07017186120456713,0.07107302099267941
2024-07-10,0.045979619779396304,0.045661825599152814,0.04758591267855223,0.04746089310955788,0.049253363118033605,0.04984855050414601,0.05092621136696424,0.05175077778520749,0.05334993306120209,0.05461916305917764,0.05614612840944608,0.05731213609454612,0.05797023536069893,0.06133777049732684,0.06606119130841333,0.06785512975468039,0.07020588101362804,0.07109818550019423
2024-07-09,0.045979619779396304,0.04566250541432644,0.04758638802430557,0.0474612488510326,0.04925365789654946,0.04984879880583502,0.05092642928158639,0.051750971605441565,0.05335418584140722,0.054617313549651485,0.0561501687638074,0.05731596649303244,0.05794819770458054,0.061260121224048544,0.06615892315125628,0.06793031653315672,0.07017057682763438,0.0710744399948383
2024-07-08,0.045265879474946834,0.0452907966711165,0.04693903404631923,0.047050882264429786,0.04888012413198156,0.04959044551993513,0.050752468809314846,0.05161539488359173,0.05317944501316652,0.05444340426549066,0.05596438647234082,0.0571685403903374,0.05779810673043102,0.06109873646856581,0.06583267742591105,0.06781749852609341,0.07004587766974273,0.07093678867242627
2024-07-05,0.044417733581687435,0.045210983018032974,0.046611516529748084,0.04704563189515113,0.048880102765594347,0.04951438147534413,0.05075702834924673,0.05161440081251145,0.053182013676461054,0.05444701467276348,0.05596986425404128,0.05716973329095802,0.057799855581798794,0.061119759474003325,0.06575807460069637,0.06778820997316398,0.07007034600840015,0.07095360886264954
2024-07-04,0.044561926811149254,0.045208229791884706,0.04662170116772575,0.046985413262113855,0.04880947851018125,0.049434430780671515,0.05067605841438719,0.05153571756330463,0.0531826104800087,0.05451980972649321,0.05597086265278536,0.05748550199605828,0.058056493199402176,0.061376951971505764,0.06602582008414158,0.06804064077768736,0.07041759463245784,0.07129043638723502
2024-07-03,0.044561926811149254,0.04521575611096,0.04662216690968039,0.04698576545548505,0.048815927234483567,0.04943181199877598,0.05068096454010615,0.05153989623789675,0.05317938382504211,0.05451813991099955,0.05596789624158413,0.057482860522644876,0.058203219099874796,0.06128478390120247,0.06596350583097872,0.06801050660998877,0.0704421841210071,0.07130906486331431
2024-07-02,0.04480981167605118,0.045294842840471104,0.04662263266094081,0.04720585185529688,0.04888303232356242,0.04950625587245783,0.05075910706795608,0.05161250274311161,0.05325027416199955,0.05459313295110199,0.05604925795398756,0.05756006341497596,0.05830744812019668,0.061378239034507176,0.06609515981502224,0.06818481288656823,0.07047058652969825,0.07135427461522686
2024-07-01,0.04493870570193043,0.045439064012048634,0.046623098421506776,0.04720620570632975,0.048882999065378185,0.049502629805465326,0.05075932427496924,0.05161269605126061,0.05325025257156144,0.05459685385162278,0.05604941056032865,0.05756020710462627,0.058819414602958316,0.061510638597065084,0.06604647529374716,0.0682277605131252,0.07040744196857388,0.07130857881693788
2024-06-28,0.044804346985898955,0.04543973693413568,0.04662775308991577,0.047200905417929664,0.04888116221072511,0.049511684296466005,0.05075613037849837,0.05161177438456812,0.0532516676381762,0.05459604898533863,0.05604918976682622,0.057561459497350594,0.05818274359255095,0.061568862259981524,0.06625757889223656,0.0680372756432268,0.07037258426266296,0.07129329878744305
2024-06-27,0.04434377535264496,0.045151251218235995,0.046095929519236176,0.04691143527051123,0.04836890037971131,0.049065519803627486,0.05053610099582075,0.05135329578136418,0.05345398984553743,0.054730554153325846,0.056101132083994545,0.057374147530558375,0.058027773334878914,0.061300876032688544,0.06601102837880647,0.06784896484164853,0.07019594379391081,0.07110849868225558
2024-06-26,0.04412561193095767,0.04499438812850909,0.04579627686122696,0.04683533706282314,0.04837579125496105,0.049072385236510384,0.050541283804514364,0.05135945996928613,0.053451288207987786,0.05472885028311239,0.056108769958548334,0.05737308617165037,0.05785108619730067,0.06127327897471082,0.06615509913709164,0.06789228857636824,0.070167107071492,0.07108984734659023
2024-06-25,0.044314026499614516,0.044317775086481735,0.04579673607304526,0.046835688152305266,0.048375609540392724,0.04907829833285571,0.05054150042425139,0.0513596523340188,0.053455343327595065,0.054736957419986076,0.05610892288181501,0.05737697932477616,0.05782901259899162,0.06135310522479329,0.06611986176880655,0.06797746737441167,0.07028470369205465,0.07112363147659055
2024-06-24,0.04431402649961407,0.044317775086583876,0.04579719529407935,0.046836039247052305,0.04837589909159873,0.04907854326265471,0.05054171704584533,0.051359844700192336,0.053455521120336164,0.054737121319285806,0.05610907580591533,0.05737712255989161,0.05793259808365703,0.061186189193446386,0.06613256641192972,0.06797436167544292,0.07029718833624402,0.0711306478636698
2024-06-21,0.044269025896140186,0.04406730145707747,0.045866350161905274,0.04690724640303855,0.0484798414405504,0.04918536966602418,0.05061446293537314,0.051425634801813606,0.05353246537721573,0.05480543752895162,0.056185425731208084,0.057455108577425675,0.05795845477944503,0.061198739603290093,0.06607618851840916,0.06807889845686345,0.07041380539072474,0.07123613050734173
2024-06-20,0.04427436101619256,0.044562951183556056,0.04586681009943368,0.04691389698232125,0.04847708258041073,0.049178818001558634,0.05061941038222217,0.05142308805589338,0.053531133868979584,0.054801104042945255,0.056182265615305885,0.057453210367435496,0.05802182868577311,0.061049002863969117,0.0658905208892068,0.06800252857197324,0.07049741595492942,0.07129401514033712
2024-06-19,0.04442310453983803,0.04480809722854151,0.04594472700021773,0.0469906967171339,0.04856019124359585,0.04925995942402732,0.05069628903240486,0.0515034777447072,0.05360438076389306,0.054874108854264414,0.05625277858387702,0.057526796375006704,0.05804573096305659,0.061580289513489435,0.06638609261537444,0.06839790550569479,0.07040765639815233,0.07127297725394091
2024-06-18,0.04442310453983803,0.045180661677945544,0.046022640985359145,0.04705793673989139,0.048627940391282425,0.04933466274888443,0.050773163114579356,0.05158014142605612,0.05368564611544645,0.05495329588468294,0.05636945419089592,0.05763735842149841,0.058202502432508955,0.06173667834477593,0.06654274988175377,0.06864200965985764,0.0704494165257294,0.07133666357137579
2024-06-17,0.04442310453983803,0.045180661677937994,0.04602310250402192,0.047058289519194316,0.048666777914370685,0.049441591597666895,0.051104623894131895,0.05213780522757433,0.05424728381130486,0.05559691872837496,0.057009126716452176,0.05843341801229901,0.059027702762842506,0.06231451845608581,0.06735762238746403,0.0694389002859262,0.07126863612202998,0.07215396583046582
2024-06-14,0.04426902589614008,0.04493008631994926,0.045908300897110246,0.04683325760883098,0.04829880439163159,0.04907332238839501,0.050732232216418996,0.05173212483706056,0.05380585725314758,0.05523355895439537,0.05644259686802593,0.05775871887385498,0.05832078343385922,0.061683774396859396,0.06667334944473079,0.06889605399703844,0.07054714345003506,0.07143969979800219
2024-06-13,0.04413552870967497,0.04493556129784235,0.04590876128762762,0.04683990163671041,0.04829636103348497,0.04907073571170041,0.05073720952237052,0.05172960325613054,0.053804644970599246,0.055231878638134904,0.056439218853408614,0.057756923582507905,0.05852033725355039,0.06163368986834753,0.06666229146409415,0.06874347480193455,0.07062257366449436,0.07130153526362432
2024-06-12,0.0441355287096732,0.044935561297842125,0.04590922168737992,0.0468402527946316,0.04837982047177764,0.04907630681045059,0.050737426993961415,0.051733844733385714,0.053799191836515305,0.05522916662564043,0.056443385316177624,0.057754159712930006,0.058729847683097004,0.06180550227788887,0.06678405294543309,0.06909825599488621,0.07029549020948711,0.07129623706551443
2024-06-11,0.0441355287096732,0.044935561297842125,0.04590968209636641,0.04677369801491777,0.048302995937062665,0.04899894595015165,0.050737644467416534,0.051735816512397836,0.05380599155941071,0.05523620720064227,0.05644353915730148,0.05775945165884224,0.05872940797704488,0.06188399753295903,0.06676004948799913,0.06918074838703649,0.07026527796061847,0.07127597218651735
2024-06-10,0.0441355287096732,0.044935561297842125,0.045910142514587665,0.046774048681769674,0.04830328507787096,0.04899919050102208,0.05073786194273609,0.05173601029764552,0.053806170526742934,0.05523637260178309,0.05644369299926401,0.05775959585379605,0.058613233232226475,0.06177130675831952,0.066722005414627,0.0689532625333782,0.0703718782698614,0.07134872703807114
2024-06-07,0.04413022693190668,0.04493008631994828,0.0459115238246623,0.04676881139757149,0.048301177293755576,0.04899746079453523,0.05073374963977478,0.05173521669663527,0.053807353929283874,0.05523735225586335,0.056443735666904436,0.05776103716680857,0.05863611698033615,0.061846738878665285,0.06677563693628087,0.06894497830932074,0.07038550483699563,0.07136414886004809
2024-06-06,0.04413552870967316,0.04505321322892478,0.045950717246344204,0.04677545140175778,0.04829837596048822,0.04899387422006861,0.05073808840047546,0.051732729074861,0.0538059398522173,0.05523494855204874,0.05643983466690701,0.05775926991421232,0.0587625413503746,0.06185981881234308,0.06683747531501434,0.06902045856200226,0.07033349302276004,0.07132766160860048
2024-06-05,0.043996691558051616,0.04554335512528645,0.045951178099206805,0.04677580209490052,0.04830507757991998,0.04899533097814258,0.05073830588235876,0.05173697924566018,0.053803021906090404,0.05522949774415061,0.056444002439494156,0.057756501644453825,0.05869982524660934,0.06179824785925395,0.06675113479544574,0.06892133238936006,0.07032690099299446,0.0712631808370852
2024-06-04,0.04413552870967326,0.04554335512531287,0.045951638961313844,0.04677615279330219,0.048305019995413895,0.048995575518293345,0.050738523366106465,0.0517371730396185,0.05380724435573885,0.055233891575705414,0.05644415628523526,0.05776046103863806,0.058792819985169005,0.061754665841322325,0.06672226255859803,0.06892488588753203,0.07033014773562442,0.07126624615041961
2024-06-03,0.04413287760868301,0.04554335512531287,0.0459520998326651,0.04677650349696242,0.04826679435013566,0.048995820060885195,0.05073874085171852,0.051737366835028595,0.053808637184973744,0.05523405697337919,0.0563741168003606,0.05776060523863166,0.058938457362885686,0.061752532959032415,0.06679706845664436,0.0691309348280113,0.0702367432785564,0.07119974015108795
2024-05-31,0.04455111952971497,0.04493008631994869,0.046069681675985755,0.046838146731744044,0.04778869697987749,0.04869836334637078,0.04987911737101415,0.05105987139565752,0.05294563378831074,0.05471102836866695,0.056052309366872194,0.05739359036507743,0.05862389783658349,0.06158945550209959,0.06679221941454924,0.06862667082162495,0.0697736125183235,0.0707575456218199
2024-05-30,0.04493870570193331,0.0449273494967454,0.04606691152204217,0.046844818326791826,0.04780666244375424,0.048698372093854816,0.04987794153236368,0.051057510970872556,0.05294480511666541,0.05471163367868426,0.05605180924344066,0.05739198480819706,0.058698114488441706,0.06175393245886083,0.06687605639966461,0.06859615986086787,0.06973406392054085,0.07072980959475883
2024-05-29,0.044809811676051664,0.044932823586939924,0.045764012116515235,0.046625297531221396,0.047428739230016385,0.04824964705269823,0.04968212455758503,0.0510673775293437,0.05298521795035694,0.054725114414781326,0.05605926384395617,0.057393413273131,0.058658943747892364,0.06169237364131184,0.06687725286657,0.06852131430003146,0.06977031315517102,0.070538740998304
2024-05-28,0.04530553507366174,0.044932823586939924,0.045761277870804536,0.04648222523649959,0.047368624171565565,0.04825502310663154,0.049758282663712634,0.05114959736016004,0.052951284823870765,0.054792139406357805,0.056157533348826415,0.05747791430418067,0.058841164641904614,0.061872539939820385,0.06713228692614602,0.06868387894492137,0.06975797017416994,0.07055570900446669
2024-05-27,0.04566241767512158,0.04468772284245573,0.04576173186524745,0.046482573754737314,0.04736993666882382,0.04825729958291033,0.0497275151777276,0.0511497889596704,0.05297384209801024,0.05479789523635008,0.0561898028667632,0.05747805780129449,0.05892399928295646,0.06216944419701945,0.06739826982023879,0.06887300682138699,0.0695911065523298,0.07043917058959283
2024-05-24,0.04484399747237272,0.0448026531495071,0.045240168863794034,0.04588448468839429,0.04688634440083925,0.04788820411328421,0.04950476700241617,0.051086187220045265,0.05290334736255067,0.05474047629783087,0.05609925108149788,0.05741371799178445,0.05877246811921964,0.06202542190300209,0.06762118862210713,0.06899429279651452,0.06947326610566414,0.07034529852142991
2024-05-23,0.0447701511356015,0.04455487448812227,0.0447531744012587,0.045488973661734065,0.04655498838227652,0.04758698135641868,0.04920855382100794,0.050830126285597195,0.05279140888649993,0.054752691487402666,0.056106446221556375,0.057430771504967615,0.05886875361600159,0.062333543465285045,0.06763002302873748,0.06907018457952328,0.06924795464491575,0.07018561704707849
2024-05-22,0.04293541898186122,0.04301042347954837,0.043597300800966736,0.04449332371555973,0.04552904946804645,0.04658729099776115,0.048281609166893925,0.04992007069308826,0.05176885012820376,0.053637724991961816,0.05529302612396978,0.05694832725597775,0.058726901670556116,0.06186350243354823,0.06676786220172838,0.06872742034535749,0.06856719256949237,0.06952172229700564
2024-05-21,0.042221132258850796,0.04210743129680448,0.042963349606360494,0.04401445915868874,0.04510291347277721,0.04619136778686568,0.04807324603494205,0.04981498441348081,0.05167908878614515,0.053583717166910884,0.05526225198430284,0.05688545048903352,0.0583192521083607,0.061033078250066465,0.06554814668482589,0.06809756416939526,0.06891192410445804,0.06990199549535642
2024-05-20,0.04194331945013154,0.04210743129678924,0.04296377587234425,0.04401478919121666,0.04510319356010509,0.04619159792899352,0.04809347330751858,0.04981517101860442,0.05170157355435572,0.05358797609010703,0.055300550363167875,0.05688559250951143,0.058339199838400815,0.061087775981974714,0.0656134901411767,0.06812024917893586,0.06888199172896756,0.06987979217779498
2024-05-17,0.04193853035444824,0.04193814312918103,0.04296505472108086,0.04401014625599085,0.045101889947484076,0.0461936336389773,0.048143353065349156,0.04981454114509646,0.05169165932391634,0.053589405175030934,0.05526575298157974,0.056887437272697614,0.058320454792629615,0.06105469162010016,0.0655105668616662,0.06798994891599919,0.06895197887789077,0.06992824235621208
2024-05-16,0.04215168087543702,0.041935757455234174,0.04300143844051206,0.04401610937085643,0.04512142683495681,0.04619146820977739,0.048141024765377995,0.04981207324160709,0.05170104734330284,0.05359002144499859,0.055256093797134566,0.056885947185093676,0.0583635049044792,0.06108717463180863,0.06557714972032115,0.06791032783398292,0.06895233962856887,0.06992825235771337
2024-05-15,0.04236995256920822,0.0428435971005636,0.04255270951500523,0.04379592134176206,0.04493776438663237,0.04610443010639116,0.048139607244299665,0.049821743450122004,0.05173447488776173,0.05358616170505124,0.055236476203662066,0.0568867907022729,0.058544418291713106,0.06119634345366558,0.06563677887998762,0.06815958235252326,0.06883510222749202,0.06984800811460522
2024-05-14,0.04158610304409864,0.04243137781688253,0.04211216520825001,0.04327831688982774,0.044622575796760364,0.04596683470369298,0.048125414370634764,0.04983518044345994,0.05169260962347667,0.053590417698711146,0.055273450158388485,0.05690099803148306,0.05850715958792976,0.061237569706957776,0.06566225937276339,0.06811198493062078,0.06884525256198577,0.0698557882858079
2024-05-13,0.04059366692064899,0.041783432010706285,0.042112583058132626,0.04327864141959978,0.04462541417660161,0.04597218693360344,0.04793579233685619,0.04983536712913329,0.05171684425406233,0.05359832137899136,0.055313597396346455,0.05690114009326021,0.058369733113484354,0.0609243433750974,0.06541576526498805,0.0679569686569749,0.06873765947287037,0.06968577939942963
2024-05-10,0.04042047893438521,0.041781063753984216,0.041812793311752736,0.04305351279445174,0.044474372097429556,0.04589523140040737,0.04785484072093869,0.049771849838849774,0.05163652473146248,0.05352169055696104,0.05520286018835774,0.056829209070904545,0.058265908151297764,0.06081709567924396,0.06527459986963362,0.0679004549551686,0.06867606293571764,0.06961819193880224
2024-05-09,0.04042492815529773,0.04177869585455041,0.04174250952640112,0.042982475570756115,0.04442193976441871,0.045815463611475045,0.04775413534455229,0.04969280707762955,0.05156905930949288,0.053445311541356226,0.05512159174267651,0.056761431070055046,0.058221651815769,0.06063883350976072,0.06531911190370361,0.06779089237506548,0.06860667456294522,0.0695482363040286
2024-05-08,0.0402661086614426,0.041616502689159035,0.04143915200746734,0.04269484320735537,0.044237847668633506,0.04581439570515682,0.04779191030880388,0.04970423212331971,0.05160486820574743,0.053444845689799805,0.05510416038344376,0.056763475077087726,0.058245932220822944,0.06047094317243767,0.06535386002869553,0.06760200670913256,0.06867764109060752,0.06969417358846468
2024-05-07,0.040176769909776,0.04112545288766809,0.0415906324449935,0.04269516337625717,0.04425917344427238,0.0458231835122876,0.0478388524193202,0.0497044183226376,0.051554315663283994,0.053444428163509666,0.055133807544723766,0.056767493100183565,0.057940221236631506,0.06018336698768718,0.06516610919940677,0.06752724382709221,0.06850480753708077,0.06952234821018576
2024-05-06,0.040176769909776,0.041449559357618265,0.04151332926278942,0.04269548354996076,0.044258170268544096,0.045820856987127435,0.04779491650830163,0.049704604523350585,0.05157574515624107,0.05344688578913156,0.05517147368939223,0.056767634831122855,0.05813841385550012,0.06056955883281933,0.06511159093108694,0.06758000397974702,0.0685072414556365,0.0694397629639214
2024-05-04,0.03951943113944189,0.04194052916443295,0.0414461466648992,0.042616659712904195,0.04431950409181741,0.04604106104632308,0.04790458272222485,0.049707337386955916,0.05157220646967362,0.05343707555239133,0.05513102528442298,0.05676973752519272,0.05846606587326126,0.06076411216717471,0.06543440453293464,0.06780632348993224,0.06824121530175202,0.06919570087585067
2024-05-03,0.03951730482900682,0.04193814312917721,0.04144655794715401,0.04261431909458041,0.04432791957301752,0.046041520051454635,0.047893872361927964,0.049705956143912745,0.05156148152930885,0.05343739730355547,0.055131847800805545,0.05677104447749312,0.05846687100152936,0.06076382177141349,0.06543545367658557,0.0678070633543964,0.06824175725075966,0.06919585285814024
2024-05-02,0.03952155775474381,0.04185722822193877,0.04136656570127256,0.04253519441879513,0.04425367478775034,0.045972155156705545,0.047839342571282896,0.04970652998586024,0.05157380888559842,0.0534410877853366,0.05512482261399,0.056771954511585725,0.05856397608988049,0.06079258351892472,0.06543710282056507,0.06779670946762029,0.0682337993689314,0.06919011871272886
2024-04-26,0.039851339592526354,0.04205594447649847,0.04127530108644337,0.04254506204345563,0.04431159402507219,0.04604013607160022,0.047902277947829704,0.049784882921600174,0.05164105764268913,0.05351785652734574,0.05519799452232714,0.0568416077782872,0.05868282300969268,0.060919913303776656,0.06551793263308317,0.06783665797362,0.06822508282693052,0.06919372368294625
2024-04-25,0.03968255099884449,0.042060743664035276,0.04090408130494997,0.04232450439188816,0.044117472497706214,0.045969549442177605,0.0478297010291725,0.0497102938423981,0.05156430252201429,0.053438911298070664,0.05510807801983493,0.056777244741599196,0.058630234821038144,0.06094658008124459,0.06543883653660826,0.06789004746965821,0.06811226353945644,0.06909376818093009
2024-04-24,0.04009954524547409,0.04166795632229967,0.04062670813965797,0.041882918910201364,0.04380786085574882,0.045753956009489116,0.047710071375895384,0.0495413283146587,0.05146156261518236,0.053445101343195814,0.055116934564936514,0.056788767786677206,0.058965260867506746,0.06103591645130171,0.06564251955300289,0.06805973636182223,0.06798260928575639,0.06900510223387714
2024-04-23,0.03877891512226288,0.041275091824395316,0.040325642990869714,0.04166220680090699,0.0436211662831195,0.04560165279260908,0.0475960742676296,0.04954713875406271,0.051491231718566045,0.05345668834201996,0.05518199998237298,0.056797185347809837,0.05897682083657983,0.06118196174670246,0.06574694218279117,0.06819209898999422,0.06819852138367986,0.06920776017779437
2024-04-22,0.03877891512226243,0.04107863063244856,0.04032604465670301,0.04151834436945164,0.043549714576392576,0.04560340753286033,0.04755921863929544,0.04947251211298197,0.05141961382217128,0.05338811225343958,0.05505301549294575,0.056681725183767,0.05913410945212202,0.06121088911826616,0.06573806432176352,0.068087169794968,0.0680145697531213,0.06904211106163449
2024-04-19,0.03811347100390395,0.041172263347820766,0.03995506782249289,0.041216229070444504,0.043598489998427706,0.04598075092641091,0.04773012138534294,0.04947949184427496,0.051428181428429746,0.05337687101258453,0.05505137669688502,0.05668948008370071,0.059140143878850145,0.06138112643671289,0.06563403486473951,0.06809168212423071,0.06801790574652197,0.06904425666317604
2024-04-17,0.038113471003891446,0.04176616038990789,0.040503118869940936,0.04084678547586902,0.04339858457476655,0.04597842542200361,0.047792380144904445,0.04949055052379034,0.05139809410160289,0.05336852373143124,0.05503012518744391,0.05669172664345657,0.059124767522675245,0.06129909465331727,0.06589827829487697,0.06786044108579294,0.06795291855168026,0.06929056608375822
2024-04-16,0.03778567447259165,0.04137331518390653,0.040182547634049944,0.03974026768996909,0.042621505415831096,0.045534405094724555,0.047320208888034614,0.04906719085975098,0.0510232043259692,0.05300071244566233,0.05473064641365454,0.05635015906454086,0.0586664497793568,0.06105422785786782,0.0655924743208272,0.06815500857796096,0.06744645574147784,0.06883273785598892
2024-04-15,0.036951162729542214,0.039407930864397624,0.038888524354356455,0.03922041357126932,0.04221787362281026,0.0452482727957967,0.04707124151391648,0.048854580477294525,0.05085225606273193,0.05287188412713018,0.05451683765018115,0.05612603131403536,0.058744690094722454,0.06085600483017391,0.06545749523026831,0.06756043150037884,0.06786677813529986,0.06915624836308647
2024-04-12,0.0367027627005166,0.03684635343937553,0.03855619009749084,0.03855182042171747,0.041870168941997375,0.045188517462277276,0.04702922696707558,0.048869936471873876,0.05088007815428319,0.0528902198366925,0.05453314508083525,0.05614035455880098,0.05856549330975322,0.06064164370898045,0.06513611742864858,0.06750282922502764,0.06800586159068028,0.06922972008038092
2024-04-11,0.03151266262483042,0.03473238793586657,0.03628332663259137,0.037919988149034446,0.04144956930348695,0.0450955102762181,0.046950424657760274,0.048805339039302446,0.05077522548884044,0.05274511193837843,0.05437390858379052,0.05600270522920261,0.05787085888772007,0.06007202900871269,0.06475983796763121,0.06701498191379301,0.0681183033632049,0.06926220279994058
2024-04-10,0.031224127260948926,0.034486003688330165,0.03596593185992897,0.03792027256885386,0.041491700191972965,0.04510237427248899,0.04697633802014361,0.04880956342545791,0.05074384400874849,0.052741892083795906,0.054370522056583354,0.055999152029370794,0.05763961600506122,0.05996934080452624,0.06456854421459567,0.06708524789399488,0.06824433375374449,0.06945935526673587
2024-04-09,0.031224127260948926,0.03374666877778004,0.03563443433489532,0.037775827939318045,0.04142202737241625,0.04510829493115289,0.04698119465058307,0.04881337915872129,0.050771027933877826,0.052750189332937174,0.05443178321741411,0.05600604132203082,0.05756629851490411,0.059886311459046694,0.06413875291286945,0.0668634256720384,0.06763353148649633,0.06920263370954667
2024-04-08,0.030796260858445057,0.03362834982497595,0.03531261160912582,0.037698913325959954,0.041383925250941894,0.0451094318124621,0.04698282892662696,0.04881550001657084,0.05077249482616234,0.052750995073221875,0.05439723293829023,0.056007683023683176,0.058270161057278745,0.06017163429049218,0.0646518634461543,0.06692661193897163,0.0674764128735363,0.06929198495192526
2024-04-05,0.030945521749928654,0.03362527764605372,0.03531163295927997,0.0376258486011332,0.04134634557452218,0.045108181403171035,0.04711534656132412,0.04912251171947721,0.05093786652811121,0.05275322133674522,0.054394553573588585,0.056000204674848404,0.05838228520944009,0.06050371923748562,0.06535590142570301,0.06736810742668545,0.06784687053543874,0.06927434429889656
2024-04-04,0.03122412726094837,0.034732387935849374,0.035632073526699407,0.037700044423435705,0.04133858651708198,0.045097080547881425,0.04710697122257844,0.04911686189727545,0.05093157820314898,0.05274629450902251,0.05437135152420159,0.05599640853938067,0.05905573259110916,0.062010492009056443,0.06547626042189782,0.06769789069070756,0.06744157312296749,0.06910055187284041
2024-04-03,0.030796260858445352,0.035225065391820055,0.034659979593163616,0.037632771584016594,0.04134511785083047,0.04509825913156537,0.04717690837567801,0.049122877880804744,0.05090159961677052,0.052738960530845064,0.05436650007369961,0.05599403961655416,0.059087972828568903,0.062041934958205786,0.06527144326893526,0.06716305373352045,0.06741349865868179,0.0692312917491252
2024-04-02,0.029661697023601958,0.034160729998741174,0.03694443354550825,0.036107002638376635,0.040654907247111446,0.04525278882956862,0.04737017219631894,0.04930924959534293,0.05105708454790056,0.052824126477958824,0.054554405991810974,0.05617424213243852,0.05955619328045253,0.0626015432321409,0.06611904096005335,0.06781040203465388,0.06814311447587013,0.07025021898324664
2024-04-01,0.026305894394658462,0.032188241630137775,0.033358836381620814,0.03744029208784813,0.04148308277974148,0.04557029974297431,0.04772702045789752,0.04965908276501624,0.05142216492572914,0.053204621615680646,0.05488501110419934,0.0565288703864459,0.058315250500551835,0.062415718905485806,0.06614683291922752,0.06806174062296802,0.06994557304734912,0.07125188490063591
2024-03-29,0.024818758986975113,0.028808515635714023,0.032380977477365624,0.037147343225174746,0.041372881727471465,0.045598420229768184,0.04759371904083194,0.0495890178518957,0.051397242402174734,0.05322533755190739,0.05485160303530458,0.05645999746943366,0.05820279043114898,0.06263923881368164,0.06610193918965944,0.06816304844465818,0.07022161129878195,0.07149804374346909
2024-03-28,0.022896722544741822,0.028066122742334092,0.03140072886839818,0.037035889688451895,0.04130938938159478,0.04544650078665863,0.04745787545774133,0.04946925012882402,0.051318016235138236,0.05316678234145245,0.0548152857037521,0.05646378906605174,0.057986600685910376,0.06214394574242468,0.06591281552731447,0.06782215252661992,0.07006299444141635,0.07199069196962174
2024-03-27,0.022477966775321077,0.027326609516956535,0.031080175042769533,0.03670776201599543,0.04099769999461775,0.04538089749451447,0.04750584541045182,0.04956074009839124,0.05147191917548324,0.05332210317564677,0.05485727969103507,0.05639245620642337,0.057982126464325316,0.062070327039267195,0.06636454961270653,0.06831279802847237,0.07050383017571432,0.0724740035355764
2024-03-26,0.022328400460405236,0.027079329569036793,0.031080175042770122,0.036630749271255786,0.04097039637598532,0.04531004348071486,0.04740865299880759,0.04948420087384435,0.051342355324214384,0.05324090443654898,0.05480628091453097,0.05632005157455751,0.05829310165180032,0.06259055204431556,0.06659878835803874,0.06868398590290323,0.07100259914617663,0.0734476783820037
2024-03-25,0.022188800159700813,0.02696062427403334,0.03042368487048884,0.03637013073182559,0.04080164889586358,0.045233167059901574,0.047339237515494306,0.0494221643397069,0.05130038815781976,0.05317861197593263,0.05468041382134974,0.05616571234978426,0.05800183216602909,0.06213230444686915,0.06639479147287046,0.06835742638686507,0.07096520678509667,0.07306297292747337
2024-03-22,0.02185841982179989,0.02683103978357879,0.030422430037926086,0.036289652314948316,0.040728326194892875,0.045167000074837434,0.04725710795440021,0.04934721583396299,0.05121455256995665,0.053102409489862334,0.054611122691623805,0.05610325662743186,0.05811766144771849,0.06218408581933168,0.06676398246457368,0.06886116451172702,0.07143831080477635,0.07352530632908047
2024-03-21,0.021520645178654266,0.0268300607857752,0.030421175343108797,0.03599424490291554,0.04057478139606058,0.045009130554318,0.04710551891002871,0.04920190726573942,0.05108084062369543,0.05295977398165145,0.054454415261319306,0.05594905654098717,0.057955759425900706,0.061989329675004895,0.06645209081957108,0.06851378324694117,0.07131249119740822,0.07319432879231115
2024-03-20,0.02086235292395078,0.026782553048018826,0.031520919562493976,0.03592683683089662,0.040417791338210024,0.04500637529133459,0.047177450445743487,0.04927695169396308,0.0511478947456113,0.05295912684880267,0.05445153909952334,0.055943951350244006,0.057954586488732966,0.06205641187141824,0.06650502809562692,0.06853603661817341,0.07117159824914106,0.07287184306852694
2024-03-19,0.019984460438010204,0.026584677431819036,0.03136422712140019,0.0365167234165416,0.04091611041840388,0.04531549742026616,0.04741350268255853,0.049488452941968554,0.05140572969852699,0.053364686384575824,0.05478631020948894,0.05616106731489942,0.05835747522962949,0.06228846664548588,0.06694329473835606,0.06902535164815848,0.0717918117307489,0.07347715132907733
2024-03-18,0.020263810879657847,0.02638678212930105,0.03136422712140049,0.03644935349289351,0.04092233306281533,0.04539531263273715,0.0474541495993481,0.04949036198390839,0.051409039972147325,0.05332771796038626,0.054793737167100474,0.056243646272642,0.058699488130752805,0.06240031304174809,0.06737263622304489,0.06936785762988651,0.07217289591810284,0.07385368713006041
2024-03-15,0.020262690946495823,0.02658371626632991,0.031362893818902025,0.03659106941994492,0.04099303034178905,0.04539499126363316,0.047441551994905864,0.04948811272617857,0.05139730708180204,0.05332748159517961,0.0547940549457262,0.05624451210560744,0.058522301346892375,0.06251727722639813,0.06745086198517478,0.06936475663277424,0.07230246860934482,0.07397056160044711
2024-03-14,0.01982482280669111,0.02678060215374261,0.0314398959085471,0.036817612974311575,0.04120890173823053,0.0454600429884074,0.04754743806376795,0.049634833139128504,0.05152056841820128,0.05340630369727406,0.05489970651665208,0.0563931093360301,0.0586427048824223,0.0626297063263155,0.06744871219292908,0.06947390571093542,0.07263570541847679,0.0743803397102531
2024-03-13,0.01982482280669111,0.02658467743181803,0.03136422712140034,0.03681788918374796,0.04109155015453972,0.04545811679860955,0.04758375742158361,0.04963932198006403,0.05155329425170556,0.05340618230191173,0.054897741711426494,0.05638930112094127,0.05869498305694785,0.06263578523409075,0.06764449212270303,0.06943896190518081,0.07259080188605958,0.07434966118508728
2024-03-12,0.0196352447990216,0.025990932449806638,0.031364227121400495,0.03667324546164398,0.04107065550453702,0.04546806554743006,0.04756717226904851,0.04964321188383599,0.051503529100903486,0.053404287996602885,0.05492536312036364,0.05639629291037405,0.058442776443613446,0.06264868162619869,0.06742487374040415,0.06956518804673302,0.07272196616096833,0.07446046313140003
2024-03-11,0.017908671406777366,0.02608990225510718,0.031520919562495905,0.03677979805788242,0.04125534505352948,0.04573089204917654,0.047731207159168516,0.0497095407844353,0.05170944068809161,0.05370934059174791,0.055445512972353075,0.05716260653558895,0.059159696164950634,0.06324082984645271,0.06838904028083059,0.07071730399960449,0.07417910970079934,0.07627622396264182
2024-03-08,0.018057514379783687,0.026158247478198792,0.03174476679262361,0.03759722335038318,0.04177665032184068,0.045956077293298175,0.047941210655744464,0.049926344018190745,0.05187865124521918,0.05385241239781936,0.05558740977717324,0.057303341251259486,0.05932685740248568,0.06362235557217404,0.06904005795613906,0.07131287865784038,0.07407539863825688,0.07668983433600354
2024-03-07,0.01907643600744827,0.02625626421243352,0.0321153446627833,0.03782378651039963,0.042301336155064345,0.04663598527915466,0.04834934943928998,0.05006271359942529,0.051947041920046434,0.05383137024066757,0.055560302381197246,0.05728923452172693,0.05912032038610457,0.06344528120305669,0.0683671920352306,0.07058705735115567,0.0745366938485026,0.07703292395432258
2024-03-06,0.01769903634354236,0.02658467743181568,0.032196444471999076,0.03786267509984355,0.04219904023170347,0.046629674170777735,0.048416741350652846,0.05014489422789472,0.05201645121192098,0.05382827765390385,0.055555033449776865,0.057281789245649875,0.05898113585524015,0.06314976558089802,0.06796347994070469,0.07053455249218546,0.07510530945526106,0.07771256688678023
2024-03-05,0.018198149286885117,0.026584677431819213,0.03234325235337819,0.03800771507320359,0.042394597595542836,0.04678148011788208,0.04854483467891767,0.05028881171730451,0.0521085880351547,0.05396792470774077,0.05572772272029904,0.05742950541376199,0.05912244682289245,0.06313319695783633,0.0679394394398891,0.07051823244325506,0.07538347420180194,0.07802244379721415
2024-03-04,0.018198149286885117,0.026584677431819213,0.032421543269127766,0.038085195411817506,0.04247244935809476,0.04685970330437201,0.048622360474730265,0.0503656477860736,0.05220770042913998,0.054049753072206365,0.055787494066093554,0.05750613900510287,0.05913451773926696,0.06325042888409545,0.06794097924952171,0.070542333310496,0.07538818353015153,0.07802872737080979
2024-03-01,0.018825975591228446,0.0267499532279691,0.0324983983880989,0.038158835698449606,0.04246002241924461,0.04685574071632083,0.04859105372609716,0.050365362533845985,0.0522169693214025,0.05412961809096636,0.05580960211185037,0.05750846235768814,0.05921073720032503,0.06327606377973992,0.0679220900475687,0.07062602642149737,0.07527617769869714,0.07804559663726335
2024-02-29,0.018199052811814474,0.02675481992041359,0.03324481727128068,0.03882906045576073,0.042943651845275474,0.047149678599001654,0.04892190249834703,0.05063756606047924,0.052434472511129766,0.05441515348514227,0.056076318461040595,0.05779411406111728,0.059354573618583976,0.06361987278364933,0.06847642823257992,0.07103406657397188,0.0754862336449741,0.07829244681579128
2024-02-28,0.019197192622394665,0.02675481992041359,0.033019837317296796,0.038672801807198294,0.04280756133192258,0.04708169477321061,0.048808290174253935,0.05057242025792864,0.05240786839547209,0.05434880205816172,0.05606134533889481,0.05771923298300875,0.05951098070628663,0.0636359412852986,0.06827959102831863,0.07089574596173197,0.0755223580181014,0.0786536202877973
2024-02-27,0.018807947237023944,0.026982389127120344,0.033244817271281014,0.038827363044001285,0.042918886917595635,0.04714832732625496,0.04889504231731581,0.05064175730837667,0.052502174396551894,0.054425302173092584,0.05609000964389533,0.057790906407541615,0.05951277079676548,0.0635372387983174,0.06829850781969925,0.0710588320746777,0.0752548705624076,0.0786484898987332
2024-02-26,0.018587885182639832,0.027378100332521815,0.03309809551227243,0.038895140530304365,0.04299022629930872,0.04722334866726828,0.04897107452970583,0.05071880039214338,0.052573410905572104,0.054490536380127644,0.05617613752970506,0.057861738679282466,0.05968278202021239,0.06443472699083433,0.06872089495618831,0.07148919678130959,0.07516183727869964,0.0790504795215291
2024-02-23,0.018698153340560117,0.02737810033252204,0.033241822805935684,0.03904794968751424,0.0430692381948007,0.0473647054639476,0.049119501160986526,0.05087429685802545,0.052760616426230283,0.054646935994435125,0.05632246105045105,0.058016398469719906,0.05981528387284591,0.06440755428904213,0.06858902079134394,0.0713543836736588,0.0753749105020225,0.0783811820131422
2024-02-22,0.018698153340560117,0.02737810033252204,0.03301983731729719,0.03882425241736966,0.04290695402858813,0.047224293663439845,0.04896180371052717,0.0506438613093032,0.052490600397243285,0.054421282170998835,0.056128611257337334,0.057799223589130914,0.05959772904995699,0.06398242219789017,0.06839635436498767,0.07084224106916182,0.07546100315231988,0.07860853391373891
2024-02-21,0.01858835647974592,0.02737810033252204,0.032501260938998223,0.038308319852001185,0.042433763071655355,0.046698266175118096,0.04839627074774534,0.05013118846325579,0.05196282110553984,0.05389971999163333,0.05561672542979261,0.057278932822053194,0.059198283891715435,0.06342142163295343,0.06800650205416862,0.07057437752386059,0.07526778019483527,0.07832356032112374
2024-02-20,0.01337458523051274,0.026982389127136297,0.03211953838144654,0.03808670599597757,0.042289226175656856,0.04663340433892084,0.04831740093973018,0.0500563104731746,0.05187687044723249,0.05382444623343395,0.0554961520725251,0.05720419934290083,0.059041080055182875,0.06336677078966844,0.06787279152131612,0.07035342281876719,0.07525893858176166,0.07841046989022725
2024-02-19,0.01292458110288056,0.0271802544630517,0.03211953838141302,0.038086990992905724,0.04225037057900023,0.04655408880282827,0.04824773670231421,0.050015021466995206,0.05177325634247723,0.05367628703123425,0.055367491458015464,0.05705869588479668,0.058881919105648425,0.06317417740459147,0.06775545430093158,0.07033629816591078,0.0750612886600497,0.07810047344048711
2024-02-16,0.012924809067267319,0.027575926739360945,0.03193076764253021,0.03808564009479914,0.04210113595296018,0.046390415619632204,0.04806263970972614,0.049863496422134994,0.05161909293137551,0.05352098914971941,0.05520446113205781,0.056906432806509824,0.05874028649691462,0.06296235297837328,0.06757154667618528,0.07007763152626911,0.07494893321340344,0.07796977981998694
2024-02-15,0.013204675633728315,0.02708132422863258,0.0319335314568083,0.038122307240136426,0.042259171860906435,0.04663378732195059,0.04834423654565293,0.050127470842704316,0.05173046431224089,0.053590728338616674,0.05532523900189666,0.05705974966517665,0.05904032456181238,0.06339609641432523,0.06797879326015024,0.07026160765536078,0.07530646448125336,0.07844913044628427
2024-02-07,0.013144705848012996,0.028169289222345184,0.03201185331891785,0.03812900997509337,0.042379483493519055,0.046773231400206276,0.048583658502519805,0.05043344271575319,0.052149849778149134,0.05396490092459083,0.05560459976000995,0.05719196778153272,0.05929419416052559,0.06373164073775207,0.06808294205108488,0.07046641750648207,0.07571442096121585,0.07995730992467584
2024-02-06,0.013924244091136366,0.027773733687398102,0.03208038118129994,0.03819683993690798,0.04248750523292254,0.04692279969621848,0.04875819143529557,0.05059358317437265,0.052328641502378634,0.05412218494256459,0.05571528479006479,0.05734301724294542,0.059458239650011006,0.06387335069607503,0.06846605993041434,0.07065879688982847,0.07580273945511391,0.08007308720425675
2024-02-05,0.012924581103063956,0.02797152118046528,0.031933531456817495,0.038197125787908556,0.042486991019091744,0.04692145844907886,0.04875761548003249,0.05059377251098612,0.05240193631429152,0.05427104945928137,0.05580916320374235,0.05734727694820333,0.05942504572185963,0.06400041539563302,0.06842430913118645,0.07063896964536821,0.07564948701778285,0.08016247961153447
2024-02-02,0.012704900395406275,0.027328640689925906,0.031774137082378015,0.03835011304077194,0.042899055860090185,0.04744799867940844,0.049206930892742425,0.05096586310607641,0.052767145234624266,0.05456842736317212,0.05611378267696693,0.057676119917286946,0.05981476283376084,0.06426401836557777,0.06855753213763877,0.07110834945802622,0.07600416338898644,0.08053758067539311
2024-02-01,0.012144877898936637,0.02795174330651829,0.03148309160750247,0.0382709863858034,0.04286248096188486,0.04730260758490868,0.04916491783232745,0.05096779264631797,0.05274604030885459,0.05452428797139121,0.056046464043569014,0.05756864011574682,0.05939272198460157,0.06410753677750151,0.06838485486741688,0.07081356447546425,0.07601573259377327,0.08051707528817895
2024-01-31,0.012484554398750115,0.027575926739361194,0.028953892631370208,0.0384908560319539,0.04299740515596918,0.04730586420859916,0.04911530205636543,0.050964075509517925,0.05279773958508086,0.05457095319661425,0.056092921806642104,0.057566316950392465,0.05938283883540238,0.06397447061890287,0.06830199914748372,0.07065839365846754,0.07611308487168625,0.08020961672490252
2024-01-30,0.01148465091295874,0.02724950273147904,0.028296301100534833,0.038267085790400536,0.04283544358747139,0.047152792714373525,0.04899149450267021,0.050830196290966884,0.05269886227249559,0.05442837227667641,0.05590466035678796,0.05741304165603237,0.0593268499228343,0.06376780723647098,0.06829865246178983,0.07062924282688693,0.07586440838498226,0.08122863466108193
2024-01-29,0.011594445859597262,0.027249502731479934,0.028630044722489686,0.038862849121685736,0.04305018349289422,0.0475330944079527,0.04932778256175268,0.051122470715552655,0.05285437830012153,0.05460552930229673,0.056157714491389864,0.05770989968048299,0.05962905333917991,0.06425450118247882,0.06841699567046312,0.07085658804562779,0.0760482062118609,0.08061923306741164
2024-01-26,0.011704978630622908,0.027902297770651938,0.02862782130607641,0.03903985630777314,0.04294177103858187,0.047367113355230805,0.04894221222001791,0.050517311084805026,0.05211616070570458,0.05368025272614979,0.0551179820798966,0.05657151065731096,0.058497641926034974,0.06303028146200279,0.06731878063927793,0.06945839533290496,0.07497037656462777,0.07871982277532473
2024-01-25,0.011814957958422028,0.027902297770651723,0.028630044722488066,0.039037826416205984,0.042963051421361684,0.04737287210616623,0.04897061961865058,0.05051737518924713,0.052113518856866214,0.05367496374910228,0.05512446968498714,0.056573975620872,0.05821552709799473,0.06280779933834628,0.0669481336961982,0.06905493899021338,0.0752357716538039,0.07874747598541253
2024-01-24,0.012594725117278051,0.02790229777065172,0.028630044722488066,0.039319312129841175,0.04332396257570496,0.047373109137633915,0.04891175378216958,0.050483847223325586,0.0520548328943003,0.05367937489496734,0.05513746174871113,0.05654901391563331,0.05780320831243142,0.062440068022338174,0.06656930362795788,0.06893005203225727,0.07538772493955086,0.07903103320837136
2024-01-23,0.013034527086666376,0.028238503442417438,0.028953892631389987,0.03961837463708329,0.043792811357065954,0.048013630707270646,0.049532034929462246,0.05105043915165384,0.05276802956128762,0.054504704308806225,0.05569067329731037,0.05690242422034721,0.05870702375873005,0.06290766092702102,0.06694827457501545,0.06938271418060106,0.07559387725323574,0.07928812838305499
2024-01-22,0.012814632113497794,0.028238503442417438,0.029444421726414316,0.04006184351167973,0.04419992864918206,0.04838399251043442,0.04993739626230499,0.051490800014175574,0.052983333210463265,0.054492450108931924,0.05580267739910822,0.05711290468928452,0.05879065801389045,0.06331435604538346,0.0673118995480931,0.06954077931959445,0.07594897778187774,0.07791664500341258
2024-01-19,0.01270468011835073,0.028238503442417438,0.029765669280334958,0.04006029494139265,0.04421962462099604,0.04837895430059942,0.049936707634618716,0.05149446096863801,0.05299423949796769,0.05449401802729738,0.055797664874234806,0.05711563751069902,0.05912851794053924,0.06353212344552704,0.06723131870715453,0.06947792563267846,0.07572934312122231,0.07944836302817834
2024-01-18,0.012924353149212245,0.028238503442417438,0.030101448424627433,0.04005814690787702,0.04415177613405766,0.04838496090203992,0.0499852069613052,0.05153438133782797,0.05301156222659538,0.054488743115362795,0.05580287825595098,0.057117013396539164,0.05904529850978199,0.06328999380619123,0.06715939440736954,0.06937206054826069,0.07551955220964249,0.07953282098803316
2024-01-17,0.013594205501855992,0.029553121204804876,0.030101448424627433,0.040390790988143646,0.044583233671202815,0.048822259050740426,0.050398404504260905,0.052008813989379656,0.053371251187773555,0.05478013510883998,0.05599283549847162,0.05716683268417885,0.0591908925856057,0.06345124869658571,0.06711895101642668,0.06943353146816388,0.0767715045497003,0.07978215491969912
2024-01-16,0.014813235316675312,0.030866880140589734,0.030424939840816567,0.0408339441854672,0.04498946495484274,0.04919115817721134,0.05078301046304512,0.0523748627488789,0.05382872331381012,0.05529873788501836,0.05647972380346741,0.05768638332883927,0.0592894713835594,0.06341064116502233,0.06712804122038508,0.06955266181661071,0.0770579229938335,0.07970368669477318
2024-01-15,0.017809279204005466,0.03086688014058996,0.03497491803883572,0.04083424981961134,0.04504296626906647,0.04929844623462666,0.050915312070958965,0.05253217790729127,0.05404002646137406,0.05556462888828,0.05674086938580765,0.0579171098833353,0.059826832049716686,0.06379555683177082,0.0673393825381906,0.06967604532710618,0.07612710202874709,0.08048019768339151
2024-01-12,0.018797484118558673,0.031449400755099555,0.03512785860614782,0.0409865995220111,0.04517641010932075,0.049366220696630395,0.050982682566578494,0.052599144436526586,0.05411460540250849,0.0556300663684904,0.05680056061829898,0.05798391744228129,0.05817298790364856,0.061424987265032184,0.0648029610794305,0.0671323008233456,0.0734858786887711,0.07772132072151611
2024-01-11,0.01899709199819285,0.031449400755099555,0.035199568971748516,0.04098434563618704,0.045108077882012584,0.04937239190894582,0.0510116826929605,0.052598655685995976,0.05411163777442507,0.05562461986285416,0.0568053557786658,0.05798609169447743,0.057703447282610565,0.06114261022648158,0.06453351378430297,0.06693232288531266,0.07373234160117872,0.07695131001780935
2024-01-10,0.0191966899719215,0.031449400755099555,0.03535582560102634,0.04098977409986189,0.04515804944586126,0.04937263896237174,0.05098517589749923,0.052597712832626715,0.054105131437012094,0.05562929913700176,0.05682413238445798,0.05798083265593156,0.05779621125670207,0.06090968438851284,0.06430691263252997,0.06657181513953196,0.07388133268130515,0.07613576468837897
2024-01-09,0.019595856205599445,0.03152837361169664,0.035658520814255266,0.04106707061813657,0.045196704627009185,0.0493722234582026,0.050984019429051224,0.052595815399899846,0.05410403532312912,0.05562901324550539,0.05679058179583801,0.05797740183639526,0.057680893627398123,0.06135892416468262,0.0641973836554943,0.06645112584029499,0.07362649496274072,0.0758522512912749
2024-01-08,0.01989520488517019,0.031982407362063286,0.03595138637045227,0.03886118409588754,0.04427454606750114,0.04974805650546601,0.051315130667015534,0.05288220482856506,0.05435442102412669,0.055842995177416775,0.05708714934864737,0.05833130351987797,0.058247418723505945,0.0614649300715199,0.064433632766159,0.06671635280999696,0.07537668564771052,0.07536516231023656
2024-01-05,0.02109237685328976,0.03206135929032793,0.03625038828793106,0.03934180722739462,0.04459911277398261,0.04974212906955782,0.05130636210825147,0.05287059514694513,0.05435775455313666,0.05584491395932819,0.05707701875056562,0.05832266315489357,0.05810613475542041,0.06149531551675931,0.06477164680312862,0.06700443256892427,0.07502588591043535,0.07555543816734228
2024-01-04,0.021990022034497386,0.03206135929032771,0.036214910482284215,0.043331528802931785,0.04655791371324352,0.04989428901822497,0.051466375455751424,0.052988288921867466,0.054490761306105175,0.05599323369034288,0.057195483003948916,0.05839773231755495,0.05830595154056978,0.06258414966064617,0.06540893568698689,0.0677368695599605,0.07490424436263117,0.07577007509421978
2024-01-03,0.023734869921816417,0.032663265839055856,0.03696615678800218,0.044201354333584096,0.04721343240832843,0.05025897801723659,0.05178317695407419,0.05334051065040825,0.05482530955903575,0.056360726612275557,0.05757209247677543,0.058744797728578504,0.0585550278262985,0.06293090636082489,0.06592749191810593,0.06819020124167152,0.07522815616267997,0.07617104251498215
2024-01-02,0.02535939049379683,0.0333537563576881,0.037941171104866334,0.04413452671761908,0.047587886240083255,0.051079616423908146,0.052635368768094715,0.05424185216698302,0.05578795054232414,0.05740513390043956,0.05855011611356583,0.059719989244368755,0.05929980218814039,0.06363626008194158,0.06635417388144392,0.06862688452316722,0.07639349122592756,0.07726540073475816
2023-12-29,0.025566327682608005,0.033781505041086596,0.03433561402909844,0.044112060208317094,0.04776363729731905,0.05141543367391943,0.052986188764516315,0.0545569438551132,0.05621516808784883,0.05787339232058446,0.05908275464237023,0.060278971721527894,0.05971672879338774,0.064191234032444,0.0663992136405765,0.06877454106950434,0.0770964775316192,0.0779067357781228
2023-12-28,0.02556555805294779,0.03374464798891701,0.034333681441603266,0.04403237536859469,0.047562380009922405,0.05133330094640128,0.05290727521004813,0.05448124947369498,0.05613794541847814,0.057794641363261304,0.05900028745655705,0.06020593354985279,0.05964263689326113,0.06390002874744978,0.06624115535189697,0.06868567309635239,0.07707738010154254,0.07786865171336882
2023-12-27,0.02567437286296816,0.03378357797306175,0.03433652306678993,0.044114016882175394,0.04768669025779849,0.05133931081052296,0.052930282113536835,0.054470477736667286,0.05607498691200077,0.05778889444019789,0.0589936337073315,0.06019837297446511,0.059577160455091024,0.06390604222031238,0.06595837623143017,0.06851984182429924,0.07726170606200967,0.07800801988354682
2023-12-26,0.025564018932629752,0.0337830722384475,0.03433618100481551,0.04403692999791437,0.04760922242024425,0.051261564390387315,0.052833989897724934,0.05438932382346105,0.05602979760042352,0.057706726350207384,0.058932369210937356,0.06011889581015467,0.05974187441285743,0.06364770150239009,0.06588522796513803,0.06834399380632841,0.07721801991769325,0.07795549911094946
2023-12-25,0.025344084890918623,0.03378256651897405,0.034335838949656146,0.044036600372772204,0.047609000943180886,0.05126156439038585,0.05283398989772281,0.05438932382345828,0.056029797600420074,0.05770672635020325,0.05892156040893116,0.06012318974962942,0.05986621210552303,0.0635553769740302,0.06599635602269825,0.06813367134058493,0.07720508992383235,0.078019035917841
2023-12-22,0.02511267782697188,0.033620298705112614,0.034333228427378376,0.043956258627092515,0.04756460978081417,0.051173936252443854,0.05274501192561586,0.05431608759878787,0.0559748469913659,0.05763360638394392,0.05884297352045497,0.06003919536200394,0.05945707284431353,0.06342170090539845,0.06590859250721838,0.06826622797857969,0.07695082865185492,0.07784804410243983
2023-12-21,0.025111922012915774,0.0329621786874199,0.03433130460935023,0.04338718629243785,0.04687963156030099,0.050611240833743125,0.05218730368348131,0.0537633665332195,0.055420118887298184,0.05707687124137686,0.058283428099494945,0.059489984957613026,0.0589609816795315,0.06294300365089374,0.06530362559021595,0.06773410594289239,0.07633543247867684,0.07723172985253579
2023-12-20,0.025061359110707435,0.032961685293327984,0.03433412877608021,0.04339191260266327,0.046964315590590264,0.0506174361387401,0.05221180638118167,0.05375529246694957,0.055358728094249465,0.05707148887795617,0.058277955732896555,0.05948442258783694,0.0589071449452317,0.0627228280894451,0.06519869978760379,0.06738540684090132,0.07652819644244661,0.07731544661007424
2023-12-19,0.025170176468484316,0.032961191914012984,0.03465618173112828,0.043391587820191105,0.04696409653030477,0.050617436138740014,0.05219735602927043,0.05376010287751246,0.05539994500900278,0.05707622807674843,0.05829797456967728,0.05948072915325735,0.05881256815137436,0.06270897625401484,0.065306765753972,0.06751275670284627,0.07664359163603969,0.07742794714799163
2023-12-18,0.025498105929761393,0.03288180582877535,0.034655836512197766,0.043314455686428346,0.046886925668076784,0.05054033662665256,0.05211571312967133,0.05367396597504859,0.0553382537043301,0.05703952560537342,0.058251174437318864,0.0594496531732649,0.05868090530695125,0.06269147840871157,0.06524849801258767,0.06758341662025592,0.07703986476369391,0.0776243243992464
2023-12-15,0.025834392577748742,0.03287748166232664,0.03465319548478551,0.04355094191114173,0.0471216734654408,0.05069412120192277,0.05226546742131544,0.05383681364070811,0.055436631683871154,0.0570364497270342,0.058244761695290706,0.0594399398378053,0.05862263906700916,0.06266855356759392,0.06512983488689206,0.06732793008028791,0.07725141642296666,0.07778781644778446
2023-12-14,0.025604580073969416,0.03295872523897099,0.03465124745279763,0.04362484763104997,0.047039606109732436,0.05068900194411959,0.05226205334947371,0.05383510475482783,0.055434637545412044,0.05703417033599626,0.058237719026551164,0.05944126771710607,0.05858152841416992,0.06288690669488857,0.06532832875689684,0.06763424108193816,0.07697147193358451,0.07751828242489928
2023-12-13,0.02588262490243624,0.03307655633790746,0.03547435096464853,0.04362961521435387,0.047122066188784985,0.05069418760706038,0.05228603172416106,0.05382707230560959,0.055374849759140615,0.0570281574935942,0.058231957105359465,0.05943575671712473,0.059197132538217914,0.06439214987871815,0.06577112303759641,0.06822343807059218,0.07674833137913221,0.07739484733259588
2023-12-12,0.025881846126299294,0.03307606129104144,0.03547399761686466,0.04362928866981962,0.04712184743084146,0.050694187607060404,0.052271607975817175,0.0538318824710005,0.055414793334926694,0.05703287999582903,0.05825193240817169,0.05943207889246086,0.05901878926350384,0.06496749423196828,0.06598292062830635,0.06847927857596038,0.07660336371307813,0.07719438680804135
2023-12-11,0.025881067397025854,0.03307556625899383,0.03547364427611786,0.0436289621301734,0.0471216286687994,0.05069418760706042,0.052271607975817154,0.05383188247100045,0.055414793334926674,0.05703287999582904,0.05824114166813891,0.05943627006140194,0.05919539639767286,0.06494880729811942,0.06604283240911456,0.06845333904125508,0.07658142357553366,0.07717563496589577
2023-12-08,0.025988244290479006,0.03307123658534123,0.035470910898920203,0.04362544077020966,0.04715770782882613,0.050692415837547716,0.05226343207542285,0.053834448313297985,0.055434858319037876,0.05703526832477777,0.058243289273967554,0.059438179560666146,0.05884055630998047,0.0649841860712112,0.06600877659993899,0.06851530016290802,0.07659901885815025,0.07718812857802976
2023-12-07,0.02609696897567219,0.033162317008004094,0.035468886765698475,0.0437089278725635,0.04712407582678971,0.0507746817058389,0.052342691871531274,0.053910702037223646,0.05551018611033652,0.05710967018344939,0.05831328996002795,0.059516909736606505,0.05912709853552569,0.06499453171563949,0.06589257456862758,0.06852770780253843,0.07647256856530064,0.07707970309852694
2023-12-06,0.02621563855532129,0.03316182072214778,0.03547187767796249,0.04371370223760599,0.04720708165547992,0.0507809126015409,0.05241215605591939,0.053991338548987924,0.055496530357823134,0.05710434888089711,0.05830625035170058,0.05950815182250405,0.0588935201414331,0.06456100906252896,0.06597705224620921,0.06846118588838244,0.07659845332120784,0.07712061180816512
2023-12-05,0.026095398855405162,0.03316132445114828,0.035471524379445986,0.043713375080865126,0.04720686253927165,0.0507809126015408,0.052397331406061294,0.05399618044096743,0.05553552727607438,0.05710908181862816,0.058326180425666875,0.05950443546014053,0.058715307654398315,0.06480615618986986,0.065750028170125,0.06829403333100721,0.07666387564010493,0.07721936008483615
2023-12-04,0.02632355174416008,0.03316082819500221,0.03547117108796686,0.043713047929021184,0.047206643418958166,0.05078091260154076,0.052397331406061246,0.053996180440967385,0.05553552727607434,0.05710908181862811,0.05831541152003579,0.059508628942080345,0.05871405249094032,0.0647140489932683,0.06579739111402363,0.06845159861410399,0.07660890135875838,0.07717707454370902
2023-12-01,0.026151977974423958,0.030690944818252488,0.03546511807142657,0.04378627875638797,0.04729162421299729,0.0508001299161416,0.05251372603961527,0.05415361910401481,0.05567963957551176,0.0572056600470087,0.05842709982277956,0.059583569397711554,0.06018153505422351,0.06494675129989741,0.06563894427377669,0.0682673786366134,0.07658609166590387,0.0773092943116615
2023-11-30,0.026280575159213917,0.030694093705735795,0.03547142093481009,0.043783398746815215,0.04723195640892619,0.050801403282388434,0.052540913770383876,0.054153584951962985,0.05567546519697314,0.057197345441983294,0.05843114776858809,0.059586196755196844,0.060224998744343394,0.06494282394203835,0.06564981239733983,0.06827795766794775,0.07657741295527754,0.07730261332111076
2023-11-29,0.026279125914136104,0.030693631883463086,0.03579315105987124,0.04386493730287383,0.04738970809001319,0.050879202566867406,0.05253764455555751,0.05423213963095828,0.055786282868370576,0.05728919061443961,0.058535944120159944,0.059667019465555714,0.06022539888243149,0.0645607695830371,0.0663572699993422,0.06890602163211734,0.07612047378794304,0.07746586015920165
2023-11-28,0.02627834412303937,0.03101886638774577,0.03644647738014334,0.04382623026395774,0.047407952432954294,0.05087638152900322,0.05255724243020828,0.05423810333141334,0.05582164504370188,0.05728726343699021,0.058462869234676675,0.05966403168013893,0.060372281888370675,0.06473952977657667,0.06654421897951049,0.06898889938408583,0.07609500332301697,0.07763249810560707
2023-11-27,0.02639697188073955,0.03151177099262843,0.03892133196171784,0.0432308473653568,0.04707329894798628,0.05079432097291634,0.0524804248042077,0.05416652863549906,0.05570702752433322,0.05719729275374888,0.05835472903191537,0.059512165310081855,0.060118621577692016,0.06447459455377465,0.06634187471021094,0.0690855534089972,0.07545716540471821,0.07738606878315733
2023-11-24,0.026642055879230745,0.03151034872457439,0.038916172187859116,0.04322739315934981,0.04700561049983675,0.05078802977129841,0.05247797809115253,0.05416792641100665,0.055699640620695684,0.05719805669539148,0.05834930289558362,0.05951320015292073,0.05997217151295377,0.0644658510900777,0.0662210969466586,0.06892480244435456,0.07593493524398715,0.07779366561721865
2023-11-23,0.0270802844956398,0.03150987466375322,0.039163142204856005,0.04361802916871215,0.047303842228039336,0.050872108993340666,0.05262530924267059,0.054322556292553816,0.05584095707154013,0.057359357850526455,0.05855624484949562,0.059753131848464786,0.06003228623894743,0.06440406855200266,0.06608312051306714,0.06887007635298387,0.07609455385433862,0.07792846641057559
2023-11-22,0.027079479014217017,0.03167710665872304,0.0391627507691201,0.04362275880546739,0.047298958360456854,0.050705358844392784,0.05249190529903726,0.05431728972008704,0.05586872742246293,0.057369018826958294,0.05855300867092402,0.059749867969715466,0.060126492751570816,0.06428321652143594,0.0672061707759929,0.06982512484017353,0.07597958007035,0.07767090684991677
2023-11-21,0.027198037564307456,0.03232758175569324,0.039240225644282194,0.04382393451213564,0.04740068534437982,0.05086502127282447,0.052674133833066156,0.054483246393307844,0.05606498481189178,0.05752893419930457,0.05870515133798762,0.059906938414468126,0.05870634562672213,0.06480573930230707,0.06743273869250592,0.07005765536747824,0.07599827854707544,0.07770450294278865
2023-11-20,0.027445884682256803,0.03232709542187068,0.039278764505587614,0.04390035803393906,0.047477742538467496,0.050942795254807355,0.05275116039659265,0.054559525538377944,0.05615850230926163,0.05760599707027213,0.05879665795443344,0.059987318838594754,0.05851986956468615,0.06496443045755662,0.06743240649437438,0.06985728585105486,0.0758218747614156,0.07753726336105911
2023-11-17,0.027820009303405134,0.03232563650819986,0.03943894426989347,0.04413659448102286,0.04753429494174733,0.0509364899854876,0.052745387362387236,0.05455428473928686,0.05619775930495748,0.05760645178981802,0.0587884492539004,0.059983435701104565,0.060316753946909066,0.06421516155067843,0.06741339697886353,0.06943227155491523,0.07598697828447849,0.0776697120892408
2023-11-16,0.02856621743951441,0.032325150232905026,0.039763717276683215,0.044795085642465704,0.048041895477712676,0.05118582101356844,0.052972119693481215,0.054701408841056356,0.05634947461198851,0.05776210241564464,0.05894947220792043,0.060136842000196214,0.06052530112147601,0.06574324619589945,0.06758577030844497,0.0700259017715913,0.0759632298184542,0.07761688074732692
2023-11-15,0.02931092097119667,0.03446323605485664,0.04073582469393262,0.04502049098016578,0.04838205367593176,0.05149754336823843,0.05319753314435267,0.054934479219947645,0.05660831568873254,0.057991792770075164,0.05920088319754696,0.06037138563265263,0.06070982330128073,0.06629794713079594,0.06808501528044678,0.06991116329930902,0.07622457341205972,0.0781343738631547
2023-11-14,0.030919088755174386,0.034955146333794374,0.040822907396593,0.04601622469995434,0.04892151393697234,0.051736077689251196,0.05340196518632491,0.05506785268339863,0.05683207776933102,0.05822948377799034,0.05939849332471754,0.06059291612246056,0.06046723211463527,0.06691105970182117,0.06870989286120377,0.07097984400432121,0.07633479113403066,0.07844422232257077
2023-11-13,0.03067893072918711,0.034954620526453574,0.03887694735029332,0.0461786040462202,0.04904084311662931,0.05181378352883245,0.05348257186050608,0.05515136019217971,0.05675506746740082,0.05830647994016906,0.059488747793587086,0.060671015647005104,0.06111687329668861,0.06772922490416923,0.0686819008838923,0.07093722885361602,0.07639172118454014,0.07840572239096723
2023-11-10,0.029918966119732188,0.03512043139937851,0.039192972565971304,0.046337420390495834,0.0493508900921507,0.05236898126290147,0.05388142676591054,0.055393872268919606,0.05698151801897375,0.05853464973098324,0.059716812511439274,0.06091196609168054,0.06151294785152688,0.06780332148382508,0.06903219667789137,0.07136713201858408,0.07620533522792887,0.07826144763198552
2023-11-09,0.030731738056796583,0.03544478848666338,0.04162740771718091,0.043498359306539974,0.048006485886810515,0.05237267866676401,0.05394729007794718,0.05547164793345429,0.05699962058935094,0.05852759324524759,0.05974996270175111,0.060972332158254636,0.06154948593657814,0.06785472869299432,0.06926411000704205,0.07157984405545036,0.07612651058881542,0.07815345806390056
2023-11-08,0.031345632990910054,0.035444255354052566,0.04170470400626334,0.044136205014091226,0.0484104809079955,0.052372678666764046,0.05389460311308292,0.055449612873452195,0.05701690081424872,0.05853251992183218,0.05976415611742319,0.060956484774857045,0.060660605756385495,0.06773586569358954,0.06925251233922546,0.07197410309389744,0.07618837768625218,0.07796427507758498
2023-11-07,0.031479646263002974,0.03544372223747958,0.0418694091927294,0.044135874764509274,0.04831917214303656,0.05237267866676408,0.053913721756408184,0.055454764846052294,0.05705315698485509,0.058532519921832143,0.05972958646162273,0.060952676187060933,0.06061827265833139,0.06780899683556128,0.07006345655686905,0.07252909298806215,0.07586050612467518,0.07799118546344395
2023-11-06,0.031657476459096695,0.0364273251406824,0.042034090667069424,0.044461560163170474,0.04859818863866606,0.05260659344473439,0.05410442157826236,0.05560224971179033,0.05717033285151905,0.058687282845387045,0.059941981483102806,0.06119668012081857,0.06059297498325894,0.06874496736898532,0.07054519545218983,0.07245337237271064,0.07624704179106669,0.07798373847542958
2023-11-03,0.03258631309723337,0.03667162913661386,0.04198939562120625,0.044131983676756345,0.048443603593357025,0.052762744983585075,0.054310133458246986,0.05585752193290889,0.05736541186807154,0.0588405215872524,0.06013666798934228,0.06144705775848809,0.06080555494462413,0.06986204385851898,0.07106473817672768,0.07425931895145009,0.07600113718859411,0.07786483292218292
2023-11-02,0.0329444082610089,0.03704485468919125,0.042110094376848886,0.044129085264728696,0.04847759398992464,0.05283368854001416,0.05438873019707571,0.055943771854137264,0.0574341591544746,0.05892454645481194,0.060098510134981756,0.06127247381515157,0.06063680491322175,0.06992296424650465,0.0711694642490855,0.07415969548645088,0.07569973702204023,0.07759673925088229
2023-11-01,0.03279452833208308,0.037042618434243106,0.04210967357467451,0.04413389337081539,0.048593316008500975,0.05291808467666497,0.054336448183474405,0.055851518293020846,0.05738625246120364,0.05892098662938643,0.06014290396252654,0.061364821295666644,0.060822207256645854,0.07027408703808637,0.071478077627015,0.07380854927750452,0.07617273933871495,0.07790945034737548
2023-10-31,0.03184048555147984,0.03710921739719467,0.0421092527809102,0.04413356315582894,0.048614659743764624,0.0529147462643877,0.054344666430027,0.05585676591553063,0.05741336496912686,0.058920285329523196,0.06010041132629211,0.06136100045920436,0.06120965883721904,0.07063863061604422,0.07199907446897541,0.07488342467319757,0.07587166176265916,0.0775537728559316
2023-10-30,0.031094817718024213,0.03723479048864623,0.04218650904385507,0.04413323294578388,0.048677112917191234,0.0529920693317464,0.05441877176056871,0.05594501156814607,0.057454986369623165,0.0589977867102628,0.060186128331145845,0.06144276544748193,0.061158943376275685,0.07096196834094752,0.07208946551332343,0.07487474395226391,0.07595187807930512,0.0776870762242472
2023-10-27,0.03138854395071988,0.0374737478357536,0.04218063208172342,0.04412967863586435,0.048904703419979594,0.05300501238746386,0.05447535970561837,0.05594570702377289,0.05743992716492029,0.05891790578279434,0.060126653595804935,0.061362262471326874,0.060839224488300835,0.0710246047695247,0.0722196470778747,0.07487009084290669,0.0757942325645086,0.07779353475218273
2023-10-26,0.032480989550325357,0.0376488694139599,0.042107148938230095,0.04412678665253518,0.04895583839194004,0.053003809254801214,0.054489768662686705,0.05594377195427358,0.057419017896497955,0.058910475332592936,0.06013024385039983,0.061363565351737905,0.06063043322671971,0.07089552084416231,0.07219621146218652,0.07474911702618331,0.07554366533575246,0.07755914234460348
2023-10-25,0.03257927898427805,0.03782524227313461,0.042184401362394465,0.04477386523743413,0.04929335097004104,0.052924568760405404,0.05435519298255791,0.055832980640605545,0.05731835496800306,0.058820052090207145,0.06003324631914066,0.061259920483951215,0.060714384263088866,0.07105232758184828,0.07244392217260166,0.07492785663722709,0.07592984637878358,0.07819691003806438
2023-10-24,0.03345161965059341,0.03768706314374152,0.04206746956941612,0.04477353025165828,0.048890287613953774,0.05292581978411755,0.05433504934289433,0.05575976494077855,0.05730342252817037,0.05874854878019676,0.0599438161348126,0.061178487907712485,0.06089917570549366,0.07103853675582594,0.07343197313117489,0.07580590165450574,0.07522572157119202,0.0776394763803872
2023-10-23,0.03270636242109956,0.03726377675607677,0.04190197723758091,0.044773195270884227,0.04893120687621259,0.05300730062895101,0.054415004415801896,0.055838177475035757,0.057309239224216074,0.05874832137015334,0.059957318921878604,0.06117960216098547,0.0605920747808141,0.07130290857917403,0.07367664186037086,0.07587077400051573,0.07512941126992993,0.0775678986226589
2023-10-20,0.03058802336714019,0.03599035951324313,0.04165346337185289,0.04476955770652556,0.048849837693557385,0.052938957427807916,0.054349893851255306,0.055760830274702695,0.057237288656817875,0.05868165011758272,0.059885563258598166,0.06110270621435004,0.06051555118294921,0.07104886755285779,0.07375605978913793,0.07606892048592452,0.07502122669149469,0.0776115187371243
2023-10-19,0.028602051991575013,0.03500893023770984,0.04145355264922474,0.04428744939667178,0.04856712055913382,0.0528560634410307,0.05427526715329368,0.055694470865556664,0.05714713860330693,0.0585998063410572,0.059813144424484835,0.06102648250791246,0.0605928588956402,0.07062180939646195,0.07302794089651791,0.07542066592883322,0.07471586071779635,0.07774833117031163
2023-10-18,0.027488525595190928,0.03486917100744898,0.04129771368713095,0.043975836697166176,0.048561981885218,0.052864774399324826,0.05425895287898991,0.05569909328655604,0.05714706683206883,0.05859504037758161,0.059812704366119934,0.061030368354658256,0.06087997542865251,0.06937736129101611,0.07185135470814515,0.07428849001220068,0.07390159162352063,0.07646220822711838
2023-10-17,0.02723930834215264,0.03487009027411579,0.04117100636651553,0.04333275119378186,0.04810615653689799,0.05278635572734462,0.054202694098915774,0.05563459662841627,0.057167347303704194,0.058602262829505654,0.05980335179364395,0.06104403709725933,0.06068039481846846,0.06940842024560684,0.07172153528580698,0.07398215230230387,0.07405891160758023,0.07657816615739556
2023-10-16,0.026990090352741525,0.03458411469961192,0.04092768942887866,0.04333242700941917,0.04806801001217786,0.052711263594879786,0.054125920777571696,0.05555612364358989,0.057057910314121586,0.05852704944833738,0.059742223015033194,0.06097075013740698,0.06068608981804583,0.06929744162750578,0.07160063242910063,0.0736125888205069,0.0739933331736999,0.07662288952484884
2023-10-13,0.026987059489154964,0.03444196827891089,0.040922166747696456,0.04332899545188213,0.04801426489711572,0.05271067396633503,0.054133815091947576,0.05555695621756011,0.0570602649106014,0.05853089297988092,0.05974446156050136,0.06097136605959016,0.06081197439261026,0.06919046939464985,0.07156813238812597,0.07371488863190331,0.07397207191248094,0.07660731829472303
2023-10-12,0.026738488373989414,0.034444234349572576,0.04109122781608312,0.042846402542825436,0.04777025739415269,0.05270581912642782,0.05420094386614792,0.05569606860586801,0.05711283032053522,0.05852959203520242,0.059859829269727036,0.06119006650425164,0.061200544337524816,0.06941616152271535,0.07165758224778243,0.07377088355884819,0.07427881133646473,0.07708689903379216
2023-10-11,0.02698608136778041,0.035290114703349675,0.041168538376684334,0.04381049279423852,0.04839897705471619,0.05270484212847252,0.054160708839182656,0.05566457115574038,0.05713106890400588,0.058597566652271366,0.05992288296525027,0.06124819927822918,0.061215086823284304,0.0696675339265472,0.07178244332053002,0.07375053037747066,0.0738457725629915,0.0765802668788332
2023-10-10,0.028346125823524925,0.03585036407550915,0.041653776554043724,0.044768840976910855,0.048812196539790124,0.05277742718795598,0.054240951667584185,0.055720558833801705,0.05717420468373044,0.0585962495369216,0.05988715734680762,0.06122062255701956,0.060812612240155155,0.06969715514270919,0.07213534866380789,0.07361190113874565,0.07374780903149551,0.0764980343571284
2023-10-09,0.028762371657234335,0.03659727477753579,0.04202233217466559,0.045410300033133066,0.049165523928019955,0.0528482997734878,0.05430634914941965,0.05578042104596612,0.05724542917381221,0.05867858929887903,0.059981697116989204,0.06129912480123246,0.06215905673493617,0.06974398178230534,0.0722142909765894,0.07380967712458963,0.07375242307118263,0.07653784385714621
2023-10-06,0.029583086700550452,0.03683825968346066,0.04217184680323929,0.04452533431719142,0.04865501422402438,0.052840883634707084,0.05431560992271427,0.05580672205836598,0.0572599658708521,0.05868161742654504,0.05999290611969311,0.06131860457869995,0.06098472911025498,0.07002000351418915,0.07238796462962907,0.07407012006472422,0.07409298868940598,0.07661023654444948
2023-10-05,0.029910546921733405,0.03684088086308798,0.04226333219522774,0.0447619291056026,0.048853634357556686,0.05300101242028389,0.054513645432170306,0.056043085477522125,0.05739837205668711,0.0587536586358521,0.060110119978630826,0.06146658132140955,0.061521666051482904,0.0703605755698463,0.07282203020967079,0.07426042069062909,0.07442897774999424,0.07695513014479909
2023-10-04,0.02958209410102753,0.0363487175056457,0.04193285866874265,0.04476683158840507,0.04902181859077593,0.05301554207532673,0.054502641644270426,0.056038766473728754,0.05739385449756492,0.05874894252140109,0.06010641143545088,0.06146388034950068,0.06140663954133718,0.07017853818779414,0.07261461605877907,0.07434341318223923,0.07432463303280577,0.07685326456399054
2023-10-03,0.02841966718768864,0.03604331805927925,0.04120410392867119,0.044651510162832905,0.04866946446247261,0.052610605985613935,0.05411974206734509,0.05564546206206231,0.05717195698154076,0.05860101605509505,0.05993722613806247,0.061317487102885954,0.061417809605000644,0.06931717521040127,0.07197725012547375,0.07397194409751816,0.07385004363123195,0.07625884113107055
2023-10-02,0.02809115519423473,0.03517714084933427,0.041203692303360226,0.04465117614745143,0.04859476179010382,0.052463071580430794,0.054001703586424206,0.055557243636439525,0.05706844182743173,0.05845238122339302,0.059835855441585775,0.06123453267316526,0.06165522965537114,0.06821368020853058,0.07068199394390484,0.07270505269654712,0.07440137457618487,0.0765202053625894
2023-09-29,0.026929396649171832,0.034812885388556,0.04071248829400816,0.04380405879049883,0.048043275533429075,0.05229385130963105,0.05377641056441545,0.055258969819199845,0.05669018474264491,0.058121399666089965,0.05947909337753579,0.0608517068000964,0.0613755930181152,0.06761710342838229,0.07019833941060115,0.07236722351394852,0.07393495894040185,0.07594026085972816
2023-09-28,0.02660159142173019,0.03333567094229036,0.04039559756312259,0.04344640148046454,0.047908924427957425,0.05223588556138979,0.05373641329399405,0.05518905184364285,0.05661816017446684,0.05804726850529082,0.059410067197831345,0.06077286589037186,0.06076963901502212,0.06736939816010695,0.06992115904096742,0.07186458086475793,0.07381419050076919,0.07588402781375805
2023-09-27,0.02660159142173019,0.03320714072697612,0.04007442571005782,0.04332626842801829,0.047800505664604295,0.05223702541131393,0.053653014637727994,0.05509978623862933,0.05660108296031565,0.05805288638348484,0.059436645143313975,0.06077624138953154,0.06056392130668289,0.06721289634104832,0.06949701844461305,0.0717672735351298,0.07396426094866247,0.07593432823348252
2023-09-26,0.031138815437831358,0.03468338243596448,0.03560446128644963,0.037697069577391135,0.0414256748244735,0.04512273594768321,0.047130227762823496,0.04913771957796379,0.050958614445532624,0.05275949947939191,0.054365269438353854,0.05600594743990193,0.056115572781160375,0.06229540824804451,0.06464717891754045,0.06696901285424013,0.06906699481308438,0.07081760005521205
2023-09-25,0.025608078619702206,0.033206142436309885,0.040073625086218374,0.0430857192885433,0.0476808791251008,0.05223702541133738,0.05369401498527542,0.055151004559213464,0.056670122630156944,0.058172547095925224,0.059456216300512565,0.06073988550509991,0.060608685441206366,0.0669930147924909,0.06941153414061937,0.07176913917226348,0.07398091709839713,0.07593988594198575
2023-09-22,0.02444535615512562,0.033204645112846966,0.040068369540664096,0.04308233957636713,0.04767013519017681,0.0522692569891538,0.0536321567728558,0.0549950565565578,0.056504049454179146,0.05801304235180049,0.0592870206094945,0.06057499862826207,0.06050828699657753,0.0670161276487956,0.06897910051883364,0.07147683169801732,0.07389224258869295,0.07582522549182175
2023-09-21,0.025439156966914032,0.03271169465898326,0.03998453352485894,0.04283970888811651,0.047569175121663185,0.05215397365407232,0.05355529269415428,0.05491188878614851,0.05650293741396238,0.05809398604177625,0.059339553454462256,0.06058512086714826,0.060619121707035616,0.06669965186083578,0.06866696583525049,0.07118982589389364,0.0740181641328276,0.07595424586653927
2023-09-20,0.025280165382993307,0.03271120299778235,0.04011050606347623,0.04260415107894598,0.04736075004101652,0.05207624878023249,0.053523677600593386,0.05500257226487517,0.05661864056099341,0.05818143188031654,0.05944838310867269,0.0606748997233579,0.0609711417465354,0.06644421298547651,0.06860270093035373,0.07092538746107707,0.07412152332658505,0.07602989768927473
2023-09-19,0.02589622266822077,0.03418765889918582,0.039983734744797744,0.04236376930578953,0.04731749153606912,0.05222826112440019,0.05374409149572957,0.05525992186705895,0.05684664060697729,0.058415922877226197,0.0596541314389732,0.060919257578149484,0.06115107155097125,0.06678598252388797,0.06908859695299947,0.07144173725836309,0.07420626555236479,0.07616718901164726
2023-09-18,0.02664132681557781,0.03505310257183086,0.04055676199421534,0.04411936858448964,0.048265685828917826,0.05237592643075563,0.05387122432332187,0.055366522215888114,0.05701953400005837,0.058654380819567406,0.0598075831958817,0.060960785572195995,0.061264884871675404,0.06713392949440417,0.06922966367867649,0.07168195231621571,0.07415061562964473,0.07614842524595467
