Date,3M,6M,9M,1Y,15M,18M,21M,2Y,27M,30M,33M,3Y,5Y,7Y,10Y,15Y,20Y,30Y
2026-08-18,0.0650832385377617,0.067575812223087,0.0688561011302828,0.0672847468055946,0.0678233344664512,0.0680600060286595,0.0680596910467737,0.0683077995523394,0.0687458343754844,0.0691718242142199,0.0692295821725211,0.069230096736658,0.0748128317397452,0.0754397235303772,0.0736341811604319,0.0754984996289707,0.076941274309727,0.0782186547624105
2026-08-17,0.0650832385377617,0.0664736868966873,0.0679629879934549,0.0672847468055962,0.0678233344664536,0.0680727150426576,0.0680794280736377,0.0683075440212971,0.068751534496674,0.0691768287071796,0.0692425869164639,0.0692346397299107,0.0749167130612297,0.0754506886721135,0.0736839554537636,0.0754748434825778,0.0769244507866956,0.0782054177187535
2026-08-14,0.06404884804155,0.0701480493273182,0.0679629879934724,0.0672726198840028,0.0678218086381131,0.0680290205587894,0.0680748531401889,0.0683066869663787,0.0687536506920436,0.0691566429906061,0.0692427789455044,0.0692345784697228,0.0748013392324667,0.0753700209184789,0.0733468452652734,0.0755218339108095,0.077025620794349,0.0782753282197205
2026-08-13,0.0637254598192014,0.0701413885993222,0.0679629879934724,0.0672847468055962,0.0678168078785225,0.0680251487275979,0.0680708548374034,0.0683035228999978,0.0687542334953837,0.0691574819631062,0.0692403482040487,0.0692349060493493,0.0749184888102638,0.0753898716331288,0.0733205163268075,0.0755153045927648,0.0770205291615293,0.0782715748378292
2026-08-12,0.0638927475128122,0.07015471173734,0.0688561011302061,0.0672847468055962,0.067827555404092,0.0680186083621175,0.0680579440002722,0.0683002609921107,0.0687498146833388,0.0691566635391686,0.0692243561119054,0.0692329062556572,0.0747702578782294,0.0753180554578649,0.0733454224172236,0.0755326110757821,0.0770336196555566,0.0782811987072832
2026-08-11,0.064315855489989,0.07015471173734,0.0688561011302821,0.0672847468055962,0.0678260551087425,0.068027133733679,0.0680576528345732,0.0683060108750128,0.0687457721517239,0.0691531706133653,0.0692295821725774,0.0692300967367487,0.0748872497194199,0.0754425810452542,0.07340301808586,0.0756662054733037,0.0771644665533009,0.0784100189039185
2026-08-10,0.0643158554899904,0.07015471173734,0.0688561011302821,0.0673221432641558,0.0678260551087424,0.0680267951116508,0.0680573616713654,0.0683044346791695,0.0687514719895314,0.0691502246636759,0.0692295821725774,0.0692337454736587,0.0748842335601124,0.0754079007645499,0.073382317568093,0.0756755136528594,0.0771733796443915,0.0784145432119083
2026-08-07,0.0644422843175519,0.0701480493273294,0.0688561011302821,0.0673100030098892,0.067820386011453,0.0680265990737791,0.0680528215608244,0.0683029351923712,0.0687512289566173,0.0691566117038958,0.0692297627892042,0.0692332491669589,0.0747792109884141,0.0753948043622668,0.0733815308305673,0.0756869865020291,0.0771806092072646,0.0784194914891216
2026-08-06,0.0643158554899898,0.0701413885993222,0.0688561011302821,0.0673221432641559,0.0678147234762113,0.0680226345832537,0.0680488577668037,0.0683004179490763,0.0687514179890065,0.0691573906429616,0.0692273337431743,0.0692340215450409,0.0747478336453304,0.0753170797926165,0.0733588450221315,0.0757064073302658,0.0771205428678276,0.0783387555702617
2026-08-05,0.0644536018389709,0.0701547117373398,0.0688561011302821,0.0673221432641559,0.067825566710145,0.0680162469445706,0.0680559058926954,0.0682971603657796,0.0687470952818943,0.0691566628028172,0.0692243561119053,0.069232011333536,0.0748228164554134,0.0753344484691697,0.0734116459520971,0.0758166724389202,0.0771504790124664,0.0783754709035147
2026-08-04,0.063951788544123,0.0701547117373398,0.0671738918284413,0.0673221432641559,0.0678273460411743,0.0680247634502737,0.0680933481835349,0.0683029016428173,0.0687449042662483,0.0691531706133653,0.0692540846725908,0.0692292041108636,0.0748653726116599,0.0753295593897246,0.0734578958680896,0.0758015434503652,0.0771391681022325,0.0783688698202559
2026-08-03,0.0640797077645303,0.0701547117373398,0.0671738918284289,0.0673221432641559,0.0678268924430838,0.0680244248518424,0.0680930568763398,0.0683026461434488,0.0687503456397686,0.069150224663676,0.0692540846725909,0.0692337454736586,0.0748098274412576,0.0752439893425104,0.0734499804886884,0.0758198075475181,0.0771550258839181,0.0783782149822153
2026-07-31,0.0639406460765783,0.0701480493273295,0.0671738918284289,0.0673100030098892,0.0678221999114406,0.0680242940079463,0.0680884607940294,0.0683024106442315,0.0687506574463841,0.0691566515950197,0.0692542868753003,0.0692341050287667,0.0752157655114014,0.0756437899210695,0.0738622096656283,0.076286862212438,0.0775396855523486,0.0787707917591819
2026-07-30,0.063587688186643,0.0701413885993219,0.066806449783685,0.0669294106819444,0.0673148372606482,0.0675422548736659,0.0676128590110042,0.0678671081441703,0.0682415647889047,0.0686435831913224,0.068741574283943,0.0686422475372346,0.074668383245129,0.0750508469272228,0.073303409602452,0.075632725604176,0.07696175187258,0.0781794226635944
2026-07-29,0.0634597531009756,0.0701547117373398,0.0668064497836828,0.0669294106819409,0.0673264584103011,0.0675357775960859,0.0676089070354802,0.0678638945647281,0.0682379209543587,0.0686427543556259,0.0687391882406732,0.0686403010177459,0.0746263966283532,0.0750931651507705,0.0732644594846831,0.0756408449120948,0.0769676441909541,0.0781840530884933
2026-07-28,0.0634597531009751,0.0701547117373398,0.0668064497836828,0.0669294106819409,0.0673264584103011,0.0675441417826776,0.067615938770471,0.0678695527946205,0.068234773966654,0.0686393035328385,0.0687361875475569,0.0686375273850395,0.0745945037541326,0.07506234768455,0.0732594885375818,0.075648740862289,0.0769742125334427,0.0781898084213968
2026-07-27,0.0634597531009751,0.0685420849308098,0.0664354745208141,0.0665645922685969,0.0669564805641659,0.0671895151255581,0.0672577682253881,0.0675818654291496,0.0679607053972681,0.0683570336245204,0.0684640191623025,0.068353675849116,0.07432349034609,0.0747704036129847,0.0729694677966684,0.0753556797234305,0.0766799795469263,0.0778890063447204
2026-07-24,0.0644324488965339,0.0685357235626264,0.0664235836351197,0.0665527207014633,0.0669478765921782,0.0671891124297639,0.067256136780698,0.0675816208501782,0.0679586654318348,0.0683631721021433,0.0684635186607559,0.068354022921902,0.0744635294777348,0.0749594059257449,0.0731025827967174,0.0755926866215459,0.0768335919408669,0.0780476772157615
2026-07-23,0.064591343405616,0.067370204376015,0.0664354745208139,0.0665645922685964,0.0669414919019083,0.0671982031900689,0.0672530037725867,0.0675779262587466,0.0679583047786994,0.0683719156913824,0.0684642096472872,0.0683539832325504,0.0744847737589037,0.0749441634457915,0.0731522521304676,0.0755804091668033,0.0768240736940041,0.0780408677090758
2026-07-22,0.0647389183490406,0.0673825011872778,0.0663593642597536,0.0664990979502052,0.0669520056077178,0.0671926862764108,0.067250786596043,0.0675770197049937,0.0679541571371723,0.0683716858156334,0.0684629318364621,0.068353632271226,0.0745182800946237,0.0749556991608258,0.0731237675808837,0.0755840667676562,0.0768264918609096,0.0780430913375036
2026-07-21,0.0648766500104741,0.0676241370387213,0.0664354745208139,0.0665645922685964,0.0669515238629058,0.0671982256199097,0.0672560446174218,0.0675803486896951,0.0679507651088618,0.0683664827103972,0.0684588647800446,0.0683492615249214,0.0748364652320722,0.0752862582804574,0.0734667790852154,0.0759082376025778,0.0771511503531795,0.0783707193580894
2026-07-20,0.0648766500104749,0.0676241370387211,0.0664354745208137,0.0665645922685964,0.0669515238629057,0.0671978911589405,0.0672557573580163,0.067580095906405,0.0679563206658457,0.0683635870203144,0.0684640191623018,0.068353675849115,0.0749511915393323,0.0753882320654431,0.0735272611180508,0.0760596688650492,0.0772989866878061,0.0785114762862899
2026-07-17,0.0647275006920911,0.0676179439586199,0.0664235836351198,0.0665527207014634,0.0669467537234046,0.0671973310349282,0.067254575560273,0.0675798513536944,0.0679564474867628,0.0683696434270192,0.0684638110330748,0.0683540229219019,0.0749317408829873,0.0754000899255746,0.0735647072385788,0.0760949140449233,0.0772746999831094,0.078494641158077
2026-07-16,0.0647389183490411,0.0673702043760346,0.0664354745208137,0.0665645922685965,0.0669789134397392,0.0672341117746929,0.0672509962116743,0.0675761592779993,0.0679549850602407,0.0683702711780161,0.0684641906878026,0.0683539832479161,0.0751021078338206,0.0754826715683082,0.073598460826519,0.0761332074745675,0.0771274481521357,0.0784037732266893
2026-07-15,0.0648766500104742,0.0676241370387211,0.0664354745208137,0.0665645922685965,0.0669894719158827,0.0672258160956535,0.0672470910816818,0.0675729737419562,0.0679508296665824,0.068368330896498,0.0684617926469313,0.0683520874396825,0.0750068509752929,0.0754737746514901,0.0735844374654614,0.0760881180813105,0.0771584329654645,0.0784257523763314
2026-07-14,0.0648766500104742,0.0676241370387211,0.0664354745208137,0.0665645922685965,0.0669894719158826,0.0672341698463573,0.0672540338531125,0.0675785792463758,0.0679477135977293,0.0683648632139314,0.0684588647800445,0.0683492615249214,0.0750068336371509,0.0754737559668103,0.0735595368050756,0.0760939397490195,0.0770882513258034,0.0784724543598255
2026-07-13,0.0658603085634312,0.0676241370387211,0.0664354745208137,0.0664990979502051,0.0669860298297044,0.0672338352181441,0.0672537466108832,0.0675806141069863,0.0679513158238231,0.0683619692918579,0.0684640191623018,0.0683552212134011,0.0750054626838694,0.0754748925811118,0.0735594815270651,0.0760942149576712,0.0770901642955539,0.07847218687059
2026-07-10,0.0660942814971124,0.0676179439586197,0.0663475003762506,0.0664124199371374,0.0669039391950739,0.0671565291258269,0.0672542233670588,0.0675151379065824,0.0678751956120313,0.0682919691287504,0.0684648896400001,0.0683605073517982,0.0750106086845641,0.0754521159394946,0.0735646371265577,0.0760980999505746,0.0770914525281674,0.0784730289887242
2026-07-09,0.0661061850994838,0.0676117523864465,0.0663593642597536,0.0664242420477824,0.0668982835380041,0.0671521183591686,0.0672506825075505,0.0675115022042772,0.0678752765747363,0.0682924234096065,0.0684653344572993,0.0683604684564138,0.0750105827149446,0.0754507776375971,0.0735522839335932,0.0759835037058033,0.0766676093151555,0.0783135617053769
2026-07-08,0.0661061850994838,0.0673825011872778,0.0663593642597535,0.0664242420477824,0.0669092775154147,0.0671497464495542,0.0672467779827883,0.0675083215946339,0.0678713587261803,0.0682941149279786,0.0684629698846934,0.0683585331453761,0.0749366146464998,0.075404853871306,0.073591281180464,0.0761050006643687,0.0770963371255741,0.0784767578014761
2026-07-07,0.0651225875138072,0.0671408358983572,0.0658740590939006,0.0664242420477824,0.0669127151063144,0.0671608995719762,0.0672645385619257,0.0675139180082772,0.0678701930016158,0.0682923757936521,0.0684669881100146,0.0683557684676613,0.0749153373757274,0.0753958077848775,0.0735945744080838,0.0761069178725227,0.0770982314150793,0.0784792615438459
2026-07-06,0.0652799795154225,0.0677401117933591,0.0659406800758844,0.0664990979502051,0.0669880604523092,0.0672301379192763,0.0673302308361621,0.0675788447096641,0.06795088312349,0.0683611411881596,0.0685379953510752,0.0684355256857811,0.0749884272804512,0.0754714628398751,0.0736437449549578,0.0761591914692961,0.0771911793607112,0.0785668369642744
2026-07-03,0.0652683707617491,0.0677338975745596,0.065786251121609,0.0664124199371366,0.0669068915517161,0.0671529572061031,0.0671872869534276,0.0675138006742864,0.0678752909205998,0.0682912143085774,0.0683964607701195,0.0682905317370364,0.0748460135986948,0.0753262583124886,0.0734903756848684,0.0760201128960368,0.0770487634283259,0.0784216991271585
2026-07-02,0.0652799795154225,0.0679208904609073,0.0657979167487914,0.0664242420477823,0.0669011584172849,0.0671464637485858,0.0671840765979592,0.0675097370526478,0.0678753329001445,0.068290382112598,0.0683970936578341,0.0682902356647062,0.0748458162042072,0.0753248033363206,0.0735276242466264,0.0760402516630444,0.0770312308373881,0.0784093076195661
2026-07-01,0.0651520989897266,0.0675468167686194,0.0657979167487913,0.0664242420477823,0.0669126119535687,0.0671455048854505,0.0671801670330693,0.0675065589358234,0.0678716645724718,0.0682929328473557,0.0683946959481299,0.0682883419468913,0.07488900087935,0.0753574545600424,0.0735068071709447,0.0760375473538726,0.0770287194847109,0.0784081268827278
2026-06-30,0.0655258920185154,0.0677463275283535,0.0658799073705057,0.0664242420477823,0.0668733567002929,0.0671909083075079,0.0672256521307732,0.0675412042659651,0.0679084995062716,0.0683234087711116,0.0684350804977335,0.0683142542355923,0.0748856619368558,0.0753320195178775,0.0735084739493499,0.0760088729295862,0.077021330143648,0.0784543641964435
2026-06-29,0.0653980194191714,0.0675529972787936,0.0658799073705053,0.0664242420477823,0.0668738033575174,0.0671931453269878,0.0672253645786863,0.0675409516489371,0.0679142900215026,0.0683299440290406,0.0684350804977331,0.0683186683402637,0.0748726352362643,0.0752760931713631,0.0736165130772198,0.076152369163489,0.0767089069899327,0.0781426352175963
2026-06-26,0.0652487040791522,0.0671733919560758,0.0657275915372024,0.0663375847692484,0.0668689756597206,0.0671933468317484,0.067224246241232,0.0675436721909379,0.0679144332400818,0.0683326677365341,0.0684374533065465,0.0683210182575028,0.0748651651815207,0.0752761831931688,0.0735809276300424,0.0760894849657762,0.0767412230196757,0.0781650039340768
2026-06-25,0.0652603058566833,0.0668568531762399,0.065651427112899,0.0663493805415338,0.0668632903847807,0.0671918246490339,0.0672220049691321,0.0675396314057208,0.0679145133935694,0.0683347593105668,0.0684361432712585,0.068320737155078,0.0749288628917675,0.0754054752415987,0.0737298142009647,0.076249369321949,0.0768599637887034,0.0782872712589079
2026-06-24,0.0652603058566833,0.066702121485038,0.0656514271128997,0.0663493805415339,0.0668742844054707,0.0672029934564723,0.0672289892304843,0.0675364483159155,0.0679105569465694,0.0683322607053255,0.0684331933193186,0.0683188141837492,0.0749294392375459,0.075408502251542,0.0737173042716303,0.0762229844030339,0.0768722198935831,0.0782963130953395
2026-06-23,0.0652603058566833,0.066702121485038,0.0656514271128997,0.0663493805415339,0.0668742844054707,0.0672029934564722,0.0672287016715034,0.0675420494082619,0.067907447602813,0.0683293611884456,0.0684383712258145,0.0683160166060116,0.0749294328854371,0.0754084914974672,0.0736923798444098,0.0761698229731251,0.0768976925468868,0.0783151334304285
2026-06-22,0.0652603058566833,0.0665377059095143,0.0655847796822415,0.0661341224884176,0.0665896313233605,0.0670613135437859,0.0670756808875707,0.0674040248795023,0.0677671920657268,0.0682724852809216,0.068366454391205,0.0682621047100232,0.0747915269699921,0.0753552720510931,0.0736721340842617,0.0761295251102491,0.0768198612141791,0.0782380011669747
2026-06-19,0.0649733600633622,0.0663613427878231,0.0654038627645073,0.066234677218185,0.0666896481399294,0.0670973130864382,0.0671137525548236,0.0674391224160865,0.0678027101648227,0.0682325115830018,0.0683275749202367,0.0682181682547907,0.0748683331267415,0.0752988284649058,0.0735367362344895,0.0760619142524462,0.0768067138706839,0.0782164907330794
2026-06-18,0.0651520989897252,0.066218507567583,0.0653276798956481,0.0661715620002067,0.066645510322541,0.0670556416689981,0.067072972965828,0.0673988019399212,0.067764740328537,0.0681955129867946,0.0682880849638066,0.0681812201979392,0.0747991216024245,0.0751833621099963,0.0735015464608899,0.0760079685616469,0.076639892993311,0.0781693465096962
2026-06-17,0.0647881087770208,0.0662185075675834,0.0653276798956482,0.066171562000207,0.0666576995494129,0.0670650011164416,0.0670799302636911,0.0673956323943904,0.06776155103779,0.0681918551648881,0.0682851581904178,0.0681793079246719,0.0745867969342815,0.0748888350257003,0.0732544509473969,0.0759976941404045,0.0768167582864831,0.0783524263979325
2026-06-16,0.0644142462272704,0.0662185075675834,0.0653276798956482,0.066171562000207,0.0666590012916429,0.0670650011164415,0.0670796433508717,0.0674012080254091,0.0677591889123144,0.0681889661670066,0.0682903192628523,0.0681765124523545,0.0745867813520925,0.0748888177672776,0.0732295693457485,0.0760035107929485,0.0765041488886004,0.0781097492430423
2026-06-15,0.06441424622727,0.0660540521198288,0.0652133974524693,0.0659188180892986,0.0665546140550145,0.0666935080317445,0.0669372926944158,0.0672644621101663,0.0676216929765618,0.0679833403178714,0.068068947875909,0.0679628260424258,0.0742813140293936,0.0746129071011293,0.0730305662861769,0.0757970827811518,0.0764638591929403,0.0780106309573371
2026-06-12,0.0644029424837954,0.0658004470465346,0.0654324302212126,0.0659071732432312,0.0665493111846396,0.0666921452746664,0.0669280100334344,0.0672644634245183,0.0676215863704084,0.0679849951490539,0.0680660881434504,0.0679633361717943,0.0742832362769043,0.0746109565222285,0.0729936264530513,0.0757920977400033,0.0764747437146735,0.0780181708193459
2026-06-11,0.0644142462272703,0.0658121812375258,0.0652133974524695,0.0658439187352595,0.0664678186935596,0.0666200187077508,0.0668518488271787,0.0671856708352928,0.0675462368606737,0.0679083797324412,0.0680005562092615,0.0678882316432284,0.0742504577307836,0.0745756177048375,0.0729588066278132,0.0757118368894398,0.0763788878383562,0.0775842098736203
2026-06-10,0.0642961770497213,0.0658121812375256,0.0652133974524695,0.0658439187352595,0.0664791011028753,0.0666292576443228,0.0668587462044771,0.0671825180820424,0.0675424649976471,0.0679049863390611,0.0679974484938168,0.0678863416967621,0.0742084695763106,0.074571930646347,0.0730381393931056,0.075873542646591,0.0764359864491016,0.0775670885973091
2026-06-09,0.0644929570602859,0.0651347866853167,0.0652133974524695,0.065881369113514,0.0664784178350481,0.0666370329608372,0.066858460246263,0.0671867621482699,0.0675390032956714,0.0679068755916743,0.0680025580003465,0.067882686931497,0.0742291344991348,0.0745346020717544,0.0730535289584861,0.0756805982925092,0.0765578468357178,0.0776613845911497
2026-06-08,0.0644929570602767,0.0655218974566648,0.0652133974524695,0.0658813691135127,0.0664784178350481,0.0666325892650305,0.066858174290495,0.0671865108766592,0.0675444739100181,0.0679092854630291,0.0680025580003465,0.0678870459170757,0.0742268123989432,0.0745349695662994,0.0730033531037151,0.0756488111317818,0.0765097226364112,0.0777194744062832
2026-06-05,0.0637734189271859,0.0651232914854615,0.0650705306601433,0.0656544536112986,0.0663996614381484,0.0665562678635492,0.0667894048344528,0.0670487543136463,0.0674801079244483,0.0678359720994506,0.0679280722812087,0.0678994803755881,0.0742685777861777,0.0745810219831649,0.0730355899712088,0.0756509866490671,0.0764932800916236,0.0777080747678145
2026-06-04,0.0637845033400477,0.0651347866850397,0.0650324302704155,0.0656660102827343,0.0663940918094332,0.0665511732489066,0.0667863685330902,0.0670447912122761,0.0674802960440567,0.0678357462185661,0.067926346528354,0.0678991870483701,0.0743109439782198,0.0746206878661847,0.0730752515992031,0.0756905068312726,0.0765326113136504,0.077747378382159
2026-06-03,0.0637845033400477,0.0652315714218574,0.0651467281825147,0.065815830031137,0.0664049482423391,0.0665593068479068,0.0667907373710314,0.0671042637660876,0.0674762141155661,0.0678316716829556,0.0680014192205166,0.0678906246143106,0.0743709222079103,0.0746935883923175,0.0731060764313427,0.0756208559029962,0.0766961418911141,0.0778886477646567
2026-06-02,0.0642020064345913,0.0656186634112163,0.0651467281825125,0.0654506050625447,0.0662611785136851,0.0664112186805045,0.0666362178344333,0.066899620683382,0.0673210133877807,0.0676836363954048,0.0678537827623652,0.0678365791072467,0.0744850655108036,0.0747992681394077,0.0731918434962103,0.075718591179103,0.0761768171054997,0.0772223857172034
2026-06-01,0.0643340933155598,0.0661024227767822,0.0652514926855971,0.065628551838192,0.066298772667731,0.0664344146462779,0.0666721899914691,0.0670094683515562,0.0673639853339257,0.0677237249167108,0.0679703061103318,0.0678614588592523,0.0747186971533175,0.0750412030054112,0.0734507388002054,0.075946663035359,0.0755940082830062,0.0771467863503863
2026-05-29,0.063619151523699,0.0645426873959131,0.0647582621281156,0.0653361226988584,0.0660016374532402,0.0661644549120105,0.0663799252480875,0.0666414182085515,0.0670039736830621,0.0673601097812348,0.0675993197960983,0.0675047935376485,0.074341075466627,0.0746843351577585,0.0729865556635919,0.07551410255131,0.0749634232095898,0.0764598448707111
2026-05-28,0.0637845033400479,0.064149946061901,0.0640955345784696,0.0644760191843648,0.0651220753302382,0.0653499217649137,0.0655857211002171,0.0659212121491384,0.0662820264223297,0.0667134643757093,0.0669546337630983,0.0669369761834455,0.0739474825454143,0.0740522794980531,0.0726025411598177,0.0750961261828317,0.0736765117361076,0.0752513239383363
2026-05-27,0.0640698679709292,0.0641611013460011,0.0640138067509788,0.064335375504896,0.0649795293043616,0.0652015251316425,0.0655065936331424,0.0657775852660847,0.0661264539725809,0.066570786211691,0.066809749796235,0.066794435932515,0.0732746965272297,0.073813735709495,0.0717101634941098,0.0734943711314856,0.0742460646728837,0.075490786878393
2026-05-26,0.0642076228606189,0.0639674572439711,0.0639581623130448,0.0643353755048944,0.0649790621953088,0.0652125649348531,0.0655041948626682,0.0657828922762713,0.0661232403620479,0.066568818610111,0.0668108664005922,0.0667917684838478,0.0732322162555747,0.0737841322594553,0.0716935662904554,0.0735055125456303,0.0742549003781964,0.0754978771032252
2026-05-25,0.063440070413931,0.0635801123213201,0.0638819370785236,0.0642603574536405,0.0649816650766573,0.0652169538362067,0.065435212172308,0.0657851952240119,0.0661299492110116,0.0665687481064584,0.066812298152605,0.066797763776459,0.0732309830434438,0.0737852719153656,0.0716935459628718,0.0735057157080466,0.0742565166032588,0.0754976491887265
2026-05-22,0.0632924471484863,0.0635746340640194,0.0638057074502176,0.0641742869516789,0.0649104701286142,0.065140355981806,0.0653685034466539,0.0657101042449441,0.0660639370815419,0.0664972675816591,0.0667389827736527,0.0667231855983188,0.073104357577334,0.0737141043713127,0.0716603161677253,0.0734248305950591,0.0741025088787954,0.0753543456977335
2026-05-21,0.0632924471484872,0.0633755225239732,0.0637239987317839,0.0641196834373059,0.0648292931173779,0.0650614814841317,0.0652929029819588,0.0656408147137252,0.0659885848971324,0.0664226545048818,0.0666637406006294,0.0666574019718839,0.073038370516113,0.0736469793278586,0.0715704769532228,0.0732638740764366,0.0740747819498712,0.075313332575973
2026-05-20,0.0632924471484872,0.0633864114933152,0.0637947333113382,0.0641196834373059,0.0648396363243484,0.0650569213680588,0.0652878048304152,0.0656378002500203,0.06598469286964,0.0664226346878969,0.066663058308003,0.0666555846900817,0.0730177283673087,0.0736523291499562,0.0714857673626945,0.0732424318592423,0.074033061069026,0.0752726600238579
2026-05-19,0.0638435459822086,0.0626598648871095,0.0633673017951729,0.0641196834373059,0.0648377716139383,0.0650739676622295,0.0652932912563123,0.0656430858898846,0.0659807010715644,0.0664243816366942,0.06666928489147,0.066652846434292,0.072922052291465,0.0736516171296086,0.0714452610296271,0.0731012452670734,0.0737918580154239,0.0750548498601641
2026-05-18,0.0638435459822086,0.0626598648871091,0.0633673017951726,0.0641196834373059,0.0648377716139383,0.0650739676622295,0.0652997999062237,0.0656428404107446,0.0659859078105273,0.0664216224101142,0.0666663110567955,0.0666570983864072,0.0728771857736752,0.0736567058655039,0.07149719416134,0.0730193797060957,0.0738098009003379,0.0750658968469112
2026-05-15,0.063635697043337,0.0626545432376323,0.0633673017951726,0.0639586358576062,0.0646146999433186,0.064853350875283,0.0650769917999647,0.0654250223420212,0.0657687253447866,0.0662073451171679,0.0663690608345444,0.0663600949300414,0.0726252389570993,0.0733552640101037,0.0711540631914962,0.0727223805644697,0.0735268410783032,0.0747748646810775
2026-05-14,0.0636073701413529,0.0622133138839579,0.0633618886537856,0.064119683437306,0.0648282321477981,0.0650742456005749,0.0652990815751314,0.0656390987870276,0.0659864447862394,0.0664291371489935,0.066669041089735,0.066657397869061,0.0728576661622277,0.0736558153015077,0.0714867774523323,0.0730096547553343,0.0738168339387358,0.0750704946931322
2026-05-13,0.0632826054021499,0.0624176235387089,0.0633564767404422,0.064119683437306,0.0648396696274964,0.0650678365541625,0.0652956942436764,0.0656360867441605,0.0659831790316873,0.0664279941989381,0.0666694815825847,0.0666555747627006,0.0728476444733144,0.0736255130971107,0.071430755225356,0.0729994627163497,0.0737498914784466,0.0749842175805021
2026-05-12,0.0631152919789737,0.0624176235387133,0.0633673017951727,0.064119683437306,0.0648402358065071,0.0650767074199246,0.0652913487799262,0.065641367574459,0.0659805646349448,0.0664246767145935,0.0666692802323995,0.066652846434292,0.0729220522963551,0.0736171387566424,0.0714004435522414,0.0729723149517027,0.0737610647559049,0.0749928826801351
2026-05-11,0.0627904869548369,0.062611418983894,0.0633673017951727,0.064119683437306,0.0647368012578236,0.0649690344168678,0.0651820423541737,0.0655247957583349,0.0658726407404904,0.0663159702878389,0.0665615880759967,0.0665419674408732,0.0727625127408103,0.0735081501794701,0.0712781775862166,0.0728639292459131,0.0736523804196646,0.0748795613094787
2026-05-08,0.0629371751342938,0.0626061055166948,0.0633673017951727,0.064249285068415,0.0647976353509956,0.0650361782965731,0.0652584138967989,0.0655978765876284,0.0659480674144828,0.0663969632714455,0.0666305462696082,0.066616188197679,0.0728813225786657,0.0735760338265467,0.0713493000761978,0.0729371637817858,0.0737251666246294,0.0749544155082766
2026-05-07,0.0632826054021473,0.0626007932486231,0.0633618886537857,0.0642603574536405,0.0647913284097835,0.0650316916809441,0.0652584374094697,0.0655938536453982,0.0659475938422737,0.0663970164779571,0.0666307430579058,0.0666157844818775,0.0728810540381406,0.0735745803112905,0.0713492458278317,0.0728076925079748,0.0736779765299313,0.0749313502043262
2026-05-06,0.0634400704139317,0.0626114189838993,0.0633564767404421,0.0642603574536405,0.064801126781555,0.065027308144143,0.0652550615583929,0.065590855589581,0.0659435519708676,0.0663971161257258,0.0666311847728172,0.0666139642694857,0.0729560653473269,0.0735691455786108,0.0713436135192893,0.0727751434161583,0.0736842884979426,0.0749361507956742
2026-05-05,0.0634400704139308,0.0626114189838993,0.0633673017951727,0.0642603574536405,0.0648011267815552,0.0650361593608597,0.0652508152648734,0.0655961089513527,0.0659406228383869,0.0663938065209038,0.0666310421438832,0.0666112482181221,0.0728816696347852,0.0735775163143374,0.0713122267633966,0.0727873811680988,0.0736939792877746,0.0749438087249914
2026-05-04,0.0636073701413571,0.0626114189838993,0.0633673017951726,0.0642603574536405,0.0648005610415058,0.0650361593608597,0.0652573010885539,0.0655958636607298,0.0659454966251509,0.066391052114268,0.0666280772076848,0.0666154881326547,0.0727411884523984,0.0734097517946082,0.0710647621424842,0.0726349960430023,0.0735401580890131,0.0750857385810038
2026-04-29,0.0636128836021867,0.0630043334014466,0.0633727161650729,0.0642603574536405,0.0647988359824362,0.0650322058134698,0.0652506450545652,0.065589143398629,0.065937550195496,0.0663897445399321,0.0666320349088209,0.0666139667993874,0.0727753882586755,0.0734058435617479,0.0711856485218316,0.0726047490127832,0.0735152590154744,0.075068695007805
2026-04-28,0.0636128836021867,0.0630043334014386,0.0633727161650727,0.0642603574536405,0.0647988359824363,0.0650322058134697,0.0652571402898811,0.0655943919555157,0.0659427436193524,0.0663869916196333,0.066629062896861,0.0666112482181221,0.0730411379652311,0.0736628348003375,0.0713961329905791,0.0728434820245945,0.0737708601195999,0.0753244068109924
2026-04-24,0.0639376780505552,0.062538290709478,0.0636055837673985,0.0642492850684146,0.0647874227217765,0.0650326581101691,0.0652512110598692,0.0655942651534317,0.065942092503028,0.0663945953899792,0.0666283966960524,0.0666863534052431,0.0731096873240496,0.0737292708245188,0.0714624798874294,0.0729105549518718,0.0738381329612632,0.0753913022789139
2026-04-23,0.0639376780505552,0.0627911628597591,0.063600130166291,0.0642603574536406,0.0647977591239468,0.0650257314449802,0.0652477966435718,0.0656582633545509,0.0660167781958296,0.0664624545697562,0.066708654766531,0.0666829782491626,0.0731499705453868,0.0737215808899331,0.071458233975264,0.0728933186302903,0.0738407473701524,0.0753929367697734
2026-04-22,0.0638589424175488,0.0627911628597587,0.0636110386107578,0.0642978671827319,0.0648360248615368,0.0650729448133406,0.0652821115262751,0.0656927520785164,0.0660517729362186,0.0664971692383631,0.0667467253457209,0.0667186995706844,0.073262713377025,0.0738341218191922,0.0715524520557309,0.0729592111244958,0.0739089835962987,0.0752629194991728
2026-04-21,0.0637506783984595,0.0624229055256917,0.0636110386107578,0.0642978671827309,0.064836384028204,0.0650770720132196,0.0652885947722933,0.0656980190338629,0.0660571909655649,0.06649693845063,0.066743751954518,0.0667158983772561,0.073709694380852,0.0742661238003315,0.0719682104242782,0.0733698205244132,0.0742463635103288,0.075614579522842
2026-04-20,0.0632585323874781,0.0630043334014387,0.0636110386107578,0.0642978671827309,0.0648380168504026,0.0650705560899552,0.0652883160244664,0.0656977733750172,0.0660578976018506,0.0664978611934603,0.0667412635429505,0.0667201536077175,0.0733347513957757,0.073803051546025,0.0715494290689239,0.0729138195521953,0.0739233845937508,0.0754751496356398
2026-04-17,0.0632585323874781,0.062993573991342,0.0636055837673955,0.0642867820060621,0.0648276581319489,0.0650661827796688,0.065287745122056,0.0656979205298681,0.066058079520594,0.0664975896511752,0.0667464072610717,0.0667207535338769,0.0737624678603954,0.0741664675658292,0.07185346097224,0.0733194476230799,0.0743032465912834,0.0758562675306553
2026-04-16,0.0632585323874781,0.0630043334014385,0.0636001301662911,0.064297867182731,0.0648380168504027,0.0650616914638187,0.0652843389152513,0.0656940403127372,0.0660543054935587,0.0664976256479588,0.0667468245240569,0.0667204883408146,0.0736345156503919,0.0741795341687272,0.0718508114875861,0.0733002329571846,0.0743021657105662,0.0758522491936881
2026-04-15,0.0641443517339197,0.0630043334014385,0.0636110386107579,0.0643728824202363,0.0649110831621836,0.0650705560899552,0.0653573298423027,0.0656884990742425,0.0661154601846208,0.0664943097617127,0.0668232638190563,0.0667168930245107,0.0737403958149749,0.0741351211432311,0.0718100418855067,0.0732201394947282,0.0743358489580873,0.0758761908935517
2026-04-14,0.0650299754920401,0.0633918578442355,0.0636110386107579,0.064513520825066,0.0649746399910249,0.065219597971433,0.0654313626239108,0.0658440377007622,0.0661949378143874,0.0666409810070947,0.0668871094207656,0.0668643952609335,0.0739126055177231,0.07431769952173,0.0720388238147151,0.0733879027624906,0.0743623364067632,0.0761601164293557
2026-04-13,0.0651283660622284,0.0633918578442355,0.0636110386107579,0.064372882420235,0.0648318142745759,0.0650662142862973,0.0652863648563263,0.0656935086623288,0.0660528407947452,0.0664937967525226,0.06674126354297,0.0667184265508797,0.0737380221594335,0.0742044798240444,0.0719107180431333,0.07322946054778,0.0742060483975334,0.0760001564654078
2026-04-10,0.0651283660622284,0.0641555230591332,0.063128976881473,0.0643617716404499,0.0648214826416061,0.0650530222934971,0.0652957854457022,0.0656940679668732,0.0660529542940483,0.0664880797292016,0.0667529294555026,0.0667193061215277,0.0738253940943031,0.0741929546289001,0.0719415735977273,0.0732167993607019,0.0741949803607628,0.075992350978548
2026-04-09,0.0644395813810706,0.0645539796174305,0.0631236040588388,0.064082167023871,0.0645775546803128,0.0647856713125499,0.0650699078818059,0.0654767239309685,0.065756260845325,0.0661892177058,0.0664532874866403,0.0664345006641748,0.0734978928758267,0.0739243448193961,0.0715765945301866,0.0729565495212418,0.0739276263375096,0.0757130058774689
2026-04-08,0.0644395813810706,0.0648444042925504,0.0631343509189995,0.0640821670238708,0.0646535727097624,0.0648678385759532,0.0652885748922494,0.0656966220971299,0.0659759890014454,0.0663392292254778,0.066603973167587,0.0665730671729029,0.073565085073713,0.0740421704004156,0.071714318022066,0.0731073680300982,0.0740768364343722,0.0758640107339471
2026-04-07,0.0644395813810706,0.0648444042925513,0.0631343509189995,0.0640821670238708,0.0646535727097632,0.0648678385759537,0.0652950778664992,0.0657018993254509,0.0659811899261766,0.0663364934059597,0.0666008153167872,0.0665702828681548,0.0736076624049101,0.073991381478099,0.0717052029817876,0.0730402011212744,0.0741049939890864,0.0758847763419259
2026-04-06,0.0644395813810706,0.0649412031208432,0.0631343509189995,0.0637913670874866,0.0643589795241052,0.0646462938573862,0.0650728591172136,0.0653431401670283,0.0656194017632559,0.0659636006257804,0.0662188629686568,0.0662065451731208,0.073193813406983,0.0736288624737063,0.0713564738396488,0.0726299227076151,0.0737506835666506,0.0755156686531346
2026-04-03,0.0644395813810706,0.0644459034340844,0.0624137443367998,0.063348934186154,0.0638356473966947,0.0642831925865717,0.0647107484438196,0.0649119986681584,0.0651777582776504,0.0655261608456888,0.0657109665452627,0.065705360067593,0.0727784252288323,0.0732085654529107,0.0708547941260763,0.0721020928026897,0.0733839602202553,0.0751209394084499
2026-04-02,0.0644395813810706,0.065037997251508,0.0624084916234599,0.0633972451297916,0.0638456669869784,0.0642723795653801,0.0647065334977498,0.0649067638034363,0.0651741314074686,0.0655222889794044,0.0657109184246855,0.0657040215414157,0.0727775219026611,0.073149301113634,0.0708009252266758,0.072121780507174,0.0733991968475452,0.0751314308537828
2026-04-01,0.0638983104272216,0.0650476764062371,0.0624189982246469,0.063031135602525,0.0636287365968399,0.0639835967229802,0.0646363526145451,0.0648385055352301,0.0651804102519776,0.0656893030968716,0.0658746901118352,0.0658646002368707,0.0728596110889048,0.0733121776086943,0.0709901642910671,0.0722624587633205,0.0735410386844981,0.0752772655023739
2026-03-31,0.0638983104272492,0.0648831243876114,0.0621041208557523,0.0633972451297947,0.0634860891686148,0.0639854070664099,0.0642056900513821,0.0644629619334847,0.0646708851496914,0.0649256000865056,0.0651265139897633,0.0650977103977681,0.0721481804880222,0.0725627629485897,0.0702193421004082,0.0715367945979635,0.0728087398381321,0.0745295900169829
2026-03-30,0.0638927475128116,0.0642385536942592,0.062104120855749,0.0628902885482265,0.0628312018948874,0.0633971000716736,0.0633849769941743,0.0637328463004406,0.0639407244466579,0.0641913220004569,0.0643908599507314,0.0643738153683135,0.0714481600301901,0.0718324206467446,0.0694361170792595,0.0708249808226459,0.0720881085533437,0.0737877376443995
2026-03-27,0.0637143958608074,0.063748918721136,0.0627284943135805,0.0626637464049493,0.0626747042377425,0.0632585725868805,0.063226739898852,0.0635843521461041,0.0637891748750937,0.0640460093103047,0.0642323709413588,0.0642351930540865,0.0713096400955219,0.0716901229388497,0.0693581831927214,0.0706708335346811,0.0719341659695262,0.0736339740348197
2026-03-26,0.0634007047468966,0.0629300905634232,0.0624084916234599,0.0618756037180675,0.0617953169514106,0.0623420008979554,0.0625156246563483,0.0629380315280702,0.0631443038750243,0.0634047213023597,0.0635784156384452,0.0634295787762379,0.0705769360539743,0.0708768583349236,0.0684114069685293,0.0699001512676046,0.0711488207670494,0.0727257175645516
2026-03-25,0.0634007047468966,0.0629408277964404,0.0624189982246468,0.0620259923790459,0.0618046857375222,0.0623379725546584,0.0625123358782094,0.0629304212334415,0.0631413485908241,0.0634048937836772,0.0635784739847329,0.0634247124587349,0.0704690613212462,0.0706042013058555,0.0684442528906055,0.0699337550772353,0.0711744981485068,0.0721360722675174
2026-03-24,0.0634007047468966,0.0627858186986,0.0621041208557571,0.0618098015663172,0.0615856339792771,0.0621268638506263,0.0623033701900645,0.0627190352248207,0.06292084489406,0.0631835854887089,0.0633598898712194,0.0632862006394166,0.0702883223582229,0.0705040932060477,0.0684140655607549,0.0698097217603954,0.0710521444704504,0.0720159528423676
2026-03-23,0.0634007047468966,0.0622141179429142,0.0614645944929882,0.0612644171037748,0.0611760093596211,0.0617200793257829,0.0619108894689632,0.0623288141605023,0.0625279611313379,0.0627850865282293,0.0629641219761804,0.062888181542978,0.0699666087820576,0.0702395884188273,0.06808444513068,0.0695915212159914,0.0708245688017872,0.0717748771580469
2026-03-20,0.0633897529577062,0.0622088713428884,0.0614594988233019,0.0612543430277486,0.0611713755561222,0.0617199966089667,0.0619108247578078,0.0623282938698052,0.0625274422339967,0.062788958783506,0.062967598964613,0.0628883019941688,0.0699362702412994,0.0701383766355556,0.0681980552341394,0.069609025319211,0.070841261195083,0.0717924819773179
2026-03-19,0.0634007047468971,0.0622036259194913,0.0614544042756786,0.0612644171037742,0.0611668362653047,0.0617159797878099,0.0619075098744835,0.0623254324223448,0.0625273841811778,0.0627891105606407,0.0629676069509145,0.0628884871449605,0.0699894741664018,0.0700746690263666,0.0680921620123995,0.0696365855015057,0.0708625911067054,0.071806853697946
2026-03-18,0.0634007047468967,0.0622141179429138,0.0611494905965022,0.0610480615649376,0.060956858005879,0.0614913516046265,0.0616886832154743,0.0620288580632777,0.0622280300985685,0.0626394813208894,0.062821493661758,0.062754075776303,0.0699388529094189,0.0699310035343109,0.0679853077738359,0.0694847517719364,0.0707114054744645,0.0716571075516163
2026-03-17,0.0630759230892398,0.0622141179429138,0.0611494905964953,0.061048061564934,0.0609578886889045,0.0614991704905202,0.0616951503808035,0.0620334783148777,0.0622260117268117,0.0626363218976595,0.0628188703310581,0.06275167053409,0.0698963986031992,0.0699355290023221,0.0679517386639955,0.0694947410621436,0.0707194504892221,0.0716635712080742
2026-03-16,0.0634007047468962,0.0622141179429138,0.0611494905964953,0.061048061564934,0.0609568580058711,0.0614991704905202,0.0616951503808034,0.0620332463888807,0.0622300076218089,0.0626338995634056,0.0628166864252982,0.0627554082669018,0.0702659675810271,0.0703749754514729,0.0684093909623577,0.0699019688835048,0.0711293041238756,0.0720735668038382
2026-03-13,0.0633897529577063,0.0622088713428883,0.0608197689021566,0.0609628171220133,0.0608855634614482,0.0614318506520046,0.061624300390408,0.0620353766914273,0.0622318661796582,0.0626403543915079,0.0628275767289604,0.0627573174616987,0.0701199629130039,0.0704125222549019,0.0683565730334048,0.069921864892285,0.0711433832643498,0.0720831388027302
2026-03-12,0.0634007047468967,0.0622036259194912,0.0608147790565503,0.0608975257512389,0.0608048531994587,0.0614278756365469,0.0616208591468009,0.0620347047282793,0.0622345213744959,0.0626405356672234,0.0628274893238113,0.0627589620117387,0.0701210833463354,0.0705376916192451,0.0687314477171543,0.0700767835642127,0.0713565480511681,0.0723912060209271
2026-03-11,0.0634007047468967,0.0617294967629041,0.0605095039831201,0.0608975257512389,0.0608139144950213,0.0614292756884503,0.0616244931904419,0.0620320393044558,0.0622316669729849,0.0626440091493099,0.0628320254065055,0.0627573888689683,0.0688805463134055,0.0696579636061753,0.0692303811791723,0.0704983194980849,0.0713241874418626,0.0723451745371453
2026-03-10,0.0634007047468967,0.0615743929771447,0.0605095039831198,0.0606810908102665,0.0605947057367699,0.0612081750562305,0.0614086825301218,0.0618203133205301,0.0620110727887348,0.062422908242575,0.062609042656077,0.0625384714029912,0.0686208474146641,0.0686496680499533,0.0691013558926608,0.069935257882367,0.0713048423735725,0.072261287550946
2026-03-09,0.0634007047468967,0.0617294967629036,0.0608247598355327,0.0606810908102664,0.0605947057367699,0.0612065294704013,0.0614022375647487,0.0618200821975468,0.0620156283126722,0.0624194888752199,0.0626026807597563,0.0625421903159394,0.0686505845203043,0.068885041337289,0.0692137998772805,0.0701053826943362,0.0714916132347765,0.0724408989523326
2026-03-06,0.0630650829100229,0.0614044694385399,0.0598643721201911,0.0606053461712485,0.0605149063227199,0.0611425281065718,0.0613538573299882,0.0617446577375336,0.0619398296806521,0.0623586276012708,0.0625516403631725,0.0624672453794607,0.0686507353199225,0.068743373565505,0.0692150618417646,0.0699298218478283,0.0718771997159513,0.072562127486447
2026-03-05,0.0630759230892397,0.0613993580933957,0.0604996256100543,0.0606152100074379,0.0605104990278331,0.0611385270726145,0.0613376199576403,0.0617411935038707,0.0619397853242119,0.0623587760908821,0.0625432104655714,0.0624669777923657,0.0686505565568547,0.0687421451852369,0.0691904278894585,0.069935475619184,0.071881661249284,0.072564925596322
2026-03-04,0.0634007047468976,0.0615743929771446,0.0605095039831198,0.0603987139482327,0.0603754622117803,0.0609122513041495,0.061102698322623,0.0614445264005244,0.0616371085246049,0.0620594536712482,0.0621637471152129,0.062101677485728,0.0681715175226251,0.0683729726659405,0.0688542093493928,0.0695519497013536,0.0715287300174663,0.0722061214457164
2026-03-03,0.0634007047468967,0.0615259205569134,0.0595154802557046,0.0594380357492642,0.0602991954418775,0.0607666900914178,0.0609842341046392,0.0613337805379506,0.0614900010956135,0.0618347713286664,0.0620305372212394,0.0619654979574156,0.068031517139598,0.0682301179770849,0.0686597689403623,0.0694153091546691,0.0713869352567514,0.0720606054394751
2026-03-02,0.0634007047468967,0.0613656947968894,0.0593720499994084,0.0588159282925032,0.0600036219480237,0.0604029408768259,0.0607647310748063,0.0611297379850117,0.0612790042657119,0.0616194446372047,0.0619594903307516,0.0617611087722978,0.0680930782284677,0.0681705502802125,0.0685360784872195,0.0692950760269264,0.0703979819717559,0.0711950322112045
2026-02-27,0.0619398924786652,0.0597170044987947,0.0582714996207703,0.0584861051337087,0.0592699941587725,0.0596817007800825,0.0599615881298585,0.0601677737169731,0.060463968565707,0.0607384517322729,0.0612439475753782,0.0611970826106015,0.0669110031401427,0.0674232592625626,0.0676856486662262,0.0687957791846858,0.0700243841311846,0.0707652820225958
2026-02-26,0.0612503272798758,0.0596490458779957,0.0582714996207623,0.0584952975902861,0.0592719972665064,0.0596823844649714,0.0599677971321792,0.0601648259266536,0.060469412901351,0.0607365815432214,0.0612413619398439,0.0611969702361726,0.0669109285223089,0.067388144450822,0.0676903162625572,0.0687989946636664,0.0700268760537141,0.0707667608460606
2026-02-25,0.0604621107687496,0.0596490458779955,0.0582714996207623,0.0584952975902864,0.0592075111916169,0.0596054579356112,0.0599000741331832,0.0600914361796039,0.0604040801411207,0.0606741546416605,0.0611621454402954,0.0611177607133712,0.0667496938831499,0.067277309168628,0.0675892085626352,0.0686401164666161,0.0699933004993995,0.0707198461514188
2026-02-24,0.0604571280718959,0.0596490458779955,0.0581278890722862,0.0584952975902864,0.0592074998803929,0.0596054579356109,0.0599029045758064,0.0600912112242033,0.0604038723667684,0.0606739727407059,0.0611676770948766,0.061115946174176,0.0667922862197269,0.067273208335452,0.0675856221820804,0.0686379695645179,0.0699919493537567,0.0707195301737772
2026-02-23,0.0608461436678718,0.0596442201160567,0.0581278890722864,0.0584952975902864,0.0592687623748835,0.0596823001362537,0.059970630945559,0.0601687365810833,0.0604698756166853,0.0607401896928787,0.0612446378289153,0.061196601328772,0.0669305185803053,0.0673659766851298,0.0676535120874636,0.068737139311587,0.0700924953176575,0.0708180406294828
2026-02-13,0.0608562379607392,0.0576966849520345,0.0587692301273793,0.0581749030378498,0.0592063673703661,0.0596250829599574,0.0598841059600945,0.0600959858624962,0.0603965180306502,0.0606818675719304,0.0611580848024324,0.0611262379596626,0.0668595159477615,0.0672910121097365,0.0675679755061498,0.068665458033021,0.0700177452684392,0.0707417390937766
2026-02-12,0.0608562379607392,0.0576966849516848,0.0587692301275248,0.0581839988589087,0.0592063673703659,0.0596250829599572,0.059890266746079,0.0600935749677429,0.0604008142234939,0.0606795744463632,0.0611555345884963,0.0611264928121879,0.0669019788120986,0.0672857461100544,0.0675651586118599,0.068663579336637,0.0700162815776329,0.0707405231479151
2026-02-11,0.0624323680728263,0.0576966849516848,0.0587692301275248,0.0581839988589087,0.0592017942991464,0.0596250829599572,0.059890266746079,0.0600979357813272,0.0603980209325333,0.0606836096380445,0.0611534462228083,0.0611243037688435,0.0668280443542652,0.0672954780767242,0.067570079956043,0.0686669664667856,0.0700185669634156,0.0707430888849079
2026-02-10,0.0643960279555029,0.0579201852301044,0.0597258836988864,0.0581839988589087,0.0593389516584196,0.0597767325563038,0.0600164738487512,0.0602532307440901,0.060536795244244,0.0608248746455947,0.0612986582795738,0.0612765394675017,0.0669818685717005,0.0673690660319745,0.0677444445062238,0.0688095410588863,0.0702511467479464,0.0709646740890774
2026-02-09,0.0645871880561277,0.0579156338445946,0.059725883698887,0.0579481019541975,0.0593338574549059,0.0597760392410533,0.0600164738487512,0.0602603390709082,0.060536834424991,0.0608242684075831,0.0612984913219508,0.0612851755733573,0.0669409036474262,0.0676254209473643,0.0680224205318354,0.06903277775356,0.0705280145775717,0.0712301615909351
2026-02-06,0.0647954280731574,0.0584351133229738,0.0594006982806729,0.0579390790284263,0.0594142881628322,0.0598388617091076,0.0601617540786647,0.0604024601639299,0.060754040468305,0.0610441256346209,0.061526342711339,0.0615799929264831,0.0667159655232238,0.0674670484512249,0.068181679573608,0.069444063767041,0.0709134095767014,0.0715861983181933
2026-02-05,0.063023260734343,0.0578424488123547,0.0590850014846839,0.0579481019541977,0.0592000803100524,0.0596236170733495,0.0598066696773943,0.060021548482067,0.0603173057617951,0.0605981871222414,0.0610037782001471,0.0609841479463502,0.0660833710411109,0.0668841309965672,0.0675647657827683,0.0688707360447788,0.0703323258768711,0.0709993583014827
2026-02-04,0.0624323680728417,0.0579882021375438,0.0592476424768333,0.0579481019541976,0.0593067163068371,0.0597375739478415,0.0599195294895888,0.060142558680056,0.0604224509951202,0.0607059443604774,0.0611146926004398,0.0610874816153926,0.0661041806772476,0.0668751015103021,0.0675563216817716,0.0688508187822134,0.0703851488332677,0.0709501864436107
2026-02-03,0.0643960279549456,0.0579493356142076,0.0592476424768316,0.0581839988588943,0.0593770990354799,0.0597379655634511,0.0599195294895871,0.0601350149080759,0.0603475689773072,0.0606366714439455,0.0609587303275721,0.0609301925520698,0.0657635140865813,0.066814049323916,0.0673402196808218,0.0688238712400422,0.0703825154040688,0.0709301992304272
2026-02-02,0.0594669841151884,0.0567494534263133,0.0581278890722866,0.0588159282924797,0.0581753249561552,0.0586720111280967,0.0588578672041222,0.0590270015826155,0.0592969909274629,0.0595741229123698,0.059908324998332,0.0598421643828754,0.0646793618072209,0.0657381609630759,0.0662692815721632,0.0677507354417126,0.0692999661804541,0.0698426181720959
2026-01-30,0.0581425151749089,0.0563065402114557,0.0578118915569772,0.057231271308303,0.0578885192017413,0.0584552802345776,0.0586354805814935,0.0589261384752387,0.0591602833540251,0.0594339327328009,0.0597612708038131,0.0598104795827673,0.0644261307225195,0.0653237891551948,0.0662563279267037,0.067813055733678,0.0694487538672244,0.0699558583849481
2026-01-29,0.0579933715410822,0.0563065402114555,0.0578118915569772,0.0572400771720746,0.0578891951796296,0.0584552802345776,0.0586413751294633,0.0589238323696945,0.0591583101990106,0.0594317343860079,0.0597589101917788,0.0598107580127504,0.064384185638989,0.0653271146666367,0.0663086371100613,0.0678046406668427,0.0694421416317189,0.069951129609055
2026-01-28,0.0575004405756581,0.0563065402114555,0.0578118915569772,0.0572023017657481,0.0578237605232167,0.0583782633521645,0.0585639443128876,0.0588513482181418,0.0590869052625591,0.0593591513152843,0.0596901232972689,0.0597322931689546,0.0644238360110239,0.0652415369799183,0.0661626010581588,0.0677356439651256,0.0692998134650388,0.0698179426147299
2026-01-27,0.0570030190863285,0.0560828610086086,0.0578118915569772,0.0568433642170374,0.0574525861602394,0.0579375469283783,0.0582638884949455,0.0586383260146788,0.0588740754584753,0.0591485863533819,0.0595456645941281,0.0595965535865619,0.0643608776060982,0.0651976754692244,0.0661510638146727,0.0676766989905066,0.0692409455338768,0.0697597750588686
2026-01-26,0.0569295872838841,0.0574103722532486,0.0578118915569772,0.0567677819977085,0.0574528571363543,0.0579246401877763,0.0582638884949319,0.0586403909686525,0.0588740339168631,0.0591404906392068,0.0595455024172694,0.0596015566756734,0.0643916728425974,0.0651954457715651,0.0661487996733114,0.0676755012216638,0.0692414644679694,0.0697588383822812
2026-01-23,0.0565143988690735,0.0557813410824555,0.057486240225817,0.0567591194860513,0.0574540190822549,0.0579404915232126,0.058264305341127,0.0586373563853636,0.0588719686795608,0.0591476796920417,0.0595495729771111,0.0596016733063785,0.0643402788580753,0.0652555203043072,0.0660849001389678,0.0676441549144093,0.0692617134416453,0.0697723051267913
2026-01-22,0.0556662112152031,0.0557813410824757,0.057486240225811,0.0568433642170274,0.0574564558983536,0.0579404915232125,0.0582701241073012,0.0586328880245358,0.0588710136546812,0.0591454934157917,0.0595471053093515,0.0596005001566596,0.0643079088963245,0.0651330108302968,0.0661399008824246,0.0675782243001712,0.0692871573899827,0.069978033550195
2026-01-21,0.0556662112152031,0.0558591569924313,0.057486240225811,0.0568433642170273,0.0575328967925433,0.0580167703357442,0.0583475683209405,0.0587148129361291,0.0589511397303838,0.0592253266115663,0.059621920368047,0.0596653497472552,0.0643221229374996,0.0651504578560993,0.0659600165386776,0.0676097658592541,0.0694351470772986,0.0699128242008925
2026-01-20,0.0560903272161133,0.055898063821393,0.0579651118006454,0.0569472804417501,0.0576367735305116,0.0581319420699089,0.0584545313855984,0.0588281476809781,0.0590547857004806,0.0593296946777226,0.0597246252398825,0.0597771243671779,0.0645626016102028,0.0649925480665302,0.0662941039915897,0.0681229154288138,0.069611483242564,0.0701084687631673
2026-01-19,0.0568847106857571,0.0561952800819996,0.0579651118006457,0.0570228490959081,0.0576344622135123,0.0581289553663749,0.0584545313855984,0.0588256359139586,0.0590532717248837,0.0593276849567624,0.0597244625787177,0.0597790463471599,0.0648865096805398,0.0659415090222015,0.0672453349252163,0.0684675458696446,0.0692322727224406,0.0698687434457517
2026-01-16,0.0567609317722402,0.0559758752274463,0.0576490758062297,0.0567968998816068,0.0574150910190095,0.0579000720425928,0.0582999072242065,0.0585957042493082,0.058832180853701,0.0592655720107038,0.0595848702249493,0.0597128144812097,0.0643648854745657,0.0650668202310851,0.0673194173093822,0.0684934039626758,0.0692327107192415,0.0698436495331198
2026-01-15,0.0567609317722398,0.0559758752274463,0.0586065309242062,0.0568055738214521,0.0574150910190095,0.0579000720425928,0.0582873865682195,0.0585936020959641,0.0588298453754458,0.0592633733908126,0.0595704048719008,0.0597132312100399,0.0641861118628207,0.064756945398445,0.0671295924213713,0.0682887561806101,0.0690282415282293,0.0696387412310976
2026-01-14,0.0568891229594774,0.0562676412627172,0.0582906465284542,0.0566543979563909,0.0572713899552291,0.0577527775795173,0.0582256902965355,0.0585341963420921,0.0588385208392701,0.0592707508141304,0.0595750070616075,0.0597169407748501,0.0645271297762595,0.0648636852079546,0.0674342463423862,0.068596287387906,0.0691191697486999,0.0697547962401032
2026-01-13,0.0559029325917781,0.0561995662968531,0.0579651118006454,0.0566543979563908,0.0572742137560749,0.0577534400951429,0.0582319180781456,0.0585339772507475,0.0588399389808821,0.0592709818928447,0.0595825215400286,0.0597151920636229,0.0640955605726854,0.0648726024397339,0.0677047722434277,0.0686542897821204,0.0693350358167856,0.0699254603805538
2026-01-12,0.055898671616196,0.0561952800820007,0.0576490758062298,0.0566543979563908,0.0572742352922593,0.0577535135319267,0.0582379656558502,0.058533758161043,0.0588397554080315,0.0592708495293978,0.0595863038073534,0.0597186843202587,0.0640094902438003,0.0648809744221775,0.067846611198545,0.0687849292196111,0.0689019144958617,0.0695879913788481
2026-01-10,0.0557747102279772,0.056199566296853,0.0564618516031176,0.0566500833859664,0.0572664606771747,0.0577464173752102,0.0582578699739684,0.0585335125590262,0.0588402879346583,0.0592710900131859,0.0596012091520122,0.0597188154601717,0.0637161470658909,0.0645602081358147,0.0676186509455249,0.068427740582696,0.0686236789799401,0.0692849066742187
2026-01-09,0.0557747102279772,0.056199566296853,0.0564704648900735,0.056645769687545,0.0572745809518013,0.0577534400951427,0.0582546601656842,0.0585313143873349,0.0588372247689112,0.0592682523990054,0.0596011806134745,0.0597191511423253,0.0637163636311046,0.0645594166550681,0.0676190942960045,0.0684280797612077,0.0686239338139003,0.0692848756697919
2026-01-08,0.0565143988690707,0.0564232325557987,0.0566909345402996,0.0566543979563909,0.0572724628366062,0.0577512634285023,0.0582563095132007,0.058528558556525,0.0588336755031299,0.0592647109130021,0.0595957959317684,0.0597190985815435,0.0633693698181822,0.0647727682577504,0.0682664359039116,0.0686422177371033,0.0682897895772541,0.069243922231001
2026-01-07,0.0571356330853143,0.0564912999717456,0.056767611114984,0.0568055738214527,0.0574140154870049,0.0578950427554492,0.0584000848586817,0.0586739792310081,0.0589891352422785,0.0594115302241199,0.0597368546364902,0.0600190488973993,0.0626816682019375,0.0648994346586997,0.0682891182653766,0.0690280966943465,0.0677956281100831,0.0688813492087063
2026-01-06,0.0571356330853116,0.0567246565282243,0.0567676111149838,0.0570984120398786,0.057710185904059,0.0581912360497435,0.0586227838590047,0.0588885483589292,0.0591263321788265,0.059547648162307,0.059731663086334,0.0598515066867329,0.0618334628057874,0.0644756471486848,0.0678479739308612,0.0683036962411952,0.0681316522741995,0.0690928193375558
2026-01-05,0.0581169187422209,0.0569438639274871,0.0569497003578733,0.0573817222381198,0.0578505953778119,0.0584103694326509,0.0587644976644592,0.0589575065313338,0.0593455968562095,0.0596964639219763,0.0598831875440684,0.0599964979185795,0.0619735409158575,0.0646178931487914,0.0679160224069022,0.0684631591864565,0.0681842581722028,0.0692021542562546
2025-12-31,0.0584862426006777,0.0546234747432933,0.0550125333201005,0.05542524610541,0.0561675232545455,0.0563619168785618,0.0567186197946468,0.0569529869099677,0.0574743334942679,0.0579114754904766,0.0582567210688355,0.0584621314675321,0.0607662935622971,0.0633920753262133,0.0665858078475584,0.0671316901063609,0.0669247048876995,0.0679159268691226
2025-12-30,0.0579933715410871,0.054619424505668,0.0559676458284112,0.05542524610541,0.0561689058256002,0.0563616190195183,0.0566993285795485,0.0569529869099875,0.0574749289438971,0.057911520550669,0.0582442696582493,0.058460441753846,0.0606828352975905,0.0634002959071786,0.0665417845709676,0.0670759329932396,0.0669566777001798,0.0679383182727668
2025-12-29,0.0579887867400206,0.054619424505668,0.055967645828459,0.05542524610541,0.0561688148184559,0.0563616190195183,0.0566993285795485,0.0569529869099875,0.0574746858255101,0.0579113471514614,0.0582475924156129,0.0584633786155363,0.0606812549563322,0.0634002473291974,0.066541095978712,0.0670759177762085,0.0668726589179538,0.0677960358912135
2025-12-26,0.0577469135475114,0.054619424505668,0.0566204314698221,0.055265644733259,0.0562365386608917,0.0564320306354649,0.0567626619472191,0.0570323970972021,0.0574703459536798,0.0579084648786303,0.0582369180523375,0.058462635376785,0.0606507357050354,0.0634467632451326,0.0665389771467495,0.0670593162394803,0.0668057541343427,0.0677149850481608
2025-12-25,0.0578257817350028,0.0546972736054364,0.0563894758007956,0.0559360003299633,0.0561693759768627,0.0564379902921117,0.0567634397782098,0.0570113809897305,0.0575487890335596,0.0579848143127995,0.0583091581822615,0.0585200758544498,0.0606278995185255,0.0634713324205544,0.0665659898064314,0.0670867927807869,0.0666972454992851,0.0677156888499635
2025-12-24,0.058348244741658,0.0540257257291883,0.0559101132086408,0.0550562057480981,0.0557949026004651,0.055991277807031,0.0563321915694708,0.0565939532774066,0.0571021257899498,0.057546829923054,0.057870544269365,0.0580917359388898,0.0601980811893051,0.06300617252944,0.0658974806584052,0.0663923135881085,0.0662376414005282,0.0671626927253313
2025-12-23,0.0577863478329743,0.0542496000078081,0.0556703672100074,0.0549899533168265,0.0553563665920426,0.055545558194169,0.0558811529275358,0.0561481550277692,0.0567436092315175,0.0572574871682703,0.0577390893335238,0.0577979680836436,0.059905467180999,0.0627120703899473,0.0656007291348833,0.0660965762324681,0.0659430918669635,0.0668650577970948
2025-12-22,0.0566480834152157,0.0539478505564615,0.0554305780556343,0.0546207522542566,0.0552158803346451,0.0554037299602841,0.0557401839879493,0.0560030646635678,0.0566023535470734,0.0570361311490656,0.0575211681957754,0.0575833923367545,0.059613240043873,0.0625004911147075,0.0653729954920507,0.0658830548545498,0.0657301090069742,0.0666467313750524
2025-12-19,0.0559522478061179,0.0530812852463603,0.0540982531731067,0.0541393299756981,0.0548445655366506,0.0550292411258092,0.055316373424132,0.0557226981075896,0.0562295917504902,0.0565980811816874,0.0570148826028807,0.05714238848357,0.0591753911995062,0.0620591332488601,0.0648833227355437,0.0654107900082956,0.0653100874981596,0.0662158440087872
2025-12-18,0.0556662112152026,0.0529351980341741,0.0536259795307731,0.0540051140785062,0.0547017367521732,0.0548922567583486,0.0551764798542395,0.0555685842923212,0.0560850511462124,0.0564429566957836,0.0568759962217999,0.057000615326436,0.0590021887466046,0.0618962204111965,0.0647209034276536,0.0653742097382845,0.0651125941836574,0.0660719435558512
2025-12-17,0.0556662112152026,0.0529351980341739,0.0536259795307731,0.0540714317877273,0.0547017367521732,0.0548922567583486,0.0551817348736648,0.0555709642995183,0.0560887227287698,0.0564409550017744,0.0568737502023522,0.0569972126692357,0.0590848709873606,0.0619229035717705,0.0645985433286841,0.0652356467535576,0.0653018003195765,0.0662271454498878
2025-12-16,0.0553900188111446,0.0528572805029331,0.0536259795307731,0.054005114078506,0.054625890678965,0.0548157853002431,0.0551041325974133,0.0555046948982411,0.0560127572152354,0.0563781673228848,0.0567949398846099,0.0569192666859311,0.0590820694118689,0.0618846620630953,0.0645349550589885,0.0651466003056876,0.0652161736000453,0.0661440697674296
2025-12-15,0.0559479793271598,0.0531591940752178,0.0538660937147349,0.054289301871727,0.0547008836550585,0.055034899235615,0.0553228490234474,0.0555647352321465,0.0560878628229242,0.0564379600419566,0.0568668249358173,0.0569941199474669,0.0590078728571329,0.0619054115093699,0.0645793103408078,0.0652451913897069,0.0653104606497138,0.0662325805441444
2025-12-12,0.0560903272161134,0.0531591940752136,0.0538582518384182,0.0542813727015846,0.0547005786511748,0.0550285153064643,0.0553206272728838,0.0554949542397418,0.056006564316678,0.0563685195798264,0.0567869909343805,0.0568362487310755,0.0587700250259874,0.0616108532925678,0.0643151429886867,0.0650239392320044,0.0650866285417183,0.0659156976048352
2025-12-11,0.0560903272161129,0.0531591940752136,0.0538660937147299,0.0542893018717112,0.0547005786511748,0.0550348992355986,0.0553175728032697,0.0554923409421876,0.0560044572396226,0.0563660749211446,0.0567867667578216,0.0568359284217142,0.058769917531029,0.0615874680079988,0.0643552926747279,0.0649488189964867,0.0648841128834201,0.0657588001123451
2025-12-10,0.0555281173643395,0.0530131125382786,0.0532705310910466,0.0541472180704463,0.0545489100276746,0.0548915301734785,0.0551882124702936,0.0553448424361902,0.0558663905322586,0.0562113426125329,0.0566473159009988,0.056692323442306,0.0585235557105592,0.0613888023992248,0.0638955861795003,0.0645776648193955,0.0646852525466225,0.065517380599128
2025-12-09,0.0556958021429222,0.0525260972182143,0.0530303095231887,0.0541851090580793,0.054548453439816,0.0548960722683475,0.0551925912239329,0.0553437637006865,0.0558659445193626,0.0562175810342266,0.0566483685867584,0.0566900085033773,0.0585232640952502,0.0613885180334366,0.0638947745756649,0.0645775011409268,0.0646183519099693,0.0654596939641277
2025-12-08,0.0550998022386693,0.0521851161115746,0.0527900446281834,0.0537113684885003,0.0540327888097508,0.054378050235056,0.0547409088573482,0.0549871600512231,0.0554995581373514,0.0558605586650202,0.0562818462408175,0.0565657541297605,0.0583891919767346,0.0612529020302515,0.0637559610703622,0.0643681826955598,0.0643817182409954,0.0652504252731833
2025-12-05,0.053841020032637,0.0514737403311474,0.0531379863903731,0.0530496612504476,0.0530779105889928,0.0535674482238864,0.0539176636094919,0.0541756990973189,0.0547325537409543,0.0551684257230572,0.0554990874343674,0.0557969792997004,0.0576843823248583,0.0605638653898869,0.0630643249447855,0.063632476191647,0.0635991895012142,0.0645340494788635
2025-12-04,0.0534166687293775,0.0513957659975007,0.0531456212820231,0.0526873222790067,0.0527530317306294,0.0531588825363398,0.0535748229404347,0.053842828543735,0.0544068651913759,0.0547639132662819,0.0550917534484324,0.0553853255042514,0.0574515025973483,0.0601129892677709,0.0626424781844647,0.0632143192937278,0.0633987453861528,0.0643030360723139
2025-12-03,0.0535548344936996,0.0513957659975004,0.0529053771859992,0.0525829624081282,0.0527526681636511,0.0531588825363394,0.0535839711175966,0.0538497094063958,0.0544101164912579,0.0547620260673583,0.0550923444249237,0.0553854191627597,0.0574632150980195,0.0602040168741898,0.0628256993503142,0.0632082652309764,0.0631695315606061,0.0642206677192537
2025-12-02,0.052242069645892,0.0505768524050629,0.0521230148164368,0.0522128714469343,0.0519407265743447,0.0523545699752529,0.0528504886711181,0.0531192370996934,0.0534530262785419,0.0538745477034144,0.0541285502905136,0.0543450212675414,0.0564847950420508,0.0591905770516464,0.0616148725181455,0.0620717651178523,0.0620893715037312,0.0631032407356375
2025-12-01,0.051409130681908,0.0482840662101809,0.0511576364400129,0.0506075593249972,0.0503969383878906,0.0507306134364133,0.0510805186063064,0.0514366038629835,0.0519846363265585,0.0523432314746432,0.0526679810019891,0.0528951324966492,0.0550365320031417,0.0578141333617087,0.060045378033273,0.0606493260028516,0.0606652608500468,0.0615922879400601
2025-11-28,0.0498782716480848,0.0473106589804034,0.0485574648084852,0.0520252319536395,0.0496595753765542,0.0499260698801957,0.0502932247658782,0.0506489857327122,0.0510655041237873,0.0514889115483189,0.0517660075594638,0.0521655031048974,0.0543624033780733,0.0570729265757193,0.0591532687803433,0.0598807622676645,0.059913984968497,0.0608311888396775
2025-11-27,0.0493517712788386,0.0473106589804034,0.0485574648084863,0.0517476911337101,0.0494369245818809,0.0497033956127872,0.0500739087740383,0.0504284276807644,0.050843931043563,0.0513454199687802,0.0516917417870373,0.0520969770234042,0.0542910784674524,0.0569993898003607,0.0591278212686017,0.0596212430961001,0.0598775530328491,0.0607810928567019
2025-11-26,0.0498060586099304,0.0473106589804034,0.0485574648084863,0.0520325210921519,0.0494417997868583,0.0497033956127872,0.0500739087740383,0.0504244161264196,0.0508427711255171,0.0513482995092851,0.0516902199793066,0.0520902021948196,0.0542879388232528,0.0569983163676532,0.0587523203188536,0.059622264705933,0.0599467509228444,0.0608291538629408
2025-11-25,0.0489665738774969,0.0471641318323177,0.0483742289305019,0.0519185988439624,0.0492227480272539,0.0494819158341143,0.0499990927678826,0.050388374599219,0.050813978620507,0.0513559212443729,0.0516974381737726,0.0520923033453258,0.054290360402272,0.0570000909739367,0.0588853158006947,0.0595981390867862,0.0599286135175399,0.0608171590253276
2025-11-24,0.0481170320368728,0.0464870319454943,0.0477761265937658,0.050968741726063,0.048705405815226,0.0491096699067568,0.0494834545108148,0.0500326157610075,0.050376833275292,0.0509144537632386,0.0513418726066451,0.0515131421448396,0.053707471989054,0.0564163395627219,0.0583234354203708,0.0590082864689139,0.0593406442843718,0.0602233572989867
2025-11-21,0.0474093949673445,0.046255425798918,0.0476313842100101,0.0504866067761532,0.0484828749848873,0.0489664271584328,0.0493355929301761,0.0498985684061185,0.0502254625530163,0.0507595119066751,0.0511884791450787,0.0513672790623143,0.0535601642092766,0.0562653929155429,0.0579577451603316,0.058896729308633,0.0592180898854086,0.060089324371642
2025-11-20,0.0466950921577658,0.0458058068939306,0.0471101818448356,0.0503698681607588,0.0478080168929727,0.0482240235427513,0.0484527007768044,0.0490694051487492,0.0494153343746082,0.049909810711792,0.050342846714106,0.0504747915088172,0.0527147131788922,0.055417641941294,0.0573256463126423,0.0579829247391805,0.0582683703414411,0.0591688382787258
2025-11-19,0.0465538238455803,0.0458058068939306,0.0471101818448355,0.0503698681607587,0.0478140180152348,0.0482240235427511,0.0484527007768045,0.049072576166818,0.0494152480061823,0.0499125271725444,0.0503413915460358,0.0504730027738152,0.0530370350356708,0.0558025222169442,0.0574502020029876,0.0583716489908963,0.0586123140646197,0.0594878307992277
2025-11-18,0.0465508673285561,0.0458058068939306,0.0471101818448355,0.0503698681607587,0.0478140026794745,0.0482240235427511,0.0484527007768045,0.0490725761668179,0.0494180517028637,0.049912377578872,0.0503438869864129,0.0504717730813111,0.0530372172391921,0.0558026025466409,0.0574497601707609,0.0583716337196804,0.0586124640203518,0.0594883278916764
2025-11-17,0.0468244234408216,0.0458420509841361,0.0472356750587136,0.0500179815216876,0.0478517777206386,0.0482624000932557,0.0484896496746321,0.0490814212666476,0.0494163761755669,0.049910800437937,0.0503411537936878,0.0501691476014826,0.0527344498594982,0.0555013171686152,0.0571485462460281,0.0580044623362548,0.0582674465870651,0.0591824517760147
2025-11-14,0.0464403244481314,0.0462065590345778,0.0472356750587136,0.050486606776114,0.047850002001838,0.0482595416383079,0.0484855771824094,0.0490697989504744,0.049415759259689,0.0499071482698388,0.0503410338686438,0.0501622008849594,0.052699886331299,0.0554995890038627,0.0571254677203591,0.0579417233884745,0.0582866906092862,0.0591954795587746
2025-11-13,0.0458144518533048,0.0462065590345771,0.0472356750587136,0.0504934746169765,0.0476273311702598,0.0480366488369614,0.048109982932574,0.04869576351729,0.0488883034938484,0.0494558939988545,0.0499722258625523,0.0498630561128837,0.0524018482110295,0.0552002404964214,0.0568270492900797,0.0576433295682437,0.0579093004279909,0.0588444634523351
2025-11-12,0.0454486830861843,0.0472325124930105,0.0472356750587136,0.0507311364063607,0.0477109087125739,0.0480962066673601,0.0481878657572578,0.0487709444717071,0.0489654324515209,0.0495208192524639,0.0500381581060803,0.0499347961162096,0.0524553751110188,0.0553005192308972,0.0568649312977126,0.0576176194727222,0.0578580161840603,0.0588640748019377
2025-11-11,0.0446577163998377,0.0469882851995904,0.0470715661783885,0.0507311364063575,0.0477128641522018,0.0480981777004653,0.048190453276219,0.0486149172181888,0.048890449887875,0.049412739508753,0.0499324737187528,0.0498587813759392,0.0523800530257243,0.0552245922468118,0.0566569268754956,0.0574981136275193,0.0576901402234757,0.058699272672447
2025-11-10,0.0440643878821147,0.046741058412551,0.0477954243941583,0.0499704197748005,0.0476372773476317,0.0480325797968905,0.0481011746610604,0.0485558070881508,0.0488144277217385,0.0493366415965255,0.0498474542831737,0.0498062219972003,0.0522783773691747,0.0551670051677807,0.0566677115304885,0.0574225166935195,0.0576176177331988,0.0586268699181216
2025-11-07,0.0440590887264321,0.0462554257989208,0.0473128957976068,0.0470493556123187,0.0472300363396637,0.0476194829315351,0.0477641064268865,0.0482164130784557,0.048411407649989,0.0489725707827293,0.0493640849667393,0.0493680360296088,0.0520033768968066,0.0548683271840197,0.056315416153036,0.0570120922573752,0.0567554513062117,0.0579122366578474
2025-11-06,0.0442621739140746,0.044788907510517,0.047312895797602,0.0493423926156327,0.0475252164589925,0.047931752735943,0.0480698266872319,0.0484609577338417,0.0487746683156765,0.0493066545309657,0.0497321080115246,0.0496199609160828,0.0522889980390284,0.0550925841594802,0.0566074362546901,0.0572926059433444,0.0570678512087025,0.0582268552218396
2025-11-05,0.0442621739140746,0.0457667048598224,0.047312895797602,0.0471602651768495,0.0473092652256772,0.0477009399164553,0.0478459105237437,0.0482935779535503,0.0485534644275006,0.0490828849058757,0.0495083293005166,0.0494322896025694,0.052048765430224,0.0548373055060603,0.0563226215409054,0.0569933847273528,0.0568322944313122,0.0579613665775186
2025-11-04,0.0440643878821049,0.0457667048598229,0.0468301929910379,0.0469408361684254,0.0471555924988124,0.0475555280473045,0.0477074037175898,0.0481426691063251,0.0484128386359465,0.0490176363739222,0.0493706174023238,0.0493698462780196,0.0519855983132845,0.0547729468504778,0.0562092481528457,0.0568694475242649,0.0567266437073084,0.0578547478186247
2025-11-03,0.0440643878821058,0.0455194827003962,0.0465887762196835,0.0467977043485409,0.0470881431333716,0.0474800693882575,0.0476332633924839,0.0480777970600638,0.0483356820328711,0.0489417185985143,0.0492955895489326,0.0493766115821774,0.0519875431263531,0.0547753371199868,0.0561509276204666,0.0568545957246105,0.0566961385546667,0.0578039024720155
2025-10-31,0.0440590887264322,0.0455110336837189,0.0463473158487139,0.0464291959497648,0.046632571196476,0.0470344833513442,0.0472630572931257,0.0475966653708613,0.0479337882539779,0.0485366728644297,0.0489303381115207,0.0493188723384599,0.0519239689664152,0.0547066133457198,0.0560581243421689,0.056786701935605,0.0566255960622831,0.057730328351246
2025-10-30,0.044064387882106,0.0455082182722671,0.046830192990834,0.0459862368367759,0.0466297795378631,0.0470342641400803,0.0472594522082242,0.0476058298533889,0.0479325778099175,0.0485367172688918,0.0489237793710593,0.0493263772659931,0.0519288135783522,0.0547095855302081,0.0559421090595659,0.0566504712782642,0.0565261602601074,0.0575911618085446
2025-10-29,0.0445192810155012,0.0456367862611542,0.0448782974753885,0.0449638053676013,0.0458241855915196,0.0463635079236993,0.0466074362576622,0.0470275178739367,0.0474983655256967,0.0480181183078953,0.0486543188673137,0.0491314669031703,0.0517258076049506,0.0545030092288639,0.0554684269678865,0.0563490653081188,0.0560667594445754,0.057122430628532
2025-10-28,0.0446577163998371,0.0456367862611537,0.0448782974753532,0.0449638053675863,0.0458238572525769,0.0463635079236896,0.0466074362576519,0.0470275178739275,0.0475007600371054,0.0480205971783596,0.0486566603637161,0.0491302229645653,0.0517261041357688,0.0545031781108629,0.0554324577004743,0.0563421040723449,0.0560747475128339,0.0571282485502596
2025-10-27,0.0449840092660861,0.0458782850769655,0.0448009359894823,0.0451454349679748,0.046044883444795,0.0466041844601039,0.0469107527697743,0.0472872067750771,0.0477899608346981,0.0483099709815881,0.0489774094103677,0.0495422652582101,0.0521316664236691,0.0549323279522132,0.0558589987586392,0.0567415623520133,0.0562883461637002,0.0573481831506596
2025-10-24,0.0448203265066438,0.0456367862611567,0.0447332410171843,0.0448054092679246,0.0457823404721657,0.0464268729554755,0.0467617679424798,0.0471080591640609,0.0476295300868886,0.0482270489639969,0.0489227685301255,0.0495541754424857,0.0521402844076966,0.0549037356865975,0.0559393965131322,0.0566679339388406,0.0562983455847264,0.0573549203041002
2025-10-23,0.0448258100156262,0.0458811466447405,0.0447719242781953,0.0449255633529931,0.0457796860336475,0.046429491955789,0.0467650035396087,0.0471035560646625,0.0476282293361313,0.0482238281997322,0.0489206293092496,0.0495521529187216,0.052180751590558,0.0550097301271697,0.0560672553052291,0.0567385798627236,0.0563701913199729,0.0573505338558382
2025-10-22,0.0446577163998373,0.0463697781074393,0.0443947147330357,0.0446673914951589,0.0458624344200947,0.046503245537988,0.0468390082145811,0.0471911860815171,0.0477030734572129,0.0482573738596057,0.0490408030942984,0.0496728418824458,0.0523004810627106,0.0551521803225122,0.0558608529362687,0.0565124791786973,0.0564836854234808,0.0575366082767553
2025-10-21,0.0438369217550067,0.0450306439974959,0.0442496057965677,0.0446673914951591,0.0458643830242369,0.0465137848760865,0.046841232184979,0.0471129242944973,0.0476279304063504,0.0481076128414663,0.0488848103588299,0.0494431084811123,0.0521587357855894,0.0550983983788857,0.0557196756124474,0.0563472104734813,0.0564770549988836,0.0575137159137955
2025-10-20,0.0439160418870969,0.045030643997121,0.0442496057965675,0.0446673914951591,0.0458641951716487,0.0465137848760865,0.046841232184979,0.0471129242944965,0.0476276632303509,0.04810746882738,0.048884677253079,0.0494452813133853,0.0521572418570629,0.055131569760999,0.0556679478794004,0.0563529556961415,0.0564823011096353,0.0574377994249486
2025-10-17,0.043831677063609,0.045030643997121,0.0442496057965675,0.0446620066091212,0.0458618487823467,0.0465092115975573,0.0468373676656704,0.0471116920067809,0.0476277698634663,0.0481075912297988,0.0488846304673741,0.0494453064147984,0.0523250611690442,0.0552612170729498,0.0558811495971432,0.0564395258609365,0.0564019481909838,0.0574416097387994
2025-10-16,0.0435896611718424,0.0452750782430374,0.0440948055699306,0.0445239338794666,0.0453003683211581,0.0460267726011954,0.046356152087406,0.0467708754492652,0.0473755279890193,0.0479300358649194,0.0487900385471183,0.0493385993571306,0.0522884556977285,0.0552544113359507,0.0556460579416467,0.0563609538218112,0.056396846166951,0.0574223799144591
2025-10-15,0.0429269268088142,0.0443362882436746,0.043949664077842,0.0440455931386776,0.0448630921664564,0.0456264583042366,0.0459488336172759,0.0464527250696867,0.0470508827381355,0.0474883533880933,0.0484133286787186,0.0488939093568249,0.0518776434302384,0.0548099332443949,0.0552728735180784,0.0560105745583498,0.0560433286930353,0.0569835053677232
2025-10-14,0.0429269268088138,0.0439254293901876,0.0436109393094306,0.0438159082844313,0.0447086497827192,0.0454354809630763,0.045846650387901,0.0464581930439734,0.0468997259694044,0.0473494631527411,0.0482725557833988,0.0488161214016866,0.0518014193485307,0.0547221866129062,0.0551851970209961,0.0558706043691142,0.0559848060547971,0.0569187699188845
2025-10-13,0.0429269268088138,0.0445808071286346,0.043610939309418,0.0438159082844243,0.044708649782716,0.0454304439142288,0.0458466503878993,0.0464581930439734,0.0468995700734825,0.0473461633237397,0.0482724243472335,0.048818246217585,0.0517999328617865,0.0547664837825932,0.0551916659469299,0.0557990449652072,0.0558736244908181,0.0568169681178291
2025-10-10,0.0429269268088138,0.0438275934461948,0.0430203852339888,0.043447034740682,0.0443007205041582,0.0449465082866495,0.0453641515508284,0.0459762535233648,0.0464168792543966,0.0467879250676151,0.0477138945961047,0.048298082066118,0.0512817832479778,0.0545894321009122,0.0545428448632033,0.0552723393955448,0.055272250412506,0.0562400261992475
2025-10-09,0.0429269268088138,0.0438275934461872,0.0430203852339817,0.0434521326725245,0.0442982847760858,0.0449507740224045,0.0453677718502074,0.0459744130164625,0.0464157001349762,0.0467860085429022,0.0477121646069738,0.0482979807716673,0.0512297136435456,0.0542817757968213,0.0544137504024695,0.0551677342140471,0.055165261381694,0.0561097897466734
2025-10-08,0.0426796095035852,0.0438275934461872,0.0430203852339817,0.0434521326725245,0.0443037224895323,0.0449507740224045,0.0453677718502074,0.0459774236762699,0.0464139541276684,0.0467846180715126,0.0477108289158552,0.0482962403490614,0.0509798080211308,0.0543035284813977,0.0541206759393242,0.0551381377137324,0.0550648108870699,0.0561424278232973
2025-10-07,0.0426796095035852,0.0436319072385743,0.0429429161674656,0.0434521326725245,0.0443037224895322,0.0449522617921869,0.0453689210209739,0.0459774236762699,0.0464164359141703,0.0467879071889705,0.047713878842627,0.0482950220731396,0.0510217819330388,0.0542780906156478,0.0542264346702213,0.0550538914290998,0.0550052078048333,0.0561666901255912
2025-10-06,0.0426796095035852,0.0436319072385692,0.0429429161674644,0.0434521326725245,0.0443037224895322,0.0449522617921869,0.045368921020974,0.0459774236762699,0.0464162816283176,0.0467877671314147,0.0477137489301118,0.0482970938761579,0.0509786839851426,0.054303542110981,0.0542848772138856,0.0550434719580929,0.0549982531482583,0.0561612292459989
2025-10-03,0.0426746375772837,0.0436319072385692,0.0427976495680223,0.0434470347406785,0.044262726248381,0.0448800297005196,0.0452894129158415,0.0458197621319358,0.0462691808933186,0.0466309167131246,0.0474877483400367,0.0480713654592262,0.0507559256372943,0.0541563577677652,0.0538317804022032,0.0548548908420328,0.0548015216659078,0.0559539998986577
2025-10-02,0.0426721521927414,0.0441602161845257,0.0427976495680223,0.0434521326725245,0.0442603665888986,0.0448802763243046,0.0452930279842585,0.0458178263095651,0.0462680465945608,0.0466265295102305,0.0474860430790149,0.0480711584738018,0.0507558728248151,0.0541333789939162,0.053975779502284,0.0547666682310536,0.0547999599466628,0.0559528031857889
2025-10-01,0.0426696671938045,0.0436319072385684,0.0425748767894378,0.0432701952297755,0.0440817371488603,0.0446997706059906,0.0451109439816764,0.045639080691506,0.0460833833653711,0.0464442654839756,0.047302785527823,0.0479680809530515,0.05067389626007,0.0540957637933096,0.0536393062282944,0.0546288560855019,0.0547500419954789,0.0561979622046535
2025-09-30,0.0427315664968957,0.0434387681038245,0.0424586327767279,0.0430499108705111,0.0438585566797296,0.0444683580998571,0.0448101632479653,0.0454190510266609,0.0458640240567944,0.0462255299638657,0.0470855917315932,0.0478171160926155,0.0504815948196556,0.0538916039353652,0.0534598651856441,0.0544220420901217,0.054621264832753,0.05605938077225
2025-09-29,0.0421873579706471,0.0431915434461749,0.0423133135467995,0.0430115955932475,0.0438597670539067,0.0444702823267502,0.0448122919319517,0.045419942307395,0.0458647297884344,0.0462265936511243,0.0470868912049883,0.0478197755600454,0.05050127446296,0.0538899620558077,0.0534582619963205,0.0543556176797948,0.0546367001544576,0.0560694226088984
2025-09-26,0.0421873579706431,0.0431940808897374,0.0420129370767924,0.0430065997715591,0.0436328619818721,0.0442467695167149,0.0444325692038054,0.0449687578089703,0.0454847740335691,0.045853895894362,0.0467115097020323,0.0474529496176104,0.0501363750344118,0.0535218445437666,0.053082865799112,0.0539664245086211,0.0542784514374362,0.0557027421107481
2025-09-25,0.0421873579706431,0.0431940808897374,0.0420129370767919,0.0430115955932473,0.043637596802743,0.0442467695167143,0.0444360488987241,0.0449667296793276,0.0454828885412479,0.0458525666401676,0.0467100070231015,0.0474526279230342,0.0498970314049676,0.0535514711783839,0.0530132301377755,0.0539104864271872,0.0542831335121042,0.0557384517829631
2025-09-24,0.0421873579706431,0.0431157747103135,0.0419354096124001,0.0428295779753555,0.0435603117135058,0.0440239115932975,0.0443688491435641,0.0448171109432526,0.0454876982396803,0.0458614423343534,0.0467115533639362,0.0474590273315712,0.0500270326067565,0.0535799707438628,0.0526766964955784,0.0536732331129828,0.0539907527798607,0.0556482327531092
2025-09-23,0.0421873579706431,0.0431157747103135,0.0416349482190106,0.0425325307187026,0.0432607906341803,0.0436547006277713,0.0440705783933996,0.0445301446961028,0.0451895211952569,0.045563773395378,0.0464159769174103,0.0472410582393683,0.0497260997841904,0.0533672321555706,0.0524622095871904,0.0534173022739696,0.0537818331600634,0.0554316519099188
2025-09-22,0.041860797409183,0.0431132464256653,0.0419354096124001,0.0428295779753554,0.0435610330009769,0.0440240317288316,0.0443688491435637,0.0448171109432522,0.0454881181651785,0.0458612427010467,0.0467136069576383,0.0474598527816996,0.049869894671778,0.0535925496047451,0.0526844222163516,0.0535745031967491,0.0540199544701956,0.0556684064123192
2025-09-19,0.041860797409183,0.043438768103811,0.0415670927520054,0.042527644781724,0.0431892238849261,0.0436523396663274,0.0440681280195341,0.0445293229292189,0.0451907736864988,0.0455605678218612,0.0464164990209779,0.0472433201864186,0.0497777000195188,0.0534395895106248,0.052522288943101,0.0534243971770132,0.0539441989328295,0.0555815330041613
2025-09-18,0.041860797409183,0.0434387681038246,0.0415670927519906,0.0425325307187024,0.0431938627819325,0.0436523396662648,0.0440715556372068,0.0445273451542011,0.0451888871151947,0.045559250067977,0.046414864288887,0.0472429873737,0.0497047709156015,0.0534779717332221,0.0524880768784487,0.0534308730077819,0.0539491575703581,0.0555849074473065
2025-09-17,0.041860797409183,0.0434387681038246,0.0415670927519906,0.0425325307187024,0.0431938627819325,0.0436523396662648,0.0440715556372068,0.0445301446961026,0.045191674043878,0.0455614729667041,0.0464135971152926,0.0472414109023855,0.0496529364453109,0.0534502068968284,0.0524352563507963,0.0534185053941181,0.0539196772833911,0.0556525213084876
2025-09-16,0.0413659580140567,0.0434387681038246,0.0414895394296787,0.0425325307187024,0.04319494640252,0.0436523396662648,0.0440726726107897,0.0445301446961026,0.045192306168935,0.0455613364394281,0.0464165002395007,0.0472402348289005,0.0498093216913672,0.0534711955293256,0.0524346883117701,0.0534082906429805,0.0538511588822607,0.0555730249760718
2025-09-15,0.0413659580140367,0.0434362019349988,0.0414895394296776,0.0425325307187024,0.04319494640252,0.0436525247035903,0.0440726726107896,0.0445301446961026,0.0451923061689349,0.0455613160010747,0.0464163738666366,0.0472422302977445,0.0497973618854097,0.053460627031516,0.0524240311312828,0.053398063046683,0.0538875378063455,0.0556039893924884
2025-09-12,0.0401384928117486,0.0407259743742059,0.0409659368063977,0.0421538997031948,0.0428160937491388,0.0431471846188553,0.043627648717327,0.0441559827261157,0.0448275879523546,0.0451992140369638,0.0461350996953205,0.0469493867112337,0.049493488542617,0.0533193800419627,0.0522085221309936,0.0530761011254102,0.0535700509897103,0.0552472919816976
2025-09-11,0.0401384928117469,0.0407259743741882,0.0409659368063962,0.0421587007303086,0.0428206657485505,0.0431471846188527,0.0435919536888406,0.0441539253505933,0.0448257261297193,0.0451979020858588,0.0461346067676627,0.0469490276486434,0.0494205513726569,0.0532910919606118,0.0521576731321913,0.0530520197294545,0.0535903269214635,0.0551844158252569
2025-09-10,0.0400988909052999,0.0405201624134027,0.0408010564956746,0.0418135028134112,0.042356645622765,0.0426818823064929,0.0431450313036433,0.0437922263475339,0.0444355890364976,0.0448164986165476,0.0457984849101609,0.0465427588306742,0.0491517744576317,0.0528535492851077,0.0516326761909854,0.052547226085184,0.0532388755014251,0.0548132209428627
2025-09-09,0.0399602811535005,0.0405201624134025,0.0408010564956744,0.041736775980081,0.0422795762745312,0.0426040739071123,0.0430668928296165,0.0437155736939528,0.0442896404914589,0.0447390109535954,0.0456529634260523,0.0463845665888974,0.0488819929319643,0.0526957147444113,0.0514620553318342,0.0523756478772357,0.0530967009216538,0.0546649842843134
2025-09-08,0.0399602811535005,0.0402925159132147,0.0406555569808804,0.0414394038838371,0.0419894111725621,0.0422749932589505,0.0427368200950981,0.0436438415274,0.0442179523026761,0.044679409904132,0.0456640893974148,0.0463936918843883,0.048968277039778,0.0527923056706436,0.0515194208103201,0.0524462428043758,0.0531827568923468,0.0547490464560812
2025-09-05,0.0405443898106186,0.0400692628010064,0.0405003400437756,0.0411469642959701,0.0416839528682233,0.0418192578505746,0.0423548305129924,0.0432769721118417,0.0440757036071824,0.0445323043893252,0.0456769517330647,0.0464103793788358,0.0489798676434252,0.0527885060319167,0.0515039938750145,0.05245513469478,0.0531889560550437,0.0547532830249196
2025-09-04,0.0405443898106239,0.0400692628010055,0.0405003400437751,0.0411515402141077,0.0416882753170055,0.0418192578505765,0.0423579766239097,0.0432752372655461,0.0440739602718773,0.0445310121426623,0.0456752651838522,0.0464103119863285,0.0489799009156692,0.0529765921030151,0.0516255400241053,0.0524196022345194,0.0531617112063324,0.0547340213325442
2025-09-03,0.0405443898106239,0.0400692628010055,0.0405003400437751,0.0411515402141077,0.0416882753170054,0.0418192578505765,0.0423579766239097,0.0432778932338828,0.0440766380850433,0.0445331934969664,0.0456740081078856,0.0464084563385085,0.0491566425305984,0.0532414608390496,0.0517625980695433,0.0525202611930924,0.0533418733789971,0.0547596919274242
2025-08-29,0.0404189029144373,0.0399037355606435,0.0404227248173045,0.0410633676516342,0.0415419514044449,0.0417500704076913,0.0422777532386781,0.0432008536996623,0.044002255461031,0.0444661593310912,0.0455991296174797,0.0463433137365401,0.0491213044271708,0.0532376820461916,0.0517113031456496,0.0524439874940571,0.0532676700740464,0.0546858991015951
2025-08-28,0.0404233639372386,0.0390783040189426,0.0403548077978534,0.0406331766953275,0.0408624187282732,0.0412689915102685,0.0419105309137946,0.0426104727320197,0.0436425304738947,0.0442159888433951,0.0454890588022526,0.0462881709712829,0.0491625073883516,0.0531734646801843,0.0517057499140835,0.0525633548611511,0.0531957253982525,0.0546423463563706
2025-08-27,0.0404233639372386,0.039151094026827,0.0404227248173045,0.0406331766952914,0.0408665616727914,0.0412668710754569,0.0419096020346395,0.0426130420012225,0.0436409824234038,0.0442146710386869,0.0454871620756042,0.0462864524738283,0.049287485554275,0.0532537252724362,0.0517595172569853,0.052644324453828,0.0533060984053649,0.0547125010066466
2025-08-26,0.0400471982300835,0.039151094026827,0.0404227248173044,0.0406331766952914,0.0408673555532025,0.0412704843535364,0.0419096020346395,0.0426130420012225,0.0436441023444182,0.0442130656836357,0.0454892932521705,0.0462852837696306,0.0493399438140906,0.0532942893712922,0.0518570329285906,0.0525701914846027,0.0533767280300813,0.054701070402421
2025-08-25,0.0401758905120086,0.0391510940268272,0.0401995559396927,0.0406331766952914,0.0408670839455053,0.0412704843535364,0.0419126544261814,0.0426130420012225,0.043643940331235,0.0442152189884006,0.0454912875889426,0.0462872718667785,0.0494529291111177,0.0530958379950718,0.0520560819442936,0.052741876165441,0.0533765523696533,0.054788909221563
2025-08-22,0.0395479178684612,0.0385509022525958,0.0396851553563289,0.0401145443363734,0.040798518811444,0.0412746684005332,0.0419165943242209,0.0426230469469304,0.0436466181686699,0.0442175293129971,0.0454963093748682,0.0462954392204744,0.0491884497167896,0.0526540906603687,0.0526029108630495,0.0532391844844677,0.053697998285616,0.0549931636272824
2025-08-21,0.0394333776031346,0.0385488797370332,0.0396851553563298,0.0400376870315306,0.0407967365780078,0.0412728135072196,0.0419196921413889,0.0426234164351469,0.0436457335529764,0.0442175615715055,0.0454945437580213,0.0462968128361772,0.0484197385944177,0.0515518462465874,0.0522357438652158,0.0530460343985243,0.0538017190994468,0.0550951745471301
2025-08-20,0.0393046612332931,0.0381350271337557,0.0393453483226018,0.0397782500084126,0.0407236818681603,0.041118016066759,0.0418461449178107,0.0426316783229767,0.0436459813659616,0.0442224634447338,0.0454688032841476,0.0462187157592351,0.048395209382079,0.0514058222539956,0.0518216820056527,0.0528191690977527,0.0536337127944751,0.0548213451728608
2025-08-19,0.0391858424160286,0.0381330480166657,0.0393453483226017,0.0397782500084124,0.0407239317787392,0.0411215888646474,0.0418461449178107,0.0426316783229767,0.0436487895416478,0.0442208304182393,0.0454709525707036,0.0462175423520918,0.0483643803347563,0.0513532153658141,0.0518990394085707,0.0528776063657058,0.0536901814456141,0.0548763619503616
2025-08-18,0.039245252269472,0.0379741909506838,0.0391996902944893,0.0396340892400708,0.040578549939682,0.0411225597110443,0.0418481348961442,0.0426348224842171,0.0436523184598271,0.0442236312501481,0.0454722115050629,0.0462218244845661,0.0485202837035374,0.0515077004277505,0.0518739636666379,0.0529257645196819,0.0537853487451094,0.0549279007371665
2025-08-15,0.03874604301088,0.0379683046297924,0.0391996902944912,0.0396298424152278,0.0405775144101502,0.0411226157265644,0.0418450307768582,0.042633801409029,0.0436532365172673,0.0442232709873544,0.0454724019907348,0.0462220062578165,0.0486773252980523,0.0516274011735864,0.0519822835715865,0.05295486450741,0.0537266235798471,0.0548839479869736
2025-08-14,0.0387501429720278,0.0379663430625752,0.0391996902944912,0.0395571949984527,0.0405754900511847,0.0411207797073926,0.0418481348961442,0.0426338663879314,0.0436522475009385,0.044223330341786,0.0454705807216138,0.0462231931358004,0.0487509594909976,0.0517543809108356,0.0520947242561231,0.0531697218714065,0.053843155592102,0.055004748171792
2025-08-13,0.0390571180148793,0.0376994866065235,0.0389860298112932,0.0392784037968365,0.0403852424253899,0.0408778930515952,0.0418119501847625,0.0425248765007739,0.043615163644599,0.0441905799678865,0.0454324772533004,0.0462295390362917,0.0485585345733217,0.0518966468535977,0.0519078470668628,0.0529406983966993,0.0537285384536878,0.0550202536400705
2025-08-12,0.0391858424160293,0.0379153333139666,0.0389666044377904,0.0393360911123734,0.0402977998243124,0.0408799470319304,0.0418122153774742,0.0425236214347191,0.043619835935417,0.0441879196004619,0.0454348114697357,0.0462274429640353,0.0485687218298161,0.0518181454548205,0.0518910285280281,0.0530405234806279,0.0538519632610016,0.0550380197198195
2025-08-11,0.0394333776031331,0.0379840068867348,0.0390443042384586,0.0394130023568346,0.0402972847806616,0.0408794640324824,0.0418111546535988,0.042521948243437,0.0436195243547603,0.044189782705118,0.0454339507032779,0.0462282398307948,0.048701644799187,0.0520723908159469,0.0520433829861915,0.0531678849415947,0.0539519572387084,0.0551629174659072
2025-08-08,0.039300443295543,0.0382076448382903,0.0390443042384589,0.0396298424152161,0.0403632897620813,0.0409557233030878,0.0418080511250493,0.0425161994028558,0.0436182302405294,0.0441861892647192,0.0454342254380163,0.046224941793622,0.0486173248978499,0.0519323816167963,0.0519452461141098,0.0530826572794394,0.0538805878728955,0.0550885408608017
2025-08-07,0.0383044917702293,0.037607328195705,0.0385780376868673,0.0390957053399488,0.0400147033437332,0.0406951581717568,0.04159263462855,0.0422613965503938,0.0434789073028997,0.0441165960509356,0.0454033546438659,0.0462819760944002,0.0487196314689233,0.0520418203957765,0.0521099216333113,0.0531630201108372,0.0540087796690771,0.0550412149318132
2025-08-06,0.0372644442496949,0.0371205090034559,0.0380532933772267,0.038768687928348,0.0398658002166832,0.0405507747190253,0.0415313041092,0.0422023830228721,0.0434030533543554,0.0440422076962633,0.0453290068052442,0.0462171448445206,0.0491652037823279,0.0524916978006589,0.0522058461889383,0.0534280983923213,0.0542101047476,0.0552876375282925
2025-08-05,0.0367690876808089,0.037041990554084,0.0379852558851187,0.038691727110986,0.0397989837921504,0.0403989467558117,0.0414539861840682,0.0421255513356366,0.0432894019616061,0.0439355566213594,0.04518397710634,0.0460988581652493,0.0490387709931048,0.0523428990707958,0.0520937002208733,0.0532494606366859,0.0540190270613064,0.0553894842818138
2025-08-04,0.0363727578897915,0.0367377022042004,0.0378297286148744,0.038691727110986,0.0397997984308057,0.0404010617682818,0.0414560916013348,0.0421255513356366,0.0432898972903697,0.043939116482109,0.0451853219394842,0.046100890049047,0.0490787895840265,0.0524169075074236,0.0521415211306637,0.0533498990530744,0.0541022481771454,0.0551817063599219
2025-08-01,0.0362700758169373,0.0368143874951289,0.037901645740399,0.0387646233585847,0.0398658865859018,0.0404005702985998,0.0414525181315556,0.042123095798385,0.0432887179753563,0.0439383993561884,0.0451853830646161,0.0460999652929874,0.0490791929169093,0.0524043335001934,0.0521434851795899,0.0533377232172051,0.0541052213611996,0.0551836191201241
2025-07-31,0.0358772899681488,0.0366653246770941,0.0377442239181671,0.0386917271109852,0.0397968558364125,0.0403999300953179,0.0414578912974308,0.0421229586245796,0.0432898646147128,0.0439392244849029,0.0451849506943521,0.0461009577993526,0.0490694927039899,0.052449370964521,0.0522576093005149,0.0534334351966311,0.0541992450813862,0.0552763554128526
2025-07-30,0.0360754845620567,0.0366689854712947,0.0377422910075986,0.038691727110986,0.039800409517167,0.0403980358837019,0.0414573494881407,0.0421255513356366,0.0432876122807727,0.0439380609245386,0.0451848555989058,0.0460992438560048,0.04900711526886,0.052455628352681,0.0521079803088815,0.0533433293699996,0.0541246643271745,0.0552006824939672
2025-07-29,0.0364718440493633,0.0368162326985687,0.0379055446543362,0.038691727110986,0.0397995947558049,0.0404005158958477,0.0414545046351832,0.0421255513356366,0.0432897734488489,0.0439356683301534,0.0451816167306824,0.0460980547613236,0.048986737068481,0.0524464721600586,0.0519576494700995,0.0533442478322027,0.054151711971228,0.0552197818558192
2025-07-28,0.0364223012789149,0.036649351681809,0.0377889060385601,0.0386532444810782,0.0397803138260171,0.040440654259434,0.0414560927931827,0.0421263806693689,0.0432903123299865,0.0439375487173301,0.0451848658868781,0.0461006937102117,0.0491312768814843,0.0526568617005914,0.0521729022803715,0.0535563873519729,0.0543019807647972,0.055279124850727
2025-07-25,0.0363196106361304,0.0367162336875541,0.0379385620087124,0.0387261517025595,0.039856088207535,0.0405181728698703,0.0414530603021107,0.0421238921969221,0.0432888981842037,0.0439347654119892,0.045183801905063,0.0460997457271194,0.0491316671179011,0.052666444685773,0.0522312636530577,0.0535458787832133,0.0542931510781733,0.0552728936150358
2025-07-24,0.0360259368418158,0.0366456947945015,0.0378666662504884,0.0386917271109873,0.0397771723850963,0.0405169633388061,0.0414519554682217,0.0421229586245796,0.0432901450186684,0.0439352635921264,0.045184331006582,0.0461001717203569,0.0491945234142229,0.0526610488802632,0.0524278488920626,0.053654203384371,0.0541558797817144,0.0552587479274547
2025-07-23,0.0358277397726135,0.0365315448638718,0.0377500242303617,0.0386147603702008,0.0397039991972857,0.0405159004851985,0.0414566222419716,0.0421272100683103,0.0432903004875107,0.0439347411408222,0.045183489503997,0.0460996557751038,0.049518520048194,0.0529260684874934,0.0527681775650845,0.0539096948237251,0.0542594689565135,0.0554221646204709
2025-07-22,0.0352330891507334,0.0361191658968237,0.0374194830317796,0.0382490874316975,0.0394822705070456,0.0402981578850352,0.0412361215239168,0.0418308615877844,0.0430026040512249,0.0435528001280144,0.0448016296940742,0.0457313023912189,0.0489751949160327,0.0525837849922563,0.0522229660797119,0.0534497189821854,0.0538750308463432,0.0551963684347402
2025-07-21,0.0349357304131024,0.0361191658968235,0.0374194830317795,0.0382490874316972,0.039482876910097,0.0402981578850352,0.0412361215239167,0.0418308615877841,0.0430029732796125,0.0435549176325009,0.04480372720833,0.0457332988135009,0.0489839290838464,0.0525826169236138,0.0522099530989459,0.0534771287246468,0.0538708897015161,0.0551927243659949
2025-07-18,0.03493239678038,0.0360781148857885,0.0373767982668056,0.0382066386381591,0.0394422090220077,0.0402595448306083,0.0411964284264228,0.0417916234726666,0.042964790946093,0.0435259630951065,0.0447754909604409,0.0456951164806421,0.0488737151972688,0.0525266253727581,0.0521438733536427,0.0533968841839001,0.0538516724160971,0.0551669157997821
2025-07-17,0.0352330891507291,0.0361156137262553,0.0373805904392117,0.0382105877637521,0.0394395995948473,0.0402575837397267,0.0411944651616874,0.0417898675265631,0.042963430706371,0.0435259781015147,0.0447754094701362,0.0456948992207997,0.0487694907467852,0.0523897651740746,0.0521527347432317,0.053334581643651,0.0537293472288045,0.0551662718016475
2025-07-16,0.0352330891507335,0.0361191658968234,0.0373805904392117,0.038210587763752,0.0394434931886469,0.0402556840938589,0.0411975158462705,0.0417924293095822,0.0429613857611254,0.0435248943694244,0.0447734921990737,0.0456932451469259,0.0492072867354401,0.0528007521340665,0.052106779657722,0.05354425000046,0.0541798601257626,0.0556117155531817
2025-07-15,0.035034852468695,0.0360406078015955,0.0373028018473772,0.0381335839809033,0.0393760333743267,0.0401817449096635,0.0411985684383294,0.0417940755648405,0.0429659106709405,0.0435255209447406,0.0447729918242288,0.0456932815645402,0.0491772635138512,0.0528375058060966,0.0520584415546883,0.0535120278912258,0.0542252066204754,0.055650006935657
2025-07-14,0.0345094773522743,0.0359325853406454,0.0372347331030988,0.0381335839809031,0.0393771018899203,0.040182491794236,0.0411994895588226,0.0417940755648405,0.0429665625210224,0.043528128026711,0.0447757277013012,0.0456952754704413,0.0491755592788792,0.0528260597072426,0.0519885889321534,0.0533543427422636,0.0541368086537093,0.0555791851246028
2025-07-11,0.0343971961072497,0.0356263983745325,0.0371531888518026,0.0380526567113746,0.0393754416802336,0.040184702457644,0.0411995174467128,0.0417949438152216,0.0429671378089783,0.0435291846706409,0.0447768152625432,0.0456967562757151,0.0483547474821115,0.0519914606182426,0.0512007745920618,0.0525717031206843,0.0533550098179016,0.0547899483593302
2025-07-10,0.0344004285150569,0.0356281267532498,0.0359212979138796,0.038056574268015,0.0393734365144293,0.0401828545533729,0.0412141604206751,0.0417931512994285,0.042966163201211,0.0435292698666527,0.0447883588011107,0.0456965042638189,0.0492608546042509,0.052851622621108,0.0520177434448537,0.0535399318289761,0.054205337032952,0.0556513663290731
2025-07-09,0.0344004285150569,0.0356281267532498,0.0359212979138796,0.0382105877637519,0.039522746593865,0.0403760132223183,0.0413640907021632,0.0419494541886726,0.0431087916626909,0.0436723401899378,0.044932252548255,0.0458385120530951,0.0495718046908195,0.0531065891471259,0.0523034381971058,0.0537331501520938,0.0544341584861019,0.0558856945504232
2025-07-08,0.0342913766804176,0.0356281267532498,0.0359212979138796,0.0379891859040393,0.0395229692487661,0.0403795373726865,0.0413640907021633,0.0419542064129549,0.0431115730079222,0.0436704957564758,0.0449310001458997,0.045840811630977,0.0494389449568898,0.0529415900811604,0.0521891528718708,0.0536051070526584,0.0543064786909308,0.0557569248896404
2025-07-07,0.0342913766804176,0.0355888383702744,0.0359212979138796,0.0379891859040347,0.0395229692487661,0.0403798104301802,0.0413640907021633,0.041954206412955,0.0431115730079222,0.0436728074078305,0.0449331356707152,0.0458428238376495,0.0495728258768923,0.0530527483996804,0.0522976082247817,0.053726435248511,0.0544432214006814,0.0558916302663326
2025-07-04,0.0339412262308251,0.0358129894703759,0.0372990253672385,0.0385049107958304,0.0396672041839051,0.0403783955764394,0.0413442720754128,0.0419424219405419,0.0431088587315203,0.0436714911204215,0.0449204170452342,0.045835034702633,0.049568750636658,0.0530587856808667,0.0522949019951042,0.0537241105416622,0.0544406832807496,0.0558897128667347
2025-07-03,0.0337460725400132,0.0358112432207421,0.0373805904392116,0.0385089214281068,0.0396655428229198,0.0403768104755884,0.0413411832664925,0.0419404811071577,0.0431080699817419,0.043671731406317,0.0449195707300851,0.0458346877460954,0.0495686008295311,0.0530468177554963,0.0522962575161804,0.0537381145318851,0.0544383553617537,0.0558879459041414
2025-07-02,0.0338452243223273,0.0358094971978074,0.0373805904392116,0.0385089214281068,0.0396692919499573,0.0403751868384719,0.0413442608463921,0.0419430524163501,0.0431059271408584,0.0436708018335927,0.0449176258576331,0.0458330265515832,0.0495687538422881,0.0530148836650734,0.0522522012753997,0.0536170854389644,0.0544762054615186,0.0559151705889543
2025-07-01,0.0343409460677565,0.0359255548988685,0.0373805904392116,0.0385089214281068,0.0396682759353692,0.0403779292163467,0.0413442608463921,0.0419430524163502,0.0431079485234047,0.0436685352741638,0.0449163880077517,0.0458318557255032,0.0495692304342047,0.05299296564339,0.0522659187415002,0.0536428106403135,0.0544699462307789,0.0559112023167224
2025-06-30,0.0340435204533553,0.0359343435235467,0.0373824869093019,0.0385089214281068,0.0396688855134986,0.040377394389547,0.041344760002203,0.0419430524163502,0.0431083188276345,0.0436701608872605,0.0449184441903397,0.0458338516137845,0.0495883577736051,0.053013208640553,0.0522266786216414,0.053646072741171,0.0544733995071161,0.0559127760859156
2025-06-27,0.0338420952590917,0.0355871137898669,0.0373435892549688,0.0385337710965918,0.0396286301721194,0.0403393030504242,0.041312857340911,0.0419025315791906,0.0431099104638969,0.0436731959844261,0.0449200153214347,0.0458349889290106,0.0496527261305705,0.0532411954489667,0.0523418439711861,0.0538006261926841,0.0543948055036055,0.0559160059347983
2025-06-26,0.0334486023243866,0.0355119764869524,0.0373435892549688,0.0385377877050807,0.0396273821135936,0.0403377921533048,0.0413159375373776,0.0419006207519026,0.043109353811425,0.0436723547123339,0.044918063219889,0.0458346403217726,0.0496525749571804,0.0532625887314797,0.0523398332692306,0.0537206662896945,0.0544120229310135,0.0559279687684554
2025-06-25,0.0326056489037238,0.0354432105963559,0.037197712971528,0.0383934479868712,0.0394876302301609,0.0401468519087619,0.0411613740722884,0.0417492682732831,0.0429636935928369,0.0435268688066712,0.0447726468834559,0.045689216155907,0.049498291475249,0.0530868512212451,0.0521878366964744,0.0535805301209143,0.0543315396438291,0.0558581118453573
2025-06-24,0.0324072808908881,0.0352860225144896,0.0371199057785819,0.0380950798657516,0.0394104676855462,0.0401479281661931,0.0411624199902597,0.0417556403270844,0.0429684613097151,0.0435300876248579,0.0447754711141489,0.0456927188725322,0.0496479213666537,0.0532670100702735,0.0522675843382011,0.0536367215592963,0.0543447004896947,0.0558799464876085
2025-06-23,0.0324072808908881,0.0354432105963539,0.0372657905511502,0.038470431762501,0.0394880350272393,0.0402248297232252,0.0411604589954724,0.041747624502581,0.0429665672525384,0.0435273005414895,0.044773984979586,0.0456888298072061,0.0494962406503542,0.0530528651519691,0.052154689754161,0.053470481140077,0.0543043860409633,0.0558264284644373
2025-06-20,0.0325035793819042,0.0351352848359626,0.0372657905511532,0.0384664290919456,0.0394859935810334,0.040225582921509,0.0411574042215981,0.0417469859824868,0.0429668410127842,0.0435292041406864,0.0447743049004395,0.0456891928823938,0.0494870680058272,0.053086114301764,0.0521414549298382,0.0534709742161634,0.0543347527650261,0.0558537256407708
2025-06-19,0.0324072808908888,0.035443210596356,0.0372657905511532,0.0384704317625772,0.039484108422827,0.0402213249120822,0.0411604589954725,0.0417450846146444,0.0429658763108236,0.0435265727514134,0.0447723911199605,0.0456888418022166,0.0494556194472752,0.0530321513833005,0.0521021439506265,0.0536409505685581,0.0542469393891085,0.0556824237349344
2025-06-18,0.0326056489037017,0.0355905631732313,0.0372657905511532,0.0385377877050807,0.0394876302301587,0.0402238188682641,0.0411604589954725,0.0417461864152447,0.0429636935928276,0.0435241319166768,0.0447711601558417,0.0456861599322231,0.0491943873357308,0.0530204979547476,0.0520837580852107,0.0533708125632938,0.0542501334232528,0.0556895218481575
2025-06-17,0.0328040069986887,0.0354432105963558,0.0373435892549688,0.0385377877050807,0.0394872254737582,0.0402248297232269,0.0411594133092954,0.0417461864152447,0.0429660748046062,0.0435273005414895,0.0447725262846393,0.0456849982592334,0.0491218594304181,0.0530933829703577,0.052268305814547,0.0535072837041624,0.0545234289979757,0.0559878023735602
2025-06-16,0.0330221894492651,0.0355905631732307,0.0374213834320057,0.0385377877050807,0.0394867802886972,0.040223818868264,0.0411583677467136,0.0417461864152447,0.0429658040004516,0.0435266400705297,0.044771677037656,0.045686976966057,0.0487659746912351,0.053021229324832,0.0522503117924729,0.0534567906407961,0.054564374545388,0.0560156777984116
2025-06-13,0.0330985322915941,0.0357344269492606,0.0373435892549689,0.0385337710965916,0.0394847824094895,0.0402214805638279,0.0411563618031902,0.041745545371746,0.0429660841910212,0.0435265178080914,0.0447727262091697,0.0456873365506787,0.0487880232546631,0.0528406434898594,0.0522684874125884,0.0534557820951903,0.0545760328024136,0.0560237179213812
2025-06-12,0.0332998588521692,0.0357379048647763,0.0373435892549686,0.0380565742680107,0.0394822950920861,0.0402193107041574,0.0411594133092953,0.0417538987741988,0.0429649834041368,0.0435252530392848,0.0447708121744392,0.0456945366816336,0.0486886023116691,0.0527518393863357,0.0522755497295811,0.0535098783302024,0.0545784283651252,0.0560252561529705
2025-06-11,0.0332998588521683,0.0357379048647761,0.0373435892549686,0.0385377877050339,0.039486213760698,0.0402228081641785,0.0411594133092953,0.0417461864152448,0.0429628340519057,0.0435234729878225,0.0447695828035629,0.0456853630918475,0.0486630622772231,0.0526287838925265,0.0522622656088363,0.053507730418108,0.0545897502808338,0.0560339346618646
2025-06-10,0.0331610265799053,0.0357379048647761,0.0373435892549686,0.0385377877050806,0.0394864970147348,0.0402228081641785,0.0411594133092953,0.0417461864152448,0.0429656316861279,0.0435259796982387,0.0447716732308852,0.045684202165115,0.0486426626577031,0.0526862873480665,0.0522457833415087,0.0535982265092574,0.0545367815693676,0.0560302377479092
2025-06-09,0.0336964957195953,0.035895057339516,0.037460278823147,0.0385377877050806,0.0394854045732246,0.040221730246083,0.0411578450117643,0.0417461864152448,0.042964967158746,0.0435252754098584,0.0447704603515338,0.0456861793900455,0.0486931025863203,0.052537384064493,0.0521981120263398,0.0534588164063446,0.0545881426878477,0.0560654723378757
2025-06-06,0.0337925288241645,0.0359602857662233,0.0376061264630642,0.0386107278046064,0.039483348680522,0.0402198637460328,0.0411528445505672,0.0417438204430883,0.0429651890409951,0.0435254593539792,0.0447694171264338,0.0456852721204549,0.0485477571830975,0.0522032670414053,0.0521595868724097,0.0533713817805266,0.0544817868460083,0.0559375033093154
2025-06-05,0.0337956487409162,0.0360423765398075,0.0377519581947838,0.038691727110986,0.039626674542975,0.0403731304292422,0.0413788963149033,0.0418188517222255,0.0430297618870393,0.0435893680926728,0.0448296322507621,0.0457516729978741,0.0487186536798953,0.05248352117147,0.0524102629611274,0.053645806683203,0.0547704186222472,0.0562253946522576
2025-06-04,0.0340633495213565,0.0361209423309868,0.0377519581947838,0.0386917271109861,0.0396300703751955,0.0403761095222441,0.0413788963149036,0.0418213921239271,0.0430275328545393,0.0435872293833902,0.0448284080468674,0.045750141886548,0.0486355758686566,0.0523360954719525,0.0522420021514139,0.0536124134628023,0.054823873380426,0.056185045752503
2025-06-03,0.0345590440147027,0.0361209423309866,0.0377519581947838,0.0386917271109861,0.0396290554907199,0.0403761095222441,0.0413788963149036,0.0418213921239271,0.0430295433308363,0.0435897351817269,0.0448304876414786,0.0457489801570625,0.0484382530699374,0.0519526584496296,0.0520345944155611,0.0534161365618073,0.0545629425753386,0.0559459185460437
2025-06-02,0.0347556545078445,0.0364940875822665,0.0380532933772267,0.0388360237851982,0.039781794900386,0.0405197035038144,0.0415313041091999,0.0421224419147798,0.0432630634148142,0.043812943052238,0.0450530903305127,0.0459001657345452,0.0484730647419285,0.0519582750166441,0.0521729062687555,0.0535641847382853,0.0547410752210102,0.0561187260181863
2025-05-30,0.0347507058672076,0.0364904613971521,0.0381251286487078,0.0388319451759081,0.0397759722213165,0.0405198529727816,0.0415287049426262,0.0421215732487534,0.0432640273519327,0.0438133248131459,0.0450527548675666,0.0459003759175549,0.0484741681400761,0.0518909471096592,0.0521221769734087,0.0534873294577538,0.0547733760213222,0.0561412224968471
2025-05-29,0.0347573044720595,0.0367143985245267,0.0381231566505603,0.0388360237851982,0.0397738145730866,0.0405166832166863,0.041528091108035,0.0421198576994084,0.043262842393185,0.0438126798697275,0.0450526008054706,0.0459001969601397,0.0486510034347111,0.0520203988699645,0.0522861372049435,0.0537012268500681,0.0549999155843149,0.0563639781482204
2025-05-28,0.0348861684566116,0.0366886190664529,0.0367216481926635,0.0388360237851982,0.0397834704406648,0.0405148092723768,0.0415464132641291,0.04212244191478,0.0432599212129037,0.0438115829522567,0.0450667482792669,0.0458985467888219,0.048588665181981,0.0520930580689292,0.0522587330155793,0.0538074534772399,0.0550380212664329,0.0564036761009538
2025-05-27,0.0351934426067411,0.0367573351192512,0.0381251286477076,0.0388360237851982,0.0397828389211609,0.0405178559242507,0.0415255243226072,0.04212244191478,0.0432621934485307,0.0438094919317775,0.0450523808428995,0.0458973828601533,0.0486723373212407,0.0520203220426987,0.0521783744101339,0.053717829969222,0.0550439941798486,0.0563233601620135
2025-05-26,0.0349753795325177,0.0366100835198556,0.0381251286487077,0.0388360237851982,0.0397832870861635,0.0405188825860836,0.0415285930374476,0.04212244191478,0.0432624658942459,0.043812690832978,0.0450504328669546,0.0458993644647875,0.0485771112724134,0.0519276264634228,0.0521694456587595,0.0537189985009653,0.0550593126429622,0.0563331343308874
2025-05-23,0.0349720383403089,0.0366082588589744,0.0381251286487077,0.0388319451759082,0.0397813852658581,0.0405190206764041,0.0415285930374475,0.0421215732487535,0.0432628203129393,0.043812781051156,0.0450522747187048,0.0458995769601198,0.0484533826805713,0.0518368394097412,0.0520232695511778,0.0537325822396263,0.0550958739331857,0.0563585394494397
2025-05-22,0.0349753795325179,0.0365279113751521,0.0381231566505603,0.0388360237851981,0.0397832870861636,0.0405179212294891,0.041528862104286,0.0421198576994084,0.0432611393031454,0.0438134756384106,0.0450523394905047,0.0458993951662265,0.048536563640205,0.0519292965458511,0.052091126510523,0.0538006488789267,0.0551800691486158,0.0564417237983687
2025-05-21,0.0349753795325179,0.0365315448638718,0.0381988932395305,0.0389129734985983,0.0397832870861636,0.0405159004851985,0.0415265323662374,0.0421207839317592,0.0432598100197008,0.0438918841040878,0.0451320997556072,0.0459669638475334,0.0486571968686878,0.0519728418887834,0.0522165994236417,0.0539500312563521,0.0553430140895322,0.0566023612545212
2025-05-20,0.0349753795325179,0.0366100835198556,0.0382260502037324,0.0388744993820556,0.0397832870861636,0.0405188825860835,0.0414857226127772,0.0420823701310388,0.0432229260281155,0.0438499492776459,0.0450921999321572,0.0459374494837558,0.0486290951754321,0.0520330307407011,0.0522139286753312,0.053922090543022,0.0553013773026771,0.0565645429889304
2025-05-19,0.0351438838695821,0.0366100835198554,0.0382240680086854,0.0388744993820554,0.0397829407724953,0.0405188825860835,0.0414890328696449,0.0420823701310386,0.0432227157011664,0.04385248576366,0.0450904482894115,0.045939437283607,0.0485650976832492,0.0520597597185359,0.0522027019726111,0.053911515808192,0.0553075726189788,0.0565679136232347
2025-05-16,0.0351405104551869,0.0366082588589741,0.0381889986570943,0.0388704127398787,0.0397810321778251,0.040519007767936,0.0414901455934789,0.042081520553185,0.0432230546971418,0.0438525676268213,0.0450930718912266,0.0459396603086132,0.048535002640441,0.0520391721166128,0.0522079596900187,0.0539146071393352,0.055309090891518,0.0565688077301383
2025-05-15,0.0351438838695818,0.0366064344402109,0.0381870205586481,0.0388744993820554,0.0397789770586047,0.0405173613827496,0.0414903950191145,0.0420797949466269,0.0432219622769105,0.0438529102986412,0.0450931232308231,0.0459394666985869,0.0485453581186297,0.0520376359234625,0.0521842102977391,0.0539446863279185,0.0553526792979309,0.0566083010265991
2025-05-14,0.0357484581725158,0.0366493516818119,0.038214161133272,0.0388744993820554,0.0397816983609212,0.0405150820592132,0.0414886336884681,0.0420823701310387,0.0432193145304569,0.0438515546412271,0.0450931998646872,0.0459378154702899,0.0485454578793098,0.0520389162893984,0.0522305720534067,0.0539231078626197,0.0553489446138204,0.0566064991449265
2025-05-13,0.035421404824427,0.0367180690948379,0.038231998429947,0.0388744993820554,0.0397823704379617,0.0405181296856815,0.0414849397547294,0.0420823701310386,0.04322236931947,0.0438494579905425,0.0450907965838586,0.045936649046285,0.0485458700456346,0.0520391821525363,0.0522773069017529,0.0539151835094987,0.0553429613102092,0.0566027960037298
2025-05-12,0.0351339720478635,0.0362468161666537,0.038231998429947,0.0388744993820554,0.0397829611430691,0.0405214156772101,0.0414879967089151,0.0420823701310386,0.0432227280728426,0.0438541422887614,0.0450888719801794,0.045938635356292,0.0485443079077175,0.0520610239973456,0.0522391257833909,0.0539587943098269,0.0553378944175899,0.0565982828192515
2025-05-09,0.0347540047523263,0.0368143874951344,0.0382708580274561,0.0389473434045221,0.0398593800230206,0.0405565912361845,0.0414874611526789,0.042079837733489,0.0432216492974447,0.0438506079230924,0.0450903437510699,0.0459376254558264,0.0485446364501877,0.0520595432478759,0.0522987527971294,0.0539488591998826,0.0553291909782809,0.0565920278695666
2025-05-08,0.0346185231922551,0.0368125425378998,0.0382688709981307,0.0389514461349405,0.0398575730187138,0.0405550068906194,0.0414877090945247,0.0420781432296317,0.0432207161743868,0.0438509798429594,0.0450903940629901,0.0459374532856769,0.0485446021126934,0.0520588322705189,0.0522990859859763,0.0539490652967065,0.0553293754164967,0.0565919922978383
2025-05-07,0.0346185231922115,0.0368162326985695,0.0382668842432315,0.0389514461349405,0.0398615573753366,0.0405528902679706,0.0414864140221846,0.0420807138887914,0.0432188213553195,0.0438497221826028,0.0450907801738816,0.0459358033511407,0.0484926861770402,0.0520531069917259,0.0522436845408438,0.053908737833276,0.0553512736830699,0.0566081171066659
2025-05-06,0.0348960808974397,0.0370616204577954,0.0382708580274561,0.0389514461349405,0.0398609857491477,0.0405547079972854,0.041484405864298,0.0420807138887913,0.0432211203255453,0.0438468479427659,0.0450895439903088,0.0459346387805749,0.0486179481477004,0.052143337133395,0.0524144753194256,0.0540228536068816,0.0554671428093325,0.0567263400009348
2025-05-05,0.0350447645380493,0.0370616204577952,0.0382708580274561,0.0389514461349405,0.0398606795538987,0.0405547079972853,0.0415265825728023,0.0421199550379891,0.04326047270397,0.0438891705127219,0.0451265189790029,0.045965573933057,0.0484476364691541,0.0522430090124994,0.0524480199073942,0.054055345211062,0.0555002177318697,0.0567576718260261
2025-04-29,0.0348382635817095,0.0366708162333728,0.0382728453312713,0.0388744993820555,0.0400056486018546,0.0405574562955822,0.0415271502758688,0.042121612890687,0.0432563819867133,0.0438906809669375,0.0451257751612171,0.0459639984067691,0.0484395676730774,0.0522221949274985,0.052404951101525,0.0540130647899781,0.0557238544727633,0.057014694701555
2025-04-28,0.0348382635817095,0.0366708162333728,0.0382728453312713,0.0388744993820555,0.0400056486018546,0.0405574562955821,0.0415271502758688,0.042121612890687,0.0432563819867133,0.0438906809669375,0.0451278674963043,0.0459659844135396,0.0484796264714701,0.0521964273559704,0.0524042101227409,0.0540259302707138,0.0557215346244124,0.0570120404292403
2025-04-26,0.0348349483903919,0.0366689854712947,0.0382728453312713,0.0388704127398787,0.040003728259389,0.0405965816713388,0.0415271502758688,0.0421219808455705,0.0432567939564162,0.0438897306404977,0.0451676504271382,0.0459660243518209,0.0483869430091481,0.0522256351217346,0.0523727281461198,0.0541525091966171,0.0556985300207561,0.0569959083630246
2025-04-25,0.0348382635817097,0.0366671549525542,0.038270858027456,0.0388683698469647,0.0400016310976531,0.0405949504268526,0.0415274192657253,0.042120874458354,0.043255777467995,0.0438900470535241,0.0451677151270813,0.0459662897418545,0.0483871868148344,0.0522251392960715,0.0523732377049099,0.0541528392682739,0.0556988132612189,0.0569959365446036
2025-04-24,0.0350067898655557,0.0366708162333731,0.0382688709981308,0.0388744993820556,0.0400053070308646,0.0405928816135555,0.0415261369834516,0.0421190309404086,0.0432535319621339,0.0438887942483401,0.0451681152260152,0.0459660164906537,0.0485951244607037,0.0522634507709382,0.0524033998097547,0.0539882869690574,0.0556394959588168,0.0569987470275652
2025-04-23,0.0350563550720938,0.0364940875822665,0.0382728453312714,0.0388744993820553,0.0400052065742988,0.0405976529914307,0.0415240812756829,0.042121612890687,0.0432561151315915,0.0438878878510885,0.045166843841423,0.0459643631697096,0.0482519935364901,0.052081010598743,0.0520435925351474,0.0539389356262405,0.0557495584332462,0.0570769446768443
2025-04-22,0.0350563550720938,0.0367395398133821,0.0386128534041616,0.0390957053401289,0.0402668070080007,0.0410051240386665,0.0419722886501208,0.0424209451415153,0.0437042667773889,0.0442960497967899,0.0455686175316222,0.0463827358365433,0.0487943104370205,0.0523343635482003,0.0526088772492057,0.054470783168024,0.0563316875595793,0.0576569459544401
2025-04-21,0.0350563550720938,0.0367395398133827,0.0386128534041637,0.0390957053401302,0.040266807008003,0.0410051240386739,0.0419722886501316,0.0424209451415206,0.0437042667774034,0.0442960497968032,0.0455707512435971,0.0463847673631859,0.0485847688895422,0.0522063135355558,0.0524579984579669,0.0543475583783797,0.0562074210589967,0.0575289801504796
2025-04-18,0.0353339089103846,0.0369616090513366,0.0386108308070228,0.0390915723635446,0.0402621734124413,0.0410020030121479,0.0419725680164323,0.0424199543831445,0.0437033100554199,0.0442954649415825,0.0455705739364531,0.0463848517360503,0.0485649982123747,0.0522070403025747,0.0524486808344356,0.054350666075493,0.0562088840904562,0.0575298247918625
2025-04-17,0.0350563550720947,0.0368966133907082,0.038608808491698,0.0390957053401301,0.0402668070080029,0.0410004031590491,0.0419712814696633,0.0424183236062992,0.0437015589131871,0.0442945636268931,0.0455710099439713,0.0463846994776584,0.0485337867559257,0.0521533878654893,0.0524328792028889,0.054320486733073,0.0562260023705045,0.0575416729157141
2025-04-16,0.0353339089103842,0.0369653291912409,0.0386128534041637,0.0390957053401301,0.0402662407256973,0.04100354483681,0.0419691512193351,0.0424209451415206,0.0437039235322109,0.0442924340310455,0.0455697085253231,0.0463831176557353,0.0485339265872479,0.0521657712021577,0.0523488311634262,0.0543332915817596,0.0562359530957747,0.0575495696779756
2025-04-15,0.0350563550720936,0.0367689920513804,0.0385351449518835,0.0391726350744722,0.040266807008003,0.0410049180353324,0.0419342537269647,0.0424192755582611,0.0437042667774033,0.0442959154307297,0.0455696606639908,0.046380705845929,0.0485335418326389,0.0521543360156142,0.0524550527824793,0.0543157417850946,0.0562222549429903,0.0575404836773423
2025-04-14,0.0348382635817106,0.0367002694861859,0.0385351449518837,0.039172635074472,0.0402672519993665,0.0410833275461829,0.0419342537269648,0.0424192755582611,0.0437045365035689,0.0442941105250975,0.045571796402795,0.0463827336469572,0.0484072983368795,0.052197068463251,0.0524696712092839,0.0543159725620616,0.0562235572636727,0.0575403087954948
2025-04-11,0.0348382635817097,0.0369419801452179,0.0385719811982195,0.0392453935359397,0.0402631802700681,0.0410801292026153,0.0419339915448503,0.0424167124626019,0.043703839125093,0.0442935055502327,0.0455712421054495,0.0463816741860018,0.0483764163275247,0.0521980609658343,0.0524723191809319,0.0543172138158385,0.0562235338941442,0.057540107775996
2025-04-10,0.0348382635817097,0.0369456963469446,0.0385739997467279,0.0392495588910852,0.0402672519993664,0.0410779712396373,0.041932150632966,0.0424149938248943,0.0437018279838821,0.0442922688190613,0.0455712514387837,0.0463814665827316,0.0483244025937525,0.0522125129200895,0.0524509110475374,0.0543226886982625,0.0562279206768187,0.0575430086536014
2025-04-09,0.0348382635817097,0.0369456963469446,0.0385739997467279,0.0392495588910851,0.0402672519993664,0.0410816076072814,0.0419305835695887,0.0424176062374269,0.0437045365035689,0.0442904096838424,0.0455703042961428,0.0463798630921536,0.0483349108242723,0.0522684213275705,0.0524440095759063,0.0543178283820712,0.0560343484510551,0.0573713535202212
2025-04-08,0.0352546097735355,0.0367395398133822,0.0384962890195647,0.0392495588910851,0.0402664025126039,0.0410830523272151,0.041934792063486,0.042417606237427,0.0437040215973915,0.0442939313787972,0.0455691693489045,0.0463786761184918,0.0484080416616039,0.0522740254060696,0.0524620730205062,0.0543234174929051,0.0560254109418682,0.0573655973206117
2025-04-04,0.0350067898655638,0.0364511940135938,0.0385719811982223,0.0392453935359398,0.040262837910412,0.0410834644942276,0.0419340662645912,0.042416712462602,0.0437036307275024,0.0442956817935393,0.0455704268937749,0.0463808645895923,0.0483868254974177,0.0520417437040377,0.0522994007996774,0.0544391312942353,0.0561120261482737,0.0574373967764441
2025-04-03,0.035006789865554,0.0364548124220265,0.0385699629306838,0.0392495588910851,0.0402669081381329,0.0410813990350356,0.0419328289889724,0.0424149938248943,0.0437016200630341,0.0442945082613372,0.0455708565161975,0.0463806565451477,0.0483452015511149,0.0522437699400448,0.052493460516476,0.0544433061444856,0.0560607714958528,0.0573209313734946
2025-04-02,0.0345904179475499,0.0362093251470286,0.0384902584685556,0.0392495588910851,0.0403065100171237,0.0411159938064989,0.0420109483988293,0.0424862684452401,0.0437730606664984,0.0444123212622302,0.0457287487307598,0.0464875566200384,0.0477465660353369,0.0518538752820224,0.0520014063458139,0.0543264131453523,0.0564955609914117,0.0578782078946732
2025-04-01,0.0345111041100273,0.0358852356725971,0.0384882488432921,0.0392495588910851,0.0403066720240383,0.0411182675775529,0.0420146351481182,0.0424862684452407,0.0437731589273136,0.0444164121389024,0.0457271926866303,0.0464863628691461,0.0478921951741221,0.0517984459422086,0.0520562731034848,0.0543006944053605,0.0564890633300666,0.057874203352431
2025-03-31,0.0345904179475518,0.0360816598222403,0.0384962890195648,0.0392495588910851,0.0403065100171238,0.0411168894453554,0.0420130178700491,0.0424862684452407,0.0437730606664989,0.0444155132134034,0.0457283458632421,0.0464883996898579,0.0478181520487879,0.0517484471272016,0.0519947432800272,0.0543193307967993,0.0565052421233681,0.0578844559928639
2025-03-28,0.0345557817751126,0.0355871137898501,0.0384942785566269,0.0393126828185564,0.0403054482464084,0.0411205193782717,0.0420134892616692,0.0424839779447915,0.0437742704345565,0.0444181756867465,0.0457286747362732,0.0464875380883339,0.0479430957740175,0.0519035242628427,0.0519838890712828,0.0543138608115175,0.0564858749988656,0.0578705846155849
2025-03-27,0.0345590440147024,0.0355853894319671,0.038492268372979,0.0393168623769503,0.0403033555985494,0.0411187711388085,0.0420123853728388,0.0424821851942199,0.0437731808732758,0.0444185267029717,0.045729343499189,0.0464872742434957,0.0479430062705449,0.0519138664510654,0.0520535256586304,0.0542616050752656,0.056485428848988,0.0578700775221566
2025-03-26,0.0342616347507342,0.0355888383702744,0.0384962890195648,0.0393168623769503,0.0403080523171939,0.0411167565468436,0.0420098681360363,0.0424848055388287,0.0437715727297336,0.044417379649699,0.0457277624740736,0.0464856735895966,0.0480365306765453,0.0519188660014505,0.0521052602404268,0.0542730327224234,0.0564666624572515,0.0578577861847712
2025-03-25,0.0342616347507342,0.035520081827632,0.0384962890195648,0.0393168623769503,0.0403080523171939,0.0411209138226791,0.0420130178700491,0.0424848055388287,0.0437742915804623,0.0444158206145947,0.0457258184721483,0.0464844815748317,0.0479849700808765,0.0519009962434719,0.0520748389726794,0.0542959100429173,0.056471530104293,0.0578618050878582
2025-03-24,0.0342616347507342,0.0357950937004033,0.0384282884007578,0.0393168623769503,0.0403080523171939,0.0411189663646144,0.0420139618590978,0.0424848055388287,0.0437742915804623,0.0444171619415032,0.0457290044505799,0.0464865149403361,0.0479835602523914,0.0518896162277957,0.0520283350708717,0.054238473699084,0.0564957653116875,0.0578777513709686
2025-03-21,0.0342584283346402,0.0359111882227866,0.0384262849998995,0.0393126828185563,0.0403060947624594,0.0411182729371284,0.0420143733645086,0.0424840103814393,0.0437746640178015,0.044416709299822,0.0457292915431941,0.0464867502336464,0.0479327468253352,0.0515719562754345,0.0519709908772928,0.054187299117734,0.0565505760146588,0.0579162588448498
2025-03-20,0.0342616347507344,0.0359977984855869,0.0384242818768647,0.0393168623769505,0.0403039724874454,0.0411159629348436,0.0420131813920388,0.0424821851942198,0.0437735569737695,0.0444166891144509,0.0457299009398187,0.0464864623040799,0.0478184807227511,0.0515469154975677,0.0519809432716604,0.0541943109844377,0.0565562680343392,0.0579200814214391
2025-03-19,0.0342616347507344,0.0362468161666662,0.0384282884007577,0.0393168623769504,0.040308052317194,0.0411121147035109,0.0420108091843092,0.0424848055388288,0.0437715727297335,0.0444143387733964,0.045728424151449,0.0464848629740735,0.0478185683954603,0.0515481183243199,0.0519802599150615,0.054233429202441,0.0566734670517284,0.057865104269607
2025-03-18,0.0342616347507344,0.0370616204577174,0.0384962890195648,0.0393937751002757,0.0403080523171939,0.0411100011903202,0.0420130178700492,0.0424831338921231,0.0437742915804624,0.0444087128414525,0.0457258184721483,0.0464824474736626,0.0479115585304721,0.0515626081693727,0.0518900239600788,0.054242014040187,0.0566169301490447,0.0578138180530632
2025-03-17,0.0348861684566319,0.0377583562196817,0.0385739997467289,0.0393937751002756,0.0403067512889074,0.0410368940875175,0.0420119391457667,0.0424831338921231,0.0437735017012237,0.0444099520408491,0.0457275932760865,0.0464844771063258,0.0480243384461031,0.0517193597444731,0.0519367856253519,0.0541606685083419,0.0566079853962486,0.0578063592008668
2025-03-14,0.0343872842879464,0.0377171734847374,0.0386496792745868,0.0393895792815626,0.0403059035200549,0.0410374433145372,0.0420110309135445,0.042482271451427,0.0437745265648143,0.0444103111936557,0.0457269596352182,0.0464846617826269,0.0480773098508236,0.0519580722546859,0.0520045989078984,0.0541520099591971,0.0565720066136971,0.0577808986496763
2025-03-13,0.034390514835771,0.0377937127992799,0.0388321482468166,0.0394706819084887,0.0404102554568093,0.0411814344034175,0.0420071059683651,0.0424788512974721,0.0438497807739248,0.0445556253869346,0.0459157789913779,0.0467146518651316,0.0483453215840476,0.0520918727562938,0.0521419448399565,0.0543057431621617,0.0568405087690289,0.0580392125578998
2025-03-12,0.034390514835771,0.0377976016578116,0.0388362398649305,0.0394706819084886,0.0404143563271733,0.0411790794271121,0.0420051643640069,0.0424814625081172,0.0438478165042192,0.0445542302187475,0.0459145601472746,0.0467130317522429,0.0482934976331494,0.0520972088193853,0.0520620275154299,0.0542421435937252,0.0568724736406802,0.0580626577658256
2025-03-11,0.0338650543814335,0.0379447651362646,0.0388362398649303,0.0393937751002755,0.0404154540588566,0.0411816654162195,0.0420082993987322,0.0424831338921232,0.0438512083622228,0.0445516988659775,0.0459126443188182,0.0467130540799655,0.0482946340565599,0.05216452148687,0.0521141128997201,0.0543200944269931,0.0568382750856843,0.0580392341354994
2025-03-10,0.0338650543814361,0.0373854858273288,0.0389139306913823,0.0393937751002756,0.0404154540588566,0.0411077096310089,0.0419681140891858,0.0424831338921231,0.0438512083622228,0.0445590328820952,0.0459156147447754,0.0467151204166418,0.0483139450257357,0.0522290591004618,0.0520586620102106,0.0542695313043373,0.0568543033342491,0.0580492934962555
2025-03-07,0.0341593054607255,0.0373835833049879,0.0389118765852132,0.0393895792815628,0.040412935735088,0.0411079737750359,0.0419683754032665,0.0424821463796948,0.0438512567836619,0.0445592059167629,0.0459157980457325,0.0467152287596096,0.0482941971376074,0.0520968726691688,0.0520393261667607,0.0542993513082119,0.0568634260906514,0.0580554917982664
2025-03-06,0.0345590440147027,0.0377152372291446,0.0392010614474353,0.0394322292437141,0.0404873901379284,0.0411040438465087,0.041963030886062,0.0424796846734197,0.0438476994059699,0.0445580509027328,0.0459134697329945,0.0467144845291269,0.0485223639235383,0.0525102110595159,0.0521943944560892,0.0545008195439388,0.0567337104139424,0.0579439258301959
2025-03-05,0.0371356574915133,0.0380428680569448,0.0395450001332102,0.0398359084971992,0.040747613689579,0.0413331298929167,0.0421810415249449,0.0426304209178104,0.0439841047117462,0.0447078647741652,0.0460522135076724,0.0468623470285206,0.0485695199317592,0.0531721273145486,0.0526532119172684,0.0549057591321161,0.0568263742198636,0.0579957731605308
2025-03-04,0.0379281251004075,0.0384548473520717,0.039661472457812,0.0398359084971993,0.0407459453584858,0.0413338527095438,0.0421825574919286,0.0426304209178104,0.0439858215094504,0.0447041966275504,0.0460491468842341,0.0468611355108151,0.0489649164042738,0.0537083595423824,0.0531726476493403,0.0551955187204578,0.0570014702259022,0.0580159567566887
2025-03-03,0.0380271724225642,0.0384548473520717,0.0397294099274354,0.0399127813111666,0.0407457368642003,0.0413338527095437,0.0421816109612547,0.0426287446080385,0.0439856957239534,0.0447068195690546,0.0460510378577174,0.046861969032086,0.0490874105828056,0.0536861737132952,0.0533070152101518,0.0554049646556461,0.0568254539277244,0.0581569437603043
2025-02-28,0.0382312464692714,0.0382940913772385,0.0399763498049186,0.0398316186018009,0.0406655886458447,0.041179436823893,0.042098262988867,0.0425507000404646,0.0439160162061381,0.0446289106902344,0.0459707132801599,0.0467861669592722,0.0492402385199978,0.0537673489778885,0.0533182187339704,0.0553520213886355,0.0566967607842688,0.0580421004720847
2025-02-27,0.0381321731549064,0.0382940913772354,0.0399763498049265,0.0399127813111673,0.0406657847073668,0.0411794368238782,0.0421013826742323,0.0425477021839873,0.043916134186308,0.0446315376413629,0.0459687611791804,0.0467838997905122,0.0492503709000348,0.0537452944884244,0.0533189560825325,0.0554056000070085,0.0567000138950297,0.0579462966637927
2025-02-26,0.0386077032378046,0.038784626458275,0.0399763498049265,0.0399127813111666,0.0406648436988698,0.041176055532315,0.0421013826742323,0.0425503007375102,0.0439155679337413,0.0446293278839979,0.0459713049070404,0.0467823106290385,0.049333775323916,0.0538388878837619,0.0535515965191399,0.0557234928305857,0.0565989024068809,0.057882553018697
2025-02-25,0.0388532918469401,0.0390298492597517,0.0399763498049265,0.0402106076613982,0.0406643615949303,0.0411743655096723,0.0421013826742323,0.0425438199877761,0.0439152778273572,0.0446282234129308,0.0459713049070404,0.0467795777826183,0.0493299477102655,0.0538915333454285,0.0536257752250408,0.0556899582593608,0.0565867280253866,0.0578745192432644
2025-02-24,0.0388512306651049,0.0389689315262588,0.0399763498049265,0.0402106076613923,0.0407397444895128,0.0412526768058912,0.0421013826742323,0.042543819987776,0.0439135510107814,0.0446263726196915,0.0459713049070404,0.0467794610426384,0.0493083674913817,0.0538824363505641,0.053604253389716,0.0557233095950512,0.0565850745828118,0.057872405733099
2025-02-21,0.0389742200480557,0.0390886982951574,0.0401801481897747,0.0402062372324272,0.0407415696270107,0.0412518409090653,0.0420954709786057,0.0425426380591171,0.0439132035329338,0.044623213006456,0.0459687089435782,0.0467793886788893,0.0493509509512585,0.0540110600401987,0.0536251898279279,0.0557056825341886,0.0565715256053207,0.0578627690906939
2025-02-20,0.0391029884488704,0.0390298492597502,0.0401801481897729,0.0402040524913256,0.0407413143564005,0.0412522472437105,0.0420985819115915,0.0425413977502811,0.0439130502355783,0.0446260924598322,0.045966806958325,0.0467784184905009,0.0493514994012756,0.0539570443677005,0.0536540330862208,0.0556918890551134,0.0565744002799593,0.0577842870103994
2025-02-19,0.0395982138524634,0.0391573533326344,0.0404227248172962,0.0402018680657088,0.0407403326964889,0.041251366882264,0.0420952488012181,0.0425438099194154,0.0439124607205588,0.0446255182893656,0.0459670164889131,0.0467767126956745,0.0494660795522654,0.0539923039910508,0.053725572901793,0.0556692517186428,0.0564155789915293,0.0576667639878493
2025-02-18,0.0393484943528187,0.0391573533326344,0.0404227248173045,0.0401996839555001,0.0407408235240589,0.041251366882264,0.0420952488012181,0.0425438075157976,0.0439127554766283,0.0446255182893655,0.0459670164889131,0.046778751409378,0.0494652846974186,0.0539470131886273,0.0537174193688264,0.055660834278204,0.0564227705324891,0.0576722386169537
2025-02-17,0.039712751825027,0.038890469472783,0.0404906383868687,0.0401591008046331,0.040737999606232,0.0412531472704312,0.0420943157505005,0.0425444989983269,0.0439125259541215,0.0446266794560315,0.0459663641589492,0.0467791450582551,0.0492878897526868,0.0539397639863828,0.053717933882332,0.0556460858011462,0.0564379598883224,0.0576819109700243
2025-02-14,0.0396180216248199,0.0388925281647639,0.0404227248173045,0.040152563732479,0.0407402934350484,0.0412531954510792,0.0420921482842022,0.0425432691256449,0.0439124371429353,0.0446240945016628,0.0459663776719951,0.0467790393687364,0.049288819277532,0.0533810775855181,0.0538013246150687,0.0558157669110115,0.0565126088687435,0.0577290987063825
2025-02-13,0.0396180216248199,0.0388925281647639,0.0404227248173045,0.0401721834387578,0.0407402934350483,0.0412531954510792,0.0420952488012181,0.0425420728612178,0.0439124371429353,0.0446267108793863,0.0459644812952185,0.0467781040926388,0.0494975888435288,0.0535328860932274,0.0538779436246028,0.0559625997657519,0.0565155501345166,0.0578466118529077
2025-02-12,0.0398160940867671,0.0388925281647639,0.0406652574411678,0.0401337577396455,0.0407399008416052,0.0412531954510792,0.0420919169194033,0.0425454920617483,0.0439122013792955,0.0446267108793863,0.0459646870486681,0.0467771363960327,0.0497376977770462,0.0534471703182013,0.0539661784051397,0.0563016596851353,0.0561617275824299,0.0572925707798398
2025-02-11,0.039912951462247,0.0388925281647639,0.0405391459674331,0.0401337577396455,0.0407396866457767,0.0412531954510792,0.0420936493446648,0.0425454920617483,0.0439120727485518,0.0446267108793863,0.0459658982502625,0.0467791776190015,0.0496639611912883,0.052996816555275,0.0539223983234809,0.0559538412290143,0.0562355547734134,0.0574909995830945
2025-02-10,0.0399107765098494,0.0390277760519369,0.0401995559397297,0.0401337577396455,0.0407376053419504,0.0412521945595555,0.0420983152175347,0.0425454920617483,0.0439122841077409,0.0446260580993005,0.0459691603337226,0.0467790608840986,0.0495173827879144,0.0527757640274081,0.0539549503983801,0.056071523081324,0.0561998312495571,0.0575189010934599
2025-02-07,0.0394199395960837,0.0387061488634034,0.0401995559396865,0.0400141427411291,0.0406245102772063,0.0411376523022211,0.0419877380591014,0.0424290658441811,0.0437970254075237,0.0445883488364269,0.0459417333796392,0.0467845352824824,0.0492199984282199,0.0526122867335838,0.0535811764120944,0.055691318227368,0.0563920527301822,0.0575528625170244
2025-02-06,0.0394199395960837,0.0385393738331855,0.0401316275824206,0.0400184717823081,0.0406245102772061,0.0411388007242589,0.0419917592853369,0.0424277700958411,0.0437970254075235,0.0445917176526595,0.045940478771382,0.0467835133224551,0.0492725587418581,0.052787240174882,0.0536657177134454,0.055870494686442,0.056377201644482,0.0575546656206666
2025-02-05,0.0395189818063585,0.0387355783193785,0.0400539909479046,0.040018471782308,0.0406243145307502,0.0411374496594306,0.0419928233935891,0.0424303420144392,0.0437969078312052,0.0445908346328535,0.04594376618397,0.0467819323698882,0.0490854040562274,0.0516839699501563,0.0534379777559252,0.055702298473568,0.0565720653686764,0.0576910838271628
2025-02-04,0.0398832451518541,0.0386669089206662,0.0400539909479046,0.0401721834387579,0.0407784633791264,0.0412936957279244,0.0421394030802746,0.0425838724644728,0.0439506516683805,0.044745995392744,0.046089441845069,0.0469274243952006,0.0493739199815736,0.0520149293392111,0.0537063789304761,0.0558934508038808,0.0567852186374151,0.0579106160535621
2025-02-03,0.0395444231557514,0.0386648739682658,0.0400539909479046,0.0401721834387579,0.0407770487314496,0.0412936429805201,0.0421394030802746,0.0425838724644728,0.0439512673628022,0.0447459609286884,0.0460894418450691,0.0469273072924016,0.0494147823031716,0.051768907207869,0.0537291993931864,0.0559242696449504,0.0567950464511705,0.057916483626838
2025-01-24,0.0402100025991381,0.0384412644309284,0.0401025143727801,0.0399469009027803,0.0407785317105628,0.0412952556497652,0.0421356140805935,0.0425874071524099,0.0439482552593337,0.0447443751445042,0.0460883263386764,0.0469299148037495,0.0493243079998612,0.0516214326798815,0.0535166067414684,0.0557410260231318,0.0568667130751029,0.0580004144154637
2025-01-23,0.0402100025991223,0.0386178579184697,0.0402965904636625,0.0399127813111666,0.0407785317105627,0.0412940348113633,0.0421360661202255,0.0425869172790618,0.0439509647907304,0.0447462169428086,0.0460845483944521,0.0469295013850115,0.0493668545279004,0.0515538292822179,0.0535446876001554,0.0557132429174655,0.0568724192894456,0.0580851114105229
2025-01-22,0.0404080246034763,0.038176345200326,0.0404906383868695,0.0401337577396469,0.0407781308968216,0.041297087312533,0.0421333974379009,0.0425847093382333,0.0439507238693186,0.0447482113840237,0.0460852356296795,0.046924344816458,0.0494688318784723,0.0516765154689266,0.0537251171640987,0.0560904136178236,0.0563978847212548,0.0577099883345973
2025-01-21,0.0408040396078922,0.0387846264583829,0.0407816574752347,0.0401721834387583,0.0407386061893339,0.0412539405627016,0.0420903180523175,0.0425446559919392,0.0439116949241838,0.0447067527899059,0.0460435933944544,0.0468968564428013,0.0495220349818618,0.0514857684953913,0.0539792768281945,0.0562349172786052,0.0564122044869543,0.0578160369700407
2025-01-20,0.0408017666262079,0.0387825791367386,0.0407816574752022,0.0403162666614764,0.0408450519493378,0.0413608883053913,0.0422075505797434,0.0426591618966028,0.044057184044335,0.0447733362103267,0.0460400735702208,0.0468101519503519,0.049552740970957,0.0521131517105619,0.0538992289981361,0.0561364169671941,0.0561397643816785,0.0575752299844138
2025-01-17,0.040804039607877,0.0387846264582751,0.0405876517881627,0.0400909849900097,0.040661156477232,0.0411760555323171,0.0420898895516121,0.0425449006232379,0.043910916975627,0.0447062517576718,0.0460448645005494,0.0468977278960635,0.049710352745667,0.0521438533760802,0.0539941348120885,0.0560274315792547,0.0562626483229474,0.0576856638669359
2025-01-16,0.040804039607877,0.0390298492597534,0.0405876517881565,0.0400953305639421,0.0406611564772275,0.0411743655096723,0.0420929829879583,0.0425437404976255,0.0439136248010514,0.0447077812966657,0.0460429139438167,0.0468968146779972,0.0496693027174314,0.0521929927466583,0.0540864612719056,0.0561157498983673,0.056222877663019,0.0576576218440703
2025-01-15,0.0410020326098126,0.0387846264582749,0.0405876517881565,0.0398359084971993,0.0405833035985266,0.041176055532315,0.0420929829879583,0.0425519738294803,0.0439153143109291,0.0447088878485534,0.0460454600010206,0.0468993892680539,0.0499430587334042,0.0523839655888486,0.0542164258865733,0.056207605495201,0.0563809954633685,0.0578150157149066
2025-01-14,0.0413682941832081,0.0387846264582749,0.0404906383868698,0.039730198728078,0.0405825660242635,0.0410981676154264,0.0420161513909249,0.0425542747601528,0.0439148691302075,0.0447110232464878,0.046048740762405,0.0469031559823882,0.050172671984813,0.0525098610436574,0.0542469540884762,0.0562841756948884,0.0563323918233864,0.0577613211664378
2025-01-13,0.0411976987118117,0.0378505573600854,0.0400539909479047,0.0395764191131838,0.0404376002474563,0.0409582710061035,0.0420221396999262,0.0425576224558874,0.0439186516055679,0.0447190791124954,0.0460529436138601,0.046905516515471,0.050183898833507,0.0524995159036742,0.054176977326805,0.0562186978146294,0.056221623241632,0.0575954215611405
2025-01-10,0.0413682941832019,0.0378525077595701,0.0398113474042052,0.0394995204367644,0.0403598671434668,0.0408806010867163,0.0418757876255613,0.0425579865806697,0.0439176955831888,0.0447187096852614,0.0460591251794383,0.0469066873968257,0.0500814139435655,0.052983109625666,0.054312675552044,0.0559558733229615,0.0559103742724686,0.0574755148948727
2025-01-09,0.0410317307264228,0.038048779083159,0.039811347404205,0.0394995204367643,0.0403605410958049,0.0408792579985393,0.0418788728372364,0.0425566735656767,0.0439208291192567,0.0447204867527961,0.0460571085053104,0.0469057414039481,0.0496651361163332,0.0525080638230355,0.0540341874670293,0.056059556485551,0.056173518505389,0.0577740841401564
2025-01-08,0.0366637722026943,0.0384412644308845,0.039520117012371,0.0394995204367643,0.0403692928517464,0.0408765726144152,0.0418828542703645,0.0425592966983274,0.0439261425858165,0.04471871452946,0.0460624877936537,0.0469039811821046,0.0496131064607861,0.0523018158293777,0.0540119085788106,0.0559650524837563,0.0561437423261506,0.0576584743413244
2025-01-07,0.0357105584019405,0.0383431502552447,0.0394230261162536,0.0394706819084886,0.0403422038694603,0.0408480298093274,0.0418450837761344,0.0425206935225355,0.0438885350386129,0.0446801679639473,0.0460245654033997,0.04686751743734,0.049667540276948,0.0523879925401865,0.0539766759427684,0.0559881953710288,0.0560722660481906,0.0576765426424833
2025-01-06,0.0357088167783378,0.0383411491296435,0.0394230261162528,0.0394706819084886,0.0403422659589419,0.0408482434502928,0.041845083776134,0.0425206935225351,0.0438885727284625,0.0446803089322329,0.0460245654033991,0.0468674004922034,0.0495521859795677,0.052264503410199,0.0539495354868406,0.0559587105656668,0.0561654653053874,0.0576733048340581
2025-01-03,0.0357519493733873,0.0379310185813935,0.0395201170123677,0.0394953022113028,0.0403420623234406,0.0408508476900679,0.0418406670851793,0.0425188396700469,0.0438857133935369,0.0446793699085577,0.0460230689603527,0.0468669259543276,0.0495737257905267,0.0521172681205165,0.053976767116091,0.0558724999991342,0.0560682144191744,0.0577407563266631
2025-01-02,0.0400416762929105,0.0379310185813693,0.0395201170123665,0.0394931935475211,0.0403334716233322,0.0408508476900678,0.0418437575251811,0.0425175687094511,0.0438832343520843,0.0446820273072416,0.0460210557426724,0.0468660101211332,0.0495222613506552,0.052100873111752,0.0540410733394255,0.0556921678438469,0.0561044341396835,0.0575257177320084
2024-12-31,0.0403795477707045,0.03793159116826,0.0397146751280152,0.0394709773720517,0.0403330400346897,0.0408510521129552,0.0418412847959129,0.042520852669375,0.0438829715661605,0.044682161316471,0.0460218879074552,0.0468669327174953,0.0495530502618312,0.0520427471511591,0.0539138134624311,0.0556507019973901,0.05620272399997,0.0576080782661167
2024-12-30,0.0403785207392025,0.0379301989481807,0.0397129304720531,0.039471272840038,0.0403332328995166,0.0408511990389952,0.041840807656908,0.0425210118174061,0.0438830878378946,0.044682578251802,0.0460218728919528,0.0468670496602969,0.0495523385167883,0.051976823980997,0.0538494087261511,0.0556026212667353,0.0562953333172104,0.057604157970783
2024-12-27,0.0402161070476715,0.0379319073361406,0.0394477740205471,0.0399291744369177,0.0402181276745766,0.0408092822402961,0.0416581866857855,0.0424026330489508,0.0437653699249854,0.0446035775502003,0.0460310452571771,0.0468639814824485,0.0497073888636684,0.0520940554924123,0.0540997052754702,0.0556975054217168,0.0563954089450465,0.0577107499926089
2024-12-26,0.0405441188069507,0.0379324768329929,0.0396951007090531,0.0399337921593741,0.0402177171830733,0.0408130564797497,0.0416530289873193,0.0424011801315404,0.0437678302892441,0.0446019454907997,0.0460274784994568,0.0468629604440531,0.0497079311391424,0.0520958042496915,0.0540874316279857,0.0556993050585088,0.0563967723355018,0.0577115617624227
2024-12-25,0.0405453499161362,0.0379330463469457,0.0396954965635433,0.0399340911030433,0.0402179586975619,0.0408132603462622,0.0416562525540801,0.0424039134688801,0.0437679761270794,0.0446047243557172,0.0460256834454151,0.0468612598598357,0.0498018185849099,0.0520885465174436,0.0540820890197452,0.0556952364370844,0.0563938540841657,0.0577905929660239
2024-12-24,0.0405465811000882,0.0376882551184931,0.0396958924259287,0.0399343900511883,0.0402182002149512,0.0408151558120045,0.0416564306742539,0.0424040721827927,0.0437681219658867,0.0446059740221924,0.0460283906452044,0.0468637885687386,0.0498010228378923,0.0520879454635195,0.0540455310328595,0.0557011450493797,0.0563986119405544,0.0577944020039441
2024-12-23,0.040545446627224,0.0379341854261565,0.0396962882962097,0.0400980319808733,0.0402183892093362,0.0407357471970042,0.041656608795951,0.0422438133997696,0.0436990687520718,0.0443783061025989,0.0458383521078752,0.0467052929134284,0.0496955299867107,0.0519279361569545,0.0537557662588698,0.0554204012114509,0.0562938291353195,0.057671223227342
2024-12-20,0.0403930370511016,0.0376905186773588,0.0394505079164316,0.0400945669408631,0.0401419955995516,0.0406565662822984,0.0415128756092104,0.04209635769077,0.0435408730111389,0.044381023486317,0.045846182430796,0.0467108917448294,0.0498666607877082,0.05217009951673,0.0542686942880476,0.055433953091159,0.0565784765826064,0.0576887496137247
2024-12-19,0.0385713637737361,0.03769108460956,0.0392123990876032,0.0400992327274683,0.0396226630878232,0.0401342272515021,0.0409081682737111,0.0415654948620889,0.0431832259950477,0.044085313100147,0.0455950118212668,0.0464247798516964,0.0493516542040483,0.0519688312898532,0.0542711916642972,0.0557502433960039,0.0560324793777038,0.0574433231441589
2024-12-18,0.038572535229831,0.0376916505587568,0.0379983216141738,0.0400995329253534,0.0393321433765147,0.039842095432803,0.0407808476206017,0.041568076490637,0.0431904944068794,0.0440959518870043,0.0456092708257066,0.0464231690965751,0.0487791976413002,0.0513062824432312,0.0537368750290076,0.0556173327304238,0.0562053429106988,0.0578982437561008
2024-12-17,0.0387421714449576,0.0376922165249498,0.037998700578028,0.0404168487708985,0.0393998998880596,0.0399105092900218,0.0408494996517939,0.0416399251614356,0.0432678540870517,0.0441738556058033,0.0456900703526365,0.0464885601129513,0.0487805344546975,0.0513096320797866,0.0535752139137402,0.0555327717447248,0.0563428254787157,0.0577719365702189
2024-12-16,0.0387410927111034,0.0376927825081399,0.0379990795493905,0.0404171513509996,0.0394001184047826,0.0399107086571489,0.0408496743282962,0.0416400810204661,0.0432679871701342,0.0441739879515979,0.0456901946969329,0.046488676115672,0.0487902505600786,0.0513422966896978,0.0536539659804467,0.0556634440756914,0.0562944823973197,0.0577369841508459
2024-12-13,0.0387468787346972,0.0376944805596999,0.0385209500126727,0.0393759254923475,0.0394008463696642,0.0399078949450995,0.040841979075847,0.0416618858762386,0.0432657537788604,0.0441734583154361,0.0456860783229,0.0465062848495566,0.0489061866771195,0.0513521489622623,0.0536190111569388,0.0556553390141948,0.0562859250606771,0.057808379243471
2024-12-12,0.038916539015228,0.037812844744926,0.0387294530876711,0.0393804431912445,0.0394007538796803,0.0399107126492059,0.0408376608901859,0.041660308713212,0.0432683732641803,0.0441713625139764,0.0456830657193609,0.0465051593725599,0.0490003114243822,0.0515563264356368,0.053721738617755,0.0556262488068508,0.0563602729692362,0.0580436677103571
2024-12-11,0.0391258442747702,0.0375679883110981,0.0385257973962976,0.0388998515807181,0.0391776355049371,0.0396201851910077,0.0406185457408373,0.04136904670521,0.0428881921630712,0.0439542119053382,0.0456898750638701,0.046520760991986,0.0483351613642168,0.0516504095019143,0.0535495937945524,0.0556524488594364,0.0554346911194843,0.0585534539770605
2024-12-10,0.0381358449009142,0.0374507363948098,0.0381957584230059,0.0381783739421181,0.0389180120995243,0.0393189944808655,0.0403981183702984,0.0411979852693959,0.0427871239423742,0.0438833837655799,0.0456223480984257,0.0464702757576832,0.0478916377833296,0.0511878438461769,0.0534105711915048,0.0555529328039023,0.0554489602061187,0.0585447029465281
2024-12-09,0.0381347260151948,0.0371763635739188,0.0381961393862759,0.0380631275424619,0.0389182299096087,0.0393990040822982,0.0403982911218298,0.0412005725084916,0.0427872567505761,0.0438826443182789,0.0456224722608031,0.0464722371490906,0.0479336641574226,0.0512189915111679,0.0534169900394323,0.0556019021076243,0.055494834230666,0.0585892515934687
2024-12-06,0.0381404795056292,0.0373253365930397,0.0379988804124814,0.0380600237891321,0.0389189470443209,0.0393952874372413,0.0404001810934344,0.0411999080356449,0.0427850704815858,0.0438814395888471,0.0456252603326177,0.0464729890996142,0.0477375211970135,0.0512440623058592,0.0534409346106336,0.0554732688367369,0.0555300483838398,0.0586154439616998
2024-12-05,0.0378937658623785,0.0373258971597836,0.0380032487333383,0.0380642674727592,0.0389196588988756,0.0393988121901679,0.0403986616395792,0.0411987089609174,0.0427881301990269,0.043879903397992,0.0456242497812923,0.0464721092552984,0.0477173409223678,0.0511810908784547,0.0534009964897311,0.0555136042514872,0.055596400774093,0.0586762069948958
2024-12-04,0.0383906620953576,0.0365898371698426,0.0385284873158254,0.0382185982491968,0.0388510567924272,0.0394039064067742,0.0403947767472262,0.0411980996423549,0.0427893338221188,0.0438859382258192,0.0456173146626915,0.0464678974975061,0.0477158701629138,0.0511688971431329,0.0533775597792319,0.0555176137433212,0.0555996266325449,0.0585969299074408
2024-12-03,0.0383918285947737,0.0370815045138421,0.038363658716548,0.0382188844000841,0.0388512901307053,0.0394008379069939,0.0403971382998436,0.0411982538551396,0.0427894764099799,0.0438838725011222,0.0456216303101272,0.0464704724274902,0.0473934480227744,0.0509942509405231,0.0530598236723021,0.0553932953821389,0.0558281595579041,0.0581501131442311
2024-12-02,0.0383905997099384,0.0372490166241605,0.0380412677633705,0.0382191705552534,0.0388515039332258,0.039399924885408,0.0404002533510488,0.0411984080690788,0.0427896069881329,0.0438832571767205,0.0456253000311963,0.0464705883891422,0.0472475837749243,0.0506413439736446,0.0528328969689469,0.0551673600954329,0.0556962185905116,0.0583511525493386
2024-11-29,0.0385923492725354,0.0375767835739938,0.0380464200694953,0.0382160274866505,0.0388486483608666,0.0393984851931261,0.0403953991083691,0.0411977950183523,0.0427896042426382,0.0438793238992778,0.0456256898954957,0.0464713875871583,0.0472280284076385,0.0505756672367153,0.0529020603804172,0.0553095901636327,0.0556577343022267,0.0582817269465957
2024-11-28,0.0385910489169195,0.0375773510962227,0.0382023574359269,0.0382203152187822,0.0388494655857426,0.0393986823807678,0.0404008010576907,0.0411965503550074,0.0427904036062642,0.0438820651078089,0.045621276702092,0.046470441010732,0.0472285543768569,0.0505773052380207,0.0529015064684804,0.0553091930405223,0.0556574110547871,0.0582813719632114
2024-11-27,0.0392563520490718,0.0378234203346108,0.0382707908516704,0.0381435774325917,0.0388521484119635,0.0393972630240608,0.0404000775874721,0.0412008010577838,0.0427879969473118,0.0438811098026067,0.0456233670453822,0.0464699356507494,0.0472293331979964,0.0505779079795633,0.0527953639644786,0.0551807850017998,0.0557066597632058,0.058400596479421
2024-11-26,0.0391385704836073,0.0375784861921638,0.0385336264230029,0.0380668325655851,0.0387750265396701,0.0393210917536047,0.0403283180709077,0.0411240505080215,0.0427136836958776,0.0438147465757836,0.0455428871066128,0.0463956377509856,0.0471519370235675,0.0505003107592256,0.0527171138728813,0.0551025468045164,0.0556286773387954,0.0583206056713285
2024-11-25,0.0388919055938855,0.037577017042795,0.0375227912974507,0.03770113908694,0.0386981553546364,0.0392432178001546,0.0403417913790054,0.0411318979313415,0.0427160147609353,0.0438169183455977,0.0455526458389601,0.0463209780697196,0.0470758101122882,0.0504795908739525,0.0527765380554384,0.0551978019139168,0.0552948649540709,0.0582614157998694
2024-11-22,0.0376014933725463,0.0378262768294745,0.0375239183562024,0.0376980802411631,0.0386316571565723,0.0391642904282183,0.0403423097600004,0.0411312740925504,0.0427199836288754,0.0438157681906273,0.0455517095732542,0.0463217547896662,0.0470977204910916,0.0504659033250765,0.0527784489358245,0.0551843283289277,0.0552978537559013,0.0582635700272184
2024-11-21,0.0372801179482873,0.0375813242320549,0.0375242940574984,0.0377022682946191,0.0385530412346781,0.0391660931617521,0.0403424825566258,0.0411300196055734,0.0427213192518072,0.0438195959416238,0.0455505221198772,0.0463208254671852,0.046953057242857,0.0504234072661115,0.0527917487522884,0.0551938019223899,0.0553050091708555,0.0582687844562678
2024-11-20,0.0372812264858412,0.0371889854895897,0.0378845366921242,0.0377025506071082,0.0385514003151371,0.0391688607663824,0.0403379209777307,0.0411326677936961,0.0427203968907131,0.0438214645712814,0.0455498368920075,0.0463191023160675,0.0469219591245619,0.0504147414442912,0.0527354101863628,0.0551924517038013,0.0553174542713318,0.0582788418243191
2024-11-19,0.0381055478903948,0.0378279909335263,0.0392262824674038,0.038020678296094,0.0387711717577743,0.0393208561015113,0.0403889200604211,0.0411261401084969,0.0427169018631067,0.0438145813264852,0.0455351519245191,0.0463972159348169,0.0469869776016023,0.0504805577657976,0.0527066939570627,0.0551427853820983,0.0554447317847323,0.0584381098240274
2024-11-18,0.0392668583880273,0.0375809684777079,0.0382061824911835,0.0381846633422308,0.038689656619064,0.0393225566738619,0.0404025315515158,0.041201378131745,0.0427965385196609,0.0438854067167784,0.0456251351690476,0.0464728269923629,0.0470829937452067,0.0505667360341807,0.0527809996213803,0.0552333873459894,0.0555183869149881,0.0585146578509093
2024-11-15,0.0389378442793943,0.0380757929748227,0.0375265484233603,0.0378637679849335,0.0386174630079092,0.0392420447811211,0.0403405972642073,0.0411289862084286,0.0427208750504822,0.0438135118543399,0.0455533581877655,0.0464006287340689,0.0469994052358709,0.0504801423570389,0.0527086404253695,0.0551574733639803,0.0554420425355205,0.0584349304565221
2024-11-14,0.0326720597297836,0.0383709527751689,0.037526924177238,0.0372224501190405,0.0381723209004532,0.0389381022244203,0.040187111591882,0.041062646631526,0.0426599489215283,0.043743423921154,0.045485903896965,0.0463318504042282,0.0469286665091768,0.0503317364160004,0.0526299164415759,0.0553162614959299,0.0553179659613457,0.0583196375666806
2024-11-13,0.0325935701940278,0.0376840910211005,0.0370408053092376,0.0370588646386438,0.0380437869825849,0.0387965048386537,0.0400468362623377,0.0409214290451116,0.0425115181626148,0.0435912021871948,0.0453372910197975,0.0461861638008226,0.0467122985854792,0.0498622542515284,0.0524990381473581,0.0551204711159776,0.0552145145168243,0.0582006622673401
2024-11-12,0.0316805937919346,0.0363090538010388,0.0355806151842446,0.0365770293397789,0.0379390010982373,0.0387666010606342,0.040026919555652,0.0408923735829716,0.0424784220991342,0.0435685517412106,0.0453223629317779,0.0461573182236956,0.0465739193212281,0.0496582149456057,0.0523555198182648,0.0550290397661829,0.0552290294033249,0.0582006560854736
2024-11-11,0.0315623067077001,0.0362093699949463,0.035580971464084,0.0365773032449574,0.0379394612141695,0.0387677788561686,0.0400270910087229,0.0408925266639683,0.0424787094662172,0.043569350150165,0.0453224864101415,0.0461574334099438,0.0465214782104301,0.0496183002402088,0.0523625951347265,0.0550355805382742,0.0552334974479311,0.0581617810820655
2024-11-08,0.0315613267613135,0.0362129485302076,0.0341588374460625,0.0373455620921353,0.0379385200787875,0.0387680139710031,0.0400432012176964,0.0408771249778113,0.0424794705674443,0.0435668987080921,0.0453359310193961,0.0461470067933802,0.0464226178507447,0.0494651091094458,0.0521567151961635,0.0546458129467833,0.0551412413781221,0.0580502919795278
2024-11-07,0.0317151161120958,0.0364100926832066,0.0341591795030567,0.0373496967956066,0.0378975673539672,0.0388059496299257,0.0400855681937122,0.0409923664791695,0.0425879288839195,0.0436772708037179,0.045523174838772,0.046332865833018,0.0466390271054647,0.0497043106106032,0.0524881935269806,0.0550806220483372,0.0552995051057589,0.0582335127902274
2024-11-06,0.0317160595650978,0.0362140427422797,0.0341595215668999,0.0373499764973814,0.0379014622002138,0.0388074186072018,0.0400857399016787,0.0409950156932703,0.042586363253566,0.043678268396389,0.0455259920631497,0.0463310510605938,0.0466597084148467,0.0497247270366774,0.0524018874154596,0.0548117348529952,0.0556098126602799,0.0585079744439004
2024-11-05,0.031955491853892,0.0362145898731135,0.0344816886205293,0.0373502562033453,0.0378235361712969,0.0387295786835259,0.0400033216124647,0.0409166066237222,0.0425214833439749,0.0436008176701,0.0454451456811756,0.0462655823315331,0.0465396997838235,0.0496163603367419,0.0523403924495725,0.0547482975995703,0.0556711288524535,0.0583915900095078
2024-11-04,0.0319564425140899,0.0349644100177313,0.0350084949493132,0.0371095637824531,0.0378237623832056,0.0387380845409179,0.0399966196806746,0.0409217995429514,0.0425216247081068,0.0436066002915846,0.0454402571005395,0.046269530554613,0.0465724685594443,0.0496270342413423,0.0522320890614197,0.0547000893468326,0.0555748564470601,0.0584614401699556
2024-11-01,0.031150392079708,0.0332388849764163,0.0336734512719853,0.0359010610177553,0.037639757145358,0.0386769331176914,0.0398645839884164,0.0407998676466724,0.0423696906303106,0.0435453515470054,0.0453769824097417,0.0462142399520175,0.0464679848541938,0.0494957687204645,0.0521254855407599,0.0544152609945419,0.0555653216805321,0.05843144021892
2024-10-31,0.0311493838699292,0.0332377089725064,0.0336737884920961,0.0359049072667264,0.0376382153352755,0.0386756215574766,0.0398677473185997,0.0407976852955107,0.0423690085983277,0.0435485807755826,0.0453749000364158,0.0462126338485862,0.0464681030203786,0.0494860332285928,0.0521258598582812,0.0544155246498683,0.0555655072171315,0.0584314492486197
2024-10-30,0.0312974118915775,0.0332365296233595,0.03367412571896,0.0361464478899619,0.0376418159064357,0.0386758641636496,0.0398679180986439,0.0407953478065558,0.0423666890224806,0.043549082647006,0.0453777126974906,0.0462069599856903,0.0464864668673454,0.0495156600740733,0.0520727113333084,0.0543127692174396,0.0555938522396926,0.0584534758983256
2024-10-29,0.0312963797885473,0.0330878599346257,0.0336744629525782,0.0361467185971602,0.0376420839211576,0.0386829688863014,0.0398680888801507,0.040795500531768,0.0423695070370911,0.0435480494751638,0.0453778363310305,0.0462095741832061,0.0464858835727559,0.0494712310954168,0.0521000029101941,0.0542984193310933,0.0555964467589652,0.0584560523285101
2024-10-28,0.0313748166192857,0.0330883571450173,0.0336748001929511,0.0361469893084022,0.0376421917134717,0.0386831621687475,0.0398682596631208,0.0407956532581239,0.0423695739601659,0.0435481799652035,0.0453779599652441,0.0462096895038889,0.0464748923796091,0.0493952628531347,0.0521790286169533,0.0543731726280236,0.0555729936348586,0.0585202790630751
2024-10-25,0.0334865465282291,0.0322822672871478,0.0335099143588937,0.0357774684442749,0.0375199340990945,0.0385278450593729,0.039711131783012,0.0406463154408931,0.0422219476505324,0.0433965931207412,0.045313848480183,0.0461413453140338,0.0463728877141086,0.0494550562920826,0.0520235263323996,0.0543007672980893,0.055498821087902,0.0583592770020624
2024-10-24,0.0321756439701766,0.0322827524210804,0.0331881514945156,0.0356654488547133,0.0374822954587614,0.0384939490720273,0.0396792416916793,0.0406465288842627,0.0422239753892722,0.0433954385693612,0.0453159713308163,0.0461415890198693,0.0463844804699078,0.0494454074135739,0.052035779617955,0.0542990562715873,0.0554974620824832,0.0583995322488477
2024-10-23,0.0321766015216875,0.0322832375695944,0.0331884838812636,0.035665715971616,0.0374861160333683,0.0384941414148263,0.0396794116693251,0.040649214152216,0.0422217850428476,0.0433982000268806,0.0453187939196068,0.046139718273615,0.0463326034905227,0.0493832322402514,0.0520453138271982,0.0543054869226283,0.0555027600177649,0.0584044128099608
2024-10-22,0.0321775591301374,0.0322837227326905,0.0331888162746644,0.0356659830925197,0.0374863402446957,0.0384943337595476,0.0396795816484273,0.0406493663343371,0.0422245584770292,0.0433983300702403,0.0453189173949748,0.0461423428197084,0.0463320314843909,0.0492618906886935,0.0519622194781331,0.0542902932582189,0.0555318247966728,0.0584267233498209
2024-10-21,0.0318504618643154,0.0322842079103691,0.0328571985471236,0.0348162481942439,0.037458054156023,0.0384261799854574,0.0395369880540299,0.0405885218132708,0.0421466086097397,0.0433305262217706,0.0451660050114438,0.0460071134802074,0.046140996072304,0.0488619581057728,0.0515775695929776,0.0538162343468564,0.0555338602981243,0.0583843417168282
2024-10-18,0.0311829795584421,0.0319900945761289,0.032213557469151,0.0345720740050745,0.0373028155571432,0.0382691630535708,0.0393957448714188,0.040446292436213,0.0420038560461403,0.0431762722200956,0.0450257644076296,0.0458557534161066,0.0459792524093828,0.0486975071949655,0.0514620490822803,0.053642414915992,0.0552338465774948,0.0582759237603925
2024-10-17,0.0306112282321916,0.0319905753699035,0.0322138801145049,0.0346529981533491,0.0373023107050955,0.038272625725523,0.0393988848329342,0.0404424617043815,0.0420040329430641,0.0431744470077721,0.0450237318243533,0.0458529286991145,0.0459371899735303,0.0486463307010175,0.0513389818200058,0.0536292758957074,0.0552642742687651,0.0582986174840218
2024-10-16,0.0311094111697179,0.0321881129057692,0.0322142027663226,0.034653257701095,0.0374897590477617,0.0383496630820293,0.0394677027819511,0.04052384790805,0.0420756140767756,0.0432539664879543,0.0451047936334753,0.0459292397728306,0.0460457400045167,0.0487216384332742,0.0513915830751405,0.0537100557159603,0.0553455594678216,0.0583415808631743
2024-10-15,0.0316075615868381,0.0316959111987188,0.0329079974331265,0.0349820814320445,0.0375667405760021,0.0384311663672613,0.0395373741106261,0.0405171903324441,0.042145192025454,0.0433339194023156,0.0451662810677275,0.0460073693290053,0.0461003803314288,0.0487881446308052,0.05151720399852,0.0537812112158436,0.0554192131530958,0.0584200473862505
2024-10-14,0.0321056794961925,0.0319427491530105,0.0330254992561808,0.034982343448501,0.0376437147731372,0.0384981130954058,0.0396144640503846,0.0405861754201811,0.0422220488023763,0.0434008976444884,0.0452432450979092,0.0460759313476736,0.046177977361476,0.0488445317765047,0.0515620143986323,0.0538553037199776,0.0554921366048551,0.0584931557474818
2024-10-11,0.0308611771782808,0.0323580275740337,0.0330264916486822,0.0349797006973717,0.0376450490917196,0.0384926917391678,0.0396119903496666,0.0405862829196338,0.0422247761417514,0.043398722666621,0.0452430813941921,0.0460773679449963,0.0462313282166273,0.0488291469743749,0.051562301364419,0.0538540688144685,0.0554910961942407,0.058492276456716
2024-10-10,0.031761444026624,0.033973661005147,0.0330268224594365,0.0360456945104195,0.0376452901939868,0.0385247511670067,0.0396543594826928,0.0405327618739798,0.0422613092782823,0.0434684710062984,0.0452800123042184,0.0460599069178714,0.0462425948563879,0.0488325243675705,0.0515539094172724,0.0539011240253988,0.0554737362053029,0.0584791348383829
2024-10-09,0.0321601805172673,0.0340430830106948,0.0332712413266385,0.036123179503593,0.0377127399397064,0.0386025825627651,0.0397199927854704,0.0406026063872657,0.0423371863472132,0.0435485477051044,0.0453587519471277,0.0461353792954707,0.0462263083401583,0.0489055556888177,0.0516377250005867,0.053930322578812,0.0555687737319986,0.0585739372444935
2024-10-08,0.0321611380359649,0.034122348832552,0.0332715745956065,0.0361234500790733,0.0377129655254027,0.0386022627411831,0.0397201629486194,0.0406027584028641,0.042339972731829,0.0435483285064089,0.0453588755360772,0.0461379959956794,0.0462464873779862,0.048903623649067,0.0516476115299083,0.0539008297280692,0.0555730253821187,0.0585778109330366
2024-10-07,0.0321620956116823,0.0341997811752123,0.0337111629906531,0.0361912799083225,0.0377131911137977,0.0386801833603143,0.0397930527518703,0.040680127072576,0.0424094003240841,0.0436158702259899,0.0454628525841763,0.046326171045277,0.0464106916520131,0.0491236757382446,0.0518309665545164,0.0541003447555667,0.0557571591077383,0.0587681619910575
2024-10-04,0.0323592002179092,0.0344295619244116,0.0340049415178383,0.0363427955515085,0.0377894518059158,0.0386758257862829,0.0398651734142312,0.0407558385400871,0.0424873824087059,0.0436941344299204,0.0455378678411363,0.0464034511263786,0.0466230657293371,0.0492006077253581,0.0519605824330514,0.0542416252526905,0.0558038407399671,0.0588256531202371
2024-10-03,0.0329615310163365,0.034430079490959,0.0340052821531385,0.0364915094004512,0.0380875878825856,0.0389720991746398,0.0400937495478602,0.0409765693577546,0.0426270542512198,0.0438438544254275,0.0456795219124385,0.0465435477607874,0.0467863521970292,0.0492996485956868,0.0520485384980026,0.0543461408804706,0.0556572099285099,0.0589731951102831
2024-10-02,0.0329625125693282,0.034430597073068,0.034005622795271,0.0365689675485068,0.0380859490702527,0.0389722939270479,0.040093921316624,0.0409776596936478,0.0426262380008369,0.0438466558793813,0.0456823784464487,0.0465404770235284,0.0466923082334683,0.0492730349827289,0.0520448123124147,0.0543402826489249,0.0556664854631673,0.0589811778522227
2024-10-01,0.0329411559427863,0.0345098620057812,0.0346205809749032,0.0365692414774613,0.0380843868092326,0.0389719710703986,0.0400860513976628,0.040977813117462,0.0426295213698632,0.0438464352243353,0.0456766195164195,0.0465431351769671,0.0466606221998514,0.0493187923908792,0.0520294560449601,0.0543401697773356,0.0556666744965223,0.0589820085983942
2024-09-30,0.0331141550240186,0.0345792832239492,0.0346209277876363,0.0367142230365968,0.038314314559642,0.0391279400180078,0.0402331955374546,0.0412795132810672,0.042928260067057,0.0441405867339689,0.0459833090271258,0.0468438358736736,0.0469589151806893,0.0496515135158214,0.0523385676006237,0.054626578922266,0.0559717266068852,0.059298106585486
2024-09-27,0.0331141550240186,0.0345827450956895,0.0346219682675241,0.0368655630446391,0.0384568121747032,0.0392747653541809,0.0404559821898526,0.0415024646564234,0.0431523019373026,0.0442935966458816,0.0460566339065095,0.0472290538491015,0.0474124770672397,0.0500138085235382,0.0527181954860743,0.0550068852190001,0.0563547921893495,0.059696907920913
2024-09-26,0.0331141550240186,0.0345832678964136,0.0346223151080515,0.0368696595101609,0.0384608564132741,0.0392749619846107,0.0404592375965377,0.0415002127505544,0.0431501195131156,0.0442964649686188,0.0460545261027372,0.0472274073892159,0.0473712455335378,0.050007299411829,0.0526736997119609,0.0549904413361845,0.0563692529542465,0.0598137876088985
2024-09-25,0.0330047565824294,0.0345837907129448,0.0343300045555588,0.0368699357039366,0.0384612994583794,0.039275158617009,0.0404632763066475,0.0415029943346967,0.0431531468243279,0.04429659786014,0.0460602470605839,0.0472254082759038,0.0473816228710579,0.0500175200398363,0.0527074918059423,0.0549827302174241,0.0563634746607162,0.059810390734093
2024-09-24,0.0330047565824289,0.0345843135452833,0.0343303484781058,0.0368702119018503,0.0384615300458566,0.0392753552513763,0.0404634496644714,0.0415031497294809,0.0431532904828312,0.0442967307524585,0.0460603725656863,0.0472281546096103,0.0474845221013676,0.050075076737057,0.0527767782842864,0.0551058135427364,0.0563097774194627,0.0599402569446584
2024-09-23,0.0330047565824289,0.0345829224917887,0.0343306924075423,0.0370151600823808,0.0386170783918831,0.0394317830708944,0.0406204011676575,0.0417261870810524,0.0432287864245929,0.0445218378626288,0.0462865148925846,0.0474506175663854,0.0477985829246913,0.0500482446766743,0.0528060069921953,0.055142370339584,0.0564279431994168,0.0600568126529063
2024-09-20,0.033153935537753,0.0346257867360487,0.0340097110332467,0.0369735614282863,0.0383515713219498,0.039197826206735,0.0403966979100173,0.0415016277859202,0.0430073264153053,0.0442964653171553,0.046065511305199,0.0472284246767708,0.0477129162886078,0.0499469560401929,0.0525753600892243,0.0549403984849489,0.056178588847081,0.0598026454479301
2024-09-19,0.0334323881175349,0.0346263102428484,0.0340100517641164,0.0369776909618237,0.0383550610979345,0.0391980224588437,0.0403999697456298,0.0414990521387807,0.0430049329688269,0.0442993400085509,0.0460633828025792,0.0472265486476438,0.0477234099615898,0.0501232877846796,0.0527689794073013,0.055049728295136,0.0566237329569539,0.0596172362787063
2024-09-18,0.0334323881175349,0.0350107767454474,0.0340103925018135,0.0372769131949085,0.0385785740207424,0.0394298536148714,0.0406255424376656,0.0417214129656653,0.0432299372391355,0.0445205158009577,0.0462902710361225,0.0474443113995298,0.0478809950838408,0.0503926381405074,0.0530491864837095,0.0553555805459081,0.0566908035876863,0.0597109331776792
2024-09-17,0.0337207651106683,0.0350802122484374,0.0340107332463382,0.0372771924561921,0.0385782435753871,0.0394295970146334,0.0406257164959104,0.041721569182343,0.0432297291506342,0.04452033960395,0.0462903971704008,0.0474470758370987,0.0478490379288814,0.0503723641494742,0.0529575226316226,0.05534799416322,0.0566808068684064,0.0596984661969811
2024-09-16,0.0335716071784977,0.0351574975411422,0.0340110739976908,0.037354605536106,0.0387243657303522,0.0394294035985906,0.0406258905556467,0.0417200799442805,0.0432264808038426,0.0445202065165883,0.0462905233053664,0.0474459347472127,0.0478061018914283,0.050474180246279,0.0530199127832322,0.0553308496854105,0.0566349153088371,0.059741608177608
2024-09-13,0.0342875148098283,0.0352398344416511,0.0340120962927171,0.0373515049930471,0.0387197913194064,0.0394293490342192,0.0406232686289902,0.0417208259701899,0.0432254973713252,0.0445174012071888,0.0462903553807754,0.0474479497983999,0.0478495520282655,0.0505696514730545,0.053033279497637,0.0552245090030679,0.0566474203484787,0.0597508980763507
2024-09-12,0.0344267042746032,0.0353880150794532,0.0343344760862067,0.0375774582033928,0.0389856584869745,0.0396529348838005,0.0408868793217784,0.0419784818638538,0.0434443476481322,0.0447824715902673,0.0465479393726415,0.0477060104571473,0.0480777535078785,0.0508223237663792,0.053332260888651,0.0554828314968175,0.0569088718849459,0.0600232490463183
2024-09-11,0.0346653035794096,0.0357330249316933,0.0346665401746199,0.0377994255278836,0.0391697868719176,0.0398751760927452,0.0411079593748712,0.0422024303343958,0.043669956366017,0.0450039936126584,0.0467715675609068,0.0479248934247721,0.0482982512275864,0.0510435639448039,0.0535546001167586,0.0557731921136666,0.0571181685469203,0.0602463149554957
2024-09-10,0.0346653035794096,0.0358221363205484,0.0349887757460837,0.0376069397990725,0.0391700217267103,0.0400210700616463,0.0412507502950981,0.042354074940998,0.0438185004476152,0.0451491061522646,0.0469145332218286,0.0480773741310624,0.0484964866634628,0.051152705406565,0.0537247660279647,0.0558896525454484,0.0572699960467604,0.0604033749388009
2024-09-09,0.0347945389597062,0.0358205942891906,0.0349891263209679,0.0376072215496481,0.0391700009428929,0.0400213598456917,0.0412509270380747,0.0423542335312901,0.0438184864059688,0.0451493025546705,0.0469146610599175,0.0480774941277034,0.0484023670389532,0.0511490891851232,0.0537309489734577,0.0558820870740278,0.0572772289816199,0.0604074581844728
2024-09-06,0.0347945389597062,0.0358243031239974,0.0353120018247479,0.0377582549348726,0.0393219469697936,0.0402461592087576,0.0416160220058333,0.042577088769787,0.0439728798815408,0.0452999517484436,0.0471307371764945,0.0484626777661237,0.0488975184466385,0.0517614539567915,0.0542116962257442,0.0563787290637379,0.0578580496635189,0.0606374151279163
2024-09-05,0.0354108351889686,0.0358248448658183,0.0353123556524221,0.0377625724769903,0.0393249558195175,0.0402463607236905,0.0416194822612597,0.0425746395325877,0.0439698785088371,0.0453029443930674,0.0471284207528287,0.048460847717316,0.0489289419399638,0.0517605017439272,0.0542330053447177,0.0563861648549022,0.0578499674312363,0.0606312831525758
2024-09-04,0.0349138294712442,0.035825386624024,0.0356442111948027,0.0377628554041616,0.0393261786588218,0.0402465622406406,0.0416151553636582,0.0425775731828202,0.0439734913815001,0.0453030803126382,0.0471281675589101,0.0484588138687359,0.0488563351544436,0.0517772889978172,0.0542004318860315,0.0563809278030145,0.0591427660864545,0.0601234681532673
2024-08-30,0.0349088490412819,0.0351664867942128,0.0356459970843007,0.0377561819967991,0.0393260890217812,0.0402484312040167,0.0416127750785325,0.0425748859507336,0.0439755550821866,0.0453064590241635,0.0471283881121343,0.0484653399974501,0.0488263961842396,0.0518014559272675,0.0542132925601807,0.0563932617927115,0.0591378893135256,0.0601192714656885
2024-08-29,0.0350413842170365,0.0351649734192376,0.0356463542836742,0.0379862198880742,0.0395471475718316,0.0404046916254397,0.0417729119981053,0.0427238274177588,0.0441173540168527,0.0454520966981288,0.0472816963711683,0.0486052257480502,0.0489689745678143,0.0519461215785288,0.0543329325626705,0.0565423740863574,0.059289325161878,0.0602707775113466
2024-08-28,0.0354091272996305,0.0354882522521846,0.0359684072207678,0.0380635950846105,0.0396282860351668,0.0404709418883764,0.0418470364703312,0.0427980427765677,0.0441918532017786,0.0455289183315016,0.0472791291074127,0.0485985115091989,0.0489662457280117,0.0519550759217907,0.0543658885665453,0.0565337113213552,0.0592826425400936,0.0602672411901667
2024-08-27,0.0355383262590341,0.0354887802176134,0.0361344611965966,0.0380638802842169,0.0396282594092077,0.0404747804656603,0.0418449518564817,0.0427982030370506,0.0441947090289476,0.0455270075233903,0.0472776158685903,0.0486014117453721,0.0490172210184674,0.0519060987402669,0.0543784015385876,0.0565324151033199,0.0592819807122143,0.0602674446947922
2024-08-26,0.0355383262590336,0.035489308198752,0.0364564083898463,0.0382086964881452,0.0396963996183167,0.0405530032409536,0.0419092678768565,0.0428737540808252,0.0442722915540068,0.0455278437678918,0.0472724444483683,0.0485964958270764,0.0490653995550289,0.0518999423751806,0.0543257300338749,0.0565387751449022,0.0592863172567196,0.0602691999483925
2024-08-23,0.0357832857638707,0.0363743085250043,0.0367790219381097,0.0382824660739473,0.0396946009353362,0.0405865045050927,0.0419804194415861,0.0429504844465521,0.0443421308073739,0.0455927456316395,0.0473370272434201,0.0486746757476734,0.0490397713037062,0.0519951893194417,0.0544814405575485,0.0565938633048696,0.0593615108445497,0.06034604567427
2024-08-22,0.0359060234102148,0.0364513516702314,0.0367793905170782,0.0382869186560597,0.0396925241739979,0.0405843892633045,0.0419838990860074,0.0429512591067518,0.0443410708196071,0.045592869281425,0.047334663429704,0.0486724005211584,0.0490397650764514,0.0520075148733031,0.0543961269446533,0.0566207609409762,0.0593690175846946,0.0603510753551658
2024-08-21,0.0360153322260917,0.0366038350465429,0.0367797591034441,0.038354643534527,0.0397742116390157,0.0406206282054654,0.0419840789848788,0.0429499381197365,0.0443368208866826,0.0455899794851349,0.0473376805347949,0.0486700026381331,0.0489461867779967,0.0518822018452938,0.0543917912754992,0.0565175050781826,0.0595469765249815,0.0603319880703253
2024-08-20,0.0361246380386187,0.0366043796654154,0.0367801276971975,0.0383549309299462,0.0397742256880628,0.0406190051638834,0.0419842588852917,0.0429500989532188,0.0443397207761994,0.0455889680784011,0.0473378095329542,0.0486729010414428,0.0489452271060772,0.0519145946943144,0.0543753099002323,0.0564899282444834,0.0595537862812708,0.0603373998046556
2024-08-19,0.0361246380386191,0.0366049243005041,0.036780496298339,0.0383552183296758,0.039774463676094,0.0406173802010296,0.0419844387872465,0.0429502597879056,0.0443398682228711,0.0455922727165364,0.0473379385318165,0.048673022530831,0.0489445266478556,0.0520473863992783,0.0544441488812994,0.0565200314044005,0.0595194758863117,0.0603122577272656
2024-08-16,0.0359025119209697,0.0365256370487576,0.0367816021460931,0.0384289424193749,0.0396960180952991,0.0405741218582336,0.0419816747189266,0.0429485058982417,0.044342971336029,0.0455951190633985,0.0473380182238184,0.0486731548535558,0.0489868996432828,0.0520095732561434,0.0544113250460014,0.0565000755957512,0.0595320634781,0.0603208152472038
2024-08-15,0.0360352062335705,0.0366026479646569,0.0367819707767883,0.0385105018258589,0.0397715027953456,0.0406109751503438,0.0419851584104833,0.0429447093741152,0.0443399053568116,0.0455940387913866,0.0473355645739909,0.0486703146709859,0.0489865485783057,0.0519774468095864,0.0544495071795577,0.0564954590393668,0.0595282375267624,0.0603179299383474
2024-08-14,0.0359060234102148,0.0366076477190731,0.0367823394148727,0.0385107904021183,0.0397761015623581,0.0406092269869887,0.0419853383201471,0.0429476776285259,0.0443379898560237,0.0455928667817915,0.0473385835366745,0.0486682731322866,0.0490178044118224,0.0519640401252586,0.0544013259244148,0.0564629126759727,0.0595454859813595,0.060331081956197
2024-08-13,0.0364028574648138,0.0366475445606998,0.0367827080603461,0.0385785060923779,0.039852919188926,0.0406938713498299,0.0420638312993394,0.043015083404939,0.0444175805261219,0.0456666096781754,0.0474165155537694,0.0487383665549528,0.0491565965195775,0.0520469981513549,0.0544969875761914,0.0565329943818301,0.0596026371003645,0.0603930032940638
2024-08-12,0.0366512512259614,0.0364218012599378,0.0362178715894488,0.038578795182556,0.039920541517131,0.0408516641480653,0.0421403101774462,0.0430937892226301,0.0444156953553837,0.0456663302498428,0.0474201409269003,0.0487358629491901,0.0491335286399798,0.0521470824505224,0.0545696647002524,0.0567135467159018,0.0595321429529769,0.0603427194958951
2024-08-09,0.0359025119209591,0.0364212001598675,0.0362189605977579,0.0385754130829903,0.039920754247916,0.0408523301993521,0.0421374918930458,0.0430940558674859,0.0444175374063647,0.0456667776471065,0.0474200525778673,0.0487375391269719,0.0492599611309347,0.0521697264612253,0.0546206580940552,0.0566953441461374,0.0595171706262368,0.0603321312747363
2024-08-08,0.0360352062335704,0.0364195140441958,0.0362193236150433,0.0385799515865961,0.0399186299366067,0.0408507152062254,0.0421410324940187,0.0430916018623476,0.044416447957108,0.0456672761805921,0.0474177491030698,0.0487357324575801,0.0491771274390912,0.0521998680552787,0.0546343869846628,0.056694494310394,0.0595164525711434,0.0603314106841285
2024-08-07,0.0362836229503861,0.0366901716529183,0.0367069710386199,0.0387343496830605,0.0400388790579557,0.0409543452804935,0.0422128242516129,0.0431697391370328,0.0445198616501444,0.0457814818149772,0.0475639429267859,0.0488898802477497,0.0493320909530713,0.0523329096867767,0.0547922710709741,0.0568385445128491,0.0596807430999746,0.0604959319538848
2024-08-06,0.0364028574648118,0.0368382935929342,0.0371944509649837,0.0388790966672009,0.0402619203818796,0.0411132129686574,0.042392255953824,0.0433139635485087,0.0445962521604005,0.0458441464902905,0.0476336609608878,0.0489560484324513,0.0493542239191536,0.052544697480055,0.0549278796222975,0.0571234042481672,0.0596666529623707,0.0605927637401474
2024-08-05,0.0368996294789184,0.0368388418226175,0.0371948237706746,0.0388793880251543,0.0402611308961574,0.0411134177310299,0.0423924376149383,0.0433141257542584,0.0445957617988389,0.0458471830215742,0.0476337907709185,0.0489561706328563,0.0494885675621589,0.0528109633212421,0.0552357081616914,0.0571568271158896,0.0596288068488275,0.0604930808542901
2024-08-02,0.036776725538174,0.0369168912117343,0.0371897025642745,0.0389529583388896,0.0403375778730378,0.041181742707134,0.0424681046890587,0.0433909614254441,0.0446739673342301,0.0459250003182327,0.0477116363585063,0.0490344254993195,0.0495668596461371,0.053042163680113,0.0555136102551794,0.0573591457795497,0.0596214704452618,0.0605124339918722
2024-08-01,0.0368996294789185,0.0369151370829294,0.0380834782382094,0.0389575914452345,0.0403354467347568,0.0411800747225684,0.0424548482126413,0.0433887329387944,0.0446729031576566,0.0459254580965802,0.0477022908530293,0.0490328156497731,0.0495257065958368,0.0530582473892003,0.0555500398604357,0.0573530418282101,0.0596165322309064,0.0605087970239506
2024-07-31,0.0367804098527967,0.0369133821552074,0.0380816813331123,0.0389578834023633,0.0403401573389154,0.0411784406275953,0.0424535545811316,0.0433917635116229,0.0446708896557363,0.0459244649464681,0.0477059737322231,0.049030747285718,0.0495465919062367,0.053012325384559,0.0555536749161268,0.057355206083407,0.0596186309735744,0.060511324473225
2024-07-30,0.0367804098527962,0.036911626445197,0.0380798834789849,0.038775197822599,0.0403403987420722,0.0411141943049966,0.0423064873160668,0.0431701817617865,0.0446739642097164,0.0459244758087106,0.0474799433913857,0.0486609768281945,0.0491560155714235,0.052643804020008,0.0552314487446261,0.0569761228792547,0.0592359592057831,0.0601291369269969
2024-07-29,0.0366313802957925,0.0369492027343331,0.0380911455369738,0.038842905591603,0.0404088253294169,0.041143461030428,0.0423416276699055,0.0432081240429981,0.044781378912918,0.0460361568833488,0.0475869115118834,0.048769616285732,0.0493040087254918,0.0526815496917528,0.0552834638453193,0.0570855422856634,0.0593601278721161,0.060248079569224
2024-07-26,0.036478720219529,0.0369439173663262,0.0380922868447056,0.0388394512639878,0.0404853269392485,0.0411442776502236,0.0423388476761292,0.0432076389175607,0.0447805747258232,0.0460367066798726,0.0475882103896807,0.0487706942217345,0.0493573802908127,0.0527428167094066,0.0553232090393527,0.0570966675064573,0.059340396027531,0.0602342048760226
2024-07-25,0.0366313802957933,0.0369421541479483,0.0380926672958144,0.0388440700345499,0.0404831000083142,0.0411425464975868,0.042337363088005,0.0432059266419049,0.0447795263449789,0.0460370645103495,0.0475873486234093,0.0487694584472129,0.0493163967139994,0.0527922174470187,0.0553202744908802,0.0571484642146133,0.0594066255966007,0.0602953947285543
2024-07-24,0.0367009281171429,0.0369634975465807,0.0380930477545232,0.0388443611561954,0.0404874594917958,0.0411405281386814,0.0423425335165567,0.0432089331263226,0.0447771189237255,0.0460357446106427,0.0475846651924215,0.0487674522273135,0.049306116912492,0.0527488165280598,0.0552779467090305,0.0571336022819715,0.0594236667182045,0.0603083005860236
2024-07-23,0.036551895582591,0.0366589999868011,0.0377624222528642,0.0387387042056901,0.0404104417692156,0.0410784014448427,0.0422788081496015,0.0431328919786303,0.0447131379028234,0.0459675725265671,0.0475129221687091,0.0487041335675605,0.0493114733770821,0.0527418860221831,0.0553294931114917,0.0571684087530482,0.0593272661147684,0.0602265438818438
2024-07-22,0.0367009281171429,0.0366595456619088,0.0377043774942098,0.0386619337754368,0.0404103733058713,0.0410786060481035,0.0422797996547008,0.0431347536097947,0.0447130944865158,0.0459706400142229,0.0475136364301947,0.0487055469467162,0.0493011560987805,0.0526771297070419,0.0552776522313947,0.0570785148703021,0.0593686328930058,0.0602541160881738
2024-07-19,0.0366972596833302,0.0366588678719101,0.0377596136654848,0.0386585033853909,0.0404089788773689,0.0410792332177105,0.0422782633052531,0.0431343474628138,0.044714087301078,0.0459710615262857,0.0475141853695882,0.0487066765947603,0.0493130035150154,0.0526642014785524,0.0552207168426938,0.0570762222793437,0.0593810482518208,0.0602625706767453
2024-07-18,0.0368400201124508,0.0367358129088974,0.0377643081674356,0.0386630928539692,0.0404067996023021,0.041077008405374,0.042276383222953,0.0431325550200377,0.0447130945196227,0.0459710865281445,0.0475130446157912,0.0487053717439184,0.0492615892999192,0.0526590027967612,0.0552721645275378,0.0570567168076206,0.0593796248359774,0.0602613744638167
2024-07-17,0.0368400201124504,0.036809897063278,0.0380957111783034,0.0387404462888926,0.0404888654464499,0.0411430657835941,0.0423438017669852,0.0432124075741797,0.0447779796731254,0.0460374611204123,0.0475855702666462,0.0487700781136036,0.0493804248217992,0.0527442425106378,0.0552864628891374,0.0571290252266812,0.05945258058097,0.0603346733293457
2024-07-16,0.0369791072448531,0.0368891738753544,0.0384173061442116,0.038817794952429,0.0404888176086816,0.0411464838284181,0.0423395205672263,0.0432108663149059,0.0447808909383048,0.0460352513913561,0.047585375772043,0.0487716839386962,0.0493787229799564,0.0527761554976412,0.0553410902860441,0.0571419872231066,0.0594347065227095,0.0603228730826542
2024-07-15,0.0371281237764765,0.0369684499311033,0.0387388302283704,0.0388855075510766,0.0405663169502368,0.0412241254903367,0.0424135099579204,0.0432782616718223,0.044857996184271,0.0461154398254136,0.0476600512166694,0.0488490781972476,0.0494341552423551,0.0528220492694424,0.0553633252799191,0.0573296472957252,0.0595010422574795,0.060392395096142
2024-07-12,0.0372634185132371,0.0370366092013668,0.0390661688581247,0.0389590561266113,0.0406324703402718,0.0413022433533306,0.0424867383356604,0.043354192685814,0.0449361789477709,0.0461930080066834,0.047735829229008,0.0489266231791481,0.049543197841465,0.0529839587994521,0.0554671522927467,0.0573522877151324,0.0595786024835557,0.0604707293309575
2024-07-11,0.0372672008367996,0.0370347820932544,0.0390711823538206,0.039040767606066,0.0407856484453483,0.0413785293935621,0.0424845739018251,0.0433511696700188,0.0449314249904203,0.0461911696736347,0.0477344197143256,0.0489243868146821,0.0495743581579723,0.0529717204601454,0.0554535926596677,0.0574342614702505,0.0595584604461112,0.0604565328815516
2024-07-10,0.0372672008367996,0.0370400904355532,0.0390715726402322,0.0390410602325889,0.0407902284116,0.0413806439167883,0.0424880754083774,0.0433541979103514,0.0449290382363828,0.0461895941687293,0.0477322384518778,0.0489223774792923,0.0495952677174419,0.0529258313853939,0.0554572304200526,0.0573420124068728,0.0595850123167733,0.06047604426018
2024-07-09,0.0372672008367996,0.0370406418899727,0.0390719629344407,0.039041352863499,0.0407904725387467,0.0413808500388054,0.0424882572159898,0.0433543602831918,0.0449321412204517,0.046188253827988,0.0477352667338913,0.048925290275052,0.0495735533063816,0.0528492307393269,0.0555495147554391,0.0574141956219545,0.0595573782882612,0.0604574550978348
2024-07-08,0.0365518955825906,0.0366671868196093,0.0384203762436941,0.0386274542033015,0.040414069603111,0.0411204722359703,0.0423116148625497,0.0432164193800901,0.0447549344508022,0.0460113138629546,0.0475472216985058,0.0487758921822947,0.0494220307080373,0.0526864101606333,0.0552297814754635,0.0572921322250435,0.0594256566822873,0.0603155311620322
2024-07-05,0.0357037996308674,0.0365877260654692,0.0380936386492004,0.0386240088166704,0.0404144638951932,0.0410437218900599,0.0423157261329805,0.0432158281631123,0.0447570556085219,0.0460143683618803,0.0475518714195497,0.0487769064391068,0.0494234228888484,0.0527074696983283,0.0551579012100998,0.0572628850809549,0.0594450535819751,0.0603288359151397
2024-07-04,0.0358463991538078,0.0365859230646174,0.0381006585249805,0.0385611676392206,0.040344356766255,0.0409641022004778,0.0422351916944463,0.0431371423092809,0.0447577650317453,0.0460867506405646,0.047552909111802,0.0490923209834231,0.0496807476480686,0.0529652937763703,0.055424887798101,0.0575162093231658,0.0597842149932195,0.0606596523520739
2024-07-03,0.0358463991538074,0.0365911635323351,0.0381010391433351,0.0385614566861116,0.0403488594364266,0.0409622872321571,0.0422386882212382,0.0431401613809565,0.0447553628533518,0.046085539089562,0.0475506181174566,0.0490902543346429,0.0498265586875341,0.0528763180615519,0.0553650461762691,0.0574860948753757,0.0598035188503693,0.0606741553194475
2024-07-02,0.0360948276603173,0.0366704625766842,0.0381014197692943,0.0387833361177409,0.0404164727613231,0.0410380487997433,0.0423171606523195,0.0432139836382443,0.0448256612764279,0.0461615503472055,0.0476314296079989,0.0491675749689069,0.049931727017395,0.0529708497449215,0.0554957395438356,0.0576570561051254,0.0598427344951702,0.0607266394704271
2024-07-01,0.0362240043530311,0.0368162808841682,0.0381018004028584,0.0387836268343138,0.0404164456403488,0.0410353958791342,0.0423173417347813,0.0432141454907943,0.0448256433835396,0.0461642254345567,0.0476315592949642,0.0491676977080287,0.0504409229108011,0.0531075955292678,0.0554578658287722,0.0577022830093827,0.059792018951608,0.0606902089626253
2024-06-28,0.0360912792036029,0.0368168261086158,0.0381051695926195,0.0387801405225421,0.0404153409540844,0.0410417810404721,0.04231510381997,0.0432136150837943,0.0448267953284186,0.0461635918852502,0.0476314332709653,0.0491687641405274,0.0498076418764838,0.0531573071464408,0.0556531319760745,0.0575249554043163,0.0597541170400154,0.0606694016963749
2024-06-27,0.0356277692345785,0.0365251510389472,0.0375698623893148,0.0384861017588154,0.0399003552950667,0.0405935190466539,0.0420911057305077,0.0429534136250025,0.045027498569077,0.0462961567915669,0.047681862967772,0.0489795831380009,0.0496503529666926,0.0528886017863499,0.0554075094301013,0.057333254663097,0.0595732020805171,0.0604819052908482
2024-06-26,0.0354091272996323,0.0363676099030372,0.0372682076897362,0.0384092944457458,0.0399052199132886,0.0405984976930294,0.0420954331415191,0.042958099807089,0.0450255374241129,0.0462949906068098,0.0476879552430118,0.0489788698009141,0.0494745433979268,0.0528590870209785,0.0555429418101304,0.0573762949030067,0.0595508150132597,0.0604674082927937
2024-06-25,0.0355979551328349,0.0356880715653898,0.0372685813882668,0.0384095823714903,0.0399050705611274,0.0406033933672583,0.0420956135623744,0.0429582607048747,0.0450284746717556,0.0463014018768161,0.047688085215526,0.0489818363385485,0.0494527980435397,0.0529375790589214,0.0555107230218374,0.0574561876999858,0.0596605259066741,0.0605057553454638
2024-06-24,0.0355979551328345,0.0356880715654868,0.0372689550942981,0.0384098703015526,0.0399053094120981,0.0406035960022581,0.0420957939847763,0.0429584216038657,0.0450286244366891,0.0463015405174659,0.0476882151887488,0.0489819586161425,0.0495560150699403,0.0527744415373426,0.05552103434065,0.0574514984531396,0.0596703308273253,0.0605113757434529
2024-06-21,0.0355547587577254,0.0354383936242808,0.0373382862730148,0.0384835272952421,0.0400107315737344,0.0407113441502127,0.042170365020831,0.04302516238281,0.0451060435154856,0.0463701337119669,0.0477653514301562,0.0490603160003467,0.0495824036316048,0.0527882466642655,0.055467537855039,0.0575491678836563,0.0597796380574175,0.0606116843591687
2024-06-20,0.0355582026496071,0.03593430778132,0.0373386606930211,0.038488121345099,0.0400088653053862,0.0407062705725295,0.0421738942735659,0.0430232683332271,0.0451051248751801,0.0463666646232541,0.0477628957834261,0.0490588679807394,0.0496452970014028,0.0526411189371787,0.0552875812370158,0.0574702564732195,0.0598457224161722,0.0606573089242919
2024-06-19,0.0357072724135681,0.0361805136847672,0.0374169867349028,0.0385655037976279,0.0400906176496091,0.0407865245132419,0.0422513148322782,0.0431031425204495,0.0451797845174936,0.0464410711463453,0.0478329786117738,0.0491336572014102,0.0496701026292806,0.0531654573156088,0.0557744042940612,0.057865965306723,0.0598023218495382,0.0606683438169441
2024-06-18,0.0357072724135676,0.0365546886204427,0.037495309811967,0.0386332457297237,0.0401587660213294,0.0408621505703657,0.0423287307470882,0.0431803768641693,0.0452604052789201,0.0465199824065706,0.0479502467979515,0.0492438905542352,0.049827483899611,0.0533226107473682,0.055930915770652,0.0581046608403751,0.0598583894984871,0.0607417326059648
2024-06-17,0.0357072724135676,0.0365546886204427,0.0374956858178816,0.0386335353516331,0.0401978099220278,0.0409696257435618,0.0426617128717729,0.0437402863736809,0.0458236428729073,0.0471650245149118,0.0485919957294121,0.0500428432262794,0.0506570076290279,0.0539088110631287,0.0567405757177875,0.0588995411287181,0.0606743640841245,0.0615563101989857
2024-06-14,0.0355547587577252,0.0363049490079046,0.0373798856992858,0.0384084496097451,0.0398281067185309,0.0405996242254062,0.0422885411719047,0.0433323646372661,0.0453790569830858,0.0467988505530082,0.0480231589254878,0.049365194210216,0.0499461192343338,0.0532731651034743,0.0560568292799841,0.0583477629453357,0.0599613851104409,0.0608488651422973
2024-06-13,0.0354190658300927,0.03630852877757,0.0373802605627547,0.0384130378171709,0.0398265003390908,0.0405978354742417,0.0422920957505686,0.0433304907441506,0.0453782385498237,0.046797627268932,0.0480205175404394,0.0493638332994312,0.0501443767996655,0.0532258747079436,0.0560479734914003,0.0582056297840554,0.0600245746353796,0.060730003575685
2024-06-12,0.0354190658300909,0.03630852877757,0.0373806354337427,0.0384133257990419,0.0399085436453647,0.0406017424020141,0.0422922770244193,0.0433335630955728,0.0453739511445731,0.0467956068761724,0.0480236534155638,0.0493616601191489,0.0503526242782364,0.0533976845044016,0.0561706272838764,0.058547164610419,0.0597499730270415,0.0607265517778103
2024-06-11,0.0354190658300909,0.03630852877757,0.0373810103122495,0.0383461424935032,0.0398311539249994,0.0405239108550189,0.0422924582998241,0.0433352209516094,0.0453792091702228,0.0468011237403167,0.0480237843080107,0.0493658283246333,0.0503522887790321,0.0534750624662046,0.05614934949113,0.0586249582686217,0.059726137280949,0.0607105513640709
2024-06-10,0.0354190658300909,0.03630852877757,0.0373813851982757,0.0383464299781719,0.0398313923535237,0.0405241131074855,0.0422926395767828,0.0433353832710062,0.0453793601087293,0.0468012638831625,0.0480239152011711,0.0493659515651269,0.0502370404884008,0.0533625728091255,0.0561093750639154,0.0584068528464991,0.0598097923301686,0.0607675911799717
2024-06-07,0.0354156487954125,0.0363049490079033,0.0373825099014707,0.0383429954710694,0.0398300630610045,0.0405230328312231,0.0422898060407491,0.0433349606484447,0.0453803190222815,0.0468020683427462,0.0480241279422467,0.0493671802006797,0.0502594187095764,0.0534374747975778,0.0561618104405966,0.0584023578041464,0.0598247165780795,0.0607839586070669
2024-06-06,0.0354190658300909,0.0364266892832629,0.0374218651393353,0.0383475799599528,0.0398281619030112,0.0405204166430298,0.0422928269544327,0.0433331152483413,0.0453793308158553,0.0468002319955091,0.0480210405637021,0.0493658430974626,0.0503849710114303,0.0534514699867129,0.0562232157562699,0.0584767613506943,0.0597837527934418,0.0607553170430077
2024-06-05,0.0352799241441944,0.0369189495952315,0.0374222404539052,0.0383478674661752,0.0398328700690119,0.0405209178676626,0.0422930082368566,0.0433361948862303,0.0453771866068905,0.0467958897721681,0.0480241775435974,0.0493636664654603,0.0503225960486645,0.0533900254783009,0.0561384215900153,0.058379626838785,0.0597700967313917,0.0606924647230498
2024-06-04,0.0354190658300912,0.0369189495952589,0.0374226157760033,0.038348154976709,0.0398328229846132,0.0405211201112471,0.0422931895208347,0.0433363572129232,0.0453802657608547,0.0467991603057708,0.0480243084399703,0.0493666910210108,0.0504152532244744,0.0533484284382957,0.056111311458219,0.0583822808808811,0.0597725044182426,0.0606947075433473
2024-06-03,0.0354173572029432,0.0369189495952589,0.0374229911056304,0.0383484424915538,0.0397942813243636,0.0405213223568504,0.0422933708063669,0.0433365195408322,0.0453814432250683,0.0467993004456746,0.0479542157700392,0.0493668142658118,0.0505602764610317,0.0533480949984605,0.0561848977836698,0.0585787276917467,0.0596989841466719,0.0606426323865167
2024-05-31,0.0358394003541114,0.0363049490079035,0.0375410583377757,0.038412459231123,0.039337107838916,0.0402219866141158,0.041439451060586,0.0426569155070562,0.0445246977917388,0.0462732599305906,0.0476346345889974,0.0489960092474041,0.050241646554499,0.0531796389284968,0.056168372129952,0.0580966418318588,0.0592512759509955,0.0602117353192866
2024-05-30,0.0362240043530333,0.0363031594754413,0.0375392295962917,0.0384170699563395,0.0393537087901629,0.0402220510423534,0.0414386148323832,0.042655178622413,0.0445241357941235,0.0462737978272143,0.0476343029380341,0.0489948080488539,0.0503152796442532,0.0533420680286248,0.056253173151151,0.0580740782907952,0.0592196074378843,0.060189598109727
2024-05-29,0.0360948276603172,0.0363067387752625,0.0372353411744944,0.0381956279307569,0.0389751491935229,0.0397716165706968,0.041241521388257,0.0426629678052383,0.0445623040768941,0.0462854132717984,0.047640824770854,0.0489962362699097,0.0502759642581999,0.053280665163628,0.0562523686848657,0.0580024433411619,0.0592481991868806,0.0600233069380007
2024-05-28,0.0365916381377077,0.0363067387752625,0.0372335415886595,0.0380512802156326,0.0389133203173991,0.0397753604191656,0.0413175370015828,0.0427448706470114,0.0445296540006636,0.0463532369924386,0.0477393776166605,0.0490798212972267,0.0504580614712208,0.0534611083130854,0.0565035609907882,0.0581679119558658,0.0592547848112115,0.0600531927518296
2024-05-27,0.0369493032686988,0.0360605727502504,0.0372339109800261,0.0380515655196406,0.038914401860451,0.0397772382012614,0.0412857294483895,0.042745030763546,0.0445513449639948,0.0463576591644436,0.0477714423598761,0.0490799438279893,0.0505406521164968,0.0537544818075685,0.0567655557755914,0.058358453691068,0.0591225494815543,0.0599611493584557
2024-05-24,0.0361310185181215,0.0361769590361647,0.0367087179032579,0.0374502321033038,0.0384281903538488,0.0394061486043939,0.0410605509671559,0.0426789880611622,0.0444787369200382,0.0462982632389018,0.047678260860858,0.0490132585603591,0.0503877014017985,0.0536096042698338,0.0569724596797999,0.058474486717227,0.0590221668628296,0.0598794701157508
2024-05-23,0.0360550801417673,0.0359290482507355,0.0362195085900538,0.0370492979477455,0.0380931316006765,0.0391036514136202,0.0407622072680689,0.0424207631225176,0.0443646710766558,0.0463085790307939,0.0476832373989347,0.0490280118895073,0.0504817169993253,0.0539125671342323,0.0569872330071743,0.0585509772306411,0.0588251900636787,0.0597362700164083
2024-05-22,0.03421632335304,0.0343759798077304,0.0350570425998981,0.0360451532309225,0.037059964973376,0.0380968378406655,0.0398276950606773,0.0415014910536558,0.0433337137491135,0.0451858519086524,0.0468620160350616,0.0485381801614708,0.0503312736682474,0.0534406848928712,0.056142396061471,0.0581883966782185,0.0581576372073676,0.059081502259754
2024-05-21,0.0335004692805603,0.0334690584892162,0.0344169201215873,0.0355621656975945,0.0366289642718146,0.0376957628460346,0.0396163235321583,0.0413938637416558,0.0432416269377226,0.0451295588989213,0.0468289662259389,0.0484723491355823,0.0499244317271151,0.0526165345575926,0.0549501936649708,0.0575415182321657,0.0583969304390487,0.0593616152380494
2024-05-20,0.0332220467948615,0.0334690584892082,0.0344172615931573,0.0355624323525023,0.0366291915062428,0.0376959506599833,0.0396369256514224,0.0413940188015674,0.0432633641008583,0.0451327094001492,0.0468671707850222,0.0484724701518728,0.0499445076120807,0.0526705960102558,0.0550142976941553,0.0575652976281291,0.0583730698713472,0.059344095168576
2024-05-17,0.0332190399485163,0.0332999234323553,0.0344182860485412,0.0355594814857441,0.0366285471713545,0.0376976128569649,0.0396878283905468,0.0413937274193312,0.0432536013303834,0.0451339134162822,0.0468316553133673,0.0484740360616344,0.0499254606271193,0.0526380827765246,0.0549139305406482,0.0574393286680322,0.0584281544209178,0.0593821410804516
2024-05-16,0.0334308654858957,0.0332984171167486,0.0344557980363437,0.0355634990121409,0.0366471277303182,0.0376961725532344,0.0396861821678251,0.0413919046946172,0.0432631540187113,0.0451344033428055,0.0468220116529618,0.0484729328259408,0.0499680774113855,0.0526701021469994,0.0549792017535877,0.0573677563515442,0.0584281269983698,0.0593819420263472
2024-05-15,0.0336496161685263,0.0342084276620245,0.0340050383455668,0.0353413787762555,0.0364638556722123,0.0376107342398203,0.0396850305229641,0.0413994998998483,0.0432956801741562,0.045131344056731,0.0468026017060796,0.0484738593554282,0.0501475643541646,0.0527796085679179,0.0550404399933707,0.057606911616193,0.0583361264284792,0.0593190609764058
2024-05-14,0.0328640463931513,0.0337944147844414,0.0335596147662857,0.0348193199699658,0.0361447441797423,0.0374701683895188,0.0396690351391968,0.0414107117726051,0.0432529376353382,0.0451352118863916,0.0468385066982018,0.0484856489337984,0.0501099479749653,0.0528193024864782,0.0550649529587827,0.0575628222900672,0.0583439011023891,0.0593249615490837
2024-05-13,0.0318694317641747,0.0331436489676864,0.0335599477551261,0.0348195810685212,0.0361470578504754,0.0374745346324297,0.0394753223041898,0.0414108668996969,0.0432761502546222,0.0451414336095475,0.0468782712854093,0.048485769985409,0.0499735826161117,0.0525090456996451,0.0548208293827996,0.057402911903823,0.0582276554510055,0.0591560971734483
2024-05-10,0.031697584481151,0.033142156672481,0.0332579544964603,0.0345942341755202,0.0359956152549148,0.0373969963343093,0.0393934282250085,0.0413464594224316,0.0431951715254926,0.0450641991461696,0.046766120635878,0.0484125446857045,0.0498686556344974,0.0524014321033273,0.0546803430185841,0.0573422448706334,0.0581627853191423,0.0590863298986528
2024-05-09,0.0317003225446516,0.0331406645561886,0.0331880819918328,0.0345206385947776,0.035941741486794,0.0373174900311928,0.0392924631117547,0.0412674361923165,0.0431272917782059,0.0449871473640952,0.0466842767051319,0.048344511930059,0.0498234822591935,0.0522240412092387,0.0547185558435341,0.0572371707635194,0.0580934970318515,0.0590165587858056
2024-05-08,0.0315411543593159,0.0329759929815215,0.0328836125161843,0.0342304998180919,0.0357571287286754,0.0373169452242715,0.0393298988930973,0.0412764914519619,0.0431618032097814,0.0449869454434152,0.0466667058753963,0.0483464663073774,0.0498471651328441,0.0520586445638135,0.0547485928878019,0.0570584530087237,0.0581490585219989,0.0591380078389804
2024-05-07,0.0314516194564292,0.0324828052224516,0.0330340923739834,0.0342307565127157,0.035777107161931,0.0373234578111464,0.039376494812511,0.0412766460797313,0.0431118100388585,0.0449868688666623,0.0466963816052057,0.04834953678094,0.0495435285800257,0.0517717943024254,0.0545595400561879,0.0569750672656864,0.0579775638725797,0.0589670787363162
2024-05-06,0.0314516194564292,0.0328083228630779,0.032956201004079,0.0342310132113022,0.0357762871890439,0.0373215611667856,0.0393319591659701,0.0412768007086595,0.0431326512251905,0.0449885017417216,0.0467340743427865,0.048349657494836,0.0497407957706154,0.0521545764015637,0.0545172091696331,0.0570302306852514,0.057987103216747,0.0589031803946051
2024-05-04,0.0307936764653486,0.0333014299294272,0.0328884081497575,0.0341523243803935,0.0358387128188765,0.0375436329984417,0.0394423123647401,0.0412790782734419,0.0431296553679705,0.0449802324624991,0.0466937818883293,0.0483514547024477,0.0500660774291424,0.0523503825589647,0.0548340880887261,0.0572591779547806,0.0577691131289037,0.0586993025097297
2024-05-03,0.0307923844855209,0.0332999234323532,0.032888734511066,0.034150833894095,0.0358474204958326,0.0375440070975702,0.0394316015108424,0.0412781612629565,0.0431192165005767,0.0449805031144346,0.0466944766488069,0.048352559741841,0.0500667628062297,0.0523502063807796,0.0548348383602706,0.0572597093680313,0.0577694993026423,0.0586994035804596
2024-05-02,0.0307949685896468,0.0332195424173331,0.0328090841458417,0.0340719025249302,0.0357733677388311,0.0374748329527319,0.0393768541002879,0.0412788752478438,0.0431312297287612,0.0449835842096786,0.0466870619043144,0.0483535074751538,0.0501629075139143,0.0523790793697879,0.0548382168495765,0.0572514638770434,0.0577631583307602,0.0586948559594119
2024-04-26,0.0311246275081852,0.0334182402464017,0.0327223736774912,0.0340786532958933,0.0358297304762088,0.0375431500827541,0.0394399330838072,0.0413575598541026,0.0431990050373989,0.0450609107227319,0.0467604948537084,0.0484231315035768,0.0502820791981184,0.0525071283861581,0.0549200882855599,0.0572949518567442,0.0577621143205769,0.0587037148850512
2024-04-25,0.0309554722790791,0.0334212748130805,0.0323495390365616,0.0338561574986053,0.0356352436804797,0.0374729810551631,0.0393672061583938,0.0412822469220997,0.0431218625595329,0.0449819183707154,0.0466699670408799,0.0483580157110444,0.0502283325052076,0.0525312392157835,0.0548433425056129,0.0573419010128055,0.0576589673634825,0.0586106044609259
2024-04-24,0.0313733722749063,0.0330267868966017,0.0320618511987206,0.0334107566859934,0.0353218837608408,0.0372540122321151,0.0392450091250984,0.0411089211100189,0.043016720087233,0.0449874135362234,0.0466777388685447,0.048368064200866,0.0505601065766853,0.0526224460775189,0.0550435848274951,0.057511476437529,0.057556760455458,0.0585407778558094
2024-04-23,0.0300498733006964,0.0326322211543925,0.0317587537530482,0.0331881038660527,0.0351334813184003,0.0371002365449495,0.039129051742957,0.041113762262747,0.0430446416005113,0.0449967393925368,0.0467415023161761,0.0483748973936255,0.0505715131435525,0.0527663603550088,0.0551468292847491,0.0576411306175414,0.0577627244730854,0.0587361966550431
2024-04-22,0.030049873300696,0.0324349090890556,0.0317590700878997,0.0330429531805698,0.0350612197732812,0.0371016651197587,0.0390915472266629,0.0410381710268952,0.0429723928740513,0.0449278699063409,0.0466115345748276,0.0482585978374776,0.0507265627250123,0.0527955617130542,0.0551397017890245,0.0575428203796694,0.0575918700459624,0.0585801364613107
2024-04-19,0.0293829832570735,0.0325306916170779,0.0313863529655311,0.032739886985044,0.0351108384686216,0.0374817899521991,0.0392630035863172,0.0410442172204352,0.0429812905828225,0.0449183639452097,0.0466101777473426,0.0482652129885596,0.0507316463571951,0.0529632401886648,0.0550421609990866,0.05754645170703,0.0575945528957464,0.0585818722558913
2024-04-17,0.0293829832570632,0.0331254161706736,0.0319368483046457,0.0323653562915641,0.034908487985848,0.0374795661822669,0.0393252861156314,0.0410531941383555,0.0429512116830645,0.044911801234742,0.0465896560749801,0.0482675109152182,0.0507155662087397,0.0528812711251071,0.0552936855263604,0.0573360815710238,0.0575322105490731,0.058787511946837
2024-04-16,0.0290544743775329,0.0327308698877831,0.031614118569637,0.0312493606323488,0.0341251075329062,0.0370324560477554,0.0388475837892837,0.0406232522320832,0.0425707678547594,0.0445396847480145,0.0462852301698498,0.047919357798802,0.0502535914544567,0.0526295204277792,0.0549854254318441,0.057590874202979,0.0570643311596112,0.0583572226672816
2024-04-15,0.0282181488597872,0.0307569701273579,0.0303116441723105,0.0307250149724298,0.0337169528071289,0.0367417690795719,0.0385947626715711,0.040407473794179,0.0423964806477485,0.0444073447194891,0.0460679768058525,0.0476925081946864,0.0503278936654764,0.0524323729049232,0.0548503419033171,0.0570234980986854,0.057415180320155,0.0586318458529135
2024-04-12,0.0279692088713418,0.0281858239635607,0.029977787025973,0.0300522251678548,0.0333653659712083,0.0366785067745617,0.0385494824281802,0.0404204580817986,0.0424215929533127,0.0444227278248268,0.0460817545243518,0.0477047154260611,0.0501482902127752,0.0522185400379004,0.0545341732866085,0.0569540119292686,0.0575256569453764,0.0586884179662004
2024-04-11,0.0227678191709381,0.0260611356152199,0.0276909081645906,0.0294132444656854,0.0329397804500138,0.036582575862397,0.0384679836264686,0.0403533913905402,0.0423143256592397,0.0442752599279391,0.045920213682434,0.0475651674369288,0.0494549384435883,0.0516463197279606,0.0541519853374263,0.0564674555922518,0.057583179513715,0.0586823245244193
2024-04-10,0.0224786557498148,0.0258136807523908,0.0273696932706571,0.0294134650804607,0.0329808857512655,0.0365875088470242,0.0384926814038462,0.0403564371659547,0.0422828763334991,0.0442728244845889,0.0459175844523205,0.047562344420052,0.0492250843625888,0.051542308347434,0.0539636825712697,0.0565238186858029,0.0576916522828358,0.0588532017469344
2024-04-09,0.0224786557498148,0.0250711324091396,0.0270359592798803,0.029267722593662,0.0329100064491252,0.0365923154019012,0.0384966595037851,0.0403596048208454,0.0423087737411439,0.044279362100127,0.0459778171937026,0.0475678602600286,0.0491522316644836,0.0514596411697416,0.0535489230572876,0.0563001519143214,0.0571151909561692,0.058578033823954
2024-04-08,0.0220498579239454,0.0249522990860965,0.0267119622746472,0.0291900858520694,0.0328714348525147,0.0365932382375802,0.0384980057033167,0.0403613651806676,0.0423099951920169,0.0442800387199744,0.0459427219924032,0.047569259976301,0.0498520326886411,0.0517492757112836,0.0540552757148058,0.0563859028474814,0.0569985299699945,0.05867014721293
2024-04-05,0.0221994437530902,0.0249506051518533,0.0267115309950021,0.0291186850567979,0.0328349672698056,0.0365925415074023,0.0386310058046915,0.0406694701019807,0.0424756751883421,0.0442818802747035,0.04594042184956,0.0475629081727892,0.0499638782291862,0.0520786679783767,0.0547384691676006,0.0568290818529284,0.0573773121975725,0.058714270966175
2024-04-04,0.0224786557498144,0.026061135615207,0.027034793330926,0.0291909616553623,0.0328274633446441,0.0365838497050011,0.0386244281534868,0.0406650066019724,0.0424706297609369,0.0442762529199014,0.0459180445680311,0.0475598362161607,0.0506332996264831,0.0535705665849423,0.0548915239467434,0.0571724074826273,0.0570515878295746,0.0585809719935049
2024-04-03,0.0220498579239454,0.0265559535089373,0.0260546579716524,0.029123048861806,0.032833222340693,0.0365841669567107,0.0386941965127068,0.0406695433310861,0.0424407568567433,0.0442703620370925,0.045914193253647,0.0475580244702014,0.0506652537565618,0.053601862295946,0.0546959006568689,0.0566647281114566,0.0570004779354277,0.0586688594504238
2024-04-02,0.0209128237736286,0.025486993445742,0.0283538300165576,0.0275841911651182,0.0321360462415142,0.0367379217033651,0.0388843259925928,0.0408499804469382,0.0425925912841888,0.0443543516910794,0.0460997267419509,0.0477336948746817,0.0511302489540261,0.0541584625683309,0.0555254307946949,0.0573114804980862,0.0577226137386794,0.0596398089912728
2024-04-01,0.0175497103789433,0.0235059278310426,0.0247456680813421,0.0289287951670086,0.0329692983136901,0.0370542025938515,0.0392447059650224,0.0412070319016963,0.0429614650606037,0.0447351777047739,0.0464331374694263,0.0480941850652818,0.0499038991045552,0.0539651338551923,0.0555388719080594,0.0575371168233052,0.0593585964222346,0.0606013289524065
2024-03-29,0.0160608023641808,0.0201126506253396,0.0237613470527893,0.0286347866109811,0.0328559634870473,0.0370771403631135,0.0391062897755936,0.0411354391880738,0.042934151264359,0.0447526294074167,0.0463971161368368,0.048023531583516,0.049790103378091,0.0541829249101244,0.0554967773924917,0.0576323814739759,0.0596127435086705,0.0608314720400845
2024-03-28,0.0141335490762544,0.0193675517858261,0.0227753442368275,0.0285206774773057,0.032790432469501,0.0369239186853496,0.0389698193388576,0.0410157199923656,0.0428539339146713,0.0446921478369769,0.0463595354527123,0.0480269230684477,0.0495745574781184,0.0536916270006585,0.0553031045437338,0.0572967265819604,0.0594414187042224,0.0612186392179686
2024-03-27,0.0137138698209162,0.0186236664914971,0.0224514244394904,0.0281896829741438,0.0324771207758324,0.0368577637471229,0.0390169329880995,0.0411049208255274,0.0430063018384308,0.044847000478582,0.0464014453079455,0.047955890137309,0.0495692545846971,0.0536184246808218,0.0557343320867918,0.0577696872037392,0.059871025409585,0.0616842788748986
2024-03-26,0.0135639736424316,0.0183753021940069,0.0224514244394909,0.0281119465400794,0.0324482203655495,0.0367844941910196,0.038917818171375,0.0410276990310672,0.0428768347745547,0.0447661691211615,0.0463501291482182,0.0478818707128445,0.04987754097578,0.0541339357231048,0.0559723757295021,0.0581357198057851,0.0603530522310212,0.0625717217692576
2024-03-25,0.0134240654466587,0.0182560763152243,0.0217906631236506,0.0278490365277292,0.0322780032318143,0.0367069699358994,0.038847363869696,0.0409642369910333,0.042833185302576,0.0447021336141187,0.0462226358805395,0.0477264293308459,0.0495861887869826,0.0536774023958913,0.0557628687467472,0.0578111848777967,0.0602899958992723,0.0622146114815073
2024-03-22,0.0130937944398502,0.0181264593706026,0.0217900179958993,0.0277692739564165,0.0322046504880312,0.0366400270196459,0.0387642944666729,0.0408885619137,0.0427466856166833,0.0446252282614576,0.0461523649443632,0.0476627199054787,0.0496997163839911,0.0537292667998292,0.0561176738112599,0.0582966637662975,0.0607494934334616,0.0626647753682605
2024-03-21,0.0127544366682441,0.018126011888949,0.0217893729190099,0.0274696752549228,0.0320488845476469,0.0364819488629437,0.0386122259349454,0.040742503006947,0.0426118545389594,0.0444812060709717,0.0459943773068371,0.0475075485427025,0.049536370175752,0.0535332204445531,0.0558114187277276,0.05795532595882,0.0606078187176427,0.062349563451082
2024-03-20,0.01209469212847,0.0180772240967715,0.0228950352660032,0.0274016250674644,0.0318920204609645,0.0364800331456277,0.0386845172406857,0.0408163260359067,0.0426783010632385,0.0444808513556554,0.0459921320484782,0.0475034127413009,0.0495353618367555,0.0535993795399903,0.0558636000027623,0.0579791175217503,0.0604838734267273,0.0620695027410232
2024-03-19,0.0112148625137395,0.0178784805468116,0.0227373239118012,0.0279964834113395,0.0323927039662467,0.0367889245211539,0.0389217987857774,0.0410312348716688,0.042939624672596,0.0448895012083259,0.0463297268858332,0.0477224725959501,0.0499398563548978,0.0538360149955083,0.0562964828157277,0.058461625604054,0.0610853085359737,0.0626585963544106
2024-03-18,0.0114948294073911,0.0176797171374482,0.0227373239118015,0.0279284719996168,0.0323986548570709,0.0368688377145249,0.0389623334576352,0.041032823753019,0.0429421940643105,0.044851564375602,0.0463363423033705,0.0478048039901745,0.0502806769893854,0.0539508255479081,0.0567150765231579,0.0588010552712385,0.0614601444759642,0.0630297189801799
2024-03-15,0.0114944687559871,0.0178780451995159,0.0227366216806268,0.0280728172316329,0.0324706961647673,0.0368685750979018,0.0389498765886362,0.0410311780793707,0.042930833655308,0.0448513645672446,0.0463366049535391,0.0478055240169073,0.0501042021206209,0.0540641703260005,0.0567894625629673,0.0588008977728108,0.0615795522806675,0.0631388200172455
2024-03-14,0.0110548725852191,0.0180763339957906,0.0228147677901759,0.0282996103222686,0.03268728509584,0.0369349276957867,0.0390577458400312,0.0411805639842757,0.0430555030581608,0.0449304421320459,0.0464433430489914,0.0479562439659368,0.0502261510090216,0.0541777272359522,0.0567931831028494,0.0589078551624586,0.0618891016892217,0.0635147589037725
2024-03-13,0.0110548725852191,0.0178784805468103,0.0227373239118014,0.0282998226287922,0.0325703352048176,0.0369336850107566,0.0390943750328263,0.0411838335157068,0.0430875605404304,0.0449305303196841,0.0464418652655098,0.0479532002113355,0.0502781530869683,0.0541843978821656,0.0569817001049527,0.0588819120803915,0.061853266760889,0.0634903638892465
2024-03-12,0.0108648761878546,0.0172821307247826,0.0227373239118014,0.0281538779424055,0.0325475046900205,0.0369411314376356,0.0390758317870273,0.0411870738908214,0.0430380236260235,0.0449292113989474,0.0464693975126987,0.0479588082600626,0.050027469260028,0.0541939383603766,0.0567684682950386,0.0589911271829171,0.0619682588109778,0.0635885903120231
2024-03-11,0.0091344914099901,0.0173815347783358,0.022895035266005,0.0282612738441032,0.0327333944006339,0.0372055149571646,0.0392409940888282,0.0412541053179462,0.0432445487393813,0.0452349921608165,0.0469898821662391,0.0487254876661076,0.0507474709070619,0.0547913899326513,0.0577186198959408,0.0601214563663393,0.0633757045620356,0.0653013524712734
2024-03-08,0.0092843192398156,0.0174506998473172,0.0231209864960953,0.029087141225253,0.0332594602601091,0.0374317792949651,0.0394535384258475,0.0414752975567299,0.0434166490225118,0.0453793340208848,0.0471339473265899,0.0488692791673971,0.050916573084725,0.0551720793109069,0.0583539084803922,0.0607099263747393,0.0633338360674504,0.0656951839364893
2024-03-07,0.0103048340154494,0.0175496712072152,0.0234946389968602,0.0293139039209021,0.0337864609782388,0.0381162768528945,0.0398653141096758,0.0416143513664571,0.0434879459174331,0.0453615404684091,0.0471094681118119,0.0488573957552147,0.0507121225212726,0.0549953831389716,0.0577039876877909,0.0600046197068641,0.0636976569434455,0.0659628021472444
2024-03-06,0.00892439346754,0.0178784805468093,0.0235749514826145,0.029353057838827,0.03368516466023,0.0381114477168809,0.0399336577244332,0.0416957948745938,0.0435571622883281,0.0453591243590709,0.0471051826648176,0.0488512409705644,0.0505740894585489,0.054702905782431,0.0573097070695046,0.0599371923643393,0.0641904618671049,0.0665509742607548
2024-03-05,0.0094246084239796,0.0178784805468118,0.0237227134043983,0.0294992681526937,0.0338808260485079,0.0382623839443221,0.0400615267782693,0.0418408988118434,0.0436511960243403,0.0455008475240653,0.0472793295928193,0.0489991803845814,0.050716889664357,0.0546901594472288,0.0572899681015686,0.0599235618247713,0.0644415129236535,0.0668290592479446
2024-03-04,0.0094246084239805,0.0178784805468118,0.0238015130553668,0.0295773427459901,0.0339591686281695,0.0383409945103488,0.0401395558310991,0.0419183527417312,0.043750196768577,0.0455820407954228,0.0473388917583554,0.0490764366667502,0.0507302371453032,0.0548065158905852,0.057294799520689,0.0599482183020468,0.0644490366976286,0.066838245966424
2024-03-01,0.0100545137480325,0.0180460831153224,0.0238795336570317,0.0296531062587053,0.0339485561182829,0.0383384114692798,0.0401084898631176,0.0419183452995137,0.0437600153112847,0.0456623997190481,0.0473608621797098,0.049078408488244,0.0508055385291901,0.054833020541306,0.0572772626561486,0.0600274222430356,0.0643523913983143,0.0668499539234945
2024-02-29,0.0094248509272268,0.018048301118662,0.0246294514273376,0.0303272815647716,0.0344344600010938,0.0386329090693344,0.0404431954702551,0.0421957067732741,0.0439828565755299,0.0459527830621072,0.047631896557059,0.0493682525575206,0.0509532852704861,0.0551766220309074,0.0578212591774652,0.060437291078591,0.0645837460829615,0.0671109643643893
2024-02-28,0.0104251463747219,0.018048301118662,0.0244030155948449,0.0301704848051317,0.034297931376386,0.0385645053601545,0.0403280480446865,0.0421299286136648,0.0439540971355857,0.0458831029288814,0.0476155436878062,0.0492926937842122,0.0511076185946611,0.0551934719075269,0.0576335192570846,0.0603022039815497,0.0646054293620534,0.067407047623253
2024-02-27,0.0100350604169571,0.0182768576594598,0.0246294514273381,0.030326300156305,0.0344102203140666,0.0386318007018652,0.0404153890550246,0.042198977408184,0.0440484371441316,0.0459602382194932,0.0476447595597554,0.0493659009291537,0.0511105860286447,0.0550972215480006,0.0576506652768773,0.0604550293815266,0.0643711556070071,0.0673932928035536
2024-02-26,0.009814863923715,0.0186742854343633,0.0244817802381512,0.0303945904174681,0.0344822918738895,0.0387077810198532,0.0404921891759213,0.0422765973319894,0.0441203691618189,0.0460262906038899,0.0477313281157931,0.0494363656276963,0.0512808448892779,0.0559839964283703,0.0580762674190574,0.0608880129911914,0.0643320947595686,0.0677707165036963
2024-02-23,0.0099250294068446,0.0186742854343637,0.024627804309823,0.0305493745964441,0.0345635805994809,0.038851482466361,0.0406422473345323,0.0424330122027036,0.0443083008322356,0.0461835894617676,0.0478785104590185,0.0495920569617336,0.0514146000300318,0.0559606911735252,0.0579520654676193,0.0607595158281903,0.0645170470196989,0.0672121767954757
2024-02-22,0.0099250294068446,0.0186742854343637,0.0244030155948451,0.0303245590794824,0.0343994624207631,0.0387085556092438,0.0404830787456919,0.0422009681650194,0.0440371716066938,0.0459568388411717,0.0476833052195049,0.0493726432886267,0.0511949787203297,0.0555369833251231,0.0577536841640283,0.0602623273322231,0.0645576492509924,0.0673732063551036
2024-02-21,0.0098149954195643,0.0186742854343637,0.023881082492021,0.029802426113759,0.0339215762427296,0.0381795741288566,0.0399134693980585,0.0416850580426779,0.0435060949720926,0.0454317891963012,0.0471679824163087,0.048848765214401,0.0507905529211447,0.0549735261072947,0.0573590046874463,0.0599821411982229,0.0643455238113034,0.0670843795573149
2024-02-20,0.0045899566851489,0.0182768576594708,0.0234968882211391,0.0295788521586786,0.0337755559005077,0.0381137215662188,0.0398335572896714,0.0416094746128019,0.0434194402717918,0.0453556826046647,0.0470461193219521,0.0487733046635284,0.0506327290689291,0.0549165390942129,0.0572266469087912,0.0597675949976473,0.0643213923414287,0.0671412416541205
2024-02-19,0.0041391844344404,0.0184755813647701,0.0234968882211119,0.0295790734926531,0.0337365750174164,0.0380342170430145,0.0397638025183173,0.0415685873621116,0.0433158767869511,0.0452070606350127,0.0469167924627897,0.0486265242905666,0.0504732643425704,0.0547239426254454,0.0571076810128011,0.0597424037849634,0.0641338978554186,0.066859674927062
2024-02-16,0.0041392078321185,0.0188729698721212,0.023308200798739,0.0295783605812599,0.0335883512467473,0.0378717503666997,0.0395791286889898,0.0414178438053022,0.0431617579612383,0.0450509982968356,0.0467525597316426,0.0484728196437552,0.0503302026926697,0.0545120440275127,0.0569234120482167,0.0594878791153412,0.0640113616415498,0.066722336831794
2024-02-15,0.0044196796532692,0.0183762219668211,0.0233096766149134,0.0296161245149207,0.0337463934077217,0.038114034075971,0.0398615261445158,0.0416833795776795,0.0432753031275227,0.0451227205804272,0.0468750532478554,0.0486273859152835,0.0506306180575726,0.0549447589675016,0.0573274054013911,0.0596839466974544,0.0643627627569566,0.0671756700650087
2024-02-07,0.0043595801771409,0.01946890543314,0.0233885057524036,0.0296206583554849,0.0338665268813215,0.0382555145709502,0.0401013442618848,0.0419873006852309,0.0436935224192257,0.045497802873565,0.047156727637684,0.0487627079944375,0.0508857152675735,0.0552800427640388,0.0574393828297676,0.0598890075559273,0.0647504812041991,0.0684861772405266
2024-02-06,0.0051408040970136,0.0190716346819225,0.0234574774317918,0.0296890019304642,0.0339749061914583,0.0384052791354071,0.0402762093774445,0.0421471396194819,0.0438723398209356,0.0456556928381686,0.0472680858722365,0.048915530928784,0.0510508361264558,0.0554232161532816,0.0578130391155639,0.0600865434337239,0.0648538545327749,0.0686119641502698
2024-02-05,0.0041391844345935,0.0192702798676476,0.023309676614921,0.0296892241119567,0.0339744788316575,0.0384041803396628,0.0402757388432956,0.0421472973469284,0.0439457921079948,0.0458049102879736,0.0473618605594613,0.048918810830949,0.0510181082753912,0.0555481094773866,0.0577754340039429,0.0600683402297142,0.0647152232671722,0.0686776459200537
2024-02-02,0.0039188235444906,0.0186246112576015,0.0231505484063559,0.0298441767705173,0.0343892120589212,0.0389342473473251,0.0407276990303384,0.0425211507133517,0.0443129519782766,0.0461047532432015,0.0476687036086622,0.0492498402418752,0.0514098353009968,0.0558160993351295,0.0579159204924062,0.0605230551609216,0.0650678322994012,0.0690459029498989
2024-02-01,0.0033577760608178,0.0192504162320449,0.0228563187735728,0.0297651605708032,0.03435180062613,0.038787232767545,0.0406854083975071,0.0425230039541726,0.0442922514782979,0.0460614990024231,0.0476016538609565,0.0491418087194899,0.0509890038714001,0.0556559034765817,0.0577409680183528,0.060233710861335,0.0650538409016519,0.0690050382391932
2024-01-31,0.003698389952209,0.0188729698721212,0.0203107170015839,0.0299877123027158,0.0344877097374855,0.0387899050872104,0.0406349590628382,0.0425201229075013,0.0443434830043675,0.0461067323288096,0.0476479510171752,0.049139981875061,0.0509790573532957,0.055524268409987,0.0576591759610847,0.0600837237114557,0.0651307528505508,0.068742583513442
2024-01-30,0.0026964459002169,0.0185451300224909,0.0196488556223984,0.0297628030602285,0.0343244505730114,0.0386354581125645,0.0405092005382396,0.0423829429639147,0.0442421109159085,0.0459628301906262,0.0474580014023948,0.0489856763361585,0.0509209595534748,0.0553182061555692,0.057649436857236,0.0600511508441379,0.0649008436989797,0.0695729469517447
2024-01-29,0.0028066594191632,0.0185451300224918,0.0199847665601596,0.030364511818785,0.0345436656384086,0.039017818551182,0.040848152003998,0.0426784854568139,0.0444007676352972,0.0461421862824304,0.0477133793052962,0.049284572328162,0.0512261497995053,0.0558048904779159,0.057779805525517,0.0602814014315277,0.0650913348437708,0.0691008883289774
2024-01-26,0.0029169146098748,0.0192007562846376,0.0199836808285397,0.0305454676860463,0.0344383531287678,0.0388534549113666,0.0404617806707331,0.0420701064300996,0.04365997573697,0.0452152826676041,0.0466709590141196,0.0481426318040035,0.0500890473481681,0.0545759061531144,0.0566794714757368,0.058898011344521,0.0639965911887906,0.0673216599625033
2024-01-25,0.0030271345030855,0.0192007562846376,0.0199847665601583,0.0305442256725866,0.0344592002160529,0.0388575049500705,0.04048999949703,0.0420703931541929,0.0436580082270371,0.0452111099287326,0.0466779153693353,0.048144720809938,0.0498083946140122,0.0543533223990644,0.0563158939104356,0.0585015126501944,0.0642012949117118,0.0673272120300394
2024-01-24,0.0038086071116702,0.0192007562846376,0.0199847665601583,0.0308202023371054,0.0348167478253945,0.0388576993746646,0.0404330463342917,0.0420426399669542,0.043601934851618,0.0452143875164408,0.0466925800838197,0.0481235962926652,0.0494003338172686,0.0539870435318349,0.0559422329589307,0.0583643136095079,0.0643134435482909,0.0675494903864718
2024-01-23,0.0042493708376286,0.019538419746538,0.0203107170016024,0.0311217513759428,0.0352888335592163,0.0395022166556374,0.0410569120765612,0.0426116074974851,0.0443185583845158,0.0460444753925135,0.0472499824046449,0.0484816960909531,0.0503045421032335,0.0544632628293188,0.0563300456183998,0.0588204787534804,0.064547538721519,0.0678250792045121
2024-01-22,0.0040289950124956,0.019538419746538,0.0208044298040851,0.0315689379492887,0.0356988151893911,0.0398745799543836,0.0414651233142811,0.0430556666741786,0.0445366584539867,0.0460341056980148,0.0473645590150409,0.048695012332067,0.0503921465438185,0.0548681958172301,0.056691222590665,0.0589897852009621,0.0648928123349626,0.0667190105962887
2024-01-19,0.0039188025716263,0.019538419746538,0.0211289669158667,0.0315680753270705,0.0357195965349216,0.0398711177427727,0.0414649252696903,0.0430587327966079,0.0445471610120505,0.0460355892274931,0.0473591950739284,0.0486973460395552,0.0507277737312522,0.0550868968951576,0.0566216900263817,0.0589346817671368,0.0646971722521277,0.0679956104135321
2024-01-18,0.0041391610371133,0.019538419746538,0.0214657189949268,0.0315667402332394,0.03565143367648,0.0398753780325585,0.0415133016984711,0.0430989512048333,0.0445651853129381,0.0460314194210429,0.0473649660724734,0.048698512723904,0.0506449302002698,0.0548475470230911,0.0565467240998099,0.0588283321456859,0.0644975706569278,0.0680431423183816
2024-01-17,0.0048102730021571,0.0208587353514886,0.0214657189949268,0.0319003604010963,0.0360854298304826,0.0403170000313066,0.041930117292081,0.043578302319394,0.0449289013892002,0.0463255436091133,0.0475589689815993,0.0487530297145378,0.0507927012953811,0.055010099553731,0.0565155143355129,0.0588908555934197,0.0656285485444756,0.0683317278919662
2024-01-16,0.0060319676622553,0.0221781846714736,0.0217913083022646,0.0323472256624763,0.0364954882367855,0.0406898426174759,0.0423181702327038,0.0439464978479317,0.0453892149509391,0.0468479622439799,0.0480491673050788,0.0492764855196799,0.0508974258476009,0.0549765285146663,0.0565296865163664,0.0590074821799381,0.0658948679536613,0.0682916979811136
2024-01-15,0.0090345575767258,0.0221781846714741,0.0263707396946648,0.03234746777518,0.0365492300770264,0.0407976786266711,0.0424510491471743,0.0441044196676776,0.0456012692164923,0.0471147504269604,0.0483109088516873,0.0495070672764143,0.05143434712258,0.0553644154784323,0.0567485589574204,0.0591425543269356,0.0650833920522976,0.0689114756815961
2024-01-12,0.0100249205386122,0.022763227207412,0.0265261225380467,0.0325018372613613,0.0366850782671737,0.0408683192729861,0.0425201281135495,0.044171936954113,0.0456765237002974,0.0471811104464818,0.0483712292553552,0.0495744262928976,0.0497912345630705,0.0530101537912326,0.054249477545312,0.0566239499803892,0.0624789470206844,0.0662191229244015
2024-01-11,0.0102249642585909,0.022763227207412,0.0265968422325385,0.0325004175520684,0.0366164107187758,0.0408727218343481,0.0425489951727399,0.044171770425864,0.0456742773107608,0.0471767841956576,0.0483765301590103,0.049576276122363,0.0493242650417766,0.0527262132420635,0.05397947781382,0.0564187186943746,0.0626754509378215,0.0655626608907865
2024-01-10,0.0104249980293609,0.022763227207412,0.0267541083883401,0.0325039869625384,0.0366653380423898,0.0408729263564618,0.0425218293415777,0.0441707323266935,0.0456672010556346,0.0471802972148972,0.0483955236525654,0.0495719662677547,0.0494166582598791,0.052497740621332,0.0537590840670344,0.0560708074868906,0.0627852102102749,0.0648618992210392
2024-01-09,0.0108250357272332,0.0228425419067493,0.0270587588851129,0.0325818760804637,0.0367043265139505,0.0408725819522538,0.0425208566875059,0.0441691314227581,0.0456662755221388,0.0471800545559571,0.0483617859502557,0.0495692071574737,0.0493020319345927,0.0529387404544521,0.0536612221461447,0.0559599856633952,0.0625535058785511,0.0646056113069838
2024-01-08,0.0111250378913214,0.0232985407308413,0.0273535158050016,0.0303571043507388,0.0357740172094472,0.0412511179888079,0.0428490565944556,0.0444469952001033,0.0459136875709906,0.0473966765237766,0.0486568432559102,0.0499170099880438,0.0498652778234595,0.0530502784866733,0.0538969521733218,0.0562233352368373,0.064148460079718,0.0643170039446882
2024-01-05,0.012324822824021,0.0233778343202958,0.0276559541259387,0.0308425168081982,0.0361018828677829,0.0412469148825941,0.0428420528355498,0.0444371907885056,0.0459178307900429,0.0473984707915803,0.0486471649021297,0.049909580925982,0.0497255193359408,0.0530791499597646,0.0542205075931188,0.0565037567577544,0.0638564687861533,0.0644786749962543
2024-01-04,0.0132244267071095,0.0233778343202958,0.0276187414329817,0.0348672260253614,0.0380779341999439,0.0413980983350234,0.043011225656856,0.0445728701918217,0.0460609348127678,0.0475489994337139,0.0487729045642045,0.0499968096946951,0.0499325416505765,0.054160539280731,0.0548615998231072,0.0572348939403385,0.063820401361299,0.064721398856325
2024-01-03,0.0149730806772218,0.0239823451518205,0.0283748365138078,0.0357424306275838,0.0387374001737512,0.0417656471593203,0.0433315916359222,0.0449315783837546,0.0463998950232941,0.0479182679119089,0.0491534370901694,0.0503491859755066,0.0501862276827562,0.0545094226790226,0.0553738590590068,0.0576883057847826,0.0641571751747581,0.065121679126437
2024-01-02,0.0166011433716037,0.0246758222675349,0.029356139782251,0.0356749691661458,0.0391142704330214,0.0425917861584177,0.0441883236327036,0.0458369221115857,0.0473677588652102,0.0489689789178519,0.0501364665426598,0.0513293343332243,0.0509380526010766,0.0552221540431204,0.0558143441771226,0.0581365728219135,0.0652583323427316,0.0661647848076841
2023-12-29,0.0168093276370632,0.0251079109850736,0.0257289837297771,0.0356533693659949,0.0392918836988535,0.0429306165348549,0.0445406946206455,0.046150772706436,0.0477950886756796,0.0494394046449232,0.0506708188457585,0.0518888481096281,0.0513586437606602,0.0557787606782653,0.055877520917896,0.0582925244926813,0.0659119070802352,0.0667686055760446
2023-12-28,0.0168088216216006,0.0250696311212499,0.025727833526565,0.0355739949643484,0.0390915407371089,0.0428491525102584,0.0444618775720398,0.0460746026338211,0.0477176001661466,0.0493605976984721,0.0505876658951881,0.0518147340919041,0.0512836674315829,0.0554902384730911,0.0557181651599051,0.0581980551785348,0.0658801559281464,0.0667216208169153
2023-12-27,0.0169181389048822,0.0251088624012774,0.0257293668862483,0.03565454960369,0.0392141634991502,0.0428534323343691,0.0444856246452188,0.0460657257121051,0.0476566273528361,0.0493559995599805,0.0505821946453785,0.0518083897307766,0.0512188975923051,0.0554951947540442,0.0554466774807767,0.0580335235408191,0.0660294939217632,0.0668347373666802
2023-12-26,0.0168078096820679,0.0251084865257308,0.0257291105691477,0.0355768739161065,0.0391361870901679,0.0427752589671643,0.0443877046738626,0.0459826237967924,0.0476093018648639,0.049272128334448,0.0505204577264318,0.0517289468186714,0.0513815778424615,0.0552420349709998,0.0553726823455137,0.0578632239270391,0.0659775045124,0.0667757621280597
2023-12-25,0.0165876614467397,0.0251081106614373,0.0257288542571538,0.0355766076161596,0.0391359978262428,0.0427752589671628,0.0443877046738605,0.0459826237967897,0.0476093018648604,0.0492721283344438,0.0505089199362103,0.0517322681510011,0.0515054047971127,0.0551528369539782,0.0554793836696836,0.0576689091879909,0.0659597288637147,0.0668233893815401
2023-12-22,0.0163565455432827,0.0249469106815563,0.0257271961073159,0.0354967021763129,0.039091636661943,0.0426875428390279,0.0442979105461752,0.0459082782533225,0.0475530835792227,0.0491978889051229,0.0504293000755449,0.0516473263419405,0.0510973545343066,0.0550152148201311,0.0553863458846001,0.057783752058959,0.0657287303768944,0.0666613824032653
2023-12-21,0.0163560532617698,0.0242846839624264,0.0257260524549769,0.0349237538230914,0.0384036901670891,0.0421219339007111,0.0437364960776896,0.045351058254668,0.0469942170748924,0.0486373758951168,0.0498652142995173,0.0510930527039177,0.0505960958513021,0.0545315549080731,0.0547843258479264,0.0572481843826545,0.0651194222592209,0.0660523798682507
2023-12-20,0.016305645291058,0.0242843204573388,0.0257275727737815,0.0349267712101993,0.0384863542120596,0.0421263651097344,0.0437615180568891,0.0453444852716877,0.0469345820710855,0.0486330945613512,0.0498607683924159,0.0510884422234806,0.0505427501403283,0.0543138027707731,0.054679236585051,0.0569138969310221,0.0652704369118784,0.066113654361304
2023-12-19,0.0164149650295837,0.0242839569631395,0.0260518030364397,0.0349265097881413,0.0384861673832118,0.0421263651097344,0.0437460079155948,0.045348045908348,0.0469742862036655,0.0486366651722123,0.049880924850634,0.0510854741137869,0.0504487780437666,0.0542990042843664,0.0547816164641055,0.0570359094566813,0.0653813429083391,0.0662217248407791
2023-12-18,0.0167438745021163,0.0242043576564902,0.0260515435278829,0.034848787984783,0.0384084305893167,0.0420487235426016,0.0436637512827075,0.0452612243734644,0.0469119895467086,0.0485994383904694,0.0498327826463343,0.0510527209863747,0.0503173356427504,0.0542796888904982,0.0547235094820582,0.0570985023937965,0.0657348261972614,0.066408874798671
2023-12-15,0.0170816894873522,0.0242017430337421,0.0260498598166352,0.0350883932859442,0.0386453533448215,0.0422040229669592,0.0438146803212477,0.0454253376755361,0.0470110552372664,0.0485967727989966,0.04982725732565,0.0510443670204919,0.0502602191029113,0.054257160622359,0.0546086976447503,0.0568542442249883,0.0659092114564997,0.0665448367744137
2023-12-14,0.0168516411142684,0.0242821396553578,0.0260486969734763,0.0351639064604592,0.0385651611996763,0.0422001254158798,0.0438121339106187,0.0454241424053577,0.0470095860034768,0.0485950296015959,0.0498202627817863,0.0510454959619766,0.050219246678076,0.0544717739824625,0.0548026634604956,0.0571508443527129,0.0656809895303922,0.0663225775087003
2023-12-13,0.0171305570642054,0.0244006151806616,0.0268758056124896,0.035166957315146,0.0386456581702127,0.0422037157988329,0.0438367180243318,0.0454176031575275,0.0469516116662177,0.0485902116641368,0.0498155709488108,0.0510409302334847,0.0508314159190237,0.0559614853512426,0.0552643690336747,0.0577472538927483,0.0655492246699256,0.0662694503422777
2023-12-12,0.0171300416269533,0.0244002499839967,0.0268755379118527,0.0351666941091187,0.0386454716503458,0.042203715798833,0.0438212306847541,0.0454211638871327,0.0469900339943413,0.0485937678817101,0.0498356895669976,0.0510379754538184,0.0506541690650139,0.0565257384469636,0.0554765531525073,0.0580013148992601,0.0654435660424658,0.0661142975609097
2023-12-11,0.0171295262207191,0.0243998847982629,0.0268752702165469,0.0351664309070313,0.0386452851268691,0.042203715798833,0.0438212306847542,0.0454211638871328,0.0469900339943414,0.0485937678817101,0.0498241738190803,0.0510412057788704,0.0508299566566676,0.0565097358176779,0.0555361380342992,0.0579802466823553,0.0654256678216942,0.0660993592054531
2023-12-08,0.0172377316875376,0.0243972636941064,0.0268735101980026,0.0351639885987811,0.0386820797182084,0.0422026019915505,0.0438129679112835,0.0454233338310164,0.0470095496984726,0.0485957655659287,0.0498259934547726,0.0510428493013464,0.0504770797827968,0.0565401531398055,0.055499385942931,0.0580342213653532,0.0654404552116691,0.0661097913090007
2023-12-07,0.0173469583043307,0.0244875407423968,0.0268722874359889,0.0352491653797379,0.0386506201268218,0.0422865887183604,0.0438935418039297,0.0455004948894989,0.0470858825107779,0.0486712701320569,0.0498965609025781,0.0511218516730992,0.0507628264028942,0.056554839689165,0.0553919067449684,0.0580455729850011,0.0653273527935154,0.0660114081269921
2023-12-06,0.0174661514679782,0.0244871742776486,0.0268739318200064,0.0352522218053881,0.0387315718980578,0.0422910504275702,0.0439636744426357,0.045582916840199,0.0470741418355608,0.0486670412624246,0.049890769356787,0.0511144974511495,0.050531051813235,0.0561249810148672,0.0554626879126764,0.0579774165529921,0.0654318203063245,0.0660449420279175
2023-12-05,0.017345914627158,0.0244868078238719,0.0268736641566946,0.0352519579750236,0.0387313850215156,0.0422910504275702,0.0439477817368515,0.0455865050971188,0.0471116102733601,0.04867060667574,0.0499108490676755,0.0511115092556131,0.0503539369679687,0.0563641248411759,0.0552473233771749,0.057815600488567,0.0654783773838225,0.0661207525077369
2023-12-04,0.0175748296829282,0.0244864413810627,0.0268733964987147,0.0352516941486082,0.0387311981413571,0.0422910504275702,0.0439477817368515,0.0455865050971188,0.04711161027336,0.0486706066757399,0.0498993522335986,0.0511147418614806,0.0503529014358427,0.0562735803767213,0.055291336251052,0.0579636464066701,0.0654355411713705,0.0660881668446115
2023-12-01,0.0174036766019723,0.0220074167050274,0.0268697428517273,0.0353266586497286,0.0388154725176781,0.0423074317280977,0.044063732593307,0.0457444936363568,0.0472546405080933,0.0487647873798298,0.0500107808720223,0.0511904981146301,0.051812978331244,0.0565223502387732,0.0551616489465513,0.0578038927636791,0.0654208750074912,0.06620464287983
2023-11-30,0.0175328189080662,0.0220088978196154,0.0268732749195904,0.0353247327248116,0.0387562539221174,0.0423080671173896,0.0440914110072317,0.0457447194051062,0.0472514492811513,0.0487581791571964,0.0500155946138844,0.0511927495095073,0.0518559815192881,0.0565190626975685,0.0551721839534024,0.0578142568025847,0.0654139704340908,0.0661993703016756
2023-11-29,0.0175320610051144,0.0220085666744997,0.0271971713062593,0.0354052048500925,0.0389133044262046,0.0423862945394236,0.0440873427082749,0.0458253701851448,0.0473627118328929,0.0488493718878581,0.0501212630358601,0.0512751436649752,0.0518577158748183,0.0561435038455182,0.0558454804672688,0.0584212731776467,0.0650474496280998,0.0663512361534242
2023-11-28,0.0175315394349053,0.0223353420990496,0.0278548040852244,0.0353662349826432,0.0389314746189092,0.0423839425394672,0.0441069269083475,0.0458299112772278,0.0473971751092614,0.0488477278048668,0.0500472171499744,0.0512727823504104,0.0520037186089351,0.0563213532009963,0.0560300864649321,0.0585091601335184,0.0650376243540538,0.0665026320760887
2023-11-27,0.0176506904890303,0.0228305131853668,0.0303457070601187,0.034765857068872,0.0385945073477381,0.0423021642191531,0.0440288066157512,0.0457554490123492,0.0472814361223425,0.0487576627830969,0.0499377396986053,0.0511178166141137,0.0517490341364317,0.0560553388824555,0.0558260342354485,0.058585483572526,0.0644544520415909,0.0662486719966717
2023-11-24,0.01789795500434,0.0228294827415504,0.030342383047248,0.0347634710028119,0.0385284687903823,0.0422976538068487,0.0440271431562132,0.0457566325055776,0.0472740480065355,0.0487584762139942,0.049932143161388,0.0511187075477642,0.0516034007769946,0.056045017420584,0.0557077690465083,0.058429051116121,0.0648720700852509,0.0666089183269428
2023-11-23,0.0183365560257694,0.0228291392809484,0.0305894280055304,0.0351584104235809,0.0388279083905719,0.0423803803771314,0.0441758558795981,0.0459140289724116,0.0474177834010538,0.0489215378296959,0.0501409420252188,0.0513603462207417,0.0516663926288016,0.055987610260087,0.0555770660868042,0.0583748267946266,0.0650103321877511,0.0667270362278916
2023-11-22,0.0183360106195569,0.0229972277616159,0.0305891222640937,0.03516143081583,0.0388215040858106,0.0422129618050145,0.0440415171999736,0.0459098237991709,0.0474448721878032,0.0489293145856014,0.050136950323761,0.0513577125373354,0.0517600331358558,0.0558693879507881,0.0566541369459367,0.0593055081557025,0.0649799934065659,0.0665713934632461
2023-11-21,0.0184550921666702,0.0236506504063209,0.0306671844112244,0.0353643823912177,0.0389253867494581,0.0423744711051218,0.0442252594267139,0.0460760477483059,0.0476417607664928,0.0490908781343892,0.0502908988284518,0.051517006928907,0.0503506564732612,0.0563678332527782,0.056866273727948,0.0595266068636901,0.0650090067130178,0.0666118223855033
2023-11-20,0.0187037470399958,0.0236502946076314,0.0307060597235657,0.0354415214306887,0.0390030136763491,0.0424526731592554,0.0443028220263622,0.0461529708934691,0.0477356810734365,0.049168450288986,0.0503827548867582,0.0515970594845304,0.0501665530615355,0.0565226996519872,0.0568678690480548,0.0593398646801944,0.064842986954494,0.0664540162102511
2023-11-17,0.0190803531952725,0.0236492272757951,0.0308691596846437,0.0356808816205852,0.0390622794023406,0.042448150201425,0.0442983332928002,0.0461485163841753,0.0477749309724146,0.0491690006194767,0.0503747272301235,0.0515937035837444,0.0519532401814503,0.055808039400735,0.0568567722085564,0.0589462567065027,0.0649792991136314,0.0665645147222852
2023-11-16,0.0198275942624837,0.0236488715199242,0.0311944884130715,0.0363459784989131,0.0395726301254396,0.0426970362221014,0.0445274814062021,0.0462995081269804,0.0479298165835018,0.0493272238319487,0.0505384053959632,0.0517495869599778,0.0521635081873063,0.0573177706291268,0.0570559821234156,0.0595360504876102,0.0650139175595308,0.0665716932258899
2023-11-15,0.0205741992345119,0.0257963359911838,0.0321729409493902,0.0365714976407361,0.0399149487969466,0.043013652750029,0.0447557041252557,0.0465356261825526,0.0481912241479981,0.0495596265480092,0.0507928681113666,0.0519867509014254,0.052350310536217,0.0578684356029202,0.0575508266596902,0.0594563928993033,0.0652710403999178,0.0670453630651292
2023-11-14,0.0221866686824689,0.0262905047228968,0.0322606721299097,0.0375757447697979,0.0404600224576704,0.0432542308030415,0.0449634115289863,0.0466725922549311,0.0484173489208899,0.0497993343988772,0.0509930248155281,0.0522126650238453,0.0521135262725107,0.0584723543286695,0.0581624919649044,0.0604888239208332,0.0654421229260786,0.0673812005517218
2023-11-13,0.0219467297948515,0.0262901092520771,0.0303022714448699,0.0377395669379461,0.0405802789701667,0.0433323639636995,0.0450447554375662,0.0467571469114328,0.0483428467820115,0.0498768390481148,0.0510837865722524,0.0522907340963901,0.0527608096683851,0.0592871706487139,0.0581603493849732,0.0604676504986474,0.0655092110530539,0.0673679852862667
2023-11-10,0.0211872467140741,0.0264570343767827,0.0306222053278702,0.0379008940168817,0.0408945117484334,0.0438927205040209,0.0454468560742987,0.0470009916445765,0.0485718354447418,0.0501085304666427,0.0513142523256735,0.0525332238754629,0.0531577015303761,0.0593677712142537,0.0585046164023472,0.060888717589728,0.0653761350684953,0.0672681898871889
2023-11-09,0.022002648824534,0.0267829253946977,0.0330707877237287,0.0350386381891375,0.0395376743003768,0.0438950628155112,0.0455070191569438,0.0470675300832242,0.048585169082699,0.0501028080821739,0.0513441496622529,0.0525854912423318,0.0531894180701787,0.0594154747565617,0.0587248002763662,0.0610936147783834,0.0653187252408206,0.0671849114185521
2023-11-08,0.0226187391197822,0.0267825225470139,0.0331486691805257,0.0356801652705356,0.0399432443536561,0.0438950628155112,0.0454550860510702,0.0470490228352284,0.0486034051104663,0.0501065440139931,0.0513592374680695,0.0525719513438243,0.0523067254275852,0.0592874792838798,0.058701819804416,0.0614535409562431,0.0653812273144186,0.0670335812277104
2023-11-07,0.0227497912539879,0.0267821197114488,0.0333145214369316,0.0356798982933523,0.0398522054913311,0.0438950628155112,0.0454739716102155,0.0470528804049197,0.0486387609532783,0.0501065440139931,0.051324473135191,0.052568878976415,0.0522646870278949,0.0593589559284241,0.0594805920901423,0.0620001427589813,0.0651321370885185,0.0670813562803059
2023-11-06,0.0229282743373716,0.0277701033198528,0.0334803496948959,0.0360084161218159,0.0401340115009543,0.0441317252051444,0.0456670549809913,0.0472023847568383,0.0487583815148408,0.0502636392481259,0.0515386333809604,0.0528136275137949,0.0522429883120671,0.0602826241002243,0.059963007164912,0.0619602862780777,0.0655062928342848,0.0671219126627783
2023-11-03,0.023860960491734,0.0280158598391354,0.0334373637200796,0.0356771541567166,0.0399803065086203,0.044290965562774,0.045874057993319,0.047457150423864,0.0489539200863551,0.0504181512779225,0.0517340007104817,0.0530643100269152,0.0524567700971196,0.0613869119858145,0.0604865703708987,0.0636904737549482,0.065391136557116,0.0671065654556081
2023-11-02,0.0242190835530283,0.0283908291493194,0.0335571946350469,0.0356752123897808,0.0400157147625452,0.044363788993395,0.0459540529820111,0.0475443169706272,0.0490238152955615,0.0505033136204957,0.0516967160242348,0.0528901184279739,0.0522877211758048,0.0614438903289302,0.0605848243227298,0.0635985981024279,0.0651161028357723,0.0668588216008548
2023-11-01,0.0240691354640764,0.0283894475890004,0.0335568593011876,0.035678296514168,0.040131134495197,0.0444495173329267,0.0459015407703795,0.0474525658058404,0.0489765159303027,0.0505004660547651,0.0517414516383256,0.0529824372218862,0.0524724455861606,0.0617917160621834,0.0608905832019461,0.0632869925253922,0.0655455842742332,0.0671541367504414
2023-10-31,0.0231132553582404,0.028457200474437,0.0335565239740302,0.0356780295649528,0.0401529422801026,0.0444470947201965,0.0459097697437442,0.0474565065502544,0.0490029671126207,0.0505000725506562,0.0516988463691073,0.0529793547660892,0.0528576533397829,0.0621554655678523,0.06140185272734,0.0643204307051629,0.0653394435764875,0.0668951084574615
2023-10-30,0.0223662082437938,0.0285841882741454,0.033634364948682,0.0356777626197322,0.0402156691312606,0.0445249530326368,0.045984129394042,0.0475451087574057,0.0490452615283564,0.0505780263160669,0.0517846417393863,0.0530606028766896,0.0528084575687972,0.0624739621693741,0.0614951769913186,0.0643202833203645,0.0654185146781155,0.0670199800465338
2023-10-27,0.0226622908319763,0.0288268050896539,0.0336304508297595,0.035675290716817,0.0404415297210287,0.0445342943481684,0.0460399977854403,0.0475457012227121,0.0490296494920365,0.0504974678888682,0.0517251257310404,0.0529800648585942,0.0524899169737534,0.0625311171914172,0.0616161975392692,0.0643170004235462,0.065276989943122,0.0671029459736334
2023-10-26,0.0237564757678326,0.0289991201849538,0.0335548474387637,0.0356733541260594,0.0404929016613727,0.0445329055892509,0.0460549776785182,0.0475443170346829,0.0490097977464922,0.0504913826419477,0.0517294025527562,0.0529811782403515,0.0522822559447409,0.0624015314631887,0.0615883139335693,0.0641984909391259,0.0650408525904796,0.0668800517868703
2023-10-25,0.0238552428312521,0.0291763900290216,0.0336326845411525,0.0363241658684784,0.0408318002294312,0.044453495938272,0.0459209341323634,0.0474367494097766,0.0489108689545675,0.0504011876152353,0.0516334524946705,0.0528794092060994,0.0523655956779843,0.0625563767930029,0.0618303091617864,0.0643773690494297,0.0654075888764267,0.0674618342671777
2023-10-24,0.0247297636423855,0.0290377432327462,0.0335150893506628,0.036323894101035,0.0404297256456686,0.0444545475687181,0.0459002888006142,0.0473619172987949,0.0488936805659207,0.050327671709613,0.0515429461778793,0.052798284639605,0.0525483834618099,0.0625444539403084,0.0627785667007039,0.0652319501535724,0.0648323022735043,0.0670048456132524
2023-10-23,0.0239831285953709,0.0286127520175805,0.0333486213935058,0.0363236223376495,0.0404705818976108,0.0445358413436297,0.0459803074556294,0.0474406468216071,0.0488999221249122,0.0503274740520586,0.0515564178558979,0.0527988665367025,0.0522435715825133,0.0628010163234097,0.0630148209569526,0.0653015059443019,0.0647548191663455,0.0669478617393783
2023-10-20,0.0218617614273785,0.0273356010839133,0.0331004818512297,0.0363210795179238,0.0403891190966667,0.0444659719043217,0.0459143981050755,0.0473628243058293,0.0488267179449894,0.0502587878093851,0.0514833878834841,0.0527214451012546,0.0521665153270732,0.0625494629355338,0.0630837731931533,0.0654838794039262,0.0646617729173224,0.0669835454179844
2023-10-19,0.019870830558801,0.0263486423691927,0.0328976662867636,0.0358358487662878,0.0401044358343279,0.0443822706085995,0.0458384547178538,0.0472946388271082,0.0487352705692805,0.0501759023114529,0.0514095720067021,0.0526432417019512,0.0522414466588147,0.0621289093063458,0.0623770558093256,0.0648466724826671,0.0643336142918577,0.0670348281696687
2023-10-18,0.0187551131480663,0.0262090791047503,0.0327409132849345,0.0355198218992727,0.0400956814553085,0.0443888238300004,0.0458202428635755,0.04729885153562,0.0487354948067189,0.0501721380778178,0.051409465706373,0.0526467933349282,0.0525263049751951,0.0609069960517242,0.0612291537374603,0.0637328043254462,0.0635049169788734,0.0658050041814542
2023-10-17,0.0185056082391174,0.0262094627789296,0.0326134791801133,0.0348713366060731,0.0396372480679912,0.0443100997037688,0.0457620527280074,0.0472299612799849,0.0487524948895553,0.0501778455027701,0.0513982296542721,0.0526588462503292,0.0523266034458312,0.0609339895523898,0.0611018341722208,0.0634394366160949,0.0636300524605588,0.0658964155176541
2023-10-16,0.0182561025423278,0.0259223764272186,0.0323686852510495,0.0348710757239062,0.0395987088527965,0.0442341675599149,0.0456846994027626,0.0471511711559712,0.0486427355935353,0.0501018747172392,0.0513362303059772,0.0525841502418442,0.0523315341146792,0.0608242578306308,0.0609834809824905,0.0630869699828884,0.0635505383607674,0.0659124933558121
2023-10-13,0.0182544873723622,0.0257813237814507,0.0323650610952398,0.0348687071184297,0.0395458185701981,0.0442340502496336,0.045692964839329,0.0471518794290244,0.048644729320187,0.0501051259528462,0.0513381295684205,0.0525846826742759,0.0524566637712403,0.0607207565579758,0.0609513287035748,0.0631812053886755,0.0635341199393178,0.0659005738560338
2023-10-12,0.018004991237528,0.0257824153037852,0.0325336282015388,0.0343829481331955,0.0393008066591463,0.0442303578092747,0.04576021173311,0.0472900656569453,0.0486971417247871,0.0501042177926289,0.0514533584492947,0.0528024991059605,0.0528443362123209,0.0609491574484579,0.0610469756356308,0.0632445214666971,0.0638239786696492,0.0663386444801516
2023-10-11,0.0182533908640932,0.0266321024693977,0.0326115241699719,0.0353535353950025,0.0399321608962487,0.0442287744427827,0.0457215207191843,0.0472634784112914,0.0487188936547157,0.0501743088981399,0.0515190736546335,0.0528638384111271,0.0528609488812347,0.0611979980962337,0.0611738788221569,0.0632351226177916,0.0634393388275572,0.0658893026910654
2023-10-10,0.0196166920081865,0.0271949168205793,0.0330999709245418,0.0363200897836545,0.0403502795663989,0.0443025988210239,0.0458043245101965,0.0473225526794698,0.0487632834531841,0.0501726939926872,0.0514848074585582,0.0528401774123151,0.0524627000826244,0.061223434233195,0.0615092301423274,0.0631137858086563,0.0633525960973345,0.0658154689443342
2023-10-09,0.0200341155853209,0.0279452021218437,0.0334709840007339,0.0369670590057642,0.0407070976186785,0.0443749811458132,0.0458719937776009,0.04738545709765,0.0488366063284637,0.0502562088368685,0.051580794466253,0.0529199359816747,0.0538035104814996,0.0612885400322845,0.0616043309045269,0.0633171906687801,0.063380149955665,0.065872545842476
2023-10-06,0.0208581445996505,0.0281890466726539,0.0336234463620334,0.0360756992053485,0.0401945837681919,0.0443695109506141,0.0458803086262186,0.0474078929426632,0.0488489725630984,0.0502587243656981,0.0515904562783887,0.0529368226077023,0.0526346820311004,0.0615442505884829,0.0617600446513641,0.0635581488888579,0.0636964724482317,0.0659600626370809
2023-10-05,0.0211858631481567,0.028190392550334,0.0337138854855912,0.0363152986395509,0.0403957425939241,0.0445317061349132,0.0460806421140371,0.0476467884929291,0.0489894817038919,0.0503321749148547,0.051709397010889,0.0530866191069234,0.0531709368431793,0.0618884649593404,0.0621908865116427,0.0637619874358146,0.0640311099739262,0.0663023513021626
2023-10-04,0.0208569483753552,0.0276962245019065,0.0333813759973359,0.0363184596058487,0.0405608607914641,0.0445427712500478,0.0460679323528725,0.047643373492054,0.0489859326071883,0.0503284917223225,0.0517064777687337,0.0530844638151448,0.0530565111664551,0.0617073361797124,0.0619876730816892,0.0638298108377396,0.0639309440740526,0.0662038190332575
2023-10-03,0.0196922231467541,0.0273896308136677,0.0326480235125882,0.0362022251051508,0.0402069718099895,0.0441351582329954,0.0456824029624434,0.047246650381226,0.048760015684713,0.0501767832028711,0.051534131150632,0.0529362268329345,0.0530647402938334,0.0608574484493768,0.0613580879276693,0.06344688150047,0.0634553945095281,0.0656259631779579
2023-10-02,0.0193632487685697,0.0265198235001443,0.0326476973617523,0.0362019542946006,0.0401312365693984,0.0439855160170576,0.0455631274162919,0.0471580752045287,0.0486552647550967,0.0500263751856169,0.0514313729233591,0.0528518101966809,0.0532999248418119,0.059773608759402,0.0600974327101149,0.0622032940885459,0.0638554125781034,0.0657875062743827
2023-09-29,0.018198652043563,0.0261537249111562,0.0321552489463982,0.035348741353415,0.0395770816386681,0.0438167518135911,0.0453357511261255,0.0468547504386599,0.0482743357208375,0.0496939210030151,0.051071778651356,0.0524647775925358,0.0530158922838442,0.059178258987039,0.0596137054413261,0.0618554400028664,0.0633922978677491,0.0652275453360472
2023-09-28,0.0178701324740585,0.0246702570104207,0.0318347560658305,0.03498899586264,0.0394392999451649,0.0437544133963705,0.0452935212580145,0.0467835086559891,0.0482013469112041,0.0496191851664191,0.0510017395888166,0.0523842940112141,0.0524117856556127,0.0589255698987215,0.0593341720680499,0.0613642502396189,0.0632452864254167,0.0651374868003257
2023-09-27,0.0178701324740581,0.0245413033693015,0.0315116051300027,0.0348661197042874,0.039329557539983,0.0437553689239552,0.0452090344199024,0.0466943013396745,0.0481834522794959,0.0496235103311913,0.0510278583804522,0.0523873868111197,0.0522067340428834,0.0587680506120939,0.0589219285384277,0.0612554119356571,0.0633613589535309,0.0651701255276784
2023-09-26,0.0224172386576013,0.0260240595807954,0.0270129062119321,0.0291889903008474,0.0329122309622313,0.0366039728843152,0.0386430165755744,0.0406820602668336,0.0424945645730367,0.0442871512495013,0.0459100934652089,0.0475683170334319,0.0477108109170893,0.053813294838541,0.054065401537318,0.056438090495492,0.0584536163155255,0.0600794979127449
2023-09-25,0.01687445428512,0.0245405655956312,0.0315109755778175,0.0346236572050448,0.0392089780725607,0.0437553689239803,0.04524936725625,0.0467433655885198,0.048251636926504,0.0497433338541806,0.051046830155644,0.0523503264571075,0.0522508944936701,0.0585518780471617,0.0588361556673931,0.0612513503102323,0.0633707564657461,0.0651705552186345
2023-09-22,0.0157091969540393,0.0245394590182945,0.0315075676628586,0.0346213315253269,0.0391998349444084,0.0437896416084203,0.0451881356898049,0.0465866297711896,0.0480851988474433,0.0495837679236971,0.0508770290624803,0.0521845018621293,0.052149060348167,0.0585719589919921,0.0584186086627519,0.0609616181135268,0.0632652357086266,0.0650441388148913
2023-09-21,0.0167051644097411,0.0240445087922398,0.0314216629273027,0.0343775766768065,0.0390965251569881,0.0436711276592722,0.0451098216356416,0.0465025998468076,0.0480837856788093,0.0496649715108109,0.0509291004352294,0.0521932293596478,0.0522584574181928,0.0582613916333898,0.0581136243200803,0.0606782014306535,0.063354663586914,0.0651384399972261
2023-09-20,0.0165458262350163,0.0240441474000166,0.0315485344944522,0.0341383228184046,0.0388861615400777,0.0435929757332812,0.0450771318608187,0.0465935522519983,0.0481987051443878,0.0497509409084567,0.0510376814728258,0.0522833558489705,0.0526090225648863,0.0580144365307544,0.058052241220416,0.0604282847646358,0.0634358495089063,0.0651973312177574
2023-09-19,0.017163226406405,0.025527120274456,0.0314210352096424,0.033895961579888,0.038843440993463,0.0437480218951875,0.0452987983832117,0.0468495748712359,0.0484274086027931,0.0499879035021354,0.0512448266455166,0.0525290742050583,0.0527905280070248,0.0583552262759934,0.0585290951798658,0.0609366491297894,0.0635549027647983,0.065358592644197
2023-09-18,0.0179099544610485,0.0263964365456442,0.0319978386957176,0.035666554526464,0.0398001537553224,0.0438977869996215,0.0454310339404406,0.0469642808812596,0.0486052826294777,0.0502282513914516,0.0514018724074145,0.0525754934233774,0.0529079771466684,0.058702545368487,0.0586759027282487,0.0611754581773258,0.0635262151632066,0.0653602133969062
