Date,3M,6M,9M,1Y,15M,18M,21M,2Y,27M,30M,33M,3Y,5Y,7Y,10Y,15Y,20Y,30Y
2026-08-18,0.08547264996484281,0.08755886032818691,0.08844874795977399,0.08652625933904913,0.08729323053023043,0.08755008544474839,0.08745490792290919,0.08755497176083347,0.08812201398083794,0.08857112298531283,0.08857644187969316,0.08847421502085277,0.09412632174286666,0.09473279758986912,0.09634008744002306,0.09811039412288584,0.09968108378125339,0.10125469819923837
2026-08-17,0.08547264996484281,0.08646778472724863,0.0875686315525259,0.08652625933908777,0.08729323053027405,0.0875664016739857,0.08748011781906724,0.08755464422886687,0.08813144691734419,0.08857654492580054,0.08859298903900902,0.08848149319377965,0.09423058397590474,0.0947410585761802,0.09639063184041717,0.0980767041560973,0.09965756366175096,0.10123519907270294
2026-08-14,0.0844352878002645,0.09010097276162655,0.08756863155254103,0.08650633267597233,0.08728927593022069,0.08751030368391176,0.08747285709338842,0.08755353934746234,0.08813449106830921,0.08855268675762207,0.08859332671042204,0.08848141062728183,0.09411429188326234,0.09465995223435042,0.09603005074592716,0.09816371699739422,0.09980778101251946,0.10134046024732773
2026-08-13,0.08412183249402813,0.09009002109992204,0.08756863155254103,0.08652625933908788,0.08728084032514243,0.08750363563183372,0.08746633554842448,0.0875483927145034,0.08813554213081505,0.08855393871318723,0.08858945341763069,0.08848185466258085,0.0942332564267116,0.09467646027396781,0.09599753588267329,0.09815519865711744,0.09980110902154687,0.10133543235579988
2026-08-12,0.08428826238592457,0.09011192796085744,0.08844874795969902,0.08652625933908777,0.08729868017039606,0.08749352749916092,0.087452663014404,0.08754311196983569,0.08812819201185021,0.08855304980193242,0.08856804171450859,0.08847859020342246,0.0940830533835487,0.0946077890958735,0.09603156857142088,0.0981787935022088,0.09981889724163516,0.10134906778403235
2026-08-11,0.08470920095138657,0.09011192796085744,0.08844874795976938,0.08652625933908777,0.0872967431444604,0.0875078745826029,0.08745228887416015,0.08755267908607939,0.08812194173591018,0.08854726784176081,0.088576441880411,0.08847421502194515,0.09420185090403624,0.09473348762675979,0.09608548138778462,0.09832025350878909,0.09995636673583028,0.1014843186494116
2026-08-10,0.08470920095138788,0.09011192796085789,0.08844874795976938,0.08656294312485854,0.08729674314446038,0.08750743899032741,0.08745191473711758,0.08755067474825834,0.08813137427754518,0.0885425224585825,0.08857644188041103,0.08848036112028154,0.09419748544967772,0.09469751928458565,0.09606406522458379,0.09833425329447065,0.09997023904493987,0.10149097847770713
2026-08-07,0.08482666397142716,0.09010097276163044,0.08844874795976938,0.08654299980474943,0.08728743938328798,0.08750718857371101,0.08744469856088197,0.08754875044004685,0.08813138279720319,0.08855264655342421,0.08857676072953424,0.08847972527824406,0.09409163154111587,0.0946861555784942,0.09606715125871708,0.09835040925549747,0.0999797947591981,0.10149761459011619
2026-08-06,0.08470920095138747,0.09009002109992223,0.08844874795976938,0.08656294312485864,0.08727814916109819,0.0875004010021267,0.08743822116365764,0.08754442886907729,0.08813192679912231,0.0885538212058693,0.08857288535267771,0.08848073867387424,0.09405992629269841,0.09460598016512821,0.0960472816431569,0.09837855686488832,0.09990769713754676,0.10139644993528737
2026-08-05,0.084846241079862,0.0901119279608577,0.08844874795976938,0.08656294312485864,0.0872961125745575,0.08749048996640273,0.0874500440999226,0.08753915367442905,0.08812470061575738,0.08855304859964566,0.08856804171450848,0.08847745673644135,0.09413625992231997,0.0946230785036713,0.09610145147547527,0.09849846354892089,0.09992601883894303,0.10142572112714913
2026-08-04,0.08434700068091609,0.0901119279608577,0.08679102556596982,0.08656294312485864,0.08729840986274888,0.08750482552773944,0.08749787051371223,0.08754870974601953,0.08812083280036549,0.0885472678417608,0.08860761858158145,0.08847308501239148,0.09417949553374116,0.09461674798116312,0.09615098924928613,0.09847620463423462,0.09990949635144157,0.1014162851083166
2026-08-03,0.08447426400346116,0.0901119279608577,0.08679102556595869,0.08656294312485864,0.0872978242239508,0.08750438996581815,0.08749749619287304,0.08754838225422179,0.08812993273222375,0.08854252245858252,0.08860761858158171,0.08848036112028149,0.09412197089608053,0.09452968597430234,0.09614743927407937,0.09850269704111271,0.09993308544828493,0.10142979056945635
2026-07-31,0.0843276524371274,0.09010097276163032,0.08679102556595869,0.0865429998047494,0.08728978104628642,0.08750422365630636,0.08749020858517532,0.0875480701540134,0.08813065540223773,0.0885526978145028,0.08860797303390375,0.0884808137177821,0.09453483300726834,0.09493134970967462,0.09656827743427616,0.09898278621419146,0.10030746257081356,0.10181738134159365
2026-07-30,0.08398476734059156,0.09009002109992216,0.08642484653839355,0.08617769624105466,0.08678659808851993,0.0870253384107384,0.0870206074624092,0.08711847717730313,0.08763046270557322,0.08804728315843413,0.08810240586466482,0.08789674812307069,0.0939970416563909,0.09434578281584766,0.096013987182723,0.09832073257221062,0.09974255639150814,0.10123169524347515
2026-07-29,0.0838574883150736,0.09011192796085792,0.08642484653839178,0.08617769624105244,0.08680557342133312,0.08701530533357649,0.08701414697029607,0.08711325678336265,0.08762411227710734,0.08804637483232267,0.0880985949118659,0.08789354196190763,0.09395464300658447,0.09439229550102915,0.09597010556807754,0.09833223709451665,0.0997508210634695,0.10123862205977809
2026-07-28,0.0838574883150736,0.0901119279608577,0.08642484653839178,0.08617769624105244,0.08680557342133312,0.08702944732932699,0.08702594358008434,0.08712270815184428,0.08761901227202229,0.08804065205738335,0.0880937035578036,0.0878892232097223,0.09392232458870982,0.0943613201423999,0.09596699877807945,0.09834331980649452,0.0997602882836232,0.10124739399724414
2026-07-27,0.0838574883150736,0.08851545034501701,0.08605929542561992,0.08581983405087912,0.0864411510090551,0.08668475996225193,0.08667389752163555,0.08684119693932675,0.08735433280019868,0.08776517768304445,0.08783104993261216,0.08761408895976194,0.09365622254488047,0.09407444179245615,0.09567834480721661,0.09805308905296624,0.09946966573421012,0.10094603418421144
2026-07-24,0.08481688004794845,0.08850487704055514,0.08603944052542396,0.08580022683593547,0.08642804113806198,0.08668424143392238,0.08667179214880255,0.08684087282045778,0.0873520164319799,0.08777498962323066,0.08783040569641075,0.08761452720159621,0.09379921415698074,0.09426543485557284,0.09581156623505484,0.09830493179723866,0.09961463298055191,0.10109948366966189
2026-07-23,0.08498327647491107,0.08734688453599186,0.0860592954256197,0.08581983405087863,0.0864178087771988,0.08669426046382347,0.08666639013486661,0.08683504548113018,0.08735184546358593,0.08778637895200846,0.08783138441392366,0.08761449949067321,0.0938207844269288,0.09424838884207998,0.0958662435758865,0.09828709022814557,0.0996007514932052,0.10108941141880225
2026-07-22,0.0851300948601834,0.08736748695722484,0.0859842981814917,0.0857555888176235,0.08643535570102728,0.08668546526135217,0.08666215064057296,0.08683276080232387,0.0873448496967954,0.08778624639380397,0.08782898124762081,0.08761331973921947,0.09385524918430059,0.0942608693065714,0.09583328392109228,0.09829218621254608,0.09960400517894334,0.1010928169076546
2026-07-21,0.08526712045132159,0.08760670078631289,0.08605929542561984,0.08581983405087878,0.08643473181514882,0.08669597143261491,0.08667167633850459,0.08683924796279555,0.08733943238522981,0.08777826507318232,0.08782273951621263,0.08760697057698638,0.09417800248159407,0.09459405779144212,0.09618349881499655,0.09861746926900584,0.09992972575612986,0.10142402483147661
2026-07-20,0.08526712045132115,0.08760670078631289,0.08605929542561984,0.08581983405087867,0.08643473181514874,0.08669553992689646,0.0866713061523842,0.08683892314187891,0.0873486831011913,0.08777358132407201,0.0878310499326116,0.0876140889597613,0.09429330407153186,0.09469646764065795,0.0962412846522214,0.09878088315070586,0.10008816102206906,0.10157175635044527
2026-07-17,0.08511038703029358,0.0875963418838092,0.08603944052542409,0.08580022683593565,0.0864265875647634,0.08669481772740872,0.08666977944567274,0.08683859905701183,0.08734916255413668,0.08778328744060471,0.08783078040410479,0.08761452720159622,0.09427443009317954,0.09470847205817517,0.0962826590090965,0.09881847768804632,0.10005010085992012,0.10154502638960299
2026-07-16,0.0851300948601836,0.08734688453601779,0.08605929542561994,0.08581983405087884,0.08645450540933833,0.08672900443909992,0.08666380306741249,0.086832774978585,0.0873475883896933,0.08778427469572114,0.08783136018946973,0.08761449951684346,0.09444736010744784,0.09478840546598577,0.0963113128446421,0.09885306733080447,0.09985273742499519,0.10142910174587018
2026-07-15,0.0852671204513213,0.0876067007863147,0.08605929542561978,0.08581983405087873,0.08647210989524755,0.08671663216533644,0.08665740134068262,0.08682758959506442,0.08734058309440186,0.08778194758532494,0.0878275282319261,0.0876113580024132,0.09435090076830241,0.0947834172072041,0.0962984882505412,0.098804420331157,0.09989952664106877,0.10146303575812013
2026-07-14,0.0852671204513213,0.08760670078631294,0.08605929542561978,0.08581983405087873,0.08647210989524745,0.0867307620792934,0.08666908510206787,0.08683697426740732,0.08733552183368558,0.08777619330529332,0.08782273951621261,0.08760697057698641,0.09435092755776213,0.09478342677217969,0.096271315745694,0.09881285185127389,0.09981293434211076,0.10154424927868627
2026-07-13,0.08624573706668397,0.08760670078631294,0.08605929542561978,0.08575558881762349,0.08646765280193852,0.08673033041545306,0.08666871493808205,0.0868395612349341,0.08734225226240389,0.0877715118179383,0.08783104993261162,0.08761605106182216,0.09434862540534557,0.09478490658501217,0.09627105831636552,0.09881369109534364,0.09981655701735505,0.10154381019931143
2026-07-10,0.08647001325537668,0.0875963418838092,0.08596447749860656,0.08566261538913808,0.08638290719859923,0.08665375931103907,0.08666931265266468,0.08677533087462054,0.08726752665550351,0.08770627024261664,0.08783215626412115,0.08762280093495883,0.09435550270710784,0.09476083285965675,0.09627866765205347,0.0988190134082998,0.09981760938118434,0.10154448567825983
2026-07-09,0.08649035350791313,0.08758598623501071,0.08598429818149181,0.08568216063952722,0.08637361740494703,0.086646392602387,0.08666338586121207,0.08676957856219535,0.08726792274556848,0.08770702909178268,0.08783282040574683,0.08762277456865918,0.09435548544400527,0.09475885070703459,0.09626559215384176,0.09868832772515192,0.09930219980218737,0.1014076033400681
2026-07-08,0.08649035350791313,0.0873674869572247,0.08598429818149181,0.08568216063952722,0.08639178680230428,0.0866416495511932,0.08665698497540654,0.08676439933176583,0.08726122739539596,0.08770936235932045,0.08782902992915453,0.0876195830127222,0.0942806306346236,0.09471479516330288,0.0963117570686737,0.09882813896511093,0.09982392528720961,0.10154975180939389
2026-07-07,0.08551179723645187,0.0871282442778662,0.08550609146769733,0.08568216063952722,0.0863962392748404,0.08665938490179072,0.08668252636502748,0.08677377245270446,0.08725868294279994,0.08770582393029855,0.08783310257940652,0.08761527299946087,0.094259085034476,0.09470608640835548,0.09631637615586941,0.09883061196828055,0.09982662544152189,0.10155374465449817
2026-07-06,0.08566838246023033,0.08772151317873213,0.0855717378483101,0.0857555888176234,0.0864702822180294,0.08672556431323891,0.08674700266656209,0.08683728759937825,0.08734170170285858,0.08777044991515788,0.08790609574195313,0.08769643944495266,0.09432966187313963,0.09478055367983439,0.09636239425076787,0.0988811873789943,0.09992885949061135,0.10164716784542036
2026-07-03,0.08564842555042393,0.08771112730782231,0.08541149390852433,0.08566261538913726,0.08638673070633011,0.0866491541621285,0.08660603462296815,0.08677360936583878,0.08726765770572223,0.08770530252017193,0.08776694837092909,0.08755283209087918,0.09418995013470573,0.09463636262985396,0.09620896999288796,0.09874462846045821,0.09978723185955732,0.10150159246216582
2026-07-02,0.08566838246023044,0.08789199390500123,0.08543106307122877,0.08568216063952727,0.08637734103661733,0.08663910633866845,0.0866005331554548,0.08676730989007324,0.0872680042742058,0.08770441017076729,0.08776785679799821,0.08755247537562322,0.09418971686895054,0.09463423355351344,0.09625002981062616,0.09876507974983602,0.09976051692600521,0.10148243794027131
2026-07-01,0.08554115743666352,0.08753015549948952,0.08543106307122877,0.08568216063952727,0.08639610566834172,0.0866361813848139,0.08659412559539172,0.08676213389204951,0.08726162986545653,0.08770784323451815,0.08776402625086278,0.08754933453407722,0.09423377179533035,0.09466815929841432,0.09622401423469891,0.09876105670875081,0.09975668065631631,0.10148088248290922
2026-06-30,0.085913034500764,0.08773190231768803,0.085515897530741,0.08568216063952727,0.08635703476403045,0.08668683067516401,0.08664474148866225,0.08680028611303815,0.08729649058672333,0.08773347161842004,0.08780566374707752,0.08757333187384372,0.09422957485833391,0.09464124253509482,0.0962264910620111,0.0987281083717957,0.09975106500370924,0.10155214061083355
2026-06-29,0.08578581732249856,0.08754049968839554,0.08551589753074026,0.08568216063952727,0.08635761336598019,0.08668971140725143,0.0866443708730496,0.0867999614633586,0.08730604456607825,0.0877437927106848,0.08780566374707677,0.08758045012738101,0.09421521281756007,0.09458368469008285,0.09634702636263462,0.09888741040166157,0.09933992016307891,0.10114376908549283
2026-06-26,0.08562886181948026,0.0871562692162729,0.08536580248366744,0.08558921483125133,0.08634939479646389,0.086688281949053,0.08664153376492092,0.0868034138612938,0.08730654352412134,0.08774746567555587,0.08780878615381373,0.08758343301987803,0.09420880721705763,0.0945833578317532,0.09630910746856941,0.0988182612675229,0.09938944013447296,0.1011785711231815
2026-06-25,0.08564880964522895,0.0868512980987419,0.0852907486408665,0.0856087270693376,0.08634006656664045,0.08668462883774906,0.08663726047050242,0.0867971439041988,0.08730693894333758,0.08775032884444568,0.0878063425035408,0.08758309623773829,0.0942734294377798,0.09471495661196781,0.09646426875801534,0.09898424405815325,0.0995032021458639,0.10129800985737338
2026-06-24,0.08564880964522895,0.08669810984319333,0.08529074864086723,0.0856087270693376,0.08635823651774105,0.08670239334802303,0.08664900398355471,0.08679196170975192,0.08730019359419414,0.08774579373364051,0.0878015191871636,0.08757991578745841,0.09427423197440128,0.09471943165284727,0.09644985852070001,0.09895434589087258,0.0995218023859029,0.10131221189893586
2026-06-23,0.08564880964522895,0.08669810984319333,0.08529074864086723,0.0856087270693376,0.08635823651774105,0.0867023933480231,0.08664863335922197,0.08680134049341942,0.08729514094387067,0.08774110377490368,0.08780986251910029,0.08757556978426817,0.09427427322160008,0.09471945163939115,0.09642265754433414,0.09889482994681471,0.09956144931332415,0.1013421536868573
2026-06-22,0.08564880964522895,0.08653533442916801,0.08522507307207132,0.08539757551223146,0.08607786021356231,0.08656304317300322,0.08649758349015484,0.08666663754173197,0.0871625493287303,0.08768986398801262,0.08774022771482193,0.08752760064643546,0.09413651738732987,0.09467106965594595,0.09640894233993899,0.09885767327224075,0.0994781006302678,0.10125921416250919
2026-06-19,0.08535495923606422,0.08635240488831668,0.08504679455003858,0.08548828021812667,0.08617305508786158,0.0865962192910739,0.08653370724119751,0.08670037041925861,0.08719713250685861,0.08765008682717366,0.08770175014231327,0.08748257662043687,0.09421552946028185,0.09460943060522913,0.09626219080785663,0.09879129244595941,0.09947869636511929,0.10124737030098561
2026-06-18,0.08554115743666159,0.08621932069837263,0.08497172279671765,0.08543430072500915,0.08612569526859412,0.08655235834026534,0.08649131053944564,0.08665885027647484,0.08716002098380506,0.08761411760746399,0.08766164572308655,0.08744649533531437,0.09414663828736991,0.09449216498699604,0.09623234628939539,0.09873901504198104,0.09928542371538542,0.10122542948006415
2026-06-17,0.08517903311458674,0.08621932069837307,0.08497172279671765,0.08543430072500938,0.08614541759978805,0.08656779421981606,0.08650301993438998,0.08665368500762301,0.08715426713356027,0.08760809402524128,0.08765685338408818,0.08744332788742608,0.09393134961535751,0.09419435130976052,0.09598146865573376,0.098762893208926,0.0995397207092418,0.10148875776178148
2026-06-16,0.08480708724045782,0.08621932069837307,0.08497172279671765,0.08543430072500938,0.08614710519356547,0.08656779421981606,0.08650264994555372,0.08666303154981998,0.08715017864273399,0.08760341709408759,0.08766517607380311,0.0874389849065804,0.09393137917190925,0.09419436297375242,0.09595431728504808,0.09877132883939949,0.09915031117816475,0.10120073968560059
2026-06-15,0.08480708724045738,0.0860565062037516,0.08485910726256214,0.08518637936073228,0.08604428650132022,0.08620148468743222,0.08636246520207747,0.08652996524647313,0.08701833733931696,0.08740661398023569,0.08744627002513065,0.08723130957618222,0.09362704668193723,0.09392266276286616,0.09576286857500663,0.09857166436207192,0.0991588396387964,0.10112353941430308
2026-06-12,0.08478752812941838,0.08579716449861158,0.08507494537082255,0.08516705646423392,0.08603545077969109,0.08619804529142808,0.08634915950977776,0.08652995556672413,0.08701851113468034,0.08740891882089935,0.08744270777667237,0.08723195668293389,0.09362988668420756,0.09391973058431743,0.09572309805514476,0.0985690068257269,0.09917485044034108,0.10113482767666467
2026-06-11,0.08480708724045752,0.0858170489770263,0.08485910726256221,0.08511290937317952,0.08595148696388928,0.08612358797558212,0.08627268974999884,0.08645040069067286,0.08694476165210445,0.08733344606275616,0.08737767556254744,0.08715824749840038,0.0935991376693893,0.09388539832569333,0.09568979106988078,0.09848321930787932,0.09907025488630106,0.10054746638470065
2026-06-10,0.08468962340375555,0.0858170489770263,0.08485910726256206,0.08511290937317963,0.08597003637259866,0.08613887270017254,0.08628432298069702,0.08644525629343343,0.086938258391175,0.08732776208966705,0.08737265395665011,0.08715510941767053,0.09355673680234271,0.09388418092655122,0.09577715823470691,0.09866382749234263,0.09911804540447834,0.10049125010157144
2026-06-09,0.0848853945328795,0.08514641576056518,0.08485910726256206,0.08514964504168338,0.08596915000391112,0.08614890590795583,0.08628395393831588,0.08645290599683893,0.08693274895267822,0.08732922173277012,0.08738091232987927,0.08714966996812051,0.09357761556509483,0.09384474777189328,0.09579501309842751,0.09844077405464462,0.09929188065589037,0.10062349125767302
2026-06-08,0.08488539453286408,0.08552966235189934,0.08485910726256206,0.08514964504168115,0.085969150003911,0.08614317180171176,0.08628358489909149,0.086452582671823,0.08694189187016026,0.08733424816394598,0.08738091232987905,0.08715671981407684,0.09357413162621787,0.09384527204577255,0.09573992407407197,0.09840866824085993,0.0992401657744774,0.1007222623113705
2026-06-05,0.08416130100706529,0.08512683862458886,0.08471832450438323,0.08491918437440535,0.08588873704000674,0.08606620698418661,0.08621376844229306,0.08631823321699109,0.08687943744753739,0.08726301862281678,0.08730807922914999,0.08717261883539093,0.09361931288255665,0.09389240474441685,0.0957737586029009,0.09840709261293079,0.09921479278442141,0.10070445691438894
2026-06-04,0.0841805732530894,0.08514641576014313,0.08468077993177271,0.0849383965161908,0.08587955499234672,0.08605794981257658,0.08620847677444043,0.08631205923306233,0.08687996840972083,0.08726290892320031,0.08730510216515812,0.08717226639275706,0.09366228099766598,0.09393165606002371,0.09581436869962187,0.09844714740929161,0.09925446387404631,0.10074409932604679
2026-06-03,0.08418057325308896,0.0852422343120625,0.08479341048685633,0.08508535673617129,0.08589755279810515,0.08607180856954984,0.08621686546263023,0.08636748751717202,0.08687306576022362,0.08725634785420586,0.08737774339434642,0.08716060173938628,0.09372231507196653,0.09400600114115562,0.09584162826535697,0.09835923833870333,0.09945970376237233,0.10091626167257484
2026-06-02,0.0845917893752936,0.08562546249462823,0.08479341048685277,0.08472710335534388,0.08575550830546538,0.0859242144164622,0.08606390272982269,0.08617214338074919,0.08671814642133176,0.0871079059516031,0.08723533840313497,0.08711023778636648,0.09384274854397101,0.09411571534439608,0.09593055077586486,0.09846073838664979,0.09879022533202225,0.10004316264379806
2026-06-01,0.08471903945675884,0.08610439419947967,0.0848966468279167,0.08490165308637161,0.08579241984053393,0.08594544132572843,0.08609872873633022,0.08627914731386634,0.0867640827448106,0.08714994652156931,0.0873508631682678,0.08713516034038647,0.09407654368034442,0.09435805981869458,0.09619360415001472,0.09868697859536688,0.09800693847537865,0.09998565877701829
2026-05-29,0.08399550760960933,0.08455209226677564,0.08439865334343107,0.08460696124658242,0.08549690663777643,0.08568382918295238,0.08580991209849922,0.08591728271948536,0.08641006121052473,0.0867937680690581,0.08698443809564262,0.08678509146876826,0.09370603349318182,0.09400746574587182,0.09572287951261572,0.09825580116616059,0.09732995740437174,0.09922993026614624
2026-05-28,0.08418057325308917,0.08415926833173283,0.0837417469110208,0.08377113306467783,0.08462678838853302,0.08487774107013636,0.08502944039652544,0.08521011013348924,0.08570211233521005,0.08615979452836778,0.08635224623381502,0.08623211054106075,0.0933283915514758,0.09337977852837295,0.09535990492493479,0.09785189025476537,0.09584885117250656,0.09786738588648514
2026-05-27,0.08446447466204295,0.08417840454014333,0.08365728272060458,0.08363317729307893,0.08449326686404136,0.08472810331232283,0.08494920104901733,0.08506721519782826,0.08554617447469615,0.08601940970483529,0.08620894622332777,0.08609100664162374,0.09265051694294861,0.09315765318136111,0.09441843139696711,0.09610795126911223,0.09682044882385657,0.0983510035747214
2026-05-26,0.08460152324387384,0.08398670475215589,0.08361035181722855,0.08363317729307893,0.08449265756609974,0.08474573171423826,0.08494474582747202,0.08507622160705954,0.08554097849921008,0.0860155782530336,0.08621046067145559,0.08608681722326515,0.09260746458737931,0.09312826775930529,0.09440288119247034,0.09612385713795872,0.09683325276724064,0.09836173282662537
2026-05-25,0.08383790656410707,0.08360324959094732,0.08353525096859979,0.08355959309893092,0.08449605276814136,0.08475142428791495,0.08488167513851039,0.08507916873953156,0.0855517373238723,0.08601453376468361,0.0862112954687508,0.08609596125424795,0.09260533362648472,0.09312975227310791,0.09440266542452276,0.09612455332814271,0.09683641529733715,0.09836137208763414
2026-05-22,0.08369104035108173,0.08359380944864918,0.08346014585485725,0.08346743380721115,0.08442250475227774,0.0846758069437581,0.08481591538296293,0.08500547632865861,0.08548717655255741,0.08594743526699827,0.0861407615567232,0.08602293656086951,0.09248023226279119,0.09306084041328547,0.09437552266817502,0.09604138213193415,0.09666187587622282,0.09820296838686152
2026-05-21,0.08369104035108303,0.08339270264072185,0.08337571018473053,0.08342160813907228,0.08433897212023507,0.08459558404159778,0.08474159011117219,0.08493530870584397,0.08541344644565572,0.08587456992432699,0.08606690532088207,0.08595838921585117,0.09241547484422168,0.09299430307348544,0.09428433236085758,0.095869169871219,0.09665693702504692,0.09817772213650333
2026-05-20,0.08369104035108259,0.08341149421056206,0.08344146278186776,0.08342160813907228,0.08435632246018558,0.08458801468163078,0.0847336513514418,0.08493033705482501,0.08540679977069274,0.08587470945604614,0.08606611406392267,0.08595534542485896,0.09239475880731333,0.09300182854912328,0.09419167170649774,0.0958512701265362,0.09661328201520966,0.0981360127268084
2026-05-19,0.08423931314245402,0.0826922464010986,0.08302820865669247,0.08342160813907228,0.08435388883096526,0.08461344118348023,0.08473936701086243,0.0849393162469873,0.08540059194460688,0.08587567335546063,0.08607418714888652,0.08595106380642692,0.09229769769917012,0.09300401808829024,0.09415016557335446,0.09569418621339083,0.09633389737648576,0.09789113149461862
2026-05-18,0.08423931314245357,0.08269224640109837,0.08302820865669232,0.08342160813907228,0.08435388883096526,0.08461344118348023,0.08475048134979321,0.08493899860758897,0.08540940075252212,0.08587115854456168,0.08606935308697265,0.085957982693586,0.09225101924298582,0.09301071267126733,0.09420746178590071,0.09559707137630798,0.09636347675166697,0.09790921377054577
2026-05-15,0.08402430036033241,0.08268300945262146,0.08302820865669232,0.08325592622433385,0.08413080891882974,0.08439554373834225,0.08452976942249299,0.08472469016340796,0.08519622865187147,0.08566337912751637,0.08577670866492183,0.08566475095148691,0.09200494195730546,0.09271145684563663,0.09386069777813592,0.09530559947296668,0.09608876603108495,0.09762276979176873
2026-05-14,0.08400434836671522,0.08224229234993852,0.08301896118600136,0.08342160813907228,0.08433758745151503,0.08461214664251544,0.08474954633050409,0.08493308839879286,0.0854106729504331,0.08588293958309502,0.08607371042366904,0.08595838232349622,0.0922320700297031,0.09300892520515958,0.09419752395170408,0.09558757309349998,0.09637395438619151,0.09791614295316517
2026-05-13,0.08368124907690386,0.0824524391674466,0.08300971644712693,0.08342160813907228,0.08435636592403081,0.08460218005959382,0.0847438149730857,0.0849281199081556,0.08540484043933237,0.08588163188271956,0.08607436033978878,0.08595532874729055,0.09222212660629382,0.0929791312837366,0.09413749692839044,0.0955813507207126,0.09629658962099329,0.09781230384475034
2026-05-12,0.08351479371865242,0.08245243916745278,0.0830282086566924,0.08342160813907228,0.08435710484258853,0.0846169967464832,0.08473684601343336,0.08493709282108693,0.0854004222915937,0.08587605209969967,0.08607417930405653,0.08595106380642685,0.09229769770981686,0.09296822155999428,0.0941027648656499,0.09555094270107535,0.09631443015696896,0.09782648222071914
2026-05-11,0.08319165455604956,0.08264428727351597,0.0830282086566924,0.08342160813907228,0.08425557979593966,0.08450998097291089,0.08463336664780942,0.08482152618051697,0.08529809510440071,0.08576677773194294,0.08596618429688066,0.0858442836503096,0.09213803775193886,0.09286264105680132,0.09398084805084644,0.09544617622120428,0.09620995427391439,0.09771447226614588
2026-05-08,0.08332943693956019,0.08263506096164658,0.0830282086566924,0.0835409911197403,0.08431175104538004,0.08457629596831076,0.084708673860807,0.08489261966947606,0.0853724917248023,0.0858499529174226,0.08603566211646656,0.08591684657475922,0.0922567540847634,0.09292651465253773,0.09405057620637315,0.09551790702402044,0.0962802239927474,0.09778784099219871
2026-05-07,0.08368124907690105,0.0826258373864654,0.08301896118600123,0.08355959309893082,0.08430159322508513,0.08456881998142778,0.08470870183404669,0.08488635781599486,0.08537215343848156,0.08585019914562438,0.0860359146593635,0.08591634682089765,0.09225642807662511,0.09292438164201273,0.09405088492117092,0.09536947056929854,0.09623628867467056,0.0977771954641397
2026-05-06,0.08383790656410713,0.0826442872735199,0.08300971644712674,0.08355959309893071,0.08431823289124964,0.08456148076098022,0.08470298527143305,0.08488140721161413,0.08536530972080983,0.08585049542566212,0.0860365660358459,0.0859132957555733,0.09233278657576367,0.09291781134628394,0.09404235738085319,0.09533071242792347,0.09624640195536864,0.097785186450778
2026-05-05,0.08383790656410713,0.0826442872735199,0.08302820865669237,0.08355959309893071,0.08431823289124964,0.0845762723198437,0.08469614461803122,0.08489034487330513,0.08536048249633109,0.08584492677538112,0.08603646058340206,0.08590904863857303,0.09225733165247933,0.092928785115709,0.09400980126508933,0.09534834441759116,0.09626055688179927,0.09779682706315433
2026-05-04,0.08400434836671512,0.0826442872735199,0.08302820865669237,0.08355959309893071,0.08431749443985938,0.08457627231984362,0.08470722938024024,0.08489002743365974,0.0853688587700067,0.08584041813522857,0.08603163993960877,0.08591595230479925,0.09211361646668492,0.0927590311524883,0.09375103408679322,0.0952028445759472,0.09611353150441072,0.0980679939262222
2026-04-29,0.08401394871365861,0.0830372421749209,0.08303745886055998,0.08355959309893071,0.08431465504265151,0.08457143310313656,0.08469670249386892,0.08487919145796802,0.0853560956544939,0.08583979473114144,0.08603822240313941,0.08591330075843502,0.09214941189185955,0.09275383070204139,0.09388242709144876,0.09515778642001554,0.09607576550997804,0.09804206054479307
2026-04-28,0.08401394871365861,0.08303724217491093,0.08303745886055983,0.08355959309893071,0.08431465504265141,0.08457143310313654,0.08470780598313893,0.0848881228456412,0.08536488877553192,0.08583528686640036,0.08603338884161547,0.08590904863857309,0.09241918787601909,0.09301245707610901,0.09409293707586089,0.09539930503223769,0.09633773542519522,0.09830483069768
2026-04-24,0.08433709542285563,0.08256793111653521,0.08326297463512361,0.08354099111974009,0.08429590157117697,0.08457036237170966,0.08470014737160125,0.08488794714517156,0.08536463302208634,0.08584718608662903,0.08603338697115812,0.08598705026993918,0.09248704693471677,0.09307740216194095,0.09415947683437237,0.09546658937487655,0.09640499043364771,0.09837086846265915
2026-04-23,0.08433709542285518,0.08282620209244672,0.0832536753435549,0.08355959309893073,0.08431324935902014,0.08455971967437821,0.08469437756310634,0.08494912828347387,0.08543613184479175,0.08591457847988825,0.08611378148022092,0.08598271835452001,0.09252738484826807,0.09306718758784562,0.09415401029427405,0.09544641191903833,0.09640977299038986,0.09837396550859955
2026-04-22,0.08425875921732828,0.0828262020924465,0.08327227668275175,0.08359638587283531,0.08435102117342007,0.08461240639030261,0.08472567702552697,0.08498094477917512,0.0854686308137114,0.08594645436813941,0.08615136265623918,0.08601650346090993,0.09264077887620398,0.09318091581957212,0.09424706574013977,0.09550675227025611,0.09647329091672395,0.09815654873838188
2026-04-21,0.08415104443656199,0.08246162570999842,0.08327227668275146,0.0835963858728342,0.08435148994685779,0.08461776281307481,0.08473676479391255,0.08498989944004448,0.08547771502204962,0.08594520277039543,0.08614653130840007,0.08601214332059456,0.09309450905118533,0.0936156528656091,0.09466853022589565,0.09591868672794374,0.09679340975714697,0.09849857912572944
2026-04-20,0.08366139533620631,0.08303724217491085,0.08327227668275146,0.0835963858728342,0.08435362105604532,0.08460930621794435,0.08473640301266828,0.08498958164476099,0.08547863405892067,0.08594829820954779,0.08614248104706698,0.08601906612098136,0.09271278623752031,0.09314658371831736,0.09424283802503619,0.09545438025739637,0.0964970660825773,0.09846011217942792
2026-04-17,0.08366139533620631,0.08301861626568388,0.0832629746351212,0.08357776773598259,0.08433624462978083,0.08460197365325615,0.08473565958229508,0.08498976020253286,0.08547946175565581,0.08594812496610156,0.08615079329347015,0.08601983159878253,0.09314781590414974,0.09350985160799953,0.09454656522167977,0.09587295397250419,0.09688062108185198,0.0988464509968409
2026-04-16,0.08366139533620631,0.08303724217491093,0.08325367534355473,0.08359638587283413,0.08435362105604528,0.0845944905571826,0.08472990056922769,0.08498368303480831,0.08547295083795377,0.08594833893901764,0.08615141248212392,0.0860195117515234,0.09301791419861967,0.09352666362824745,0.09454692398044962,0.09585369948108738,0.0968839981304361,0.09884550649938603
2026-04-15,0.08454272068350918,0.08303724217491093,0.0832722766827517,0.08366996735976555,0.08442464339988057,0.08460930621794437,0.08479949373673022,0.0849754740739261,0.08553048569567649,0.0859427608331054,0.08622688210889802,0.08601419443706615,0.09312532658255009,0.09347851001624177,0.09450079253083775,0.09576373291449378,0.09693660741641787,0.09888371122879108
2026-04-14,0.08542385242177516,0.08342089421609629,0.08327227668275153,0.08380791805640499,0.08448630018795004,0.08475514665104397,0.08487742047040994,0.08513191871578288,0.08561189912811516,0.08608460046496878,0.08628793473890949,0.08615735264120816,0.09329513792179762,0.0936589049505782,0.09473367168432088,0.09592415611249043,0.09692175038939639,0.09923684949804613
2026-04-13,0.08552174400076716,0.08342089421609629,0.08327227668275153,0.08366996735976422,0.08434552563827291,0.0846036712582735,0.0847338706304588,0.08498409582178933,0.08547207289522082,0.08594304913029126,0.08614248104708432,0.08601686058832482,0.09312182413304783,0.09355066371876249,0.09460718491499459,0.09576385304660023,0.09676545503823936,0.09907416184343679
2026-04-10,0.08552174400076805,0.08416883499081013,0.08279340099480254,0.08365131688892763,0.08432818456317742,0.08458489231337259,0.08474601449401596,0.08498480483827638,0.08547281035508716,0.08593584382691605,0.08615916258615795,0.08601798476461542,0.09321145894369796,0.09353522972410966,0.09463950062175891,0.09574546701069171,0.09674879376409412,0.09906221986742397
2026-04-09,0.08483645277084731,0.08457140776184266,0.08278420521241316,0.08338480893393117,0.08409583605531414,0.0843165621248729,0.0845199748064838,0.08476999143854201,0.08517832973594346,0.0856403912560416,0.08586268696436657,0.08573757049132111,0.09288802572937142,0.09327274043122077,0.09426943370187307,0.095498665802622,0.09649240277513522,0.09878836219420856
2026-04-08,0.08483645277084687,0.08485893248224496,0.0828025994876264,0.08338480893393106,0.08417070637019487,0.08440271749594029,0.08473398492263245,0.0849858618122888,0.08539402491375744,0.08578619398521256,0.08601071806044988,0.08587209352719868,0.09295160871710652,0.09339059524604548,0.09440841915886909,0.09565175742153753,0.09664281001385248,0.0989421122044137
2026-04-07,0.08483645277084687,0.08485893248224585,0.0828025994876264,0.08338480893393106,0.0841707063701955,0.08440271749594074,0.08474509788472821,0.0849948294070039,0.08540282729149193,0.08578170815789042,0.08600563754700766,0.08586775533326443,0.09299487177683542,0.09333663821993748,0.0943996397444041,0.09557597298531448,0.09668689140067448,0.09897540689797797
2026-04-06,0.08483645277084687,0.08495476484567765,0.0828025994876264,0.08309956916957471,0.08388056152876416,0.08418359516675171,0.08452514431296514,0.08464218687721593,0.08504631589861324,0.08541571946764218,0.08562526677559555,0.0855130592152562,0.0925857211844604,0.09298235549202183,0.09405553871798546,0.09516288848964849,0.09634548875125573,0.09861115423660617
2026-04-03,0.08483645277084687,0.08445628492712358,0.08208872776040554,0.08265794410416986,0.08335805822356489,0.08382374791644034,0.08417117890082279,0.08421938530439046,0.08461350705947103,0.08498507014130702,0.08512847733393465,0.08502025274082091,0.09218113893602693,0.092570372807725,0.093551063580223,0.09463157204244921,0.09601537601912388,0.09823959110078442
2026-04-02,0.08483645277084687,0.08505059260481872,0.08207968624638054,0.08271298546018357,0.08337500384212558,0.08380803212989194,0.0841643676011973,0.08421156069916223,0.08460719621857282,0.08498021136835861,0.08512850145876118,0.08501855311189188,0.0921800169881744,0.09250815827598019,0.0934952051842843,0.09466076509890343,0.09603803257389536,0.09825546296788555
2026-04-01,0.08429792751131117,0.08506017512752609,0.0820977719172622,0.08235388100748994,0.08316192674289209,0.0835287854892337,0.08409278904910221,0.08414558048036617,0.08461425834310589,0.08514797258681255,0.08529342771091408,0.08518142440473954,0.09226235745325674,0.09267509861663471,0.09369057073180587,0.09479828308324874,0.09617699379139681,0.09840103956738898
2026-03-31,0.0842979275113321,0.0848972659801609,0.08178752917247678,0.0827129854601851,0.08302143574344481,0.08353114445570298,0.08367347667077926,0.08377361012900833,0.08411286165054194,0.08438522850315913,0.08455081803667694,0.084414899338877,0.09155796854803254,0.0919326449708581,0.09291631657568661,0.0940805185593462,0.09545198182109502,0.09765322119412234
2026-03-30,0.084288262385924,0.08425507926852592,0.08178752917247427,0.082215729565752,0.0823775194264286,0.0829518914229731,0.08286146517952866,0.08305519944568483,0.08339491483619461,0.08366144766850289,0.08382469675195257,0.08370606353563673,0.09087008279801499,0.09121438313693529,0.09213150572495027,0.09338299122414258,0.09474443857367403,0.09691347790199818
2026-03-27,0.08410258703606031,0.08376633470915737,0.08239883024390127,0.0819859352634276,0.082220097751279,0.08281680436552487,0.08270074313656398,0.08291007863827253,0.08324617125794369,0.08352240428389716,0.08366836904193307,0.0835708034833026,0.09073544563991671,0.0910739837542208,0.09206096521943063,0.09322377032765139,0.09458553342201617,0.09675489088772912
2026-03-26,0.08379874277222361,0.08295179173742642,0.08207968624638039,0.08122047537125547,0.081350931811724,0.08191157584620726,0.08199690811958014,0.08227565541165607,0.08261511522393893,0.08289596990064746,0.08302542787328228,0.08277846697128544,0.09001772924477422,0.09027173020460517,0.09110481851920645,0.09247683006778941,0.093819665227931,0.09581302443886935
2026-03-25,0.08379874277222361,0.08297038647820433,0.08209777191726214,0.08136798295433462,0.08136704119090468,0.08190468731013908,0.08199129656115628,0.0822647245888093,0.08260970564962469,0.08289634559644272,0.08302558460309271,0.08277147829804128,0.08990790781029558,0.08999303265354226,0.09115521340518412,0.09252445434625542,0.09385602283049296,0.09497863350626001
2026-03-24,0.08379874277222361,0.08281693470665207,0.08178752917248087,0.08115593396100651,0.08115130077884034,0.08170257180971852,0.08179134499232016,0.08206102877741668,0.0823910613999424,0.08267644644565555,0.08280950482818807,0.0826356912623512,0.08973017129538984,0.08989901013313348,0.09113591558199886,0.09239524851843697,0.0937300899630757,0.09485656789233099
2026-03-23,0.08379874277222361,0.08225097868523147,0.08115741921991848,0.08062100196761574,0.08074787074448285,0.08130286398819653,0.0814072240431849,0.08167974880548905,0.08200847258359303,0.08228360706620538,0.08242033818094638,0.08224873932502058,0.089416710761682,0.08964526883267013,0.0908072392443037,0.09219668493528464,0.09351925380813678,0.09462547682058545
2026-03-20,0.08377964432505394,0.08224183937525194,0.08114857898052058,0.08060366844331965,0.0807398799010878,0.08130275371053955,0.08140713726111992,0.08167906045971635,0.08200806622342649,0.08229050716818181,0.08242650237735309,0.08224889247311844,0.08938672005162193,0.08954029892979855,0.09093703373886745,0.09221211099764993,0.09353314071664877,0.09464116272722889
2026-03-19,0.08379874277222346,0.08223270276348345,0.08113974129553622,0.08062100196761549,0.08073201247451092,0.08129587470192895,0.08140148540191328,0.08167428339682024,0.08200824543897378,0.0822908635005835,0.08242658919980773,0.08224915441699619,0.08944076392189483,0.08947205776797859,0.09082334953649372,0.09225361321853003,0.09356534050060243,0.09466301228927586
2026-03-18,0.08379874277222346,0.08225097868523122,0.08084695656923259,0.08040879450173251,0.08053203481191298,0.0810712368002886,0.08118475282610266,0.08138072643473529,0.08171061847329295,0.08214456817333209,0.08228482575859321,0.08211882914516,0.08939586687469407,0.08933065586220261,0.09071881403273992,0.09209771977074528,0.09341089912777478,0.0945111384908494
2026-03-17,0.08347562673703912,0.08225097868523122,0.08084695656922758,0.08040879450172962,0.08053340080624809,0.08108471220857082,0.08119584291178929,0.08138885189468802,0.08170697401362162,0.08213921101386733,0.08228042828386532,0.08211495954178122,0.08935282771459631,0.08933666695229737,0.09068318231278101,0.09211235445030348,0.09342288229182272,0.09452116491308565
2026-03-16,0.08379874277222382,0.08225097868523122,0.08084695656922758,0.08040879450172962,0.08053203481190736,0.08108471220857082,0.08119584291178922,0.08138854760430925,0.08171421016251469,0.08213512181381369,0.0822767610807033,0.08212123219140802,0.08972680703500953,0.08978144250198222,0.09115153279093154,0.09251887185740558,0.0938328250675438,0.094930954825014
2026-03-13,0.08377964432505365,0.08224183937525217,0.08051830517745431,0.08031776026654115,0.08045840516710473,0.08101820415330319,0.08112780289255177,0.08139130449315993,0.08171690311224566,0.0821453961850363,0.08229259729962338,0.08212370488995546,0.08957972753317117,0.08982414110156679,0.09109685600304057,0.09254806701494257,0.09385298382593565,0.09494477655776201
2026-03-12,0.0837987427722231,0.08223270276348321,0.08050960286449554,0.08026114535275086,0.08037553979218794,0.08101137876137998,0.08112198377019464,0.08138937032801606,0.08172062007940675,0.0821457897312989,0.08229256105379384,0.08212585630519957,0.08958115747603924,0.08995360509662241,0.09150048947666199,0.09269154050742785,0.09407005533469535,0.09529606490228203
2026-03-11,0.0837987427722231,0.08177122850418908,0.08021639982450532,0.08026114535275086,0.08039125429822086,0.08101163234611292,0.08112543028323439,0.08138484041591368,0.08171535241721951,0.0821504892079146,0.08229855414029177,0.08212312028023654,0.08832235606296597,0.08907987186173194,0.09211962457010404,0.09319525916996689,0.09400103423203118,0.09521490493256617
2026-03-10,0.0837987427722231,0.0816176839383283,0.08021639982450532,0.08004886150075546,0.0801753633107644,0.08079958979468153,0.08091661437856616,0.08118077465977266,0.08149664509004897,0.08193091639435487,0.08207681086778673,0.08190687853748585,0.08806616038164708,0.08804746257497739,0.09203825049738246,0.09260597577779509,0.094093086762938,0.0952094769565571
2026-03-09,0.0837987427722231,0.08177122850418626,0.08052700998664346,0.08004886150075546,0.0801753633107644,0.08079742162877723,0.08090817321815172,0.08118047115528011,0.08150461968320498,0.08192551951970226,0.08206769686697434,0.08191312762520704,0.08809526800967643,0.08829075773518227,0.09214888666605438,0.09278328300315547,0.09429094233192985,0.09539613951436478
2026-03-06,0.08345667475305196,0.08144556543753864,0.07957703891234401,0.07996718001595156,0.08009371405265629,0.08073529187612537,0.08086648512415053,0.08110643431922067,0.08143039156217388,0.08186932024344033,0.0820240749133552,0.08183973358920155,0.08809880157361716,0.08814494493827665,0.09215922968662293,0.09258843185874586,0.09479742332703274,0.09552080304081398
2026-03-05,0.0834756267370388,0.0814366036826804,0.08019912537691122,0.07998424442613244,0.08008601769085484,0.08072843040712813,0.08084390228319649,0.08110086711311805,0.08143058435862187,0.08186967083206224,0.08201316043637873,0.08183940379937471,0.08809858594217794,0.08814308367861376,0.09213270894336448,0.09259716938924203,0.0948043517018558,0.09552517091136971
2026-03-04,0.08379874277222353,0.08161768393832806,0.08021639982450521,0.07977190177816075,0.07995943897992187,0.0805016497757715,0.0806092290672906,0.08080723693934012,0.08112865229595263,0.08157381441671215,0.08163710651989285,0.08147798410394794,0.08762371638439327,0.08778438568429571,0.09180349602987978,0.09221417585294558,0.09446001838199972,0.09517228529310214
2026-03-03,0.08379874277222353,0.08156969882407053,0.0792370314033311,0.07882966454226922,0.07988432704614022,0.08036378899932867,0.0805031962705143,0.08071053599793293,0.0809814399197648,0.08134957690911791,0.08150812332899021,0.08134829569286715,0.08748967870481977,0.08764659448939245,0.09160754378766042,0.09208569313089153,0.09432492221671782,0.09503210570546675
2026-03-02,0.08379874277222353,0.0814071826717159,0.07909571669211546,0.07821950819346307,0.07959323017051075,0.08000506808196016,0.08028697034391107,0.08051447200362101,0.08077835531119928,0.08113791820486035,0.08143907377180305,0.08115318135242157,0.08755990476850449,0.08758975334161867,0.09147955658541228,0.09196389347705691,0.09312136423743735,0.09401569417078272
2026-02-27,0.08235749773381341,0.07979042663690818,0.07801872679942091,0.07788883992474292,0.07886930030464659,0.07930007120853513,0.07949749869515192,0.07956456127960157,0.07997113819156024,0.08027364645912954,0.08074341394850316,0.08060375651268709,0.08638261965659692,0.08686607391956878,0.09063517098449082,0.09152527718507715,0.0928335437832229,0.09364484264354124
2026-02-26,0.08167135731742982,0.0797231411464972,0.07801872679941765,0.07790503987352683,0.07887197479043238,0.07930097803738276,0.07950827437217743,0.07955966094510153,0.07998030535606936,0.08027027615637704,0.08073905555019983,0.08060362623436768,0.08638253493695905,0.08682908576460445,0.09064225522020938,0.09153013770707236,0.09283732006979813,0.09364707847652787
2026-02-25,0.0808870562504528,0.07972314114649698,0.07801872679941765,0.07790503987352683,0.07880927563434578,0.07922501949144055,0.07944127570218909,0.07949041799568766,0.07991646405148767,0.08021206752527092,0.08065930848120238,0.08052398204974595,0.08622125911124533,0.086721906944694,0.09054245131631744,0.09136435428001351,0.09282846169691715,0.0936180264383217
2026-02-24,0.08087815356478373,0.07972314114649698,0.07787722188038694,0.07790503987352683,0.07880926087115912,0.07922501949144031,0.07944500714299194,0.07949012041919522,0.07991618931904958,0.0802118270497056,0.0806681781863758,0.0805209082549714,0.0862646290238333,0.08671647083247508,0.09053723484483651,0.09136172945334813,0.09282705275268585,0.09361823926164635
2026-02-23,0.0812612503191826,0.07971454943991607,0.07787722188038723,0.07790503987352683,0.07886582984010185,0.07930086475860566,0.07951200918373691,0.07956685005303561,0.07998117300922501,0.0802768379546115,0.08074415450617912,0.08060311312476265,0.0864015695538317,0.08680681986514983,0.09060118909543291,0.09146263040350283,0.09293003534220781,0.09371738243987707
2026-02-13,0.08127922553270428,0.07779012795644304,0.07850916126565115,0.07758365117008614,0.07880774799378472,0.07925105832573291,0.07941763377263836,0.07949530350750358,0.07990449702558156,0.08022135143362422,0.08065573164744547,0.080535764713523,0.0863337283069854,0.08673298880512866,0.09051654359934147,0.09139306623503567,0.09285579273613931,0.09364117608506228
2026-02-12,0.08127922553270428,0.07779012795626662,0.07850916126576707,0.07759972602239629,0.07880774799378444,0.07925105832573275,0.07942834634167939,0.079491109566793,0.07991213967623956,0.08021742260091756,0.08065143200420298,0.08053611893542628,0.08637687722732376,0.0867257233646772,0.09051291835215577,0.0913906596247152,0.09285391138810693,0.0936395324433011
2026-02-11,0.08284752775805322,0.07779012795626662,0.07850916126576707,0.07759972602239629,0.0788016403808921,0.07925105832573275,0.07942834634167932,0.07949889385099741,0.07990843020732659,0.08022454971327804,0.08064788276383444,0.0805325205442526,0.08630191725331406,0.0867392178237582,0.09051920244120576,0.09139497574435608,0.09285665786238181,0.09364325770054441
2026-02-10,0.0847972792283655,0.07801141242518596,0.07945179913292691,0.07759972602239629,0.07893463486971392,0.07940003755487116,0.07954700411116815,0.07965267016235979,0.08004361928243182,0.08036302429289406,0.08079004852133854,0.0806815590865245,0.08645362956131143,0.08680753377418976,0.09069831270507968,0.09153625759254959,0.09311020774282162,0.0938801896157239
2026-02-09,0.08498331074845679,0.0780031833636275,0.0794517991329275,0.07736836557567171,0.07892600902625573,0.07939911293243221,0.07954700411116813,0.07966197443058322,0.08004391643035674,0.08036222069262161,0.08078982847550314,0.0806942337251072,0.08641184466203532,0.08707537689865835,0.09099130627583453,0.09176255966079254,0.09340370944576686,0.09415633776426242
2026-02-06,0.08519885717309601,0.07852123638235531,0.07913137682046807,0.07735238520431297,0.07900848583148705,0.07945962793685914,0.07968820947746048,0.07980054243307894,0.08025483606335787,0.08057792983484766,0.08101708066013999,0.08098732353478129,0.08617691482887968,0.0869114084074436,0.09117452228216011,0.09222843322642695,0.09383098133699093,0.09454171663679777
2026-02-05,0.08343548650886821,0.077934446668352,0.07882030523919734,0.0773683655756716,0.07879935124190314,0.07924911336972228,0.0793435971373896,0.07942156711563444,0.0798274719323276,0.08013559483607692,0.08049916647961182,0.08039619601519742,0.0855508119754741,0.08633749084312332,0.0905574221906894,0.09166462466625824,0.09325745251696328,0.09395921464482393
2026-02-04,0.08284752775807783,0.07807875505281948,0.07898056327419671,0.07736836557567171,0.0789049606067794,0.07936113932279483,0.07945419544864965,0.07954491536701186,0.07993109427260794,0.08024443895475845,0.08060639137597762,0.08049665612178168,0.08556878710195621,0.0863261965372954,0.09054499068668771,0.09163990425476072,0.09332379291804016,0.09388070713916939
2026-02-03,0.08479727922782668,0.07804027382668696,0.07898056327419432,0.07759972602238302,0.0789722002119848,0.07936165866513276,0.07945419544864749,0.07953503045783306,0.07985463201384622,0.08017540286867811,0.08045332707481499,0.08033646698250813,0.0852255291296077,0.08627504084262362,0.09032267256220808,0.09163796536111228,0.09335011691236289,0.09388125358199344
2026-02-02,0.07988909376792912,0.07684862875098968,0.07787722188038751,0.07821950819343537,0.07779051325039167,0.07831311187337388,0.07841115713619717,0.0784310033786653,0.07882653458009158,0.07913137634644994,0.07942210537448816,0.07926041961967176,0.08415390932769834,0.08521456235742757,0.08925461229704869,0.09057288821566259,0.09227487815412994,0.09279703765558045
2026-01-30,0.07855990655024107,0.07641377074433803,0.07756585833088826,0.07665826446979139,0.07751376054394599,0.07810072715451033,0.07818866456543311,0.07834468097499467,0.07869330420247342,0.07899349256971151,0.0792793869317716,0.07924079302569045,0.08390612057919992,0.08479812423357931,0.08927398552529923,0.09067117920540253,0.0924772142111037,0.0929470489739705
2026-01-29,0.0784267753992616,0.0764137707443378,0.07756585833088826,0.07667396289607632,0.07751466643173321,0.0781007271545104,0.07819903334403731,0.07834062240354017,0.07868971368184632,0.07898968526245001,0.07927533777600318,0.07924117856481952,0.08386362477440432,0.08480234886530597,0.0893325550615578,0.0906584078079988,0.09246713929913594,0.09293978273301183
2026-01-28,0.07793632190789641,0.0764137707443378,0.07756585833088826,0.07663691453870333,0.07745074171720488,0.07802468062690436,0.07812243247557639,0.07827258836999032,0.07862306201779497,0.07892130471496342,0.07920616898158611,0.0791625232134145,0.08390631552014449,0.08471534591632046,0.08917694273101208,0.09059407557516674,0.09231066953292101,0.09279769305433325
2026-01-27,0.07743764605604486,0.07619231088255501,0.07756585833088826,0.07628488666929041,0.0770857368135857,0.07759028227571828,0.07782559387869212,0.0780650330473425,0.07841581693848652,0.07871709616052387,0.07906836450254282,0.07903070753091442,0.08384876740196058,0.08467659398010552,0.0891723164876494,0.0905343092428101,0.09225148915018672,0.09273987460163371
2026-01-26,0.07736083761971932,0.07750295796969851,0.07756585833088826,0.0762107597454241,0.07708610135551022,0.07757302770623106,0.07782559387868444,0.07806775300015271,0.0784157622925799,0.07870633352948393,0.07906814915422364,0.0790386646892831,0.08387924859428679,0.08467357813125048,0.08916890965238974,0.09053299044140786,0.09225309582862257,0.0927385002916619
2026-01-23,0.07695523695217932,0.07589378301747905,0.07724498366379985,0.07619524803194162,0.07708766543304209,0.07759421874429161,0.07782360279428889,0.07806271877049667,0.07841205357144605,0.07871500632869566,0.07907365783996961,0.07903883369172784,0.08382787102142404,0.0847366663087872,0.08909867358463833,0.09050054485978705,0.09228431795735821,0.09275936338337709
2026-01-22,0.0761113140276047,0.07589378301749361,0.07724498366379391,0.07628488666928349,0.07709094582196852,0.07759421874429172,0.07783387342411272,0.07805580918027716,0.07840982543286709,0.07871121416318999,0.07906946790313953,0.07903731339097918,0.08379482979068673,0.08460989731715643,0.08916561348912197,0.09042576357597389,0.09232460447171104,0.0930535282929324
2026-01-21,0.0761113140276047,0.07597082669742217,0.07724498366379391,0.07628488666928337,0.07716622028565373,0.07766927037158212,0.07791048720872104,0.0781403585804553,0.07849193981664523,0.0787927609915275,0.07914179231283802,0.07909976165649425,0.08380722890567684,0.08462709525485669,0.08896573004111709,0.09047385675666013,0.09251633243262852,0.09294099185023516
2026-01-20,0.07653329744144279,0.0760093474336061,0.0777168315317024,0.07638680221844167,0.07726807163622869,0.07778285760325841,0.07801319942059914,0.0782515327707003,0.07859350656325582,0.07889527799375348,0.0792437071770209,0.07920817623205312,0.08404759690528216,0.08445327367850353,0.08932823738405243,0.0910355390008993,0.09265251989458295,0.09310970613625347
2026-01-19,0.0773199388726438,0.0762999823798576,0.077716831531703,0.07646091609444597,0.0772649631052005,0.0777788673251195,0.0780131994205992,0.07824822086294732,0.0785914848597333,0.07889260758807394,0.0792434913552612,0.07921208732806648,0.08437492565929118,0.08542744747397463,0.09031308278812333,0.09131223788101354,0.09203404607732235,0.09270408344105285
2026-01-16,0.07720053044221728,0.07608638669857593,0.07740543062344765,0.07623229728057315,0.07704907549187084,0.07755364496062626,0.07785776760046438,0.07802053298063047,0.07837232326700967,0.07883218022993133,0.07910742335232396,0.07915032312423789,0.08385068233987505,0.08453856040047762,0.09045404114161205,0.0913825290270675,0.09206775099423295,0.0927017722633767
2026-01-15,0.07720053044221728,0.07608638669857593,0.07834884671317796,0.0762478238942038,0.07704907549187084,0.07755364496062626,0.07784369126913088,0.07801674387880177,0.07836824900541213,0.07882837207256194,0.07908739376249452,0.07915089917024393,0.08366938691569686,0.0842221629748274,0.09026670860626326,0.09117848104818065,0.09186419538254766,0.09249729530787612
2026-01-14,0.0773280771940256,0.07637525773276856,0.07803759299044102,0.07609955905586534,0.07690743464880166,0.07740721230770956,0.07778470313391746,0.07796277466438405,0.07838168838435258,0.07883992636211161,0.07909268713826728,0.07915506970746851,0.08401654004967926,0.08432446469760926,0.0905850642167846,0.09149599704042762,0.09191042577038827,0.09258345163546121
2026-01-13,0.07634684506816042,0.0763078581926013,0.0777168315317027,0.07609955905586534,0.07691123920077986,0.07740809872819077,0.07779297339586644,0.07796248285258521,0.07838358613885925,0.07884023313944795,0.07910419574605196,0.07915207897782321,0.08357880998395316,0.08434690130350549,0.0908923917101369,0.09155074607587185,0.0921625061678047,0.0927700340076549
2026-01-12,0.07633891132230441,0.07629998237985858,0.07740543062344776,0.07609955905586534,0.07691126830739568,0.07740819668444925,0.07780100432548617,0.07796219104297088,0.07838334170921785,0.07884005682468608,0.07910918809716705,0.07915805149268507,0.08349042248933143,0.08435818164553245,0.09104916682933992,0.09169159104923176,0.09160160548777808,0.09235315180417906
2026-01-10,0.07621926745249745,0.07630785819260141,0.07622849136589865,0.07609182448866747,0.07689722322539061,0.0773956256707162,0.07782616387401338,0.07796186035349316,0.07838453631343098,0.07884067130479963,0.07912894027694223,0.0791582229069457,0.08319355769057739,0.0840342124159084,0.09082396357500522,0.09131691796531588,0.09132720279896561,0.0920432586711989
2026-01-09,0.07621926745249745,0.07630785819260141,0.0762441151198174,0.0760840920043184,0.07691173392910342,0.07740809872818902,0.07782062995347376,0.07795793923051245,0.07837901056330943,0.07883572089964634,0.07912897304287679,0.07915867808866474,0.08319384667257324,0.08403290246259615,0.09082495366522467,0.09131764118705432,0.09132774679917473,0.0920432970155556
2026-01-08,0.07695523695217844,0.07652930536606029,0.07646134836702304,0.07609955905586521,0.0769088801595639,0.07740518643064666,0.07782536402859683,0.07795328374662168,0.07837331299853885,0.07883012850527767,0.07912092188078344,0.0791586254473274,0.08284180330089477,0.08426415847764562,0.09153340601674231,0.09151201582092097,0.09084437476490172,0.0919832500551584
2026-01-07,0.07757334813516947,0.07659669750537597,0.07653689948463166,0.07624782389420483,0.07704762737566656,0.07754692039383587,0.07796710075145165,0.07809923330391229,0.0785292252832757,0.07897766973920568,0.07925825209090188,0.07945453134317146,0.08213607544932566,0.08441137197216765,0.09156503496638163,0.09195976699249851,0.09019349704775784,0.09153047043211629
2026-01-06,0.07757334813516542,0.07682773917201662,0.07653689948463137,0.07653502447799658,0.07733927850846095,0.07783858346591944,0.07818741313814635,0.07830882677347684,0.07866227102446753,0.07910925845109475,0.07925294621839875,0.07928074860324887,0.08127607951305706,0.08399801391921022,0.091126673557988,0.09119759139873518,0.09075158396061857,0.0918970663175962
2026-01-05,0.07854588598480182,0.07704110068345645,0.07671631628045296,0.07681288201297178,0.07747651419130755,0.07805416196607019,0.07832642746965425,0.07837426120060727,0.07887803145879042,0.07925443006840754,0.0794016989248872,0.07942549270304369,0.08141246008591209,0.08413762398954353,0.09118644586906416,0.09136454345573934,0.0907852965330397,0.09201112234709691
2025-12-31,0.07891716958542384,0.07474741060594439,0.0748075986218319,0.07489409165223385,0.07581877286080756,0.0760395175905265,0.07631506655743449,0.07640753430710072,0.07703591966329591,0.07750427068847496,0.07780805207582309,0.0779285809511483,0.08024594740371865,0.08294681109015647,0.08986650103889754,0.09004669916084049,0.08955810726382508,0.09074529174239031
2025-12-30,0.07842677539926542,0.07473985165230887,0.07574513541327572,0.07489409165223351,0.07582064536287089,0.07603886826683147,0.07628854979007907,0.0764075343071156,0.07703672199465109,0.07750423579038225,0.07779108315117984,0.07792566495077943,0.08016143388335248,0.082957980433516,0.0898200396568039,0.08998811429058856,0.08960886997039884,0.09078129126220504
2025-12-29,0.07841840494205769,0.07473985165230887,0.07574513541329554,0.07489409165223351,0.07582052296511028,0.07603886826683162,0.07628854979007897,0.0764075343071156,0.07703639633804,0.07750400372648643,0.07779705796357732,0.07793090494321425,0.08015885236214347,0.08295794038979726,0.08981891827988593,0.08998849873339347,0.08950581491683861,0.09059717361990191
2025-12-26,0.078181556067629,0.07473985165230887,0.07638115193501657,0.07473069765108693,0.07588750000887216,0.0761029598265663,0.07634502964708959,0.07648571843948235,0.07702965308471253,0.07750044279433516,0.07778292988652329,0.07792989377676689,0.08012853473890236,0.08300632955863191,0.08981634474405052,0.08996804655110283,0.08942290484587319,0.090495723318276
2025-12-25,0.0782600278669611,0.0748169236389799,0.07616074984905279,0.0753950007195601,0.0758212821177385,0.07611400856352471,0.07634481748991165,0.07645680679768302,0.07710660268297656,0.07757439404271431,0.07785594704643836,0.07798330530840937,0.08010161201119262,0.08302910633736618,0.08984312715608822,0.08999518661208425,0.08928150076568611,0.09050976383202697
2025-12-24,0.07877986519043388,0.07415208033779097,0.07568845066945265,0.07453216788428893,0.07545199251415884,0.07567524185723258,0.07592572858452423,0.07605551581354135,0.07666966289109774,0.07714300881078352,0.07742367484939831,0.07756482923409114,0.07968189312582806,0.08257322578365917,0.08915713806516981,0.08928649977778617,0.08886722783306548,0.08996094876145762
2025-12-23,0.07822079215708959,0.07437371926162077,0.07545223827005916,0.07446719334035078,0.07502074721237702,0.075234376773214,0.07548109732057097,0.07561454439982428,0.0763183961097536,0.07686243382455185,0.07729771407621222,0.0772759956643125,0.07939529506272511,0.08228492717307355,0.08886194817699226,0.08899430070359055,0.0885770308182633,0.08966641975082382
2025-12-22,0.0770845141425828,0.07407498279618652,0.07521598397779986,0.07410511500678331,0.07488356042945894,0.07509537760326739,0.07534320635573426,0.07547447290404496,0.07618012562447468,0.07664406373816275,0.07708546086872396,0.07706796219178859,0.0791052922558951,0.08208002117079934,0.08863623722403347,0.08878629971946955,0.08837038720462347,0.08945127289432091
2025-12-19,0.07639591231327683,0.0732170726869617,0.07389641590937537,0.07362622460783187,0.07451868028459849,0.07472327205159866,0.07493061638658811,0.07519978212877901,0.07581230227360776,0.07621388498511833,0.07659079275225784,0.07663352576683022,0.07867550842553432,0.08164534783518913,0.08814525159294366,0.0883168064425896,0.08796591212616993,0.08903053291453455
2025-12-18,0.07611131402760207,0.07307244494957663,0.07343800814145217,0.0735013596301132,0.0743783347428425,0.07459384970766593,0.07479299995260977,0.07504670971851683,0.07566868928082966,0.07605933254349947,0.07645579570576345,0.0764946160167532,0.07850468994686391,0.08148488170679509,0.08798435387464258,0.08830097966622927,0.08774830564564505,0.08889009321225155
2025-12-17,0.07611131402760478,0.0730724449495784,0.07343800814140573,0.07356639695691729,0.07437833474284203,0.07459384970766451,0.07480253056677864,0.07505186650607597,0.07567550935596017,0.07605577969438432,0.07645189124546686,0.07648938875799134,0.07858831658680832,0.08151082108736249,0.08784577561475058,0.08814788503118265,0.08800305897162035,0.08909170352830052
2025-12-16,0.07583651052410452,0.07299530589141155,0.07343800814140573,0.07350135963011423,0.07430393631300057,0.07451861263467045,0.07472576261999068,0.0749868756411874,0.07560093299896248,0.07599720878542433,0.07637275864846094,0.0764115138209897,0.07858802823696766,0.08147317862564527,0.0877796014531701,0.08805394922425556,0.08791430559248473,0.08900680638975385
2025-12-15,0.07638796839892971,0.0732942032157584,0.07367457794470723,0.07378006125397689,0.07437717162749337,0.0747339192021196,0.07494056087335942,0.07504353454523441,0.07567434693652651,0.07605348052802836,0.0764433708247614,0.07648594411968025,0.07850861358106186,0.0814944804495669,0.08782647948925355,0.08816297793196623,0.08801720252333771,0.08910046382466437
2025-12-12,0.07653329744144291,0.07329420321575439,0.0736599811122681,0.07376551147684329,0.07437675481143402,0.07472228821656944,0.07493634318870941,0.07497285654573657,0.07559165812333897,0.07598451662149007,0.07636368594764889,0.07632887560560787,0.0782720077918519,0.08119854829739791,0.08756240814578561,0.08794820521448692,0.08779830656354748,0.08875101314609639
2025-12-11,0.07653329744144247,0.07329420321575439,0.07367457794470243,0.07378006125396155,0.07437675481143394,0.07473391920210379,0.07493100262954894,0.07496837393024634,0.07558788082252033,0.0759800977028336,0.07636344847520116,0.07632846309237655,0.07827187721409845,0.08117376846273901,0.08760788998467833,0.08785986772385312,0.08755405056377911,0.08857382428629446
2025-12-10,0.07597391460343235,0.07314958104079358,0.07308780771350087,0.07364072015136218,0.07422799138506425,0.07459286412618424,0.07481125848459531,0.07482711083295486,0.07545581113776423,0.07582634324278055,0.0762267407574945,0.07618640657384035,0.07802685598270509,0.08097994772830931,0.08712433610115022,0.08748550321695255,0.08739409171366448,0.08835099468638477
2025-12-09,0.07614075615574015,0.07266743178885743,0.07285113367383023,0.07367787967721094,0.07422736800519554,0.07459902527845529,0.07481715840055603,0.07482566636655899,0.07545520732336951,0.07583645920223968,0.07622737982570138,0.07618265411241328,0.07802652342556135,0.08097961545207731,0.08712304833172477,0.08748566364712324,0.08731166623560158,0.0882830010712135
2025-12-08,0.07554410307757542,0.07232985832948272,0.07261441757736199,0.0732132863274061,0.07372018807971882,0.07408872362954072,0.07437190121932576,0.07447710413075115,0.07509698136555969,0.0754874569492151,0.07587059638562539,0.07606851836047707,0.07789735569599818,0.08084896195277799,0.08698677377397114,0.08726923161903524,0.0870636893970573,0.08807352586681418
2025-12-05,0.07429530300627116,0.07162559363947084,0.0729504229911867,0.07255771004703375,0.07278128682438344,0.07328560294788589,0.07355336093396178,0.07367811041483625,0.07434410603631639,0.07480898783456828,0.07509770361301438,0.07531432068692209,0.07720884299516241,0.08017481889448956,0.08630317748743713,0.08653569754982851,0.0862734700425951,0.0873769782838076
2025-12-04,0.07387308665113534,0.07154839890866016,0.0729647424606368,0.0722090274417911,0.07246183231109692,0.07288769834661032,0.07321183681085135,0.07335030635733428,0.0740225706717264,0.07440893541288027,0.07469501685204553,0.07490925503136106,0.07698559908153707,0.07972373276066047,0.08587995699266977,0.08611915134466573,0.08612724123436213,0.087183149768542
2025-12-03,0.07401055726713934,0.07154839890866016,0.07272804655329708,0.07210668519994119,0.07246133124225387,0.07288769834661009,0.07322666753045881,0.07336152315931478,0.07402882353834452,0.07440553196176729,0.0746949410896919,0.07490868678912459,0.07699791297174466,0.07981906826184576,0.08607490433086293,0.08609346858101259,0.08582800323332541,0.08709561544120673
2025-12-02,0.07270439823647097,0.07073767478930774,0.07195389607369675,0.0717437510126758,0.07166321541120373,0.07209639418445295,0.07250630873534798,0.07264158791619554,0.073087169143006,0.07353516625797553,0.07374355492219528,0.07387856552826483,0.07603496021918062,0.07882042612871863,0.08484836593939395,0.0849625776239176,0.08476927353372851,0.08598309942713014
2025-12-01,0.07187220387106143,0.06846783501824315,0.0709995421699377,0.07016951230689014,0.0701439906426089,0.07050093421996959,0.07076205442441569,0.07099073634952664,0.07164511654854534,0.07203311599760374,0.07231385250480842,0.07246307014407383,0.07461644920651954,0.07747640068216428,0.08327641901889596,0.08356877211026965,0.0833745660616825,0.08446491781793879
2025-11-28,0.07033904974817624,0.06750733897347451,0.06844762340984649,0.07155318913366233,0.06941843536639755,0.06971026526954742,0.06999688627322423,0.07019564694483893,0.07074322537355174,0.07119172948700062,0.07143431094296913,0.07173416578462617,0.07394943969340516,0.0767399288662092,0.08236880916508459,0.08280967477446148,0.08263695172538804,0.08371253172932225
2025-11-27,0.06982198250479499,0.06750733897345414,0.06844762340956416,0.07128756998468806,0.06919694390688083,0.06949042826964753,0.06978399721473318,0.069977618154852,0.0705241778265458,0.07104993266804649,0.07136141853577076,0.07166991240181776,0.07388129172709242,0.0766685579548581,0.08234993592725466,0.08252120233664652,0.08262858960685189,0.08368169543319776
2025-11-26,0.07027393205791592,0.06750733897345414,0.06844762340956416,0.07156688919249263,0.069207040331684,0.0694904282696476,0.06978399721473318,0.06997395805440973,0.07052128604625801,0.07105552934430742,0.0713586030535665,0.07166005363551067,0.07387711098211057,0.07666770635728912,0.08193860128584185,0.08255132293320465,0.08273864690408488,0.0837587488371854
2025-11-25,0.06943876755095651,0.06736227207271005,0.06826709349189503,0.0714551708715024,0.06899225105091189,0.06927227106356808,0.06971118317042094,0.06993938692654524,0.07049853280228494,0.07106603740026508,0.07136997398090465,0.07166230044090739,0.07388042484907359,0.07667010805405775,0.08208383199694082,0.08251363188343663,0.08271043113366848,0.08374020957537483
2025-11-24,0.06859359861846841,0.066688803808116,0.06767782625451942,0.07052369917214728,0.06848376056239498,0.06890701719827655,0.06920502633480691,0.06959641450104961,0.07007019501653826,0.07063181622010643,0.07102385156268115,0.07109596860716952,0.07330750617553501,0.07609716243839153,0.08152763996490893,0.08192767709984951,0.08212869850947077,0.08314938173811143
2025-11-21,0.06788315233414871,0.06646262428797912,0.06753522257398147,0.07004450283925438,0.06826252784911191,0.06876645435334544,0.06905572124214801,0.06946746695214928,0.06992237346198137,0.07047807036283787,0.0708731711817269,0.07095541476763495,0.07316529916445097,0.07594943975934088,0.08114550190095718,0.08184120341485301,0.08202486529188883,0.0830280986680482
2025-11-20,0.067169420347124,0.06601748881095232,0.06702172334794851,0.06993642619916388,0.06759600774820647,0.0680350584595206,0.06818979728155324,0.0686451876922443,0.0691233025190803,0.06963963304241093,0.07004043840410273,0.07007374613419032,0.0723336824328038,0.07511543396087678,0.08053804859149764,0.08090887938176385,0.08105337010203376,0.08209975258416768
2025-11-19,0.06702572537883135,0.06601748881095232,0.06702172334794851,0.06993642619916388,0.06760770519750928,0.06803505845952044,0.06818979728155317,0.06865140190351565,0.06912193380187798,0.0696450071874794,0.07003771104288911,0.07007066999447384,0.07266056278208671,0.07550555343619028,0.0806459013843239,0.08132251731660828,0.08140707310499357,0.08241845853971323
2025-11-18,0.06701960808778525,0.06601748881095232,0.06702172334794851,0.06993642619916388,0.06760768370197594,0.06803505845952044,0.06818979728155317,0.06865140190351565,0.06912757269391598,0.06964479845326013,0.07004258663757834,0.07006835699070171,0.07266084533398107,0.07550568753484421,0.08064509709856087,0.0813228146169987,0.08140765478362756,0.08241968564333224
2025-11-17,0.0672884892373137,0.0660502882927007,0.06714536155751702,0.06959135902421863,0.06764455715813211,0.06807278065395402,0.06822552908326131,0.0686636567354084,0.06912523658374868,0.06964260406003413,0.07003879722188817,0.06976978282625403,0.07236071749242137,0.07520846753998729,0.08034423609516556,0.0809484208192706,0.08106332932098541,0.08212901979258126
2025-11-14,0.06689698920894084,0.06641424475641097,0.06714536155751702,0.07004450283921912,0.06764044540246042,0.06806875684710229,0.06821757251836556,0.06864665379375236,0.06912457918208177,0.06963672033194146,0.07003873736983916,0.06976021457158078,0.07232487919694622,0.07520595325481892,0.08032012101784626,0.08087810870033706,0.08109472883087634,0.08215036073125555
2025-11-13,0.066302875357526,0.06641424475640985,0.06714536155751702,0.07005763775543543,0.06741909070234112,0.06784871058745738,0.0678499912732959,0.06827388926433509,0.06860145787186983,0.06918824110077398,0.06967369023606573,0.06946535491974852,0.07203170879379228,0.07491111140834636,0.08002380472964843,0.08058290883963154,0.08070243062747035,0.08179646884317923
2025-11-12,0.06593899071288381,0.06742997125833353,0.06714536155751702,0.0702906956154374,0.06750740494265738,0.0679040116934262,0.06792702688973978,0.06834904219760031,0.0686762077318589,0.06925272160927488,0.0697372897881505,0.0695333132593319,0.07208278901667527,0.0750119254733758,0.08005580084613977,0.08054324686270586,0.08063297294972438,0.08182766793975799
2025-11-11,0.06515209898973406,0.0671881780155425,0.06698367852160188,0.07029069561543462,0.06751018072498452,0.06790678961876259,0.06793065242676403,0.06819449366748659,0.06860496109683549,0.0691454279980884,0.06963474620424837,0.06945826730090483,0.07200934723874738,0.07493772527546351,0.0798362712981316,0.08042926989982974,0.08045895491548027,0.08165879880033951
2025-11-10,0.06456182775820761,0.06694028441708808,0.06769683892924948,0.06954471919111374,0.06743639335280698,0.06784297467230493,0.06783764343108686,0.06814349317016402,0.06853053107671071,0.06907089253941015,0.0695478346059425,0.0694136039437752,0.07191036854665954,0.07488491837243855,0.07985673560335321,0.08034914520583131,0.0803842924273456,0.08158395198899829
2025-11-07,0.06455047230511397,0.06646262428798133,0.06722144092708306,0.06667429868943907,0.06703267221002863,0.06743670827600386,0.06750350837615596,0.06783474755995525,0.06813449248011139,0.06871243872283965,0.06907131559511111,0.06899937753081598,0.0716566468625692,0.0746015986122793,0.07951251693592475,0.07993752601286042,0.07941721886157468,0.08083367919291905
2025-11-06,0.0647585945934212,0.06501073321080786,0.06722144092707935,0.06892886943888014,0.06732021687188501,0.06774998755815768,0.06780977028848012,0.06805272479221647,0.06849037088016731,0.06904331482693304,0.06943364328938152,0.06923265154393729,0.07192920991916113,0.07481189646615391,0.07980087847858659,0.08021181565431622,0.07973056742546798,0.08114943804632725
2025-11-05,0.06475859459342076,0.06597877673416941,0.06722144092707935,0.0667891116577159,0.06711320988500961,0.0675187897510081,0.06758829074556788,0.06791168181208743,0.0682714494920772,0.06882364594861379,0.0692117198753153,0.06906073255600269,0.07170024590627026,0.0745666185324412,0.07951844735575368,0.07991403169248897,0.07951186276867181,0.08088815088962176
2025-11-04,0.06456182775819855,0.06597877673417031,0.06674587382658356,0.06657394824964664,0.06696211231663611,0.06737523621608353,0.06745442697639233,0.06776438610762489,0.06813630142485266,0.06876030329659695,0.06908031036984878,0.06900068074452308,0.07163977747947885,0.07450453186062213,0.07940172184061918,0.07978710650106625,0.07940836219254614,0.08078325219368487
2025-11-03,0.06456182775819855,0.06573095428411077,0.06650802682686027,0.06643359934202779,0.06689570004323366,0.06730164028426278,0.06738266216390755,0.06770155330797167,0.0680602898371082,0.06868603760722376,0.0690072807442407,0.0690112968105642,0.07164200725156583,0.0745077957276103,0.07933836248655333,0.07977546849164208,0.07937772293113515,0.08072376905088667
2025-10-31,0.06455047230511377,0.065713397207307,0.06627013750749079,0.0660662600723682,0.0664444046647468,0.06686194438068693,0.06701420932969022,0.06722713432511121,0.06766590117440897,0.06828630977599524,0.06864818242770329,0.06896240092083512,0.07158507145464016,0.0744430274969376,0.07924802579226961,0.07971256608384439,0.07931051665228253,0.08065231002283269
2025-10-30,0.06456182775819859,0.06570754761923349,0.06674587382638691,0.06563791658093593,0.06643884613651238,0.0668614166974906,0.0670113532660938,0.06723906178873953,0.0676635167618777,0.06828629079505692,0.06863822851182831,0.06897281391404247,0.07159169375505846,0.07444677466734248,0.07912283881325222,0.07956693364484863,0.07921188215165206,0.08049816060417374
2025-10-29,0.06501437689059276,0.06584708162503657,0.06482285871700964,0.06463539144550594,0.06565070439954127,0.06619857263687973,0.06637912610946425,0.06667949596514247,0.06723861397400219,0.06777571147885593,0.0683844284089355,0.06879126486450123,0.07139921430923338,0.07424988915199707,0.07863025378832961,0.0792784584511902,0.07872790725152855,0.08000486454031164
2025-10-28,0.06515209898972654,0.06584708162503634,0.06482285871697327,0.0646353914454914,0.06565023246707874,0.06619857263687023,0.06637912610945423,0.06667949596513348,0.06724367796266788,0.06778075513042267,0.06838909362985987,0.06878892884968221,0.07139967329018172,0.07425015721944525,0.07859074654199404,0.07927363280981937,0.07874124431563213,0.0800147882679593
2025-10-27,0.06547671073727906,0.06608307465476816,0.06474664273401189,0.06481348333200185,0.06586750470592581,0.06643537807355748,0.0666796407519738,0.06693491257121133,0.06752842082911595,0.06806572563173655,0.06870589417283547,0.06919861017577171,0.07179855060945114,0.07467394437461057,0.07901596384546507,0.07966635794367827,0.07890573990103823,0.08019255410693246
2025-10-24,0.06530770382812148,0.06584708162504,0.06467995018470611,0.06447424549137716,0.06560647258732756,0.06625646519721402,0.06652888240967007,0.06675933351495071,0.0673720844709216,0.06798590364256123,0.068653553605235,0.06921518451665076,0.07181072059805277,0.07464544286171232,0.07910771635207643,0.0795778112051821,0.07892198950182454,0.08020353067940136
2025-10-23,0.06531932654022715,0.0660889919902907,0.064718060620241,0.06459789437494656,0.06560110546917428,0.06626287377172403,0.06653566802326992,0.06675212837661601,0.06736957021222142,0.06798038605848221,0.06864975244431368,0.06921240017120632,0.07185135753497841,0.0747533200853235,0.07924116369238506,0.0796438066161399,0.07898994015289318,0.08016625787426411
2025-10-22,0.0651520989897264,0.06657272519794709,0.06434643752730579,0.0643447523656146,0.06568821552391844,0.06633400605069037,0.06661131983401934,0.0668445678959436,0.06744110906387647,0.06801051795839498,0.0687691916745309,0.06933254463248463,0.07197074234944509,0.0748967421504052,0.07900384804943024,0.07939218343461361,0.07916004869766119,0.08043000842242323
2025-10-21,0.06433553383267035,0.06524701797121503,0.06420347805965274,0.06434475236561515,0.06569101557855395,0.06634901283439675,0.06661446356144919,0.06676704788938258,0.06736967348638753,0.06786653728437846,0.0686163004744218,0.0691025788535125,0.0718325518092422,0.07484953388579144,0.07885986627297163,0.07922256795127551,0.07918692483590856,0.08043076851859317
2025-10-20,0.06441424622727057,0.06524701797085611,0.06420347805965258,0.06434475236561515,0.06569074564314456,0.06634901283439675,0.06661446356144919,0.06676704788938187,0.0673692949614572,0.06786633412033843,0.06861611364289537,0.06910680657906358,0.07183004569210436,0.07488389012690867,0.07880150449861811,0.0792322206166407,0.07919605447725375,0.08032625998623025
2025-10-17,0.0643242576204443,0.06524701797085611,0.06420347805965258,0.06433365119015881,0.06568582123993859,0.06633982078630524,0.06660678896582073,0.06676443306603615,0.06736962094416594,0.06786671383866441,0.06861616374814114,0.06910685164035882,0.07200101179875118,0.07501256364348655,0.07902430631619561,0.07930582972181259,0.07906528061752116,0.08031778349729944
2025-10-16,0.06408954753372766,0.06548900072452103,0.06405097111030174,0.06420409022178658,0.06513053976596256,0.06586738445424621,0.06613567623936337,0.06642662107316813,0.06712399581936265,0.067693284214529,0.0685270316846711,0.06900556027405062,0.07196961375814862,0.07501049089684902,0.07877373795400384,0.07923910951175059,0.07908741283375989,0.08031732184063912
2025-10-15,0.06343022903379154,0.06455962769889859,0.06390798004446911,0.06373507345991222,0.06470613041322908,0.06547541557811815,0.06573374346431929,0.06611931090367977,0.06680457514005558,0.06725850863593413,0.06815531319922263,0.06856681304963409,0.07156700219423857,0.07457375532782731,0.07840811071110251,0.07889996501180793,0.0787438633815048,0.07985548469173721
2025-10-14,0.06343022903379067,0.06415289153104883,0.0635742747401085,0.06350986725453311,0.06455406942605729,0.06528829339446286,0.06563487819158872,0.06612701820240081,0.06665880137201008,0.06712580518965015,0.06801976714668452,0.06848936333001095,0.07149240638791367,0.07448713970654161,0.07832026149509302,0.07875331110097904,0.07869893940957336,0.07980051878243961
2025-10-13,0.06343022903379067,0.06480169340209466,0.06357427474009678,0.0635098672545269,0.06455406942605432,0.06528106839704856,0.06563487819158724,0.06612701820240073,0.06665857979640766,0.06712113213327571,0.06801958194296154,0.06849352585917606,0.07148991158425377,0.07453304421250657,0.07832483271522327,0.0786695340573296,0.07856905612513956,0.07968496792234457
2025-10-10,0.06343022903379067,0.06405603742663701,0.06299247491090251,0.06314248892850084,0.06414977148817808,0.06480136168239749,0.06515773034261653,0.06565191488958629,0.06618340443087592,0.06657236042639444,0.06747040230939319,0.06798195470834788,0.07098161755343285,0.07437723379627055,0.0776528180576886,0.07814516244078583,0.07795352558116755,0.07910541855032396
2025-10-09,0.06343022903379067,0.06405603742663056,0.06299247491089628,0.06315318700519945,0.06414471224079356,0.06481012585373394,0.06516506743460092,0.06564843918997029,0.06618105497259452,0.06656867719166092,0.0674671680197292,0.06798182711454648,0.07092882071334876,0.07405927892333651,0.07752835174454521,0.07804825259510573,0.0778528894685763,0.07897203959382186
2025-10-08,0.06318418659599008,0.06405603742663056,0.06299247491089628,0.06315318700519945,0.06415565338139392,0.06481012585373394,0.06516506743460085,0.06565444124058575,0.06617741651679747,0.0665659378445721,0.06746459976395348,0.06797876678625679,0.07067538918506516,0.07409046277619272,0.0772141283716916,0.07804175160841187,0.0777557186471475,0.07905937605613327
2025-10-07,0.06318418659598876,0.06386231518416376,0.06291615451177789,0.06315318700519945,0.06415565338139392,0.06481226708175462,0.06516670811978668,0.06565444124058575,0.06618260632981612,0.06657213630810034,0.06747026358738792,0.06797646423713567,0.07071813373617242,0.07406290492526284,0.07732911951339894,0.07793728913107269,0.07768494440865369,0.07910595689396908
2025-10-06,0.06318418659598876,0.06386231518415708,0.06291615451177625,0.06315318700519945,0.06415565338139392,0.06481226708175461,0.06516670811978666,0.06565444124058575,0.06618238634222655,0.06657193702731923,0.0674700798833618,0.06798055405372241,0.07067344256377961,0.07409053681562139,0.07739234462125355,0.07792084058818763,0.07767440506054003,0.07909719181670431
2025-10-03,0.0631733092755949,0.06386231518415708,0.06277304201987553,0.06314248892849775,0.06411265854229958,0.06473641027240261,0.06508525867712835,0.06549696332438955,0.06603671084472712,0.06641666185842285,0.0672460207267542,0.06775683678294389,0.07045431726829468,0.07394871156193354,0.07691696672378295,0.07775447668472318,0.07749465572409645,0.07890137141579735
2025-10-02,0.06316787248513217,0.06438532229923732,0.06277304201987553,0.06315318700519953,0.06410770924856952,0.06473938781781877,0.06509258878712038,0.06549335106927155,0.06603442512202706,0.06640946264472536,0.06724281973862359,0.0677565594564166,0.07045425448175492,0.07392438617472517,0.07707530631587016,0.07764327206536893,0.07749369745081196,0.07890049066403924
2025-10-01,0.06316243694051635,0.06386231518415507,0.06255357310878733,0.06297479916138798,0.06393715167391399,0.0645630088345897,0.06491394243562262,0.06532112697727063,0.06585088963595913,0.0662297546210414,0.06706181626979614,0.06765579757107033,0.07037561072605945,0.07389223760195021,0.07671510008887551,0.07751749418363514,0.07747438184528878,0.07928762705939046
2025-09-30,0.063238845290954,0.06367406955384033,0.062439053286931355,0.06275881339683309,0.06371646651208951,0.06433553719537487,0.0646172032433305,0.0651053860750612,0.06563741410683534,0.0660174553748728,0.0668514882624797,0.06750809884517002,0.07018670135386378,0.07369105050303418,0.07653829330325863,0.07731025238153641,0.07736397243358419,0.0791619424452093
2025-09-29,0.06269741226620423,0.06342637170800165,0.06229588971412508,0.06272124589271441,0.06371823076923032,0.06433831656727754,0.06462025433225925,0.06510665124233904,0.06563842814227959,0.06601897284754839,0.06685332183613982,0.06751301144518072,0.07020579248275105,0.07368873607113821,0.07653570794052214,0.07723427349578345,0.07739094085285349,0.07917932102493162
2025-09-26,0.06269741226619933,0.06343182552057414,0.06199996974317119,0.06271069213685476,0.06348956741561163,0.064117626310406,0.06424293575373481,0.06465854185959992,0.06526234312650037,0.06564874248821369,0.0664844832679486,0.06715208364550727,0.06984795910959532,0.07332629858433753,0.07616301983639893,0.0768463697992453,0.07704153453158227,0.07881739908237188
2025-09-25,0.06269741226619933,0.06343182552057414,0.061999969743170895,0.06272124589271433,0.06349949827893915,0.06411762631040561,0.0642500773338507,0.06465479106100426,0.06525849501239808,0.06564608673918808,0.06648156889538534,0.06715164139267603,0.06960517267607495,0.07336386862848751,0.07609273652243022,0.07679225711221564,0.07706189361264737,0.078879195482925
2025-09-24,0.06269741226619933,0.06335430128362073,0.0619235926657524,0.06254278097233873,0.0634234092840843,0.06389789663189263,0.06418411665942643,0.0645113681229723,0.06526700995688905,0.06566026170277331,0.06648308804977254,0.06716006224901215,0.06973900942021434,0.0733918556928423,0.0757219795565822,0.07654475772897662,0.07674838490251533,0.07884886193649099
2025-09-23,0.06269741226619933,0.06335430128362073,0.061627590272979905,0.06225153297260995,0.06312852478491195,0.06353342854355609,0.06389106249755482,0.06423009679087567,0.06497397321344502,0.0653679831786304,0.06619519573624742,0.06694674010354587,0.06944222957826206,0.07318686541713695,0.07551198675099464,0.0762880547407329,0.07655056697393485,0.0786394954541297
2025-09-22,0.06237251736628452,0.06334886072372777,0.061923592665752245,0.0625427809723386,0.0634244629733111,0.0638980711386502,0.06418411665942624,0.06451136812297197,0.06526761488942161,0.0656599760439262,0.06648735058592563,0.06716180996889845,0.06957881921860934,0.0734097390833641,0.0757333643005723,0.0764345346635937,0.07679826584051788,0.0788834867428038
2025-09-19,0.06237251736628496,0.06367406955382901,0.06156074195243207,0.06224113506890938,0.06305318159940512,0.06352999844782217,0.0638854017511784,0.06422807047392526,0.06497526953347257,0.06536263873536456,0.06619604241707094,0.06695110873255287,0.06949432124962537,0.07325960279462204,0.07557323913113771,0.07628771879669209,0.07674231353647232,0.07881022718198567
2025-09-18,0.06237251736628496,0.06367406955384088,0.0615607419524202,0.06225153297260992,0.06306297668149807,0.06352999844777178,0.06389247069901668,0.06422438793883664,0.06497142199165305,0.06535999861918529,0.06619293741469275,0.06695065010321524,0.06942031358920149,0.07330113818605223,0.07553655990589155,0.07629824487987219,0.07675036341004904,0.0788157462180397
2025-09-17,0.06237251736628496,0.06367406955384088,0.0615607419524202,0.06225153297260992,0.06306297668149807,0.06352999844777178,0.06389247069901668,0.06423009679087552,0.06497705485100122,0.06536468512041546,0.06619046214920397,0.0669478196835119,0.06936784140054651,0.07327492778461159,0.07548105525300958,0.07628989305544114,0.07672026783778188,0.07892148164828937
2025-09-16,0.061880202216341315,0.06367406955384088,0.06148433977889521,0.06225153297260992,0.06306456404399595,0.06352999844777178,0.06389408024880452,0.06423009679087552,0.06497796736714831,0.06536448925180481,0.06619593076194359,0.06694557322353434,0.06952665269685498,0.07329202155776883,0.07547493738268558,0.07627446682909847,0.07663396586908966,0.07882165999029234
2025-09-15,0.061880202216315044,0.06366857422713118,0.061484339778893726,0.06225153297260992,0.06306456404399595,0.06353026818292237,0.06389408024880443,0.06423009679087552,0.06497796736714836,0.06536446031437496,0.06619575053789999,0.06694955881719314,0.06951349311032023,0.07328129282319258,0.07546365966539782,0.07626430385699547,0.07668184214041787,0.07886014987771907
2025-09-12,0.0606589998238606,0.060988379254075895,0.06096851087851501,0.0618747265952941,0.062687670205213,0.06304057399701252,0.06345367820083515,0.06386207298104378,0.06461947588082215,0.06501384433928258,0.06592278121965986,0.06666421574563543,0.06921698494290326,0.07315185229271015,0.0752525089245604,0.07593097653558564,0.07635603277264391,0.07848036599017628
2025-09-11,0.060658999823858376,0.06098837925405664,0.06096851087851382,0.0618850036720077,0.06269737097153294,0.06304057399700996,0.06342202822350293,0.06385827255341145,0.06461566362757512,0.06501121143448554,0.06592131032511192,0.06666371855455272,0.06914296209972799,0.07312423471652625,0.07520080968850258,0.07591028903885108,0.0763894676967403,0.07839671659715917
2025-09-10,0.06061960000720239,0.060784625027095945,0.06080607910211389,0.0615465496515163,0.062240582052294824,0.06258195586266407,0.06298107132066949,0.0635063825798456,0.06423593353453767,0.06463960087765112,0.06559079086844334,0.06626311936227622,0.06888343129889841,0.07268955303827451,0.07466516925011964,0.07540324055050263,0.07607262081984925,0.07804896633488698
2025-09-09,0.060481697601018326,0.060784625027095945,0.06080607910211389,0.06147132208810062,0.062164852979652435,0.06250514833420383,0.06290378854654848,0.0634312263282004,0.06409181099153693,0.064563252699987,0.06544866875754235,0.06610530670353586,0.06861424631789322,0.07253750720812105,0.07449678369547097,0.07523462874017646,0.07594041951763214,0.07790755864655922
2025-09-08,0.060481697601018326,0.06055646824455416,0.060662740556661696,0.061179761815335756,0.06187918618803868,0.06218108971223646,0.06257827866416948,0.06336314695363196,0.06402379424383765,0.06450824700407652,0.0654645840113989,0.06611939300212245,0.06870250236734571,0.07263624527856041,0.0745531200733816,0.07530641093467579,0.07603156694238436,0.0779947639698868
2025-09-05,0.061062825631847235,0.06033823429241969,0.06050982916817395,0.060887570756490574,0.061572762569901025,0.061731969363498375,0.06219792664160933,0.06300139543824972,0.06388450083656455,0.06436616176062772,0.06548307800198057,0.06614312668944412,0.06871905479860708,0.07263441490973994,0.07454006058333508,0.07531980219666685,0.0760404069088419,0.07800081950701135
2025-09-04,0.06106282563185258,0.06033823429241924,0.06050982916817336,0.06089752575123901,0.06158210646197733,0.06173196936349991,0.062204597828025,0.06299805306610703,0.06388086463486724,0.06436355512571403,0.06547990695055506,0.06614304361841045,0.06871911092409762,0.07282903071605523,0.07466403651815884,0.07526324995364678,0.07599707573153242,0.07796988338762098
2025-09-03,0.06106282563185258,0.06033823429241924,0.06050982916817336,0.06089752575123901,0.06158210646197724,0.06173196936349991,0.062204597828024934,0.06300356169174677,0.06388634686935227,0.06436818393664695,0.06547744354880491,0.06613980753849487,0.06889837885103219,0.07309925372001524,0.07479536332892434,0.0753536759437263,0.07618627896888479,0.07794359672207042
2025-08-29,0.06092945493911259,0.060163302780686226,0.060433366915288875,0.06079743078832674,0.06143644086856423,0.061661494309613575,0.062122204429537635,0.06292703231548318,0.06381495855212618,0.06430244235353023,0.06540628369860894,0.0660773920742498,0.06886499010843779,0.0730977319344664,0.07474274629684616,0.07527312417557229,0.07610926526037409,0.0778669716136349
2025-08-28,0.06093957514086992,0.05934358618421926,0.06036645885672951,0.060389300012822056,0.0607649698856322,0.06118913642845834,0.061763006831609346,0.062344844183112785,0.06346372628734367,0.06406190241072471,0.06529989215730758,0.06603290381359696,0.06891470514036417,0.07303539040972529,0.07474438951835712,0.0754156705589903,0.07601301907305585,0.07781330673749602
2025-08-27,0.060939575140869486,0.05942107551443895,0.06043336691528864,0.06038930001278375,0.0607740504490266,0.06118475853441058,0.061761646218404936,0.06235023054545052,0.06346038361827545,0.06405935219540054,0.06529651502265942,0.0660298602214015,0.06904152938742113,0.07311577033062919,0.07479506665572737,0.07549785624406971,0.07613080617225843,0.0778748922034038
2025-08-26,0.060565349735926303,0.05942107551443895,0.06043336691528864,0.06038930001278375,0.06077523493732193,0.061192588688827904,0.06176164621840487,0.062350230545450455,0.06346651305611813,0.06405611495443585,0.06530089163725139,0.0660276209207201,0.06909494195829126,0.07315637066385183,0.0748976481899102,0.07540320820830897,0.07621745893222749,0.0778457292873403
2025-08-25,0.06069337818895124,0.05942107551443895,0.06021351357701287,0.06038930001278375,0.06077482969229747,0.061192588688827904,0.061766117328188076,0.062350230545450455,0.06346627652596191,0.06406069507324477,0.06530373748293646,0.06603159937022067,0.06920849997288676,0.07294691592293774,0.0751199807816375,0.0755880653272913,0.07618940410050543,0.07794275491519694
2025-08-22,0.06006305896634155,0.05882429471703978,0.059706757334111335,0.059880815849582415,0.06070547701126976,0.061198779906118994,0.061769822812439694,0.0623638957516426,0.06347030747489578,0.06406403704009946,0.06531099743131429,0.06604314909252408,0.068942925431194,0.07249769508589785,0.07574578072527972,0.07613476197319302,0.076511322389611,0.07810375239922193
2025-08-21,0.05995469565322031,0.05881960184132896,0.059706757334112376,0.05980546286792514,0.06070136766135148,0.061194793181376834,0.06177642605428426,0.06236359822697989,0.06346837181202443,0.0640641772727721,0.06530771473810563,0.06604510358350953,0.06816363702967652,0.07137802203203159,0.07541915720136244,0.0759993230193714,0.07673414225266013,0.07831229653785352
2025-08-20,0.05982664336016109,0.05840733431712354,0.059372001652061177,0.059551104626524624,0.06063458255362559,0.06104123572146761,0.061705898067878205,0.062377232517514515,0.06346762729124512,0.06407061016939299,0.06528317841204778,0.06596730879652946,0.0681414580786492,0.07123029198118157,0.07497664826484277,0.07577965186530435,0.07658627341680328,0.07801515222937022
2025-08-19,0.05970843757499915,0.05840270789734049,0.05937200165206073,0.0595511046265244,0.06063495587548109,0.06104900648905447,0.06170589806787815,0.062377232517514404,0.06347330146560842,0.06406733098450097,0.06528758094492812,0.06596506266355062,0.06811037764748865,0.07117681098401667,0.07506398010582443,0.07584307252743812,0.07664665359932324,0.07807352878854458
2025-08-18,0.059767540907813214,0.05824284203402974,0.05922850926931542,0.059409766531428716,0.06049176311968288,0.061050443687854825,0.061708814725185385,0.062381788015378,0.06347839882691725,0.06407284716053008,0.06528937737066626,0.06597228372465412,0.06826804478417178,0.07133250246893097,0.07502504323323075,0.07589166119856887,0.07675367381196063,0.07811771778471162
2025-08-15,0.059265409957452976,0.058229044810053796,0.05922850926931765,0.0594002873049324,0.060488771239603764,0.061050526194243455,0.061702201770682585,0.06237947759446184,0.06347988761095115,0.06407232481871256,0.06528974227578462,0.06597255359482898,0.06842808644681025,0.071451239706158,0.075134209227141,0.07590855508719081,0.07666321413355577,0.07805126688101999
2025-08-14,0.0592749862287528,0.05822444766703211,0.05922850926931765,0.059334378045102026,0.06048429951065134,0.061046566735005664,0.061708814725185454,0.06237873893351178,0.06347779453255234,0.06407250427826869,0.0652863785151233,0.06597424649659005,0.06850309327637016,0.07158042274066102,0.0752493368892844,0.07613949307610604,0.07677023958761639,0.07816560255037014
2025-08-13,0.05958037733328981,0.05798423086235354,0.05901802591339413,0.059061047129236065,0.06030165306797906,0.06080586223000929,0.061674418437134094,0.06227644786210631,0.0634409250468079,0.06404236628464939,0.06524847770237857,0.06598264948935152,0.06830994723883499,0.07173629286593289,0.07504503982639317,0.07589216012725271,0.07666677110385171,0.0782418537216045
2025-08-12,0.059708437574999045,0.05819788174371387,0.05899888941961683,0.05911760448308894,0.0602154280591388,0.0608113804438502,0.06167480724139353,0.06227462781521855,0.06344928877187582,0.06403760067798861,0.06525314441820346,0.06597909919907702,0.0683202573494217,0.07165453546367123,0.07502971056380717,0.07601031796598873,0.07681143749814198,0.07823774745539941
2025-08-11,0.05995469565322002,0.058265856744241555,0.05907543375133584,0.05919300931280372,0.06021465591698182,0.06081066331454375,0.061673252092716783,0.06227220141656322,0.06344883375023112,0.06404176069169451,0.06525191414623867,0.06598139409596815,0.06845375967889142,0.07191376241724758,0.07517943351618583,0.07613174343459869,0.07690032779747187,0.07836176534331199
2025-08-08,0.059816888481990176,0.058484546705502814,0.05907543375133599,0.05940028730492415,0.060277275951505886,0.0608851196016054,0.061666639759907396,0.06226303552524185,0.06344711810377397,0.06403656623558392,0.06525240113954872,0.06597674469330615,0.06836817646123457,0.07176993640531751,0.07508191335236378,0.07604837799144729,0.07683332495804933,0.07829013079400074
2025-08-07,0.058831634727415316,0.057887728517526396,0.0586161020136593,0.0588819277361558,0.05993273549882134,0.060627870941683454,0.06146016646152561,0.06201445446630079,0.06331201570340651,0.06397177114283072,0.065224769022962,0.06604088197237204,0.06847522804463738,0.0718823021207403,0.07525604556882232,0.07612308548334329,0.07696765838569974,0.07817969939426907
2025-08-06,0.057796955178999854,0.05741114441356043,0.05809916511142489,0.05856131819817148,0.0597921845767338,0.060484986521471426,0.06140292776613855,0.061962130536282176,0.06323699821358798,0.06389931942522328,0.06515230452397888,0.06597773348472094,0.0689304873333406,0.07233862374520551,0.07532881831235698,0.07639413660638741,0.07715838101509451,0.0784347884962651
2025-08-05,0.057304155774240605,0.05733342502822754,0.05803214013613426,0.05848586571905001,0.059726935010933735,0.06033960426418346,0.06132690154672273,0.06188680218346508,0.06312790100093288,0.06379335655522445,0.06501097423441814,0.06585983562605831,0.06880589770220662,0.07219093564627438,0.07521920052607271,0.07620898738133534,0.07695938455261452,0.07864447808081873
2025-08-04,0.056909872173175606,0.05703223364604007,0.057878927574183926,0.05848586571905001,0.05972816157404333,0.06034275724032618,0.061329997426942895,0.06188680218346508,0.06312862619170413,0.06379997708695981,0.06501289729279713,0.06586387682027633,0.0688454101853541,0.07226630485585854,0.07526622177157803,0.07631653964163712,0.07704521770534355,0.07832447548698773
2025-08-01,0.05680249649205052,0.05710553998381153,0.05794193412913923,0.05855210518268341,0.05979088586419396,0.06034202466121127,0.06132269371681905,0.06188240674954674,0.06312707036789791,0.06379893644264306,0.06501308251601669,0.0658625812408404,0.06884633095621365,0.07225244094809473,0.07526983730359799,0.07630263965650048,0.07704959746310136,0.07832726360497388
2025-07-31,0.05641696256248832,0.05695541246251691,0.05778427575316154,0.05848586571904938,0.059720876559215715,0.06033984545810136,0.061332646490395215,0.06188137919344514,0.06312807709759125,0.06380022576487661,0.06501170020127087,0.0658639973667538,0.06883676893300278,0.0722991722803738,0.0753928909916644,0.07640195998633573,0.07714616469809624,0.07842186150348164
2025-07-30,0.056614133755532384,0.0569642163592604,0.05777976835105725,0.05848586571905005,0.05972908165762174,0.06033579517968339,0.06133126564710535,0.06188680218346507,0.06312371496382356,0.06379789583816771,0.06501119882046082,0.06586095671677039,0.06877358272290651,0.07230856311641676,0.07523061540139792,0.07631147589077397,0.07707486858665319,0.07834899132185343
2025-07-29,0.05700844674703173,0.057109964832440935,0.05795100113363092,0.05848586571905005,0.05972785491023309,0.06034194347596797,0.06132708002825539,0.06188680218346507,0.06312844488038676,0.06379351695665937,0.06500589771132555,0.06585868783080724,0.06875314416659928,0.07229985056091377,0.07506764392617606,0.07632555309477647,0.07711946261683549,0.07838085473772063
2025-07-28,0.05695915976625498,0.05694478242038013,0.05783610461046932,0.0584481373444781,0.059708926090978165,0.06038215124484126,0.06132941518684389,0.06188800864486519,0.06312922657189686,0.06379770591198743,0.06501187259355548,0.0658635878671111,0.06889881004672685,0.07251357277399698,0.07528789081876193,0.07654044247893804,0.07725792582032114,0.07839376496284015
2025-07-25,0.05685177007390849,0.05700839049614887,0.05797568083169919,0.058514391405296316,0.05978118353719335,0.060458456892742325,0.06132393637195421,0.06188356507539597,0.06312733038094566,0.06379367693950781,0.06501039866435611,0.06586225912271078,0.06889971248023084,0.07252267874042509,0.07535190136100155,0.07652314661703007,0.0772430009490237,0.07838316433463413
2025-07-24,0.05656484187595797,0.05693598450050135,0.05791270339367905,0.058485865719051414,0.059701341697276984,0.06045542852866432,0.061321285386040904,0.06188137919344512,0.06312848032433951,0.06379449214383591,0.0650112028431922,0.06586287628609988,0.06896361068637663,0.07251476665153268,0.07556505118088105,0.07663051480024195,0.07704756002127619,0.07836558299754821
2025-07-23,0.05636766823310351,0.05682817478873669,0.05779780356710123,0.05841040754642241,0.059634432069003866,0.060452617249821775,0.06133019366468386,0.061889215200217604,0.06312761442943415,0.063793091913414,0.06500923562942268,0.0658615283539075,0.06929262646092543,0.07278090316537852,0.07591402364314699,0.07687876205833785,0.07710892947887757,0.07851532546334006
2025-07-22,0.055776088502348366,0.056419994089935345,0.05747220022853176,0.058051903448089,0.05941678003103344,0.06024333863807928,0.06111427518389496,0.061599355230571536,0.06284731292141041,0.06341423700103803,0.06463083513054187,0.06549830661585888,0.06875351159144168,0.07245168135841797,0.07535884336916476,0.07642671478059083,0.07675018503727578,0.07837443470130029
2025-07-21,0.05548026555464988,0.056419994089935345,0.05747220022853146,0.058051903448088776,0.05941769560842573,0.060243338638079125,0.06111427518389483,0.06159935523057131,0.06284785468045423,0.06341876679159282,0.06463516350539134,0.06550229871158887,0.06876127260228235,0.07245003786065815,0.0753439624852014,0.0764589987298907,0.0767435549737318,0.07836813612065636
2025-07-18,0.05547187337719241,0.05637680219793965,0.0574249816484023,0.058005115387759924,0.059375244775469536,0.06020540909474581,0.06107372846055637,0.06155968055896602,0.06281067574957562,0.06339031101051079,0.0646077911403817,0.06546498411942896,0.06865157036497929,0.07239572481274044,0.0752796165074285,0.07637745361799723,0.07673694658691835,0.07835104263330922
2025-07-17,0.05577608850234359,0.056411356807357496,0.057433888720596814,0.058014158696963754,0.05936988405618827,0.06020125955065895,0.06106981368377672,0.061556295458997816,0.06280803410858977,0.06339042449916328,0.06460772166508905,0.06546469010640434,0.0685458420226889,0.07225647579644538,0.0752989016005047,0.07631289118720871,0.07659899868020399,0.07838399242288113
2025-07-16,0.05577608850234888,0.05641999408993542,0.057433888720596966,0.058014158696963754,0.05937860433545662,0.06019720018580549,0.06107634746201703,0.061561675256736906,0.06280397619212207,0.06338820862607364,0.06460421166516636,0.06546172904246764,0.0689900070983232,0.07267030648775584,0.07521696120376692,0.0765317690621452,0.07711241702843494,0.07888431204516645
2025-07-15,0.055578875654750524,0.05634223586177361,0.05735726239906713,0.05793866492044627,0.05931240358242995,0.060128693955031155,0.061077898429762245,0.06156407651516082,0.06281215090475063,0.06338820883442305,0.06460283182492602,0.06546119748224742,0.06896008417031158,0.07270974158497666,0.0751634020525363,0.07649854002373505,0.07717517901337538,0.07893564460337617
2025-07-14,0.05505621419321702,0.05623531332096319,0.05729021075183276,0.05793866492044605,0.05931401839178657,0.060129809483147924,0.06107925567637454,0.06156407651516077,0.06281310762883927,0.06339345078853902,0.06460807613144164,0.06546518610133431,0.06895725123107825,0.07269776324691675,0.07508739410495695,0.07632433322114271,0.07708973192831775,0.07887321399520902
2025-07-11,0.05493949643079291,0.05592970981433468,0.05720473680488905,0.05785416869452788,0.05931009075900791,0.060133111749779346,0.06107828053289077,0.06156452389619635,0.06281409448543307,0.06339498737405465,0.06460968461884772,0.06546729970732575,0.0681257960722337,0.07185694996410338,0.07429214325399043,0.07553989238445241,0.07630773972021401,0.0780800413561261
2025-07-10,0.05494772865722978,0.05593395514984556,0.05599641120660862,0.05786316544418779,0.05930564233383608,0.060129130133501546,0.0610988339242125,0.06156108522732873,0.0628120187683356,0.06339520282891632,0.06462630209838952,0.06546694820648805,0.0690448407961153,0.07272074243214245,0.07511727820622849,0.07653176783762715,0.07714869479712302,0.07893873715229358
2025-07-09,0.05494772865722978,0.05593395514984556,0.05599641120660862,0.05801415869696363,0.059457520345511966,0.06031768891722293,0.06125066869265127,0.06171720092285965,0.06295010559690462,0.06353436537705592,0.06476651737370154,0.06560464831709227,0.0693553862932723,0.07297288687618242,0.07540392889601409,0.07671099070777095,0.07737308716859231,0.0791717009783337
2025-07-08,0.05483924015470722,0.05593395514984556,0.05599641120660862,0.057797098726220256,0.05945785640644109,0.060325394016318215,0.0612506686926514,0.061724124091627225,0.06295574512280155,0.06353077899230167,0.06476405912825119,0.06560732315520656,0.0692216964945617,0.07280662145969446,0.0752911338589366,0.07658316904582045,0.07724615610537591,0.07904331313815065
2025-07-07,0.05483924015470722,0.05589506688956034,0.05599641120660862,0.057797098726216814,0.05945785640644109,0.06032580117686296,0.0612506686926514,0.061724124091627273,0.06295574512280167,0.06353559047855262,0.06476844153859222,0.065611337171649,0.0693563957067986,0.07291765956055718,0.07539990075368158,0.07670647263316296,0.07738863911347625,0.07918180871607038
2025-07-04,0.05448593256367383,0.0561143906890453,0.05734837890649682,0.05829750942764625,0.05959781554216412,0.060323692305560915,0.06122048270952416,0.06170613613977435,0.06295196489323404,0.06353367772594314,0.06475026105802631,0.06560030938165433,0.06935111739453195,0.07292193613445944,0.07539651232010268,0.07670271370199255,0.07738411666155806,0.07917836678067788
2025-07-03,0.05429675313828582,0.05611011826777406,0.05743388872059695,0.058306643261053184,0.05959388723713137,0.060320105110906956,0.061214912281186216,0.0617024817664618,0.06295016420261419,0.06353411981153215,0.06474909484721167,0.06559982998623219,0.06935092038978836,0.07290899495540298,0.07539889446133868,0.07671928416715353,0.07738015141932529,0.07917532535180075
2025-07-02,0.05439539265878526,0.05610584671178618,0.05743388872059695,0.058306643261053184,0.05960238760035037,0.06031645927117457,0.06122148466926153,0.061707874600404666,0.0629459601449441,0.06353212989968575,0.06474554687571613,0.06559686252291458,0.06935117570239567,0.07287687995457619,0.07535170806695685,0.07658507360072966,0.0774438245085339,0.07922175050427943
2025-07-01,0.05488855347816431,0.05621815460234236,0.05743388872059695,0.058306643261053184,0.059600856038285945,0.06032299865051092,0.06122148466926153,0.061707874600404666,0.06295048563143034,0.06352793041781087,0.06474310950694719,0.06559461875143424,0.06935189887906214,0.072854294208606,0.07536742438371771,0.07661443334230851,0.07743333935171444,0.07921523110704128
2025-06-30,0.05459266434279467,0.05623960517798694,0.05743834363352528,0.058306643261053184,0.05960177492948065,0.0603224048916325,0.061222802603185904,0.061707874600404666,0.06295102852952812,0.06353182744338667,0.06474774221096043,0.06559860959917076,0.06937018969370842,0.07287455057358065,0.07532271159377779,0.07662021851695736,0.07743970970994841,0.07921792431337905
2025-06-27,0.054387324712028125,0.05589082742732345,0.05740002512424767,0.05832580106353805,0.05955994478540839,0.06028402760794418,0.06118796852635143,0.06166632783961918,0.06295349268312397,0.0635363264476198,0.0647500953790438,0.06560025160606685,0.06943651108181217,0.07310860425723009,0.07543700473018092,0.07677821404866568,0.0773086462748216,0.07920651059892211
2025-06-26,0.05400081986134936,0.055821516661430814,0.05740002512424707,0.05833494367942961,0.05955663963059397,0.06028054502427785,0.06119454998020762,0.061662716890067915,0.06295203274321728,0.06353446837158466,0.06474653573376497,0.06559976763289732,0.06943631086290633,0.07313026580352325,0.07543417068520293,0.07668643024112771,0.07733847322732032,0.07922743875053107
2025-06-25,0.05316222234898937,0.05575344744475463,0.057256320932691,0.05819343357773185,0.059424872394446174,0.060096529622016066,0.06104263373394866,0.06151709642370048,0.06280737782492699,0.06339024359865734,0.0646026849138128,0.06545599758100495,0.06928485630818297,0.07295749635814977,0.07528374414544817,0.07655005886984603,0.07727537962744871,0.07917793345319497
2025-06-24,0.052964879524109616,0.05559785193991441,0.05717967238113524,0.05790091589481968,0.059349119524868925,0.060098137707178735,0.06104417543420876,0.06152639369660694,0.06281590533079433,0.06339637781052289,0.06460805796699194,0.06546038378576507,0.06943801200362378,0.07314080675673783,0.07535867769733866,0.07659921269150223,0.07727241988367459,0.07918882814320968
2025-06-23,0.052964879524109616,0.05575344744475282,0.05732338481088815,0.058268908123903805,0.059425483575095445,0.060173505355004396,0.06104128489461175,0.06151469803826919,0.06281315432831881,0.06339233186617142,0.06460592467279568,0.06545602600593015,0.0692816106043662,0.07292209494727774,0.07524833555608688,0.07642831274829838,0.07725856936979997,0.07915298006181017
2025-06-20,0.05305587356423266,0.055443624891635374,0.05732338481089112,0.05825978599443083,0.05942097996281122,0.06017340816986923,0.06103473982240411,0.06151294870105807,0.06281370140166559,0.06339519404932879,0.0646064779427433,0.0654565530450118,0.06927313437636777,0.07295625272485053,0.07523372964822028,0.07642884906995398,0.07729526324785174,0.07918485001628872
2025-06-19,0.05296487952410987,0.05575344744475498,0.05732338481089112,0.05826890812397577,0.05941671383642579,0.060165822603408615,0.06104128489461171,0.06150934997148082,0.06281164337518878,0.06339072993792792,0.06460297383899818,0.06545606478074802,0.06924118580565221,0.07290070911976344,0.07519463175560655,0.07662913320350868,0.07717309126846966,0.07895007728763735
2025-06-18,0.053162222348970965,0.055899307207464374,0.05732338481089112,0.058334943679429624,0.05942487239444449,0.06017199598728348,0.06104128489461171,0.06151259975740817,0.06280737782491892,0.06338627065063246,0.06460054485743794,0.06545165054629848,0.06897605056824747,0.07289748894242223,0.07518143640366039,0.0763270986950651,0.07721301679542758,0.07899160663219282
2025-06-17,0.05335955535825069,0.0557534474447545,0.05740002512424699,0.058334943679429624,0.05942426127505699,0.06017350535500609,0.06103974353351997,0.06151259975740811,0.06281243156212776,0.06339233186617146,0.06460382578950036,0.0654494192966129,0.06890270710053484,0.0729754871372626,0.0753807761028632,0.07646756089826919,0.07752174060424187,0.07933242876058694
2025-06-16,0.05357661033262607,0.055899307207464485,0.057476661044620965,0.058334943679429624,0.05942358911448044,0.06017199598728354,0.061038202353275305,0.06151259975740811,0.06281203410251303,0.06339137110360171,0.06460260629802372,0.06545338622330296,0.0685406430813612,0.07291145888947953,0.07537378213302036,0.07642143671335329,0.07758886938223045,0.07937815801626576
2025-06-13,0.05364768599445483,0.05603663242775129,0.05740002512424724,0.058325801063537894,0.05941915128336126,0.06016728269315771,0.061033203278065724,0.061510846702462485,0.06281259070594057,0.06339128557295177,0.06460420729605548,0.06545390815480201,0.06856382462331423,0.072722842494979,0.07540253384554627,0.07642475956046099,0.07760662843512582,0.07939049623666732
2025-06-12,0.05385284494468706,0.05604515630427547,0.05740002512424694,0.05786316544417694,0.05941397598772269,0.06016281506852277,0.06103974353351993,0.061522210452609666,0.06281032742127021,0.06338880999487705,0.06460070144844529,0.06546413820596217,0.06846476945545477,0.07263465324925808,0.075418753168498,0.07649258682087097,0.07760876609842113,0.07939176226949267
2025-06-11,0.05385284494468574,0.05604515630427547,0.05740002512424694,0.058334943679385735,0.059422733744561286,0.06017048684371557,0.06103974353351993,0.06151259975740808,0.06280611627550951,0.06338531213059155,0.06459827477235218,0.06545050896386112,0.06843712824472384,0.07250739942221038,0.07540869980335722,0.07649459782189585,0.07762672605210232,0.07940593603296878
2025-06-10,0.0537147300428047,0.05604515630427547,0.05740002512424694,0.05833494367942959,0.05942316141451737,0.06017048684371557,0.06103974353351993,0.06151259975740811,0.06281178119649448,0.06339041048384557,0.06460259488875175,0.06544827879317115,0.06841665617152795,0.07256782797128737,0.07538837739162589,0.07659803578702788,0.07755124276330218,0.07940202213187424
2025-06-09,0.05424743245836607,0.05620071691977551,0.057514977357598515,0.05833494367942959,0.05942151199571836,0.06016887733758845,0.06103743183096041,0.06151259975740811,0.06281080586812716,0.06338938598014866,0.06460085365696805,0.06545224357710074,0.06846674630227467,0.07241166249125525,0.0753414991887359,0.07644675052311772,0.07763814976907009,0.07946187797830032
2025-06-06,0.05433801984712833,0.05626017916946391,0.05765865375219957,0.058401241491638674,0.059416986737999875,0.06016486800311068,0.06102801877172525,0.061508329300691444,0.06281127708220346,0.06338974545742547,0.06459945141185236,0.06545096815878695,0.06831983371647113,0.07206875564880313,0.07532005293398915,0.07636465204435706,0.07753154706354809,0.07932522201227823
2025-06-05,0.05434607320508941,0.05634654397866843,0.05780231470870619,0.058485865719050026,0.059555572664122314,0.0603135913823881,0.06125415603836932,0.06158019865611618,0.06287268213253139,0.063450204158006,0.06465452520429957,0.06551570982767374,0.0684907382736691,0.0723518458051823,0.07557409089408937,0.07664374530219578,0.07782703586325453,0.07961946841802273
2025-06-04,0.054612390971715045,0.05642431405076847,0.05780231470870619,0.058485865719050026,0.05956354057410253,0.060320488896514306,0.06125415603836958,0.06158554706255046,0.06286834881455756,0.06344618502203636,0.06465210621423846,0.06551292888074703,0.06840659642637771,0.07220250170842578,0.07539922344009933,0.07662553520982857,0.07791409834596343,0.0795726176835203
2025-06-03,0.055105524819843384,0.0564243140507678,0.05780231470870619,0.058485865719050026,0.05956201019868664,0.06032048889651439,0.06125415603836958,0.06158554706255046,0.06287285842144917,0.06345128159234427,0.0646564104931027,0.0655106978167741,0.06820667318228155,0.07181101797136007,0.0751963772646098,0.07643587509632432,0.0776442264208331,0.0793341746045747
2025-06-02,0.055298591432807964,0.05679368048798756,0.0580991651114247,0.05862733444762384,0.059709729399317,0.060460943054828055,0.06140292776613855,0.06188227878978913,0.06310341627805893,0.06367122326535497,0.06487548143844019,0.06565894319207183,0.06823462834036714,0.07181083040300329,0.07534098757631605,0.07658990382162079,0.07783513709680565,0.07951594486565197
2025-05-30,0.05528608716052742,0.05678492851888411,0.058162056243274994,0.05861810085207454,0.05969667946747727,0.0604609598324685,0.06139750284909258,0.06188019133432258,0.06310525221167657,0.06367169399714939,0.06487468406590959,0.06565925284402112,0.06823652285770679,0.07174038308118205,0.07528994934620946,0.07650830482631339,0.07788853770234205,0.07955348604712628
2025-05-29,0.055302761197793655,0.05700398152609293,0.05815748990726451,0.05862733444762384,0.05969200418148133,0.060455012836114014,0.06139601524389865,0.06187686815876839,0.0631028543651816,0.06367085406832074,0.0648740958901454,0.06565901253426885,0.068415875752835,0.07186871787556114,0.07545805287963744,0.0767317200245443,0.07812601546214426,0.07978506670016877
2025-05-28,0.05543095958547313,0.05698365010774834,0.05677458965763413,0.058627334447623726,0.05971367964877692,0.06045099210854876,0.061422344225307166,0.06188227878978931,0.06309710640191495,0.06366861547403574,0.06489464051689972,0.06565606053254382,0.06835272135556919,0.07194695775020173,0.07542577035135463,0.07685363114269884,0.07816130924540485,0.07982370930193214
2025-05-27,0.05573664671708039,0.05705166672819626,0.05816205624246225,0.058627334447623726,0.05971272864195533,0.06045798486460494,0.061390633045921836,0.06188227878978925,0.06310199904373535,0.0636646740454093,0.06487345450592436,0.06565382693227152,0.06843780994998948,0.07186909935735293,0.07533908910611162,0.07675865250268017,0.07818558607179192,0.07972532689062581
2025-05-26,0.05551970988880689,0.056905913971446294,0.058162056243274765,0.058627334447623726,0.05971340353480794,0.060459513870785214,0.06139718106520298,0.06188227878978925,0.06310239800677604,0.06367077331018442,0.06486990884149192,0.06565779699739789,0.06834017294140873,0.07177573429226661,0.07533581150445771,0.0767661655608174,0.07821060631086446,0.07974100785653276
2025-05-23,0.05551130580306055,0.05690152053430793,0.058162056243274765,0.058618100852074535,0.05970911232770876,0.06045972023150068,0.06139718106520298,0.06188019133432256,0.06310306333527682,0.0636709047062044,0.06487386030148226,0.06565810948611167,0.06821545765776083,0.07168479358486234,0.07518531342877358,0.07679918435617027,0.0782688603977478,0.07978183660508806
2025-05-22,0.05551970988880635,0.05681941268900583,0.058157489907264506,0.05862733444762363,0.05971340353480797,0.06045685615755791,0.061397577668764816,0.061876868158768424,0.06309967364040407,0.06367200334925675,0.06487395287110098,0.06565786479324144,0.06829981929173759,0.07177763912967344,0.07525301347254848,0.07686679702909162,0.0783563754334137,0.07986764193553085
2025-05-21,0.05551970988880635,0.056828174788736675,0.058229456272562596,0.05870277625373531,0.05971340353480797,0.06045261724982174,0.06139313713594163,0.061879866853124604,0.0630969435732595,0.06374898014489289,0.06495355335885997,0.06572368465021532,0.06842049117769411,0.07181872469878005,0.0753824158193586,0.07702207784687314,0.07852734400541851,0.0800354918839168
2025-05-20,0.05551970988880635,0.05690591397144593,0.05825357368514563,0.05866505606211329,0.05971340353480797,0.06045951387078507,0.06135094335057548,0.06184220464019269,0.06306309615636435,0.06370530190538524,0.06491314376745327,0.06569385780404335,0.0683932893617258,0.07188298096587337,0.07537797195004105,0.07698962337172983,0.07847872033432671,0.07999304891275145
2025-05-19,0.055687343934066824,0.05690591397144593,0.0582489937988142,0.058665056062113065,0.05971288202016368,0.06045951387078507,0.061357847806330086,0.06184220464019246,0.06306278806884999,0.06371043941639815,0.06490988132790895,0.06569783654570521,0.06832732817964728,0.0719125164965815,0.07536574151434107,0.07697891200469675,0.07848957693449578,0.07999869451307068
2025-05-16,0.05567888914568588,0.056901520534307824,0.05820658400110619,0.05865581069703459,0.05970858067070647,0.06045970091170155,0.06135948633175879,0.06184014506319453,0.06306343103072932,0.06371055859119622,0.06491495375129114,0.06569816340742568,0.06829758326204596,0.07189150192506877,0.07537437511023118,0.0769832539227554,0.07849107618745246,0.07999946148061489
2025-05-15,0.055687343934066116,0.056897127999417124,0.058202012410499646,0.05866505606211309,0.059704059361613486,0.06045602227717791,0.061359853962843366,0.06183680694301596,0.06306118640018507,0.06371114857069272,0.06491502691667615,0.06569790157225457,0.06830807838254722,0.07188910167671714,0.07534867533645698,0.07701969455145281,0.07854339151890588,0.08004522369077863
2025-05-14,0.056288796032107465,0.056944782420383096,0.05822610870820276,0.05866505606211309,0.05971101106843634,0.060451398369611185,0.06135624775996584,0.06184220464019247,0.06305624158099753,0.06370853916143891,0.06491518597539918,0.06569495012344959,0.06830825796658324,0.07189139544613449,0.07539838554856976,0.07699068942065049,0.07853730908588727,0.08004250675184933
2025-05-13,0.05596343162784085,0.057012800373508685,0.0582673190866163,0.05866505606211309,0.05971202315167282,0.060458392577273326,0.061349789034992656,0.06184220464019247,0.06306228068780707,0.06370458902312358,0.06491112552200083,0.06569271312087135,0.06830889196412822,0.07189180470408517,0.07544904312166384,0.07697815194219222,0.07852797041944465,0.08003692415759736
2025-05-12,0.055677483303943176,0.056546344710202756,0.0582673190866163,0.05866505606211309,0.05971291269626639,0.06046328639528208,0.06135632002576681,0.06184220464019247,0.06306280619091839,0.06371284311462247,0.06490761482216859,0.06569668971211794,0.0683062584583591,0.07191435323608493,0.07540595599931377,0.0770304697199786,0.07851958727599276,0.08002897472108307
2025-05-09,0.05529442250512326,0.05710553998381862,0.05830559440697538,0.058731226097753136,0.059786136788651655,0.06049610395578689,0.06135553289309795,0.061837696128734895,0.06306140172296852,0.06370771924319685,0.06491103653085983,0.06569527062209048,0.06830707362807811,0.07191199459037755,0.07547189285373689,0.0770140344653959,0.07850477604049812,0.08001822764956727
2025-05-08,0.05516469676285384,0.05710111604709885,0.0583010056705944,0.058740495022599065,0.05978198953128549,0.060492518268829586,0.06135589841968995,0.06183440338964727,0.06305939105416931,0.06370835159422931,0.06491110827719783,0.0656950394615521,0.06830703617309335,0.07191077363554917,0.07547268632881259,0.07701454666046904,0.0785052116066775,0.08001825026490811
2025-05-07,0.05516469676281068,0.05710996483244088,0.05829641789360974,0.058740495022600064,0.05979084248839832,0.06048813618506851,0.06135297777794449,0.06183979450174605,0.06305554811327096,0.06370588304349029,0.06491171011117737,0.06569208942688115,0.06825445771737788,0.07190740057950655,0.07541327398713249,0.07697360793506187,0.07854131574733574,0.08004531329395005
2025-05-06,0.055440820828328,0.05735285516002936,0.058305594406975324,0.058740495022600064,0.05978998225202696,0.06049329921822161,0.06134900435063692,0.06183979450174605,0.06306048016497867,0.06370080577048484,0.0649093263734108,0.06568985506948141,0.06838172322045354,0.07199727924667748,0.07559145525863457,0.07708488727122247,0.07865517120979176,0.08016318523403991
2025-05-05,0.0555887365299588,0.057352855160028915,0.058305594406975324,0.058740495022600064,0.0597895214607473,0.06049329921822161,0.061394227113267454,0.06187866102561537,0.06309950825274897,0.06374559747545928,0.06494418144053893,0.06572227305115887,0.06820699860387368,0.07210503234035444,0.07562687290546048,0.07711901045785904,0.07869055504787534,0.08019524318391563
2025-04-29,0.055385835486608415,0.056968619665449007,0.05831018410309083,0.05866505606211303,0.05993160099626705,0.06049759757870808,0.0613956519507767,0.06188107277451238,0.06309326569225374,0.0637478725087088,0.06494347991865237,0.06571886713911154,0.06820016656254961,0.07208395113026618,0.07558186938345651,0.07707502638628928,0.07897572658970757,0.08052229519590573
2025-04-28,0.055385835486608415,0.05696861966544923,0.05831018410309083,0.05866505606211314,0.05993160099626705,0.060497597578708075,0.0613956519507767,0.06188107277451232,0.06309326569225374,0.0637478725087088,0.06494779370273308,0.06572284312013209,0.06823975188365249,0.07205584142177615,0.07558065848428694,0.07708997881919913,0.07897234124438057,0.08051775591642102
2025-04-26,0.0553774713615942,0.05696421635926031,0.05831018410309083,0.0586558106970346,0.0599272805671882,0.060536297448640516,0.0613956519507767,0.061881608577893266,0.0630940152550239,0.06374649855564855,0.06498742935114314,0.06572289685945078,0.06814644252769543,0.07208881895864024,0.07554820551651328,0.07723785485331011,0.07893126131703207,0.08048865364920907
2025-04-25,0.05538583548660868,0.05695981395838831,0.05830559440697548,0.05865118946424122,0.05992269530604649,0.06053263914184058,0.06139604846232042,0.06187917466226891,0.0630918909033369,0.06374705138706475,0.06498752175450667,0.06572328719884818,0.06814679366607823,0.07208789452100028,0.07554925855124164,0.07723854889847259,0.07893184288212789,0.0804887729188262
2025-04-24,0.055553500666324314,0.05696861966544913,0.058301005670594375,0.05866505606211323,0.059931087582127986,0.06052832632904124,0.0613931442891829,0.06187566543861524,0.06308752557426091,0.06374459078632591,0.0649881438011264,0.06572291418992587,0.06835766823251413,0.07212072593865854,0.07557498022883348,0.0770421937319637,0.07886993697600223,0.08051352713434763
2025-04-23,0.055602812620676234,0.05679368048798776,0.058310184103090947,0.05866505606211312,0.059930936586200606,0.060537891204165625,0.06138909849568413,0.06188107277451231,0.0630928748948168,0.0637423653721538,0.06498570774183732,0.06571995778786968,0.06800971670247172,0.07194302413573346,0.07520018301024756,0.07702795423336403,0.07904915376578125,0.08064248560239137
2025-04-22,0.055602812620676234,0.057036647424242394,0.05864509839531803,0.05888192773622133,0.06018847254047794,0.06093927778074552,0.0618336834518226,0.062175335501585945,0.06353539064314576,0.06414634789864342,0.06537829394047846,0.06613203755973249,0.0685477448377633,0.0721799638247137,0.07578062757635515,0.07756438235080829,0.07964710792304544,0.08123778960139834
2025-04-21,0.055602812620676234,0.057036647424242616,0.0586450983953198,0.05888192773622255,0.060188472540480105,0.060939277780752456,0.06183368345183271,0.062175335501590635,0.06353539064315915,0.06414634789865585,0.06538266548823286,0.0661360766290755,0.06833417827247851,0.07205344181962361,0.0756274829622231,0.07744464221033177,0.07952658299359189,0.08111059085427176
2025-04-18,0.055878948361600934,0.05725125524545532,0.058640456214770674,0.05887261456241098,0.060178645426883386,0.06093341100846773,0.06183409380700937,0.062173069450792845,0.06353349964338614,0.06414559729008189,0.06538241039181049,0.0661362070595639,0.0683148709501009,0.07205420355402757,0.0756189498219754,0.0774491586458796,0.07952809151539537,0.08111134925184307
2025-04-17,0.0556028126206767,0.05719213073220357,0.0586358150104024,0.05888192773622248,0.0601884725404801,0.060929797131542236,0.06183118364962753,0.06216987224973641,0.06352986252147466,0.06414364748323467,0.06538308289951585,0.0661360065382516,0.06828321905572764,0.07199904112229076,0.07560551051630908,0.07741877010671608,0.07955650325526718,0.0811312297456169
2025-04-16,0.05587894836209053,0.05726015086824679,0.058645098395319825,0.05888192773622248,0.06018762326077132,0.06093693521046629,0.06182703255121585,0.062175335501590705,0.06353488964161186,0.06413965052010405,0.06538060674178253,0.06613315413762917,0.06828345461358493,0.07201285645843124,0.07551260442059185,0.07743919883827564,0.07957231033371323,0.08114420019587253
2025-04-15,0.055602812620675714,0.05706580146775143,0.058568554007417686,0.058957350338526754,0.06018847254048001,0.0609389721978642,0.06179657620628413,0.062172912352312315,0.06353539064315922,0.06414615354882561,0.0653797817046346,0.06612916010189339,0.06828297955473848,0.07200092626496454,0.075628439741664,0.07741112696494751,0.07955051171180358,0.08112982931634898
2025-04-14,0.05538583548660865,0.05699777470332788,0.058568554007417686,0.05895735033852642,0.060189139914353984,0.061016613678872476,0.06179657620628426,0.06217291235231227,0.06353578433602598,0.06414355129424684,0.06538415611787493,0.06613319387004693,0.06815391109875178,0.07204897480474892,0.0756453351275479,0.07741147584578378,0.07955298385040128,0.0811293295652622
2025-04-11,0.05538583548660865,0.05723182716663041,0.058602190585040036,0.05902340677307258,0.060180155457522894,0.06101063438004508,0.06179619351115189,0.06216836489970584,0.06353427415389637,0.06414277178444808,0.0653833632222974,0.0661317088518211,0.06812305986810123,0.07205015167685161,0.07564995613513527,0.07741298215995726,0.0795520904783222,0.08112837929584739
2025-04-10,0.05538583548660865,0.05724071678036638,0.05860682675316236,0.05903276725269068,0.06018913991435396,0.061006192720877296,0.06179246873422041,0.06216503956862169,0.06353025525761521,0.06414033632541072,0.06538342509809042,0.06613142915002145,0.06807029700249417,0.07206625415930762,0.07562779337672242,0.07742185263673648,0.07955920437092882,0.08113312481554107
2025-04-09,0.05538583548660865,0.05724071678036638,0.05860682675316236,0.05903276725269068,0.060189139914354144,0.061014063967305174,0.0617891448145961,0.06217048958025355,0.06353578433602601,0.06413673084394188,0.06538145610037392,0.06612854759330364,0.06808103947061733,0.07212488782640687,0.07561659427851555,0.0774140260542872,0.07931724283240658,0.08092661782660922
2025-04-08,0.055800054375801864,0.05703664742424247,0.05853028015802267,0.05903276725269068,0.06018786590009261,0.06101620568262432,0.06179736465656185,0.06217048958025355,0.06353503277781446,0.06414329217364628,0.06537907373660655,0.06612628301346238,0.06815541557006626,0.07212858798804093,0.07563375179194626,0.07741750418131642,0.07930313315631221,0.08091768324955366
2025-04-04,0.05555350066633378,0.056746062982625675,0.0586021905850435,0.059023406773072704,0.060179642005124594,0.061015578027965464,0.061796303473561506,0.06216836489970586,0.06353396981059382,0.06414591999182415,0.06538219352665739,0.06613055449866696,0.06813363299128576,0.07188759514052874,0.07546858718185426,0.07757195296908743,0.07941673764490326,0.08100799110280368
2025-04-03,0.05555350066632175,0.05675480303140718,0.058597555391210907,0.05903276725269078,0.06018862420997149,0.06101127422936753,0.061793465825979506,0.06216503956862168,0.06352995177592684,0.06414357731479323,0.06538285639159022,0.06613027385883563,0.0680914071191361,0.07209791898280311,0.07567214045194433,0.0775549546222677,0.07933348212882237,0.08083561072811493
2025-04-02,0.055139256313176364,0.05651180175739096,0.05851641060645596,0.05903276725269078,0.06022804870125235,0.061050564988446486,0.06186965384879801,0.06223849664790644,0.06360360378871018,0.06425939110398902,0.06553901399177617,0.06623505761131081,0.06748152190041132,0.07171076801809399,0.07516802757042614,0.0774856524895815,0.07994431513057844,0.08160503751368449
2025-04-01,0.055060347776063806,0.05619099473674502,0.05851178936273051,0.05903276725269078,0.06022829159048505,0.06105393490738842,0.06187711173999039,0.0622384966479075,0.06360374713861931,0.0642667730495263,0.0655360345595468,0.06623278381047729,0.06762940350353706,0.0716489248918546,0.0752261357539578,0.07745094941685318,0.07993477613913401,0.08159941806936265
2025-03-31,0.05513925631318055,0.05638542939376482,0.058530280158022675,0.05903276725269078,0.060228048701252694,0.06105189240082941,0.06187473550819017,0.0622384966479075,0.0636036037887114,0.06426547392022565,0.06553900322515903,0.0662368299183707,0.06755332367834614,0.07159919825647816,0.07516297792162681,0.07748080876251429,0.07996114785253229,0.08161586547251944
2025-03-28,0.05509724535794636,0.05589082742727505,0.05852565600375953,0.05908937117661356,0.060225456431980205,0.06105706311267345,0.06187542816286484,0.062234346214905194,0.06360582687873827,0.06426923668222048,0.0655394736888137,0.06623562492921697,0.06768054466743781,0.07175544521594895,0.07514142893765267,0.0774667572159867,0.0799298138192925,0.08159312572296798
2025-03-27,0.05510552481984291,0.055886588820370106,0.05852103282001852,0.059098752387206466,0.06022088165776191,0.06105323468699514,0.06187278657698288,0.06223091340150703,0.063603589742838,0.06426984048054678,0.06554047660859273,0.06623526481485396,0.0676804295329723,0.07176568058148913,0.07521720927022431,0.07740117752287486,0.07993021269737297,0.08159308677685967
2025-03-26,0.05480965186641753,0.05589506688956051,0.058530280158022745,0.059098752387206466,0.060230798320111335,0.061049009575413204,0.06186806685357681,0.06223637456582087,0.0636001659242191,0.06426753827350595,0.06553760230920724,0.06623238950180214,0.06777535420973135,0.0717689391859725,0.07526998783570944,0.07740733339722898,0.07989921182934893,0.08157275282823086
2025-03-25,0.05480965186641709,0.055827010599570404,0.058530280158022745,0.059098752387206466,0.060230798320111335,0.061057647305461364,0.06187473550819015,0.06223637456582081,0.06360570835061807,0.06426436485835231,0.06553406815405569,0.06623011817107277,0.06772325479560969,0.0717521210000045,0.07523884658805487,0.07743806193971764,0.07990690351111852,0.08157945172381662
2025-03-24,0.05480965186641709,0.05609922175147149,0.058463298265730816,0.059098752387206466,0.060230798320111335,0.061054761172277455,0.0618761172312884,0.06223637456582081,0.06360570835061807,0.06426777145892895,0.0655399417166592,0.06623415936297287,0.06772083203705587,0.07174021433378656,0.07518825413436783,0.07737657114461705,0.0799483114110901,0.08160666030229737
2025-03-21,0.054801460862227015,0.05621158420628409,0.058458684611565004,0.059089371176613385,0.0602264254499142,0.06105373423763611,0.061876721809435674,0.0622343934858888,0.06360640106147898,0.06426711779807268,0.06554035235719857,0.0662345020156907,0.06767007067621,0.07141179083846223,0.07514320480692632,0.07733504844643568,0.08003694185297136,0.08166971570049472
2025-03-20,0.05480965186641674,0.05629475382593971,0.05845407192462969,0.059098752387206493,0.06022180647818267,0.06104907372057195,0.0618739506974649,0.06223091340150692,0.06360413868555521,0.06426718460430134,0.06554127114010785,0.06623410758199869,0.0675541574415435,0.07138884250948016,0.0751587608798254,0.07734592632924882,0.08004578912758123,0.0816757115372737
2025-03-19,0.05480965186641674,0.05654634471023152,0.0584632982657307,0.059098752387206493,0.060230798320111516,0.06104213035361302,0.061869444272241815,0.062236374565820846,0.06360016592421909,0.06426314156595003,0.06553854787772026,0.06623123454374917,0.06755431947900607,0.07139102919559447,0.07515718775362575,0.0773901889390784,0.08018661222175343,0.08157179826768811
2025-03-18,0.05480965186641674,0.05735285515995653,0.058530280158022856,0.05917415863842052,0.060230798320111335,0.061041474729886365,0.0618747355081902,0.06223394968305965,0.06360570835061802,0.06425409322750018,0.06553406815405576,0.06622723692291659,0.06764852562061012,0.0714031030810946,0.07505518375730964,0.07740493664781742,0.08011976087913161,0.08151343592293028
2025-03-17,0.055430959585498055,0.058042501566698934,0.05860682675316363,0.05917415863842041,0.060228847859029204,0.06096686528123969,0.06187315657092883,0.06223394968305959,0.0636045560821315,0.064257345056671,0.06553793078239184,0.06623127280708654,0.06776191231315504,0.07156205027340673,0.07509518470383662,0.0772999447049237,0.08010824055323097,0.0815028385101366
2025-03-14,0.05492963691005241,0.05799909089263562,0.058678720737313075,0.05916475370944257,0.060226138161116605,0.060967681361641,0.06187182773063972,0.06223187052832414,0.06360620060147808,0.06425786514232568,0.06553702821016825,0.06623154405198202,0.0678163940445847,0.07180743360425156,0.07515757012235462,0.07727457018284917,0.08004970176073314,0.08146093447495213
2025-03-13,0.05493786618867809,0.05807219690702715,0.058855786265295126,0.05924955920396036,0.06032629446792712,0.06110755098531661,0.061865055081426805,0.0622260772630976,0.06367862470997922,0.06440107414638853,0.0657251490626772,0.06646114055365762,0.06808308956981891,0.07193358772260205,0.07529044103766208,0.07742648661290424,0.08034461681951888,0.0817395163995858
2025-03-12,0.05493786618867809,0.05808134775193528,0.05886513892443202,0.05924955920396036,0.06033531675071575,0.06110281959576222,0.061861181895078665,0.06223152517771717,0.06367468043680613,0.06439840924814404,0.06572279683150742,0.06645823841110012,0.0680306126940631,0.07194167677865743,0.0752038077422212,0.07736044939393352,0.08039776597861405,0.0817791716147935
2025-03-11,0.05441512026860089,0.05822701417201616,0.05886513892443217,0.0591741586384209,0.060336960953189495,0.061109129010610407,0.06186782903419673,0.062233949683059696,0.06368120349579556,0.0643938395556608,0.0657192994891261,0.06645767861880188,0.06803225690129616,0.07201181062727388,0.07525732163803989,0.07744353436818432,0.08034081995491131,0.0817399372294651
2025-03-10,0.05441512026859648,0.057673424860869175,0.058941666210558866,0.05917415863842034,0.06033696095318942,0.0610380786113038,0.061827571227145633,0.06223394968305971,0.06368120349579552,0.06440589002996969,0.06572487081498589,0.06646176568072357,0.06805082810416202,0.07207799596387139,0.07519286258286006,0.07738742971392562,0.08036903409469592,0.08175752591660128
2025-03-07,0.0547028610231578,0.05766891269807283,0.05893697730947233,0.059164753709442616,0.060331748027905197,0.06103847168511463,0.06182795501662862,0.06223168825655467,0.06368142360332578,0.0644061408546792,0.06572513250123896,0.06646192943804106,0.06803154612081141,0.0719409299679558,0.07517964446817005,0.07742819276237807,0.08038202912584172,0.08176640173587407
2025-03-06,0.05510552481984267,0.057994528119709045,0.05921913659971869,0.05921185963184603,0.06040204648913791,0.061031411093567516,0.06181910298497693,0.0622272861565601,0.06367561838987025,0.06440456766826184,0.06572186846438738,0.06646089675316708,0.06826281604453815,0.072362021204766,0.07532329241212342,0.07762676888452517,0.0801682723739401,0.08158562864249713
2025-03-05,0.057668833222222486,0.05832411917654398,0.05956328689640911,0.05960763427162733,0.06066046773520886,0.06125402712045668,0.06203046850990729,0.062375410690506235,0.06380474584012377,0.06454910538679287,0.06585500336466248,0.06660282778837574,0.06830461568666546,0.07304348915958234,0.07578593530216757,0.07802473409496272,0.08017811789556552,0.08154663108163956
2025-03-04,0.05845721042810143,0.05873190829594257,0.05967801581013113,0.05960763427162733,0.06065797595318076,0.06125758123392395,0.062034748037021144,0.062375410690506235,0.0638088273336353,0.0645428950936027,0.06584987417501476,0.06660053014723999,0.06870584657582071,0.07358772516366878,0.07631570836309091,0.07828716301997629,0.08030112420408234,0.08145709934252883
2025-03-03,0.05855574656446639,0.05873190829594257,0.059744936430307004,0.059683002161173816,0.060657664550595805,0.06125758123392395,0.06203336457885029,0.06237298191852383,0.06380864413800154,0.06454815163222179,0.06585390228887959,0.06660288150011598,0.06882875505160316,0.0735605610881874,0.07645907116741159,0.07851441398861911,0.0800482606839481,0.08165686820263798
2025-02-28,0.05876693210752329,0.058580823819598005,0.0599936240804672,0.0595980924274388,0.06057604390698618,0.06110643730523172,0.061947593957821026,0.06229503351163227,0.0637381711329495,0.06446998390337394,0.06577372071828241,0.06652956377864039,0.06898692352815784,0.07364126958943466,0.07646606219068357,0.07844807459276316,0.07988846320542485,0.08151904096061065
2025-02-27,0.05866835365205939,0.058580823819594875,0.059993624080474914,0.059683002161175336,0.06057633697829234,0.06110643730521423,0.0619542280942161,0.06228985738996784,0.06373834307466258,0.06447525212097238,0.06577017648036597,0.0665257996191464,0.06899717134147901,0.07361898572406446,0.07646673037960543,0.07850932512424381,0.07988633135690833,0.08137837517772403
2025-02-26,0.05914150862971511,0.059066449449712906,0.059993624080474914,0.05968300216117389,0.06057493036546356,0.06110142852167891,0.06195422809421603,0.06229528655935312,0.06373751783039999,0.06447206327935973,0.06577513734952295,0.06652293908957904,0.06908185656714087,0.0737135632447215,0.07671363797349444,0.07884940704179087,0.07970417071962153,0.0812574447201397
2025-02-25,0.05938311424638164,0.059309218416705715,0.059993624080474914,0.05997499909257745,0.060574209760996284,0.061098925048410364,0.06195422809421603,0.06228589110020473,0.06373709505972414,0.06447046944387334,0.06577513734952295,0.06652026380015448,0.06907643531971566,0.07376710734426128,0.07679066640009902,0.07880251640941147,0.07968569915239646,0.08124540104993168
2025-02-24,0.059378307633538054,0.0592461946508551,0.059993624080474914,0.059974999092570896,0.060645909881346084,0.061176438840786634,0.06195422809421603,0.06228589110020471,0.06373475762107188,0.06446780744885809,0.06577513734952295,0.0665200977966413,0.06905391844228503,0.07375852137604798,0.07676800508439763,0.07884449578428006,0.07968268230856328,0.08124127578925414
2025-02-21,0.059506195004601074,0.05936747862018497,0.060194394186785224,0.0599653404556391,0.060650089236614815,0.06117520156043157,0.06194351019749432,0.062283346206290724,0.0637341019524292,0.06446177064954277,0.06577087001756168,0.06652000623598969,0.06909782212769908,0.07388950802324007,0.07678519829388245,0.07881653292933163,0.07966117724767652,0.08122581381709049
2025-02-20,0.059634320356947754,0.05930921841670404,0.06019439418678315,0.059960512684693996,0.06064970790584221,0.06117580309393863,0.061950131532138034,0.062280715418071585,0.06373387854008371,0.06446740326661406,0.06576739613005197,0.06651806611315779,0.06909865270523528,0.07383459493493524,0.07681845254783552,0.07879985310211085,0.07966560291442175,0.08111607348816562
2025-02-19,0.060127072872545054,0.05943544673029894,0.060433366915280194,0.059955685944934736,0.06064824147273331,0.061174499815951404,0.061945256314501186,0.06228587211171052,0.06373301939295337,0.06446657469502602,0.06576903603264539,0.06651504169426822,0.06921493237198288,0.0738676690430598,0.07689165031697305,0.0787641182776329,0.07946327340038294,0.08097589567404707
2025-02-18,0.05987581644994526,0.05943544673029872,0.060433366915288805,0.05995086023599029,0.06064897478875832,0.06117449981595133,0.061945256314501145,0.062285867530623686,0.06373344902478476,0.06446657469502602,0.06576903603264536,0.06651908489471124,0.06921371248667224,0.07382036933934255,0.07688422965959268,0.0787567742128634,0.07947528950080784,0.08098531171389807
2025-02-17,0.06023543151101056,0.05916852193399044,0.06050027162569911,0.05990839932819152,0.060643303637343306,0.061177134788817915,0.06194389157326784,0.062286867931181725,0.06373327430362961,0.06446824990461732,0.06576810793211392,0.06651963613412339,0.06903328056272447,0.07381860808238193,0.07688989254666923,0.07874522262176187,0.07949999070163939,0.08100076689907242
2025-02-14,0.060146781741773056,0.05917327139587167,0.06043336691528874,0.059893949447581106,0.06064818282279369,0.061177206809406005,0.06193865021491259,0.06228425214416281,0.0637329850313966,0.06446304271342262,0.06576755092122369,0.06651949761499547,0.06903492897289393,0.07323783812734866,0.07700846579581293,0.07895281504723303,0.07958492687626284,0.08104741466920047
2025-02-13,0.060146781741773056,0.05917327139587167,0.06043336691528874,0.05993732685982751,0.06064818282279369,0.06117720680940608,0.0619452563145012,0.06228169628910797,0.0637329850313966,0.06446829569241137,0.06576408730541247,0.06651761558223665,0.06924696393182282,0.07339002532663635,0.07707842544293396,0.07910441587655696,0.07955752585059676,0.08118354232847519
2025-02-12,0.06034386522483665,0.05917327139587167,0.06067229693780306,0.05989965320783358,0.06064759635463569,0.06117720680940608,0.061940382880697524,0.06228831519268167,0.06373264143413793,0.06446829569241137,0.06576572182520882,0.06651563026850084,0.06949074677573147,0.07329387867667568,0.07717215559908532,0.07948388173654353,0.07907441042456974,0.08043466616537082
2025-02-11,0.060437423957515106,0.05917327139587167,0.060548058654861875,0.05989965320783347,0.06064727662244979,0.06117720680940608,0.0619429168437134,0.06228831519268162,0.06373245411092598,0.06446829569241137,0.06576744506147762,0.06651967775340194,0.06941553583150833,0.072828676439065,0.07714694841798093,0.07910661038696983,0.07922328435598355,0.08074953578162988
2025-02-10,0.060432445592619,0.0593044472144035,0.060213513577052374,0.05989965320783347,0.060642714694154755,0.061175724371556855,0.06194974144905901,0.06228831519268162,0.06373291048815566,0.06446735321809546,0.06577208617661114,0.06651951175715069,0.06926623374385794,0.07260408561058135,0.07719668934235405,0.07925153660476981,0.0791742442872914,0.0807907329487026
2025-02-07,0.05994968878721706,0.058988757207300804,0.06021351357700384,0.0597770250736593,0.06053440596800836,0.06106378753885668,0.061836841884996246,0.06217273391706141,0.06361968406583123,0.06442920249067287,0.06574522572022463,0.06652728581267169,0.06896667130921773,0.07244358922692122,0.07680751381910521,0.07885828580442206,0.07949164829482741,0.0808739175335819
2025-02-06,0.059949688787216605,0.05882365125302057,0.060146594515018734,0.059786623735278044,0.06053440596800827,0.06106548926262477,0.061844796429433455,0.06217002526683526,0.06361968406583107,0.06443554184362488,0.06574267469527072,0.06652527508855063,0.06902024849197094,0.07262454202312627,0.07688935740422614,0.0790489158598926,0.07944025800475292,0.08084979669890596
2025-02-05,0.060048236448489,0.05901789214897632,0.06007011148548258,0.059786623735278155,0.06053411327251836,0.06106348726403652,0.061846354164894875,0.06217541636793405,0.06361951256621928,0.06443426722809983,0.06574869406045608,0.06652242696020452,0.06883052228151505,0.07148619016989897,0.07669826121600956,0.07891876223661455,0.07975555463707229,0.08107263987354908
2025-02-04,0.06040786760644175,0.0589499099636011,0.06007011148548228,0.05993732685982776,0.060685476311598964,0.06121795376798184,0.06199132613704575,0.06232594530196142,0.06377038050888448,0.06458716805992512,0.06589233472157467,0.06666692880214903,0.06911778359890676,0.07181645375804672,0.07696323013036138,0.0790951933935384,0.07996096114588522,0.08128805723315184
2025-02-03,0.060067961932728904,0.05894519611458223,0.06007011148548228,0.059937326859827646,0.0606819100929178,0.06121787498088621,0.06199132613704575,0.06232594530196143,0.06377142627446564,0.06458711790524602,0.06589233472157477,0.06666676244134692,0.06915859702968855,0.07156025314560666,0.07699838030192484,0.07913819289074585,0.07997589984529904,0.08129653272193198
2025-01-24,0.0607329756218145,0.058726523788483184,0.06011791389166353,0.05971110626515991,0.06068603823229512,0.0612202623252494,0.06198371355214138,0.06233023574872485,0.06376562676613136,0.0645833521948539,0.06589017276980248,0.0666704308410275,0.06906838919538054,0.07140955578056228,0.07677805984588441,0.07895230611494727,0.08010693528693111,0.08143883783431898
2025-01-23,0.06073297562169653,0.0589013498565878,0.06030910642714868,0.05968300216117394,0.06068603823229512,0.061218455584072524,0.06198644678087167,0.06232869534689047,0.06377115669569401,0.06458748750850385,0.06588403414763955,0.06666927907857494,0.06911195697356547,0.07133936068425946,0.07681020068524352,0.07891937119156538,0.08011630806033612,0.08155885087309545
2025-01-22,0.06092999809930104,0.058464256264595935,0.06050027162570032,0.059899653207835496,0.06068543970996636,0.06122297303365526,0.06198254458157177,0.06232715819928091,0.06377080570032116,0.06459036324965947,0.06588635505356769,0.06666139838096032,0.06921464390777417,0.0714628654553747,0.07699781311721451,0.07933008226278965,0.07946654488875839,0.08106599011031079
2025-01-21,0.06132401434227354,0.05906644944983366,0.060786968183951566,0.059937326859828194,0.06064612236015112,0.061178309863555845,0.061938044265802836,0.06228710309931359,0.06373222336428767,0.06454828969623218,0.06584407376597412,0.06663617586173949,0.06926897714116272,0.07126373444251122,0.07728249102415384,0.07948174443284414,0.07945614754981878,0.08118729054438696
2025-01-20,0.06131888922594045,0.059061717036132694,0.060786968183915054,0.06007859041547801,0.060750891291377264,0.06128380960441364,0.062053990853617555,0.06239907644602368,0.06387562799385373,0.06461331594873947,0.06583904883057638,0.06654681445346512,0.0692996938397579,0.07191362650384892,0.0771645403249235,0.07935269672606265,0.07911588467041407,0.080895735722011
2025-01-17,0.0613240143422554,0.0590664494497129,0.06059584397609185,0.059852355505366175,0.06056987821976702,0.06110142852169655,0.0619353464425687,0.06228662468195047,0.0637294783782416,0.06454607924970199,0.06584530312721365,0.06663741162467597,0.06946031643555449,0.07193958086401346,0.07726371887389133,0.07921475590540146,0.07926896864558615,0.08102820134650159
2025-01-16,0.0613240143422554,0.05930921841671043,0.06059584397607775,0.059861978136481885,0.06056987821975002,0.0610989250484104,0.06194194218549332,0.06228411394639895,0.06373500604365234,0.06454976413103868,0.06584176438245187,0.06663555650285637,0.0694189822141238,0.07199292088336753,0.0773626479899276,0.07930727304769768,0.07920245884979853,0.0809808200524982
2025-01-15,0.06152100810946303,0.05906644944969608,0.06059584397607775,0.05960763427157331,0.06049303344535638,0.06110142852167894,0.06194194218549332,0.062297712113533354,0.06373743842778448,0.06455136008900503,0.06584672809099013,0.06663855378615757,0.06969774116695944,0.07218337791402056,0.07748853893759909,0.07938944065781943,0.07936782636312079,0.08114491423956634
2025-01-14,0.06188542135515174,0.05906644944971309,0.06050027162570172,0.05950399414773542,0.06049193026781313,0.06102454444594334,0.06186658466958513,0.06230104786681959,0.06373678966441988,0.06455443096764843,0.06585140650698358,0.066645028834283,0.06993060621364516,0.07230685501753238,0.0775091293633483,0.07946544807220396,0.07928909080478536,0.08106198432966524
2025-01-13,0.06171280129898441,0.058139074335995515,0.06007011148548237,0.05935322569951307,0.06034935997967661,0.0608895056746408,0.06187534889168446,0.06230590114589136,0.0637422464600368,0.06456603163220923,0.06585738296561325,0.06664834877457365,0.06994193615715216,0.07229640462973859,0.07743318898234076,0.07939776403782853,0.07916548580224225,0.08086155076220254
2025-01-10,0.061885421355140434,0.05814366074036509,0.05983107381461818,0.05927783295037513,0.06027269895517724,0.06081295771967317,0.06172864805322915,0.06230559902846209,0.06373924184259688,0.06456401239739419,0.06586562109097054,0.0666500115624185,0.06983900542246868,0.07280016267455726,0.07756289274968443,0.0790694179244795,0.07878748406584421,0.08075588040065351
2025-01-09,0.0615505563492602,0.0583379671423865,0.05983107381461773,0.05927783295037502,0.06027370886483585,0.060810963256397954,0.06173523306183582,0.062302863549273696,0.06374538961775211,0.06456805421005597,0.0658619868599374,0.06664810981358023,0.06941706895430477,0.07232140933798284,0.07729251113287602,0.07923678922509073,0.07914251830205675,0.08115366480538944
2025-01-08,0.05720465323798731,0.05872652378842082,0.05954417218551061,0.05927783295037502,0.060286823229862424,0.060806975500467986,0.06174106677117871,0.06230832835197207,0.06375313293720866,0.06456549816739794,0.06587097948378404,0.06664500390965433,0.06936435049798166,0.07210914141750283,0.07727942615386345,0.07913861122753406,0.07912530363639832,0.08101536806075121
2025-01-07,0.05625367360668732,0.0586293916455586,0.05944852462633704,0.05924955920396044,0.06026116818166982,0.060779134885500234,0.06170434277935288,0.062270381865413234,0.06371663237076063,0.06452762993025642,0.06583399449178215,0.06661124353538342,0.06942039631148814,0.07219745478157547,0.07723563640192742,0.07916438408822153,0.07903382581112392,0.08105130528491243
2025-01-06,0.05624935934360196,0.05862472866829802,0.0594485246263357,0.05924955920396033,0.06026126086115802,0.06077945344142271,0.06170434277935244,0.0622703818654127,0.06371668708543013,0.06452783408773378,0.06583399449178147,0.06661107732515101,0.06930276124351543,0.07207309563759993,0.07721484624084674,0.07914110713621948,0.0791609969827804,0.08103980696071798
2025-01-03,0.05629743751678144,0.05822138554792319,0.059544172185513146,0.05926839536362614,0.0602609564009914,0.06078332040230211,0.06169580601984776,0.062266862393940775,0.06371093898646639,0.06452500058351338,0.06583129156068077,0.06661042247548882,0.06932523399346131,0.07191859391813107,0.07725230146013931,0.0790442546787308,0.07905230665754297,0.0811628268867503
2025-01-02,0.06056549898977545,0.05822138554786812,0.05954417218550839,0.059263678065213724,0.06024808022794343,0.06078332040230214,0.061702398924974824,0.06226418702319995,0.06370890571293683,0.06453031236264888,0.06582765986231875,0.06660856162559506,0.06927333185167041,0.07190429348480395,0.07732404662092601,0.07883356261181727,0.07911397944448798,0.08086955953074428
2024-12-31,0.06090229422353829,0.05822226442756544,0.059736044629378066,0.059250002725202554,0.06024743210274306,0.060783624569842334,0.06169877629578277,0.06227061493156644,0.0637085217776013,0.06453050590036306,0.06583018712026685,0.06661041249251853,0.06930431071720779,0.07184286967067467,0.07718659026014564,0.0787975502031208,0.07925042523903215,0.08098081535426005
2024-12-30,0.060899047538201065,0.05821853492218472,0.059731822425697585,0.05925044625308465,0.06024772044517345,0.06078364672175134,0.06169749257040114,0.06227084799946469,0.06370869069789395,0.06453103043355456,0.06582979643330791,0.06661057869943245,0.06930297707313313,0.07177472860684707,0.07711927156289616,0.0787513665809691,0.07937770071202349,0.08096884198096022
2024-12-27,0.060742195748555335,0.0582211571031082,0.059465842946029426,0.05969449358423829,0.060134976079195684,0.06073831955458253,0.06151733274220211,0.062147941206676674,0.0635904573819745,0.06445199539116486,0.06584292786585354,0.06660633090218084,0.06946018730834728,0.07188988802997394,0.07738332175945802,0.07883123442485698,0.0794659041166708,0.08106741359355427
2024-12-26,0.06106918128964203,0.058222031215907376,0.059715080762960684,0.05970452478769179,0.06013435897056676,0.060746403744075354,0.06150873464148483,0.06214500444935243,0.06359562408201054,0.06444871686104026,0.06583722836528727,0.06660432477025177,0.06946100918314325,0.07189284323126774,0.07736920992941784,0.07883376858736985,0.07946782385769469,0.08106852477102444
2024-12-25,0.06107103563577828,0.05822290535495434,0.05971567626422973,0.05970497173471937,0.06013472008800385,0.06074670718024382,0.06151552074435822,0.06215063231371365,0.06359583598760638,0.06445420300201532,0.06583391231643197,0.06660130854799592,0.06955632080710988,0.07188250520387465,0.07736116552421146,0.07882748376562829,0.07946343974924057,0.08117950123650251
2024-12-24,0.061072890094530624,0.057980888485131554,0.05971627177737611,0.05970541868843862,0.06013508120977795,0.06074952388723209,0.06151578378182731,0.062150864937762236,0.06359604789461436,0.06445600697938808,0.06583910459174915,0.06660604834657503,0.06955509503731332,0.07188159045133233,0.0773206835999972,0.07883727876515023,0.0794714263645211,0.08118614768794388
2024-12-23,0.06106947899682006,0.05822465371179587,0.05971686730240004,0.059866011328352134,0.06013536413240501,0.0606703959485306,0.061516046821545864,0.061990579311138265,0.06352746723532678,0.06422959083442897,0.06564930837659225,0.06644851452244785,0.06945144556300131,0.07172210331799184,0.07701768993956369,0.07855041701626603,0.07940318869575097,0.08108740789184747
2024-12-20,0.060922639377684454,0.05798437082077591,0.059469964177885824,0.059857703046600756,0.06006072009063946,0.06058913590398914,0.06137426150439185,0.0618435355047642,0.06336857929977052,0.06423296139535466,0.06566053750713388,0.06645648927700862,0.06962702928568047,0.07196786422550987,0.07756328753790032,0.07851223041742038,0.07970756013050169,0.08101525314141118
2024-12-19,0.05911079267536819,0.057985241470047105,0.05924101909440724,0.05986780403252513,0.05955147842882502,0.0600778728499758,0.06077587525892507,0.061316264502283765,0.06302287163504,0.06394297787029421,0.06541724598778419,0.06617627253420096,0.06911535751593545,0.07178398696826689,0.07759653384418604,0.07889833806209448,0.07901734027142789,0.08076137969526936
2024-12-18,0.05911258793722574,0.05798611214546494,0.0580452703473925,0.0598682522253444,0.059265610612010064,0.059789606956055806,0.06066145088402094,0.06132167673627287,0.06303341134044006,0.06395982400715361,0.06543685630312805,0.0661733895446635,0.06853481532953364,0.07111455679889607,0.07706097739066105,0.07882555087250896,0.07931508367155443,0.0814452991792726
2024-12-17,0.05928199731323155,0.057986982847030126,0.05804584924294761,0.06017951222167276,0.05933226087345491,0.05985724145754339,0.06072943691834536,0.06138974761975093,0.06310951402195741,0.06403670521089629,0.0655191873871287,0.06623790018295451,0.06853250284110199,0.07111521323028303,0.07688149685433668,0.07873971566554426,0.07950466764325571,0.0812595089994859
2024-12-16,0.05927869304495131,0.057987853574744334,0.05804642814996926,0.06017996275480174,0.059332590252065574,0.05985754046567302,0.06072969660344019,0.06138997740275912,0.06310970830998358,0.06403689706622798,0.06551936569586182,0.06623806546614616,0.06854175374971656,0.07114896892374077,0.07696536550065773,0.07888319381386052,0.07942398093019529,0.08120011304580368
2024-12-13,0.059289200253277836,0.05799046591479086,0.05855580376791562,0.05915427605107862,0.05933368617895121,0.05985088588740254,0.06071731772029085,0.061420998954682456,0.06310486778718699,0.06403557692193979,0.06551354935283332,0.06626293171957594,0.06866415130179152,0.0711576939149124,0.07692789305081102,0.07887545619824386,0.07941570663056423,0.08130422517206466
2024-12-12,0.05945863379963156,0.058107949124779366,0.05876671949569034,0.05916416518263005,0.05933354520196465,0.059857548581172045,0.06070992306394637,0.06141787622164108,0.06311027007757224,0.064031630226732,0.06550863278034862,0.06626077474631638,0.06875985469297957,0.07136764531136275,0.07702700420769822,0.07882372699470096,0.07949516265782376,0.08160944435724535
2024-12-11,0.05966751222794725,0.057865867982676795,0.058566309443795095,0.058693142744921,0.059113814916450506,0.05957171067599233,0.06049810134555871,0.061137088386081416,0.0627348453092674,0.0638219460677219,0.06551761897752713,0.06628231180893047,0.06808951285804528,0.0714888535062235,0.076856273765738,0.07888079987484907,0.0783712267806608,0.08252613155303314
2024-12-10,0.058683142045419065,0.05775010696583158,0.05824140364782317,0.057985961822770646,0.05885938339086607,0.05927491014907421,0.06028234321825307,0.060974957101056756,0.06263794378729297,0.06375531497970431,0.06545691889443014,0.06624126177786982,0.06764497369744554,0.07102678418382277,0.0767422038718586,0.07880782868551386,0.07843551454852826,0.08255661716426063
2024-12-09,0.058679782980302304,0.057478807092981435,0.05824198454569626,0.057873129378431025,0.05885971318394107,0.05935493460706722,0.06028260099921388,0.06097875109946074,0.06263813842632762,0.06375425078797167,0.0654570970370934,0.06624403211913388,0.06768743410928167,0.07105829169789454,0.07674662670419649,0.0788630204594126,0.07848543315848697,0.08260392696396977
2024-12-06,0.05869027373911258,0.05762721175620706,0.05804301263193466,0.057865369388413225,0.05886079739610918,0.05934692178556409,0.06028440185816469,0.060976969000693125,0.06263336544483733,0.06375194938034547,0.06546112738948041,0.06624511618909774,0.06748932079908718,0.07108937132905593,0.07677867332871101,0.07871626622195037,0.07854416639045966,0.08264879876845267
2024-12-05,0.05844543632569743,0.057628077224582935,0.05805279688940529,0.057874862586861815,0.058861876477733034,0.05935464815690484,0.06028114128337278,0.06097439970227979,0.06263941864968099,0.0637488140368733,0.06545906674596211,0.06624331058918319,0.06746915353109173,0.07102585163418645,0.07673795233782726,0.07876805672150333,0.07862642567146122,0.08272298103823081
2024-12-04,0.05894045335270089,0.05689973989902354,0.058570398617057845,0.0580263208122583,0.058793958098245586,0.05936230943785865,0.06027739662110074,0.060975138120713174,0.06264116137087118,0.06375903205081784,0.06544841091510262,0.06623674139478826,0.06746713554899737,0.07101285206385859,0.07671262236319658,0.0787744188838145,0.07863164220962308,0.08261118975079002
2024-12-03,0.05894224425706767,0.057386766428913216,0.05840823644371721,0.05802675526783556,0.058794311212989364,0.05935769552074679,0.06028090065373083,0.060975366362936226,0.06264137011142448,0.06375603442920469,0.06545590193710935,0.06624155063015875,0.06713977209144212,0.07084135948868787,0.07638263075516671,0.07867107166462002,0.07896234796480749,0.08197934473017426
2024-12-02,0.058938713184061284,0.05755290244144689,0.058088221783377546,0.05802718972991452,0.05879463522544392,0.05935632303556597,0.060284515325443364,0.06097559460686795,0.06264156153330423,0.063755141664301,0.06546118640746132,0.06624171592823383,0.06699126112422793,0.07048003250216234,0.0761556316280062,0.07844768491842828,0.0788549727002764,0.08234139040192492
2024-11-29,0.05914130314188165,0.057880999059454985,0.05809920393318706,0.05801936948755817,0.05878791430224696,0.059354350845616306,0.06027383865255113,0.060973888047084715,0.06264137013905223,0.06374804789646944,0.06546163423090973,0.06624286775608293,0.06697223881766551,0.07041163009679333,0.0762363784608372,0.07860767818974589,0.07878858909434863,0.08223302025281184
2024-11-28,0.059137660956313814,0.05788187323628228,0.058253027265742836,0.05802892764329301,0.058789587454831385,0.05935464791146568,0.06028691417046265,0.06097125167423783,0.0626428435250636,0.0637534879155703,0.06545443520703226,0.06624096508559815,0.06697304714760176,0.07041444089980665,0.07623498209163355,0.07860668641589814,0.07878780438040497,0.08223225224533251
2024-11-27,0.05980014797522231,0.058125791033606725,0.058320648858339416,0.05795384857715831,0.05879647490787977,0.059352513855541716,0.06028584268616902,0.06097911285593152,0.0626382523004627,0.06375210167197726,0.06545875358385768,0.06623962968228929,0.06697417605154682,0.07041529877671517,0.07611938255951965,0.0784677182827543,0.07887069228199392,0.08241299510657879
2024-11-26,0.05968359089372894,0.05788362166924569,0.0585797804770569,0.05787876268542332,0.05872080078611782,0.05927826458675102,0.060213250784543454,0.06090394231047857,0.06256819596392066,0.06368745733208579,0.06537822048354043,0.06616906710032244,0.06689789886329933,0.0703388885878011,0.07604103615888097,0.07839033219228585,0.07879384025385483,0.0823332123780399
2024-11-25,0.05943881555687677,0.057879774913022056,0.057584194842155226,0.05752039631076086,0.058645511307436206,0.059201454961297396,0.06023324727177073,0.06091545265844887,0.06257159444197771,0.06369060107876325,0.06539215173021029,0.06609679072730992,0.06682316534112905,0.07032220273188802,0.07611083362843236,0.07850029997175371,0.07837010346925583,0.08230262510378776
2024-11-22,0.0581510160524007,0.058130180801227796,0.05758592447815761,0.05751270526962595,0.05857939427214494,0.0591230638005308,0.06023402125253813,0.06091373057109781,0.0625775442306295,0.06368746356714632,0.06539015230584473,0.06609791100557133,0.06684618676357167,0.07030643239039389,0.07611459826866146,0.07848415890362426,0.07837478428391702,0.0823061008653176
2024-11-21,0.05783781393403309,0.05788799321381724,0.05758650104658143,0.05752211913598037,0.05850005629120748,0.059125781033211845,0.06023427925054751,0.06091107955807212,0.06257883413989455,0.06369448190378407,0.06538779048659037,0.06609603438463535,0.06669975335900068,0.07026793478817096,0.07613445087508082,0.07849818556018517,0.07838537052158227,0.08231402216922967
2024-11-20,0.057839533761981546,0.05749989582223545,0.05794158779903137,0.0575225498584108,0.0584961554124041,0.059129952320699015,0.06022751127201135,0.060916592807971945,0.06257683063765444,0.063697195421738,0.06538814707936631,0.06609297778020495,0.06666825397000264,0.07025993216683044,0.07607428943737793,0.07850191408252255,0.07840561703058377,0.0823310041982974
2024-11-19,0.05866021751717261,0.05813281498007829,0.05926358016025719,0.05783459119695146,0.05870931136708627,0.05927791354836329,0.06026930630538829,0.060907022302358046,0.06257345871700987,0.06368721878838599,0.06536717425307342,0.06617130726424773,0.06673097430165868,0.07032374356970032,0.07603542336396908,0.07844187868666,0.07856617131862126,0.08253615032587978
2024-11-18,0.059816152534948826,0.057885861297237926,0.05825885991773856,0.05799551426996636,0.058625558660555695,0.05928047144517476,0.06028949644927503,0.06097997869699261,0.06265296207612363,0.06375832948393413,0.06546128518991191,0.0662448984467167,0.06682485064143437,0.07040809335943025,0.07610743036776342,0.07853427183567552,0.07863665538359667,0.08261038845804118
2024-11-15,0.05948454997799063,0.05837938596220855,0.05758996069966497,0.057676197601894644,0.058547969072653964,0.05919969511254855,0.060229472297179655,0.06091039146291768,0.0625797533484598,0.06368419757871317,0.06539261421078489,0.0661761517962877,0.06674438813195493,0.0703226257803368,0.07603903129643133,0.07845943594611492,0.07856138757146482,0.08253003147375532
2024-11-14,0.05325787608655303,0.05867190366709425,0.05759053734884758,0.0570527943208501,0.05811424203116299,0.0588987818984762,0.06008122612084981,0.06084969363445852,0.06252703640325409,0.06362011987435752,0.06532563605879914,0.06611166632354618,0.06667766413647372,0.07017563080623332,0.07596477396243018,0.0786573600029446,0.07840354036674792,0.08238653550517222
2024-11-13,0.05318040946257034,0.057992230570853724,0.05711186329135693,0.05689257392684498,0.058009532354400276,0.05876145576837691,0.059945749103430666,0.06071436601699711,0.062377526666746855,0.0634716188708533,0.06518356313913475,0.06596755676462697,0.06646318103272372,0.06969921602929756,0.07585374314887966,0.07846772958185119,0.07832804912378159,0.08228778338483711
2024-11-12,0.052272769230207586,0.0566312783203236,0.05567363751276035,0.05642035383165516,0.0579074755261041,0.05873672149224976,0.05993565806476192,0.060690492704925963,0.06234924628009159,0.06345234648562229,0.06517517926697973,0.06594461887569626,0.06632546428590544,0.06949388570453488,0.07571219997256065,0.07838679384719759,0.07837716326328957,0.08231518472191923
2024-11-11,0.0521557109602706,0.056530250483918826,0.055674194990438665,0.056420776332561005,0.05790817898885267,0.05873850485610242,0.05993591479580053,0.060690719900373453,0.062349668926220424,0.06345350918441064,0.0651753568332839,0.06594478344143649,0.06627170077234278,0.069454238322267,0.07572301240000372,0.0783976904003649,0.07838443262364105,0.0822598541095308
2024-11-08,0.05215117472487268,0.05653738605765428,0.054273893828280996,0.05716928366071391,0.057905345765912136,0.05873886056923633,0.059957887457753274,0.06066729061189965,0.06235093015896476,0.0634484874871344,0.06519403769774114,0.06593005301091756,0.06616957509186516,0.0692955559819708,0.07550821966840082,0.07797259973802302,0.07833338791019667,0.08217813316557618
2024-11-07,0.05231020021632551,0.0567328674722304,0.054274437311793475,0.05717862136620804,0.05786248560953849,0.05877573916787916,0.06000338374504948,0.060779366811881085,0.0624578875826877,0.06356033567433933,0.06537889451138393,0.06611312119962436,0.06638416593341094,0.06953413784828683,0.0758481584870385,0.07842800719474546,0.07844269785772179,0.0823267940684331
2024-11-06,0.05231175632651723,0.056539094393839404,0.054274980806188894,0.05717904956143435,0.057871225866593774,0.058777960735734894,0.06000364077169203,0.06078488283797767,0.06245453059684949,0.0635617860726887,0.06538425152565003,0.06610995218503433,0.06640516015910047,0.06955468742202674,0.07575247089170484,0.0781247323107849,0.07886245461118123,0.08269148600571934
2024-11-05,0.05255056854860494,0.056539948600647504,0.0545925468378804,0.05717947776307409,0.057794378927829244,0.05870122961490019,0.05992011468102142,0.060707298989101766,0.06239366537616833,0.06348559763043576,0.06530323265661993,0.06604772848908685,0.06628520801822801,0.0694473347273694,0.07569473287096896,0.07806480199373478,0.07895717441307544,0.08253176330868345
2024-11-04,0.052552131902221126,0.05530001148123196,0.05511170085786239,0.05694366362623087,0.05779472457971756,0.05871410020433743,0.05991013858501163,0.06071493037649651,0.06239387280605064,0.06349400912101438,0.0652962485841126,0.06605331171231943,0.06631876450490932,0.06945821115430648,0.07557555239236693,0.0780189595973938,0.07885087746827882,0.0826615459478488
2024-11-01,0.05174664072701542,0.05358529134615456,0.05379719883752897,0.05575437078685014,0.05761248160652898,0.05865389883806146,0.05978503089824365,0.06060556720987277,0.06224600290670049,0.06343564772068812,0.06523980744215303,0.06600854446714599,0.06622118270432334,0.0693301846783161,0.07547533828390021,0.0777114527250616,0.07888847169457266,0.08266740231494842
2024-10-31,0.0517435190221027,0.05358192520889356,0.053797737585315406,0.05576328479272071,0.05760873102746947,0.058650709771356536,0.059791750919939185,0.06060154380811502,0.062244350783962295,0.06344189036403569,0.06523605124964639,0.06600570210212629,0.06622141255021165,0.06932107341619523,0.07547541142276022,0.0777114995626983,0.07888847934836038,0.0826672169375857
2024-10-30,0.05188862612530561,0.05357855411094026,0.053798276343891144,0.05600023287318253,0.057617023643416546,0.05865089648956099,0.05979200704772623,0.060599726840138604,0.06223989549638692,0.06344253549279438,0.0652414033234076,0.06599706145780826,0.06623913474144269,0.06935054549483355,0.07541488569326779,0.07759557618540315,0.07893730087830209,0.08270629831973061
2024-10-29,0.05188546477126874,0.053444250990754956,0.05379881511325782,0.05600065226891074,0.05761743446628459,0.058666454139809476,0.05979226317770619,0.06059995370684381,0.062245595564696304,0.06344069040195618,0.06524158107643138,0.06600192909068749,0.06623820005725388,0.0693042410243949,0.07544617797187178,0.07757865490056504,0.07894198478904967,0.08271122931847366
2024-10-28,0.051961331485357067,0.053445054096093736,0.05379935389341585,0.056001071670912374,0.05761759929522397,0.058666747271285166,0.05979251930988051,0.0606001805752477,0.06224569370891503,0.06344088049952211,0.0652417588304237,0.0660020938052009,0.06622646807058587,0.06922593947046647,0.07553602318997794,0.07766238088802306,0.0789020764415857,0.08279670010983411
2024-10-25,0.05405464545581338,0.05264803154623099,0.053637549655833394,0.05563429210367175,0.05749271718606839,0.05851030130143581,0.05963496622442885,0.060455281717499025,0.062099453132751566,0.06329291354973898,0.06517981768413103,0.06593888911347115,0.0661283029728428,0.06929357823392733,0.07537115552853232,0.0775938271416864,0.07883096246415244,0.0826009438307609
2024-10-24,0.052776996463317086,0.052648822734357836,0.05332079836403393,0.055529611223059945,0.057454947850571175,0.05848316194869026,0.05960911384658012,0.06045478440095249,0.06210178173176361,0.0632902336768979,0.0651820848473107,0.06593866314614148,0.06614060819895189,0.06928453754365849,0.07538416889629317,0.0775906354981914,0.07882843538033187,0.0826580062344572
2024-10-23,0.05277856711383424,0.05264961394626516,0.05332133238373378,0.055530027112898214,0.057463580129445566,0.058483454171632754,0.059609369199666626,0.06046035670627925,0.062097518285309454,0.06329570647964419,0.06518745187395115,0.06593540177168523,0.06608801119033576,0.06922167363433279,0.07539896310586491,0.07760035261116717,0.07883659687102373,0.08266602885237008
2024-10-22,0.05278013785777363,0.05265040518195363,0.053321866414124106,0.05553044300896612,0.05746392382964551,0.05848374639749569,0.0596096245549411,0.06046058305715744,0.06210315393035499,0.06329589614618146,0.06518762948336923,0.0659402848521213,0.06608709148405217,0.06909563289282937,0.07531351393335485,0.0775942693631681,0.07888454536910307,0.08270409419161685
2024-10-21,0.052455349426582136,0.052651196441424374,0.05299540863085099,0.05469757328275682,0.05743655120701776,0.05841657427160212,0.05947085336123846,0.06040892038464525,0.062026260048687644,0.063229203758056,0.06503817939410132,0.065811638411977,0.0658997570021451,0.06869225757713418,0.07492289846141818,0.07710555386038191,0.07898929601631782,0.08273919372037716
2024-10-18,0.05178752273341144,0.05236098490137758,0.05236200485533602,0.054453799954482726,0.057282464099072505,0.05825878107313969,0.05933213770888181,0.06026981929966538,0.06188721227092981,0.06307728637751336,0.06490200634099204,0.06566442003084419,0.06574215121341169,0.0685301230547922,0.07481471433927697,0.0769276006709196,0.07865518259740237,0.08267952258380361
2024-10-17,0.05122499531066056,0.052361771858586925,0.05236252930401316,0.05453815151801418,0.05728030893439274,0.05826642745390465,0.059338828315924776,0.06026335778476459,0.061886825017867894,0.06307372214769791,0.0648983157611808,0.06565984778430792,0.06569931075911042,0.0684791082038549,0.07468313049391238,0.07692457507654923,0.07870510307534581,0.08271786844141653
2024-10-16,0.05172122078250095,0.05255762641444928,0.05236305376319629,0.054538560003715895,0.05746917510342124,0.058341895333349165,0.0594069771506075,0.060346891246875194,0.061953335564498155,0.0631543437697865,0.06498095447039393,0.0657337456871377,0.06580709518104348,0.06855212257614755,0.07473230884265565,0.07700628282450127,0.07878748140422412,0.08274617417265381
2024-10-15,0.052217414258680594,0.05207070454424798,0.053046688386574295,0.05486106834195069,0.05754455117037147,0.05842414418142064,0.05947143983751478,0.060337076663943605,0.06202420153305775,0.0632341509097082,0.06503858067730738,0.06581204212577187,0.06585924749143733,0.0686169348989724,0.07486200580620928,0.07707260131324724,0.0788576455975568,0.08282420012906826
2024-10-14,0.05271357575163855,0.05231536155103458,0.05316264165714492,0.054861479252410535,0.057619920200228644,0.058489482125784815,0.05954700449617488,0.060405478076293914,0.06209949894864259,0.0632996384212379,0.06511403106185558,0.06587978379679205,0.06593534973897378,0.06867161580564622,0.07490438344987559,0.07715040480004134,0.0789328944677404,0.08289914385607058
2024-10-11,0.05147165570307986,0.052727381333084085,0.053164239156293126,0.05485443729262065,0.0576205851134386,0.05847887001586098,0.05954131787331345,0.06040484150113041,0.06210365372187036,0.06329592487747074,0.06511324958669532,0.06588184540336123,0.0659904108462749,0.06865331163116943,0.07490564719807122,0.07714789799278299,0.07893081786428567,0.0828973997023211
2024-10-10,0.052373593506289,0.05432702576034837,0.05316477167734457,0.055904539877439145,0.057622335049385416,0.05850920991101224,0.05958681049724534,0.060339405707796674,0.06213758984113906,0.06335996499706446,0.06514797925997097,0.06585655733529225,0.06599814034434978,0.06865456843266386,0.07489260153921519,0.07719953142839493,0.07890173854786976,0.08287478425617217
2024-10-09,0.05277088752329393,0.05439605874658537,0.05340574666959824,0.055980656335436425,0.057688434066990944,0.05858590256404524,0.05965021582534589,0.060410705944453164,0.06221066913126806,0.06344141102349779,0.06522730431332525,0.0659293018734147,0.06597914591620123,0.06872890166059059,0.07497926128096383,0.07722221644515648,0.07900730635659166,0.0829805692897506
2024-10-08,0.05277245869331619,0.054474836314605084,0.05340628162042937,0.05598107565049114,0.05768877914097906,0.05858541857990487,0.059650471370925405,0.06041093212130339,0.062216322786547054,0.06344109226221516,0.06522748203810218,0.06593417396551064,0.0659992849068273,0.06872603689921446,0.0749889936112246,0.0771873290242058,0.07901526974826557,0.08298814896995735
2024-10-07,0.052774029956898956,0.05454919332154135,0.05383951283443383,0.056047726768444356,0.057689124219095105,0.05866224830180113,0.05971977960943944,0.06048695972287746,0.06228539931491763,0.06350741395397419,0.06532860043717459,0.06612106145064063,0.06616037567979864,0.06894558961833207,0.07517031835153812,0.07738833020393436,0.0791961871219033,0.08317835165637778
2024-10-04,0.052966006427345294,0.054780196109331464,0.05412952591061888,0.0561916697564459,0.05776201826351815,0.05865325450647323,0.05978595278989409,0.06055975286749223,0.06236249779759198,0.06358421211066863,0.0654007314386928,0.06619699540820814,0.06637384831908956,0.06901596347869715,0.07530184889236965,0.07753042878209036,0.07922043790940994,0.08321942596095094
2024-10-03,0.05357180867509304,0.054781019599245355,0.05413006813850302,0.05634267444611516,0.05805252857653153,0.05894994738692498,0.06001561049559979,0.060775028803191584,0.06249658477303298,0.0637281554910299,0.06553765091239187,0.06633194111407924,0.06653408439897406,0.06911049437462681,0.07538398108168637,0.07763246238857906,0.0790104970731714,0.08343319440118553
2024-10-02,0.053573403976265754,0.0547818431139187,0.05413061037725753,0.05641876526213387,0.05804862962124565,0.058950241973166236,0.06001586761316385,0.06077825609619995,0.06249473515670453,0.06373368202380247,0.06554306285497297,0.06632699285976124,0.06643845460028897,0.06908558365871531,0.07538360231907709,0.07762860533223874,0.07902546788830202,0.08344671414306522
2024-10-01,0.05354973490022097,0.05486062001751399,0.05473659835111393,0.05641918788093918,0.05804484835967047,0.058949755021794316,0.06000416049879584,0.06077848365511727,0.06250124460046845,0.06373336185869746,0.06553484787764993,0.06633191992887282,0.06640597386826451,0.06913372420372066,0.07536496319602967,0.0776288283296096,0.0790262201423354,0.08344874553891118
2024-09-30,0.053727321160133394,0.05492965249056004,0.05473714667666781,0.05656147615546906,0.05827993994531493,0.05910381997061899,0.06014977536771486,0.06107592727622201,0.06279360596737081,0.06402450232903807,0.06583939710475538,0.06662787011948172,0.0666984744491481,0.06946253088650609,0.0756712018055486,0.07790977221868019,0.07933005029544953,0.08376944288288136
2024-09-27,0.05372732116013295,0.054936658665504734,0.05473879171924392,0.05670518944478738,0.05841572800482404,0.05924899601672836,0.06036683274966297,0.061294514636372754,0.0630141586131852,0.06417267718710194,0.06590911890551421,0.06701004593125637,0.06714892758685312,0.06981559471524852,0.07604989711782954,0.07828593225216236,0.079709683067271,0.08417445331108218
2024-09-26,0.05372732116013295,0.05493748916420714,0.05473934008874253,0.05671447669872463,0.0584246933487461,0.05924929264881358,0.06037368386601537,0.0612903994831402,0.06300990108488952,0.06417829797717545,0.06590533640413433,0.06700715400656576,0.06710728121866151,0.06981113800433408,0.07600208961311233,0.07827127711893864,0.07973325890053463,0.0843454643782676
2024-09-25,0.05361848197317487,0.05493831968801962,0.0544515978157348,0.05671490155172479,0.05842536744865728,0.05924958928386872,0.06037967537625994,0.06129610606030821,0.06301590086714083,0.06417849051515,0.0659148207159549,0.06700372123180312,0.06711784707276512,0.06982144766199047,0.07603819431581538,0.07825878056577452,0.07972401315520444,0.08434007861273504
2024-09-24,0.053618481973174426,0.054939150236944,0.05445214331907565,0.05671532641109031,0.05842571772694436,0.059249885921894174,0.06037993406240906,0.06129633556411434,0.06301611064952448,0.06417868305427979,0.06591500032086038,0.06700876650042648,0.06722175703147104,0.0698776362511784,0.07610750837045824,0.07839011955129871,0.07963472753848444,0.08451635692424433
2024-09-23,0.053618481973174426,0.05493543351605046,0.054452688833344795,0.05685758281092154,0.05857896804135169,0.05940446137869125,0.0605352498594031,0.06151587015975308,0.06308947863345851,0.06440125672903259,0.06613895580797902,0.06722747545555596,0.06753252949901842,0.06983496006585636,0.07612671912493754,0.07842124781964632,0.07976719956635023,0.08464578392964875
2024-09-20,0.05376689831606907,0.05498145946865992,0.05413711808977112,0.05681212905960573,0.058312953519482694,0.05917363431002183,0.06031281282775878,0.061293308694293024,0.06287165111516536,0.06417682147140458,0.06592177404082035,0.06700917261904014,0.06745343348858107,0.06973697529056805,0.07588875610633442,0.07821698744146184,0.07950462619987048,0.08437465825704249
2024-09-19,0.054043927503614114,0.05498229073259907,0.05413766046977855,0.05682146567725911,0.05832107458584977,0.05917393057518846,0.0603196891447752,0.061288717833977095,0.06286708081337748,0.06418245149310894,0.06591795800487776,0.06700595414185846,0.06746418512874167,0.06992043659816018,0.0760905247115851,0.07831945654870345,0.08002533396776092,0.08398896946437501
2024-09-18,0.054043927503614114,0.05536321523337025,0.0541382028606543,0.05711496822610397,0.05854123113633919,0.05940156275895316,0.060542872975659606,0.061508912066916256,0.06309114603032759,0.06439934770237239,0.0661442977279637,0.06721744740880721,0.06761633025301024,0.07018905835976061,0.07637364587936012,0.0786298158165568,0.08003815113345523,0.08404302732838949
2024-09-17,0.05433083047629404,0.055432267613541364,0.0541387452623981,0.05711539610486271,0.05854072683804175,0.059401177382504396,0.060543132368779506,0.06150914237354308,0.06309084026726484,0.06439909330666278,0.06614447796158661,0.06722251611233818,0.0675834849523957,0.07016868772308804,0.07627485290816914,0.07863006700007985,0.08003463976750036,0.08403610229285466
2024-09-16,0.054182434942173265,0.05550639543220803,0.05413928767501057,0.057191443933981845,0.058684854292381974,0.05940088693478978,0.06054339176412218,0.06150697059399458,0.06308613459030167,0.06439890114257467,0.06614465819619175,0.0672209167623369,0.06753905210898592,0.07027545929153249,0.07633879272298418,0.07860362437431444,0.07997306679479063,0.08410148583451121
2024-09-13,0.05489468357718483,0.055591541745125955,0.05414091497806269,0.057183688177526434,0.05867508162284551,0.059400806527232196,0.060537486705702435,0.06150725470932455,0.06308418825933769,0.0643933744342752,0.06614386977665324,0.06722376826799674,0.06758421046824571,0.0703724443948261,0.07634943760873343,0.07847559602357113,0.07999550848981686,0.08411870540514109
2024-09-12,0.05503316172131625,0.055738550016147775,0.054458690211776836,0.057410539835677864,0.05894167776620219,0.05962110534789049,0.06079976340379381,0.06175809196302421,0.06329665865658582,0.06465733036535291,0.06639476779914447,0.06747562020148261,0.06780716159908512,0.07062192499232,0.07665047393959146,0.0787282072230277,0.08025240552191361,0.08439305513419339
2024-09-11,0.05527054173354447,0.05608041481134129,0.054786006403177864,0.05762830640165194,0.05912281476206448,0.05983940756400903,0.061016340302715154,0.06198065648409351,0.06352164117527767,0.06487477258846336,0.06661651557226102,0.0676887413202146,0.06802340838433173,0.07083897742512658,0.0768712331007269,0.07902605176179318,0.08044845637482276,0.08461122040022102
2024-09-10,0.05527054173354447,0.05616894619381253,0.05510364188616384,0.05743975118897261,0.059123169251519433,0.05998321975674728,0.0611555516642854,0.062132860248405995,0.0636693556226001,0.06501751809050023,0.06675618624011018,0.0678429525890752,0.06822045081957673,0.07094304366520789,0.07704302729345243,0.0791356643156069,0.08060292235189288,0.08477436330653398
2024-09-09,0.05539911672393839,0.05616498917265998,0.05510419400473084,0.05744018152666821,0.05912313658570599,0.05998365380281667,0.061155813691377583,0.06213309289823182,0.0636693342831702,0.06501780079926014,0.06675636814499217,0.0678431219187307,0.06812439804932013,0.07094230083350864,0.07705229801309804,0.07912998544729309,0.08061489514811729,0.08478080100517582
2024-09-06,0.05539911672393839,0.056172343731728414,0.055422874586599044,0.05758348847624805,0.05926814009740591,0.06020581506439124,0.061511435716553445,0.062351604978517675,0.06382053765672632,0.06516264416297216,0.06696553685721758,0.06822529299686533,0.06861707565633364,0.07155336218612056,0.07752838471440443,0.07962136023408332,0.08121103454199302,0.08487621593443324
2024-09-05,0.05601226398363199,0.05617319318042995,0.05542342992602474,0.057593101028226165,0.05927552825436972,0.06020611651851766,0.061518577058367344,0.06234721784476339,0.06381508947392431,0.06516843424131032,0.06696146371132188,0.06822215266207748,0.06864911494319417,0.07155247291379001,0.07755004863437498,0.07962696645621767,0.08119757467270737,0.08486575573480795
2024-09-04,0.055517797682374304,0.05617404265482289,0.05575054426117141,0.0575935325309573,0.05927737646342065,0.06020641797566216,0.061512221874425135,0.06235313689425144,0.06382193307871147,0.06516862976205925,0.06696246903469233,0.06821868380728893,0.06857556893618023,0.07157216911935244,0.07751579106324205,0.07962428726749465,0.08281445337045865,0.08389778995594403
2024-08-30,0.055505227323435345,0.055520587598047046,0.05575333754254384,0.057577301027229445,0.05927624827928583,0.06020655976274022,0.06150667667167155,0.06234592663823794,0.0638253923440229,0.0651728525082764,0.0669622235809535,0.06822907332498707,0.06854556833588338,0.07159748566397389,0.0775306243095033,0.07963830761755512,0.0828064265213227,0.08389056039071437
2024-08-29,0.05564215441926854,0.05551667642118002,0.055753896232407424,0.05781344032171719,0.05949135908732329,0.06036072325927999,0.061668772708627306,0.06248884507819137,0.06396271246568105,0.06531628581913576,0.06711159134533673,0.06836390555969152,0.06868496736996815,0.07174011023288049,0.07764580280895407,0.07978778025043724,0.08295877980072754,0.08404340655483271
2024-08-28,0.05600799821411431,0.055834248639556834,0.056071355301744126,0.05788945209736201,0.059575935274172445,0.06042490550872478,0.06174007350511497,0.06256904328095746,0.06403358074171644,0.06539151355130486,0.06710932007232762,0.0683538386829404,0.0686811802283735,0.0717487047956964,0.07768068577043083,0.0797739918795466,0.08294827273873229,0.08403809424699261
2024-08-27,0.05613652993933744,0.05583507929621537,0.05623514125772726,0.05788988584643168,0.05957589394109333,0.06043308098692606,0.061737018212934966,0.06256927757543562,0.0640393180895673,0.06538784104691542,0.06710718529388285,0.06835908695053523,0.06873238064470528,0.07169598428303402,0.07769452707348853,0.07977221408189399,0.08294762168145256,0.08403896856175301
2024-08-26,0.05613652993933744,0.0558359099775901,0.05655249788655297,0.05803201621956954,0.059643100206081094,0.06051040284950468,0.06179861941541803,0.06264273754165098,0.06411574190184972,0.0653905384995478,0.06709987534095421,0.06835220384992156,0.06877946828225709,0.07168737660196457,0.07763492482157995,0.07978363234680573,0.08295528290374532,0.08404180216641448
2024-08-23,0.056375051195821306,0.05671002851997497,0.0568709257504523,0.05809951109804445,0.05963895897253491,0.06054071370763798,0.061863519281346674,0.0627170797578628,0.0641855749861157,0.06545312177352584,0.06716150340310426,0.06842945303158535,0.06875185703187908,0.07178416290873445,0.07780094637472175,0.07982936191494147,0.08302714569088154,0.08411656937624915
2024-08-22,0.056502328275961265,0.056783792490110924,0.05687149567934813,0.05810932114695396,0.05963440316869462,0.060536336725971314,0.06187068522442163,0.06271903486240903,0.06418337746287836,0.06545339500616078,0.06715737319401445,0.06842566245460603,0.06875190487546944,0.07179791608717806,0.07770643279724336,0.07986608820138472,0.08303867887250609,0.08412435809945971
2024-08-21,0.05661107264690714,0.05694062881035362,0.056872065619676636,0.05817587227328403,0.059719810417642086,0.06056949508390943,0.06187095033715967,0.06271712708705603,0.06417615478601824,0.06544859925938681,0.06716299678365029,0.06842172071222871,0.06865702884678408,0.07167086861720391,0.07771026255193271,0.07975426767709907,0.08328008519578188,0.08408096510092888
2024-08-20,0.05671981404544512,0.056941476015067306,0.056872635571428534,0.058176308191281466,0.05971983040571856,0.060565848663535836,0.06187121545216959,0.06271736194220105,0.0641819549059221,0.06544649199926189,0.06716317980704437,0.06842696570016893,0.06865555864078762,0.07170410814946275,0.07769005762118196,0.07972279254453082,0.08329230535570606,0.0840908965017172
2024-08-19,0.05671981404544512,0.05694232324499212,0.05687320553460433,0.05817674411581186,0.059720187737749876,0.060562198502519086,0.061871480569451624,0.06271759679910516,0.06418216833567468,0.06545280927349971,0.06716336283143595,0.06842713649644411,0.06865423832555373,0.07184194676045537,0.07775861446804054,0.07974818257659926,0.08323671391216912,0.08404926524506977
2024-08-16,0.05649364848797811,0.05686195353920596,0.056874915492678396,0.05824417384886931,0.05964108710505719,0.06051366185581835,0.06186536909311615,0.06271423532723636,0.06418679141128468,0.06545714583795192,0.06716292097746558,0.06842734666554397,0.06869787850576119,0.07180042276823848,0.07772495424441657,0.07972776520250134,0.08325711290977651,0.08406325251541333
2024-08-15,0.0566308440313615,0.05693566595841411,0.056875485501552796,0.05832959990020267,0.05971286901633204,0.06054773199507943,0.06187254106130052,0.0627079084349247,0.06418170931579516,0.06545569274079435,0.06715865171759093,0.06842280499060399,0.06869746868137729,0.07176801315450616,0.07776722165079232,0.07971988372883787,0.08325055842818822,0.08405826852726221
2024-08-14,0.05650232827596134,0.056946559772821356,0.05687605552185276,0.05833003698974843,0.05972264918825357,0.06054389247765465,0.06187280618994303,0.06271387462330649,0.06417784763788666,0.06545332810961402,0.06716427796835672,0.06841932442678986,0.06872924855482715,0.07175321647571557,0.07771446445321013,0.07968595659503058,0.08327942051042662,0.08408069565653435
2024-08-13,0.056996596921060357,0.05698635868009626,0.056876625553579,0.05839657941337148,0.05979786719071383,0.06064676404370041,0.061950526235618364,0.06278003901311754,0.06425878380368799,0.06552272398365544,0.06724117998596027,0.06849045469603074,0.06886725212651726,0.07183289590505401,0.0778087410063631,0.07975131494759283,0.08332930540294904,0.08413840239611867
2024-08-12,0.05724370821710382,0.056763221634577164,0.0563204114532305,0.058397017011382744,0.05986429825140784,0.06080342747388999,0.06202993995345251,0.06285807053359015,0.06425607076654372,0.06552383273928114,0.06724628116967585,0.06848693470306293,0.06884263402587419,0.07193704428986902,0.07788323493956081,0.0799504845660574,0.08321179818664733,0.0840533253820068
2024-08-09,0.05649364848796961,0.056760731106647797,0.05632210490973176,0.05838883154681147,0.059863184015755994,0.06080441981382641,0.06202374937091009,0.06285763068685823,0.064258889829564,0.06552447536695785,0.06724559421192393,0.06848929258578644,0.06897186950899159,0.0719558874564071,0.07793604930205568,0.07992137770516453,0.08318776975754352,0.08403614542992639
2024-08-08,0.056630844031361406,0.0567565500984522,0.0563226694178595,0.058398767469013194,0.05985855766688077,0.0608007886044953,0.06203100319321768,0.06285324488208324,0.06425665039226679,0.06552528700462201,0.0672415451332153,0.06848618719246619,0.06888804159633366,0.07199074888520615,0.07795115531123452,0.07991944064733572,0.08318614583786774,0.08403463038403268
2024-08-07,0.05687797804662298,0.05703040121572131,0.05680325808739807,0.05855029339424076,0.0599818091664727,0.06090005275063424,0.062098918210783415,0.06293213279302944,0.06435593619081316,0.06563615735410859,0.06738721695707559,0.06863697022203853,0.06904075255086681,0.07212057943926224,0.07810967417429282,0.08006089872668293,0.08335351741182484,0.08420301209692385
2024-08-06,0.05699659692105805,0.05717732371188167,0.057283684360367806,0.058692357794832534,0.06020138817127087,0.06106079146765809,0.06227329624328314,0.06307361385663114,0.06443229249785312,0.06569463344335853,0.06745253663430087,0.06870261168949446,0.06905954648255032,0.07233673769037029,0.07824405444945294,0.0803669265222966,0.0832838117278391,0.08429657220674999
2024-08-05,0.057490804164665364,0.05717817462822506,0.057284258523528364,0.05869279763234723,0.060200202633023864,0.06106109557798244,0.06227356309948431,0.06307385005997034,0.06443158037001522,0.06570047578576518,0.0674527204542231,0.068702783179785,0.06919517244254016,0.07260886535339267,0.07856333042066709,0.08036884268826755,0.08319904858782651,0.08412695159395579
2024-08-02,0.0573632516023348,0.05725349583762932,0.057271760858773606,0.05876001247814167,0.06027344299529044,0.061128590636503145,0.062345083327983324,0.0631483575641196,0.06450907167226307,0.065777241984947,0.06752893840846697,0.06878014649504076,0.06927297517016386,0.07284345014596987,0.07885348289226751,0.0805664695282405,0.0831352975061372,0.08410635497554109
2024-08-01,0.057490804164665836,0.057249209291053385,0.05814956008557665,0.05877008535665979,0.06026880876827698,0.06112488160919929,0.062324700256273007,0.06314430297509628,0.0645068700351228,0.06577799522638977,0.06751514933900192,0.06877732793903532,0.06923147649158812,0.07286252387127172,0.07889286787566416,0.08055626615890372,0.08312702211094264,0.08410020151854848
2024-07-31,0.05737220002519968,0.057244922028671166,0.05814525892875063,0.05877052579316384,0.06027874689542963,0.061121222175980885,0.062321768984740164,0.0631503555187046,0.0645028664201388,0.06577591814402681,0.06752176201075323,0.06877380589842509,0.06925273690695853,0.07281431888607381,0.07889847781415989,0.08055940644101277,0.08313028360049807,0.08410448428825601
2024-07-30,0.0573722000251988,0.057240634076176376,0.05814095684642015,0.05859157451057138,0.06027910761489023,0.061062255720831966,0.062175590299731284,0.06293279017616807,0.06450891698242871,0.06577499025161501,0.0672974504074162,0.06841029161259796,0.0688665161564546,0.07245165229758795,0.07858177042424204,0.0801782848334739,0.08274534036520274,0.08371972756062443
2024-07-29,0.05722393987825895,0.05727526733701975,0.058165943087584285,0.05865810953942226,0.060346756123880956,0.06109116020456423,0.06221723048667218,0.0629697721518897,0.06461508283563827,0.06588872987180933,0.06740274782024464,0.06851810979503671,0.06901313159175848,0.07248422050621309,0.07863033459268647,0.08029480272586385,0.08287883753342351,0.08384455061721445
2024-07-26,0.057066817814053726,0.05726238002976219,0.05816768588737712,0.058649814694017394,0.06042007947866326,0.06109237759116882,0.06221110127266957,0.06296824028209547,0.06461409197105207,0.0658895200597181,0.06740468656360493,0.06851963527534885,0.06906814179151251,0.0725452338669735,0.07867104849045717,0.0803004096759155,0.08284652128036749,0.08382159668929864
2024-07-25,0.05722393987825997,0.057258083092138985,0.058168266843849965,0.05865986800781911,0.06041530270285115,0.06108857471268807,0.06220789541936469,0.06296493181955523,0.06461191261025112,0.06589013029656707,0.06740284410768141,0.06851733529929915,0.06902687398598933,0.07259889338691577,0.07866592431077826,0.08035866708633735,0.08292215841037782,0.0838895540131804
2024-07-24,0.05729312863442535,0.057305261507093204,0.05816884781192788,0.058660307641391976,0.060424712552324435,0.06108433009900898,0.062218561547214286,0.06297095127719844,0.06460734070480223,0.06588757621499369,0.06739822047869837,0.06851389738154368,0.06901653304765445,0.07255426452841175,0.07862212194107361,0.08034657594128787,0.08294991326947315,0.08391101345931223
2024-07-23,0.057144865540603204,0.05700417168853598,0.0578433665960363,0.05855687562886457,0.060349170935885856,0.06102850740013314,0.06215778847412583,0.06289676992003194,0.06454769837373457,0.06581935229059584,0.06733139424428022,0.06845461732174928,0.06902396054425831,0.07254842859094734,0.07867959731715911,0.08038391600351115,0.08282347371267608,0.08380828258210508
2024-07-22,0.057293128634426246,0.057005020204797835,0.057786395096039604,0.05848176414164123,0.06034906716957362,0.06102881137086212,0.06215923889543556,0.06289946031302807,0.06454763459913977,0.06582523780814334,0.06733240172922259,0.06845658623972141,0.06901317476458073,0.07248195506560823,0.0786263193741712,0.08028903707084577,0.08289235124419674,0.08385422160711825
2024-07-19,0.0572842047987949,0.057002406215577374,0.05783596313623074,0.05847350517039854,0.06034553396557865,0.06102974503209112,0.06215596250249908,0.06289804346514484,0.06454921693249044,0.0658258426212341,0.06733323196841039,0.06845818388348586,0.06902608671779879,0.0724673098255424,0.07856619515472613,0.08029072711823855,0.08291202709451204,0.08386772568609074
2024-07-18,0.05743150253692642,0.05707599995370016,0.05784625538445738,0.05848351741548739,0.060340827601838426,0.06102521063216508,0.06215218108828146,0.06289461818074177,0.06454711683327942,0.06582597766286158,0.06733099819651041,0.06845578652058186,0.06897422620049126,0.07246465657586802,0.07862331061358448,0.0802649682346142,0.08290955436814539,0.08386564008712011
2024-07-17,0.05743150253692642,0.057155383296914844,0.05817291491344436,0.058559508937116075,0.06042680941877064,0.061088094861240165,0.06222042512765674,0.06297598141245897,0.06460858161942307,0.06589003228188124,0.06739950241252851,0.06851756236450707,0.06909246684576639,0.07254767370508268,0.07862992827729881,0.08033945499591993,0.08298484909906377,0.08394181973241607
2024-07-16,0.05756987162660371,0.05723416164721735,0.058489914045498415,0.05863549589715079,0.06042673660131578,0.06109564004582074,0.062214174297436864,0.06297375952455316,0.06461439460088546,0.0658859340151112,0.06740059845736375,0.06852100810220217,0.06908996984141227,0.0725802342374857,0.0786871714503128,0.08034863524799314,0.0829561679167634,0.08392294122529056
2024-07-15,0.05771811888230435,0.05731293928947262,0.05880684449516185,0.05870203574320245,0.060502998624129556,0.06117211376996257,0.06228533872466923,0.06303991407313168,0.06469014932066418,0.06596758827305951,0.06747293109979895,0.06859715314245757,0.06914311162333565,0.07262439851536491,0.0787057156299174,0.08055938013029217,0.0830123443737938,0.08398436233544945
2024-07-12,0.05784737826036154,0.05737842985996635,0.05912430791610828,0.05876921090870792,0.06056580223742367,0.061249297873666786,0.062354366705194696,0.06311310803266743,0.06476760786609109,0.06604400091850025,0.06754687437574212,0.06867352907690871,0.0692519394677038,0.0727860589554193,0.07880818165590073,0.0805665716846169,0.08308969380859903,0.08406274177630613
2024-07-11,0.057856478003624555,0.05737402985579519,0.05913506124779188,0.05885487040796966,0.06071417201401574,0.061322529188402065,0.062350170078182394,0.06310791379402544,0.06476012602180543,0.06604148477613477,0.06754425762560996,0.06866984274248936,0.06928361961734684,0.07277342033917235,0.07879220787361661,0.08066092661274225,0.08305528092408779,0.0840382606039186
2024-07-10,0.057856478003624555,0.057385393095978524,0.05913565195453393,0.05885531154929816,0.060723907437722706,0.06132689643603703,0.0623573581870142,0.06311396357049051,0.06475558538759357,0.06603838292948012,0.0675404009478014,0.0686663974967991,0.06930491272319317,0.07272525610164592,0.07879782367938673,0.08055565247055065,0.08309999531134667,0.08407161149502063
2024-07-09,0.057856478003624555,0.05738624745211677,0.05913624267307744,0.0588557526972402,0.060724270866779645,0.061327201912762565,0.062357625015819734,0.06311419994883538,0.06476167460938982,0.06603571685475279,0.06754603447835708,0.06867166029501962,0.06928240477595683,0.07264611707228856,0.07890209500902434,0.08063441913883525,0.0830537615983167,0.08404040355373091
2024-07-08,0.05714486554061844,0.05701690208553495,0.05849458823738862,0.05845011978020035,0.06035458876260602,0.06107156910383085,0.06218727010385736,0.06298179161807752,0.06459024740312996,0.06586614619540732,0.06736329135659204,0.0685268763239671,0.06913417473476823,0.07248666167574652,0.07856907159916099,0.08053427487486775,0.0829386681498873,0.08390846164972263
2024-07-05,0.05629598432745581,0.05693628772417617,0.05816507398967972,0.05844183776244211,0.06035373549672744,0.06099642892285876,0.0621922440359202,0.06298010574135665,0.0645934645501845,0.06587050784878817,0.06736989750677451,0.068528313455722,0.06913645940795307,0.07250756230403321,0.0784912907431084,0.08050516437206845,0.08297030080019958,0.08393035239287078
2024-07-04,0.056443011911644136,0.05693192408732078,0.05818046961103711,0.05838574963641201,0.060282132907131254,0.060915796597415126,0.06211049647824556,0.06290127404731097,0.06459380473476091,0.06594389062938512,0.06737074419073376,0.06884449248497182,0.06939219297892754,0.07276400206130089,0.07875867439687353,0.0807556470934642,0.0833282543287134,0.08427570081920487
2024-07-03,0.056443011911644136,0.0569431954419692,0.058181050822896985,0.058386187284451496,0.06029175964009494,0.06091186032410725,0.06211768003105222,0.06290731260744178,0.0645892420207523,0.06594149650751763,0.067366726729776,0.06884097045131087,0.069540203766225,0.07266736194252496,0.0786935847818567,0.08072574381906067,0.08336034298509595,0.08430024460692694
2024-07-02,0.05669015759516315,0.057021995836549634,0.05818163204636948,0.05860387194689189,0.06035818232250434,0.060984298070844815,0.06219538100327322,0.06297829044474393,0.06466122015084719,0.06601501485842977,0.06744906282680498,0.06891821828779687,0.06964315269888235,0.07275934797120913,0.07882581855129629,0.08090392169250714,0.08337338764549605,0.08433504961720215
2024-07-01,0.05681866728307263,0.05716373131081872,0.05818221328145496,0.0586043112365117,0.06035814049994264,0.06097912684358128,0.06219564714808407,0.06297852632202391,0.06466119338592505,0.06602042983589573,0.06744924647160398,0.06891839033129601,0.07015894565327511,0.0728856963773664,0.07876350631091097,0.08094398654593245,0.083293283782858,0.08427643672108846
2024-06-28,0.05668142014633643,0.05716457786737091,0.058188918038186654,0.05859596736379172,0.0603550414150697,0.06099252016117961,0.062190897172745986,0.0629769284000812,0.06466300638374131,0.06601933735383447,0.06744887547284445,0.0689198967824326,0.06951757808461498,0.07295576275146065,0.0789937081494893,0.08073606555905857,0.08326295954975874,0.08426946552927873
2024-06-27,0.05622551100884843,0.05688105716615635,0.057661785693980616,0.058313235252007996,0.05984614888959651,0.060548931732425676,0.061976584691804164,0.06272060635800286,0.0648674122395576,0.06615636541786898,0.06750272244601956,0.06873499839540771,0.06936574558374323,0.07268872691216068,0.07874724474819655,0.08055286215076574,0.08309248997643844,0.08408841884832256
2024-06-26,0.05600799821411666,0.05672511140644326,0.0573648294373071,0.058238088049937714,0.0598563276052562,0.06055880936002248,0.06198291950284791,0.06272905719501508,0.06486348845323714,0.06615375577581638,0.06751267233476661,0.0687333613917649,0.06918783300955542,0.07266380960338197,0.07890167940090785,0.08059616756630578,0.08305448463944831,0.08406372638635709
2024-06-25,0.05619585087348089,0.056052455994226646,0.05736540465017402,0.05823852461731335,0.05985610166797113,0.0605660990361705,0.06198318516138903,0.06272929214410378,0.0648693364004282,0.06616441281111123,0.06751285633912817,0.0687386990921246,0.06916528268475167,0.07274549891859736,0.07886266490473846,0.08068812653042236,0.08318265664484632,0.08408993833919103
2024-06-24,0.056195850873480446,0.056052455994334116,0.057365979874583216,0.05823896119123519,0.059856459935424225,0.06056640129690418,0.06198345082220744,0.06272952709495241,0.06486955215616776,0.06616461092772996,0.06751304034449283,0.06873887069048379,0.06926934002554878,0.07257329082145653,0.07887851347098937,0.0806870451415842,0.08319868188861462,0.08409876749584536
2024-06-21,0.05614772962152192,0.05580025485856148,0.0574348999592337,0.0583062723305269,0.05995813712304865,0.06067175876972306,0.06205336228781133,0.06279389152205091,0.06494590409485913,0.06623258445123988,0.06758824687018515,0.0688163646326924,0.06929452490677471,0.07258403994373192,0.07881871287084366,0.08080056857522742,0.08332511487127632,0.08421143941413922
2024-06-20,0.056156303682334506,0.05629619785903659,0.05743547590359917,0.05831629528159497,0.05995389793303154,0.06066297800653615,0.062060599774372976,0.06279031790649416,0.06494391254666623,0.06622697947599712,0.06758399585907213,0.06881376627687087,0.06935858087471962,0.07243069886833657,0.07862678048261491,0.0807280812982848,0.0834331850855272,0.08428674167667005
2024-06-19,0.05630460362208672,0.05653991002224135,0.05751284280664765,0.058392315045984904,0.06003939349469138,0.06074578507184017,0.06213675143244501,0.06287170447833833,0.06501503454280178,0.06629791568920934,0.06765532112903247,0.06888563087298705,0.06938126515886994,0.07297180318418642,0.07913084061258796,0.08112140550500442,0.0832784777103561,0.08422014996057323
2024-06-18,0.05630460362208672,0.05691029564245928,0.05759020685970237,0.05845888337638946,0.06010660846554172,0.060819245662647646,0.06221289862337578,0.06294760388271561,0.0650974596093171,0.0663777377550082,0.0677712047053626,0.068996838575179,0.06953720776664316,0.07312716012017727,0.07928686656407331,0.08137191099907562,0.08329989574787153,0.08426995167715316
2024-06-17,0.05630460362208672,0.056910295642452174,0.057590784378824894,0.05845932162518562,0.06014517022334533,0.060925443087920556,0.06254232125565057,0.06350225868006268,0.06565696776589071,0.06701948489050226,0.06840811527600398,0.06978904090383993,0.07035657970448164,0.07369358694799286,0.08010448147360323,0.08216893580157696,0.08412188828147582,0.08509082335277227
2024-06-14,0.056147729621521904,0.056657939145767,0.05747732976142459,0.0582337483324232,0.05977923315606927,0.060559261897553555,0.062170589444915526,0.06309943000702116,0.06521981808877184,0.06665992679137744,0.06784457714459421,0.0691182781519353,0.06965501322246952,0.0730693723430408,0.07942289339712649,0.0816396046924068,0.083389431224249,0.08436673053004605
2024-06-13,0.05601788541733668,0.056666628611523516,0.05747790617172717,0.05824376393640807,0.0597753849751878,0.060555366054869005,0.06217786281023651,0.06309588842711009,0.06521797191707417,0.06665752619780115,0.06784006430113032,0.06911580436761762,0.06985638762121352,0.07301543514100978,0.07940917395733416,0.0814737734311243,0.08348244918208089,0.08419922954519944
2024-06-12,0.05601788541733403,0.056666628611523516,0.05747848259359114,0.058244200588884854,0.059861312977465185,0.06056364820896318,0.06217812931915321,0.06310200249401506,0.06521072352061831,0.06665370009209153,0.06784584915400237,0.06911213920243693,0.07006766944811527,0.07318727679153957,0.07952911616300755,0.08184508794825214,0.08308213943615941,0.08419412200676261
2024-06-11,0.05601788541733403,0.056666628611523516,0.05747905902701659,0.058178488841549754,0.05978524655998748,0.06048691872422697,0.06217839583035459,0.06310439533307319,0.06521988692475547,0.06666305594446949,0.06784603407348629,0.06911913974431248,0.07006705946147757,0.0732673265283473,0.07950165520912066,0.0819335812887415,0.08304288883446431,0.08416771842150685
2024-06-10,0.05601788541733403,0.056666628611523516,0.05747963547200405,0.05817892501120048,0.05978560443332762,0.06048722061089692,0.062178662343840556,0.06310463170125488,0.06522010385652903,0.06666325556254728,0.06784621899397832,0.06911931229842913,0.06994954876229957,0.07315435572947813,0.07946633725281263,0.0816941972251823,0.0831816067272994,0.08426281548864455
2024-06-07,0.056009353469432484,0.05665793914576585,0.05748136487634086,0.05817065844068625,0.05978217088944379,0.06048438286752568,0.062172448994565165,0.06310318915982634,0.06522163271468319,0.06666449770141086,0.06784594582252448,0.06912104374706939,0.06997317475843616,0.07323046424263467,0.07952115217283603,0.08168091336944498,0.08319359218018098,0.08427705748913615
2024-06-06,0.05601788541733433,0.05678359249129104,0.05752034129681907,0.058180669755204854,0.05977787880774025,0.06047925371697049,0.06217894262258869,0.0630996889068091,0.06521954113317731,0.06666122436213398,0.06784080629416366,0.06911860381345737,0.07010082736218853,0.07324232756230138,0.0795832969229345,0.08175762744910585,0.08312624857830447,0.08422951786958274
2024-06-05,0.05587946233608686,0.057270868375724905,0.05752091818474477,0.05818110595755709,0.059787823844841846,0.060482462928204486,0.06217920914413033,0.06310581356872505,0.06521535599068312,0.06665409539537766,0.0678465927398239,0.06911493279633794,0.0700376427880481,0.07318057828022007,0.07949543399982745,0.08165625116596434,0.0831297027514506,0.0841622078909388
2024-06-04,0.05601788541733426,0.057270868375750884,0.057521495084241966,0.05818154216645023,0.059787751763344374,0.060482764801674936,0.0621794756679568,0.06310604994753151,0.06522140547747599,0.06666026410484727,0.06784677766486275,0.0691203476412221,0.07013109055872475,0.07313420094139039,0.07946446959366425,0.08166103956777816,0.08313412376515046,0.08416645208761825
2024-06-03,0.056013619010702224,0.057270868375750884,0.05752207199531136,0.05818197838188438,0.059749950490609854,0.0604830666781588,0.06217974219406813,0.06310628632810876,0.06522308844682895,0.06666046371874924,0.0677768052043656,0.06912052020136977,0.07027754332892644,0.07312956458230455,0.07954050395081155,0.08187909843627951,0.08301258975073945,0.08407919248574149
2024-05-31,0.05642569221459718,0.05665793914576789,0.0576390029148291,0.05823982760105102,0.0592352716828577,0.06018790096544689,0.06130968273895976,0.06243146451247263,0.06434763809018382,0.06614150271612619,0.06745005955114695,0.0687586163861677,0.06996852932142208,0.07297377983002086,0.07955046802646278,0.08134647936122676,0.08252958980654806,0.08362169993060188
2024-05-30,0.056818667283076316,0.05665359574201326,0.05763464892359819,0.058249877666933486,0.05925549915791084,0.06018779408183776,0.061307955215964216,0.06242811635009068,0.06434637045064812,0.06614218280010616,0.06744927928418715,0.06875637576826812,0.07004357416755952,0.07314120586963256,0.07963260048061345,0.08130552351036373,0.08247954236272424,0.08358639121193297
2024-05-29,0.05669015759516398,0.056662283435501025,0.05733276467444476,0.058032932053132105,0.058877842272594134,0.059741120105522724,0.061113721811983296,0.06244107291273638,0.06438999236373394,0.06615808423680389,0.06745788645427506,0.06875768867174623,0.07000459089687262,0.0730794103596993,0.07963637712355844,0.08122661313875805,0.08252653246142246,0.08335775436459086
2024-05-28,0.05718440290590321,0.056662283435501025,0.057328455853118604,0.05789156958608003,0.058820366822232045,0.05974916405838406,0.061190092558380205,0.06252371787220642,0.06435388628399358,0.0662238409656022,0.06755568401016207,0.06884362014116502,0.07018697702251818,0.07325920674358183,0.0798949923430701,0.08138464961625232,0.08248787592023879,0.08335661871165956
2024-05-27,0.05754022151253141,0.0564186238309122,0.057329024604726754,0.057892003650233594,0.05882199183087429,0.059751980011514993,0.06116093818877314,0.06252395207764244,0.06437780417708974,0.06623165627653703,0.06758823505703657,0.06884379201345635,0.07027011028507654,0.07356110029760521,0.08016459763467007,0.08157100088820518,0.08227296157693999,0.08320561293726378
2024-05-24,0.056720949868056265,0.0565312591902682,0.05681235090964908,0.057297646912755976,0.058341601622460076,0.059385556332164184,0.06094142424258253,0.062463468937557005,0.06431003909414952,0.06617690123048481,0.06750134677394204,0.06878260387576479,0.07012051200188305,0.07341811754877516,0.08040690425705975,0.08169842141811154,0.08213047435457967,0.08309428827964704
2024-05-23,0.05665061531755397,0.05628333400889752,0.056328021292536196,0.056910020690500114,0.05801555487861249,0.05908580606072128,0.06064798071466278,0.06221015536860428,0.0642009342083304,0.06619171304805652,0.06751153718978888,0.06880266950235314,0.07021990028078424,0.07373349583403672,0.08040783812841232,0.08177333500293468,0.08186632122571076,0.08291197143714232
2024-05-22,0.054821355394017855,0.05475119136815229,0.055180704406886896,0.05592575370835464,0.05699893633276601,0.058095449014229805,0.05973106323136077,0.061312756100674236,0.06318970491019558,0.06508705533721174,0.06670854853094647,0.06833004172468121,0.07008970328502105,0.07326570590686038,0.07952760419365083,0.08145833580161797,0.08116787383346426,0.08223500577997232
2024-05-21,0.05410919976684974,0.05385351456345733,0.05455569760503044,0.05545241428177908,0.05657967118091615,0.05770692808005322,0.05952676127991255,0.061211074986165334,0.06310294208643806,0.06503593673236889,0.06668074574948811,0.06827133029351548,0.06968082316673159,0.07242632838784543,0.07827895834172702,0.08085400925248773,0.08165841652595039,0.08275802988402085
2024-05-20,0.05383221592401298,0.05385351456343546,0.054556238885872306,0.05545283007924095,0.05658002283805712,0.05770721559687329,0.05954637816569609,0.06121130428063042,0.06312662777505845,0.06504195126948649,0.06671917585640032,0.06827150074003334,0.06970054978276816,0.07248193701063263,0.07834554364351279,0.08087501784048795,0.08161999954611006,0.08272915878836717
2024-05-17,0.0538243352737056,0.05368369306592348,0.05455786279289065,0.05544530273653878,0.05657752979455193,0.057709756852565075,0.05959454008574453,0.06121006857132692,0.0631164023888767,0.06504368492969624,0.06668547479037241,0.06827372802515697,0.0696822624986173,0.0724479752515794,0.07823982525358307,0.0807395158305565,0.08171093892928705,0.08279248059054763
2024-05-16,0.054039955614066056,0.05367979173895525,0.054592410119250416,0.055454493331492966,0.056598694862111595,0.0577063793226041,0.05959110455682617,0.06120658332901651,0.06312554345113493,0.06504450357325334,0.06667579675659244,0.06827162704464154,0.06972593036530668,0.07248117501633362,0.07830779254996172,0.08064943245728856,0.08171222378233045,0.08279307125487041
2024-05-15,0.05425757603588735,0.05458534681622482,0.054146097000487246,0.0552368950523227,0.056414121800996204,0.05761694043551044,0.059589204469785814,0.061219341069544034,0.06316037572612541,0.06503946246813505,0.06665585194040828,0.06827224141268151,0.06990882270173294,0.07258987386019781,0.07836500763102723,0.08091139461817867,0.08155963162261962,0.0826880981547997
2024-05-14,0.05347606550115095,0.0541755539270684,0.053712758884668775,0.05472525965283472,0.05610453766721618,0.05748381568159764,0.05957744197592272,0.061235759832813874,0.06311943071187465,0.06504405095787152,0.06669417123009726,0.06828989193290895,0.06987199100954956,0.07263319489752491,0.07839149901218723,0.0808591550773113,0.0815731543876845,0.08269859013754376
2024-05-13,0.05248659144533302,0.053531423053376256,0.05371329183921813,0.05472567001943964,0.056108085947311065,0.05749050187518249,0.059394285500892416,0.061235989225763975,0.06314523771204641,0.06505448619832886,0.06673484070473447,0.06829006242874816,0.0697330407171869,0.07231579178183392,0.07814336101509295,0.08071118712089641,0.08147760131286297,0.08252620820549271
2024-05-10,0.05231091174922623,0.05352754353826474,0.05341647089433803,0.054500215345018636,0.05595727245573984,0.05741432956646103,0.059314575873587363,0.06117351247838486,0.06306569244225556,0.06497866559254241,0.0666261308745423,0.06821987446256393,0.06963074169623797,0.07220893044902665,0.07800197541150267,0.08066043030201699,0.08142052752146561,0.08246160785531144
2024-05-09,0.05231835637821742,0.053523664771176115,0.0533453152365732,0.054433227819777975,0.055907119093835604,0.057333971284678625,0.05921413090170588,0.061094290518733135,0.062998755891025,0.06490322126331685,0.06654563626804261,0.06815234659875259,0.06958774519326287,0.07202946654384042,0.07805446621083471,0.08054510531190898,0.08135124688402379,0.08239150449888076
2024-05-08,0.05216001099229914,0.05336547676734083,0.05304313615217954,0.054148954498267315,0.05572334639591884,0.05733196420438888,0.05925223396581859,0.061109198130717655,0.0630365044145579,0.06490230092338195,0.06652834627944663,0.06815439163551132,0.06961284042394661,0.07185805272245108,0.07809518384811638,0.08034321910146368,0.08144399096177962,0.08257339518187062
2024-05-07,0.05207093894295854,0.052877319200646436,0.05319660272709192,0.05414936056162278,0.055746826751390366,0.05734429294115796,0.0592996664586907,0.06110942705470503,0.06298494369394247,0.06490123243403291,0.06655786471004815,0.06815988273520576,0.06930421117385357,0.07156941273327024,0.07791014152059957,0.08028012059732108,0.0812691927387241,0.08240004894507438
2024-05-06,0.05207093894295854,0.05319951663589413,0.053120092183228176,0.054149766631068394,0.05574557580816153,0.05734138498525466,0.05925674924798439,0.06110965598040772,0.06300735899151115,0.06490506200261457,0.06659549926913841,0.06816005290943174,0.06950365385583124,0.0719604337600653,0.07784003176119637,0.08032969482158497,0.08126194975447001,0.0822900821328139
2024-05-04,0.05141408709666977,0.05368759514737697,0.05305373280260257,0.054070452709622574,0.0558052338323358,0.05755907848387005,0.05936549143011546,0.061112999606374604,0.06300308526625513,0.06489317092613565,0.0665549626107394,0.0681625654360626,0.06983464626713311,0.07215320573764565,0.07816878190312336,0.08055170778619614,0.08092961926481453,0.08198906678495185
2024-05-03,0.051410491892623006,0.05368369306591757,0.05305425927033507,0.054066663145223445,0.055813157893812144,0.05755965264240085,0.05935476002086729,0.061110843325888814,0.06299186734487076,0.06489356195746791,0.06655596137500834,0.06816415211588983,0.06983561685040986,0.07215272606819173,0.078170188900124,0.08055269700011984,0.08093034793538563,0.08198928764400064
2024-05-02,0.05141768297051137,0.053601729803518086,0.052973488348711684,0.05398696956070531,0.0557383816939013,0.057489793827097284,0.059300434928789426,0.06111107603048157,0.0630045916849618,0.06489810733944201,0.06654946301240273,0.06816491964899474,0.06993406410905904,0.07218139109310827,0.07816963887614954,0.08053965581058282,0.08092032326161808,0.08198202445113671
2024-04-26,0.05174796665257337,0.053800797124186436,0.05287418526293113,0.05400195076768302,0.05579898115840993,0.057557365734282495,0.05936325412213186,0.06118898743732023,0.06307110917900836,0.06497414338449302,0.06662234431907724,0.0682347147985618,0.07005247317292297,0.07230768742417602,0.07824866224685395,0.08057477933951895,0.08090113454995072,0.08197836686653168
2024-04-25,0.05157967659221454,0.05380863597913016,0.05250482031883906,0.053783990750153624,0.05560496784317162,0.05748597714804735,0.05929067992840861,0.06111521460745516,0.06299474427227993,0.0648951576000472,0.066533213700466,0.06817126980088478,0.0700014653693976,0.07233795842322695,0.07816689791418455,0.08063660179253898,0.0807748059558839,0.08186866323876689
2024-04-24,0.051995439244190346,0.05341814931074664,0.05224420504143872,0.05334751797680314,0.05530072600353801,0.05727539785474249,0.05917458774417682,0.06095255274705151,0.06289530019850505,0.06490209426923728,0.06654337455438727,0.06818465483953727,0.07034096810759381,0.0724246382693765,0.07837392727445525,0.0808058153518168,0.08060720677742408,0.08175356274469252
2024-04-23,0.05067871004578961,0.05302758638741294,0.05194587657634926,0.053129406905058074,0.05511632414093887,0.05712507563215902,0.05906343810976238,0.060959662272635246,0.06292751583689048,0.06491699416558809,0.06661023615917745,0.06819539887658026,0.07035269798094622,0.07257364955289114,0.07847921118590291,0.08094122812345224,0.08083629252897216,0.08196616112879515
2024-04-22,0.05067871004579006,0.05283227632092077,0.05194639398617207,0.052987271336391646,0.05504596006352081,0.05712727174369536,0.05902745427632644,0.06088632849303075,0.06285674302013868,0.06484881045413789,0.06648269510517688,0.06808106052467153,0.0705130207005471,0.0726021705536447,0.07846808300483214,0.08082775294285557,0.08063475637933995,0.0817872775644535
2024-04-19,0.05001523202417357,0.05292234768233256,0.05157744229526135,0.05268580908216867,0.05509322880133148,0.057500648520494295,0.0591975275705291,0.06089440662056391,0.06286483308459474,0.06483525954862558,0.06648069139918628,0.0680903529921261,0.0705203893341821,0.07277591121107845,0.07835605716810781,0.0808336009258307,0.08063908703002298,0.08179007872398168
2024-04-17,0.050015232024158834,0.05351577812551259,0.05212252486654952,0.0523238063846753,0.05489697334325276,0.057498416861814595,0.05925962154891301,0.060908408915558335,0.06283455981188736,0.06482421018831513,0.06645826443362272,0.06809231867893033,0.07050598155016674,0.07269382520371741,0.07863538782199843,0.08057502338942343,0.08057132473919719,0.08209781403795366
2024-04-16,0.04968840410768588,0.05312523426874747,0.05180486019933504,0.05122998764244245,0.05412834111228315,0.057058544620253976,0.05879508212442589,0.06049386881328972,0.06246731452662294,0.0644624464565862,0.06616546778619775,0.06775978562668517,0.07005249079171998,0.07245834405235888,0.07833401227262612,0.08092119632910814,0.08001015289462088,0.08159992468706781
2024-04-15,0.04885635864121641,0.05117137023134944,0.0505222142820277,0.05071615192311869,0.05373078833346148,0.05677855261644541,0.05855129701357496,0.06028550348902779,0.06230085545991387,0.06433835415575476,0.06595641699161435,0.06753930454843353,0.07013605333825025,0.07225850037531474,0.07819982437445756,0.08029217094000904,0.08052726358499468,0.08199279784839456
2024-04-12,0.048608692820446546,0.04862208214943771,0.0501916117682516,0.050052556841121754,0.0533879304373481,0.05672330403357445,0.05851359383248393,0.060303883631393405,0.062332298730729506,0.0643607138300656,0.06597615279453149,0.06755647352063943,0.06995739706974619,0.07204325292464073,0.07787334630851434,0.08025075587529516,0.08070543909460438,0.0820894470030702
2024-04-11,0.04343394372594396,0.04652327870660022,0.04793729264560758,0.049430929234218504,0.052974067307199176,0.05663401212983855,0.058438226884936315,0.06024244164003408,0.062230564726302666,0.06421868781257124,0.06581997997578513,0.06742127213899901,0.0692608778479241,0.07147719935303701,0.07750667448789325,0.07976253277507121,0.08089405882794584,0.08217622070624243
2024-04-10,0.04314626235512593,0.046278342819327724,0.04762568490661297,0.04943129999213953,0.053017920028397614,0.05664395347164755,0.0584660588513149,0.06024855324446775,0.06219923159438147,0.06421421802176487,0.06581541825948523,0.06741661849720557,0.06902770354032037,0.07137635652733287,0.07731251153418633,0.07985117831687162,0.08104375110936807,0.0824112333495103
2024-04-09,0.04314626235512593,0.04554335512531554,0.04729719875612696,0.04928859496893643,0.05294987129724664,0.05665138143136245,0.058472099954874526,0.060253237640918944,0.062228343049758945,0.06422515291364114,0.06587810624365265,0.0674255519143017,0.06895369928886454,0.07129278352399161,0.07686553093946989,0.079632917364284,0.08038650422488004,0.08218476799077741
2024-04-08,0.04271966244343767,0.04542573202461615,0.04697830368581883,0.049212648651848406,0.05291240001711631,0.05665280799079374,0.05847412182875298,0.060255841887626144,0.06223013984743467,0.0642261333892191,0.06584441579059758,0.06742751813977217,0.06966318390639042,0.07157211459391384,0.07738473841176312,0.07966563695495023,0.08017423687268098,0.08227320086011736
2024-04-05,0.042868481505241134,0.04542013741496629,0.046976268348753736,0.04913641532016597,0.05287273877710911,0.056650576939129386,0.05860590695499322,0.06056123697085706,0.06239507420788172,0.06422891144490638,0.06584123929592234,0.06741851654148144,0.06977576817414759,0.07190795824879961,0.07811188100767154,0.08010289835376937,0.08053201103006864,0.0821629652683892
2024-04-04,0.04314626235512531,0.04652327870657745,0.047292589352277876,0.04921412520111091,0.0528648774575124,0.05663598418390515,0.05859491387277395,0.060553843561642756,0.06238698528254876,0.06422012700345477,0.06581689302648096,0.06741365904950716,0.07045486344785887,0.07343579266958639,0.07818886339927071,0.0804142848377892,0.08001814417756403,0.08193451808257526
2024-04-03,0.042719662443437445,0.04701306050911022,0.04633196535947399,0.049147710567955784,0.05287278436345489,0.05663879303582761,0.058665141918009325,0.06056214938217944,0.06235681828165264,0.06421065208989969,0.06581053645475093,0.06741042081960218,0.07048750463363103,0.07346744612929472,0.07797324236870533,0.07984533529258366,0.08002361760728975,0.08212903789236081
2024-04-02,0.04158845758460759,0.045954981510217395,0.04859660825178712,0.047639477229202525,0.05219191606346468,0.056794381698103344,0.05886250565213783,0.060756471799516786,0.06251739764783273,0.06429767432964667,0.06600166979418322,0.06759689959077063,0.07096010657568594,0.07403123844824844,0.07883944579689961,0.08049071534334394,0.08076162754877013,0.08321893694715357
2024-04-01,0.03824259563592489,0.0439940966105206,0.04504106257869728,0.04895760968038941,0.05301330993992748,0.05711357833418574,0.059214531143708296,0.06109663470223892,0.06287740902436982,0.06467775229509556,0.06632865756406958,0.06794367358806591,0.06969901614627912,0.07385612638981523,0.07888573493914312,0.08077494537909341,0.08279074680712206,0.08426883222751587
2024-03-29,0.03675685922650895,0.04063204161609515,0.044071902425986825,0.048665454249656376,0.05290706141147885,0.05714866857330132,0.05908856748864416,0.061028466403987,0.06285562799836246,0.0647028682915772,0.06629880233681758,0.06787719864529708,0.06958839306965359,0.07408756849446277,0.07883719240827405,0.08088396112351992,0.08309653343704657,0.08453749850052841
2024-03-28,0.03484259001783934,0.03989297815836234,0.043099075259213596,0.0485581880570847,0.052846661405340764,0.056998268582907796,0.05895337344876581,0.06090847831462383,0.06277771095144048,0.06464694358825714,0.06626419351766447,0.06788144344707178,0.06937129556111972,0.07358667101778606,0.07865515126697975,0.08053717661356295,0.08295625714487809,0.08518926639658086
2024-03-27,0.03442508986240948,0.03916004054538855,0.042783699139815695,0.048233901882312205,0.05253676752743333,0.05693317373005709,0.05900236583861636,0.061003342822717625,0.06293388236108906,0.0648028089354699,0.06630619199821242,0.06780957506095493,0.06936795188228999,0.07351243953788572,0.07913099104684257,0.08104919662994761,0.08341061380339557,0.08569757829473361
2024-03-26,0.034275972045029045,0.03891422740110523,0.042783699139816285,0.04815785950653564,0.05251195259678086,0.05686604568702609,0.05890810221268438,0.060927718556742026,0.06280392376840702,0.0647209160498908,0.06625552262373426,0.06773953777206639,0.06968262309207501,0.07403927815539182,0.0793588272331735,0.0814259880408935,0.08393152656162167,0.08680121154997106
2024-03-25,0.03413679037240526,0.03879622630101851,0.04213295799727264,0.04790031164696819,0.052345175918291034,0.05679004018961388,0.05884008017839006,0.06086759225520168,0.06276441220486247,0.06466123215452327,0.06613203152260984,0.06758666826027789,0.06939135782546563,0.07357853654697812,0.07916309282332683,0.08109753712357502,0.08393002681694557,0.08637269538551667
2024-03-22,0.03380558620182918,0.038666354507170424,0.04213055845094084,0.04781824686125583,0.05227158284474534,0.056724918828234855,0.05875919326802724,0.06079346770781963,0.06267935907638124,0.06458597452591607,0.06606406164563458,0.06752590604975178,0.06951039404373988,0.07363010072665636,0.07954881951004635,0.0816235654835714,0.08442004673141944,0.08685176172407597
2024-03-21,0.03347063923196202,0.03866432542194059,0.042128159268040366,0.047529085183610306,0.05212136822815343,0.0565670890478707,0.05860804855909009,0.06064900807030948,0.06254712093178394,0.0644452337932584,0.06590907371845667,0.06737291364365496,0.06935044649216708,0.0734371303583459,0.0792312925867602,0.0812694087955354,0.08431713786303838,0.08649610715255934
2024-03-20,0.03281432156707358,0.03861921152452059,0.04322058553901751,0.04746253818714281,0.05196382453521341,0.05656296493432902,0.05867936660860952,0.06072599679912253,0.0626151915476088,0.06444409284667532,0.06590523733339324,0.06736638182011113,0.06934905594553321,0.07350552184676908,0.07928490469139418,0.08128953620258401,0.08415284860931044,0.08611012720432047
2024-03-19,0.03193906288285775,0.03842250996233445,0.04306526458264777,0.04804576515191899,0.05245932511764338,0.05687288508336777,0.05891412471421817,0.06093293314033395,0.06286808972462694,0.06484531493031762,0.06623613147244471,0.06758109691977641,0.0697498203487561,0.07373128722736953,0.07972796574373905,0.0817862874775889,0.08479778847701985,0.0867384881635528
2024-03-18,0.03221757517078084,0.038225788946758626,0.04306526458264807,0.04797925547144759,0.05246591443161823,0.05695257339178887,0.058954924385064056,0.060935271521270276,0.0628725915719103,0.06480991162255034,0.06624484727842903,0.06766401441061673,0.07009346624207738,0.07383902057890093,0.08016897921165245,0.08213141666533134,0.08518637736057173,0.0871224279844618
2024-03-15,0.03221474715228849,0.03842050623594914,0.043062758254729896,0.0481168219243584,0.05253449773751248,0.05695217355066655,0.058942118761000736,0.060932063971334924,0.0628602507192515,0.0648096263325298,0.06624524524690875,0.06766508812926156,0.06991532771390839,0.07396099710523654,0.08025160014577494,0.0821242973805435,0.08533000927150496,0.08725053577011883
2024-03-14,0.031779904249299204,0.038615163351812816,0.043137897063108575,0.04834366168519855,0.05274976066233596,0.057015239459351955,0.05904514834205397,0.06107505722475598,0.06298159924929643,0.06488814127383688,0.06634944462112397,0.06781074796841106,0.07003367358359266,0.07407199270061418,0.08024201459828247,0.08223628992025016,0.08569595532112546,0.08771045419510572
2024-03-13,0.031779904249299204,0.03842250996233435,0.04306526458264812,0.04834402436421195,0.052631487031940996,0.05701215540983807,0.059080921966705814,0.061081487428292204,0.06301542372064184,0.06488763864195905,0.06634671636258382,0.06780579408320861,0.07008634598997736,0.074077250496301,0.08044615753923424,0.08218931484875491,0.08563872847771761,0.08767093373368863
2024-03-12,0.03159089510132926,0.0378322885402247,0.04306526458264812,0.04820112437464229,0.052613538678637016,0.05702595298263174,0.059067316735667404,0.06108624791998839,0.06296508930593044,0.06488477506982773,0.06637436297744118,0.06781484359139704,0.06983197629684033,0.0740948189707448,0.08021934448148371,0.08233784489492478,0.08579159307374283,0.08779931491235049
2024-03-11,0.02986950381798154,0.03793067093986908,0.0432205855390192,0.04830654807455606,0.052796620052486934,0.0572866920304178,0.05922984065438261,0.06115163599676538,0.06317037991464422,0.06518912383252307,0.06689429292556667,0.06858072389670869,0.07054472816024646,0.07467977356176121,0.08119666152541913,0.08351486878649711,0.08731423430020607,0.08976829647640358
2024-03-08,0.030016331243764464,0.03799757573146436,0.043441277319104826,0.049112037699086036,0.05331123615915967,0.057510434619233296,0.05943642229932518,0.06136240997941706,0.06333560911533144,0.06533049175823388,0.06703328617506031,0.0687173685653282,0.07070935584831725,0.0750625536634842,0.0818644969972691,0.08411761182920904,0.08712313886857512,0.09021578327820652
2024-03-07,0.031033763263830578,0.03809396988074591,0.04380739369771254,0.049338962849439075,0.053833173563467764,0.05818395202066575,0.059839489440779395,0.061495026860893046,0.06340006279680054,0.06530509873270803,0.06700263747371625,0.06870017621472449,0.07049997355519123,0.07488503400656248,0.08116572926647951,0.0833676202035864,0.08772230303440776,0.0906702379192905
2024-03-06,0.02966049810261795,0.038422509962329536,0.043890199601674826,0.04937749683512363,0.053729149664986334,0.05817540364332431,0.05990547067120598,0.0615785025223443,0.06346993061667891,0.0653009939845986,0.06699593463222454,0.06869087527985047,0.07035920489636795,0.0745852495275299,0.08075212498528744,0.08333554155418411,0.08839639260726903,0.09148628938521837
2024-03-05,0.03015811270748943,0.03842250996233484,0.04403572330657836,0.049520969751253835,0.053924914294261946,0.05832885883727006,0.0600342148834637,0.06172083075332554,0.06355925884624605,0.06543765276727352,0.06716657287499138,0.06883849561652074,0.0704984813458868,0.07456336714951314,0.08072277976525012,0.08331588776855489,0.0887126628907753,0.09184406985386963
2024-03-04,0.03015811270748943,0.03842250996233484,0.04411332944352834,0.04959765481801725,0.05400210921865472,0.058406563619292196,0.06011106690834809,0.06179683939202974,0.06365872112052597,0.0655206028490222,0.06722682381261676,0.06891429509529269,0.07050876423151267,0.07468188156955653,0.08072005845563346,0.08333915809165741,0.08871333755983411,0.09184599280686598
2024-03-01,0.03078243606377184,0.03858364493778852,0.044188292736411935,0.0496678253419291,0.05398659149464661,0.05840027558478648,0.06007928901875813,0.06179603309169543,0.0636669846231784,0.06559961587547947,0.06724909219054191,0.06891710194734663,0.07058630075110534,0.07470622934948226,0.08069947902590627,0.08342867645065406,0.08857971481343772,0.09187183160220816
2024-02-29,0.0301605917163083,0.03859375066772332,0.044930647775050916,0.05033338611748607,0.054467765925163746,0.058694020839678694,0.060404896501304955,0.06206116974819846,0.06387683706134188,0.06587819762242043,0.06750980846868895,0.06919704241198936,0.07072488448325832,0.07505058490399079,0.0812643965886134,0.08383280125143276,0.0887591860385262,0.09209797536609338
2024-02-28,0.03115580030856406,0.03859375066772332,0.04470762761690721,0.05017753558291549,0.054332048066312186,0.058626600296340224,0.06029353913650444,0.061996715777541796,0.0638534950304632,0.06581698573470193,0.06749678100486986,0.06912296578769202,0.07088408685608603,0.07506548703447455,0.08105671210258522,0.08369078522069053,0.08881595601446232,0.09255989157914564
2024-02-27,0.030767697927439348,0.03881998415850051,0.04493064777505117,0.050330417589396395,0.05444208167372152,0.0586923411766194,0.06037954330295374,0.062066745429288084,0.06394798296202957,0.06589263299587471,0.06752480827749067,0.06919246563044612,0.07088428337482144,0.07496338063791798,0.08107793160091495,0.08386705913058247,0.08850164771630767,0.09256990556422738
2024-02-26,0.0305474803958266,0.03921337309743203,0.04478520406921161,0.05039750898676217,0.05451243719037794,0.05876607083905941,0.06045454344425076,0.06214301604944212,0.06401828549083581,0.06595676626171468,0.0676103793223446,0.06926399238297452,0.07105395906337063,0.07587597950509632,0.08149351387615697,0.08429235327325893,0.08833255214215224,0.09301355281670294
2024-02-23,0.030658226456293222,0.03921337309743225,0.04492519423618089,0.050547361463989096,0.0545878387984025,0.05890380322379864,0.060600544083839455,0.062297284943880274,0.0642045928554913,0.06611190076710233,0.06775555527186512,0.06941727191404289,0.0711847743166761,0.07584341513839193,0.0813525622268176,0.08414989001464576,0.08858544395430391,0.09217034907387102
2024-02-22,0.03065822645629277,0.03921337309743225,0.04470762761690792,0.050324849608932194,0.05442813763841883,0.0587672468190254,0.06044482013697867,0.062068853880954705,0.06393588192800412,0.06588777488628304,0.06756345976880329,0.06920310841729084,0.07096999476144317,0.07541612498553722,0.0811682937449672,0.08361931291720745,0.08873618184364887,0.09249857480561258
2024-02-21,0.0305487520381825,0.03921337309743225,0.04419356979350151,0.049817851215533844,0.0539616749648262,0.05824517816634189,0.05988494657055421,0.061560362113988534,0.06341240459453061,0.06537088629809236,0.06705609964655247,0.06868752959027451,0.07057728555460491,0.07485837287958048,0.08078666035176035,0.08336847502731645,0.0885693037441713,0.09221789328374305
2024-02-20,0.025350302175534228,0.0388199841585303,0.04381517444232185,0.04959886405511267,0.053819129886931355,0.05818165187038438,0.05980745622733406,0.06148627594374951,0.06332728323319561,0.06529673289167283,0.06693737249764695,0.06861367818201182,0.07042090833182396,0.07480695371229484,0.08065183684306892,0.08313971420536706,0.08858246899342903,0.09235094351988085
2024-02-19,0.02490100328984961,0.03901668824729207,0.04381517444226965,0.049599235195733005,0.05378044110557014,0.058102586540457975,0.059737890735180196,0.06144429511228165,0.06322348122850295,0.06514918855429543,0.0668096387236249,0.06847008889295438,0.07026211293428532,0.07461429616555731,0.08053720901725857,0.08313328324753627,0.0883702899661477,0.09199679138533919
2024-02-16,0.024901848659103137,0.03941003871268625,0.043625644909668956,0.049596718184207,0.05362928804295094,0.05793680584660923,0.05955191441077554,0.061291262095262346,0.06306898331419421,0.06499484796803705,0.0666482330157691,0.06831978712995974,0.07012241547352766,0.07440247508832133,0.08035471065066695,0.08286988847528294,0.08827275688976025,0.09187598682845863
2024-02-15,0.02518089221075452,0.03891833860796173,0.04363078915042945,0.0496316030438323,0.053787446120395384,0.05818213075308278,0.059832448226558005,0.061552991975500265,0.0631770320996916,0.06506172063887661,0.06676657552763607,0.06847143041639552,0.07042199754124837,0.07483773934250618,0.08076392752255067,0.08303705769268793,0.08863872334824933,0.09239596484811173
2024-02-07,0.02512109877583251,0.039999920186696,0.043708428164989,0.04964184604069956,0.053908429905176414,0.05831883120328732,0.06007168167722849,0.06186263759625534,0.0635988997824732,0.06543494715180703,0.06704279147442668,0.06859932161653719,0.07067423840314108,0.07517380887375302,0.080857466291816,0.08324116175395176,0.08907479529156799,0.09421385796495858
2024-02-06,0.025898344863653562,0.039606685096813914,0.043776358601161594,0.049708988801675305,0.054015976982490874,0.058468144540187866,0.060245816488633544,0.062023488437079215,0.0637778879475389,0.06559142452014892,0.06715267928605227,0.06874787437295352,0.07083685369112983,0.07531354394483894,0.08125083138923393,0.08342586662280475,0.08914173283002959,0.09431473067983123
2024-02-05,0.0249010032900872,0.03980331225358682,0.043630789150441884,0.04970936080533323,0.05401534533105197,0.05846647540258145,0.06024509797523223,0.06202372054788301,0.06385097459928696,0.0657398214838843,0.06724673567980377,0.06875364987572326,0.07080298620221855,0.07544364674664168,0.08120385455714764,0.08340397517990841,0.08896812866225959,0.09444254461351789
2024-02-02,0.024682586721091387,0.03916420368831476,0.0434703896954773,0.04985940376360406,0.054423611459357785,0.058987819155111504,0.060690635869409496,0.06239345258370748,0.06421364216670142,0.06603383174969535,0.06754837524314916,0.06907956207169588,0.07119002915391517,0.0757012206028326,0.0813271292426957,0.08389167796975544,0.08932455986648964,0.09482794885541426
2024-02-01,0.024123618613377713,0.03978365040302452,0.043184277222313466,0.049779816113474464,0.054388412556986135,0.058845077249612805,0.06064899163452043,0.06239533428373951,0.06419181508164955,0.0659882958795596,0.06748056003141881,0.06897282418327803,0.07076626305060235,0.07554986462246487,0.08115820322720406,0.08359045121052874,0.0893724312369453,0.09483827676653937
2024-01-31,0.024461681260029636,0.03941003871268605,0.040677157743141165,0.04999578025849379,0.054521928139441886,0.05884912446518347,0.06060069788480775,0.062390348987467335,0.06424431290862373,0.06603715714007168,0.06752723024822642,0.06896974783165281,0.07075648763927994,0.0754148456771793,0.08107453665998708,0.08342900036828581,0.08949894617863857,0.09445869890987348
2024-01-30,0.023464212768739074,0.03908553013304362,0.040025313671030814,0.04977322275723988,0.05436161757036727,0.05869790277837776,0.060479552265874786,0.06226120175337181,0.06414906942450983,0.06589635120524397,0.06734133619347463,0.06881773389884074,0.07070336394314662,0.07520725275853138,0.08107944636765119,0.08340431408829599,0.08922389371465853,0.09577831934024886
2024-01-29,0.023573099283556526,0.03908553013304496,0.040356139968031904,0.050360710497836664,0.0545695318712968,0.05907544651817765,0.06081227398510476,0.06254910145203187,0.06430009904752197,0.06607055217185086,0.06759130924688304,0.06911206632191523,0.07100153262344192,0.07569412730414782,0.08118165143655205,0.08362742860404182,0.0893982061472615,0.09495107290300125
2024-01-26,0.023685027628422672,0.03973449493558762,0.040351735307195324,0.05053149281304197,0.054455923999754505,0.058906803272489455,0.06042753481914639,0.06194826636580333,0.06356538708508296,0.06514735300611738,0.06655514148140866,0.06797840015972513,0.06987772594683794,0.07447612857973061,0.08009181716684702,0.0822137779858999,0.08834710560103239,0.0928613079121958
2024-01-25,0.023794679858592092,0.0397344949355874,0.04035613996802983,0.050528095850583,0.054477901303160665,0.058915337058525696,0.06045619809497225,0.06194788271536199,0.06356166097725949,0.06514035710302878,0.06656086886032386,0.06798138061761895,0.06959356313385914,0.0742537311769016,0.07971401259819914,0.08180256304523786,0.08869858656402815,0.09292042405823005
2024-01-24,0.024572128110171475,0.0397344949355874,0.04035613996802983,0.05081977929753042,0.05484534133673117,0.05891563184303415,0.060394954863525474,0.06190643708011443,0.06349934599358399,0.06514655862001273,0.06657160211872175,0.06795116550576984,0.06917541979216667,0.0738840701167739,0.07933075612578494,0.08169476355323312,0.08890650529762506,0.09329808188102613
2024-01-23,0.025010622374022094,0.04006872842245874,0.04067715774316306,0.05111551150614492,0.05530985073481616,0.05955079373269486,0.06101047299801728,0.062470152263339705,0.06420817910274304,0.06596551735147307,0.06711929618625855,0.0682981571696263,0.07007888933330579,0.07433980430517007,0.07969658153131082,0.0821418364999736,0.089073167267269,0.09352808112338049
2024-01-22,0.02479138121792662,0.04006872842245874,0.041163401358825,0.05155400067553272,0.05571313118106344,0.05991847424776672,0.06141201626787827,0.06290555828798981,0.06441972706756129,0.06595071994468356,0.0672278709532855,0.06850502196188744,0.07015711660674014,0.07474912362365975,0.08006144624572592,0.08228436551939265,0.08944191225344257,0.09173976142538585
2024-01-19,0.024681756158087886,0.04006872842245874,0.041479572181210005,0.05155122279335696,0.05573103252105714,0.05991084224875732,0.061410431585544566,0.0629100209223318,0.06443118096920848,0.06595234101608516,0.0672233333999416,0.0685082927330712,0.07049808145738003,0.07496557306688248,0.07996697666072489,0.08221170914749394,0.08918930487259662,0.09367378096625442
2024-01-18,0.02490015799708288,0.04006872842245874,0.04181469042445857,0.05154767374158527,0.055663517197590696,0.05991967349868723,0.06145909852962737,0.06294939297447368,0.06444738450489933,0.06594537603532498,0.06722766655843383,0.06850995708154269,0.07041433450563514,0.07471949556964677,0.07989943916391685,0.08210678349068902,0.08896541411095694,0.09381730081568891
2024-01-17,0.02556863684964185,0.04137563777346147,0.04181469042445842,0.051879636703229655,0.05609199338232511,0.06035115402452163,0.061867631860250835,0.06341707660545241,0.06480161609153408,0.06623335578736853,0.06741216431258147,0.06855335128911742,0.07055704241349366,0.07487912553279771,0.07984746411796857,0.08216706635037503,0.09038740596053028,0.09399723888472926
2024-01-16,0.02678404325366828,0.042681698336731015,0.04213535790712168,0.05231781766637997,0.05649308551916665,0.06071474523698431,0.06224764987921268,0.06378055452144105,0.06525550209001096,0.06674683796489832,0.06789472347063451,0.06906756300910409,0.07064725862105202,0.07482884075397651,0.07985029719846806,0.0822895781413614,0.09070221628527274,0.09385689181418148
2024-01-15,0.02977118643350643,0.04268169833673146,0.04664568859788396,0.052318209255087574,0.05654626527670459,0.0608212996985618,0.062379178407479335,0.06393705711639687,0.06546580290236541,0.06701153475262248,0.06815511323787306,0.06929869172312365,0.07118528078177545,0.07520968349070668,0.08005083222084863,0.08239726936787621,0.08960403736343399,0.09488986130595269
2024-01-12,0.03075645701851026,0.0432608070930607,0.04679469792719007,0.052467543204009044,0.05667614244350007,0.06088474168299109,0.06244401545203787,0.06400328922108466,0.06553947951252712,0.06707566980396958,0.06821396188783467,0.06936476267591805,0.06951648342342977,0.07281601652235721,0.07748032001149927,0.07982972741552737,0.08691863390722163,0.09202998695380203
2024-01-11,0.030955472279079875,0.0432608070930607,0.04686838543805376,0.05246386037296613,0.05660817177384317,0.06089376651793192,0.06247319644855897,0.06400221904097451,0.06553536588111838,0.06706851272126226,0.06821794776209095,0.06936738280291962,0.06904334768182542,0.07253576252251308,0.0772129779467712,0.07963731865401959,0.08723528664801551,0.09107725138719337
2024-01-10,0.031154477692475296,0.0432608070930607,0.04702328308437048,0.05247240490965301,0.056659973794698316,0.06089407122291079,0.062447811675872045,0.0640015521288333,0.06552979842017514,0.06707502522586523,0.06823641486048851,0.06936073886847487,0.06913664958494536,0.07229664934883623,0.07697973841511775,0.07926151311730877,0.08744078125815294,0.09007977893747461
2024-01-09,0.03155245898164448,0.04333931747652526,0.04732334616869935,0.05254890836348407,0.05669818247913272,0.0608935596405108,0.06244640874881546,0.06399925785712013,0.06552847372729603,0.06707468088491834,0.0682032271553286,0.06935630704031301,0.0690203845590651,0.07275748369499027,0.07685548007425184,0.07912829682658155,0.0871542385709876,0.0897556562467387
2024-01-08,0.031850919106936916,0.04379069270904039,0.04761366563388912,0.0503683230643689,0.055786939561086026,0.061265762907766676,0.06278141600174325,0.06429706909571982,0.0657828365848349,0.06728511260160681,0.06850185086446471,0.06971858912732261,0.06959134405326055,0.0728556563851066,0.07709115130494866,0.07939514998050459,0.08912226730251464,0.08894964612283494
2024-01-05,0.03304453817821259,0.04386918240853729,0.04790739909621451,0.05084221921592126,0.05610685526910137,0.061257042712429745,0.06277004324127722,0.06428304377012468,0.06578509113946046,0.06728713850879624,0.0684911178253817,0.06970832768390767,0.0694479723788904,0.0728881685988517,0.07744604911398278,0.07969206453681757,0.08868729373961182,0.08918750526250549
2024-01-04,0.033939520072236856,0.04386918240853729,0.047874899213943084,0.05478475921567251,0.05804234973972482,0.061410994486188,0.06291778851342468,0.06437649336957935,0.06590439125707824,0.06743228914457712,0.06859969936856751,0.06976710959255789,0.06963818032518396,0.07398786868410057,0.07807510837027797,0.08042408375283559,0.08844393202948357,0.08936436372566262
2024-01-03,0.035679192741855124,0.044467565652517374,0.048619618201443005,0.055648000480254076,0.058693003942433215,0.061771840776414344,0.06323000423840268,0.0647198669060864,0.066232974897852,0.0677976661166096,0.06897103770175264,0.0701069612575826,0.06988106511473566,0.0743319365112227,0.07859931409664009,0.080875882329696,0.08874892379115959,0.08976722745112094
2024-01-02,0.037298896998720896,0.04515401562451061,0.049586166382258476,0.055582022941731084,0.05906421400422122,0.0625850960785168,0.06407608519308053,0.06561569351790177,0.067188504930978,0.06883362951247153,0.06994247501775645,0.07107542586011277,0.0706163412283352,0.07502732704075527,0.07900628240308243,0.08129650923287407,0.09000458845657362,0.09093739025389547
2023-12-29,0.03750413573266224,0.0455749033305034,0.046009038365381644,0.055558083887682345,0.0592372278325659,0.06291659272051604,0.0644247499115342,0.06593290710255235,0.06761596005859997,0.0692990130146476,0.07047283300316107,0.07163389407875591,0.07102827579063704,0.07558015786305632,0.0790277170335956,0.0814332372529805,0.0907775346681891,0.09163427884351237
2023-12-28,0.03750300673613251,0.04554062793747334,0.04600572975676809,0.055477672708535306,0.05903413508263964,0.06283331944327696,0.06434551017238074,0.06585770090148453,0.06753896990720973,0.06922023891293494,0.07039127368266068,0.07156230845238644,0.07095537505865279,0.07528510209010104,0.07887220939528614,0.08135207339236537,0.09077626736818391,0.09160903585815847
2023-12-27,0.037611137396066856,0.04557914941999146,0.046010975638369714,0.05556138876431605,0.05916147762952324,0.06284212715948397,0.06436752161930513,0.06584423327721713,0.06747296192459168,0.06921274025246904,0.07038288142879638,0.07155302260512372,0.0708889521690592,0.07529267887485794,0.07857640242176153,0.08118541115615228,0.09101074547284757,0.09178731907114816
2023-12-26,0.03750074894697911,0.04557846710760936,0.04601051727497793,0.05548508991143684,0.05908469064894945,0.06276495287137991,0.06427367263802934,0.0657659932767804,0.06743105728053399,0.0691331227065932,0.07032222740143015,0.0714733819464319,0.07105647806050865,0.07502703552422085,0.0785048620737401,0.08100283841159782,0.09097946097960337,0.09174452609667792
2023-12-25,0.0372811052269239,0.04557778481565524,0.04601005892071845,0.05548467459455067,0.05908442543143623,0.06276495287137825,0.06427367263802716,0.06576599327677772,0.06743105728053064,0.0691331227065892,0.07031256164122192,0.07147918058743472,0.07118150718625625,0.07493030968044014,0.07862117898740854,0.0807718091275582,0.090974122711842,0.09183304018888194
2023-12-22,0.03704929949443359,0.04541341199297541,0.04600584170690301,0.05540343605082787,0.059039831899212004,0.06267721064583429,0.06418572832412812,0.06569424600242195,0.06737789649926655,0.06906154699611115,0.07023538137690732,0.071396456688347,0.07077080185514045,0.07480207571682579,0.07854055970345228,0.08092721867104692,0.09068592642776573,0.09164875688464102
2023-12-21,0.03704818442492466,0.04476150442236502,0.04600254489870112,0.0548392457067311,0.05835822520452103,0.062118185782239745,0.0636327946765804,0.06514740357092104,0.06682859297929535,0.06850978238766965,0.0696819121119246,0.07085404183617952,0.0702816586943146,0.07433002641924363,0.07793467606704307,0.08040120966374469,0.09006277812622977,0.09102135245329623
2023-12-20,0.03699740993506375,0.04476083441016889,0.04600776728639717,0.05484688068261859,0.058446388306786765,0.062127225913716756,0.06365659848292189,0.06513716128928006,0.06676446118598174,0.06850271334836763,0.06967491090896068,0.07084710846955372,0.0702271675407287,0.07410651126693597,0.07783066809708525,0.08003456658873746,0.0903158316872459,0.09113798409993311
2023-12-19,0.03710554326919944,0.044760164418036236,0.04632688854135256,0.05484647016129288,0.05844612548134364,0.06212722591371675,0.06364383057713376,0.06514395040725277,0.06680812812120952,0.06850928756214308,0.06969472263569385,0.07084232467498236,0.0701317560321288,0.07409398929471575,0.07794549458562403,0.080168452987988,0.09043705709305702,0.09125672239496495
2023-12-18,0.03743213925962738,0.04468106588074918,0.0463264270675856,0.054770127207123334,0.058369713053806734,0.06205085423796282,0.063563010803417,0.06505873088446408,0.06674724939048114,0.06847329052996524,0.06964989073493663,0.07081370180724528,0.06999973482372095,0.0740789939658817,0.07788723892197343,0.0802495228854886,0.09089332291747987,0.09146426049530124
2023-12-15,0.03776634501706594,0.04467376823896815,0.04632217289147422,0.05500212208150964,0.058601382531381294,0.06220237287513093,0.06371112894892349,0.06521988502271604,0.06684479159447994,0.06846969816624385,0.06964229923795968,0.07080215464585253,0.06993990494375503,0.07405551575023173,0.07776425807472055,0.07998005860580051,0.09115855158052268,0.0916688317002833
2023-12-14,0.03753685230881655,0.044756814758208224,0.046318845305684794,0.055073563640218676,0.0585161907734238,0.062195370193490564,0.06370635430254434,0.06521733841159813,0.06684196952496205,0.06846660063832598,0.06963518014440949,0.070803759650493,0.06989860132570946,0.0742790999718856,0.07796741601142551,0.08029807741050514,0.09080415761994937,0.09132839383054063
2023-12-13,0.03781371172667234,0.04487377316338696,0.047137200322188134,0.055081249996604104,0.05860205250071051,0.06220317220905081,0.06372951685087054,0.06520714836582367,0.06677936287844576,0.06845877383511025,0.06962783016022484,0.07079688648533942,0.07051903242432092,0.0758063325742908,0.07838297421448222,0.08087607853944537,0.09045118820292991,0.09110199568140499
2023-12-12,0.03781257395890603,0.044873101551126865,0.04713673080478302,0.05508083774265612,0.05860178996865494,0.06220317220905082,0.06371678060843697,0.0652139367426124,0.06682176771639145,0.06846532826736558,0.06964759079044565,0.07079212153087422,0.0703391678288806,0.07639727669497995,0.07859282986321038,0.08113328887590197,0.0902501136842404,0.09083358215635096
2023-12-11,0.0378114362596053,0.044872429958969826,0.04713626129672681,0.05508042549487907,0.05860152743183479,0.062203172209050785,0.06371678060843694,0.06521393674261239,0.06682176771639141,0.06846532826736551,0.06963793794654084,0.07079780186833383,0.070516897983696,0.07637481396955888,0.0786528872577061,0.08110095627858759,0.09022259766331991,0.09080932950337031
2023-12-08,0.03791721180637565,0.044865128393808025,0.04713189360846839,0.0550751460575095,0.058636483929606624,0.062200282841004845,0.06370865900652932,0.0652170351720538,0.06684265818471799,0.06846828119738217,0.06964054620808637,0.07080006920780466,0.0701593103041557,0.07641711069483645,0.07862235209132583,0.08117314618078533,0.09024359588246329,0.09082442093609062
2023-12-07,0.03802525307892497,0.044957952536676456,0.0471284685727724,0.055156058923720414,0.058599329161762394,0.0622799962200068,0.06378595980128858,0.06529192338257037,0.06691651432091036,0.06854110525925036,0.0697097751395673,0.07087844501988425,0.07044699334983877,0.07642137851732078,0.0784956059738504,0.08118724541615992,0.09009859335821535,0.09070154991043998
2023-12-06,0.03814320980455171,0.04495727972494447,0.047133913896735886,0.055163753516741736,0.058685859523665306,0.06228907862390018,0.06385452540791967,0.06537001112436405,0.06689990436949159,0.068534108517696,0.06970090612423299,0.07086770373076999,0.070210938918304,0.07598276011664354,0.07859753716578834,0.08112285235925462,0.09025453772049986,0.09075229573750726
2023-12-05,0.03802296529521437,0.0449566069333533,0.0471334444447937,0.0551633406669282,0.0586855966311516,0.06228907862390007,0.06384139419086567,0.06537683676253815,0.06694137215924141,0.06854067500920474,0.06972061293660092,0.07086289327056958,0.07003120347969559,0.07623634667259765,0.07835650006122517,0.08094939707035023,0.09034733512152786,0.09088565492897999
2023-12-04,0.03825008092185641,0.04495593416189797,0.04713297500220317,0.05516292782329435,0.058685333733866495,0.06228907862390008,0.06384139419086564,0.0653768367625381,0.0669413721592413,0.06854067500920456,0.06971098585094551,0.07086857592266754,0.07002962043935371,0.07614202513129929,0.07840796132918385,0.0811189970115478,0.09027444396946901,0.0908286723728302
2023-12-01,0.03807793236462318,0.04249775529903576,0.04712272575925114,0.05523352364429898,0.058771119459889366,0.062311904597347395,0.06395812524951547,0.06553354071234298,0.06708703960486348,0.06864053849738398,0.0698229247491425,0.0709424181151692,0.071507483910298,0.07635226956983789,0.07821359271691607,0.08090398301427144,0.09024232408173975,0.0909874799177414
2023-11-30,0.03820578741080378,0.04250414846901365,0.047134042811722586,0.05522905496784582,0.058710658960918635,0.062314310604690254,0.0639845538933358,0.06553300860885092,0.06708132479406873,0.06862964097928652,0.06982577460188585,0.07094555926985119,0.07155158419778312,0.07634741466269872,0.07822481860853127,0.08091479353523112,0.09023109653882176,0.09097874637951436
2023-11-29,0.03820306093540534,0.042503508953065226,0.04745285591199189,0.055312640707642115,0.05886988911242169,0.062391536167194006,0.06398277120717459,0.06560859831324171,0.06719170953877218,0.06872263028434011,0.06992938930867755,0.07102418100085996,0.07155018910540427,0.07595632978277184,0.07897292426452207,0.08156802213393717,0.08964440438893168,0.0911643360978602
2023-11-28,0.038201924413095015,0.042826657876142794,0.04810038411904549,0.05527428495684845,0.058888340673418874,0.0623880805780376,0.06400242629674957,0.06561677201546154,0.06722855941164724,0.0687203200868404,0.06985791287330881,0.07102023593774393,0.07169830740949161,0.07613638965108115,0.07916186595779023,0.08164391742491398,0.08959695291051442,0.09135572705045135
2023-11-27,0.03831983974829536,0.0433164952977602,0.05055363354521524,0.054685593469316875,0.05855678193304361,0.06230563269314215,0.06392734943284832,0.0655490661725545,0.06711530449245214,0.06863046982365745,0.06975159378289401,0.07087271774213058,0.07144594954551065,0.07587283434031364,0.07896269610597356,0.08176711147796764,0.0888814732193661,0.09112369011113228
2023-11-24,0.03856128421013488,0.04331454022936707,0.050545360412422,0.054680395636809244,0.058486318096443266,0.06229647329920172,0.0639236126922669,0.06555075208533209,0.06710785626495172,0.06863111035371006,0.06974640026273034,0.07087394610481677,0.07129835655309928,0.07586626920268248,0.07883926001692688,0.08160116730976155,0.08944401510444816,0.09160120183367806
2023-11-23,0.03899967759123843,0.043313888579120594,0.050792868065155136,0.05506495577015115,0.05878319153303213,0.06238284699159327,0.06406909387532839,0.06570152436915705,0.0672456844337344,0.06878984449831174,0.06995072547702229,0.07111160645573285,0.07135456598912199,0.07579841862685997,0.07869280515397437,0.08154629008733956,0.08963403734787688,0.09176089832091823
2023-11-22,0.03899851757699765,0.04347996094616482,0.05079236039027366,0.05507259395941245,0.05878086823707143,0.062216989455474915,0.06393713819360246,0.06569468146951539,0.0672745352982262,0.06880230603368283,0.06994862549598879,0.07110740495245024,0.07144958377380631,0.07567394032050098,0.07986940002275196,0.08252941994295895,0.08939666290632356,0.09134866375476416
2023-11-21,0.03911636411162729,0.044126447443891284,0.05086904379299857,0.0552713895209497,0.05887947714202907,0.06237416496484252,0.06411737436882135,0.06586058377280017,0.06747022815136301,0.06896000539535203,0.07009831807988695,0.07126137669234653,0.0700144886176596,0.07623029549836799,0.08011284762764871,0.08277561015907091,0.0893994452202255,0.09137132006768928
2023-11-20,0.0393631120411468,0.04412578360877964,0.05090712884152789,0.055346853546129025,0.05895577038912899,0.062451365311635115,0.06419368264540251,0.06593599997916991,0.0675632742914902,0.06903638577422226,0.07018939181382866,0.07134239785343507,0.06982471445392271,0.07639437229537727,0.0801099255806131,0.08255772858364613,0.08920924304678861,0.09119061160703938
2023-11-17,0.03973318852613374,0.04412379222328393,0.05106273593710709,0.05557859284207469,0.05900812306882115,0.06244218998398012,0.0641859484243607,0.06592970686474128,0.06760267923053968,0.06903665554408116,0.07018094496704592,0.07133780899905426,0.07163585716267891,0.07559656522943797,0.08008170016629039,0.08209322155725701,0.08941723401211017,0.09135695043184258
2023-11-16,0.04047866265671459,0.04412312846806054,0.05138739874729322,0.05622792426834136,0.059512298967825734,0.06269259901956624,0.06440944521113894,0.0660714984391508,0.06774996066855829,0.069188642579479,0.07033827396498495,0.07148790535049088,0.07184212246437145,0.07715058310675874,0.08021794453855306,0.08269047393761611,0.08931091603691398,0.09121514273015652
2023-11-15,0.04122077996197024,0.04624852505295462,0.05235096326978563,0.05645379412601524,0.05985006564619977,0.06299772340868531,0.0646312711592215,0.06630033081737803,0.06800553521354505,0.06941493884711167,0.0705855719687062,0.07171884445876046,0.07202359321548765,0.07771115441237121,0.08072019448535435,0.08252941401024655,0.08957941137271183,0.09180141295695728
2023-11-14,0.04282276290053036,0.046737378960504845,0.052437172090060324,0.057438120386721046,0.06038177695230963,0.06323350990994354,0.06483135200261674,0.06642919409528993,0.06822639559680875,0.06964992153860583,0.07077987358297946,0.07193438980223078,0.07177307681538905,0.07833735367454726,0.08135863547095105,0.08364233161543509,0.08960104875026066,0.09207316227606441
2023-11-13,0.04258197092760872,0.04673667592076547,0.05050795911461092,0.057598565714489965,0.06049986302858407,0.06331064311094736,0.06491097078995371,0.06651129846896006,0.06814541049799823,0.06972623626521993,0.07086948334995957,0.0720127304346992,0.07242603438613268,0.07916032372119298,0.08129725187871444,0.08357201429808163,0.0896450366626992,0.09199738331850123
2023-11-10,0.041820343877123085,0.04690097661706505,0.05081808083326763,0.05775370746730962,0.0608037370853165,0.06385844424085212,0.06530523538356987,0.06675202652628763,0.06836838917750772,0.06994961351022301,0.07109432672547818,0.07225161920683504,0.07282106587622117,0.07922537640384887,0.0816536532076329,0.08401223693017432,0.08938331416642034,0.09178760115119289
2023-11-09,0.042629204982353425,0.047223257537140496,0.0532341084855041,0.05494541117319941,0.059476245912286556,0.06386443190767127,0.06537873302269344,0.06684470537872554,0.06839262890667883,0.06994055243463213,0.07113169951199329,0.07232284658935446,0.07286406190439067,0.0792817377059372,0.08189910164971842,0.08423403879722402,0.08927355957154948,0.09164232669567408
2023-11-08,0.04323978046804752,0.047222547242068896,0.0533106161163794,0.05557894311433902,0.05987865516490351,0.06386443190767133,0.06532523333684224,0.06681779131882123,0.06840879265185902,0.06994734339149997,0.07114468600637903,0.07230381555908112,0.07196662344272654,0.0791757594379864,0.08190218301987522,0.08467221477743,0.08933237530760851,0.09139355450843005
2023-11-07,0.04338016149299209,0.04722183696836443,0.05347377617820121,0.055578527244359306,0.05978676185429963,0.06386443190767133,0.06534470638155412,0.06682498085543692,0.0684465392995802,0.06994734339150004,0.07111047926635229,0.07229890070370135,0.07192388813294284,0.07925122264941935,0.08275024278582921,0.08523559520788497,0.08889315752234785,0.09139258892389321
2023-11-06,0.043557103065512866,0.04819951225883436,0.05363691291070477,0.05590041688212481,0.06006203076977458,0.06409464651157323,0.06553220314027668,0.06696975976898012,0.06856029547613185,0.07009896588848516,0.07132054050536657,0.072542115122248,0.07189364981432708,0.08020460072986065,0.08322813896494244,0.08511224529343712,0.0892977950671492,0.09131193173217675
2023-11-03,0.04448003375211627,0.0484418484176583,0.05358927820778629,0.055572786730025546,0.05990570122103113,0.06424617433332155,0.06573594252600119,0.06722571071868083,0.06875469462392032,0.07025043974861113,0.0715143176227422,0.07279208426472086,0.07210460682766205,0.08133974362947752,0.08373922331092784,0.08701273286539765,0.08886519759093878,0.09104075673812853
2023-11-02,0.04483875922208307,0.04881271390900191,0.053711780616286516,0.05556829656116155,0.059937513206814674,0.06431435180162107,0.06581246657746737,0.06731058135331368,0.06882171147344562,0.07033284159357756,0.07147490281630939,0.0726169640390412,0.07193625309229916,0.08140615112431066,0.08385158540148281,0.08690283973732288,0.08852772221419943,0.09074367766970223
2023-11-01,0.044688971051202606,0.048808993062721365,0.05371124387956333,0.05557603215518331,0.06005398486325888,0.06439672407926111,0.06576061687636621,0.06721750236418303,0.06877286421670616,0.07032822606922928,0.07151875009311254,0.07270927411699579,0.07212262624685266,0.08176200064595368,0.08416214084669274,0.08650020203046101,0.08906249253648267,0.0910813041284145
2023-10-31,0.04373742549733038,0.048873702794041345,0.05371070715356724,0.05557561632876717,0.06007463464012341,0.06439191895146462,0.06576879606473417,0.06722480404658243,0.0688010628186979,0.07032701545978841,0.07147649230523248,0.07270434257195683,0.0725132189190491,0.08212770596599044,0.08469277689649286,0.0876262779622315,0.08862715162915778,0.09058363704821429
2023-10-30,0.04299363210226493,0.04899703408019309,0.05378717536867618,0.05557520050857364,0.060136749609114575,0.0644684849708634,0.06584259436345145,0.0673125718531968,0.06884161376190367,0.07040389571210416,0.07156216438283304,0.07278700021854632,0.07246038812393531,0.08245787106288385,0.0847787238343079,0.08760622578237381,0.08870909941476335,0.09072981172859389
2023-10-27,0.043283482445995475,0.049230058123708384,0.05377801737487052,0.055569884128891196,0.06036750346300983,0.06448721434780003,0.06590030999782871,0.06731340564785741,0.06882751683060116,0.07032517028309769,0.07150276967515667,0.07270653794259475,0.07213900767435473,0.08252815739426059,0.08491984263408553,0.08759937110353967,0.08852910264662756,0.0908726914432475
2023-10-26,0.04437423150893734,0.049410609733524874,0.0537080236844806,0.0555654020990787,0.060418422992573745,0.06448648608939728,0.06591388214684717,0.06731058151488953,0.0688049576131116,0.07031575542669875,0.07150532154242695,0.07270810505944102,0.07192863875402941,0.08239973801497642,0.08490226039690185,0.08747537580557208,0.08825896340841863,0.09062194340269128
2023-10-25,0.044471870610983975,0.049585768209138986,0.05378448810597279,0.05620809656330492,0.06075456874106773,0.06440746901159611,0.06577878968784223,0.06719531873803053,0.06870182657241976,0.07022488943795613,0.07140680605094976,0.07260185507075444,0.07201349339528941,0.08255939508187356,0.08515601505437234,0.08765318963120178,0.08867134660571012,0.09134307299875291
2023-10-24,0.045341246095528184,0.04944822086772552,0.05366844854933934,0.05620767602974782,0.060349189729350244,0.06440898978484838,0.06575936123360925,0.06712457192905978,0.0686905042131469,0.07015648337271783,0.0713190239005778,0.07251988994034524,0.07220106294838738,0.08254296851166526,0.0861900459291681,0.08855836577964737,0.08778756978092551,0.09064056337242696
2023-10-23,0.04459786131969281,0.049027239959492465,0.05350426879251101,0.056207255502469466,0.06039019681702964,0.0644907291336064,0.06583923501551688,0.0672025596433824,0.06869561719927596,0.07015621698221532,0.07133260083727724,0.07252191198744974,0.07189075527414056,0.08281830665852216,0.08644399166918865,0.08861634105488021,0.08766517826569828,0.09054809550729061
2023-10-20,0.04248296743720251,0.04775821623228155,0.053254612054443276,0.05620183975121034,0.06030858090295419,0.06442421912886684,0.06577503461097099,0.06712585009307515,0.06862537543922478,0.07009230240828422,0.07126258145790496,0.07244572071686217,0.07181494585095545,0.08256070139145129,0.08653654287178539,0.08883451200963562,0.08753530866787533,0.09060395785641756
2023-10-19,0.04050440765423494,0.04678492139020742,0.05305924744337184,0.05572360478337012,0.060028230424732126,0.06434218184831048,0.06570198416580578,0.06706178648330108,0.06853677798306501,0.07001176948282896,0.07119196423477672,0.07237215898672447,0.07189549380093188,0.08212439232890648,0.08578492365193584,0.08817445595163433,0.08726323436355769,0.09086939901187993
2023-10-18,0.03939385936482403,0.04664456829190808,0.052904638136843325,0.05541852357178012,0.06002881833609417,0.06435426835703935,0.06568854307235783,0.0670668048662033,0.06853612749012566,0.07000545011404802,0.07119092548231148,0.07237640085057495,0.07218575200561374,0.08084826415127691,0.08457852399091914,0.08702308859279528,0.08647261656309868,0.08949907025472684
2023-10-17,0.03914503230601276,0.04664653908785612,0.05277890837690783,0.054782671812357644,0.05957626432212304,0.06427625650189658,0.06563491213436656,0.06700849804851204,0.06856129299170273,0.07001497336405146,0.07118427371854183,0.07239212243636703,0.07198627290273465,0.0808849682887701,0.0844460254433891,0.08670051897321472,0.08667492201636165,0.08965042612890418
2023-10-16,0.038896204580620625,0.04636206530856155,0.05253757896206111,0.05478226196795466,0.059538646143311155,0.06420229533921064,0.06555891873665541,0.06693045008352266,0.0684521544102745,0.06994077820818388,0.07112434831933125,0.07232092469543626,0.07199298396214202,0.08077218930326523,0.08432248902045467,0.0863094983761203,0.08662963788818592,0.0897382212709426
2023-10-13,0.038890575851721704,0.04621778071530024,0.05252886084948867,0.05477709399886143,0.05948337268112955,0.0642008409386196,0.0655661453211965,0.06693144970377343,0.06845501541171822,0.06994546012601205,0.07112706414289023,0.07232165281929455,0.07211992172459969,0.08066031728781546,0.08428979248411267,0.08642223835246762,0.08660137735451538,0.08971720178624343
2023-10-12,0.03864393178142602,0.04622229063665558,0.052699222969512335,0.05429843190805565,0.059240432779143544,0.06419418367487452,0.0656329175309707,0.06707165138706689,0.06850759351380782,0.06994353564054874,0.07124254511479264,0.07254155458903654,0.07250976040808348,0.08088223271847204,0.08437076479654619,0.08646852647059519,0.08693146036895483,0.0902589320093349
2023-10-11,0.03889042711573728,0.04706302011582304,0.052775744553123144,0.05525443662902421,0.05986649526209403,0.06419448268864006,0.06559093437616459,0.06703342293250862,0.06852093855126123,0.07000845417001385,0.07130187983333727,0.07259530549666068,0.07252154128291483,0.08113732919264406,0.08449237244819106,0.08643380673371646,0.08643273115699292,0.089669209479969
2023-10-10,0.040246042680889285,0.047619798592542444,0.053256662302381325,0.056201789220413016,0.060272923726297854,0.06426539657823886,0.06566778200271499,0.06708557825603152,0.06856274233162511,0.0700077941447058,0.07126436202057111,0.07256235521102539,0.0721132815035364,0.08117290561525616,0.08486601408070231,0.08627218804288399,0.0863198784956113,0.08957530009172741
2023-10-09,0.040660686270526596,0.04836214310049528,0.05362190867906748,0.05683586474656783,0.06062156647262123,0.06433423215251283,0.06573012847677878,0.06714136432109162,0.06863115111497563,0.07008855123942737,0.07135699400139787,0.07263937569481863,0.07346766238556855,0.08119419108226006,0.08492413719079012,0.08646263629999339,0.08629348422464891,0.08959106973084978
2023-10-06,0.04147622360739047,0.04859860259527395,0.05376681662145278,0.05595915449918101,0.06011318182925603,0.06432372994058312,0.06574041672523187,0.06717284447415449,0.0686486362557655,0.07009234560734151,0.07137031628645064,0.07266233059939615,0.07228557031519629,0.0814986029294944,0.08511943155946683,0.08674711731742896,0.08666531315755584,0.08963778795986868
2023-10-05,0.04180400076324145,0.04860360223027429,0.05386034534209462,0.05619141423531635,0.060308123188375834,0.06448084515909885,0.06593517505196958,0.0674056641658722,0.06878403036897932,0.07016239657208644,0.0714851341516694,0.07280787173125237,0.07282355173444763,0.08183416349057268,0.08555535917466421,0.08691879952689556,0.08700312906720645,0.0899869180842884
2023-10-04,0.041476175123134625,0.04811415001020773,0.05353261188488932,0.056199266679583734,0.06048147320682665,0.06450074489062206,0.06592685576431398,0.06739998128219354,0.06877801506752408,0.07015604885285463,0.07148019824803038,0.07280434764320615,0.07270770536999815,0.08165089290438596,0.08534378183726497,0.08702185551051105,0.08689264109104988,0.08987993331108578
2023-10-03,0.0403168722142924,0.0478103652864952,0.05281004601055297,0.0560851677636969,0.060130957223055455,0.06409940177046987,0.06554752459445776,0.06701156085607189,0.06856199967417691,0.07001347431240289,0.0713154391248459,0.07266032585418265,0.07272288626700678,0.08077327802482935,0.08470018437551445,0.08666729837348193,0.08642016673085533,0.08926041903062533
2023-10-02,0.03998898798786925,0.04694909811778183,0.05280951844292312,0.05608474821890156,0.06005764580564582,0.06395470802855031,0.06543115195365284,0.06692382053727298,0.06846021323470676,0.06986722549446191,0.0712159679821589,0.07257953181587454,0.07296337359022095,0.07964208683641105,0.08336788813012136,0.08537499001092687,0.08718303373483266,0.08966458741811509
2023-09-29,0.038831423404948606,0.046587661215473114,0.05231935014830401,0.05524548585705491,0.05950925224633571,0.06378444344996682,0.06520837932729126,0.06663231520461571,0.06808524378813625,0.06953817237165678,0.07086297562413049,0.07220233715410392,0.0726896580199717,0.07904352317947824,0.0828868557439978,0.0850514908860507,0.08671243645576446,0.08905432323535623
2023-09-28,0.03850458948966745,0.045118906173632616,0.05200794485552155,0.05489031577044995,0.059379770391468266,0.06373284507232077,0.06517138804252301,0.06656402006686772,0.06801433727557872,0.06946465448428972,0.07079518052342056,0.07212570656255138,0.07208105908823674,0.078802689479193,0.08261405129662518,0.08453507781054713,0.08662895465573632,0.08904807721362372
2023-09-27,0.03850458948966745,0.044990947909609384,0.051689436439274344,0.05477447608927354,0.05927331764138835,0.06373423429106173,0.0650896459782693,0.06647452313693791,0.0679985198701284,0.06947227495277414,0.07082236963168116,0.07212937618253795,0.07187440624424529,0.07864763881473152,0.08217688429996983,0.0844537764909078,0.08682598650766332,0.08912285214110156
2023-09-26,0.043028376392406774,0.04645837525018832,0.04725815346870153,0.04920948931190621,0.05295540979460603,0.05666963966596642,0.058624814016649304,0.06057998836733218,0.062418365465903174,0.06423654061833603,0.06581333916722418,0.06742441594543598,0.06748997257573938,0.07377973232246653,0.07735922149962782,0.07969423096489472,0.08195072310199102,0.08396530443037584
2023-09-25,0.03751402102616198,0.04498959536788541,0.05168840376583373,0.05453648873278993,0.05915496727664162,0.06373423429108292,0.06513158261120744,0.06652893093133197,0.0680687878294874,0.06959172322326748,0.07084288130458653,0.07209403938590558,0.07191997372403686,0.07842250771883391,0.08209231387093663,0.08446355241958477,0.08685244742462601,0.08913545142637228
2023-09-22,0.0363547452873113,0.04498756670777037,0.05168002078364876,0.054531384514601586,0.05914162650031885,0.06376325008600085,0.0650686447323059,0.06637403937861097,0.06790313781310803,0.0694322362476051,0.07067449692346987,0.07193040881555295,0.07182152026484455,0.0784497937139104,0.08164284047235906,0.0841691047481343,0.08678794319246491,0.08903792543807244
2023-09-21,0.037345600055791905,0.04449732083236033,0.05159960634694199,0.05428994916661509,0.05904407846496458,0.06365278565381165,0.06499372873483783,0.06629187576008658,0.06790225441989241,0.06951263307969825,0.07072752516686036,0.07194241725402246,0.07193432490990274,0.07812495389971803,0.08132327666478861,0.08387855325578653,0.08696513409719853,0.0892177827207274
2023-09-20,0.03718707974084862,0.044496652031602114,0.051724367710856055,0.05405996208780313,0.05883844222021366,0.06357563306170136,0.06496375105764136,0.06638204553175399,0.06801917541052667,0.06960233397461454,0.07083668340817467,0.0720316387108765,0.07228840411075009,0.0778576809730492,0.08125594338293783,0.08359598213331201,0.08710037292608173,0.08931831167494318
2023-09-19,0.03780131106656094,0.045964290243956055,0.051598575529946414,0.05382223147418936,0.05879444853949373,0.06372355259818037,0.06518251441007739,0.0666414762219744,0.06824630587725455,0.06983350004181735,0.07104065538421452,0.0722740532340551,0.07246620729519478,0.07820092163755965,0.08175089456859976,0.08412103698478546,0.08713627363265869,0.0894207275336801
2023-09-18,0.038544207140284205,0.04682449376265484,0.05216651820226666,0.05555774167986972,0.05973122134354781,0.06386838802746365,0.06530280227428517,0.06673721652110667,0.0684125231601399,0.07006941983610683,0.07118932078512545,0.07230922173414407,0.07257513413138941,0.07854993676227053,0.08188388480234682,0.08436255557010112,0.08704301316082262,0.08937269092968039
