Date,3M,6M,9M,1Y,15M,18M,21M,2Y,27M,30M,33M,3Y,5Y,7Y,10Y,15Y,20Y,30Y
2026-08-18,0.07744909871177788,0.07970697958555653,0.080760962816183,0.07898676574764653,0.07965734295119704,0.07990586670948599,0.07985066281372633,0.08001329596295328,0.08052604509473488,0.08096545848617151,0.08099274634046741,0.06896460335595657,0.07481727560548299,0.0755957928342397,0.07725668631065964,0.07896685970453597,0.08035562283469683,0.08158882953197569
2026-08-17,0.07744909871177744,0.07861157552659355,0.07987576944454029,0.07898676574765619,0.07965734295120737,0.0799207699479813,0.07987373494000603,0.08001299664312826,0.08053390662786371,0.08097076664691903,0.08100790969434572,0.0689677237367481,0.0749333009710766,0.0756158497739398,0.07731361281850922,0.07894645145896874,0.08034158406571504,0.08157728678457815
2026-08-14,0.07641317582256356,0.08226102273438653,0.0798757694445682,0.07897011878408913,0.07965444318978776,0.07986953073921817,0.07986759783896262,0.08001198957465398,0.08053656061466201,0.08094824761136023,0.0810081831964935,0.06896766206112459,0.07481860119470887,0.07553580969284615,0.07697081837430542,0.07899921570257581,0.08044983242315658,0.08165221330167632
2026-08-13,0.07609554615124997,0.08225188188953178,0.0798757694445682,0.07898676574765615,0.07964745748311083,0.0798640458365488,0.0798621362604396,0.08000767501973818,0.08053740379420476,0.08094932340911833,0.08100491139811315,0.06896799359785014,0.0749348036785083,0.07555561158141946,0.07694356150764133,0.07899244315348031,0.08044454793153653,0.08164828651086732
2026-08-12,0.07626231307518964,0.08227016627934222,0.08076096281609632,0.07898676574765615,0.07966230983136062,0.07985542358910311,0.07984861310092878,0.08000324137647899,0.08053130689299198,0.08094844907386374,0.0809856767961331,0.0689667117824442,0.07478121433008134,0.0754792869072279,0.07696622353559926,0.0790081910829299,0.08045635969933596,0.08165711431879122
2026-08-11,0.07668410400713624,0.08227016627934244,0.08076096281618331,0.07898676574765615,0.07966054439780265,0.0798673143499745,0.07984827149235396,0.08001120077079454,0.08052597639238963,0.08094364094692154,0.08099274634057319,0.06896460335609665,0.07489107441731874,0.07559858862613968,0.07702055601835976,0.07914130114974212,0.08058688758727586,0.08178597212827098
2026-08-10,0.07668410400713711,0.08227016627934244,0.08076096281618331,0.07902372715071533,0.07966054439780265,0.07986691679049357,0.07984792988670208,0.08000936337784881,0.080533837576122,0.08093965019992445,0.08099274634057328,0.0689668543994815,0.07490109720880443,0.07557332711740147,0.07700626494185892,0.0791561407843637,0.08060039199746208,0.08179346879817996
2026-08-07,0.07680536135953442,0.08226102273439742,0.08076096281618331,0.07900706480850761,0.07965276926219907,0.07986668768628552,0.0798418335320507,0.08000760602321581,0.08053372168801172,0.08094821091065761,0.08099300414792696,0.06896636861457765,0.07479666969632542,0.07556048203002885,0.07700612708796749,0.07916828019946172,0.08060788616462239,0.08179860660301841
2026-08-06,0.07668410400713703,0.08225188188953188,0.08076096281618331,0.07902372715071514,0.07964500471702844,0.07986109381583026,0.07983641233244333,0.0800040469018709,0.08053410234036591,0.08094921619850802,0.08098973197149735,0.06896713547757334,0.07476554709132864,0.07548333511339143,0.07698379347245714,0.07918913134123054,0.08054613383128659,0.08171515252259458
2026-08-05,0.07682142161121361,0.08227016627934262,0.08076096281618331,0.07902372715071525,0.07965996968732099,0.07985265123014117,0.07984622190228531,0.07999961832811754,0.08052811842253103,0.08094844806792932,0.08098567679613286,0.06896584154196107,0.07483335267592174,0.07549556468232695,0.07703344377606465,0.07929872590133816,0.08057267261623945,0.08174959630419991
2026-08-04,0.07632117031590947,0.0822701662793424,0.07909367502873628,0.07902372715071525,0.07966206346902409,0.07986453151672183,0.07988999205434184,0.08000756763408537,0.08052496177176868,0.08094364094692162,0.08102131584626422,0.06896373560376587,0.07486938664540828,0.07548622870726387,0.07707727512260218,0.07928022832318225,0.0805587953631271,0.08174137971421479
2026-08-03,0.07644869134210285,0.0822701662793424,0.07909367502872693,0.07902372715071525,0.07966152970929775,0.07986413398494492,0.079889650280437,0.0800072683512949,0.08053251947922313,0.0809396501999244,0.08102131584626437,0.0689668543994815,0.07482729496241061,0.07541036698043782,0.07707656903485548,0.07930459098695011,0.08057967269453692,0.08175400089635744
2026-07-31,0.07630531785519319,0.08226102273439738,0.07909367502872693,0.0790070648085077,0.07965490357978255,0.07986398155733497,0.07988348852985279,0.08000698717828372,0.08053305513641036,0.08094825770471789,0.08102160334049455,0.06896720295370502,0.07522966711999467,0.07580781514541857,0.07749320154144454,0.07977582331620127,0.08096445646926462,0.0821468685082589
2026-07-30,0.07595820342075808,0.08225188188953202,0.07872712826283965,0.07863556426530628,0.07915020440686797,0.0793839616645994,0.07941159264222779,0.07957523013848129,0.08002937047752579,0.0804398472744497,0.08051327919674066,0.06838269139882511,0.07468654322397068,0.0752183866453006,0.07693086393687253,0.07911727431690475,0.08038598748179178,0.08155478776559312
2026-07-29,0.07583066662792852,0.08227016627934247,0.07872712826283772,0.07863556426530317,0.07916608903375133,0.07937540990136044,0.07940618625291018,0.0795708522046806,0.08002418486089444,0.08043895725621622,0.0805100625139004,0.06838145239901362,0.07463833980266045,0.07525550992727958,0.0768872558584697,0.07912334229262336,0.08039021723385885,0.08155834760314065
2026-07-28,0.07583066662792852,0.08227016627934247,0.07872712826283772,0.07863556426530317,0.07916608903375133,0.07938711256447875,0.07941597359271745,0.07957870515360974,0.08001990463506212,0.08043420130581007,0.08050597026540385,0.06837938027868053,0.0746001520636638,0.07522015754844184,0.07687909626503849,0.07912930551386063,0.08039534406254215,0.08156328593226755
2026-07-27,0.07583066662792852,0.08066736257031448,0.07835945838326688,0.07827499233885547,0.07879950254955834,0.07903854184893852,0.0790615395410894,0.07929478826023595,0.07975144936603558,0.08015612493006881,0.08023951243985977,0.06809759450980374,0.07434452189189072,0.07493927485417819,0.07659388120279516,0.07884008673245622,0.08010440885045643,0.08126439529077374
2026-07-24,0.07679555720390668,0.08065856945095926,0.07834296556857823,0.07825864017658687,0.07878826385219155,0.07903806877156429,0.0790596203745133,0.07929449618448232,0.07974921623440237,0.08016439821912952,0.08023892481292388,0.06809793102973591,0.07448315873047022,0.07512725346074436,0.07672812330263161,0.07908033208898924,0.08025746792002658,0.08142275741612866
2026-07-23,0.07695873446267855,0.07949775898899351,0.07835945838326676,0.07827499233885513,0.07877964392226813,0.07904781237325148,0.07905517816259221,0.07928955971091695,0.07974894711718476,0.0801747367962666,0.08023978345111919,0.06809790242723511,0.07450423763267815,0.07511221616556775,0.07677900076274753,0.07906731420307861,0.08024737073082791,0.0814155026932107
2026-07-22,0.07710585010139157,0.07951484718101795,0.07828402637613355,0.07821026053656037,0.07879422601047689,0.07904038954686854,0.07905180291045437,0.07928787262174704,0.07974317153199792,0.08017455279420929,0.08023785786364174,0.06809821263754884,0.0745309013201227,0.07511867302798274,0.07674595959006433,0.0790685894419671,0.08024787051393667,0.08141647426798497
2026-07-21,0.07724315310920626,0.07975500977915437,0.07835945838326638,0.078274992338855,0.07879365797215712,0.07904877390135233,0.07905951343907969,0.07929300864771535,0.07973860243897868,0.08016773723417726,0.08023252560725404,0.06809458467542077,0.07483990372689106,0.07544245178847375,0.07708913575482607,0.07939215750711039,0.08057207095955884,0.08174413844549752
2026-07-20,0.07724315310920714,0.07975500977915415,0.07835945838326638,0.078274992338855,0.07879365797215712,0.07904838045748862,0.07905917576550758,0.07929271205339479,0.07974629628321976,0.0801638037745803,0.08023951243985909,0.06809759450980296,0.07496712376739702,0.07555329937311527,0.0771566158867708,0.07955107139216237,0.08072597790665245,0.08188897604615626
2026-07-17,0.07708967110649567,0.0797464131136101,0.07834296556857827,0.0782586401765869,0.07878694018119536,0.07904772187452186,0.0790577847264105,0.0792924200085869,0.07974661181760337,0.08017198057530811,0.08023926726828748,0.0680979310297359,0.07494756375836319,0.07556521044581752,0.07719498317265387,0.07958675797974732,0.08069965796366994,0.0818707040828853
2026-07-16,0.0771058501013914,0.07949775898901452,0.07835945838326677,0.07827499233885495,0.07881662343113537,0.07908301184878921,0.07905281829646432,0.07928748650250067,0.079745057015448,0.08017281243851959,0.08023976128559497,0.06809790244524518,0.07511655079936179,0.07564736524534038,0.07722842058894042,0.07962480450626866,0.08054519195095913,0.0817761363079747
2026-07-15,0.07724315310920701,0.07975500977915373,0.07835945838326662,0.07827499233885495,0.07883125807991007,0.07907232464295352,0.07904746606966741,0.079283140891417,0.07973927257332299,0.0801706236078559,0.08023652742001007,0.06809671053911032,0.07501546944124861,0.07563355524602103,0.07721074805006639,0.07957639761055041,0.08057634741854615,0.08179834182970738
2026-07-14,0.07724315310920701,0.07975500977915417,0.07835945838326662,0.07827499233885495,0.07883125807991007,0.07908401572755269,0.07905714978464774,0.07929093253406498,0.07973502806335638,0.08016584241476274,0.08023252560725408,0.06809458467542079,0.07500885029965162,0.07562877554161726,0.07718192224524667,0.0795801665818684,0.08050184766126964,0.0818480271688302
2026-07-13,0.07822375071455522,0.07975500977915417,0.07835945838326662,0.0782102605365602,0.07882719978546056,0.0790836221219956,0.07905681213126625,0.07929330459870626,0.07974042437890307,0.08016191102374585,0.08023951243985912,0.06809909698183085,0.07502093208802625,0.07563942827657384,0.07718875358239506,0.07958555220681683,0.08050797407717167,0.0818504768580915
2026-07-10,0.07845210819721597,0.07974641311361023,0.07826756498747733,0.07811998119510924,0.07874360189592508,0.07900676536240092,0.0790573635491368,0.07922859001029854,0.07966512982230982,0.08009470828827261,0.08024052702198708,0.0681042543293644,0.07502571306447103,0.07561683816380292,0.07719433861113985,0.07958955470924876,0.08050909644292945,0.08185120316448177
2026-07-09,0.0784688622504548,0.07973781891035893,0.07828402637613356,0.0781362762027091,0.07873584071721923,0.07900064477555037,0.07905244235624521,0.0792237222653293,0.07966537861725495,0.08009533354187519,0.0802410978301907,0.06810422665564363,0.07502569460552411,0.07561564203476484,0.07718195070495314,0.07947220426916315,0.08007136274093889,0.081693327855846
2026-07-08,0.0784688622504548,0.07951484718101812,0.07828402637613356,0.0781362762027091,0.07875098938310346,0.07899691863891764,0.07904709087478919,0.07921938233368742,0.0796598754867082,0.08009740201604947,0.08023790238308097,0.06810299639483941,0.07494573663693728,0.07556500390960408,0.07721849870650531,0.0795943234740665,0.0805122665077701,0.08185378718283064
2026-07-07,0.07748832523355197,0.0792746555032913,0.07780304689360248,0.0781362762027091,0.07875504310601011,0.07901189937544212,0.07906944482258285,0.07922716337508247,0.07965792523133197,0.08009464585036935,0.08024201378336833,0.06810092991380362,0.07491804019930023,0.07555126475168071,0.07721857338796244,0.07959388558767685,0.08051240108418288,0.08185524067432699
2026-07-06,0.07764522744233388,0.07987027749928688,0.07786907396854233,0.07821026053656017,0.07882959393404457,0.07907927502623442,0.0791343954457416,0.0792912285394296,0.07973991973249252,0.08016094070693656,0.08031413944838477,0.0681783621952716,0.07500401792953047,0.07563602297710717,0.07727462632923493,0.07965122971380197,0.08061091568031842,0.08194654399683945
2026-07-03,0.07762882207524567,0.07986165613433605,0.07771135289745688,0.07811998119510832,0.0787470831518543,0.07900256524386931,0.07899265832565969,0.0792270192216707,0.07966524641779678,0.08009382394144342,0.08017406213755027,0.06803518068806555,0.07486246961313045,0.07549177879928258,0.07712016521077338,0.07951169947471509,0.08046792904223027,0.08180091170181751
2026-07-02,0.07764522744233392,0.08004505276361205,0.0777275833718229,0.07813627620270915,0.07873923087185188,0.07899399790134627,0.07898812532667833,0.07922165088670668,0.07966544978893557,0.08009294092956644,0.08017485504595048,0.06803490123659599,0.0748622834813784,0.0754904684444507,0.07715837919705733,0.07953210242230395,0.08044919849408973,0.08178763227004611
2026-07-01,0.07751774487036005,0.07967816091118098,0.0777275833718229,0.07813627620270915,0.07875492146486564,0.07899193128542593,0.07898276781846032,0.07921731389621267,0.07966023959785327,0.08009601508240022,0.08017162211315008,0.06803370991324822,0.07489852693672264,0.07551790014684034,0.07713295145025073,0.07952657991382438,0.08044444123192182,0.08178496107343904
2026-06-30,0.07789037472179672,0.07987890133825055,0.0778111811258364,0.07813627620270915,0.07871578004598143,0.07904033140703196,0.07903118722474863,0.07925397914634602,0.0796959282318653,0.08012366149514415,0.08021271295493342,0.06805996436838972,0.07488904904039591,0.07548816945156604,0.07713152719060999,0.07949485917266833,0.08043545728055985,0.08183319658903845
2026-06-29,0.07776290002691968,0.07968674358553479,0.07781118112583581,0.07813627620270915,0.07871630680651236,0.07904295997199084,0.07903084917547565,0.07925368272129868,0.07970389849579528,0.08013239987309691,0.08021271295493294,0.06806297461971195,0.07488915195162553,0.07544177966556546,0.07724878948361849,0.07964621489919654,0.08011267110727563,0.08151079502487031
2026-06-26,0.07760921789703158,0.07930458583097506,0.07766021857917413,0.0780460218330602,0.07870952128014191,0.07904225776812258,0.07902875806776409,0.07925685100129465,0.0797042323968341,0.08013568658313734,0.08021553511477866,0.0680652590227473,0.07488144824711275,0.07544195961748329,0.0772126912611593,0.07958202565009861,0.08014720930618922,0.08153474572538319
2026-06-25,0.07762561500557814,0.07899482234870454,0.07758473091331966,0.07806228639477143,0.07870172513066094,0.07903952768527722,0.07902535297777363,0.07925150955252445,0.0797044804464307,0.08013823285132378,0.08021357221982726,0.06806499451707408,0.07494463721844812,0.07557063210177074,0.07736375677893693,0.07974373573321027,0.08026590559484954,0.08165702479608893
2026-06-24,0.0776256150055777,0.07884102947130824,0.07758473091332055,0.07806228639477143,0.07871687412533096,0.07905453180102617,0.07903508895198917,0.07924716683587536,0.07969893181452001,0.0801345744251429,0.08020954108628801,0.0680637738931669,0.07493861493671153,0.07556862567839166,0.07734714197592316,0.07971410015660961,0.08027699505381986,0.08166534256020713
2026-06-23,0.0776256150055777,0.07884102947130801,0.07758473091332055,0.07806228639477143,0.07871687412533086,0.0790545318010261,0.07903475089470333,0.07925495317556115,0.0796946951762348,0.08013063575552559,0.08021655701578907,0.06806167782690706,0.07493243027639211,0.07556415839958977,0.07731849824507576,0.07965746613114767,0.08030264138834968,0.08168448225521968
2026-06-22,0.0776256150055777,0.0786776115445915,0.07751867570927966,0.077849535197247,0.07843483184646803,0.0789142728940778,0.07888293304993198,0.07911895651367229,0.07955899922287518,0.08007709108144315,0.0801460308935027,0.06800698054218389,0.07480855798391117,0.07552044263069355,0.077305706730563,0.07962230006478274,0.08022764518190148,0.0816090535226054
2026-06-19,0.07733474900898799,0.07849751539847782,0.07733936656014424,0.0779443187290032,0.07853201680431363,0.07894864242301129,0.07891989187868631,0.07915322189434006,0.07959392064785753,0.08003722330922694,0.08010739055223635,0.06796365783675135,0.07488453060521696,0.07546441500201329,0.0771677832282707,0.07955438923743682,0.08021611832382461,0.08158867310057157
2026-06-18,0.07751774487035734,0.07836035028325135,0.07726386077609448,0.07788653865707093,0.07848602568603348,0.07890572850273253,0.07887820178467596,0.07911222929350993,0.07955645060858939,0.08000083743230478,0.08006756471524447,0.06792715946814357,0.07481585989654864,0.0753497369594083,0.07713319098734978,0.07950050000485703,0.08004521625485615,0.08154434070389083
2026-06-17,0.07715488743538157,0.07836035028325157,0.07726386077609478,0.07788653865707115,0.07850258658596446,0.07891860733853687,0.07888790639170665,0.07910790219790094,0.07955180527025957,0.07999581959945108,0.08006356142513535,0.06792594784171375,0.07459870250667104,0.07505199481599463,0.07687994626143216,0.07949234962560559,0.08023129613666223,0.08173709357250382
2026-06-16,0.07678218849502437,0.07836035028325157,0.07726386077609478,0.07788653865707115,0.07850412257778776,0.07891860733853694,0.07888756897406843,0.07911565891213167,0.07954844757788114,0.07999189299289723,0.08007055816894024,0.06792385309719744,0.07459254114602794,0.07504755818578013,0.07685137142103766,0.0794962633514197,0.07990553541186088,0.08148650350116403
2026-06-15,0.07678218849502393,0.07819689296677167,0.07715059410418139,0.07763673872702145,0.07840069287617214,0.07855027740058038,0.07874653997318054,0.07898115943304945,0.07941428653300998,0.07979154212594887,0.07985069337805203,0.06771143823544189,0.07430242379664469,0.07478240880270037,0.07665855443505397,0.07929461384272044,0.07987546475321193,0.08139288094709515
2026-06-12,0.07676614458829402,0.07794005974139309,0.07736768012984976,0.07762064873459783,0.07839334607268492,0.07854774000863331,0.07873488042862345,0.07898115503032743,0.07941432497854381,0.0797935779049719,0.07984739831151798,0.06771193376389574,0.07430406312470787,0.07478057270665525,0.0766210294386011,0.07928983868251833,0.07988695118061745,0.08140085448213656
2026-06-11,0.076782188495024,0.07795649022272802,0.07715059410418139,0.07756271194779017,0.07831045800427976,0.07847428594186423,0.0786586066090209,0.07890195726805246,0.07933992777606458,0.07971764538976008,0.07978220980137396,0.06763775467141246,0.07427151813580035,0.07474554077206785,0.0765862976139378,0.07920848802390329,0.07978959400863807,0.08094691364577762
2026-06-10,0.07666448681856768,0.07795649022272802,0.07715059410418139,0.07756271194779017,0.07832595041897293,0.0784870254210643,0.07866824133083095,0.07889764947602164,0.07933459843376242,0.07971293768316111,0.07977799599867215,0.06763656286464705,0.07422334870359383,0.07473694754756671,0.07666363649105562,0.07937110795026764,0.07984382822432451,0.08092360537115362
2026-06-09,0.07686065433944445,0.07728320834696857,0.07715059410418139,0.07759972602239763,0.07832514384906425,0.07849617413135343,0.07866790486281326,0.07890385159741797,0.07932994609978956,0.07971461557953036,0.07978493335024694,0.06763362909234857,0.07423774180100118,0.07469542876878772,0.0766762744380219,0.07917064014074322,0.07997106753318271,0.08102187420736086
2026-06-08,0.07686065433943519,0.07766796867647095,0.07715059410418139,0.0775997260223963,0.07832514384906429,0.07849094552522357,0.07866756839767382,0.07890355650509258,0.07933754099782211,0.0797185172385444,0.07978493335024682,0.06763659297114569,0.0742483350231318,0.07470490091594485,0.07663170798663121,0.07914350054118276,0.07992610528236564,0.08108767371487159
2026-06-05,0.07613862237610707,0.0772670586041981,0.07700899726908367,0.07737088846069588,0.0782454864940667,0.0784143233929134,0.07859823638150727,0.07876788083038454,0.07927431438276936,0.07964645944822114,0.0797114487545171,0.0676487229813419,0.07428935827854566,0.0747506700798674,0.07666444009675993,0.07914503954779742,0.0799082200501013,0.0810752573326556
2026-06-04,0.07615440586602881,0.07728320834668236,0.07697123558025436,0.07738687638135491,0.07823782469514476,0.07840739349169373,0.0785939002255137,0.07876262827853683,0.07927468731244194,0.07964628957332116,0.07970899864573798,0.06764844675998859,0.07433139012507402,0.07479022628467136,0.07670469032111046,0.07918494935694233,0.07994783849014592,0.08111474587686518
2026-06-03,0.07615440586602881,0.07737940538776028,0.07708451744730899,0.07753495049272609,0.0782528148169476,0.07841883256965065,0.07860057007856167,0.07881969273523126,0.0792689936098808,0.0796407816368944,0.0797826475411035,0.06764074829566533,0.07438442004442736,0.0748577874889927,0.07673158096561838,0.07910979143044956,0.08011538523656937,0.08125898761163987
2026-06-02,0.07656822804839598,0.07776414716266195,0.07708451744730661,0.07717398142570481,0.07811009966138903,0.07827104881462461,0.07844700113747032,0.07862060536025241,0.07911402463140206,0.07949255375534023,0.0796381102788005,0.06758784299574724,0.07449128227306674,0.07495821825394218,0.0768151495674122,0.0792062213156614,0.07957235174985558,0.08056335159605707
2026-06-01,0.07669751428555045,0.07824497003866848,0.0771883507276786,0.0773498544273322,0.07814727747444979,0.07829304629067739,0.07848227452925349,0.07872871718938787,0.07915868886513797,0.07953372860815283,0.07975402238904525,0.06761117285504209,0.0747360641744352,0.07520790090519454,0.0770833015732948,0.07944011277258657,0.07896437337520217,0.08049078794512007
2026-05-29,0.07597776440576513,0.07669001771323436,0.07669259551394407,0.07705628627507188,0.07785124284640245,0.078028189049918,0.0781922027471416,0.07836444406789222,0.07880230742751626,0.07917465570145084,0.0793858678881296,0.06725885857449797,0.07436106696422176,0.07485315524433772,0.07661473776417836,0.07900539161820767,0.07832503283175586,0.07979321395764587
2026-05-28,0.07615440586602905,0.07629735691093345,0.07603354141285631,0.07621075974542446,0.0769775600329568,0.07721890363888177,0.07740634686164773,0.07765225491974549,0.07808888075766264,0.07853572637532655,0.07874883690685096,0.06669779214194732,0.07397020540902356,0.07422451547295408,0.07623061019231359,0.07858722618599294,0.07700740370422665,0.07856128243141942
2026-05-27,0.07643888217791643,0.07631310525713203,0.07595027192841902,0.07607175695124609,0.07684029783005274,0.07706984446438478,0.07732661697586389,0.07750913584169902,0.07793319523867666,0.07839443438090406,0.07860491431119421,0.06655765279604256,0.07329630636332847,0.07398266935471923,0.07532123794051579,0.07695477614102107,0.07762965693786934,0.07883241331236951
2026-05-26,0.0765762082696171,0.07612064383890423,0.07589968572755613,0.0760717569512442,0.07683974439842836,0.07708471470099529,0.07732303874166167,0.07751657993483844,0.07792883092595987,0.07839141099894958,0.07860626662088196,0.0665556692148132,0.07324781417815128,0.07394866287002137,0.07530136958442131,0.07696433122583626,0.07763732727650413,0.07883886380625103
2026-05-25,0.07581104521898173,0.07573566497461783,0.0758241457095384,0.07599761422646506,0.0768428282960501,0.07708989659823046,0.0772575118477686,0.07751927630360615,0.07793789285666589,0.07839079814767437,0.0786073926466626,0.06656024328259101,0.07325968277888131,0.07395908469166429,0.07530804559918562,0.07696941821646448,0.07764293245504372,0.07884119591228003
2026-05-22,0.07566388155862043,0.07572790769462949,0.07574860137637726,0.07590806954912928,0.07677030959307121,0.07701389734512552,0.07719138255480695,0.07744504008947431,0.07787274096678425,0.07832188566194144,0.07853572794994869,0.0664865653075132,0.073133781496332,0.073888450250012,0.07527549073478502,0.07688773621883103,0.07748547395688933,0.0786954360245985
2026-05-21,0.07566388155862043,0.07552771333038655,0.0756653568738362,0.07585858179924464,0.07668780777076463,0.07693429349319648,0.07711656035483545,0.07737527488048952,0.07779835496352937,0.07824832376502773,0.07846133158993743,0.06642159317288271,0.07306830242837821,0.07382183188260483,0.07518493393171392,0.07672447661225938,0.07746065384101627,0.07865640565087675
2026-05-20,0.07566388155862043,0.07554314752130924,0.07573318129665814,0.07585858179924486,0.07670220215797564,0.07692799140105987,0.07710980539370738,0.0773711265771967,0.07779289059899581,0.0782483872734229,0.07846057605168247,0.0664204625643647,0.07304134869588474,0.07382222392798117,0.07509485028427718,0.07670090787755439,0.07741658913407487,0.07861416479563162
2026-05-19,0.07621326470758534,0.07482104062305077,0.07531413769523797,0.07585858179924486,0.0766999920580739,0.07694995785640636,0.0771155054083725,0.07737854570545369,0.07778760626674236,0.07824973595899164,0.07846792126973667,0.0664184084200225,0.07294012706633173,0.07381698712324285,0.0750506565447972,0.0765544998422334,0.07716754416974961,0.0783909771875996
2026-05-18,0.0762132647075849,0.07482104062305032,0.07531413769523781,0.07585858179924486,0.07669999205807382,0.07694995785640621,0.07712467284695552,0.07737825634034226,0.07779489411691069,0.07824595897707202,0.07846387279467464,0.0664212896037176,0.07290867811261384,0.07383136584168937,0.07511043829660687,0.07647488065094372,0.07719074168196444,0.07840547341886064
2026-05-15,0.07600133837272684,0.07481346840523605,0.07531413769523781,0.07569494804446979,0.07647702789930137,0.07673100132973228,0.0769031450171408,0.07716258172998046,0.0775801340908596,0.07803554145408222,0.07816938912546424,0.06612797489934473,0.07265843458825078,0.0735317468169972,0.0747642843600822,0.076177055885572,0.07690770036730084,0.078114293173736
2026-05-14,0.07597782410192386,0.0743726816839826,0.07530651398289238,0.07585858179924464,0.0766865502840612,0.07694936827426989,0.0771238230511105,0.07737325220145261,0.07779582995514274,0.07825595428236017,0.07846754896358328,0.0664215884225613,0.07288906224718754,0.07383072836292874,0.07510025141412892,0.07646516499390174,0.07719821376760817,0.07841034675460185
2026-05-13,0.07565407045383683,0.07458027989801376,0.07529889231841878,0.07585858179924486,0.07670224162966395,0.07694088361250175,0.07711908150964515,0.0773691067672966,0.07779110590624554,0.07825469735318169,0.07846811025097115,0.0664204510700514,0.07287265921964055,0.07379565955428415,0.0750395976150063,0.07645297112474898,0.07712771651063806,0.07832030436329386
2026-05-12,0.07548727796028692,0.0745802798980186,0.07531413769523801,0.07585858179924486,0.07670291267853378,0.0769531938521687,0.0771132112209395,0.07737652019512166,0.0777874492664891,0.07825008206296771,0.07846791477480833,0.06641840842002249,0.07294012707319707,0.07378270390863821,0.07500514609692144,0.07642290730581665,0.07713801910582742,0.07832853299266047
2026-05-11,0.0751634842777307,0.07477289081566889,0.07531413769523786,0.07585858179924486,0.07660064269132787,0.07684592349500415,0.07700730919944267,0.07726056218063743,0.07768282363467789,0.07814108378138415,0.07836009834760685,0.06630759943399596,0.07279490949054511,0.07368366505312944,0.07488872514693207,0.07631926737172812,0.07703326163785848,0.0782176960073389
2026-05-08,0.07530503762073835,0.07476532827921827,0.07531413769523786,0.07598218806426364,0.07665874398137326,0.07691256147280903,0.07708303163233769,0.07733243065464261,0.07775759617834838,0.07822330167816187,0.07842932673995583,0.06638092965802168,0.07291255240877893,0.07375126085193519,0.07496027303688127,0.07639257372902655,0.0771058443234593,0.07829242924988658
2026-05-07,0.07565407045383407,0.07475776777569743,0.07530651398289247,0.075997614226465,0.07665020066279148,0.07690634530210859,0.07708305811559511,0.07732710140510884,0.07775718184139181,0.07822345778973466,0.07842955759006512,0.06638054395002053,0.07291229609516285,0.07374994949169514,0.07496042165540895,0.07625988526591797,0.07705883633448511,0.07827078860026973
2026-05-06,0.07581104521898238,0.07477289081567358,0.0752988923184188,0.075997614226465,0.07666394950989515,0.07690025231450376,0.0770783300767128,0.07732297233941435,0.07775153909401991,0.07822366330215172,0.07843012025352038,0.06637940855980733,0.07298022493163003,0.07373956332395455,0.07495067271629767,0.07622378827766564,0.07706367338794531,0.07827464176040765
2026-05-05,0.07581104521898151,0.07477289081567358,0.07531413769523779,0.075997614226465,0.07666394950989507,0.07691253955438303,0.07707257668675972,0.07733035354548243,0.0777475104502932,0.07821905781541012,0.07842999376122722,0.06637737859963096,0.07290011477998051,0.07374335248028159,0.07491564766266981,0.07623457951677683,0.07707230179382608,0.07828173023306
2026-05-04,0.07597782410192998,0.07477289081567358,0.07531413769523779,0.075997614226465,0.07666327891712789,0.07691253955438303,0.07708171718676626,0.07733006437572995,0.07775440488214795,0.07821528647654484,0.07842595682223291,0.06638024871318979,0.07277381757288665,0.07358587961823386,0.07467146094575314,0.07608712401475354,0.07692257113934804,0.07844248029713378
2026-04-29,0.07598568265751102,0.07516569877129602,0.07532176345638264,0.075997614226465,0.07666090839213188,0.07690803021471099,0.07707280677499241,0.07732095389198841,0.07774366056324304,0.07821433821650216,0.07843142836717049,0.06637941180577529,0.0728011012009203,0.07357733606771068,0.07479131057396962,0.07605221707844699,0.07689379732790279,0.07842274571259808
2026-04-28,0.07598568265751102,0.0751656987712876,0.07532176345638264,0.075997614226465,0.07666090839213188,0.07690803021471095,0.07708196200165295,0.07732832940262961,0.07775093357193205,0.07821056799260687,0.07842738105129703,0.066377378599631,0.07305825843304836,0.07382808922758362,0.07500004615008533,0.07629021820916866,0.07714945497479724,0.0786788250956152
2026-04-24,0.07630947678833032,0.07469793012936324,0.07555027696757566,0.07598218806426331,0.07664524207660842,0.07690764525245045,0.07707497947351323,0.07732817383007821,0.07775047371905908,0.07822066987024268,0.07842707408048498,0.06645018975172161,0.07313905139110337,0.07390350708264161,0.07507368745180823,0.07636232432832417,0.07722058837882535,0.07874825362276801
2026-04-23,0.07630947678832987,0.07495382411761067,0.07554260582907309,0.07599761422646499,0.07665963190886835,0.07689854677408797,0.07707020411424699,0.07739051270860944,0.07782332356546366,0.07828822947471552,0.0785074063217107,0.06644689737095384,0.07317904700250186,0.07389599294368483,0.07506939123953515,0.07634468450294876,0.0772235511240981,0.07875010387578006
2026-04-22,0.07623098364169413,0.07495382411761067,0.07555795017392958,0.0760346862759986,0.07669759585195898,0.07694891067351747,0.07710275504783935,0.07742343105571725,0.07785685380087373,0.07832129459161452,0.0785451715878134,0.06648284820711056,0.07328446031821272,0.07400295939911956,0.07516053947695182,0.07640766176173636,0.07728945318054369,0.07860764937398687
2026-04-21,0.07612305305688603,0.07458780578616368,0.07555795017392943,0.0760346862759976,0.07669802155923938,0.07695378556952659,0.07711189603087251,0.07743082797021075,0.07786439182088517,0.07832049303139801,0.07854112487314337,0.06648073415218247,0.07372128410907763,0.07442758075753075,0.0755768297671712,0.07681818495527845,0.07762404404362455,0.07895767512370634
2026-04-20,0.07563242288281466,0.07516569877128791,0.07555795017392943,0.0760346862759976,0.07669995688397917,0.07694608919921105,0.07711156680379205,0.07743053843990082,0.07786522734438382,0.07832263720399336,0.07853773045128608,0.06648361741155143,0.07336260452282801,0.07397668427245939,0.07516068366236507,0.07636347917539936,0.07730705348986197,0.07883300336700186
2026-04-17,0.07563242288281422,0.07515041640231855,0.07555027696757295,0.07601924525056207,0.07668554087266473,0.07694000491617445,0.07711089126883403,0.07743070567245426,0.07786575251248427,0.07832241097753259,0.07854471370783497,0.06648420069904087,0.07378658001666939,0.07433793128084588,0.07546701733440439,0.07677287352583416,0.0776888098903796,0.07921569758612683
2026-04-16,0.07563242288281422,0.07516569877128772,0.07554260582907317,0.07603468627599749,0.07669995688397928,0.0769337824123917,0.07710612568250347,0.07742554469653552,0.07786041829169278,0.07832254147174582,0.07854524721599501,0.06648395098806902,0.07365967747352113,0.07435113756876144,0.0754649658622946,0.07675370088535217,0.07768842855136958,0.07921214023914133
2026-04-15,0.07651551399018726,0.0751656987712875,0.07555795017392934,0.07610882625230696,0.0767717784520325,0.07694608919921088,0.07717711917192556,0.07741843583511102,0.07791942420063735,0.07831792791688248,0.07862108790584037,0.06648109054221295,0.0737582364246152,0.07430199666973025,0.07541947099578701,0.07666929563102812,0.07772270541306801,0.07923660664427115
2026-04-14,0.0773984107120495,0.07555086776142096,0.07555795017392948,0.07624782389420386,0.07683417839939917,0.07709317954623066,0.07725337593980357,0.07757440628255452,0.0779999672842096,0.0784617053143772,0.07868328944557851,0.0666274503265156,0.0739226073616057,0.07447884330550555,0.07564720240063325,0.07683455919603473,0.07774197413211305,0.07952814933794927
2026-04-13,0.07749649835242003,0.07555086776142096,0.07555795017392948,0.07610882625230593,0.07669260519265222,0.07694096081190818,0.07710926229294535,0.07742552943591027,0.077859256864406,0.07831785232163971,0.07853773045130533,0.06648193795766005,0.07376262357005306,0.07437566213353702,0.07552511942678837,0.07667985345720528,0.07758885530930192,0.07937006776319243
2026-04-10,0.07749649835242092,0.0763052300040814,0.07507795625030596,0.07609335548113826,0.07667822128479318,0.0769244595717495,0.07712034308903348,0.0774261809182694,0.07785970044942567,0.07831121568806046,0.07855236160063057,0.06648279391545679,0.07384901476814383,0.07436424845696504,0.0755564528900958,0.07666621555006115,0.07757680655225327,0.07936155561415947
2026-04-09,0.07680983449165006,0.07670592864800437,0.07507037982830156,0.0758215032204626,0.0764411330907156,0.07665660873666764,0.07689444387005002,0.07721044233097553,0.07756446745591747,0.07801442366018617,0.0782546476646038,0.06620149542616213,0.07352406405144765,0.07409732568049494,0.0751881740416996,0.07640664053544129,0.0773100717870368,0.07908239025294334
2026-04-08,0.07680983449164962,0.07699458938264671,0.07508553470218916,0.0758215032204625,0.07651645047507039,0.07674102195500969,0.07711034416525207,0.0774279425524795,0.07778179122080793,0.07816194844393082,0.07840370718366899,0.06633902291875313,0.07358430930841334,0.07420960841228265,0.0753235090613131,0.07655609184178701,0.07745811729126645,0.07923278551105734
2026-04-07,0.07680983449164962,0.0769945893826476,0.0750855347021893,0.0758215032204625,0.07651645047507111,0.07674102195501029,0.07711950822131235,0.07743535137696503,0.07778907282507141,0.07815819832453431,0.07839943725558862,0.0663369245916567,0.07362006581521686,0.07415441758743224,0.07531100739715318,0.07648503739541347,0.07748663043931367,0.07925400001698697
2026-04-06,0.07680983449164962,0.07709080034457427,0.0750855347021893,0.07553409761036668,0.07622457287144875,0.07652095674239551,0.07689867249809654,0.07708032642773124,0.07743050689709782,0.07778941630429549,0.07801850215061563,0.06597632574218881,0.07322260876748234,0.07380331592940614,0.07496699679441558,0.07607706199682093,0.0771364275638962,0.07888726821585279
2026-04-03,0.07680983449164962,0.07659382782113927,0.07436915872935639,0.07509240111293788,0.07570197387186302,0.07615993398617846,0.07654153053473686,0.07665427708815888,0.0769942057941131,0.0773561069467436,0.07751729252964007,0.0654812803113123,0.07281011430626423,0.07338546219954921,0.0744611968938516,0.07554597577660263,0.07677298832426196,0.07849455809078779
2026-04-02,0.07680983449164962,0.07718700666575748,0.07436172336236632,0.07514457754979567,0.07571599445428497,0.07614622759309464,0.0765358081714254,0.07664752182715312,0.07698905033750142,0.07735162156082317,0.07751728144291271,0.06547998533021746,0.07280924132829804,0.07332666908664935,0.07440678992772715,0.07556718700094472,0.07678941002508131,0.0785058733712659
2026-04-01,0.07627023040699402,0.07719662704266633,0.07437659607003087,0.0747827444435869,0.07550141454017091,0.07586307545726656,0.07646484998777062,0.07658071530379443,0.07699586321231114,0.07751916530477036,0.07768174417327453,0.06563899806361363,0.07288408443699446,0.07348360122951954,0.07459463860614099,0.07570566156433418,0.07692944738375902,0.07865063727395538
2026-03-31,0.07627023040702073,0.07703307432433519,0.07406454307010592,0.07514457754979867,0.07536008355687328,0.07586521950863188,0.07604096069680732,0.07620723163258265,0.07649118628659272,0.07675611601468647,0.07693703501027163,0.06488260101959253,0.07217228477620437,0.07273425007206755,0.07381444707884906,0.07497529371566068,0.07619371744868615,0.07790008700151753
2026-03-30,0.07626231307518885,0.07639008459631833,0.07406454307010282,0.07464354299577781,0.07471185899712456,0.07528245302067806,0.07522555971280354,0.07548426179783299,0.07576845926766501,0.07602825358082153,0.07620724611325874,0.06416629453898678,0.07149054156083756,0.07201716656055225,0.07303167208718271,0.07426654667756531,0.07547587539468646,0.07715940105738614
2026-03-27,0.07607978696898962,0.07590112212618683,0.07468107644200221,0.07441525906222528,0.07455491021644545,0.07514602231135684,0.07506581018430322,0.0753378280578947,0.07561859766804804,0.07588665878856587,0.07604998519172951,0.06402932553216847,0.07135279074643329,0.07187574445892397,0.07295422011456383,0.07411083740276898,0.07532052835989286,0.07700452019284242
2026-03-26,0.07577180210996388,0.07508503154910524,0.07436172336236647,0.07364072015136226,0.07368187578054257,0.07423646512459944,0.07435921459121349,0.07469883117910674,0.07498213463370017,0.07525441563076281,0.0754027445142671,0.06323358324956747,0.07062568707706833,0.0710671565958451,0.07199919220986331,0.073339683960507,0.07453501748543043,0.07609024080345324
2026-03-25,0.07577180210996388,0.07510028646083565,0.07437659607003101,0.07378934997049345,0.07369513195473006,0.07423078607234755,0.07435458467226512,0.07468925502926892,0.07497778853487938,0.07525469876356324,0.0754028558440815,0.06322945895404117,0.07051255551194732,0.07079142002812584,0.07203118813540921,0.07337306443070078,0.07456046509904622,0.07546812366420928
2026-03-24,0.07577180210996388,0.07494622465284846,0.07406454307011029,0.07357568765832223,0.07347810171688146,0.07402497517879196,0.07415096522931752,0.07448244184668545,0.07475847956041051,0.07503433202041719,0.07518586060414464,0.06309319424292777,0.0703270141126163,0.07068744023721356,0.07199908031045692,0.07324549850729882,0.07443544706581137,0.07534631882596093
2026-03-23,0.07577180210996388,0.07437801830449428,0.0734307551385818,0.07303668424397236,0.0730722587947188,0.07362250661466886,0.07376358364567248,0.07409767935640842,0.0743717621476088,0.07463933974842149,0.07479416769894595,0.06269872142206158,0.07002021891351322,0.07043320661849757,0.07167351420064301,0.07303348763933165,0.07421297502954667,0.07510854887695888
2026-03-20,0.07575617629364322,0.07437053493335459,0.07342350403695631,0.07302242265784833,0.07306568947548849,0.0736224072826845,0.07376350572178096,0.07409705753996029,0.07437128777641157,0.07464495282970172,0.07479919056407529,0.06269883748038624,0.0699898770553458,0.07033266905407043,0.07179022876242333,0.07305072406612956,0.07422923251004777,0.07512585435036839
2026-03-19,0.0757718021099638,0.0743630535634132,0.07341625483569228,0.07303668424397176,0.07305923236833947,0.07361673905587138,0.07375884173829186,0.07409308728595881,0.07437135174463085,0.07464521541235027,0.07479924009651447,0.06269902720771232,0.07004265624136989,0.07026939905630963,0.07168259576453352,0.0730804291002752,0.0742522293666416,0.07514134639254316
2026-03-18,0.0757718021099638,0.074378018304494,0.07311847965806312,0.07282286103776463,0.07285513145847113,0.07339220032192281,0.07354136830089991,0.07379841642217068,0.07407316005918642,0.07449760678325548,0.0746557718769569,0.06256679540331697,0.06998616711030346,0.07012178533504705,0.07157175054724745,0.07292487786839148,0.07409813286815803,0.07498965141504267
2026-03-17,0.07544803164860747,0.074378018304494,0.07311847965805737,0.07282286103776141,0.07285636570836762,0.07340328091629224,0.07355050287170721,0.07380505443020381,0.07407020795292826,0.07449318746234905,0.07465212704095182,0.06256503311103773,0.06993793853706338,0.07012192800447627,0.07153452048686512,0.07293336974726858,0.0741050667653099,0.07499551120117473
2026-03-16,0.0757718021099634,0.074378018304494,0.07311847965805737,0.07282286103776141,0.07285513145846433,0.07340328091629224,0.07355050287170721,0.07380477849354375,0.07407606400526213,0.0744898018472893,0.07464908539554964,0.06256748005630555,0.07031701061674077,0.07056752690887515,0.07200338350803771,0.07334706979991537,0.0745200801085401,0.07540889427237055
2026-03-13,0.07575617629364356,0.07437053493335449,0.07278953687642463,0.07273432641931674,0.0727825253296671,0.07333645686856875,0.07348136647325006,0.07380729230366473,0.07407840712444695,0.07449847943798686,0.07466289699166938,0.06256933700292257,0.07017191141108622,0.07060504308080157,0.07195005573624139,0.07336832643906854,0.0745349931442704,0.07541904285926815
2026-03-12,0.0757718021099643,0.0743630535634131,0.07278241118358612,0.0726740874894239,0.07270061344462629,0.07333083769996743,0.073476551299631,0.07380591054612136,0.07408168695865149,0.07449877628808083,0.07466283418900548,0.06257094568294734,0.07017300607555732,0.07072963447190354,0.07233180330035761,0.0735225766762472,0.07474951971673707,0.07573318915031205
2026-03-11,0.07577180210996386,0.07389636005915813,0.0724842397013862,0.0726740874894239,0.07271350842839773,0.07333162962978027,0.07348014547631194,0.0738021682476062,0.07407746619886431,0.07450298252528238,0.07466825093712344,0.06257001760153788,0.06893643131383921,0.06985087212223216,0.07284746298572624,0.07395561398771723,0.0747111991602148,0.07568181697861713
2026-03-10,0.07577180210996386,0.07374220471737614,0.07248423970138591,0.07246018672926072,0.07249632512746466,0.07311586612114875,0.07326845015471753,0.07359499662082342,0.07385808357331444,0.07428289555888763,0.07444608667644194,0.062354377424186834,0.06867275213221434,0.0688438959650383,0.07272047535144723,0.07338376481190756,0.07470449800300191,0.07560685741762038
2026-03-09,0.07577180210996386,0.07389636005915776,0.07279666442147256,0.07246018672926072,0.07249632512746475,0.07311390265974252,0.07326078868717308,0.07359472147671191,0.07386460774583166,0.07427832398311315,0.07443809384496772,0.06235680978365321,0.06871447712757073,0.0690865696923847,0.07284010932574136,0.07356037207948918,0.0748971874846907,0.07579038421730319
2026-03-06,0.07543253864606589,0.07357107721836591,0.07184275156366197,0.07238106230488502,0.0724155093303656,0.07305104178171042,0.07321648778602091,0.07352014499302349,0.07378974331724586,0.0742201997013127,0.07439148352462158,0.06228277208395258,0.06871434800705793,0.06894573324526623,0.0728426413119944,0.07338114308835261,0.07529991068392804,0.07591304087276159
2026-03-05,0.07544803164860675,0.07356375483507932,0.07247010742934973,0.0723950774153503,0.07240920816619092,0.07304539056578539,0.07319645854777872,0.07351545785730088,0.0737898211000596,0.07422045757254961,0.07438153294994014,0.06228251916178381,0.0687141792177596,0.06894463622989327,0.07281771565064736,0.0733873522372344,0.07530481352036024,0.07591610686640292
2026-03-04,0.07577180210996384,0.07374220471737612,0.07248423970138573,0.07218111696000787,0.07227910793201103,0.07281890317574141,0.07296176557560421,0.07322070624758525,0.0734877081053095,0.07392324009262424,0.07400414785215884,0.061922358706018185,0.06823294115147839,0.06857313873471653,0.07247646375395828,0.07299966681516623,0.07494981080121209,0.07555596026043733
2026-03-03,0.07577180210996384,0.07369402871621268,0.07149914709654173,0.0712316967802172,0.07220354617693704,0.07267785090365453,0.0728507288167301,0.07311841241536769,0.07334059705459935,0.0736989121880054,0.07387357554636319,0.061788192191105276,0.0680878456536839,0.068426643426047,0.07227705481711749,0.07286120190231843,0.07480661969092117,0.07540966374367199
2026-03-02,0.07577180210996384,0.07353254095244,0.07135700608237566,0.07061688539556288,0.07191070561333043,0.07231717056724805,0.07263322543881705,0.07291924089206013,0.07313431095657123,0.07348587579920031,0.07380379130564683,0.06158493576648332,0.06816082015499376,0.06837571111861748,0.07215823582662718,0.07274462345056915,0.07378922514032296,0.07452434702134579
2026-02-27,0.07432246027727234,0.07190274966497064,0.07027055926491203,0.07028679190790602,0.07118310028227391,0.07160578157173812,0.07183848543787234,0.07196463624560084,0.07232423881197128,0.07261501274824701,0.07310021660670972,0.06102964997344621,0.06698892713140261,0.06763389947706314,0.07130311098986725,0.07225168326927031,0.0734262291746768,0.07410191567992928
2026-02-26,0.07363497412460329,0.07183520047271737,0.07027055926490505,0.07030001680015717,0.07118551095631848,0.07160660098294036,0.0718473262238625,0.07196055745219342,0.07233183540125061,0.07261228115592493,0.07309661068339939,0.06102954754637567,0.06698885918716989,0.06759909364838469,0.0713082750652587,0.0722552371659902,0.07342898425568246,0.07410354155384821
2026-02-25,0.07284913452122586,0.07183520047271737,0.07027055926490505,0.07030001680015706,0.07112211314850976,0.07153026540008221,0.07178004542100752,0.07188957698067056,0.07226741186946412,0.07255232043658785,0.07301711864888469,0.060951921889675,0.06682306327662503,0.06748449244774347,0.07120316217466821,0.0720922805701043,0.07339665213988333,0.07405765061445006
2026-02-24,0.0728419084723858,0.07183520047271737,0.07012823187134193,0.07030001680015706,0.07112209970448319,0.0715302654000819,0.07178342492521567,0.07188930785831973,0.07226716336622299,0.07255210292492383,0.07302459182910825,0.06095073395984215,0.06685984674694277,0.0674764424881528,0.07119640390926343,0.07208823569125074,0.07339386961636737,0.07405644798337503
2026-02-23,0.07322746713637532,0.07182821567182764,0.07012823187134207,0.07030001680015706,0.07118061299898912,0.07160649918651228,0.07185070909882728,0.07196634760241288,0.07233252141764299,0.0726175840545576,0.0731009514497869,0.06102917468559328,0.06700852338503989,0.06757681262221256,0.07127044782546756,0.07219250458274268,0.07349861354257489,0.0741576357394983
2026-02-13,0.07324207314530556,0.06989460774357673,0.07076384362490755,0.06997926108067522,0.0711207363260608,0.07155379160323501,0.07175955205717692,0.07189439553056352,0.0722572826720701,0.07256104002508265,0.07301324810006764,0.06095960012951983,0.0669377598343799,0.0675023137814142,0.07118438703312292,0.07212041766579046,0.07342333458068878,0.07408093830426815
2026-02-12,0.07324207314530602,0.06989460774324874,0.07076384362504648,0.06999237182003501,0.07112073632606061,0.07155379160323483,0.07176833552915791,0.07189095692963149,0.07226350261871257,0.07255780302947548,0.07300969106451277,0.0609598575137174,0.06697988722422565,0.06749716655525036,0.07118156500592888,0.07211853864786938,0.07342186995326765,0.07407968752781922
2026-02-11,0.07481345126579987,0.06989460774324874,0.07076384362504648,0.06999237182003501,0.07111523169701871,0.07155379160323483,0.07176833552915791,0.07189728543119182,0.07226015309423887,0.07256361694038696,0.0730067589411323,0.06095828991293348,0.06690069484290996,0.06750244279845578,0.07118328103434303,0.07211974620684813,0.07342239437618345,0.07408120956989298
2026-02-10,0.07676880397681478,0.07011676026058375,0.07171195616889844,0.06999237182003501,0.07124985433683047,0.07170381260988049,0.07188994043666248,0.07205165344153752,0.072396742506641,0.0727031797348624,0.07315001953381665,0.06110923506596488,0.06704781669769148,0.06757161840500793,0.07135662762843678,0.07226101529413405,0.07365717406010716,0.07430439518989446
2026-02-09,0.07695698664396831,0.07011010374334292,0.07171195616889904,0.06975924441485258,0.07124271967460923,0.07170297897525105,0.07188994043666254,0.07206010255475434,0.07239691624190925,0.07270245369341355,0.07314982029693726,0.06111647979821563,0.06701868360434611,0.0678347494175284,0.0716449911371908,0.07249025554862425,0.07394088136348041,0.0745743683421602
2026-02-06,0.07716939011169767,0.07062858377674097,0.07138967333493716,0.06974621985651672,0.07132428513915574,0.07176439566176919,0.07203288680405716,0.07220011700435973,0.07261042645700418,0.07291983207952776,0.07337728949537389,0.061407581226818116,0.06679528947764526,0.06767749800545941,0.07180872651673442,0.07291092357092434,0.07433339212744373,0.07493525601124658
2026-02-05,0.07540256287041062,0.07003949259551669,0.0710767950977849,0.06975924441485266,0.07111316855800158,0.07155203432373197,0.071684037270832,0.07182044812347738,0.07217929242429158,0.07247615004845888,0.07285762801708706,0.06081924153192022,0.06616773700372902,0.06709816476653702,0.07118742574593864,0.07233621860000332,0.07375129205633972,0.07434770687030076
2026-02-04,0.0748134512658231,0.07018436703898132,0.07123798393959231,0.06975924441485266,0.07121917582660457,0.0716648134607847,0.0717955175797233,0.07194276336309123,0.0722835070012083,0.07258446277018459,0.07296633879823661,0.06092188262231067,0.06618262113304561,0.06708477684567654,0.07117491147282817,0.07231315781183256,0.07380417168203926,0.07429367088015425
2026-02-03,0.0767688039762565,0.07014573487171998,0.07123798393959067,0.06999237182002077,0.07128764638476152,0.07166528276586265,0.07179551757972173,0.07193379049908807,0.07220766570042536,0.0725153357584383,0.07281205424984256,0.06076727581225882,0.06583942335355643,0.06702042064606324,0.0709536301724628,0.07228783476052521,0.07380417750301217,0.07427559535832638
2026-02-02,0.07185255900767405,0.06895099484879039,0.07012823187134246,0.07061688539553915,0.07009823394585252,0.07060994716737452,0.07074521736372681,0.07082821088169901,0.07117077816372415,0.07146408996841667,0.071773355392091,0.05969177186311168,0.06477524346343383,0.06595899976649369,0.06988149264761258,0.0712150053960447,0.07272218124801222,0.0731883436213319
2026-01-30,0.07052563445569363,0.06851284924875647,0.06981505826308977,0.0690467683700894,0.06981740935606759,0.07039586590028546,0.0705229203757144,0.07073628728883648,0.07103624811590517,0.07132535911735911,0.07162893253825851,0.05966000378143263,0.0645233411713443,0.06554673245261268,0.06987262410475532,0.07128221608730426,0.0728784538790592,0.07330666253846028
2026-01-29,0.07038566651467901,0.06851284924875625,0.06981505826308977,0.06905953593149448,0.06981822510692738,0.07039586590028553,0.07053138992131498,0.07073297228842142,0.07103334725016994,0.0713222333435798,0.07162560195740732,0.059660283469600076,0.06448172942321273,0.06555018042343291,0.06992632168634623,0.0712732679304886,0.07287141944342136,0.07330160933796986
2026-01-28,0.0698942395582976,0.06851284924875625,0.06981505826308977,0.06902220439007088,0.06975371059126063,0.07031944141756712,0.07045446578531553,0.07066308233916503,0.07096472393531633,0.07125210679006944,0.07155662988076046,0.059583367766684464,0.0645154357364806,0.06546070919922263,0.06977448207567054,0.07120220373209066,0.07272483817978628,0.07316570084494867
2026-01-27,0.0693961930737162,0.06829051995925668,0.06981505826308977,0.0686674852212583,0.06938630099274541,0.06988258051695752,0.07015637407288773,0.07045339783533486,0.07075530114844919,0.07104541716382477,0.07141613369982101,0.059449777646718424,0.0644475981307682,0.06541318541911277,0.06976089717455705,0.07114103663408462,0.07266428049394322,0.07310648367732064
2026-01-26,0.0693208478102681,0.0696079054723117,0.06981505826308977,0.06859279146561145,0.0693866287684296,0.06986702927729263,0.0701563740728742,0.07045586283718923,0.07075525159052434,0.07103569936462202,0.07141593919289539,0.05945351591080953,0.06448920865524392,0.06541882985331417,0.06976452536680333,0.07114415229440321,0.07266843139279308,0.07310783075110476
2026-01-23,0.06891120696528512,0.0679908199540195,0.06949231780233164,0.06858019394451861,0.0693880348768412,0.069886128418908,0.07015547524030052,0.070451669975481,0.07075224252380216,0.07104384204519967,0.07142087393168285,0.0594536364082232,0.06443799794465162,0.06547871749283704,0.06969935162958733,0.07111219569017133,0.07268989170089013,0.0731220903806264
2026-01-22,0.06806560831797867,0.06799081995403874,0.06949231780232615,0.06866748522124846,0.06939098380412854,0.06988612841890793,0.07016385524577619,0.07044577222838229,0.07075056870973176,0.07104073024904603,0.07141741568607025,0.059452503179742024,0.06440590441495372,0.06535700920497552,0.06975649867368769,0.07104480877325825,0.07271739642461744,0.0733392132168917
2026-01-21,0.06806560831797867,0.0680681661550382,0.06949231780232615,0.06866748522124846,0.06946671259016167,0.06996165861081302,0.07024079248412878,0.07052917674144137,0.0708317891436527,0.0711215007690359,0.07149075842752318,0.0595171311252356,0.06441440956069996,0.06537007487344634,0.06956921044572813,0.07107645448834783,0.07286992604506032,0.07326724590186015
2026-01-20,0.06848842968044394,0.06810683814307368,0.06996690917374057,0.06877018002638194,0.0695693542717158,0.07007586329480184,0.0703451637307965,0.07064119263745881,0.0709341667060273,0.07122473926924133,0.07159288742894065,0.059628136074792934,0.06464773541845611,0.06520911264982403,0.06990661161647314,0.07159701476711547,0.07304056300845815,0.07345905935669367
2026-01-19,0.06927824966424302,0.06840018335213409,0.06996690917374102,0.06884486053387051,0.06956655895240835,0.07007226627998858,0.07034516373079648,0.07063819255039941,0.07093234442386796,0.07122232777431427,0.0715926924443356,0.05962887184328273,0.06498021940296525,0.06616068449876662,0.07087568256687189,0.07193846916361277,0.07263157734926325,0.07319877588630755
2026-01-16,0.06915698745308063,0.0681841798943775,0.06965369777108589,0.0686175279545736,0.06934931407837591,0.0698456161763126,0.07019020090552351,0.07040969324810664,0.0707124914273027,0.071161294588472,0.07145523768099836,0.05956335660689732,0.06446237705180342,0.06529099139681659,0.07095928160508455,0.0719703337429157,0.07263644515813676,0.07317669138292054
2026-01-15,0.06915698745308019,0.0681841798943775,0.07060259760709661,0.06863013904082461,0.06934931407837591,0.06984561617631245,0.07017658055129614,0.0704066221720596,0.07070915447088837,0.07115816821110306,0.07143744048807789,0.059563774854987574,0.06428501840323556,0.06498299145248743,0.07076850688804909,0.07176483352662714,0.07243139659577832,0.07297138528339621
2026-01-14,0.06928478742042056,0.06847418504611069,0.07028953510600816,0.06848074037019507,0.06920687122191278,0.06969885000918886,0.07011653539995896,0.07035041277528463,0.07072061746667188,0.07116798485850487,0.07144250963587341,0.05956795109683809,0.06461764920417053,0.06508462168573795,0.07107367468273665,0.07207284510509826,0.07251495887332395,0.07308254040803157
2026-01-13,0.06830160707231608,0.06840652090763569,0.06996690917374092,0.06848074037019507,0.06921029041125006,0.06969964871484645,0.07012400785426938,0.07035014945627636,0.07072232670789262,0.07116826199742947,0.07145236512608849,0.05956681498876308,0.06418430953900307,0.06508997526927955,0.071348390841417,0.07212900554535906,0.07273510134602043,0.07325496523885493
2026-01-12,0.06829525302343716,0.06840018335213516,0.06965369777108614,0.06848074037019507,0.06921031652190948,0.06969973713581763,0.07013126407390304,0.0703498861392394,0.0707221061186478,0.07116810296053777,0.07145688487616256,0.05956908076818716,0.06410994497462269,0.06510620892964325,0.07149962468844863,0.0722662060001628,0.0722870968178952,0.07290840846341666
2026-01-10,0.06817377611843814,0.0684065209076355,0.06847299623793313,0.06847446117428034,0.06919894358302506,0.06968949270111459,0.07015444699992303,0.07034958914294497,0.07072299667264886,0.07116854425823553,0.07147473737065128,0.05956920817070265,0.06381868825611657,0.06478731995786585,0.07127023342534529,0.07190440087152239,0.07200783716270696,0.07260346566209294
2026-01-09,0.06817377611843814,0.0684065209076355,0.06848562660209485,0.06846818350482274,0.06921073502871876,0.06969964871484557,0.07014989651042933,0.07034640085968046,0.07071853631667992,0.07116449933584491,0.07147473982342106,0.059569541234585466,0.06381890296894112,0.06478664314209455,0.07127089563341908,0.07190489068612207,0.07200820576572844,0.07260347971248893
2026-01-08,0.06891120696528259,0.06862883740899192,0.06870412399872083,0.06848074037019505,0.06920817031685937,0.06969702460109291,0.0701532739590644,0.07034254649248868,0.07071373696198247,0.07115976162830484,0.07146778979529092,0.05956949699549616,0.06347464604967026,0.06499919996694592,0.0719316706854083,0.07211765968938716,0.07165320194840466,0.0725590252269892
2026-01-07,0.06953054526970207,0.06869649408839648,0.06878011472391733,0.06863013904082538,0.06934801236025961,0.06983955573605402,0.07029580526001397,0.07048816738623957,0.07086935454293988,0.07130691280042908,0.07160662080233157,0.05986628899011817,0.06278690728773359,0.0651214001060304,0.07195248460096154,0.07251188882046875,0.07113529441168694,0.07218259668794916
2026-01-06,0.06953054526969936,0.06892844261514446,0.06878011472391718,0.06891953546460036,0.06964142374669995,0.0701329850581542,0.07051704723943247,0.07069969904354333,0.0710040190204078,0.07144026990039237,0.07160126957725009,0.05970163388161256,0.06194059279925373,0.06469681331318264,0.07150577423377952,0.07177701238850899,0.07150043392612285,0.07241425902314445
2026-01-05,0.07050665678417914,0.06914422619318096,0.06896057538809347,0.06919951680101803,0.06977989896361078,0.07034995004507923,0.07065711428409813,0.07076650613613374,0.07122114551846641,0.07158686351576937,0.07175110255238804,0.05984369319527744,0.06209021845499599,0.06484608503979061,0.07157954740660406,0.07194273679804696,0.07155418720003048,0.07252661455493534
2025-12-31,0.07087703393021674,0.06683994480528585,0.06704074535516151,0.06726604805186796,0.06811229265296034,0.06832212004562588,0.06863229562136426,0.06878505973720382,0.06936768303610535,0.06982312368589591,0.07014474994195413,0.05832831356556156,0.06088623079231962,0.06362277310210017,0.07023729369230425,0.07060385665547972,0.07029226675710466,0.0712387710176269
2025-12-30,0.07038566651468424,0.06683389262333142,0.0679852749121337,0.06726604805186774,0.0681139726481146,0.06832162458699688,0.06860864573262497,0.06878505973722226,0.06936840401763339,0.0698231264014413,0.07012957193929036,0.058327223838429816,0.060798199207098724,0.06362706129641783,0.07018955736191307,0.07054552420353771,0.07032538537353615,0.07126204207123264
2025-12-29,0.07037891997075028,0.06683389262333142,0.0679852749121899,0.06726604805186774,0.06811386251581171,0.06832162458699688,0.06860864573262489,0.06878505973722226,0.06936811069415244,0.06982291733639397,0.07013441772120742,0.05832896048807956,0.060807313999209876,0.06363491396302215,0.07019518322761917,0.07055003255613916,0.0702419813424383,0.07111647883157812
2025-12-26,0.07013996047999886,0.06683389262333142,0.06862809622038478,0.06710437842654199,0.06818112955132646,0.06838837196595983,0.06866787750744348,0.06886378388069786,0.06936236419199167,0.0698195959598265,0.0701216337354691,0.0583282152874212,0.060776816179066544,0.0636812968996912,0.07019302481187899,0.0705325166655529,0.07017240831801186,0.07103239253744059
2025-12-25,0.07021858803071594,0.06691126903307605,0.06840331707375476,0.06777079171795905,0.06811454394001541,0.06839724491996747,0.06866812802403413,0.06883800854001736,0.06943995422033655,0.06989456167071052,0.070194339726248,0.05838510135797959,0.06075429332479583,0.06370598202114593,0.0702204268929179,0.07056022822083628,0.07005926337752713,0.07103454449242538
2025-12-24,0.0707394570547496,0.0662437993117173,0.06792825899709012,0.0669013524517775,0.06774323708682467,0.06795537839159077,0.06824414314950453,0.06843030890169445,0.06899910933185442,0.06946065795714365,0.06975965586191457,0.05796241900176088,0.06032240455686764,0.06323917041705922,0.0695411288910829,0.06985798128223665,0.0696020578844812,0.07047985759633536
2025-12-23,0.07017927444590698,0.06646631390281543,0.06769066641313673,0.06683588018625461,0.06730915021262236,0.06751262418710081,0.06779701460107476,0.06798745746891784,0.06864501710690432,0.06917655673606306,0.0696315939956435,0.05767281653903613,0.06002686117508496,0.06294282974386721,0.06923935791071101,0.06955938905436691,0.06930561860747994,0.0701810145024128
2025-12-22,0.06904235244039844,0.06616639714472858,0.06745303144528543,0.06647102764344184,0.06717067447227078,0.06737252087667263,0.06765792313017112,0.067845431181662,0.06850558195349558,0.06895702401646171,0.06941703806719994,0.057459682582694876,0.05974737427523753,0.06274027898130158,0.06901651223503881,0.06934998969896133,0.06909611454096126,0.0699649243325466
2025-12-19,0.06835077175095919,0.06530509649461962,0.06612873662159967,0.06599139885207661,0.06680328569508623,0.06699967529578625,0.06724103212236758,0.0675685920469612,0.06813589435725702,0.06852375115906417,0.06891783520528304,0.057024086520877676,0.05931264935523389,0.06230150828382349,0.06852308230386489,0.06887549102723688,0.06867634615600306,0.06953420481695599
2025-12-18,0.06806560831797921,0.06515989703146424,0.06566465717143712,0.0658626440997024,0.06666197198713973,0.06686711184895076,0.06710260416787803,0.06741517561676756,0.06799197989670795,0.06836905673132757,0.06878131524229633,0.056884042362513314,0.0591407578552183,0.06213962331075413,0.06835981203192804,0.06884169915893476,0.06847570006606689,0.06939038418573071
2025-12-17,0.06806560831797877,0.06515989703146402,0.06566465717143696,0.06592818011410644,0.06666197198713973,0.06686711184895076,0.06711031230853687,0.06741912700187175,0.06799745359742733,0.06836616312504443,0.06877811762133972,0.05688125890676805,0.05921772032923609,0.062162060061873685,0.06823102510785926,0.0686981638438281,0.06867237966864985,0.06955088265963187
2025-12-16,0.06779025907966339,0.06508245301909905,0.06566465717143696,0.06586264409970236,0.06658700877644622,0.06679139341819713,0.06703321940083695,0.06735363816411032,0.06792233582737382,0.06830583968877708,0.06869915899262753,0.05680483221474622,0.05920983992817235,0.06212015806031766,0.06816361764149921,0.0686061258005777,0.068584581567866,0.06946639278506718
2025-12-15,0.06834440857748682,0.06538253191004503,0.06590261135130476,0.066143482497789,0.06666093062583477,0.06700818515852251,0.06724954540000423,0.06741161408434151,0.06799640988966435,0.06836348740360441,0.06877017562428235,0.05687769199620391,0.05914666785044048,0.062148612307105236,0.0682148681774423,0.06871101622550609,0.06868379410649447,0.06955812950914389
2025-12-12,0.06848842968044425,0.06538253191004124,0.06589090887932791,0.0661317590180304,0.06666055780381185,0.06699879253428402,0.06724618366110903,0.06734134767832964,0.0679143242418852,0.06829431340671448,0.06869042866666936,0.05672180643468171,0.0589104808195295,0.06185585027286294,0.06794881446263054,0.0684892905565598,0.06845956586880597,0.069236396143266
2025-12-11,0.06848842968044425,0.06538253191004124,0.06590261135130018,0.06614348249777374,0.06666055780381185,0.0670081851585065,0.06724181209103551,0.06733765481061017,0.06791125781726719,0.06829074469284621,0.06869019046109456,0.056721497425088585,0.05891038026962357,0.06183269833882599,0.06799010721178601,0.06841206749678316,0.06825079702680578,0.06907631651322417
2025-12-10,0.0679279360356527,0.06523733805337288,0.06531240696088395,0.0660030731575139,0.06651066092265476,0.06686622772521492,0.06711816128981911,0.06719383920738284,0.06777673112496664,0.06813666403656868,0.06855247256912098,0.056580194708717765,0.05866085017907309,0.06163115962479839,0.06752055718627167,0.06803641580166539,0.06805459249417288,0.06883575713471607
2025-12-09,0.06809510891331066,0.06475328259891884,0.0650743473208493,0.06604051757595972,0.06651010307966837,0.06687175463825738,0.0671234670672824,0.06719253718728553,0.06777618925473744,0.06814515792167058,0.06855332011041937,0.05657848079414189,0.05865553439910586,0.06162707421137707,0.06751672231321157,0.06803444818347743,0.0679840232882813,0.06877563522034552
2025-12-08,0.06749884910840716,0.06441437425119678,0.06483624513009108,0.06557236154036845,0.06599961650710096,0.06635844346764176,0.06667570569631746,0.06684084293944252,0.0674147824272395,0.0677930274941128,0.0681926439642534,0.05645445191920633,0.058532603392733515,0.06149971867061925,0.06738325538990401,0.06782735899587312,0.06774825612204967,0.06856793981654113
2025-12-05,0.06624599017687212,0.06370732391588417,0.06517716892365245,0.06491464564376281,0.06505448818023526,0.06555259884077799,0.06585541382358251,0.0660370559268649,0.06665646040561553,0.06710920586154476,0.06741590336269279,0.05569506231925703,0.05783289040502204,0.06081460802779882,0.06668767117175704,0.06708809208665145,0.0669616330001042,0.06785210837351227
2025-12-04,0.06582293494680778,0.06362982378966159,0.0651886212574564,0.06456039589831694,0.0647329195520987,0.06515034614919234,0.06551345611372623,0.06570734037841244,0.06633336724439678,0.06670749682617208,0.06701140319617419,0.0552884649737234,0.05760176307528783,0.06036624762181448,0.06626264715520654,0.06666817933458417,0.06676763620539532,0.06762552050062746
2025-12-03,0.06596067870407767,0.06362982378966137,0.06495053949294421,0.06445726783661129,0.06473247251119806,0.06515034614919188,0.0655259142799892,0.0657167441221467,0.06633833087197402,0.06670473918319857,0.06701164632216354,0.05528907230578087,0.057608417765605484,0.06045282872679574,0.06644555467024539,0.0666572362261431,0.06652662578948351,0.06754065400501658
2025-12-02,0.06465192408279465,0.06281589159565845,0.06417330997612816,0.06409154625918186,0.06392896738994017,0.06435396937899414,0.06480043854204388,0.06499270491406979,0.06539066391669059,0.06582759664079828,0.06605547885798405,0.054262133387695206,0.05663282394608918,0.0594416133325627,0.06522117218279488,0.06551435629547081,0.06544418847928692,0.06642061917157398
2025-12-01,0.06381957402144464,0.060537063029807214,0.06321477879824523,0.06250520535139857,0.062400173114354564,0.06274739358616242,0.06304616135883084,0.06332947523772645,0.06393835165467579,0.06431413625079993,0.06461364528594028,0.05282873709406389,0.055205264254034735,0.0580801247670721,0.06364592440717694,0.06409313965934124,0.06402221008245872,0.06490786055611301
2025-11-28,0.06228773219252932,0.059571376078371395,0.060643627589468056,0.06390237135936623,0.061670058237200516,0.06195129679200395,0.062272471154332036,0.0625373577522254,0.06302961517152887,0.06346775888159739,0.06372532013613848,0.05210846132025619,0.054536417213635495,0.05734344600792471,0.06274558653767769,0.06332206704961843,0.06326995948897751,0.06414613332242339
2025-11-27,0.061766685010492435,0.059571376078371395,0.060643627589468944,0.0636318602447735,0.06144822967661036,0.061730354781885675,0.062056919961004285,0.06231840693183934,0.06280962407039553,0.06332535617771828,0.06365194959646743,0.052040696197772074,0.05446555879826306,0.05727035409783411,0.06272092483431793,0.06305740482546157,0.06323693149810984,0.06409835734302123
2025-11-26,0.062219553071070736,0.059571376078371395,0.060643627589468944,0.0639133257436527,0.061456061550997095,0.06173035478188575,0.06205691996100435,0.062314484847339105,0.062807508868112,0.06332978382563151,0.0636496869406917,0.05203459706415135,0.05445785256420159,0.05726562124083261,0.06233498145560928,0.06306036859423406,0.06331032279532747,0.06414943231104546
2025-11-25,0.061382691157957234,0.05942573714053714,0.060462040772564174,0.06380074905066137,0.061239609212721875,0.061510902457877166,0.06198332493003548,0.062279341039985565,0.06278227899617195,0.06333916279765027,0.06365934011976289,0.05203715558558519,0.054455863892305,0.057264056648574195,0.06246799972247283,0.06303268815940766,0.06328952069834712,0.06413567774019259
2025-11-24,0.060535804121566235,0.05875097953304406,0.05986932271399593,0.06286211675665557,0.06072766831298713,0.0611429206342116,0.061473471206322204,0.06193138869235628,0.0623505086053606,0.06290211809783865,0.06330953313820459,0.051463976119588306,0.053886549282201546,0.056690380090573186,0.06190831996527954,0.06244440193262045,0.06270328979733851,0.06354298237390962
2025-11-21,0.05982673560101602,0.05852254088436315,0.059725883698887046,0.0623820254684064,0.06050604410580725,0.061001312058922966,0.06132488664227629,0.06180051722546388,0.06220128240823371,0.062747961374976,0.06315778444265109,0.05131980045037236,0.05374008544651782,0.0565402935774144,0.06153781789556903,0.06233545559528665,0.06258263208240077,0.06341024323562575
2025-11-20,0.05911291637606033,0.058075649076265154,0.05920937578799252,0.0622703257261245,0.059836390986602865,0.06026562573750555,0.06045219120553658,0.06097562006320904,0.06139794715314935,0.061905193312163466,0.06232008509531488,0.050438376052034786,0.05290116850501163,0.055697501911865045,0.06090479615952504,0.061415002216221315,0.061626761881393224,0.06248661391922473
2025-11-19,0.05897031172514341,0.05807564907626493,0.059209375787992374,0.06227032572612461,0.059845636069459286,0.0602656257375054,0.06045219120553672,0.060980523609319534,0.06139717801561282,0.06190942130157172,0.062317902322274576,0.05043712265688574,0.053216489214347955,0.05607655154399713,0.06102502937393282,0.061806932489392966,0.061971783378175264,0.06280542883951744
2025-11-18,0.058965573069919064,0.05807564907626493,0.059209375787992374,0.06227032572612461,0.05984561696422595,0.0602656257375054,0.06045219120553672,0.060980523609319534,0.06140159156046547,0.061909235751806777,0.06232175322482215,0.050436411287003144,0.05321241505840945,0.056073402159619444,0.06102206150309982,0.06180540710094373,0.06197081940436896,0.06280523075577134
2025-11-17,0.059236427570318634,0.05810993133581758,0.05933373852243872,0.06192260260420291,0.05988284256035225,0.060303603237404926,0.06048839790408455,0.060991450467724015,0.0613995138853408,0.06190728295810457,0.062318376932186406,0.05013651667590863,0.052920981884168085,0.055780547913677384,0.06072410045634588,0.06143928277388359,0.06162755525813309,0.06250246959446552
2025-11-14,0.05884824514087625,0.05847397048487383,0.059333738522438575,0.06238202546836808,0.05987975575938041,0.060300035844717645,0.06048211362997832,0.06097660538655645,0.06139885139412963,0.06190232588174885,0.06231828263584719,0.050129734076485216,0.05288657130919152,0.05577900002138514,0.060700783826827025,0.061374986134286776,0.06164818343432543,0.06251642324614895
2025-11-13,0.05824042231324165,0.05847397048487383,0.059333738522438575,0.062392470016265945,0.059658003140947574,0.060078880984512154,0.060111252055731576,0.060603409145187415,0.06087408611165562,0.06145282629244146,0.06195183104362296,0.0498342866966273,0.05259082552764857,0.055481455976279744,0.060400700960412744,0.06107573676587573,0.06126762893235707,0.06216423539334803
2025-11-12,0.05787579740361818,0.05949370328708141,0.059333738522438575,0.06262732095745627,0.05974423787120979,0.06013584763718238,0.06018861762213704,0.06067844746009661,0.06094986212727723,0.06151737348840983,0.062016388478670734,0.04990569624635461,0.05263949727255351,0.055577626392371786,0.060435189781732644,0.061046040929673015,0.06121220155482707,0.062184116232295084
2025-11-11,0.057087304642730846,0.059250956529998025,0.05917110800387595,0.06262732095745349,0.0597466913439722,0.060138309470789006,0.06019183773163306,0.060523323027913065,0.06087703857161164,0.06140977489649987,0.061912526107950706,0.049831102865951514,0.052560544553480394,0.055498928104582866,0.0602217559061854,0.06092519769144223,0.06104181780629275,0.0620176560672065
2025-11-10,0.056495832215602254,0.059003457421605524,0.05988844675314367,0.06187560371821282,0.05967220105814736,0.06007379799538404,0.06010028669707339,0.06046916410729666,0.06080198746780197,0.06133462999333315,0.0618263548586436,0.04977803485307846,0.05246837458426505,0.05544818997583478,0.0602390577267862,0.06085226975587826,0.06097155694835264,0.06194667521960487
2025-11-07,0.056487130761050726,0.05852254088436621,0.059410263686676894,0.05898571086366733,0.05926722576755531,0.05966486806092512,0.0597651656789027,0.06014854544201067,0.06040320999047369,0.060974041732353934,0.06134715913954933,0.04934469717829076,0.052194805207290335,0.055150831554180976,0.059885155427746174,0.060439369292091476,0.06009234948803175,0.06122516106593171
2025-11-06,0.056692999489108706,0.05706491977506061,0.05941026368667244,0.061255011314528506,0.059557861660423976,0.059977743121850724,0.060071056832759394,0.060376931944037114,0.06076200486466454,0.06130621567972591,0.06171176312046429,0.04959396149422383,0.05247864683277347,0.055374224574213496,0.060179010887463996,0.06072051891697904,0.0604060422742798,0.06154065944770375
2025-11-05,0.05669299948910827,0.05803678423832045,0.05941026368667244,0.05909875238719687,0.05934713776665084,0.05974670263422779,0.0598486283365014,0.060225506300916526,0.06054229499869472,0.061084842989989355,0.06148916637151313,0.04940866689681355,0.05223540867940135,0.05511648097622623,0.059889474904481266,0.06041804472064868,0.06017032975279209,0.06127419498209344
2025-11-04,0.05649583221559286,0.05803678423832112,0.058931909534413844,0.05888192773622858,0.05919503659302554,0.059602425365734825,0.0597129528853903,0.060076803446111986,0.060404891776543394,0.061020756691135304,0.061355202335373275,0.04934742747289874,0.05216851001944954,0.055049275901768696,0.059772423969716514,0.06029159898886476,0.06006343997457666,0.06116678326860367
2025-11-03,0.05649583221559374,0.05778933038015738,0.058692668262845436,0.05874049502260089,0.059128220423454725,0.059528101995582824,0.059640261204676276,0.06001317645763606,0.060328434534057104,0.060945846551131076,0.061281393532076935,0.04935307467799174,0.05217919059937686,0.05505816809895431,0.05971815302382722,0.060280716313208735,0.06003559078857784,0.06111666442691773
2025-10-31,0.05648713076105089,0.05777574110181599,0.05845338417397546,0.058372952001712004,0.058675376374746506,0.0590861117378694,0.05927128381529444,0.05953620639263776,0.05993110275932303,0.06054410279202422,0.06091988702093985,0.04929589105705389,0.05211575700621012,0.0549897687080991,0.0596249624203538,0.06021288746443274,0.05996499961079457,0.06104303334932508
2025-10-30,0.056495832215593886,0.057771213231137215,0.058931909534213615,0.057938664920518274,0.05867101247344723,0.05908572098003736,0.05926797950393556,0.059547120480573916,0.05992921780547954,0.060544114749533674,0.06091131785402961,0.04930321796535943,0.05212048533839216,0.05499274815095721,0.059506980570604856,0.06007477386352077,0.05986529275949955,0.06090171048256891
2025-10-29,0.056949302296623816,0.057905918475884555,0.056997614458250245,0.05692838738590733,0.057875841741206455,0.05841979699054408,0.05862803169825897,0.05898012816031519,0.05950078619154317,0.06003046616876135,0.06065144884547522,0.04911092547362345,0.051914342802934436,0.05478355477908291,0.059024528402423934,0.05977171871882575,0.05939966257369896,0.06042785342924941
2025-10-28,0.05708730464273133,0.057905918475884555,0.05699761445821388,0.05692838738589223,0.05787542622607752,0.05841979699053432,0.05862803169824852,0.05898012816030587,0.05950468925987976,0.06003439964133553,0.060655111043664466,0.04911018724715658,0.05191049715856272,0.05478057448453754,0.05898545869292819,0.05976352093251627,0.05940727659448469,0.0604334768639971
2025-10-27,0.05741257689538308,0.05814420160820102,0.05692095107343696,0.05710785700641781,0.0580941615920239,0.05865811179958046,0.05892963697578638,0.05923720860087581,0.059791168315912316,0.06032108523237878,0.06097344855423717,0.04951612574987094,0.05232165617880599,0.05521377655763879,0.05941980520974038,0.060167455806447695,0.05961785427435891,0.0606502170294346
2025-10-24,0.05724593622089461,0.057905918475887434,0.056853867005572455,0.05676856471950126,0.05783265753971326,0.058480018553033565,0.05877972900884118,0.05906030304512127,0.05963321660271229,0.06024003052149696,0.06092019760288723,0.04952777838892412,0.05232991496307809,0.055185313642093344,0.05950223126541649,0.060091163003116774,0.05962835529822409,0.06065727579621904
2025-10-23,0.05725487246694709,0.05814878857528057,0.056892201170794646,0.05689060020330099,0.05782846406800816,0.058484755382105756,0.05878497218315223,0.05905421293298007,0.05963121747039023,0.06023548741287743,0.06091710522454077,0.049525808733487046,0.05237009664408144,0.05529084938434198,0.05963186054806336,0.060161595017281196,0.05969997910221148,0.06064886394214021
2025-10-22,0.05708730464273119,0.058634440555453464,0.05651839616760431,0.056635499366224945,0.05791364065623062,0.05855691223412267,0.05885997983493352,0.05914465343940874,0.05970414261324449,0.06026700772748308,0.06103687671353308,0.04964542201634594,0.05248436022969294,0.055428839296336296,0.05941699852563401,0.05992896788748938,0.059819584212338184,0.06084407051611734
2025-10-21,0.056269077736872716,0.05730347367995147,0.05637459717969862,0.05663549936622517,0.05791610617937829,0.05857016900671541,0.05886276433191054,0.059066844545458894,0.05963114087375322,0.06012066164273046,0.060882683249890636,0.04941906958664811,0.0523395953358005,0.055372265917953994,0.05927213525652238,0.059760893553348945,0.05981618478656314,0.06082347821890488
2025-10-20,0.05634795032985133,0.057303473679575855,0.05637459717969848,0.05663549936622517,0.057915868493971144,0.05857016900671542,0.05886276433191067,0.05906684454545813,0.059630806037909524,0.06012048166660126,0.06088251747579926,0.04942022341615454,0.052346935135426556,0.05541186527966319,0.05922426297239937,0.059770770855859225,0.05982473754351863,0.06074583237281317
2025-10-17,0.05626044582019388,0.057303473679575855,0.05637459717969848,0.056626876798424174,0.057912064804523246,0.058562973481563314,0.05885673372357439,0.05906483131872248,0.05963102697673352,0.06012073847314081,0.06088251790320171,0.04942024538465628,0.05251328086077861,0.05554081122572997,0.05944021485728041,0.0598557078288733,0.059737199843686375,0.06074757115337531
2025-10-16,0.056022590776975155,0.05754641674298418,0.05622119454357936,0.05649374855446523,0.05735448572545246,0.058086445744792777,0.05838152519758956,0.058725912098547134,0.05938286390978981,0.059945776170084786,0.060791309891961735,0.049314794700074785,0.05247688666217208,0.05553408048599326,0.059201494101759455,0.059778430115622276,0.05973573796894859,0.060730828689747315
2025-10-15,0.055361930199161954,0.056613354861287934,0.05607736358524686,0.05602110067778274,0.05692482867835966,0.05769121964706046,0.05797749394930841,0.05841425421175712,0.059061505241277436,0.059508363301812604,0.060417695444021605,0.048876047376967206,0.052064768594457925,0.05508852057981974,0.0588239436515292,0.059426093175371876,0.059380953729245865,0.060287394344507035
2025-10-14,0.0553619301991602,0.05620500374121012,0.05574169783080764,0.05579415032220273,0.05677184028027764,0.057502592970686744,0.057877334099348914,0.05842108943537717,0.0589135134034922,0.05937313614250548,0.060280015222175506,0.048799683338987834,0.05198497153870051,0.05499809540128811,0.05873327093652138,0.059283091988754505,0.05932285418633047,0.060223024886861924
2025-10-13,0.0553619301991602,0.05685638153402796,0.055741697830795314,0.05579415032219596,0.05677184028027458,0.057496225044133174,0.05787733409934736,0.058421089435377195,0.05891331757342827,0.059369001035631454,0.06027985109219037,0.04880080176036692,0.05199225950404054,0.05504871954904437,0.058744586369751606,0.05921307920646995,0.059211511710547546,0.060120995845043164
2025-10-10,0.0553619301991602,0.05610776502760638,0.05515647886986365,0.055426442766599957,0.05636624559576939,0.05701506398168197,0.05739825872928654,0.0579433871136398,0.05843519734051598,0.0588165186728138,0.05972701788490625,0.04828704127527986,0.05147789521553789,0.05487293583547851,0.05808829070590723,0.0586840718117472,0.05860605730190229,0.05954226362565004
2025-10-09,0.0553619301991602,0.05610776502759903,0.055156478869856675,0.05543470688810054,0.05636232546759857,0.05702187796964849,0.05740398773889299,0.057940611198982576,0.058433346676738857,0.05881360201338688,0.059724430798281304,0.04828694567279303,0.05142622867170832,0.05456700101562241,0.057958996683374966,0.05858009065555384,0.058499620921037006,0.05941145864919605
2025-10-08,0.05511538687162468,0.05610776502759903,0.055156478869856675,0.05543470688810054,0.0563708876166156,0.05702187796964849,0.05740398773889292,0.05794532200707914,0.05843054343408333,0.05881144406085235,0.05972239194501301,0.04828570342232819,0.05117388022944838,0.054585267374634275,0.05765841464144151,0.05855167763437375,0.058398004731102855,0.05945001429602776
2025-10-07,0.05511538687162424,0.05591327345506498,0.05507970983859049,0.05543470688810054,0.0563708876166156,0.05702376322313149,0.05740543645452335,0.05794532200707926,0.05843455680585139,0.05881639701446834,0.05972693919893411,0.04828498254572176,0.05121144704513118,0.05455679464424389,0.05776379126603485,0.058462833729968904,0.05833553179580818,0.05947613489847763
2025-10-06,0.05511538687162424,0.055913273455059635,0.05507970983858901,0.05543470688810054,0.05637088761661578,0.05702376322313154,0.057405436454523305,0.05794532200707914,0.058434362572381125,0.05881622095015385,0.059726776577971714,0.04828605859790986,0.051177300561358594,0.054588645135365134,0.05782824433622012,0.05845504788248299,0.05833073987133996,0.05947204232004408
2025-10-03,0.0551071044531083,0.055913273455059635,0.05493575602293597,0.055426442766596355,0.05632878845336822,0.056949516362761354,0.05732490264566899,0.05778783583483211,0.05828811429112495,0.05866031198623848,0.05950195299352422,0.048063146432041536,0.050956105672778515,0.054442455801995526,0.05736911220275566,0.05826840492705297,0.058135472691839434,0.05926580314290226
2025-10-02,0.055102964486846186,0.05643835741959965,0.05493575602293582,0.05543470688810062,0.05632496499739039,0.056951236066189445,0.05733062532943576,0.05778493949684414,0.05828631996976204,0.05865428883404183,0.05949939590170327,0.04806294684945467,0.05095605764643384,0.05441969238442439,0.05751612584814239,0.05817672652396623,0.05813390683304567,0.05926457898293292
2025-10-01,0.05509882534887289,0.055913273455058435,0.054714996731173124,0.05525493670959642,0.056151029043521254,0.05677324594013258,0.057150638622390226,0.05761004935234981,0.058102444012488076,0.05847363912404925,0.05931756302662078,0.047961575034523196,0.05087033888367394,0.054378744151242005,0.0571714423183843,0.058038045963905736,0.058086445535466304,0.05952677313427638
2025-09-30,0.05516884661438232,0.0557229771793783,0.0545998034985309,0.05503727692989867,0.05592940853426394,0.056544221364018106,0.05685232465861021,0.05739263824096087,0.057886579567465804,0.05825871451478757,0.05910446022204541,0.04781290860836495,0.05067545292220375,0.054172608541912644,0.05698884337753783,0.05782880365074085,0.057958546504901474,0.05938883900868851
2025-09-29,0.05462632307104448,0.05547559844160912,0.054455797999512875,0.05499941821860472,0.05593095516599572,0.056546665757501474,0.05685501548764114,0.0573937578046797,0.05788747246688332,0.05826005424585449,0.05910608526299308,0.04781456682626973,0.05070349849785537,0.054177408239901234,0.05699195879703049,0.05776420610943794,0.0579781339318032,0.05940165733226911
2025-09-26,0.05462632307104047,0.05547977606608898,0.054158137474520224,0.05499128218993921,0.05570321204355116,0.05632487638344129,0.056476919384130714,0.05694451411508904,0.05750990508395827,0.05788892240599036,0.05873468603486647,0.04745228216415375,0.05034123164935517,0.05381148059487096,0.05661440625455711,0.057373207270683596,0.0576196283792032,0.05903467685930739
2025-09-25,0.05462632307104047,0.05547977606608898,0.05415813747451978,0.05499941821860464,0.055710883890745425,0.0563248763834406,0.056482473989846925,0.05694149742775081,0.057506920575593826,0.05788683948524525,0.058732382416491605,0.04745196934300201,0.05010372105921122,0.05384121532873274,0.05654439599633777,0.057317390848245386,0.057626475151076315,0.05907378891882742
2025-09-24,0.05462632307104047,0.05540194551486421,0.05408131109640393,0.054819569764106554,0.055634329095505475,0.056103927855364916,0.05641603021544826,0.056795535099717846,0.0575138690840834,0.057898833977991275,0.05873395941053491,0.04745869684647651,0.05022839170218569,0.05386592138041128,0.05619825308947964,0.05707575849245274,0.057328827026802316,0.05898942695225046
2025-09-23,0.05462632307104047,0.055401945514863986,0.05378356717702057,0.05452606335456552,0.05533763895620251,0.055737612722307366,0.05612094236886396,0.05651204596650289,0.057218830513409986,0.057604455037816596,0.058442974807185334,0.04724384046999866,0.049925774188573024,0.0536513429392309,0.05598070100422142,0.056817188901762086,0.05711960325454978,0.05877260319372148
2025-09-22,0.05430077371849188,0.05539777954950573,0.05408131109640391,0.05481956976410641,0.05563525218124609,0.05610408106386245,0.056416030215448124,0.05679553509971755,0.057514401325303416,0.05789858205258358,0.05873726339907397,0.04745903238083328,0.050076898988394875,0.05388186014994706,0.05620911590785156,0.05697702907649309,0.05736234141066437,0.05901258910239386
2025-09-19,0.05430077371849188,0.055722977179365266,0.05371632550147717,0.05451806550584557,0.05526400096377361,0.055734601444106004,0.05611669238472841,0.05651055208097418,0.057220131978279486,0.05760000163592022,0.05844368344566425,0.04724511874633975,0.04998518825127019,0.05372975798529934,0.05604612374989871,0.05682643587385552,0.0572886886435131,0.05892714226301542
2025-09-18,0.05430077371849188,0.05572297717937825,0.05371632550146307,0.05452606335456551,0.0552715523780369,0.05573460144404552,0.05612218225384569,0.056507596732077565,0.05721714717295559,0.05759793276994597,0.058441212271594545,0.04724479501118553,0.04991282095508334,0.05376808884292128,0.056011483784933036,0.05683358226967603,0.057294158787993724,0.058930856835752804
2025-09-17,0.05430077371849188,0.05572297717937825,0.05371632550146307,0.05452606335456551,0.0552715523780369,0.05573460144404552,0.05612218225384562,0.05651204596650269,0.05722154904511332,0.05760154788870924,0.05843925699093139,0.04724370636578417,0.04985714694396922,0.05373701531104535,0.05595530958403466,0.0568199087388424,0.05726313481174715,0.059002285129921304
2025-09-16,0.05380746677138774,0.05572297717937825,0.05363947373105879,0.05452606335456551,0.055272941816102705,0.05573460144404552,0.056123599421269675,0.05651204596650269,0.057222351392506456,0.05760137528273505,0.05844362766158566,0.04724301701103658,0.050008345428195405,0.05375469516805381,0.05595171357975204,0.056807496793715585,0.05719094793098367,0.05891926165956042
2025-09-15,0.05380746677136725,0.055718763019022365,0.05363947373105745,0.05452606335456551,0.05527294181610258,0.05573483796566432,0.056123599421269765,0.05651204596650269,0.057222351392506386,0.05760134967103995,0.0584434685438457,0.04724403801608277,0.050004879524394,0.05375059162284535,0.055945669705945486,0.05680060149719294,0.0572315711034352,0.05895310999666645
2025-09-12,0.052583803669908086,0.053026669550525984,0.05312060870321493,0.05414880012192301,0.05489551666324251,0.05523903030464825,0.05568155486098946,0.05614169507450192,0.05686145626147755,0.05724630197467608,0.05816724736217124,0.04695474641044656,0.04970310075751574,0.053610269718548306,0.05572931538404587,0.0564754221801308,0.05691165627609856,0.05859259639885473
2025-09-11,0.05258380366990586,0.05302666955050785,0.053120608703213446,0.054156690951955036,0.05490298426957748,0.05523903030464575,0.0556481684482708,0.05613863684770734,0.05685850254660637,0.05724423982183004,0.05816621704294414,0.046954396726856265,0.04963072529932368,0.053582273693802814,0.055678130002726915,0.056451776742468575,0.05693379549545035,0.05852721399879574
2025-09-10,0.05254432445056321,0.05282210924323819,0.05295722062246992,0.05381561067161619,0.05444337916271618,0.054777807573419414,0.05520488720469396,0.055782800194203376,0.056474596005032386,0.05686870102942673,0.05783356173924161,0.046553586975763506,0.04935980968393945,0.05314365903539691,0.05514552759352704,0.05594260578109631,0.05658425301319024,0.05815733371600982
2025-09-09,0.05240614412267928,0.05282210924323819,0.052957220622469624,0.05373979925248401,0.054367127657338546,0.05470061027585831,0.055127271193431866,0.055707061196999794,0.05632976284266234,0.05679190925857938,0.0576900190636749,0.046397823739559245,0.049088234660640585,0.05298378574117364,0.05497192554741887,0.055769335123097626,0.056441900577254296,0.05800898210010342
2025-09-08,0.05240614412267928,0.05259428648309972,0.05281303808549892,0.05344597570560048,0.054079709099009464,0.054374594202006875,0.054799983348428366,0.055637559323829265,0.056260313930757526,0.056735107836105525,0.05770405954647254,0.046405835241786535,0.04918203256368462,0.053086064886363846,0.05503417140344273,0.055843677783786815,0.05653148279862617,0.058095425988191104
2025-09-05,0.05298844326540848,0.052373952238356496,0.052659226239306196,0.053153942085282374,0.05377389977737459,0.053922896055231664,0.05441915401972739,0.055273878298835906,0.056119893703269634,0.0565911170662051,0.05772033860550951,0.04642219448144104,0.04919322719031508,0.05308223112627406,0.055018891209394884,0.05585294437628585,0.05653781676546673,0.05809973693940602
2025-09-04,0.052988443265413826,0.05237395223835582,0.052659226239305454,0.05316154811423239,0.05378105188017878,0.0539228960552335,0.05442429091268843,0.055271225335288755,0.05611709294375195,0.05658907870689322,0.057717806136720264,0.04642213130123803,0.049193263182457835,0.053269441556495906,0.055141719079657245,0.05581448089906108,0.056508331467965495,0.0580788617487257
2025-09-03,0.052988443265413826,0.05237395223835582,0.052659226239305454,0.05316154811423228,0.05378105188017878,0.05392289605523343,0.05442429091268843,0.05527549610688519,0.05612136010287905,0.05659264216256406,0.05771586212561765,0.046420759829417554,0.04936446243152883,0.05352934435925827,0.055276317858354684,0.055912416665263504,0.0566888218814233,0.05809739707545396
2025-08-29,0.05285858270817326,0.052203240955840065,0.052582313680092876,0.053066731161316945,0.053635211324592584,0.05385305463416755,0.054342903571825925,0.0551988318642902,0.05604876108823796,0.05652639861488435,0.05764314458428171,0.046355933312776466,0.049333573821498576,0.05352896815528506,0.055227007415472436,0.055836914406878296,0.05661530230992141,0.05802396932152323
2025-08-28,0.052866204430531194,0.05138142007560413,0.05251501156111815,0.05264937449518756,0.05296071921314791,0.05337731178562796,0.053980418879911826,0.05461351651867042,0.05569426323411241,0.05628205068983004,0.057535373461560485,0.046301318876272944,0.049374289008720366,0.0534649693585182,0.055222357938271634,0.05595997400639503,0.05654009948258933,0.05797902776880901
2025-08-27,0.052866204430531194,0.05145680043478382,0.05258231368009297,0.05264937449515248,0.052967640672703147,0.05337391255891324,0.05397922688503694,0.054617678718579,0.05569171637342221,0.056280026238272045,0.05753262279058944,0.04630008002289522,0.04949410431636832,0.05354124867142325,0.0552734386629207,0.05603967853889149,0.05665042122091136,0.05804741505257381
2025-08-26,0.05249121669103449,0.05145680043478382,0.05258231368009297,0.05264937449515248,0.05296867169321133,0.053379901729364514,0.05397922688503694,0.054617678718579,0.055696550095886435,0.05627750190926313,0.05753602622867486,0.046299388662622155,0.049542214399835624,0.05357847649399008,0.055370063658933835,0.055961039377249715,0.056722182725878936,0.058033110603118
2025-08-25,0.052619505958923965,0.05145680043478382,0.05236116542331669,0.05264937449515248,0.052968318953585974,0.053379901729364514,0.05398314389960174,0.054617678718579,0.05569634284332705,0.05628102529438097,0.057538539570095755,0.046300420980196204,0.04966266132684107,0.05338736716447467,0.05557822699331255,0.05613858645946936,0.05672105926413753,0.058123901763080174
2025-08-22,0.05199038383446793,0.0508588178373397,0.051851423610913876,0.052136938419826466,0.05289938888529963,0.05338530684951649,0.05398709863996118,0.054629982041312336,0.055699826909452875,0.05628396328134816,0.05754491513146672,0.046308391898832534,0.049399942894016155,0.05294808388004503,0.056139307862833804,0.05664471175762638,0.05704379569435121,0.05832346615063704
2025-08-21,0.05187931849020542,0.05085530509701587,0.05185142361091462,0.05206099962645856,0.05289630349147975,0.05338224983878347,0.053992175101442066,0.054630007899672865,0.05569834422776419,0.056284050605639346,0.05754228354008766,0.046309736279575145,0.04863709257255021,0.051852110731228605,0.055775215152108294,0.056458702637726906,0.05716382144230778,0.05843970386346123
2025-08-20,0.05175100528504271,0.05044255098660006,0.05151469508137417,0.051804663616016794,0.052826840071458554,0.05322830608224031,0.053920468897562523,0.0546414229442049,0.0556980820017997,0.05628992802749236,0.05751732500794049,0.04623303534008473,0.048608610719969844,0.051703483517289664,0.05535188431226244,0.05622994330499154,0.056996460219603313,0.058161669827091214
2025-08-19,0.051632558642974356,0.050439095585190864,0.05151469508137387,0.05180466361601668,0.052827164905709253,0.05323424327128272,0.05392046889756246,0.05464142294420484,0.05570251685834935,0.05628736751188162,0.05752075130972748,0.04623233871322479,0.04857416338418908,0.051648213106569224,0.055428871483347145,0.05628793231552156,0.057052590697539325,0.058216528622537705
2025-08-18,0.051691782406037445,0.05027975898918727,0.051370356889176245,0.05166222632379045,0.05268311988955668,0.05323549794336059,0.05392302363327,0.054645428843502875,0.05570700189855835,0.056291714027695165,0.0575223378799414,0.04623561177473009,0.04873700025855079,0.05180790265906906,0.055406477511378525,0.0563396825411426,0.05715223680195711,0.058269164509953245
2025-08-15,0.05119107462514329,0.05026946211035182,0.051370356889178174,0.05165503967524353,0.05268100627552001,0.053235570198749305,0.053917938819296844,0.054643684204649864,0.055708249107092385,0.05629125530643594,0.05752262433619153,0.04623578814712919,0.04889266998579082,0.05192695969748201,0.05551562672868539,0.05636700274189668,0.057088880623838864,0.05822195575510626
2025-08-14,0.05119822403180572,0.05026603106410638,0.051370356889178174,0.05158625147143226,0.05267760582394706,0.05323253721079721,0.053923023633270034,0.05464332194465525,0.05570663034547529,0.056291377104441605,0.05751992171150371,0.04623695072708564,0.04896573197420301,0.052053318321845954,0.055629285347328306,0.05658509163957206,0.05720472604269533,0.05834226536530603
2025-08-13,0.051504237456738475,0.050014173343646315,0.051158632683269825,0.051310794234427415,0.05249176400277563,0.05299107914914376,0.05388792934865547,0.05453829509075898,0.055669773197105664,0.05626026126668771,0.05748199063963432,0.046243603762614466,0.048770564963028486,0.05219154189135241,0.055436226330530615,0.056350751328125434,0.057089659566382046,0.05836419869875891
2025-08-12,0.05163255864297432,0.05022868430801311,0.05113938336552585,0.05136779161256368,0.052405065304480164,0.05299505097711094,0.0538882698755714,0.05453669505600377,0.055676575650306544,0.05625639408328609,0.05748565016462479,0.04624200645137235,0.0487768092177922,0.052110462190867214,0.055417260587814154,0.056452108879602246,0.057215284899760153,0.05837884492539486
2025-08-11,0.05187931849020405,0.05029693293238604,0.05121637897371196,0.051443783063561184,0.05240439417490268,0.052994425554157086,0.05388690782795354,0.054534561967990135,0.05567617698645644,0.05625954824603088,0.05748456428445263,0.04624187731091261,0.04891691421581317,0.05236950956618081,0.055575040573832946,0.056582610095726224,0.05731679878803839,0.058505627313952875
2025-08-08,0.05174370101542327,0.050517695270881756,0.05121637897371226,0.05165503967523292,0.05246845017910266,0.05306958588434908,0.05388182363766058,0.054526790397373355,0.05567460777134732,0.05625498048011277,0.05748495791950772,0.04623865647562127,0.048833102193919536,0.05223038919785374,0.055476353185683065,0.056497032680643565,0.05724555331550341,0.058431300220458234
2025-08-07,0.050753968991407494,0.04991964115946329,0.050754338799571766,0.0511302811014395,0.05212244892981218,0.05281114066690688,0.053671702548595386,0.05427585000638024,0.05553790203546618,0.056188299414254766,0.057456117915427866,0.046294836646332146,0.0489344678737313,0.052339145728542355,0.0556434153809041,0.056577004541850266,0.05737495534921746,0.05837626180557354
2025-08-06,0.04971718039904868,0.04943877939181028,0.05023435267414278,0.05080717625127272,0.05197840508881327,0.05266776807355986,0.05361286661901671,0.05422079380938957,0.055462652566036295,0.05611513543799837,0.0573829675039843,0.04623121078456538,0.04937238480886314,0.05278292214228482,0.055734157907208044,0.056842192778750224,0.05757413812277685,0.05862322326456158
2025-08-05,0.049223376300481195,0.04936074702183548,0.05016693225598251,0.050731136406357555,0.05191254357172037,0.05251967598649542,0.053536336888030986,0.0541448800276136,0.055351658325771165,0.05600898074940323,0.05724009935369889,0.04611485200687442,0.049243027590035245,0.052631956723466156,0.0556193755202707,0.05666046598856663,0.05738027530399136,0.05873748566898943
2025-08-04,0.04882828876445207,0.04905834259200714,0.050012815675274616,0.050731136406357555,0.05191360829234255,0.05252242240386572,0.05353904593890798,0.0541448800276136,0.055352293204176166,0.056014296195121334,0.05724179664904438,0.04611593116248389,0.04929101194597696,0.052711818115488945,0.05567217006945501,0.056765710700368004,0.0574668261384815,0.058517593023009934
2025-08-01,0.04872303277536446,0.049133106913364484,0.05007969556371215,0.05080022353805679,0.051977760488486825,0.05252178428681886,0.053533356989741106,0.0541413036491953,0.055350866334180446,0.056013382342730844,0.05724192281064457,0.046115027293228604,0.04929124944581223,0.05269939806341442,0.05567438268051351,0.05675301504405576,0.057469759750354066,0.05851945296895085
2025-07-31,0.04833437401008333,0.0489835308807968,0.0499222606501804,0.050731136406356785,0.05190824929237753,0.05252030273689721,0.053541363282549256,0.054140686458514914,0.05535197054104178,0.056014479263425926,0.05724097051228259,0.046115998728882904,0.049281614945570845,0.05274429243893106,0.05579058455974508,0.056849738045651604,0.057564522098738455,0.05861268099551328
2025-07-30,0.0485319472906016,0.04899005134015549,0.049918889645600206,0.05073113640635745,0.05191440697292111,0.052517191834545056,0.053540355914059916,0.05414488002761361,0.05534852718980136,0.05601264941885541,0.057240654822625865,0.04611476161410299,0.04921553333609111,0.052747138018938364,0.055635629130024705,0.05675735765662646,0.05748869550402484,0.058536260871124714
2025-07-29,0.04892706433704467,0.0491363868582972,0.05008648203414178,0.05073113640635745,0.05191334209217304,0.05252171356974381,0.053536693902709334,0.05414488002761356,0.05535213447263502,0.05600912220561242,0.05723620734781123,0.04611404832421043,0.049191137766718906,0.05273480757417233,0.05548022554047275,0.05675854073227476,0.05751701529479757,0.05855631540822287
2025-07-28,0.04887767685814985,0.04897053912208245,0.04997090515185175,0.050693114315517915,0.051894275976109724,0.052561893019105486,0.05353873732671058,0.05414593963087993,0.055352821288237784,0.056012300403526886,0.0572410215572552,0.04611572007035412,0.04934309086664808,0.052950486981792284,0.05570248691369441,0.0569755142708399,0.0576690358628914,0.05861198589162675
2025-07-25,0.04877240898875183,0.04903556405795768,0.05011481108014438,0.050762214651782864,0.05196802094532947,0.05263867153145936,0.053534292600591483,0.05414232105090301,0.055351095268090955,0.056008758888437093,0.05723970254158124,0.04611479341111689,0.04934331538593603,0.052960110012399725,0.05576201802287244,0.05696380935338096,0.05765912531261877,0.05860498086807786
2025-07-24,0.04848255489289895,0.048964023834028286,0.05004795752089162,0.05073113640635876,0.051888657109496646,0.05263645040654393,0.053532324306642586,0.054140686458514976,0.055352326037785844,0.05600943933480971,0.057240393916374845,0.04611521284951855,0.04940568796604022,0.05295478776053515,0.05596223543354489,0.05707257115651396,0.057513883303815155,0.058590019764184306
2025-07-23,0.048284979152578976,0.04885346178300682,0.04993237729594781,0.050655090778944444,0.05181907083079779,0.05263441879019373,0.05353941854847096,0.054146999316973456,0.05535195336719094,0.056008426150463815,0.05723892532835112,0.04611514430615952,0.049722953723472935,0.05321474412735961,0.05630329404035117,0.05732636945708441,0.05761085244507544,0.05875085547652087
2025-07-22,0.047692192889305866,0.04844363667234258,0.049604845522528015,0.05029379505446719,0.05159982912969756,0.052421641777543763,0.053321713270205205,0.05385461260205052,0.055068648566184444,0.055628448346703774,0.056859230174818615,0.04575178495799192,0.04917967213969226,0.052871324424915676,0.05575076386942986,0.056863924059554115,0.05722739029075104,0.05853428135607942
2025-07-21,0.04739576654025924,0.04844363667234258,0.049604845522528015,0.05029379505446686,0.05160062323460848,0.05242164177754361,0.05332171327020507,0.05385461260205023,0.05506912253831887,0.05563192691240055,0.05686259107255192,0.045752836130362975,0.04919686720666336,0.052876662643236955,0.05574233810773873,0.056895625907998536,0.05722567105612151,0.058532192105515704
2025-07-18,0.047389637623255786,0.048401417922911416,0.04955965996557448,0.05024895246396215,0.051558985093023486,0.05238344564000579,0.05328157913991235,0.05381517160565228,0.05503153469658873,0.0556032769116695,0.05683487644521842,0.04571511913776315,0.04908732153740362,0.05282110732137151,0.05567607295971789,0.05681462122071379,0.057207808301307825,0.058507302242709065
2025-07-17,0.04769219288930148,0.04843726025929682,0.04956630707773436,0.050255756331041915,0.05155481540746755,0.05238024818802614,0.053278505420744304,0.05381248459469445,0.05502943738645763,0.05560334130399673,0.05683479692008874,0.0457149105191862,0.048983900945740094,0.052685121195598685,0.05568650274107629,0.05675181836302653,0.05708309425920192,0.058510634620977775
2025-07-16,0.04769219288930589,0.04844363667234242,0.04956630707773421,0.050255756331041915,0.05156141915296386,0.05237712967724144,0.053283521258225455,0.053816639667113156,0.055026259982834926,0.05560161222770125,0.0568319679794991,0.04571372737929323,0.049414136036212836,0.05309022952980504,0.055632716625749284,0.05696178185873871,0.05754187811064937,0.058963122529009905
2025-07-15,0.04749457778415157,0.04836556514598084,0.04948922684320771,0.05017967454308374,0.05149472738559441,0.05230630787995925,0.05328487759035067,0.05381874691981655,0.055032889032149715,0.05560193192689181,0.05683097989552317,0.04571420690386874,0.049380137374932416,0.05312353206235106,0.05558098081567157,0.05692775153098167,0.05758846214526721,0.059002372748510674
2025-07-14,0.04697085014645974,0.048258211779956886,0.04942177797913349,0.050179674543083294,0.05149612755992552,0.05230727901492595,0.05328606451237128,0.05381874691981651,0.05503372597192445,0.05560603546523493,0.056835148315456364,0.04571525630594168,0.049387013489315734,0.05311868967192305,0.055514737226796125,0.05677060307760072,0.05750279660843942,0.05893426076294345
2025-07-11,0.0468561513292796,0.04795251438590639,0.049338101208017134,0.050096823895853355,0.05149320090115419,0.05231015370418083,0.05328555979438598,0.05381942185622743,0.055034534163554395,0.05560738411038439,0.05683654811544772,0.045716700924773805,0.04857230083384133,0.0522890364628854,0.05472071992385981,0.055984005326462666,0.05671813286113216,0.05814269868294432
2025-07-10,0.04686214329338642,0.0479556392146341,0.048120309970364115,0.05010358696624571,0.0514898225071422,0.05230710274781654,0.05330388390051442,0.053816687913725424,0.055032931943072565,0.05560753799389502,0.056851177967337664,0.04571645497229813,0.04947146775908911,0.053144221580210746,0.055544271770499,0.05695982733968374,0.0575702658803415,0.05900567330290087
2025-07-09,0.04686214329338642,0.0479556392146341,0.048120309970364115,0.0502557563310418,0.051640463538947384,0.05249755243148327,0.05345481544249744,0.053972749166909424,0.055172884011386814,0.05574826899007222,0.056992887232513625,0.04585717538333967,0.04977580225006222,0.053394211881838655,0.05582934442644638,0.05715016271749049,0.057797760001249844,0.059239277226290236
2025-07-08,0.04675343346166259,0.0479556392146341,0.048120309970364115,0.05003700558713469,0.05164075504345066,0.05250343014959222,0.0534548154424975,0.053978826949094706,0.05517728712376032,0.05574543862707794,0.05699094819384487,0.045859865596029975,0.049639716979236276,0.05322686403335663,0.05571209285139479,0.057020041423453946,0.05766857518252796,0.059109471677693856
2025-07-07,0.046753433461663024,0.04791659423138916,0.048120309970364115,0.05003700558713047,0.051640755043450844,0.052503784783680445,0.0534548154424975,0.053978826949094706,0.05517728712376031,0.055749164635678465,0.05699435689978847,0.04586093019584687,0.049781187894595104,0.05334391110907321,0.05582622277617673,0.05714569381390524,0.057809294020347825,0.059246881089603874
2025-07-04,0.04640164222214452,0.04813794344542444,0.049482600259872035,0.05054363536189502,0.05178249630256121,0.05250194771170317,0.053428756991760175,0.05396331827083905,0.05517390465475909,0.05574748555004326,0.05697830431379615,0.04585332452910217,0.049777056537043854,0.05335007808649475,0.055823464640135614,0.057142956882602035,0.057806276486370475,0.059244600535252226
2025-07-03,0.046209839617452154,0.04813479504827892,0.049566307077734205,0.050550518597901245,0.05177956863453373,0.05249923951179869,0.05342423465309721,0.0539603949173692,0.05517254222388525,0.05574783798280403,0.056977257737426304,0.04585298851796827,0.04977691413155777,0.05333826911679237,0.05582507075179076,0.05715744668195435,0.05780379944846283,0.05924270264694413
2025-07-02,0.046308680401905514,0.04813164719906867,0.049566307077734205,0.050550518597901134,0.051785982265591245,0.05249648061873246,0.05342928457808519,0.053964561695839276,0.05516923791287774,0.0557463066566175,0.05697439484240893,0.04585180080732817,0.04977282928435538,0.05330303497908005,0.05577764392372495,0.05703223947375227,0.05784361709287897,0.05927144996014756
2025-07-01,0.04680284739080412,0.048245558200078836,0.049566307077734205,0.050550518597901134,0.051784653258441095,0.05250134303429955,0.05342928457808519,0.053964561695839276,0.05517266609212821,0.05574293799373637,0.056972474209055185,0.04585110304004405,0.0497690701063285,0.053277955491462976,0.05578932409356967,0.05705704664264139,0.05783563534858917,0.059266340235007105
2025-06-30,0.04650635458377106,0.048261376555128424,0.04956963152271253,0.050550518597901134,0.05178545062273648,0.05250075549612746,0.05343023693803042,0.053964561695839276,0.05517314117854619,0.05574583234762744,0.05697597744757056,0.04585215168955348,0.049796692533224766,0.05330464332849029,0.05575400975551737,0.05706417826644502,0.05784226296037642,0.0592700007997789
2025-06-27,0.04630282885428074,0.04791347446839236,0.04953108682680849,0.0505721484284872,0.05174435134316693,0.05246258633287668,0.053396706053147204,0.053923478026516314,0.055175246425289516,0.05574974764959737,0.05697801412124008,0.0458532681258442,0.04986038338802791,0.05353147604854661,0.05586986603316372,0.05721967704063538,0.0577563877916217,0.05927096542809352
2025-06-26,0.045913302488539316,0.047841612140772836,0.04953108682680849,0.050579039368154034,0.051741964394859404,0.05245997121475358,0.05340176212528503,0.05392059286377102,0.05517418201950265,0.05574833054595461,0.056975141420973874,0.04585292960505936,0.049860239071778556,0.05355285503829869,0.05586784119698335,0.05713781578599333,0.05777528444325926,0.05928409460133208
2025-06-25,0.04507299357242178,0.04777327003688505,0.04938653431958089,0.050436427381851855,0.05160684785843977,0.052273058935954866,0.05324881394053677,0.05377261293312095,0.05502923081805669,0.05560369162721361,0.056830729727821064,0.04570974356948193,0.04970290210050038,0.053374632825772664,0.05571238217271148,0.05699573796299874,0.05769539314589222,0.05921571540354655
2025-06-24,0.044875247959033956,0.04761705071975606,0.04930943325820676,0.050141631478311174,0.051530545322286125,0.052274458704238816,0.05325016201198673,0.05378077109571176,0.05503616970668324,0.055608577359519885,0.05683501097304968,0.04571360725946157,0.04984734293485586,0.0535506045001921,0.055789742026186646,0.057049768329886126,0.05770534629778759,0.05923536494827744
2025-06-23,0.044875247959033956,0.04777327003688333,0.04945399410118502,0.050512489638771564,0.05160737795256253,0.052350424898026354,0.053247634508142926,0.053770508403062876,0.05503375329863424,0.05560502396308631,0.05683313051147041,0.0457089130777202,0.04970528418637246,0.05334413106742983,0.05568123924856792,0.05688558115558654,0.05767100906653693,0.05918589886072713
2025-06-20,0.04496860221454805,0.04746445988497604,0.04945399410118799,0.05050561666806831,0.05160395182945924,0.05235075573337204,0.05324261059398194,0.05376925523645561,0.05503417582345903,0.05560750008151705,0.056833582116688895,0.045709266115553183,0.04969600349877545,0.05337729112535478,0.05566774904966976,0.05688584967320029,0.05770207636702137,0.05921367940674421
2025-06-19,0.04487524795903429,0.04777327003688507,0.04945399410118799,0.05051248963884428,0.05160073118276195,0.05234456883603938,0.05324763450814288,0.05376638124057958,0.05503258800113442,0.05560379672303468,0.0568307580971733,0.045708925047901035,0.04966480226428316,0.05332372615787,0.05562830592889995,0.05706080083539112,0.05760974741974492,0.059034283171475924
2025-06-18,0.04507299357239999,0.04791971453505491,0.04945399410118799,0.05057903936815411,0.05160684785843768,0.05234911079780372,0.05324763450814288,0.053768667209129754,0.05502923081804742,0.05560020229620258,0.05682884535333728,0.04570674052553183,0.04940138656206158,0.053308856258630494,0.05560793638095153,0.056783340997601225,0.057616154639799175,0.05904473268316262
2025-06-17,0.045270729330076004,0.047773270036884946,0.049531086826808284,0.050579039368154,0.05160631781750203,0.05235042489802806,0.05324628673411726,0.053768667209129754,0.055033121023784014,0.055605023963086336,0.056831282107006456,0.04570605039044012,0.049325496883975875,0.05337832971059807,0.05579349785206335,0.05691959332888833,0.05789393271554746,0.059348303215258746
2025-06-16,0.0454882272813706,0.047919714535054295,0.04960817510743127,0.050579039368154,0.05160573483389824,0.0523491107978038,0.05324493911868117,0.053768667209129754,0.05503277332672492,0.05560418082739007,0.056830207294539026,0.045707084889910696,0.04898063079800295,0.05331316959187862,0.05578172808323003,0.056872951556823155,0.057941209035518804,0.059380506790934325
2025-06-13,0.045561648431982404,0.04805987017605596,0.049531086826808436,0.05057214842848721,0.05160236576383053,0.052345422713429485,0.05324126703175018,0.053767410792799106,0.05503320415812099,0.05560407038863167,0.056831582133972276,0.045707434455790015,0.049002334554510155,0.053133581865238075,0.055801412442105604,0.056872277591126404,0.057953486017892256,0.05938896277562949
2025-06-12,0.04576502561207053,0.04806614828163972,0.049531086826808436,0.05010358696624073,0.05159835657019445,0.05234195038751306,0.053246286734117236,0.05377766604223332,0.0550314386610759,0.05560211191074737,0.05682875705805853,0.04571446780883229,0.04890359955484695,0.053045328658513774,0.055809826459744784,0.056928555722137536,0.057955994111912885,0.05939055581265191
2025-06-11,0.045765025612069646,0.0480661482816395,0.049531086826808436,0.050579039368106406,0.051604992947818604,0.05234779689312033,0.053246286734117236,0.053768667209129706,0.055028127216588785,0.055599361128726515,0.056826846340087486,0.04570594332619741,0.048874184793306366,0.05291956255327009,0.055794261021961715,0.056925165107127404,0.0579668245850295,0.0593990203394856
2025-06-10,0.045626628860691305,0.0480661482816395,0.049531086826808436,0.050579039368154034,0.051605363877832364,0.05234779689312033,0.053246286734117236,0.05376866720912979,0.0550325520849495,0.055603337817268915,0.05683019929702068,0.045705253929473146,0.04885006044904364,0.05297372732383295,0.0557749290223625,0.057016413724763404,0.057909742696189856,0.05939443666886968
2025-06-09,0.04616041830178898,0.048222332429140854,0.049646717581028385,0.050579039368154034,0.05160393329130937,0.052346395610271566,0.05324426537042544,0.05376866720912979,0.05503169886941973,0.05560243874485288,0.05682866449600333,0.04570628696286707,0.04890831690285534,0.0528318772303883,0.055731777364636644,0.05687813978983816,0.057968500970293206,0.05943476392758483
2025-06-06,0.04625342122735964,0.04828432249892842,0.04979124196218376,0.05064817927663356,0.051600488337482014,0.05234332059196855,0.05323673367623239,0.05376520203464871,0.05503205493878765,0.055602718975912,0.056827391918723345,0.04570539968062498,0.04876392198895584,0.05249967511513528,0.05569527901759158,0.0567908156310361,0.05786156774676546,0.05930532952171238
2025-06-05,0.04625926031748504,0.048368743960787164,0.04993575072248275,0.05073113640635745,0.051741038632394036,0.05249391415541377,0.053462676750105076,0.05383836638620166,0.05509473907033699,0.0556645688153414,0.05688453365115572,0.04577099386245671,0.048933522278228586,0.05277847608750162,0.0559482165928792,0.05706720220775593,0.05815216775858645,0.05959471310761051
2025-06-04,0.04652612146026907,0.04844682571667418,0.04993575072248275,0.05073113640635745,0.05174699017277938,0.05249908671422835,0.05346267675010547,0.0538424939744939,0.05509132257492535,0.055661360471862396,0.05688262962432912,0.04576993353828887,0.04884693172488688,0.05262845274580953,0.05577527770198438,0.05703388888811974,0.05820880705638639,0.05955280773572712
2025-06-03,0.04702026136775469,0.04844682571667418,0.04993575072248275,0.05073113640635745,0.051745662330100146,0.05249908671422835,0.05346267675010547,0.05384249397449391,0.05509473679705828,0.05566533573716381,0.056885968720444276,0.0457692439830802,0.048647272959022596,0.052244156465882846,0.0555648479021873,0.05683620857508827,0.05794476929356166,0.05931245193276718
2025-06-02,0.04721485828994159,0.048817672319358435,0.05023435267414254,0.05087370637280986,0.05189545555205022,0.05264076646051571,0.053612866619016694,0.05414090725287715,0.055326429869109794,0.05588654950140393,0.05710641464739742,0.04591767350132468,0.04869001543685521,0.052255989195868185,0.05570972016768023,0.05698917199802876,0.05812793958707437,0.059488722827394445
2025-05-30,0.04720573599290953,0.048811197187548894,0.05030113012360416,0.050866735593938145,0.05188557500607232,0.05264085211401697,0.053608669657201,0.054139358082755426,0.05532787330970033,0.05588699205530832,0.05710581949773152,0.04591787723383098,0.04869093717873036,0.052189084479257006,0.05565860374326993,0.05691107751638039,0.05816282093731386,0.05951302284194998
2025-05-29,0.04721790009935596,0.049032297649388094,0.05029770793050411,0.0508737063728098,0.05188199874813625,0.05263608769702295,0.05360756912881559,0.0541367245383543,0.05532599469222326,0.05588621751253998,0.05710542806844743,0.045917705613175555,0.04886642504568097,0.052317841600630424,0.05582430336047318,0.05712729903646546,0.058391659924720424,0.05973746343967076
2025-05-28,0.04734635999543426,0.04900956336629915,0.0489076723794233,0.0508737063728098,0.05189840210559792,0.052633002782546276,0.053630817606140586,0.054140907252877284,0.05532149479876877,0.05588446987421679,0.057123453798071606,0.04591652903019365,0.048800418073516705,0.052386771806431504,0.05579343894644328,0.057234323763950705,0.058428188163452806,0.05977619887717196
2025-05-27,0.047652670655728466,0.049077853946440576,0.05030113012259957,0.0508737063728098,0.05189757662315122,0.05263826021858117,0.05360341096988357,0.05414090725287723,0.05532524449907458,0.05588132679821955,0.05710497371087239,0.04591583876531237,0.04887929657975431,0.052311151928399933,0.05570926392570286,0.057141994128603955,0.058435290002071746,0.05969278472786404
2025-05-26,0.047435291333134726,0.048931514110152244,0.05030113012360428,0.0508737063728098,0.05189816243618428,0.05263959246222029,0.05360844342789442,0.05414090725287723,0.055325593753747085,0.055886183689209085,0.05710211050275526,0.045916871925937595,0.048793267465329145,0.052225422785213464,0.05570596950974129,0.05714758411234568,0.05845480442703823,0.059705352690529866
2025-05-23,0.047429152210905594,0.04892826134676082,0.05030113012360428,0.050866735593938284,0.05189491998815554,0.05263977205529386,0.05360844342789442,0.05413935808275537,0.05532611970845182,0.05588629894085609,0.05710514261657752,0.045917077747362485,0.048670310856480416,0.05213526556499758,0.05555825726498746,0.05716365132760238,0.058494202408940384,0.05973273591940123
2025-05-22,0.04743529133313485,0.04884697748106889,0.05029770793050401,0.05087370637280989,0.051898162436184184,0.052637693961430074,0.05360879018547204,0.05413672453835428,0.05532347520686699,0.05588722899257821,0.05710522438209091,0.04591690321334545,0.048752860520845195,0.052227283093743054,0.055626648208311265,0.057232031990528766,0.05857916659311474,0.059816461880040715
2025-05-21,0.04743529133313485,0.048853461783006494,0.05037127754483488,0.05094973537791205,0.051898162436184274,0.0526344187901937,0.05360525227352087,0.05413878891570725,0.055321352257562115,0.05596480741744948,0.05718487961608524,0.045984085940395,0.04886840983333133,0.052267133160949206,0.05575081631223396,0.057381036396625375,0.05874226918384047,0.05997740332830472
2025-05-20,0.04743529133313485,0.04893151411015202,0.05039671279708588,0.05091172159791211,0.051898162436184274,0.0526395924622203,0.05356367789923581,0.05410083401903563,0.055286199654101045,0.05592188676811596,0.05714471254698675,0.045955390331964774,0.0488363780758849,0.05232381037046197,0.05574551015749823,0.05735081670978313,0.05869835225383649,0.05993804771449649
2025-05-19,0.04760326731007742,0.0489315141101518,0.05039327813987263,0.05091172159791211,0.05189770975680233,0.0526395924622203,0.053569021879721006,0.054100834019035454,0.05528592997648361,0.05592589916740895,0.057142098529202934,0.04595642884342499,0.04878133017914258,0.052356871372425784,0.055739027147380125,0.057343746136156164,0.058708038128047514,0.05994371138368564
2025-05-16,0.04759708472246847,0.0489282613467606,0.05035412690470054,0.05090474048600555,0.051894458484937456,0.05263975525429259,0.053570455001141916,0.05409930929385083,0.05528643628575707,0.055926003716781206,0.05714611910497211,0.04595664473730543,0.04875129127471472,0.05233648802114235,0.05574478790310632,0.057346793001117835,0.05870934153767815,0.059944427849184315
2025-05-15,0.04760326731007743,0.04892500915873378,0.050350698638996466,0.050911721597912137,0.05189101606584946,0.052636967425025535,0.05357077644333337,0.05409666272769003,0.055284684934981426,0.055926486241819943,0.05714618380671986,0.04595645847810709,0.048761572022731785,0.05233504606127355,0.05572071821451794,0.05737794371289775,0.0587543043364434,0.05998487408807881
2025-05-14,0.04820594610139016,0.04897053912208537,0.050376114182231015,0.050911721597912137,0.05189608575426758,0.05263335676328184,0.05356796907460201,0.05410083401903548,0.05528073268350779,0.055924411194007324,0.057146305294843686,0.04595528192638483,0.04875753145250211,0.05233292705915991,0.05576519145147836,0.057353414896070175,0.05874873995019012,0.05998192159994335
2025-05-13,0.0478799181224004,0.049038831045661986,0.05040702050351324,0.050911721597912137,0.051896964251345115,0.05263861546407149,0.05356266875637324,0.05410083401903548,0.05528548585171761,0.05592126068410125,0.05714293503310044,0.04595458958188352,0.04875380554794149,0.05232998276087857,0.05581036699823273,0.05734328540030074,0.058741064359657195,0.05997710727995266
2025-05-12,0.047593386567125334,0.048570496349694535,0.05040702050351324,0.050911721597912137,0.05189773638393313,0.05264287951521488,0.0535676862291477,0.05410083401903548,0.05528594583923618,0.05592801020007956,0.0571401021738518,0.045955626619502275,0.0487606997027092,0.05235813985423587,0.05577621232337243,0.0573918329278951,0.05873845975676811,0.059974160195737765
2025-05-09,0.04721181700249517,0.049133106913370514,0.05044552399414721,0.05098074591355885,0.051972321476445926,0.05267661949706961,0.05356699734140234,0.054097158717623245,0.05528464999253963,0.05592350863643123,0.057142666904824675,0.0459546389451213,0.048760865204056335,0.05235675583311277,0.05583710471561744,0.057380742101604224,0.05872867147549223,0.059967112765563574
2025-05-08,0.047079554021062675,0.04912982755100725,0.05044208225077877,0.05098774771291864,0.051969203585396,0.052673912461125134,0.05356731692018792,0.054094551949457725,0.05528310322191472,0.055924028399635874,0.05714273033972835,0.04595447373831903,0.04876083540603569,0.05235614190885403,0.055837607013822524,0.05738106389434606,0.058728948175855424,0.05996711415992361
2025-05-07,0.04707955402102259,0.04913638685829764,0.050438641131543,0.05098774771291931,0.05197592383614289,0.05267051268590391,0.05356510944142149,0.05409871745784917,0.05528011582065183,0.05592207752489847,0.057143242552794106,0.04595329827694976,0.04870518164925893,0.05234708806084668,0.05577865585205495,0.05733863082899063,0.05875129352665708,0.05998369675305288
2025-05-06,0.04735624135361829,0.04938025540210177,0.050445523994147354,0.05098774771291931,0.05197517699270666,0.05267417574591716,0.05356198201135802,0.05409871745784917,0.05528389992859964,0.05591793670260677,0.05714134980137634,0.04595260775169004,0.04882533243859032,0.052433544612277165,0.05594915610935085,0.05745132044316011,0.05886606080737961,0.06010126748960741
2025-05-05,0.04750445877318883,0.04938025540210155,0.05044552399414721,0.05098774771291931,0.051974776941143296,0.05267417574591708,0.053605857923834994,0.05413772987126987,0.05532305416284616,0.05596165386820168,0.05717709063299998,0.04598223437403771,0.04866477820098356,0.052539265109295165,0.055988203871949915,0.057487798562076586,0.05890246686283793,0.06013478889230294
2025-04-29,0.04730000534260612,0.048993312436134265,0.05044896636183902,0.050911721597912046,0.05211801743512951,0.052677850035275406,0.05360690180182376,0.05413984804290662,0.05531767551907855,0.05596362273148185,0.05717634576302837,0.04598157956383062,0.04864833526938431,0.05251209533511788,0.05593962418010488,0.05744152266863534,0.0591319456376371,0.06039920604685573
2025-04-28,0.04730000534260612,0.04899331243613449,0.05044896636183902,0.050911721597912046,0.0521180174351296,0.05267785003527532,0.05360690180182376,0.05413984804290662,0.055317675519078596,0.05596362273148185,0.05717969624972547,0.045982615734603736,0.04869651130708036,0.05249288607418577,0.05594375023272061,0.05745828082906097,0.059132370483620654,0.06039831531771706
2025-04-26,0.047293900852794515,0.048990051340155535,0.05044896636183902,0.05090474048600554,0.05211475006170057,0.052716715399060574,0.05360690180182376,0.054140318619029744,0.05531827521325285,0.05596241441777799,0.05721938843815155,0.04598264944561057,0.04860436148839591,0.05252199441230373,0.05591186498853839,0.05758805291299061,0.059106808132294575,0.06038037304765874
2025-04-25,0.047300005342605755,0.04898679082176761,0.05044552399414743,0.050901250883155044,0.05211125237677632,0.05271394603279533,0.053607248471467986,0.05413846529278268,0.05531662560197199,0.05596286395843053,0.057219470073331474,0.045982912333733465,0.04860460359732924,0.052521591006923794,0.0559125536538888,0.05758850589280641,0.05910718979175555,0.0603804423297563
2025-04-24,0.04746800885562513,0.04899331243613435,0.050442082250778786,0.05091172159791207,0.05211757153925969,0.05271060728437854,0.05360505619900841,0.05413566822240018,0.05531318440132195,0.055960919735865165,0.05722000001470484,0.04598264889485776,0.04881095783518457,0.05255965620278442,0.055942374806965935,0.057418896205460535,0.05904714964604577,0.060385734182393916
2025-04-23,0.04751742031438442,0.04881767231935847,0.050448966361839064,0.05091172159791207,0.052117440400571265,0.052718104551268,0.05360186630766617,0.054139848042906634,0.055317333419891805,0.05595928480893603,0.05721806177071786,0.04598146966605497,0.048466335928172524,0.05237499598384231,0.05557555466680001,0.057372288994974395,0.05916530658982307,0.06046983907156187
2025-04-22,0.04751742031438442,0.049061612749168385,0.050785869929779924,0.05113028110160562,0.05237655913813267,0.05312186244311392,0.05404770332075736,0.05443608495544484,0.055762041862537456,0.056364783721599136,0.057614288676967974,0.0463951132894696,0.049000258490182434,0.05262345016180129,0.056144144846938054,0.05790554552015455,0.05975023141480005,0.06105218974001834
2025-04-21,0.04751742031438442,0.04906161274916905,0.05078586992978214,0.05113028110160673,0.052376559138134826,0.053121862443121205,0.05404770332076814,0.05443608495544991,0.05576204186255157,0.05636478372161231,0.05761769062830226,0.04639618634726285,0.048800804737087596,0.05250266748988908,0.055996949049961706,0.05778585493272999,0.0596289878993662,0.06092612094982866
2025-04-18,0.047794113235222695,0.04927941215493337,0.05078238172693404,0.05112324043644986,0.052368992437561275,0.05311716599935493,0.05404806247746539,0.05443437921468954,0.05576054031979542,0.05636408728232899,0.05761746611143614,0.046396266946167206,0.04878101261308908,0.05250348336911751,0.05598769025054838,0.057788935312477495,0.059630238161392915,0.060926787626068284
2025-04-17,0.04751742031438499,0.04921771896830404,0.050778894160879176,0.05113028110160679,0.052376559138135034,0.053114435980598104,0.05404586479875762,0.054431855507510264,0.0557577351228092,0.05636259133102209,0.0576180407817626,0.04639612192184389,0.04875004403805362,0.05245022230595595,0.05597220342729311,0.057758665502854786,0.05964893680183969,0.06093973093541424
2025-04-16,0.047794113235221584,0.04928601159738834,0.050785869929782054,0.05113028110160679,0.05237582104993392,0.0531198188855566,0.05404258155175084,0.05443608495544992,0.055761602845199196,0.05635939970654986,0.057616066239112106,0.04639501620727209,0.04874604534221972,0.052459140750981334,0.05588374454484264,0.05777069559522367,0.05965821515190316,0.06094730343611295
2025-04-15,0.0475174203143844,0.049090883595936226,0.05070887093905397,0.051206290602831266,0.05237655913813484,0.05312159586570055,0.05401023426053354,0.05443395525563166,0.05576204186255163,0.0563646128680372,0.05761560278976953,0.04639311226967724,0.04874154498271163,0.05244456260848221,0.055989566467108516,0.05775008849620181,0.05964212616720665,0.060936608695650686
2025-04-14,0.047300005342606255,0.04902258428525484,0.05070887093905397,0.051206290602831044,0.0523771391365008,0.053199535905246606,0.054010234260533606,0.054433955255631605,0.055762386847556744,0.05636232238712192,0.05761900728087084,0.04639418167124982,0.048624702202786065,0.05249360069691341,0.056009589083706866,0.05775395922592626,0.05964653959019897,0.06093845584756444
2025-04-11,0.047300005342606255,0.04925990541622366,0.05074388804279592,0.05127521209465583,0.05237030476829161,0.05319474066476423,0.05400989858756439,0.054430244187790716,0.05576121822780181,0.05636160047212621,0.05761830776893807,0.0463931455987837,0.048593896049214116,0.05249469945767904,0.05601254607957637,0.05775501730604825,0.0596461790505915,0.06093798815872613
2025-04-10,0.047300005342606255,0.04926649965625393,0.050747370992785354,0.05128229432705011,0.05237713913650082,0.053191288516622394,0.05400698802210097,0.05442760807745548,0.055758079269454745,0.056359677755077796,0.0576183437136166,0.04639294611655762,0.048542283952779264,0.05250920710725745,0.05599101621872366,0.0577610655862503,0.059651023889868635,0.06094118537823165
2025-04-09,0.047300005342606255,0.04926649965625393,0.050747370992785354,0.05128229432705011,0.05237713913650082,0.05319731121702749,0.05400442877400903,0.054431825888600405,0.05576238684755672,0.05635683018493038,0.057616816575586004,0.04639181985445365,0.04854859368804165,0.05256141156028438,0.05598083648812593,0.05775391681962446,0.05944899768134476,0.060763608418516066
2025-04-08,0.04771506006264862,0.04906161274916853,0.05067036976852336,0.05128229432705011,0.05237603192181663,0.05319917991806576,0.05401092503376088,0.054431825888600405,0.05576172827250376,0.056362094593258444,0.05761497995554669,0.04639111150515633,0.04861703987071821,0.052563712417482,0.0559964723479643,0.05775766733988673,0.05943809963767848,0.06075654826959329
2025-04-04,0.047468008855634236,0.04877217425759567,0.050743888042798425,0.05127521209465595,0.05236985853932276,0.053199054373786143,0.05400999474627839,0.054430244187790716,0.05576095159523773,0.05636436791660266,0.057617277013340726,0.04639233579507841,0.04860422621595965,0.05233917533830951,0.05583729248856284,0.05788250831098625,0.05953140701687142,0.06083291579772782
2025-04-03,0.047468008855623106,0.04877863908175359,0.05074040572816659,0.05128229432705026,0.05237669095038729,0.05319572226315984,0.05400786048204612,0.054427608077455385,0.05575781333465645,0.056362526290695665,0.0576178433543935,0.04639213575064005,0.048562924580577656,0.052540285196573035,0.05603409499019793,0.0578839386078625,0.05947579199097677,0.06070921515312957
2025-04-02,0.04705292856875848,0.048534664038450116,0.05065995429921452,0.05128229432705015,0.05241618303924604,0.05323298300476156,0.05408488025225467,0.05450008808716874,0.05583047991558971,0.05647919367290788,0.05777471762493168,0.04649815430306226,0.047964762851265975,0.052149425448511554,0.05553456272661333,0.05777118776134465,0.05993370585458476,0.06129359731574675
2025-04-01,0.04697386078657552,0.04821257127821792,0.050656483740594276,0.05128229432705015,0.05241639414930938,0.053235923561761364,0.054090708211405755,0.05450008808716932,0.055830605549508174,0.05648518024369428,0.057772352480288065,0.04649744030279683,0.04810519909226914,0.05209099420278164,0.05558779154864532,0.05774253114531942,0.05992545174597567,0.061288433408919055
2025-03-31,0.0470529285687613,0.04840778522082218,0.050670369768523404,0.05128229432705015,0.05241618303924622,0.053234141291082004,0.05408862882788611,0.05450008808716932,0.05583047991559031,0.05648403787798266,0.05777451673888489,0.046498516548799974,0.04804003360506955,0.05204769204726533,0.055530552755395875,0.057766382192044656,0.05994603988669491,0.061301640622296295
2025-03-28,0.04701422898375795,0.04791347446837277,0.050666897312985015,0.05134169239360832,0.05241426839229111,0.05323872548291492,0.054089234925657315,0.054496725544207945,0.055832265103241976,0.056487376385075234,0.05777493181353921,0.04649767353884709,0.048163866154682836,0.052201974295484226,0.05551819824734466,0.05775946274373641,0.059924749660672766,0.0612863627346202
2025-03-27,0.04702026136775489,0.04791035524590378,0.05066342548994702,0.051348792847482456,0.052410778595561355,0.05323580650496627,0.05408727216323292,0.05449399497234395,0.05583051916351394,0.05648787033062999,0.0577757988417089,0.04649741863420769,0.04816378230123217,0.05221235726820279,0.055589235765901794,0.0577052356734788,0.05992439214175197,0.06128588805439527
2025-03-26,0.046723784808759355,0.04791659423138937,0.05067036976852353,0.051348792847482456,0.05241842482681327,0.05323254193824155,0.05408349141962411,0.05449822269804099,0.05582789900869196,0.05648606356170444,0.05777347233451458,0.04649629673307085,0.048252505184563275,0.05221388419143756,0.05563879027491261,0.05771411737692044,0.05990241156396102,0.06127145541709881
2025-03-25,0.046723784808759355,0.04784826366140291,0.050670369768523384,0.051348792847482456,0.05241842482681327,0.05323923535443072,0.05408862882788608,0.05449822269804099,0.05583221885985168,0.05648359649880499,0.05777061778032195,0.04649558443738124,0.048197263001469766,0.052192946596434815,0.05560569512543909,0.057736613476147815,0.05990646386272574,0.06127498982118899
2025-03-24,0.046723784808759355,0.048121571820152885,0.0506029900326019,0.051348792847482456,0.05241842482681327,0.05323671688838774,0.05408983960254985,0.05449822269804099,0.05583221885985168,0.0564860880033424,0.05777534591516453,0.046496657291165415,0.048204194823093245,0.05218802836513677,0.05556323933708063,0.057681946133556955,0.059935925612855524,0.061294475711854896
2025-03-21,0.04671782810236986,0.048235530687769756,0.05059952674738446,0.05134169239360821,0.052415110718748,0.05323582055612043,0.05409036866504117,0.05449676702212013,0.055832768326609335,0.056485513065029594,0.05777570823371311,0.0464968849241422,0.048153596170537716,0.05187211004678202,0.05550712204310453,0.057631598239628316,0.059995108546794323,0.06133609123718491
2025-03-20,0.04672378480875984,0.048320182482089184,0.050596064092171135,0.05134879284748239,0.05241158243185921,0.05323217533668824,0.05408829260663299,0.054493994972343925,0.05583100017481363,0.05648553500092933,0.057776500763366316,0.04649660636954875,0.048040204886400255,0.05184737009471314,0.05551802774587699,0.05763927102311997,0.060001336007709856,0.06134026701982066
2025-03-19,0.046723784808759404,0.04857049634971209,0.050602990032601776,0.05134879284748239,0.05241842482681323,0.05322653906992707,0.05408469842240418,0.054498222698041054,0.055827899008691916,0.056482198099493994,0.057774306830285276,0.0464954859323018,0.04803622389171582,0.05184521284689804,0.055514585043780984,0.05767740607736722,0.06012050027579195,0.06127845472089552
2025-03-18,0.046723784808759404,0.049380255402020824,0.05067036976852347,0.051424785742183406,0.05241842482681323,0.053225123035985214,0.054088628827886,0.054496091137023285,0.055832218859851776,0.05647456414111636,0.05777061778032199,0.046493579417948405,0.04812443878631385,0.05185640302502958,0.0554197740508341,0.057685279009329696,0.06006118940985831,0.06122527427064931
2025-03-17,0.04734635999545348,0.050072678634501745,0.0507473709927864,0.051424785742183406,0.05241672952332613,0.05315110402085253,0.054087245239075744,0.054496091137023285,0.0558312089732111,0.0564769219682126,0.05777356921424636,0.04649464860851728,0.048244675823645326,0.05201862518501022,0.05547083134532779,0.057603916420014625,0.06005468748707589,0.061219348852355734
2025-03-14,0.046846271262190244,0.050030274984992205,0.050820874290648486,0.05141766443707797,0.052414861211633516,0.05315181547648233,0.054086080674969846,0.05449454941267534,0.05583259261882769,0.05647737895688304,0.05777277168467001,0.046494826839215464,0.04829707199871189,0.052256153682341114,0.05553841301801178,0.05759271603891404,0.060015330756571755,0.061191456784032386
2025-03-13,0.04685226070450001,0.05010486006101937,0.05100018083493698,0.05150077286240323,0.052516769844455496,0.05329338972783154,0.05408049858962448,0.054489743830288075,0.05590616345731935,0.056621396835516716,0.05796115450379251,0.046721928889310434,0.048562978345756576,0.052389147158160745,0.05567611611404724,0.05774691713923697,0.060288186643849,0.061452942805102585
2025-03-12,0.04685226070450001,0.05011168120306659,0.05100721714913485,0.05150077286240323,0.052523639062342455,0.05328968404688178,0.05407745828185102,0.05449395990902074,0.05590308751388727,0.0566192725977517,0.057959287204420847,0.046720789620268065,0.04850743871242397,0.05239109875100082,0.05559213857893827,0.057680840095290085,0.06032145111308501,0.06147747693959583
2025-03-11,0.04632844826330334,0.050257934005978486,0.051007217149134705,0.05142478574218343,0.052525068560347096,0.053294345707570294,0.05408257683655752,0.0544960911370233,0.05590826715945915,0.05661557479570437,0.05795646644457157,0.046721264538287184,0.048504448139890924,0.05245483548231983,0.055642385247794385,0.057758289978558516,0.06028297098685344,0.061451106323290955
2025-03-10,0.0463284482633051,0.049702115980884184,0.05108419883437005,0.05142478574218343,0.05252506856034718,0.05322215956137727,0.05404234781416047,0.0544960911370233,0.055908267159459145,0.05662567229270844,0.057960925707232464,0.046722365572093534,0.04853199641578544,0.05252546217384958,0.05559026762579718,0.05771031977878586,0.060303566752003976,0.061464209522061095
2025-03-07,0.046619022780519916,0.0496987603953,0.05108066979459343,0.05141766443707781,0.05252102413205714,0.053222502038045176,0.05404268374052423,0.05449438947858516,0.05590840240034645,0.056625892589996445,0.05796115676220669,0.046722469443108296,0.04851222723529127,0.05239404820851832,0.05557161311997624,0.057741522658268304,0.060313046659362296,0.06147063423742286
2025-03-06,0.0470202613677546,0.05002687528588036,0.05136570350584013,0.05146278002404856,0.052593060877388846,0.05321676226784281,0.05403527993508927,0.054490806491267474,0.05590351853449779,0.056624472547093165,0.05795825279875418,0.04672174723519638,0.04873866433871492,0.05280520157868037,0.05572631425937011,0.05794358572722527,0.06017205211521196,0.06134996534658136
2025-03-05,0.049588797245914765,0.05035542988445908,0.05170950956573182,0.05186163285264436,0.05285195674724754,0.05344200051901762,0.054249316409015785,0.0546398209129589,0.05603558392212929,0.05677111399970708,0.05809361945424288,0.04686830073026917,0.048781371907709,0.05346026443740932,0.056186232895384616,0.05834765995483105,0.06025285022039015,0.06138946859715287
2025-03-04,0.05037878154623503,0.050764860255828485,0.051824919339668346,0.05186163285264436,0.052849788494078426,0.05344425639672721,0.05425235974949611,0.0546398209129589,0.05603862320195269,0.05676597318073469,0.05808935447291267,0.04686757279340193,0.049169544844525945,0.05399008313395968,0.05670809858518057,0.0586334297921909,0.06042038111364032,0.061395167344831206
2025-03-03,0.05047751852445633,0.05076486025582826,0.051892237073789156,0.05193758678661986,0.052849517523552055,0.05344425639672721,0.05425114692622346,0.054637685163191195,0.05603846256266427,0.056770092101990174,0.05809245220149266,0.046867467783828436,0.04929962506676874,0.053974594461851676,0.05684957147504987,0.05884990547797767,0.060236858296432765,0.061545132094896114
2025-02-28,0.05068549646017934,0.05060958426190258,0.05213998058105167,0.05185439110107051,0.05276858224299947,0.05329178594486079,0.054166389624943044,0.05455976313684023,0.055968373862305215,0.056692116272256975,0.058012199202920126,0.04679212552237599,0.04945111227842215,0.0540553130800472,0.05686015272714019,0.05879457187469026,0.06010327050830483,0.06142675152541286
2025-02-27,0.050586723557884385,0.0506095842618999,0.05213998058105968,0.05193758678662069,0.05276883719587469,0.0532917859448461,0.054171493522483724,0.05455549858846098,0.055968524600477285,0.056696243456407246,0.05800933536248815,0.046790375328928956,0.04945700272555571,0.054029878136835345,0.056858189315732714,0.05884754944526838,0.060104404123105,0.06132428306802222
2025-02-26,0.051060811794999834,0.051097133069246174,0.05213998058105968,0.051937586786619916,0.05276761353478991,0.05328741469808413,0.054171493522483724,0.05455969831108894,0.05596780112391052,0.056693438159888,0.058013256176814555,0.046789265915793125,0.04953583557837907,0.054119808302322644,0.05709196527409395,0.05916825016415799,0.05999128092599244,0.06125219914165801
2025-02-25,0.051304120235797356,0.051340863276898095,0.05213998058105968,0.052231853802841094,0.05276698663319948,0.05328522987785503,0.054171493522483724,0.054551437894349485,0.0559674304750591,0.05669203602754654,0.058013256176814555,0.04678567926919105,0.049540198089238825,0.054178659707903996,0.05717195757608483,0.0591363395019295,0.059980946720404146,0.0612455220589659
2025-02-24,0.05130053009272832,0.05127879881237083,0.05213998058105968,0.05223185380283499,0.05284023960432898,0.0533630538045272,0.054171493522483724,0.05455143789434942,0.05596531357569159,0.05668969124650968,0.058013256176814555,0.04678556251398469,0.04951895789543148,0.054169634556904864,0.057150188747521695,0.059171292803123686,0.059979368473551425,0.06124330646719213
2025-02-21,0.0514262174102879,0.05139935414363259,0.05234193341129789,0.05222450919797255,0.052843383911566295,0.05336197371490261,0.054162810370293045,0.054549487561129595,0.055964796273459905,0.056684887873620325,0.058009678999132404,0.046785489658223066,0.04956104167808137,0.05429773627817431,0.05717089516217595,0.05915193160483608,0.05996448623883241,0.06123270076062844
2025-02-20,0.051554595438327314,0.051340863276897054,0.05234193341129611,0.052220837923702426,0.0528430521141344,0.05336249878311837,0.05416790304760382,0.05454746204154124,0.05596460041196951,0.056689335621435584,0.05800687767777277,0.046785004490588235,0.04955739824721515,0.0542404845626351,0.057197799538675397,0.05913577221210086,0.05996608003438313,0.06114923121512553
2025-02-19,0.052048319636248654,0.05146759134399929,0.052582313680084175,0.052217167334585986,0.05284177616500568,0.05336136117433399,0.05416363011601646,0.0545514230761273,0.0559638472136089,0.056688606708701135,0.05800786293363217,0.04678378143821883,0.04966715566686802,0.0542723588755544,0.05726766882272222,0.05910954593907476,0.05979967366056743,0.061027489796260624
2025-02-18,0.051797804860390234,0.051467591343999516,0.052582313680093085,0.05221349743040761,0.0528424141820285,0.05336136117433406,0.05416363011601643,0.05455141951693242,0.05596422383784308,0.056688606708701135,0.058007862933632234,0.046784851608153835,0.049674498031721186,0.05423375336882032,0.05726445304957586,0.05910479284933171,0.05981026367958076,0.06103541537992324
2025-02-17,0.05215938169633693,0.05120081689882537,0.052649612411365385,0.052171894861401426,0.05283797179362098,0.05336366146477139,0.05416243397618647,0.05455229986577575,0.055964009081256476,0.056690080599476896,0.058007042542493385,0.0467852324247894,0.04949863063726804,0.05422666851185264,0.05726576019300369,0.059090723288058235,0.059826996043764874,0.06104602366837605
2025-02-14,0.0520680673679097,0.051204377989865456,0.052582313680093015,0.05216090715064254,0.052841725133472274,0.053363724062354935,0.054158550791616786,0.05455028777022553,0.055963817089472845,0.05668600693654679,0.0580067458930728,0.0467851270793869,0.0494993799093354,0.05367105764041778,0.0573544465214712,0.05926608456488516,0.05990327277518108,0.06109333638530306
2025-02-13,0.0520680673679097,0.051204377989865456,0.052582313680093015,0.05219388873069673,0.052841725133472274,0.05336372406235486,0.05416363011601643,0.054548323409157586,0.055963817089472845,0.0566901207083304,0.05800395285212813,0.04678467923538853,0.04970235155717642,0.053818453766917226,0.057427929918425547,0.05941229398023079,0.05990081529699336,0.06121210991020886
2025-02-12,0.052265539454728505,0.051204377989865456,0.05282265073838728,0.05215592221715714,0.0528412148453455,0.05336372406235486,0.05415935875238281,0.05455356913635626,0.055963515864179095,0.0566901207083304,0.05800493335295052,0.04678417641451498,0.049936631208989356,0.05372993506047404,0.05751504205003154,0.059756654224780506,0.0595278953448801,0.06063173461360584
2025-02-11,0.05236053203652507,0.051204377989865456,0.05269768085978773,0.05215592221715714,0.0528409365542656,0.05336372406235486,0.054161579665844846,0.05455356913635621,0.05596335158775313,0.0566901207083304,0.05800645660051733,0.04678524929589591,0.04987163911673598,0.053288332993028945,0.057478319479898704,0.05940680140159371,0.05961426117845617,0.06084695434727506
2025-02-10,0.05235679285189389,0.051337283257680374,0.0523611654233559,0.05215592221715714,0.05283745934476291,0.05336243034768316,0.05416756115535584,0.05455356913635621,0.05596369449437722,0.05668929177203538,0.058010559099155805,0.046785132545841525,0.049726360126150844,0.0530685324838446,0.05751344896373479,0.059529037742036044,0.05957707072178941,0.060876681099565684
2025-02-07,0.05187058577220992,0.05101913318084051,0.052361165423312414,0.05203472225170187,0.052727166300904744,0.05324947627802888,0.054055727638991524,0.05443772267156746,0.055849693752929024,0.05665142226503398,0.057983514341882605,0.04679049635776548,0.049431033884054086,0.052906234481346466,0.05713521287092942,0.05914505595531549,0.05978596785799592,0.060917319420063065
2025-02-06,0.05187058577220946,0.050853373399952426,0.05229385217090839,0.05204201402703523,0.052727166300904744,0.05325096125707881,0.05406198831309427,0.0544356275517121,0.05584969375292892,0.056656491585220854,0.05798152815044155,0.046789961478061984,0.04947901436220291,0.053076823956074395,0.05721726673209132,0.05932471339473027,0.05976493053442364,0.06091476952862866
2025-02-05,0.05196932775872689,0.051048383492547166,0.052216918589571996,0.05204201402703512,0.05272691170001156,0.05324921424858519,0.05406335325758143,0.05443979363092666,0.05584954344184352,0.05665537037290006,0.05798638449481028,0.04678886043683713,0.049289408943878905,0.051976474153209155,0.056990405255504493,0.059159177027103264,0.05997498760397223,0.061062002349756304
2025-02-04,0.05233091676326649,0.05098013210523744,0.05221691858957185,0.05219388873069677,0.052879360859414484,0.053404373231069446,0.054208951317931534,0.054591491428373794,0.05600153204197276,0.056809150969408494,0.05813081764664885,0.0469316233977155,0.04958378549498247,0.0523116894114709,0.05726504869468034,0.059352774734133834,0.060190546868829915,0.06128334316134665
2025-02-03,0.05199157457449845,0.05097660200526768,0.05221691858957185,0.05219388873069677,0.05287675005215876,0.05340430473094309,0.054208951317931596,0.05459149142837391,0.05600239159759418,0.05680910701457649,0.05813081764664893,0.04693150628443831,0.04962451000617331,0.05206690990548008,0.057289665110258584,0.05938563674524604,0.06020133017031425,0.06128972740719037
2025-01-24,0.05265667287531594,0.050755861281396246,0.05226500259668528,0.05196828826347717,0.052879693912761275,0.053406388525670416,0.0542029896932132,0.054595551402701656,0.05599779468761393,0.05680630152537361,0.05812910184770965,0.04693402952527183,0.049534517465451296,0.05192038770127893,0.05707468718600469,0.059200920369850855,0.060280727683622824,0.061381117103988546
2025-01-23,0.05265667287529027,0.05093137969999184,0.05245732133397955,0.05193758678661999,0.052879693912761254,0.053404811299944246,0.054204674360110165,0.054594483405145465,0.05600210317810663,0.056809432067348294,0.0581239437668154,0.046934090976672116,0.04957254840093786,0.05184976610037693,0.05710076061197696,0.0591703767883116,0.060285391523990595,0.061469190903020485
2025-01-22,0.05285408808819973,0.05049255500623894,0.052649612411366196,0.05215592221715852,0.052879173074338814,0.053408754886122824,0.05420125392401005,0.05459255789492059,0.056001795433580866,0.05681196256944498,0.058125530646547297,0.04692950023462448,0.04966984047441623,0.051968816409232656,0.057281032658728054,0.059552162816887945,0.05978541520490381,0.06107716340252799
2025-01-21,0.05324888968720182,0.05109713306934925,0.05293799718258542,0.05219388873069716,0.052839776358757085,0.053364686899695896,0.05415730905452297,0.054552503473760644,0.05596303994521897,0.05677013130300371,0.058083499580035766,0.04690141471983319,0.04973076806210412,0.05178512886418295,0.05754587473894757,0.059701924118795886,0.0597993710509241,0.06118709325570448
2025-01-20,0.05324502283489398,0.051093586816345335,0.05293799718255484,0.05233625031988267,0.05294519830971748,0.05347075082042509,0.05427375642308786,0.054665463060139426,0.05610725591857871,0.056835764924393115,0.058079064017313865,0.04681585211716459,0.049761493701603925,0.05240934257273572,0.05746039758221855,0.059599128520912266,0.05951721140035202,0.060939164347457574
2025-01-17,0.053248889687187426,0.05109713306924627,0.05274574758009538,0.05211064137624744,0.05276306274329005,0.05328741469808913,0.054155655170990365,0.054552370546623326,0.05596118322265032,0.05676869741525527,0.05808478285790973,0.0469022605045784,0.04991763157547778,0.05243988006017055,0.057556556237888995,0.05948538974962572,0.05964404090934478,0.06105240649432381
2025-01-16,0.053248889687187426,0.05134086327690088,0.052745747580088105,0.052117954262106796,0.05276306274328337,0.053285229877854924,0.054160725418204735,0.05455044899402481,0.05596548965896649,0.056771431642819004,0.05808192277074884,0.04690183382507826,0.04987268444473146,0.0524854178846229,0.05764767569873616,0.05957278502127319,0.059599242273368894,0.06102078214693528
2025-01-15,0.05344627607513659,0.051097133069246056,0.052745747580088105,0.0518616328526444,0.052685826084064934,0.053287414698084214,0.054160725418204735,0.05456183084305478,0.05596763227165461,0.05677283588122039,0.05808584624033174,0.04690478841165938,0.0501402936678489,0.052672159657962875,0.057775527775839434,0.059661981159730856,0.05975745224011448,0.061178438897488405
2025-01-14,0.05381141556854382,0.051097133069246056,0.0526496124113663,0.051757186772839366,0.05268486655991428,0.053210139703528135,0.054084793155644496,0.05456476361838545,0.05596706350115988,0.05677554088811298,0.05808997775695536,0.046907543180141086,0.050376331616866436,0.05280344489916175,0.057809833998891905,0.0597423857065771,0.05970745199332964,0.06112279210120487
2025-01-13,0.05363972858748228,0.0501672701780435,0.05221691858957195,0.05160524572567193,0.0525413628911337,0.05307320251049065,0.05409247321619377,0.054569030597983445,0.055971866362152636,0.056785754145694166,0.05809526148675955,0.04690984416992459,0.05038762230447594,0.05279313090060712,0.05773860733570792,0.05967655064051768,0.059594795391021575,0.06095235528461798
2025-01-10,0.053811415568538225,0.05017068952936927,0.05197647261104181,0.05152926654393123,0.05246428490667411,0.05299621717340709,0.05394606812975897,0.05456905143655765,0.055969782069570866,0.05678448799735307,0.05810273198382645,0.0469109866182826,0.05028573637269091,0.05327446091464272,0.05787466994026738,0.0594034020331351,0.059273245833789186,0.060833049769195055
2025-01-09,0.05347588320474928,0.05036576564795525,0.051976472611041366,0.05152926654393112,0.0524651628114717,0.05299447787258275,0.05395112854189108,0.05456693353651011,0.05597463225117472,0.0567875363037795,0.05809978799248002,0.04691052783748154,0.04986844476461669,0.05279875156098304,0.0575926602793588,0.059514367846482716,0.05954823434690131,0.06114415138676033
2025-01-08,0.04912131406278156,0.05075586128135084,0.05168788034585775,0.05152926654393112,0.05247656301655325,0.05299100029378142,0.0539562388285859,0.05457116458776297,0.05598142081975535,0.056785287313915855,0.05810727336696368,0.04690925024869962,0.04981287443113162,0.05259061392793827,0.05756907326302907,0.05941722890291963,0.0595186824845838,0.06102475800818968
2025-01-07,0.04816959452906466,0.05065834444735487,0.051591669079579905,0.051500772862403295,0.052450346151621356,0.05296288547946923,0.053919106602035256,0.05453296237068247,0.05594448737219308,0.056747154660186816,0.05806992287243029,0.04687229119787635,0.04987503965529667,0.052682506650221964,0.05753738750416508,0.05944441548608886,0.059447086678552995,0.061046818729865046
2025-01-06,0.04816642898538785,0.050654858584230696,0.05159166907957872,0.051500772862403295,0.052450426833155005,0.052963162869352855,0.05391910660203481,0.054532962370681996,0.055944535409006915,0.056747334024431204,0.05806992287242965,0.04687217424082795,0.04976074608575855,0.052559741688181,0.05751097283889887,0.05941592500504589,0.05954527502837332,0.06104295957694443
2025-01-03,0.0482122881164055,0.05024872224136042,0.0516878803458553,0.05152211652192649,0.05245016194651342,0.05296653525339915,0.053912336705262597,0.05453015533027779,0.05594003559325707,0.05674534903038648,0.05806772852893284,0.04687171000027809,0.049781951304232436,0.05241342498646921,0.05753984824031856,0.05932761260186319,0.059445944398388864,0.06111698603600227
2025-01-02,0.05248886238832555,0.05024872224133311,0.051687880345854115,0.051518542498672534,0.05243896962380228,0.052966535253399165,0.053917403957749785,0.05452809066119579,0.055937713927954436,0.05674951465639833,0.058064787584136454,0.04687127971884315,0.04972668330818619,0.0523937786299115,0.05760286049614422,0.059140415751694,0.059483966858766044,0.060891054262170556
2024-12-31,0.05282608012502847,0.05024948076985987,0.051880801344392026,0.05150115837897173,0.052438406675061146,0.0529668003047428,0.05391423030753595,0.054533166477151354,0.05593737765807151,0.056749684858136806,0.058066556728477596,0.046871706418474025,0.049761429217995326,0.052339114141858815,0.05747591733880302,0.05910135643589326,0.059589008462894354,0.06097841388969731
2024-12-30,0.05282384285766854,0.05024680093084697,0.0518776772231743,0.05150154390131185,0.05243865754825808,0.052966887357243565,0.05391330709299614,0.054533370585148636,0.055937525926650966,0.05675017334462478,0.05806633970621988,0.046871823373187016,0.04976089929969491,0.05227354004407476,0.057410717628165006,0.059053564882374954,0.059686641110869874,0.06097386346363612
2024-12-27,0.052664666904874494,0.0502490640623918,0.051612279699660576,0.05195124014105471,0.05232499222185054,0.0529230873261352,0.0537322666111799,0.05441229024684568,0.05581961562561639,0.056671186332140515,0.05807791675639037,0.04686886483569869,0.04991464171226501,0.05239028104409931,0.057664688582563184,0.05914661719202073,0.059785256853054,0.061079444597299776
2024-12-26,0.05299205529265594,0.050249818484876904,0.0518605091772518,0.05195890802731039,0.052324456392184464,0.052929292971490675,0.05372509085188165,0.054409994644257394,0.05582360571821564,0.05666862684497793,0.05807309318963771,0.04686833499969547,0.04991095546410593,0.05238864574533426,0.05764933300541273,0.05914661017093405,0.05978522958680858,0.06107925803510619
2024-12-25,0.05299366437944818,0.050250572930015745,0.05186102634977576,0.051959296990786524,0.05232477060977858,0.052929557360176696,0.05373032803218141,0.05441436795946244,0.0558237917268381,0.056672946199405834,0.058070429393514526,0.04686711998148291,0.04999987647624773,0.052378166412834035,0.05764102695144302,0.059140397426118534,0.059780697286805885,0.061161348710812746
2024-12-24,0.052995273563960235,0.050007468932631055,0.05186154353261444,0.051959685960086203,0.05232508483114628,0.05293201315793905,0.05373055778053314,0.0544145716273915,0.05582397773670017,0.05667453302184456,0.058074555149383915,0.04686867849091556,0.050007561035628395,0.052383960895319,0.05760881268403977,0.05915054439743802,0.059788748345833975,0.061167549811980235
2024-12-23,0.05299289431636843,0.050252081888259144,0.05186206072576859,0.05212146570152071,0.05232533088518521,0.05285277753029762,0.05373078753084966,0.05425429626427747,0.055755213655143174,0.05644763334269493,0.05788466958122861,0.04671219335853538,0.0499031026244366,0.05222487583381801,0.057315359728115314,0.05886793056243497,0.059688501986784506,0.06104737210779706
2024-12-20,0.05284372732136116,0.05001047238421851,0.0516158566467091,0.05211529722983554,0.05225000396917044,0.05277252439442242,0.05358832153821987,0.05410715522231789,0.055596718512655734,0.056450780758606545,0.05789456370525407,0.046717700534232805,0.05007270954748659,0.052465817461274517,0.057836262320699085,0.05887427011679553,0.05997620337950663,0.06105389876217778
2024-12-19,0.05102801917469782,0.05001122330348712,0.05138307071006474,0.052123026493145125,0.051736826055231354,0.05225674790298337,0.052987553063029304,0.05357854897162366,0.05524623272157801,0.056158640421359825,0.05764823766868453,0.04643559182628954,0.04955744389536905,0.05226251035670492,0.05784021423147998,0.05919972690395543,0.059408646853555486,0.06080526903863583
2024-12-18,0.05102956895355732,0.0500119742453068,0.050180163443380915,0.052123416705657,0.051449146394241224,0.05196697627632406,0.052867936061763536,0.05358273134679699,0.05525549510788148,0.05617295072332364,0.057665814180801245,0.04643446458419081,0.04898528146365258,0.05160065843006172,0.05729963807519005,0.05907263307444852,0.059597349887973196,0.061288960769632375
2024-12-17,0.05119906708257793,0.050012725209678095,0.05018066389884436,0.05243703462034988,0.05151622771093761,0.05203491399892505,0.05293618122912504,0.053652273205293685,0.05533208734548674,0.05625022976739862,0.057747449677587236,0.04649816860231341,0.04899494532001266,0.05161033163749321,0.057139615379888334,0.05899120370247156,0.05974490069509604,0.06115759534033274
2024-12-16,0.05119677477025782,0.05001347619660249,0.050181164364236024,0.052437427189397,0.05151651358271981,0.052035173931748384,0.05293640758947514,0.05365247402677355,0.05533225762372071,0.056250398294264835,0.0577476068357184,0.04649828462900873,0.04900476082621496,0.05164283186643179,0.05721964034724659,0.05912449887787439,0.05969247699484483,0.061119578998328754
2024-12-13,0.05120528792240712,0.05001572929270246,0.05069568071639607,0.05140594339915171,0.05151746525626268,0.05203021445700681,0.05292593640426601,0.05367996961775023,0.05532855517863543,0.05624942041497741,0.05774244878859998,0.046515486958809756,0.04911945782739755,0.05165256854423709,0.05718409542021846,0.059116071944851245,0.05968367268604939,0.061194880800431
2024-12-12,0.05137481018046185,0.0501335572269298,0.05090539180338437,0.0514134852655691,0.051517343425757645,0.05203518025461367,0.05291982198810171,0.05367751225907587,0.055332750639869845,0.056246272480307634,0.05773831866389558,0.0465148505274531,0.049208701630339025,0.05185229664900171,0.05728431363326934,0.05908184679631013,0.0597573232470534,0.06143797118593501
2024-12-11,0.05158385594281134,0.04989038859199298,0.050703713830395354,0.05093873610519278,0.05129629417262648,0.051747513996633715,0.052704996726768455,0.05339251802980219,0.05495547560904808,0.056033565562832136,0.057746510123810976,0.04653058006863698,0.048544455052757764,0.0519430454086883,0.057108819639485324,0.05911066805694573,0.05880172885555077,0.06199546972532999
2024-12-10,0.050597273557211025,0.049774043199106874,0.050376802951432424,0.05022598752618056,0.05103983706381642,0.05144900268414076,0.05248741770691784,0.053226909043452474,0.05485694766013118,0.05596529480136343,0.05768304697479001,0.04647964221677952,0.04811238575461189,0.05148937086682822,0.05697723308336118,0.05901802064024502,0.05882550597660616,0.06199394154212599
2024-12-09,0.05059493230184961,0.04950153923801252,0.05037730540804994,0.050112214714866876,0.05104012290517685,0.05152901896491292,0.05248764215503956,0.05323023294332963,0.05485711804101204,0.055964357220461544,0.057683203960665175,0.046481559451912915,0.04815424303529891,0.051520321971411896,0.0569834578039627,0.05906831383305418,0.058872282654591934,0.06203908681429293
2024-12-06,0.05060342258480491,0.04965016543127763,0.05017926367364654,0.05010652275078043,0.05104106321663113,0.05152287987490835,0.05248955647338323,0.05322894950056732,0.054853475300649324,0.05596251823667135,0.05768674348694816,0.04648230910423332,0.04795942931574509,0.05154557089810247,0.05700883355687968,0.058936435690005964,0.0589104273622646,0.06206752450689352
2024-12-05,0.05035784758491424,0.04965091109720076,0.05018667014246613,0.05011371549621353,0.051041998102254266,0.051528769377196734,0.05248705468141736,0.0532269771685587,0.054858238710233105,0.055960082903749424,0.05768513570360152,0.04648191382708577,0.04793536179953271,0.05147962173684574,0.05696579136814026,0.05897659360650948,0.05897769263650071,0.06212908548395775
2024-12-04,0.05085360261347507,0.04891954832196878,0.05070725402735965,0.050266291971245144,0.05097381488177958,0.051535425056765935,0.052483097169170094,0.05322706306144841,0.054859771537998044,0.05596855576219047,0.05767599157466601,0.046478241755789296,0.04792988409827818,0.051464378173253104,0.056939449160848234,0.05897914309559147,0.058979845371075576,0.06204481144274896
2024-12-03,0.05085514779906101,0.049408392358551434,0.050544050142076496,0.05026666832581282,0.05097412102897843,0.05153141645782153,0.05248615488914155,0.0532272623010659,0.05485995434845062,0.05596592317216374,0.05768214634327709,0.04647985377348332,0.047618005388392524,0.051297125754042064,0.05662303972723116,0.05886083674648096,0.059225391664143076,0.06157780454505667
2024-12-02,0.050852658941425564,0.049575067041307395,0.05022323825685824,0.05026704468601281,0.05097440177790459,0.051530223907074596,0.052489653287200205,0.053227461542175024,0.054860121895293094,0.05596513907117411,0.05768679480006067,0.04647996975854543,0.04747341988204042,0.05094613450458674,0.056394588588728874,0.05863445134586163,0.059096379504449875,0.06179880998302826
2024-11-29,0.05105491757038882,0.04990289875778418,0.0502316801027223,0.05026130057461386,0.050969386344935426,0.05152844416048269,0.0524815220756932,0.05322624424031369,0.05486000515640469,0.05595938385002441,0.057687220057465995,0.046480765937979604,0.0474538479425567,0.05088097550248624,0.056465882157515454,0.058779530578834005,0.059054081582465515,0.061724336661741284
2024-11-28,0.05105233312417514,0.049903652441359615,0.050386328722338725,0.05026855018317444,0.05097068924393057,0.05152870205802196,0.05249120397165985,0.05322421321403916,0.054861192058923286,0.055963660050740986,0.05768118310863268,0.04648030438494162,0.047450374773337245,0.050879335001902753,0.056462519252126545,0.05877713557907894,0.059052233532547696,0.06172283656468487
2024-11-27,0.05171592620114053,0.05014841265176343,0.05045426701797479,0.05019282484528092,0.05097570420626523,0.051526847927046114,0.05249026828137228,0.05323054072962899,0.05485754877689105,0.05596244260687063,0.05768453508033728,0.04648025069433431,0.0474473894892568,0.05087702308866637,0.056352070408195724,0.058645002471002475,0.059104646876163444,0.06184891895226168
2024-11-26,0.051598887649677176,0.04990515987686665,0.05071484487674952,0.05011709258293095,0.050899465558607145,0.051451848043382736,0.05241800220276248,0.05315475473006874,0.0547857110590795,0.05589712740636466,0.05760402404974193,0.04640593724409546,0.047378324809630085,0.050805859970948455,0.056278120290431125,0.05857008532152908,0.05902928276462189,0.061770817456437234
2024-11-25,0.05135336954115498,0.04990237877174778,0.04971330312815952,0.04975587262156746,0.05082355892467277,0.05137462393347675,0.05243545090930397,0.053164838529029305,0.05478869231679818,0.05589989107065319,0.057616325543413685,0.04633215963363186,0.04730291417013613,0.05078526958313869,0.056339378397526875,0.058668055722063746,0.05868294049337496,0.061714485483667966
2024-11-22,0.05006481844618192,0.05015219995292034,0.04971479634898366,0.04975024047510309,0.05075740638508883,0.051296024772410714,0.05243612469051901,0.053163607558362164,0.05479384897987301,0.05589763913464041,0.05761478914852906,0.04633293351947449,0.04732449311261601,0.05077180504933493,0.05634165662189581,0.058653916274075464,0.05868596116143631,0.06171665186075269
2024-11-21,0.049748128644975784,0.0499089288640942,0.04971529410919227,0.04975736288724131,0.050678466910677414,0.05129838372650902,0.052436349288105394,0.05316156377940638,0.05479520007873762,0.055903300984893003,0.05761293406377492,0.046332488116113936,0.047176959657508455,0.050726366772953266,0.056353272835395006,0.05866217707374871,0.05869219554281224,0.06172117382046057
2024-11-20,0.049749607923257964,0.049519169647655265,0.050072394150585085,0.04975773546760876,0.05067556444342236,0.05130200510866493,0.05243044290193642,0.05316583361094437,0.054793662573242675,0.055905683509915274,0.05761278753528513,0.04633124400629895,0.04714238098651005,0.05071487680896899,0.05629373363713269,0.05865982626269621,0.0587044530623406,0.06173124610410289
2024-11-19,0.05057172051147145,0.05015447260823636,0.05140210096279288,0.050072146532232374,0.050891417670397836,0.051451541903037454,0.05247583164967433,0.05315744783026324,0.05479010696541832,0.05589691746186891,0.05759427140710158,0.04640749724391509,0.04721461737398844,0.0507863197741995,0.05626831599747851,0.058612085490968864,0.05883912752925803,0.061898540922699405
2024-11-18,0.05172976714717457,0.04990762628784248,0.0503913737119299,0.050234261616952845,0.05080865880700461,0.05145376409866508,0.05249345233560118,0.053231292548481704,0.054869646927266716,0.05596791457445581,0.05768676782678629,0.04648219396568101,0.04731008559925908,0.050872024618795246,0.05634286714355879,0.05870361093228623,0.05891282801531818,0.06197509286120036
2024-11-15,0.05139945643296477,0.05040152436006361,0.049718280879855414,0.04991458521524283,0.05073352414711095,0.05137309337712548,0.052432841008123524,0.05316067655068695,0.05479543264713215,0.05589476795659377,0.057616921847719826,0.04641084699639666,0.04722692841977114,0.05078605249285509,0.056270641689635116,0.05862724703625007,0.05883618042010248,0.061894968792886605
2024-11-14,0.04515713985320354,0.050695076682999815,0.049718778709760526,0.04928394943688255,0.05029544886396636,0.05107100248418221,0.05228239199955216,0.053097845246202535,0.054739550535351046,0.055828233715240226,0.057549816801377385,0.04634328645715504,0.047152670322813714,0.05063510806718413,0.05618923851307653,0.05879013627080004,0.058706058215864804,0.061774896228081494
2024-11-13,0.04507927095526158,0.05001258721338392,0.04923719670470658,0.049122418310763645,0.05018039222072077,0.05093200751712329,0.052145042695758106,0.052960096246367494,0.05459066690021921,0.055678280638293026,0.057405095945125606,0.04619984621902221,0.04693426071516838,0.050165322703964545,0.05605779073943356,0.058592596743943716,0.05860464562046228,0.06165736842844149
2024-11-12,0.044169533804710864,0.04864611712125736,0.04779039239546623,0.048646453670513165,0.05007726904107419,0.05090524932853215,0.052131114606768024,0.05293420480440703,0.05456038504399767,0.055657686036765824,0.05739415636177472,0.04617034943344439,0.04680451573299622,0.049968253074210045,0.05591834523772926,0.058505716305704704,0.05862645347340072,0.06166292650575364
2024-11-11,0.04405199236466737,0.048545750292072885,0.04779087093571678,0.048646817956964426,0.05007787698598424,0.050906795343974354,0.05213133790748115,0.05293440296411562,0.05456075460025003,0.05565870596146085,0.057394312729096474,0.04617046465221213,0.046752639159421114,0.049928586474773724,0.05592602377442135,0.05851315165445783,0.05863152751011045,0.061622168924899336
2024-11-08,0.044049129377976344,0.048551356489353555,0.04638204195834021,0.04940327193430894,0.05007589809456115,0.05090710377356698,0.052151179150205416,0.052914162427701646,0.05456180253242159,0.05565479780843391,0.057410984103288744,0.046160301992944436,0.04665447741200086,0.04977650637812939,0.055717739783606106,0.058116584262430576,0.05854392507033712,0.0615139507227298
2024-11-07,0.04420582010521138,0.04874748887470662,0.04638250641506688,0.04941032684171632,0.05003390020470822,0.05094439524034104,0.05219529417230286,0.05302753538277647,0.05466938814793632,0.05576595775626764,0.05759682859215281,0.046344300842478266,0.04686526137273197,0.050011126355808566,0.056049894941977374,0.058554281726361714,0.05869505781893112,0.06169214407513353
2024-11-06,0.0442071351284173,0.048552823519311936,0.04638297088109414,0.049410696862286475,0.050040515500328224,0.050946321954957095,0.05219551775271403,0.053031807261066176,0.05466682474668437,0.05576723075653656,0.05760109739058867,0.046342974428240286,0.04688208865396407,0.050028579806524226,0.0559594504060799,0.05827780355205389,0.059019097345772265,0.06197759467762933
2024-11-05,0.044446190591009044,0.04855355706753791,0.04670233345584883,0.049411066888398844,0.049963248893992666,0.05086915877835474,0.052112425152579064,0.05295390187878283,0.054604272963740694,0.05569055060140048,0.05752014705997692,0.0462773952383139,0.046770648570706064,0.0499267323483425,0.055902866920628375,0.058218111526038625,0.059087730028022444,0.061858104447462536
2024-11-04,0.04444751284336248,0.04730974230913662,0.047224475690984355,0.04917335277065554,0.049963547710101135,0.050880319537228276,0.05210372764171738,0.05296058353821374,0.05460445449752188,0.05569793224288542,0.0575139813438028,0.04628125189278994,0.046803296724225604,0.04993730397776789,0.05579239164012817,0.05817022675603124,0.05899000631763131,0.06193527650601914
2024-11-01,0.04364207812190078,0.04559119431569773,0.04590195015599528,0.047976835611708034,0.04978073332475593,0.05082003581413531,0.051976074298138365,0.052846389070045297,0.05445498158969838,0.05563851846069636,0.057454907266917245,0.04622642320790006,0.04669924582930616,0.04980675744240486,0.05568592163327064,0.05788070011999638,0.05898616209908043,0.061909484567965294
2024-10-31,0.04363992498660853,0.045588820810048176,0.04590240983743922,0.0479835187533177,0.04977796136455669,0.0508176782228881,0.051981246553910655,0.05284314654907542,0.05445375210367966,0.05564346361803231,0.057451865070001,0.046225312388567204,0.046695439768829394,0.049793882100193046,0.055683606854965845,0.057879054701359366,0.05898485514040138,0.06190835843373963
2024-10-30,0.04378631778904699,0.04558644291788574,0.045902869528089085,0.04822225481774024,0.049784189035826806,0.05081790217535241,0.05198146922411904,0.05284099901892105,0.05445022463252948,0.05564405986140991,0.057456129036411036,0.046220212818744624,0.04671001741383302,0.04982054452220943,0.05562685081411797,0.05777239358457814,0.05901457249508809,0.06193160994949648
2024-10-29,0.04378413106809854,0.045445836084984745,0.045903329227946266,0.04822261596280783,0.04978454380434102,0.05082976541053445,0.051981691896234104,0.05284119683933995,0.0544546787121687,0.05564257239841923,0.057456285578118466,0.046221868757504385,0.04671705540478563,0.049782201364814135,0.055659630533617714,0.05776113238020331,0.05902017987157973,0.061936537694906806
2024-10-28,0.043861145534737224,0.045446518998355494,0.04590378893701073,0.04822297711327372,0.049784686270786235,0.05083001938538876,0.0519819145702569,0.052841394661240056,0.054454764625327924,0.05564273912922737,0.05745644212067887,0.04622198410886949,0.04670631370548301,0.04970663525249476,0.05574067360785325,0.057837711643968885,0.058994773638314964,0.06200348851852179
2024-10-25,0.045962107209756076,0.044645943586672385,0.045740780121108306,0.04785538625077586,0.049660952195496336,0.050674307469053645,0.05182468777400087,0.05269483027574737,0.05430797113359357,0.055493382016551296,0.05739368915559972,0.046154415889920856,0.046604854253672966,0.04976628991905693,0.05558297500017513,0.05776525200352264,0.058920571222719716,0.06183787674802907
2024-10-24,0.044670148246393315,0.04464661452040813,0.045422071238762164,0.04774759011272827,0.04962334798091508,0.050644235219633564,0.05179631910804769,0.05269467373397845,0.054310224652314616,0.05549138422113066,0.05739595948965253,0.046155109638179107,0.04661242402605886,0.04975347845449587,0.05559275185418579,0.05776144695163472,0.058917573184964454,0.061879087371647164
2024-10-23,0.044671477636013715,0.04464728547430959,0.045422526150945886,0.04774794771900499,0.04962986823048268,0.0506444882737938,0.051796540992741204,0.05269899391255892,0.05430686421973949,0.0554956882651062,0.05740023642513359,0.04615372191208166,0.04655727661940377,0.04968883600691653,0.05560077189396729,0.057766708060450776,0.05892199595468578,0.061883468352308325
2024-10-22,0.044672807104709646,0.044647956448377844,0.04542298107223699,0.04774830533063884,0.049630165075816766,0.05064474133048301,0.05179676287933585,0.05269919120652476,0.05431126163838656,0.05549585455877144,0.057400392817541876,0.04615538940560869,0.046564299197630124,0.049573954722785196,0.05552155657991332,0.057756171547629735,0.0589563919576831,0.06190992089542221
2024-10-21,0.044347111171323596,0.04464862744261364,0.04509450775733844,0.04690886801949983,0.049602435230825435,0.050577186666121626,0.051656500574206426,0.05264395296320804,0.05423395625872419,0.05542872919321069,0.05724959302725002,0.046021714195661347,0.046374785154495377,0.04917609049970669,0.055133480562820844,0.05727813724604269,0.05897175992903232,0.06187731909996866
2024-10-18,0.043679696189993344,0.04435688642397212,0.04445710482269834,0.04666519540628277,0.049448015183230914,0.05041989371457595,0.05151695806431525,0.052503696747059965,0.05409344609491361,0.05527593468291,0.05711186933266134,0.04587220916050694,0.04621409288136985,0.049012714307140694,0.05501827043700792,0.0571027411533395,0.05866609784323066,0.06177402568184543
2024-10-17,0.04311326684777074,0.04435755308392216,0.04445755009728015,0.046747954138538494,0.0494466195143275,0.05042570957820381,0.051522103074360566,0.05249832371078599,0.0540933225519816,0.05527312567743406,0.05710888667523145,0.045869905663001205,0.04616848595492725,0.048958706850874445,0.05489064094518841,0.05708906334849718,0.05869774339134127,0.06179768056359776
2024-10-16,0.043610261012403104,0.04455406650771623,0.044457995380782024,0.04674830427638391,0.0496346969346019,0.0505017898732927,0.051590512250179535,0.05258089307160405,0.05416190558390066,0.05535320606166392,0.05719081173418149,0.04594571747127239,0.04627254220652013,0.04903076943686255,0.05494086249750072,0.05716868223057314,0.058778147458830164,0.06183807994948165
2024-10-15,0.04410722297557725,0.04406507610893266,0.04514559754376883,0.04707327143935251,0.04971069965347809,0.05058374431624277,0.05165700802359085,0.052572307632838676,0.05423214741846831,0.05543306751771275,0.05724994495596647,0.04602199383165202,0.04633433069066025,0.04910268540419792,0.05507259802839986,0.057242985015120866,0.058854336246066334,0.06191871517831721
2024-10-14,0.04460415274981447,0.04431058704113034,0.04526215522573054,0.0470736240190588,0.04978669522085418,0.05064971036365403,0.05173316727101599,0.05264093616620849,0.0543080529099591,0.05549913654054,0.057325985195511235,0.0460896981719729,0.04641149163334217,0.0491587400413428,0.05511741718281654,0.05731816140677489,0.0589280227198856,0.06199235681259592
2024-10-11,0.04336149471198778,0.04472388215027451,0.04526351532094305,0.047068551718797896,0.04978773407060701,0.05064132295095899,0.05172889377307749,0.052640652464923096,0.05431163092562419,0.05549605825000245,0.0573254808696308,0.046091118165801866,0.04646427002490248,0.04914355535256774,0.05511792742374296,0.057316506593185025,0.058926645763832504,0.06199120235069142
2024-10-10,0.04426249792861692,0.04632978926331703,0.04526396870417885,0.04812458428028841,0.04978878063055946,0.050672143639343935,0.05177300721055955,0.05257992018534083,0.054346659106765886,0.05556240592786393,0.05736112974235822,0.04607453128408665,0.04647170471699293,0.04914390220422968,0.05510632656403562,0.05736259484511292,0.05890631256959778,0.061975765995562135
2024-10-09,0.04466035830278905,0.04639897426307408,0.045506288310472924,0.048201233294534705,0.049855406745733744,0.05074927998836484,0.051837281680554646,0.0526505256237731,0.054420890202364805,0.055643206144111036,0.05744012844211251,0.04614953306671444,0.046451881307006816,0.049213786550574255,0.05518884186958736,0.05738942077996314,0.059001714994238966,0.06207120067536455
2024-10-08,0.04466168799458336,0.046477942715947705,0.045506744134578024,0.04820159433893977,0.049855704965026684,0.050748860263925215,0.05183750375499309,0.05265072274661507,0.054425303676613336,0.05564292636685817,0.05744028494917803,0.04615119295556531,0.046479478968330275,0.049217628080003614,0.05520350048793466,0.05736253286386401,0.05900918144394271,0.06207760309484418
2024-10-07,0.04466301776555923,0.04655363925829925,0.045942457735118916,0.048268704096146905,0.04985600318788741,0.050826115015109176,0.05190820965004723,0.052727272400508694,0.054494515974040474,0.05570972350611033,0.057542517663652114,0.04633700674818669,0.046642560314276826,0.04943644664413206,0.05538784827927462,0.05756340341636028,0.059193736266554185,0.06226847607259499
2024-10-04,0.044857285506997385,0.04678402698993345,0.0462339402990103,0.048415851848422065,0.04993032663851779,0.05081912853575085,0.05197686286038094,0.0528012649893988,0.054571940527665924,0.05578712656670281,0.05761580962505126,0.046413345534048966,0.04685316211493839,0.04951302006394968,0.05551866796642327,0.05770518747749196,0.05923748554202765,0.06232384591889779
2024-10-03,0.045461445865574095,0.04678473027646883,0.04623440343499959,0.04856570711387607,0.050223927460149254,0.051115456905310955,0.052205936623370613,0.05301872904990557,0.05470825028663257,0.05593339982985742,0.05775463712594321,0.04655220534023144,0.04701127051089105,0.04960830618943214,0.05560378920649194,0.05780795759342069,0.05908066134383555,0.06247798174454726
2024-10-02,0.0454627996503293,0.04678543358415039,0.046234866580275494,0.048642330020744404,0.05022102718480419,0.05111571234082857,0.05220616028290088,0.053020996359413174,0.05470684807013288,0.05593775235036534,0.057758954766432245,0.04654965129118484,0.04691426393188819,0.04957909175961459,0.0555982336311615,0.05780071666854197,0.059089442076658054,0.06248575867964802
2024-10-01,0.04544017756520687,0.04686440128486071,0.04684435745722108,0.04864269438822581,0.05021822835796145,0.05111528962264858,0.05219595163839044,0.05302119487449571,0.05471196108439589,0.05593747114872383,0.057751698965092815,0.046551344296940626,0.04689046970958052,0.049630460912103734,0.05558712185775739,0.05780416209806107,0.059092466925605026,0.06248884615983478
2024-09-30,0.04561568422141383,0.04693358566436459,0.046844826722010055,0.04878603108383516,0.050450870517793095,0.05127007968238272,0.05234216181183968,0.05332029588887731,0.05500689764959801,0.05622977569627253,0.058057077165871676,0.046848306605491497,0.047186637163942724,0.04996131361388338,0.05589796892786575,0.058091386620841484,0.059398573796767204,0.0628063012764447
2024-09-27,0.04561568422141383,0.04693906706373114,0.046846234572786125,0.04893296997037412,0.050589508396826924,0.05141589719638388,0.052561611982929725,0.05354064563497187,0.055228833748585164,0.05637994550284357,0.05812824287732884,0.047228697237425475,0.04763650860048194,0.05032160600746155,0.0562800785845,0.05847258860272728,0.05978227802653767,0.06320653265316448
2024-09-26,0.04561568422141383,0.04693977665975043,0.04684670387518318,0.0489399787824667,0.050596319061100535,0.051416154611797195,0.052566900273454856,0.053537319908205976,0.055225481445302635,0.05638438155328882,0.05812517426719553,0.0472275563635931,0.04759158957770928,0.05031193798668239,0.056232175062241145,0.05845441968184655,0.059796492288417095,0.06332899807210444
2024-09-25,0.04550662530007646,0.046940486277224164,0.046557177122998214,0.04894034539603731,0.05059690247136513,0.05141641202978782,0.05257212900207547,0.05354175975629374,0.055230199935832516,0.05638455070913998,0.058133092573281246,0.04722605277541502,0.04759813211571013,0.050319240549282586,0.056264190713520186,0.058444351156415796,0.059788903755062475,0.06332435514721046
2024-09-24,0.04550662530007646,0.04694119591615363,0.04655764353898384,0.04894071201510073,0.050597205815564726,0.051416669450355994,0.05257235423815877,0.05354196022641241,0.05523038379931501,0.056384719866006114,0.05813325097451013,0.047227819654346276,0.047708014398541214,0.0503823467191069,0.05633875901754933,0.05857265569910282,0.059733243107846834,0.06346193309921934
2024-09-23,0.04550662530007646,0.04693852515046729,0.04655810996431329,0.049084016254312655,0.05075135068346779,0.05157196588955122,0.05272830679049061,0.05376285868016086,0.05530458115850784,0.05660827853523771,0.05835805602404664,0.04744752331261738,0.04801984186366513,0.05035546407234047,0.05636680626967709,0.05860882815913302,0.05985377739555613,0.06358042927941601
2024-09-20,0.045655341277808986,0.04698317617070725,0.046240425047429354,0.04904031939252167,0.050485771407701094,0.05133991959189455,0.05250553609570195,0.05353958201877751,0.05508536459620336,0.05638359056505283,0.05813942083700458,0.04722810294130776,0.04793467733587193,0.05025490151269652,0.056133728442464434,0.058405368230023735,0.059601634069139056,0.06332340377381418
2024-09-19,0.045932929724497244,0.04698388650870999,0.04624088831335445,0.04904737124749137,0.050491851581767486,0.05134017663593131,0.0525108461289008,0.053535839932353564,0.055081739618291846,0.056388034724421866,0.058136324008880254,0.04722673636112315,0.04794105700251599,0.05042710103692049,0.056327100963463377,0.05851240178253993,0.06005659418215763,0.06311325341224673
2024-09-18,0.0459329297244968,0.04736619813085478,0.04624135158856211,0.049343100718618006,0.05071331481402938,0.05156944663119232,0.052734960008383125,0.053756750162712606,0.05530604695438898,0.05660659932149559,0.05836277822219477,0.047442304038008726,0.04809364613190509,0.05069211631540865,0.056607289574355145,0.058818606526027696,0.06011560897881958,0.0632011970318916
2024-09-17,0.04622041184856811,0.047435400220291545,0.04624181487305282,0.049343470374162646,0.05071287891669802,0.05156911165614454,0.052735185948863485,0.053756951443069974,0.05530577963077614,0.05660637554291319,0.058362937252305055,0.047444084583511965,0.0480697899171861,0.050677930669279794,0.05651891746514117,0.058815618843598004,0.06010926826746948,0.06319155419831875
2024-09-16,0.046071716763708706,0.04751089978775708,0.046242278166826835,0.049420049489124165,0.0508577822746429,0.05156885921233634,0.05273541189127994,0.05375504527390869,0.055301642641180176,0.05660620652966445,0.058363096283281964,0.04744297400277646,0.048027364743267444,0.05077927708109834,0.056582024617748077,0.058797422260537135,0.060061350903585185,0.06323742256099954
2024-09-13,0.04678540304050002,0.04759480921786741,0.046243668103850735,0.049414362034809346,0.050850273377995456,0.05156878876009575,0.052730947039248355,0.053755571966825955,0.055300098199186645,0.05660185223864843,0.05836258563011268,0.04744495688293174,0.048070303974129175,0.05087438990212595,0.05659523151061063,0.058687396656190535,0.06007485876875775,0.0632474773577436
2024-09-12,0.04692416066690474,0.0477422763654665,0.046563241259809686,0.049640606897194586,0.05111634788319917,0.05179036845838529,0.052993582959484545,0.05400912852801301,0.05551515089840198,0.056866129230108343,0.058616151057291774,0.04770031753808307,0.04829269921874629,0.05112237464340909,0.056893813551858886,0.05894422394464706,0.0603350981433568,0.06351949414005345
2024-09-11,0.04716201974678719,0.04808537279172488,0.04689241135724865,0.04986000891962119,0.05129865028939721,0.05201020694933402,0.053211915641483,0.05423210439924359,0.05574025384712487,0.057085161667802295,0.058838533633065876,0.04791698292510317,0.048507669668858354,0.05133943360115466,0.05711509194575945,0.059235233220591925,0.06054212233541765,0.0637414807673677
2024-09-10,0.04716201974678808,0.0481741310084416,0.04721184302455146,0.04966992278369108,0.05129895786660994,0.05215483022616587,0.05335252304972207,0.054384090277587865,0.055888289569023634,0.057228829210139213,0.05897948882409011,0.04806655594625492,0.04871226647234325,0.05145390137581752,0.05729148782331458,0.05935485758031652,0.06069757620521594,0.06390172949108683
2024-09-09,0.04729085420852824,0.04817125482836008,0.04721231607015115,0.04967029490993678,0.05129892996227772,0.0521552077513782,0.053352751643957766,0.05438429391298241,0.055888271158842776,0.057229078115209865,0.05897964953815074,0.04806667591589461,0.04861903859245443,0.051450377565373566,0.0572982030254842,0.05934780479670534,0.06070568350311216,0.0639062844386153
2024-09-06,0.04729085420852779,0.04817704495729981,0.047532633882422314,0.04981686594870665,0.051446873721516725,0.05237839558339496,0.053712226349323634,0.05460456013324794,0.056040741812118974,0.057376295895665334,0.05919154984055589,0.04844702673405626,0.049110167649080445,0.052059429382806104,0.05778168415438411,0.05984575390803376,0.06129028269261714,0.0641207219027487
2024-09-05,0.04790523871852585,0.04817777349959564,0.04753311016131967,0.04982415982486984,0.051452320671402985,0.05237865784516257,0.05371777191891223,0.054600991401623195,0.056036345231882854,0.05738088390890409,0.059188222974979124,0.04844571775284647,0.04913721092958517,0.05205511900768608,0.05780042017088038,0.059851023659059435,0.061279927159508724,0.06411285942234685
2024-09-04,0.04740977466423627,0.048178502063926425,0.047862075802583615,0.0498245331206406,0.05145392326160615,0.052378920109555895,0.0537122087517907,0.0546056204334883,0.05604180637156731,0.05738105606515613,0.05918864083200541,0.04844419164382116,0.04906128943511172,0.052068902274558446,0.057765047511529374,0.059844411624963484,0.06261781331833906,0.06355030389043567
2024-08-30,0.04740060128714522,0.04752304762340156,0.047864473846343784,0.04981253446592611,0.05145328019317458,0.05237994505838618,0.05370805698798897,0.054600425519484776,0.056044677887824405,0.05738498604939493,0.05918861266431656,0.04844966786122137,0.049039590499099096,0.05209927388371053,0.05778340310199632,0.05986070262943109,0.06261552274139073,0.06354779202951223
2024-08-29,0.04753552626244991,0.047520210617449404,0.047864953483931945,0.05004578487416499,0.05167082582180089,0.05253494140482604,0.05386922782890357,0.05474575352887247,0.05618378791620578,0.05752928362412133,0.0593395770933312,0.04858834908849906,0.04917696148237871,0.05223978866231956,0.05790051363874513,0.06000860762046036,0.06276603063184524,0.06369868626848076
2024-08-28,0.04790211627447219,0.04784015296116724,0.04818420632041626,0.050122327227940175,0.05175382703356701,0.05259994820475436,0.053941630318477395,0.054823302593761274,0.05625616760514978,0.05760514023669712,0.05933709534923312,0.04858222536307722,0.04917039572419882,0.05224574736112654,0.05793158598051039,0.05999750235472375,0.06275740573722396,0.0636939479878975
2024-08-27,0.04803091015149489,0.047840864688155176,0.04834887768898418,0.05012270278016983,0.05175379156969074,0.05260623506542223,0.053938953998506074,0.05482350788373216,0.05626065985529061,0.05760223162161762,0.059335203251961344,0.04858411775883996,0.04922902029848356,0.052203147873274264,0.05794932274065341,0.05999976484397383,0.06275970928932499,0.06369632234937507
2024-08-26,0.04803091015149489,0.04784157643632075,0.04866802680102018,0.050265878691289394,0.05182136120345732,0.05268390748900965,0.05400161450326823,0.0548977819766941,0.05633753462163922,0.05760409364115713,0.059328729373166814,0.04857930940849949,0.04927704756663178,0.05219703683178731,0.05789541846860492,0.060007111163973594,0.06276473706081147,0.0636983771186266
2024-08-23,0.04827223739461932,0.04872009120892498,0.04898808830588759,0.05033607215013293,0.05181825076008609,0.05271546670886836,0.0540691125080587,0.054973117215551655,0.0564073510437111,0.05766758287780999,0.05939154646600589,0.04865652581448215,0.04925144183311236,0.0522919957943075,0.05805372935701398,0.06006097090126541,0.06283954064432873,0.06377495320674668
2024-08-22,0.04839745451967421,0.04879527421431962,0.048988579237354266,0.050343539400607276,0.05181477902512778,0.052712070442255364,0.05407468076542599,0.054974548906282526,0.056405640967872664,0.057667786759962536,0.05938816571650774,0.04865477141897952,0.04924728409645026,0.052300898295841086,0.057963836041365714,0.060087370875344,0.06284605368895335,0.0637792610086492
2024-08-21,0.048506420657305656,0.04895013510162737,0.04898907017867052,0.05041054724810786,0.051898500577961,0.05274652917389388,0.054074912472681536,0.05497286945752566,0.05639967380858068,0.05766378019187574,0.05939267541217476,0.04865290525209491,0.049150558098075676,0.05217333903600336,0.0579581881066268,0.059980769336073436,0.06303137648148353,0.06375667710216694
2024-08-20,0.048615383810389115,0.048950863417866274,0.048989561129826754,0.05041092497969555,0.051898518323484355,0.05274377021204956,0.05407514418192277,0.05497307531295675,0.05640422153221964,0.057662145124404374,0.05939283726095391,0.04865479446259946,0.04915763953600976,0.052211715845786946,0.0579460889410183,0.059956177048377114,0.06304188763425435,0.06376476514081303
2024-08-19,0.04861538381038867,0.04895159175578851,0.048990052090823376,0.05041130271694756,0.05189882885690108,0.052741008274104585,0.05407537589314974,0.05497328116992958,0.05640440909800912,0.057667166599427874,0.059392999110615234,0.04865491590679292,0.04915711898849593,0.052343835607075395,0.05801543601677029,0.05998606603082823,0.06300491046042384,0.06373755620919686
2024-08-16,0.04839108174695162,0.04887178001213313,0.048991525032858606,0.05048143863968603,0.05182010018493437,0.052694825481331975,0.05407072925540586,0.05497060871924197,0.056408420143415385,0.057670890521757195,0.05939279560438239,0.04865506255436686,0.04919900417682139,0.05230636757293841,0.05798237841731241,0.059965697279110705,0.06301833656207871,0.06374667419477549
2024-08-15,0.04852623236166886,0.04894691904266118,0.0489920160332198,0.050565102478461896,0.051893442740645696,0.05273007968370076,0.05407630275791577,0.054965330696039504,0.05640416851906919,0.05766957295979016,0.05938929633205184,0.04865277163001327,0.049194523721744494,0.05227106028414877,0.05801860223784368,0.05995867247325466,0.06301252367755557,0.06374237094488903
2024-08-14,0.04839745451967463,0.048955233770531355,0.048992507043422694,0.05056548138518705,0.0519009671887408,0.05272715462720081,0.05407653447907188,0.054970002054640844,0.056401161254164556,0.05766772146141994,0.05939380837215352,0.04865123870784933,0.049221646742981406,0.05225472388879033,0.057967080728789366,0.059924056467526195,0.06302989450111586,0.0637557849369746
2024-08-13,0.04889273109737089,0.048995070668379576,0.04899299806346782,0.050632480342240806,0.05197680957976405,0.052822029124230216,0.05415455530497227,0.05503664969306589,0.056481451252023404,0.05773895715425193,0.059471111367654206,0.04871949409877005,0.04936742726477625,0.052343333552966095,0.058068179417248685,0.059997441196822536,0.06308927385394698,0.06381936659368602
2024-08-12,0.04914034626570303,0.048770912413952004,0.048433416134212516,0.05063285975954448,0.05204370511226419,0.05297913033400608,0.054232821852270456,0.05511494363318502,0.0564790617097444,0.057739415258247134,0.05947563696722144,0.04871703894821098,0.04934472852603734,0.05244294530342942,0.058141684278223464,0.060181673864259565,0.06301282384134843,0.06376470457115678
2024-08-09,0.04839108174694222,0.04876929597249318,0.04843487244261882,0.05062679983314012,0.052043222552826444,0.05297999466817156,0.05422810578388864,0.05511484173537277,0.056481479936972306,0.05773998132268418,0.059475219406823876,0.0487186912748763,0.049470013011003906,0.05246555251332131,0.05819335137080634,0.060161627266873775,0.0629963339459672,0.06375302048072021
2024-08-08,0.048526232361668475,0.04876622687627058,0.048435357898181916,0.05063437748562458,0.05203968925956281,0.05297724790079966,0.05423375144357733,0.055111271860694276,0.05647973277172929,0.05774065947143476,0.05947191200623655,0.048717407804651836,0.049383651562228584,0.05249222422963956,0.05820461313059465,0.06015869536132382,0.06299390909260981,0.06375107941096224
2024-08-07,0.04877387034197746,0.049038556575949376,0.04891870300452119,0.050787021518740566,0.05216153498423107,0.05307831389919061,0.05430317943413537,0.05518974010935559,0.05658072352720128,0.05785287510604565,0.059617688629267925,0.04887012665007187,0.049533488481193266,0.0526214789833802,0.058361235213170326,0.060301316481420474,0.06315774353777555,0.06391549940079272
2024-08-06,0.04889273109736805,0.04918594851135542,0.049401883731638646,0.050930130201463246,0.05238246238565593,0.053238125549449324,0.05447952877129399,0.055332289321057535,0.05665697188807638,0.05791306261795274,0.05968472628561949,0.04893453327763539,0.04956358922646767,0.05283841249764647,0.05850269782150847,0.0605940999673708,0.06313959739786168,0.06401401165481277
2024-08-05,0.04938794602290918,0.04918668049957618,0.04940237889430162,0.05093051186924304,0.05238143254465293,0.05323839069936367,0.05447976222930828,0.055332496534037795,0.05665634695272987,0.05791770014879116,0.05968488893690428,0.04893465542433578,0.049697080878921523,0.053103223969421964,0.058814237286112375,0.06062367434157429,0.06309557757604556,0.06390537114914485
2024-08-02,0.04926249617567844,0.04926320428771112,0.04939315595543587,0.051000456507468005,0.052456038739826315,0.05330620863211229,0.05455305886181431,0.0554079736095609,0.0567340972028529,0.05799487532219598,0.0597617774777347,0.049011944424304094,0.04977459766985915,0.05333336397358739,0.059095845584380816,0.0608260827290094,0.06308071275368908,0.0639194279072599
2024-08-01,0.04938794602290911,0.049260044313149474,0.05027732530027757,0.05100815477817445,0.052452497859304774,0.05330339367882974,0.0545355378613718,0.05540469362120132,0.05673238281561774,0.057995501914480496,0.059749766441965585,0.0490108603849804,0.049729568737535604,0.05334595950445155,0.059130108261486486,0.06081742716852902,0.06307371703888812,0.06391432556802369
2024-07-31,0.04926910006263554,0.049256883522888296,0.05027413309668803,0.0510085370449898,0.052460162528352554,0.0533006221977413,0.054533325238054646,0.05540944206632075,0.05672925098248868,0.05799389207598713,0.059755133232007616,0.04900930142177179,0.049746355050361575,0.05329721642063206,0.059131570878848384,0.060817978644236756,0.06307456773516906,0.06391614245905915
2024-07-30,0.049269100062635095,0.04925372193908846,0.05027093989315645,0.0508281312288349,0.052460476459920566,0.05323940000610876,0.05438684635848229,0.05519031246465963,0.056734019482003246,0.05799340615080713,0.05953018284523949,0.04864317861805959,0.04936695379023032,0.05293715258546659,0.05881301961222119,0.06044059325669041,0.06269323437651958,0.06353485928839198
2024-07-29,0.049120537619386645,0.0492896423749553,0.050289909093134445,0.05089512258761869,0.05252842710673313,0.05326844535349275,0.05442563194454814,0.05522766822823167,0.05684067076524825,0.05810623042133355,0.05963615167106627,0.04875045789960433,0.04951397334311204,0.05297461142889303,0.0588649389990777,0.06055173171316408,0.06281928973013519,0.06365497944777096
2024-07-26,0.048965444984848894,0.04928013559307065,0.05029141590689002,0.05088896767555358,0.05260310510680517,0.053269505280634774,0.05442096777745562,0.055226607194387656,0.056839734152079095,0.05810692618927625,0.05963782909975101,0.04875152686879543,0.04956676157989063,0.053035699544596394,0.058905203528711716,0.06056190465747773,0.06279762061298155,0.06363971623291373
2024-07-25,0.04912053761938776,0.049276965260614376,0.050291918198207976,0.05089664833512957,0.052599439998227616,0.05326660851917881,0.054418512884548215,0.0552239835676957,0.05683803952709134,0.058107426625564555,0.059636411687119584,0.04875080518404014,0.04952191456376915,0.05308145506718182,0.05889915674923374,0.060612865218742706,0.0628637694103354,0.06370084350317748
2024-07-24,0.04918986744996884,0.04931281069158685,0.05029242049955924,0.05089702978630103,0.05260664608985814,0.053263331498656,0.05442679631349536,0.055228702380637255,0.05683440779304555,0.058105399155695084,0.05963261046706626,0.048749304533901174,0.04950753259086772,0.05303505227654355,0.05885373914578969,0.06059645118775007,0.06288077604438831,0.06371389195805408
2024-07-23,0.049041302047808884,0.04901038573022159,0.04996492986777394,0.050792731004927955,0.05253052878762395,0.05320485198105169,0.05436487095599706,0.05515379660786952,0.056772952339382475,0.05803727178740691,0.059563769572018276,0.04868578152963173,0.049521198307694275,0.05303460496580151,0.058911665482870565,0.06063556625506252,0.06278322571469497,0.06363138036638906
2024-07-22,0.04918986744996909,0.04901111525769358,0.049907538856796704,0.05071697315505315,0.05253043898232811,0.05320511698372557,0.05436614202614234,0.055156164096113965,0.05677289662419741,0.05804194773839664,0.059564662460814634,0.04868716316598599,0.049511122315269156,0.05297018722953877,0.05885930748322022,0.06054483228698204,0.06282847221035284,0.06366150116759664
2024-07-19,0.049183284740661436,0.049009393728110674,0.04995958258004652,0.050710849584037536,0.05252785619670542,0.05320593032993151,0.05436362368952212,0.05515520401843134,0.05677423039763557,0.05804248062252066,0.059565377053090625,0.048688282403480346,0.04952270355886696,0.052957490246584145,0.05880166618181224,0.06054281546290176,0.06284169036981158,0.06367049256115945
2024-07-18,0.04932852348657006,0.0490844348543654,0.04996742519471209,0.05071849364171982,0.05252425261887965,0.05320239517167567,0.05436066327175965,0.055152477898544175,0.05677260583894992,0.058042561580290586,0.05956361198209789,0.048687492283831145,0.04946751104672633,0.052948944852760596,0.058851424334167145,0.06052041360298509,0.06283851059969321,0.06366804258654545
2024-07-17,0.04932852348657006,0.04916147192358977,0.050295936889989824,0.050795015158859196,0.05260847213627368,0.05326661529201133,0.054428426513722344,0.05523312548813156,0.056835499767109575,0.05810756535858831,0.05963374469672719,0.048751886515734595,0.04958124477799183,0.05303043943016249,0.05886218295219144,0.06059148064964049,0.06291053245963467,0.0637408712598628
2024-07-16,0.0494671746907019,0.04924044514630906,0.050614730529831925,0.0508715320332447,0.05260840922387821,0.05327235431816421,0.05442294478183904,0.05523116847073844,0.05684005990893143,0.058104280744130564,0.059634241001829714,0.04875251302288555,0.04958794561902951,0.05306867220358316,0.05892279837816321,0.06060780256997764,0.06289425264280595,0.06373025875898308
2024-07-15,0.04961572419009096,0.04931941764213622,0.05093345463243365,0.05093852821423836,0.05268515329670083,0.05334928319949366,0.054495211399262784,0.055297806044408294,0.05691634069419753,0.058185252403769955,0.05970748735927619,0.04882895031870668,0.04964312964991303,0.05311431231816088,0.058944739553088654,0.060799759885645704,0.06295987472472436,0.06379912278252836
2024-07-12,0.049747631055516425,0.0493860875628546,0.051255036330153804,0.05100844023889069,0.05274937937774768,0.05342683049663099,0.05456595718709468,0.05537212928127549,0.05699406239558415,0.05826211482292928,0.059782140370575915,0.04890554727942485,0.04975116924161828,0.053275504133269466,0.05904922890500381,0.06082014985066911,0.06303738625912483,0.06387741670056851
2024-07-11,0.049754365385177066,0.04938283005400091,0.05126328499355851,0.05109230595866052,0.052899739710727825,0.0535013505548037,0.05456263276241842,0.05536784358710576,0.05698768851196628,0.05825985258229749,0.05978003727949948,0.048903852740816295,0.04977790246543531,0.053259886896688174,0.05903241838018772,0.060902204986203606,0.06301380730821649,0.06386078624464762
2024-07-10,0.049754365385177066,0.04939155104031239,0.05126379706824719,0.0510926889163934,0.05290723028628848,0.05350474098267824,0.05456822360028656,0.05537258940519551,0.0569840838895263,0.058257412488434725,0.059776893649902345,0.048902348561147675,0.04979444111201098,0.053210975976037675,0.05903372395677174,0.06080587855000288,0.06304121289905755,0.06388106380952871
2024-07-09,0.049754365385177066,0.0493922863837948,0.051264309153166085,0.05109307187986723,0.05290754693298713,0.05350500749629655,0.054568457099176564,0.055372796790063926,0.05698888710966302,0.05825531857712511,0.05978141399478259,0.04890424719842638,0.04978130688591347,0.05314127921492618,0.059133505722406256,0.060883125099328535,0.06301419969214091,0.06386297819678269
2024-07-08,0.04904130204780887,0.049021330923327264,0.0506187753802815,0.050684219826838135,0.052535244698277875,0.053247523718922656,0.0543956488092779,0.055238233801667376,0.05681520536664912,0.058082762640789126,0.05959660325301961,0.0487566414687835,0.04963106955289388,0.05297934348756501,0.0588098115617405,0.06076372562797705,0.0628844898408062,0.06372224690883967
2024-07-05,0.048193005811098144,0.04894130255544135,0.050290738946092005,0.05067807641599763,0.05253499170681144,0.053171754753087414,0.054400364365811575,0.05523703748130662,0.0568179749374,0.05808661262706327,0.0596024396163932,0.048757648431133845,0.049632276543541964,0.053000467669010946,0.05873676989480371,0.060734106081945925,0.06290533632882911,0.06373654269891206
2024-07-04,0.04833801718659672,0.048938076699955604,0.05030246863408047,0.0506191020058138,0.05246409028981467,0.0530916158816141,0.05431916997759798,0.05515832580209449,0.056818502497132106,0.05815959112869826,0.0596034017856272,0.0490695184750482,0.04988328601317615,0.05325327774422229,0.059002738794812035,0.06098617799709059,0.06324647960499072,0.06406881908215208
2024-07-03,0.04833801718659672,0.04894671502925837,0.05030297114620439,0.05061948143659757,0.05247148418798993,0.053088605748935945,0.05432475599208599,0.05516306114213198,0.05681487827613861,0.05815770317103927,0.059600117645808894,0.049067960349970324,0.05002373696391017,0.05316142625239219,0.05893912190714721,0.06095403129545393,0.06326595773576393,0.06408361376119054
2024-07-02,0.04858566688279804,0.0490257103695167,0.05030347366836848,0.05083879924232225,0.052538371101418645,0.05316243793837399,0.05440275717179806,0.05523514647128198,0.05688607964645983,0.058232237977581806,0.05968176134448651,0.04914337562267488,0.05013658203715427,0.05326191867288571,0.05907617862080295,0.061130615267003266,0.06330507484347113,0.06413611837524534
2024-07-01,0.04871443863252885,0.04916917990647132,0.050303976200573204,0.050839180325619134,0.052538335145726256,0.05315834777349687,0.05440298997062131,0.05523535334758828,0.05688605642800374,0.05823646391590894,0.05968192384111122,0.04914349830138701,0.05064204490872184,0.053397618711530884,0.05903468118809706,0.06117549905967708,0.0632504508480551,0.06409675841444962
2024-06-28,0.0485792445531108,0.04916990806907521,0.05030924554110975,0.050832983162163205,0.05253612975443746,0.05316869473674972,0.054399332679926235,0.05523423440633208,0.056887592670634105,0.05823557499198122,0.05968165763480236,0.04914455617954063,0.05001345005051582,0.05344768315316585,0.0592363126701231,0.06099310697500081,0.0632131505882589,0.06407743581736793
2024-06-27,0.04812007270078153,0.048882923552659614,0.04977892011554727,0.05054559158788765,0.05202498126640573,0.052723383976919856,0.054181082421977084,0.05497646491559657,0.05709059192887675,0.05837089681842499,0.0597342249689559,0.048958172942372626,0.049853114311603726,0.05317697803330711,0.058986011843661354,0.060799658131363205,0.06303137356773315,0.06388925523581776
2024-06-26,0.04790211627447409,0.04872635288232707,0.04948012850970684,0.05046979757003866,0.052032852161915444,0.05273115240343274,0.05418663311267979,0.05498332230651032,0.05708752900155904,0.05836892691799217,0.059742572349535485,0.048957936023242186,0.049674723956064024,0.053144688458617736,0.05912251166200222,0.06084123830040828,0.06300552921453602,0.06387249319984117
2024-06-25,0.048090352073057736,0.04805100142409048,0.04948062466051474,0.050470175904352085,0.05203265640526872,0.05273750430172429,0.05418686535636911,0.05498352824426939,0.05709212071102092,0.05837781508039197,0.05974273517665375,0.04895988676719721,0.049661272361676986,0.05322907160050659,0.05909429319787286,0.060926867463056505,0.063121090615866,0.06391174506707775
2024-06-24,0.048090352073057736,0.04805100142419173,0.049481120821280124,0.05047055424433908,0.05203296784565274,0.05273776749312995,0.05418709760204931,0.054983734183571185,0.05709231059970195,0.05837798988154027,0.05974289800465965,0.048960008989996605,0.04976387493520196,0.0530667146393432,0.05910540194345681,0.06092288489688102,0.06313194439812995,0.06391792311965165
2024-06-21,0.04804444224620081,0.04780005873385165,0.04955020037907144,0.05054059182181959,0.052136220889113745,0.052844153274740444,0.054258985401683696,0.055049087195705115,0.057169059361277044,0.058446192616719,0.05981889311703855,0.04903739985611098,0.04978988590407585,0.05308061614218592,0.05905081368222878,0.06102291801567668,0.06324375797846771,0.06401998202179487
2024-06-20,0.04805072422403471,0.048295720327050706,0.04955069725742805,0.050548244004703265,0.05213302410321071,0.05283691958632518,0.05426461663526974,0.055046230991769245,0.057167529664842974,0.058441466260985224,0.059815402641102605,0.04903647175716008,0.049848091290249454,0.05293079845224075,0.05886514500478402,0.06094247506940316,0.06331390433358522,0.06406843540906915
2024-06-19,0.04819932662255361,0.04854040928992031,0.04962843839434658,0.05062479406490255,0.052216824919810945,0.05291853408740285,0.05434126277553382,0.05512690120160093,0.057240126661769614,0.05851383360656995,0.05988614588165579,0.049110824220068544,0.04986876142609065,0.05344933370376026,0.059355255528654595,0.061338025462383775,0.0632546039351364,0.06406851475411891
2024-06-18,0.04819932662255361,0.04891227918882695,0.049706176636659445,0.05069181905915571,0.05228440304979227,0.0529928405636799,0.05441790438016758,0.05520332028755777,0.05732172589106682,0.05859319046420487,0.06000256780819218,0.04921870072990219,0.050033089334202266,0.05361189739132815,0.05951790200034156,0.06158319230810333,0.06330944716514601,0.06414113732326923
2024-06-17,0.04819932662255361,0.04891227918882673,0.04970667509410676,0.050692199080589216,0.052323152238809616,0.05309953529884956,0.054748712961522936,0.05576002127458618,0.05788268039689055,0.05923620984951459,0.06064135402103119,0.05000757497448186,0.05085627757786218,0.054194491583472545,0.06033412279414684,0.0623822856097073,0.06412928891918179,0.06495846071727891
2024-06-14,0.04804444224620138,0.048661217603431776,0.049592303354512646,0.05046707100100334,0.0519558656755562,0.05273196351107368,0.05437658083310893,0.055355272411102996,0.05744261640073057,0.05887406238633876,0.060075793709924115,0.04933844710010693,0.05015076754861154,0.05356278713855242,0.05964615052693436,0.061830790323644656,0.06341121955590233,0.06424724211067126
2024-06-13,0.04791202364381823,0.0486676357207489,0.049592800689978504,0.050474716358597425,0.05195300842743605,0.052728988091730905,0.05438224385869547,0.055352443550633484,0.05744121421340842,0.05887216490050128,0.0600720713840563,0.049337607748471075,0.050343250620636805,0.05351215785734812,0.059633645626065664,0.061682672879096435,0.06347669291193707,0.06412118637163611
2024-06-12,0.04791202364381691,0.04866763572074912,0.04959329803542011,0.05047509476666078,0.05203718595906569,0.05273536618453036,0.054382476953759404,0.0553572457652409,0.05743521682789679,0.05886912045934275,0.06007672585411981,0.04933594896038599,0.050545870802107803,0.05367985362619119,0.0597542693743184,0.06202804811919203,0.06318359030665605,0.06411585693332614
2024-06-11,0.04791202364381691,0.04866763572074912,0.04959379539083691,0.05040880962843634,0.0519606039006347,0.052658207261539504,0.0543827100508214,0.05535935221912558,0.057442735426163315,0.05887686747841721,0.060076889598214396,0.04933906496410694,0.05055380990531368,0.05376317027049241,0.05973719630516855,0.062111473176250015,0.06316071360532641,0.06410059183607927
2024-06-10,0.04791202364381691,0.04866763572074912,0.04959429275622932,0.05040918754806484,0.05196091493581411,0.05265847007556914,0.05438294314988154,0.05535955957693898,0.057442926489887365,0.058877043781272585,0.06007705334320164,0.04933918813778653,0.05043962681374599,0.053651351852892035,0.059697634750876985,0.06188973022848962,0.06325190366241162,0.06416275927142058
2024-06-07,0.04790577780450189,0.048661217603430645,0.04959578491226462,0.05040305805228105,0.05195841847049333,0.05265641572364182,0.05437820726053342,0.05535857742403257,0.05744421436602338,0.05887810368845633,0.06007700576473629,0.049340404936717756,0.05046165378037681,0.0537260256190434,0.05975088209880486,0.06188376555644024,0.06326624832652539,0.0641786985481155
2024-06-06,0.04791202364381717,0.04878506832009982,0.04963490892056932,0.050410699283245944,0.05195517590998218,0.052652366012749585,0.05438318664552227,0.0553557848747554,0.057442596517553735,0.05887543521636971,0.0600727273394087,0.04933958916087549,0.05058196595645474,0.05373639847089127,0.05980990196335572,0.06195677887189264,0.06322011730063519,0.06414640849208077
2024-06-05,0.04777331822768621,0.04927429661166926,0.049635406723242195,0.050411077231208794,0.05196284339449408,0.052654324174819855,0.05438341975162115,0.05536059638930691,0.0574393029314919,0.058869472165459735,0.06007738320879997,0.0493379265515157,0.05051607234173919,0.053672249287923676,0.05972164755924313,0.061856825404273674,0.06320720282419012,0.06408204367906564
2024-06-04,0.047912023643817206,0.04927429661169679,0.049635904535900686,0.05041145518483886,0.05196278122508889,0.05265458697733831,0.05438365285971822,0.05536080375644091,0.057444072898923185,0.05887440001585848,0.0600775469578104,0.04933992719277925,0.05061629534007821,0.05363715273785374,0.05969896292478406,0.0618635387414098,0.06321284788777154,0.06408662080129086
2024-06-03,0.04790890045301244,0.04927429661169679,0.04963640235854455,0.05041183314413648,0.05192469124971584,0.05265484978248013,0.054383885969813826,0.05536101112512844,0.05744555836771252,0.0588745763150207,0.06000752945395876,0.04934005037076392,0.050760382579441606,0.0536367314616797,0.05977339018733304,0.06206411689354316,0.06313316501589282,0.06403005718190594
2024-05-31,0.04832530508854896,0.04866121760343146,0.049753775987293546,0.05047233947312208,0.05143597029897005,0.05235815463768476,0.05352127244598828,0.05468439025429181,0.056579086608431875,0.05835284489741406,0.053663352567628095,0.04897386023784213,0.050444011646567435,0.05346946992783618,0.059760450582103365,0.06157265596941056,0.06267879315988553,0.0635943755913362
2024-05-30,0.04871443863253136,0.048658009389342026,0.04975053969273788,0.05048001458785504,0.051454605042859695,0.05235813161052027,0.05351993224759525,0.05468173288467024,0.05657812774820699,0.05835347613109246,0.05366332716036464,0.048973178189636826,0.05051493902082393,0.05362918240679083,0.05984393114858066,0.06154638682302513,0.06264365761153155,0.0635697851213168
2024-05-29,0.04858566688279885,0.048664426380510585,0.04944800421148002,0.05026131767457063,0.05107684092589433,0.051910092943551166,0.053324637982614706,0.05469254966874208,0.05661954185968337,0.05836774096074351,0.053671380304210745,0.048975019647677996,0.05047373751058588,0.053566445214923805,0.05984237717993434,0.06147244337301846,0.06267392832975238,0.06339520194808403
2024-05-28,0.04908092003087255,0.048664426380510585,0.04944480675835897,0.050118792373092524,0.05101752729872469,0.051916262224356864,0.05340086148483122,0.05477490548122769,0.05658497096809052,0.05843438570466777,0.053666881200551846,0.0490565471745936,0.05065868884802427,0.05374909738706139,0.06009899071320654,0.06163968972385038,0.06267619338997729,0.06342216396413403
2024-05-27,0.049437464125185855,0.04841978504151614,0.04944529729683489,0.05011916815788102,0.05101893940915976,0.05191871066043851,0.053370582483752795,0.05477511066065466,0.05660793846859739,0.058440766276540115,0.053567257529837584,0.0490566696472512,0.0507408231653118,0.05404090113828074,0.06036390881452584,0.0618308684060148,0.06253295007388456,0.063322325675716
2024-05-24,0.0486188566168867,0.04853402454736177,0.048925295587224985,0.049522350568559845,0.05053641034509817,0.051550470121636494,0.05314887195192431,0.05471252591633631,0.05653832998799943,0.05838419784066984,0.053609605803888176,0.04899070698569721,0.05058877253068223,0.05389695846683513,0.06057707973574725,0.061948765296325,0.062426628397015634,0.06323650132822127
2024-05-23,0.048546043967372644,0.048286239957135726,0.04843919200903703,0.049129284828991884,0.05020670940034165,0.05124974808111642,0.052853555628085996,0.054457363175055576,0.056427300115566494,0.05839723705607741,0.05364983789801852,0.04900564306948264,0.050679778854866735,0.054196308665738706,0.060588467396219196,0.06202424950731998,0.06221932388400374,0.06308715192659212
2024-05-22,0.046713052790671054,0.04674563104769519,0.04728609125387897,0.048137277064338437,0.04918379864621896,0.05025307069727081,0.051929833663252295,0.05355131872925638,0.055408356800635494,0.05728558006844264,0.05290386366095908,0.04852214725347551,0.05052812775153092,0.053725072014493405,0.0597314997329657,0.06166530264773195,0.061544839298862244,0.06242767775550764
2024-05-21,0.0459994440711778,0.045844333304836345,0.04665491694025667,0.04766018032627334,0.04875981680684387,0.0498594532874144,0.05172276630427988,0.05344732196882559,0.05531957001584625,0.057232519107367374,0.05277074882177999,0.04845606986428889,0.05012863541422649,0.05290869716485763,0.05852615424115783,0.06102310931772096,0.06181935243963356,0.06274071489178404
2024-05-20,0.04572189499622434,0.04584433330482641,0.04665537983256938,0.047660537695425415,0.048760119700350824,0.04985970170527624,0.05174281189948292,0.053447522180554236,0.05534241399139904,0.05723730580224384,0.0526769477555206,0.048456190839936304,0.050148734520887875,0.05296247417856512,0.05859108408918369,0.061046905700329404,0.06179371309317341,0.06272179279722184
2024-05-17,0.04571620603212733,0.045674916020183316,0.04665676856464298,0.047655049337727594,0.048758473940870184,0.04986189854401277,0.05179218572765955,0.053446717599356784,0.05533241381585815,0.057238831968804575,0.05277551592987399,0.04845774280525636,0.05012965627553251,0.0529303149631447,0.05848942945617439,0.060918787185692214,0.06185338369599654,0.06276302317190578
2024-05-16,0.04593005861775467,0.045672088062669106,0.046692605599922346,0.047661967225650206,0.048778488186186464,0.04985937549904604,0.05178952742212898,0.05344394335620007,0.055341725924804505,0.05723950849340894,0.05280007595267254,0.04845715281499564,0.050169820673805654,0.05296033785760368,0.05855398408946384,0.06084327616869969,0.06185256763588548,0.06276224763132186
2024-05-15,0.046148123110734754,0.04657911765598521,0.04624468816854848,0.04744260775771182,0.048594583164560896,0.04977160151503713,0.05178797144143045,0.053454562911204526,0.055375577987917535,0.05723528407282055,0.05284688973232471,0.04845849539182887,0.05034573135666243,0.053067487501026876,0.05861374401992419,0.06108564583250096,0.06175175062602308,0.06269334001073465
2024-05-14,0.045365017730568113,0.046167671859908194,0.045806365437248066,0.046926913180735955,0.048281144075619564,0.04963537497050317,0.05177455440671838,0.05346895396015617,0.05533403966652123,0.057239670714329005,0.0527808704645691,0.04846906362963645,0.0503125905718841,0.05311017405998405,0.05864131170388791,0.061042241866036726,0.06176179526206704,0.06270089864000741
2024-05-13,0.04437352398321913,0.04552094218164233,0.04580681994212471,0.0469272650701255,0.048284208749284296,0.049641152428443094,0.05158687711537624,0.05346915425817026,0.05535875188668884,0.05724834951520741,0.05268900422081733,0.04846918463983928,0.05017745688056925,0.052801630453013476,0.0583950085965157,0.06088347040294552,0.06164809480592695,0.06253153122659269
2024-05-10,0.04419962703250784,0.04551813306917368,0.045507978101831575,0.04670210980003918,0.048133278506382174,0.04956444721272517,0.05150632550610122,0.053405989053969094,0.05527869382520706,0.05717197776975533,0.052711688832746295,0.04839684410020495,0.050073132882100004,0.05269478286725939,0.05825354808824304,0.060823612611619476,0.061583872034943234,0.06246217880222938
2024-05-09,0.04420494546854992,0.04551532441804597,0.04543745577840406,0.0466322902944186,0.04808153166964712,0.04948452066055984,0.051405714409948,0.053326908159336155,0.0552114007354486,0.05709589331156104,0.05266485806736242,0.04833014967629855,0.050026184289262726,0.05251654137604538,0.05829239493180501,0.060715570923557324,0.06151344121834041,0.06239157513660099
2024-05-08,0.04404627681128741,0.04535432623341272,0.045134514605792785,0.04634573265878714,0.0478975894111814,0.04948318217993206,0.051443610312645216,0.053339408946477714,0.055247804780372,0.057095294364248386,0.052713892623604576,0.04833249088296075,0.05004750243992673,0.052350343909294036,0.05832270550156636,0.06053187571469932,0.06157310434869638,0.06252023971619562
2024-05-07,0.043957022910480925,0.04486419842272324,0.045286549195097094,0.046346080205614926,0.047919560667410294,0.04949304112920566,0.051490706088555764,0.05333960876369895,0.05519696256621327,0.057094693625304,0.052641216220707374,0.048334556752526014,0.04975046069867084,0.05206838783147677,0.05813557575587167,0.060452900207064446,0.061402294020832714,0.062349822107006916
2024-05-06,0.043957022910480925,0.04518769632770369,0.045209499072322086,0.04634642775777241,0.04791847849910098,0.04949052924042956,0.051447069016467735,0.05333980858241771,0.05521868264395835,0.057097556705498986,0.052546669125449925,0.04833467742902154,0.049946383321753045,0.05244906497983252,0.05808929467847592,0.060507806716916995,0.06140983807571823,0.062280182754213036
2024-05-04,0.04329988096790552,0.045677744443789574,0.04514257919134857,0.04626748593924898,0.04797930286815676,0.04970993097210749,0.0515564400090489,0.0533427367947857,0.05521490973544029,0.05708708267609488,0.05263924045533837,0.04833643656786739,0.05026896015210124,0.05264370313760354,0.0584098694628855,0.060736514640545844,0.06117591607422043,0.062063115628263686
2024-05-03,0.04329732922495305,0.04567491602018074,0.045143027154386194,0.046264720607883385,0.0479875736298699,0.04971042665185641,0.051545725620728816,0.05334112678593009,0.055204040848851395,0.057087426494881736,0.05263996773714649,0.04833753480846783,0.05026964119997277,0.052643618340586756,0.05841082166512421,0.060737188495073355,0.06117641010791732,0.06206326323493794
2024-05-02,0.04330243311156483,0.04559370780146412,0.04506282616538611,0.046185452814254596,0.04791319324211137,0.04964093366996815,0.05149127220628699,0.053341610742605836,0.055216498046723274,0.057091385350840705,0.05266707568218269,0.048338946658495516,0.05036288905335912,0.05267046830028288,0.05841214668666486,0.0607271451163037,0.06116869071454584,0.06205773160489595
2024-04-26,0.04363233268297257,0.045792495080220534,0.04496923348158485,0.04619683894537158,0.04797189531428807,0.049708778427959045,0.051554160758057126,0.05341982201485958,0.055283516037702526,0.05716791777191039,0.0527394382023884,0.04840722992785602,0.05048328639131744,0.05279958247595426,0.05849570831383485,0.060770763366236026,0.061166048964530206,0.062065512988203723
2024-04-25,0.04346370269333914,0.04579818144810249,0.044598646148760024,0.045977112386844037,0.04777785642431909,0.04963796564984277,0.051481609620145925,0.05334551341429856,0.055206901786983814,0.05708897225269891,0.05271617762019408,0.04834338298768924,0.050427781915509694,0.0528217673026196,0.05841624574459503,0.060818875227269545,0.061058796454586395,0.06196951332583148
2024-04-24,0.043880305118835145,0.04540612750195712,0.04432626493109196,0.045537162784304405,0.04746991928361258,0.04942391486533072,0.05136309979744872,0.05317850696794217,0.05510520721891877,0.05709542506058691,0.052724531235075506,0.04835363740956411,0.050754677204615226,0.0529105369732149,0.058617304456799454,0.06098812395180547,0.060946927824979256,0.06189309268627097
2024-04-23,0.042560916041201824,0.045013996687556936,0.0440260737561661,0.04531728286131487,0.04728395778145916,0.04927224451391273,0.0512499859677587,0.053184733042173235,0.055135665373169294,0.05710803652098949,0.05258949637605069,0.048359373687171824,0.050770271876364924,0.05305690193146342,0.05872418547125654,0.06112119302061233,0.06115818778482733,0.06209228220161084
2024-04-22,0.04256091604120093,0.0448179024453646,0.044026512280347825,0.04517397289396309,0.04721285377393027,0.04927413993829271,0.051213408998882055,0.053110520036415115,0.0550643179051328,0.057039586080100124,0.05259372814229049,0.048244519290085414,0.050924293834241185,0.05308583572793377,0.05871646837361792,0.0610205878665025,0.06098281790977402,0.061932923172544306
2024-04-19,0.0418960974198645,0.0449104817510663,0.043656222120807935,0.04487214455593995,0.047261194399875146,0.049650244243810336,0.051384057319004625,0.053117870394198914,0.05507273695794557,0.05702760352169221,0.052591078608921926,0.04825099988990751,0.050929102738791934,0.05325276442194142,0.0586164393430231,0.061024271086019106,0.060985535813623044,0.06193465967561841
2024-04-17,0.04189609741985333,0.0455041481936967,0.04420328464883914,0.04450500341738635,0.04706240994119993,0.04964791983340707,0.05144628018055132,0.05312985156936722,0.055042612289406996,0.057018431055162376,0.05263629460287794,0.04825415815059351,0.0509087502519244,0.053167734115836036,0.05887052963118809,0.06080430962512744,0.060920429196984954,0.062151802188415504
2024-04-16,0.04156860904523214,0.045112036599197436,0.043883641647756676,0.04340254907495145,0.046288033123461934,0.04920522578789011,0.05097652310480922,0.05270931395831704,0.054670143085230216,0.05665251978496662,0.0521367359190377,0.04790919357646595,0.05045451190296752,0.05292066501094038,0.05856371617666604,0.06107475670195484,0.060440881905788404,0.06171323853473875
2024-04-15,0.040734881927609407,0.043150324660779275,0.042593252148075036,0.042884620680863954,0.04588634412528827,0.04892105354162933,0.05072921159931927,0.05249806187314639,0.05450062933415209,0.05652520303099302,0.05205658211601809,0.0476851051339774,0.0505283488975505,0.052724415698373835,0.058427761621764614,0.06049651981099617,0.06081433271665567,0.06200369125376846
2024-04-12,0.04048671548090905,0.040592747007940876,0.04226151094826372,0.04221770529339451,0.045540234869064077,0.048862764444733635,0.05068858464521285,0.05251440484569206,0.05452961115240154,0.056544817459111024,0.052072315399639434,0.04769704164580854,0.05034984575905719,0.05251189345347024,0.058108122588907025,0.06043024392073398,0.060933943119297215,0.06206564500175888
2024-04-11,0.035301499200469356,0.038483532619022126,0.039994610950753046,0.041589059596244156,0.04512178382208606,0.04877097148394472,0.05061090389143329,0.05245083629892185,0.05442577087284982,0.05640070544677778,0.05198016940267533,0.04755963335857289,0.0496596919285862,0.05194127014264449,0.05772396176435022,0.0599401983812661,0.06100788254833358,0.062071056490518924
2024-04-10,0.03501323552821255,0.03823761007826061,0.03967898364998144,0.04158937153602576,0.04516442192606911,0.04877875858413491,0.05063739479148144,0.05245562586388564,0.05439441060506431,0.0563971113267214,0.051977205846821604,0.047557300366921816,0.049429524265392426,0.05183637042483633,0.05753237272568241,0.060000300253343714,0.061121564614864315,0.062249995637681466
2024-04-09,0.03501323552821255,0.03749966097023179,0.03934844785297522,0.041445483463659574,0.04509526783404887,0.048785159724991894,0.050642629506959,0.05245971951105725,0.05442218566910598,0.05640621738933107,0.051838204842286795,0.04756176756420279,0.04936140498006684,0.05175733180525274,0.05711307629697616,0.059778270768350565,0.060534162782875905,0.06198060860373093
2024-04-08,0.034585772050534015,0.037381563840846004,0.03902756011651265,0.04136887859251619,0.045057367342359156,0.048786388935606995,0.0506443876040844,0.05246199499716012,0.05442375799316821,0.05640707882429727,0.05193651430753285,0.04756313597591548,0.05005594315060331,0.052044978737146266,0.057624467478365915,0.05985735900170696,0.06040447691065822,0.06207165025395674
2024-04-05,0.03473489237711455,0.03737777004802787,0.039026284101743365,0.041294917924742505,0.04501919590655816,0.04878485475483843,0.0507766816333208,0.052768508511803175,0.054588992622353935,0.05640947673290469,0.051934552382703586,0.04755690899663729,0.05016679385632668,0.052372798519382445,0.05831838174249777,0.060301639000268845,0.060781704659423355,0.06209704678096605
2024-04-04,0.03501323552821197,0.038483532619008026,0.03934544918025972,0.04137011980161282,0.04501137409509712,0.048772669738916065,0.05076749492306727,0.052762320107218486,0.05458214495499357,0.05640196980276866,0.05197818126781211,0.047554392732855555,0.050828872805138064,0.05385461283350854,0.058460868848459954,0.06064110410461819,0.06042934737295272,0.06194993733639202
2024-04-03,0.034585772050534626,0.03897528700227416,0.03837693777052924,0.041303121476280874,0.04501830271768574,0.04877431012657857,0.05083751715864324,0.052769030124831445,0.05455211235532307,0.056393977516490244,0.0519735110771881,0.047553044637885955,0.05085839048356385,0.05388404672553953,0.05825993091957162,0.060121744931003834,0.06038429231421253,0.062050491675316496
2024-04-02,0.033452276849859616,0.03791294601567505,0.04065506392341144,0.03978296376803002,0.04433108027571484,0.04892917608568191,0.051032105443012184,0.052957946012356746,0.05470920183750987,0.05647970223217018,0.05195816986910441,0.04772524595474496,0.051323782332490034,0.054440468453727006,0.05910250268459208,0.06077320362300943,0.06111243919616842,0.06303906949902233
2024-04-01,0.030099636780726594,0.03594415659941851,0.037079105772362196,0.04111140290858509,0.04515708327963088,0.04924722167673212,0.05138742196951135,0.05330468473179274,0.05507265852486986,0.05686006060138739,0.05242252126255234,0.04808145017021371,0.050107373562148845,0.05424925377765886,0.0591209829506258,0.06100855545165945,0.06280612235828438,0.06401670489795769
2024-03-29,0.028613073116992536,0.03257014667911707,0.03610402524932713,0.04081878659915449,0.04504817791008514,0.04927756922101578,0.051256407415596075,0.05323524561017637,0.05504874910024117,0.05688218120008691,0.05242240034085883,0.04801162806250139,0.04999422880402267,0.054466088256230845,0.05907789686693633,0.061105911501833164,0.06306777316270051,0.0642522762675073
2024-03-28,0.02669342338507666,0.03182885666591506,0.03512618775235765,0.040708593907410905,0.04498562967580515,0.04912616430265489,0.05112079558699103,0.053115426871327164,0.054969944005903486,0.0568244611404798,0.052419951092532675,0.048015441044585556,0.04977821374949695,0.05397564877115376,0.058882869525995626,0.0607660742696177,0.0628988998416116,0.06467151653357471
2024-03-27,0.02627506709059008,0.03109135674679858,0.03480720653074649,0.04038169539550225,0.04467456244598605,0.049060752693219495,0.05116910846957214,0.05320795801153953,0.055124545988885706,0.05697996626482721,0.05246284703018613,0.04794572779554506,0.04977081266260285,0.05390114778960844,0.059321668815438024,0.06124562643089855,0.0633327538254349,0.06514319703958824
2024-03-26,0.026125643465669333,0.030844544402088798,0.03480720653074708,0.04030499305855895,0.04464801123114911,0.04899102940373927,0.05107280880239479,0.05313171150436178,0.05499488955544093,0.05689857147719571,0.05230947604373366,0.047871669470715424,0.050080932088098745,0.054417035651123505,0.05956268328424084,0.061616863622447185,0.06382324373382713,0.06605997865680403
2024-03-25,0.025986176351968125,0.030726063597887345,0.03415255265056491,0.040045357022873485,0.04447989415932715,0.04891443129578081,0.0510038389976752,0.053070286175372954,0.05495368277993923,0.0568370793845055,0.05225242809123229,0.04771815758140164,0.04979201095486494,0.05396308951189117,0.059353613888724635,0.0612905592998701,0.06376812089893054,0.0656940680973519
2024-03-22,0.025655618480607583,0.03059642904412539,0.03415097285225969,0.03996444977240459,0.04440652395652181,0.04884859814063902,0.05092210913121796,0.052995620121796906,0.05486811107162091,0.05676117884506935,0.05218304975995872,0.04765522978567348,0.04990445800591568,0.054014746056034506,0.059715079676507965,0.06178360019330565,0.06423329898496481,0.06614898916398068
2024-03-21,0.025318658895236133,0.030595156800182415,0.0341493932483969,0.03967096175328587,0.04425400020685875,0.048690771475743126,0.05077068715100612,0.05285060282626911,0.054734873740545836,0.05661914465482256,0.05206080727447297,0.04750246989412339,0.04974025761934089,0.05381796385237757,0.0594036416935612,0.06143779592426699,0.06409512302412562,0.065827746896807
2024-03-20,0.02466099485889025,0.030548329158274427,0.035246718734905494,0.039603829116778365,0.04409688146516217,0.0486876088645978,0.050842438974648144,0.0529262307294221,0.054802227475544835,0.056618351985089195,0.052058596685821704,0.047498841386554226,0.04973713955355945,0.05388211102367209,0.059455056783737324,0.061460234540034825,0.06396471445199657,0.065533604238938
2024-03-19,0.023783940320776426,0.03035082781985113,0.03509046435708385,0.0401915845233378,0.044594254717117365,0.04899692491089693,0.05107803271270431,0.05313627119800831,0.0550585161563497,0.05702254904856807,0.052290423018826,0.04771430114391057,0.05014280208805332,0.05412065565030882,0.05989498435475996,0.06194899819232053,0.0645757155360854,0.06613034437487922
2024-03-18,0.02406302410256406,0.030153306869516082,0.03509046435708415,0.04012448976783501,0.04460059436781398,0.049076698967792945,0.051118728211653766,0.053138317573713914,0.05506218269115315,0.056986047808592385,0.05236541895557225,0.047795566243794094,0.05048111137321751,0.05423461301098958,0.06031942315247225,0.0622910425252361,0.06495392634809763,0.06650410705551048
2024-03-15,0.02406144537872751,0.03034957583210521,0.03508879698996725,0.04026495663501613,0.04467065454680821,0.04907635245860028,0.05110606647233078,0.05313578048606127,0.05505026896646341,0.05698579578181502,0.0523656635550867,0.047796302012168584,0.050305844923915516,0.05434766931879145,0.060395637707938266,0.062289746425523436,0.0650767030372029,0.06661574252760512
2024-03-14,0.023624455083328597,0.03054579271346965,0.035165244516584586,0.040491515779687334,0.044886286855228275,0.049140799279422165,0.05121106355556618,0.05328132783171018,0.055172921334219284,0.05706451483672838,0.05250509368354403,0.04794567253035968,0.05042474420550814,0.05445873730003814,0.06039603654711259,0.06239677491337657,0.06539378168000429,0.06700231013404215
2024-03-13,0.023624455083328597,0.03035082781985015,0.03509046435708395,0.040491819551112036,0.044768688576057966,0.04913853301458968,0.05124722477501498,0.05328639922465703,0.05520597297219024,0.057064283727780905,0.05250370615817552,0.047943128588570125,0.050474184514894216,0.054463652214527085,0.060586569277237746,0.062366850705722204,0.0653541037311071,0.06697527292595254
2024-03-12,0.023435058059258128,0.029758206117683584,0.0350904643570841,0.04034773371106042,0.044748692342316265,0.0491496509735721,0.0512315483134153,0.05329056766051297,0.05515605919496236,0.05706210489320413,0.0524285138394657,0.04794767853475161,0.05022972232112901,0.054476655301773425,0.060372886488906465,0.06248406960779152,0.06547641664651443,0.06707904508049717
2024-03-11,0.021710133363852864,0.029856988663155764,0.03524671873490762,0.040453924955130366,0.044932867322223874,0.04941180968931738,0.05139509977173136,0.05335659545763529,0.0553617467873894,0.05736689811714351,0.05301179988290005,0.048704559871010925,0.05094407909583191,0.05507037439112662,0.061333147580621646,0.06362633477819529,0.06690442279336561,0.06882749988940401
2024-03-08,0.021858419821799934,0.02992491624384636,0.03546959867590118,0.04126760949289152,0.04545207120326291,0.0496365329136343,0.051604010522620626,0.053571488131606955,0.05552969717142102,0.05750942499189239,0.053154137764420746,0.0488467108361521,0.05111182444389019,0.055449263629256,0.06197747812447373,0.06421942143877381,0.06684310259274105,0.0692276059139092
2024-03-07,0.022876782793337207,0.030022457244554837,0.035838792038337196,0.04149420944343057,0.04597583316978669,0.05031442635168465,0.05201055143967867,0.0537066765276727,0.05559683330539255,0.0574869900831124,0.05316128266496807,0.04883557524682374,0.05090690356654082,0.055271838448437,0.061314946830472006,0.0635034987343591,0.06723739750320616,0.06951861792300712
2024-03-06,0.021500698528832515,0.030350827819848585,0.03592035567581681,0.04153298445366976,0.0458730332724816,0.050307430978658904,0.05207750906468212,0.053789232928089195,0.05566636396794697,0.057483586570362476,0.053156789260424574,0.04882999195048668,0.05076781099718234,0.054979338176408224,0.060913975038211575,0.06343953969926756,0.06775473542677521,0.07013587678203953
2024-03-05,0.02199933477300762,0.030350827819851458,0.0360667533824006,0.04167752286936948,0.04606861335073789,0.0504597038321063,0.05220576658419887,0.05393264183352119,0.05575763606551725,0.057622304085165395,0.053226247751605706,0.04897511635211942,0.05091383171816746,0.054969991615504636,0.06089556890162328,0.0634271172554988,0.0680168679740989,0.0704257751214359
2024-03-04,0.02199933477300762,0.030350827819851458,0.03614482557520408,0.04175474861771182,0.04614625483888491,0.05053776106005801,0.05228307672068838,0.0540092130883448,0.05585683521877448,0.057704457349204166,0.05335403220273129,0.049051413925999876,0.0509272629016051,0.0550857528580764,0.060899504611830885,0.06345200712304307,0.06802378987817793,0.0704342403886007
2024-03-01,0.022626131309938145,0.03051490810641566,0.036221116972534786,0.041827357135166596,0.046132921836206355,0.050533114332873365,0.05225163782459274,0.054008779821744006,0.05586581590317651,0.057784072954326575,0.05344310930768172,0.049053370788602654,0.051001798369904,0.055112245272768666,0.06088154149256643,0.06353271210904862,0.06792185114428818,0.07044723868955881
2024-02-29,0.02200065476888493,0.03052123730761451,0.036966156788005675,0.04249601048705246,0.046615691208268015,0.050826920389955024,0.05258081876507149,0.05427874166013104,0.056080934014387296,0.05806744149578339,0.05377696144600573,0.04934021503089473,0.05114629789294578,0.05545214679742187,0.06143059063766995,0.06394267559334856,0.06814645600809324,0.07070373548522507
2024-02-28,0.0229978620485899,0.03052123730761451,0.03674180279066585,0.0423399217232399,0.04647974688540746,0.05075911671596268,0.05246790297065415,0.05421383675262153,0.05605532661613374,0.05800264923042251,0.05356271518787623,0.04926448116796441,0.05129864888518739,0.05546813493028427,0.06123853969689444,0.06380575520775328,0.06817248146267217,0.07102004488745817
2024-02-27,0.02260898029583602,0.03074838071880727,0.03696615678800608,0.0424939455001913,0.046590659216123036,0.05082546440562549,0.052554410670842606,0.05428335693605972,0.0561496622219168,0.058078876674712884,0.05375507088150417,0.04933726931018223,0.05129947937261106,0.055370758113755573,0.06125500491420466,0.06396151016864834,0.06792634563887963,0.0710080276397206
2024-02-26,0.022388911150435106,0.03114335163953333,0.03681984323770874,0.04256150333122016,0.04666168413702598,0.050900073284600535,0.05263011303909303,0.05436015279358552,0.056220600138203534,0.058143759191067096,0.053774815528662465,0.04940587186625784,0.05147269613573927,0.056256068702109974,0.061685122560248704,0.06439772136586072,0.06787227417206546,0.07139468563420051
2024-02-23,0.022499288974998765,0.03114335163953333,0.036962457887121714,0.04271340539563192,0.04673961119758421,0.05104033103148781,0.05277779356407179,0.05451525609665578,0.0564075084796587,0.05829976086266162,0.053953570124625504,0.04955961904880876,0.05160541357000555,0.056232926571952085,0.061557835932502275,0.064266594048492,0.06806644144361401,0.07080164748579644
2024-02-22,0.022499288974998765,0.03114335163953333,0.03674180279066609,0.04249012672795755,0.046578137712205,0.05090109185646667,0.05262072735981759,0.05428548087901901,0.05613793389413965,0.058074589319038514,0.053661307572719835,0.04934293511126822,0.05138747805047202,0.05581165590730959,0.06136002729889537,0.06376252727424268,0.06812120063871753,0.07098328496875395
2024-02-21,0.02238959469534682,0.03114335163953333,0.036224669636231374,0.04197697424116673,0.04610704469443468,0.05037633100567796,0.05205698033932555,0.05377416552805244,0.05561154572672902,0.05755452248854794,0.05311954083226889,0.04882610114374344,0.050984052478677835,0.05524948886010231,0.06096272936337523,0.06348388089687468,0.06791329454548724,0.07069438493729939
2024-02-20,0.017180697762110182,0.03074838071881849,0.03584400978861605,0.04175620082127651,0.04596314461370656,0.05031189550026347,0.05197855405397754,0.053699560169225766,0.055525874766352123,0.05747960666095241,0.05316274958243449,0.048752047784818356,0.05082533189644364,0.0551912122161827,0.06082781126678469,0.06326539898124155,0.0678929242789381,0.07075988843096948
2024-02-19,0.016730960490860654,0.030945875876017655,0.03584400978858817,0.041756513276470425,0.045924342526206356,0.050232660402337884,0.05190892422139072,0.05365806907605455,0.05542221563671817,0.0573316448553188,0.05296891287403949,0.048606180892760156,0.050671390123213145,0.05500310465557105,0.060711353442935746,0.06324475759593276,0.06770357167012755,0.07047045464162902
2024-02-16,0.016731342384024486,0.03134080801316285,0.03565507783951102,0.04175482834083979,0.045774564972759946,0.05006837455685647,0.051723585037522536,0.05350611940131676,0.055267979369110536,0.05717666100088712,0.052839385317459096,0.048454447263883496,0.05052946609109528,0.05479251314070091,0.06052610270048355,0.06298775816404804,0.06758361941432592,0.07033474582011055
2024-02-15,0.0170109471177698,0.030847130721861325,0.035658520814254295,0.041790964465197505,0.04593262353263943,0.050312308983267676,0.05200484057059745,0.053769394778664666,0.055378339533130386,0.05724550998893011,0.052926298694431925,0.04860708739993374,0.050827550459193814,0.055222858617962195,0.06093372598489337,0.06318090260900246,0.0679381050188854,0.07079701169200232
2024-02-07,0.01695103343603222,0.03193306083277834,0.03573662457448176,0.04179872036164586,0.04605309574809921,0.05045087704645549,0.052244159255674424,0.054076425860745944,0.0557984035906701,0.057619345557946226,0.05310828280866424,0.04874119014712529,0.05107854169113397,0.055554357855026736,0.06104244817299785,0.06338567294668596,0.06833248891062378,0.07216942927691665
2024-02-06,0.017729842456425202,0.03153824500071338,0.03580496161866667,0.04186633031099015,0.046160965049104406,0.05060036275591915,0.05241855894869271,0.05423675514146627,0.05597722914276132,0.05777637080702138,0.053382230418361966,0.04889256523864475,0.051240231125829816,0.05569499286847341,0.06141997553588622,0.06358141029805801,0.0684306411666697,0.07229173783861817
2024-02-05,0.01673096049102223,0.03173566260599673,0.03565852081426256,0.04186664362309741,0.046160413390821456,0.050598916970940704,0.052417937541440356,0.05423695811194,0.05605045698922992,0.057925085042158826,0.05340995537915166,0.04889482571614451,0.051212033167564834,0.05582262015868,0.06138364949278947,0.06356472582437198,0.06828886934482127,0.0723659901412189
2024-02-02,0.016511639463138814,0.031093984516604577,0.03549888658441867,0.04201872780848234,0.04657129072401851,0.051123853639554684,0.0528660736230322,0.05460829360650972,0.05641484321136039,0.05822139281621106,0.05374613548051349,0.0492216994927753,0.0516006987316853,0.05608906603304626,0.061522821987616376,0.06402600466257595,0.06864338666707943,0.0727372866405874
2024-02-01,0.01595199491639641,0.03171592171755766,0.035209335546606595,0.04193949295196865,0.04653512396804618,0.050979250664912365,0.05282417902814923,0.054610226698942374,0.056393530214565904,0.05817683373018944,0.05364593781449258,0.04911504189879571,0.05118316810784146,0.05593010368284309,0.06134768015652363,0.06373382130104742,0.06863735140763352,0.07270267461047507
2024-01-31,0.016291200472620504,0.031340808013163114,0.03268718882893594,0.042158152080566766,0.04666960857861543,0.050982759296530074,0.05277496038471276,0.0546061223661168,0.056445463377304175,0.05822416677273813,0.05359509732708904,0.04911376414034366,0.051171176035839205,0.055797299133736177,0.06126346302205506,0.06358041070561943,0.06871982284957023,0.07242544894126679
2024-01-30,0.015292114201643099,0.031014994599085036,0.03203143306690549,0.04193480924173319,0.04650818626949993,0.050830278845191576,0.052651998634720275,0.054473718424248974,0.05634771218521909,0.05808215321930845,0.05357101934171007,0.04896181733633782,0.051111364415930144,0.0555906352218934,0.061254215014351056,0.06354774312874381,0.06848241901062137,0.07331346281510888
2024-01-29,0.015401662630004873,0.031014994599085924,0.0323642448791208,0.04252796341798751,0.04672084659059822,0.051209697987157916,0.05298714525624513,0.05476459252533234,0.05650182774407579,0.058258365576360834,0.05375721278266832,0.04925605998897581,0.051418503024000764,0.05607800111082773,0.06138453014837798,0.06378021724184028,0.06867341416074069,0.07280061949204164
2024-01-26,0.015512511872898128,0.031666568648639794,0.032361406314693676,0.0427030960650906,0.04661090270195682,0.05104292730230509,0.05260187130531243,0.05416081530831977,0.0557647244004789,0.05733376590367805,0.052756359924153604,0.04812865278001899,0.05029048534471723,0.054856442021878574,0.060278178434353014,0.062386203403732556,0.06757989915181277,0.07098091491236377
2024-01-25,0.015622387135962344,0.031666568648639794,0.0323642448791192,0.04270066783694385,0.046632391422106054,0.051049512980745074,0.052630360239669785,0.05416075492650116,0.05576175869574523,0.057327958035223114,0.05272933769066482,0.048130717346106515,0.050012007035402054,0.054635316146552766,0.05991033365945652,0.061985917498767674,0.0678041631268547,0.07099363618833585
2024-01-24,0.01640141654438325,0.031666568648639794,0.0323642448791192,0.04298506297136566,0.0469951374980611,0.051049768408386494,0.052570710240628024,0.054124716025744375,0.05570192769253988,0.05733290793888522,0.0526469497011611,0.048110543322087744,0.04960522624445392,0.05426959018692563,0.05953143889015115,0.061851101747003916,0.06792828576186082,0.07123456979101016
2024-01-23,0.016840802472972843,0.032002145634726885,0.03268718882895423,0.043283059684327385,0.0474625980518229,0.05168857573451282,0.05318946235936303,0.054690348984213245,0.056413699435285666,0.05815619822470334,0.053362550127060836,0.04846469228816524,0.05050033802892389,0.054741127240842305,0.05991753628088014,0.0623070755229227,0.06815361649225761,0.07150440572428841
2024-01-22,0.016621115508835285,0.032002145634726885,0.03317634912263507,0.04372493496357832,0.04786848750676186,0.052058079522647446,0.053593601934622426,0.055129124346597405,0.0566278024576252,0.058143132547664414,0.053408807108020116,0.04867448166837582,0.05059158349794525,0.055147315089173914,0.06028452100634045,0.062475665180545925,0.06850501796664582,0.07031755602105763
2024-01-19,0.01651126752672991,0.032002145634726885,0.03349605656284367,0.043723032001194526,0.04788765197586202,0.05205227195052951,0.05359265659678847,0.055133041243047416,0.05663888277251218,0.05814472430197694,0.05343661733659724,0.04867677293203755,0.0509245884742091,0.055364710705253346,0.060211151299057006,0.06241776443243968,0.06830103095453492,0.07167340462311172
2024-01-18,0.016730578620934095,0.032002145634726885,0.03383154319993031,0.043720474826661804,0.04781992121134054,0.05205912145004241,0.053641209250011965,0.055172804886152706,0.05665587025056723,0.05813893561498176,0.053408432366825076,0.048677929118668396,0.05084238775184899,0.05512677665917367,0.0601367513655915,0.06231117895720531,0.06809762850032895,0.07173203777693428
2024-01-17,0.017399951513198994,0.033314306142768826,0.03383154319993031,0.044052822254528154,0.048250371963629815,0.052494561113943725,0.054052891153717995,0.055645097933487354,0.05701382072711581,0.05842920452507251,0.05350220007877447,0.04873244045523062,0.050987062070773845,0.05528668425961023,0.06010109232556016,0.06237263668300334,0.06926916075552496,0.07200998480767772
2024-01-16,0.018617828556528937,0.034625611030766806,0.03415413264334699,0.04449438425689325,0.048654960241257476,0.052861764847670197,0.054436025270461146,0.056010285693252095,0.057470117565077326,0.05894616979103395,0.05415013216352113,0.049249832848453676,0.05108883488876851,0.05525163171062396,0.06011252726287552,0.062489624665790465,0.06954182866743232,0.07195795050537929
2024-01-15,0.021611040727685153,0.034625611030766806,0.038691447446566656,0.0444947172887206,0.04870835857378728,0.05296881809535471,0.05456807945374392,0.05616734081213314,0.05768109947298005,0.059211677674503034,0.05434409146958624,0.049476505264669436,0.051625805875458446,0.05564044707154365,0.060333035487091444,0.06262353776814475,0.06869225020127494,0.0726264198593969
2024-01-12,0.022598312100706484,0.035207044032634346,0.03884321315197879,0.044646140883866405,0.04884070449441823,0.05303526810497006,0.05463467000583381,0.05623407190669756,0.05775538897312925,0.05927670603956094,0.05443646846319082,0.04954304146290454,0.04999544134136763,0.05329977236681708,0.0578073251119264,0.060086363502725684,0.0660670516651404,0.0699067769548063
2024-01-11,0.022797731441753868,0.035207044032634346,0.03891547424981671,0.04464346885527058,0.04877249903436995,0.05304229160593861,0.05466372774574045,0.05623341592363373,0.057752077572836756,0.05927073922203978,0.05440780528280816,0.04954487134357656,0.04953206899764578,0.053017715724228316,0.057536037359138925,0.05988207245078168,0.06627986610284445,0.06921531767633872
2024-01-10,0.0229971408956012,0.035207044032634346,0.03907129682555579,0.04464981588079441,0.04882300208414829,0.05304255702309499,0.05463754986986542,0.05623254271663586,0.057745849640898676,0.05927597108654219,0.054329615429782,0.049541122187599256,0.04962169213894011,0.05278860277605789,0.05731089944690214,0.05952765364659588,0.06640103276765588,0.06847800494442212
2024-01-09,0.023395930145615404,0.03528586946478735,0.039373151348551544,0.044726858516387476,0.04886151438659704,0.053042110877586715,0.05463631456099695,0.05623051824440718,0.057744680389242756,0.059275666557909834,0.05445963715669497,0.04953891146414934,0.04950592376278504,0.0532257986919543,0.05720773750648935,0.05941242304871974,0.06616053478287026,0.06821216062595245
2024-01-08,0.023694996136515975,0.03573905574903858,0.039665203695707876,0.042529068180395015,0.047942849272207086,0.05341678348726151,0.054968673043712536,0.05652056260016356,0.05799633959756455,0.05948851411715888,0.05468467562626617,0.04988083713537347,0.0500684837470364,0.05333921286073768,0.0574472079363958,0.059679110975283015,0.0678106710557121,0.06786580427731846
2024-01-05,0.02489103777041325,0.035817860330911874,0.03996260352120379,0.043007577737570225,0.04826595668756353,0.053410023051687426,0.05495910131068609,0.056508179569684756,0.057999326775069374,0.059490473980453984,0.054708315822151764,0.04987360647529678,0.04992989067420551,0.05336819732012716,0.057777318859953714,0.059963133286853085,0.06749949251713538,0.06803598270461918
2024-01-04,0.02578783564217419,0.035817860330911874,0.039927996223770634,0.04698224019340667,0.05021732440921549,0.053562695586926876,0.055115188632239596,0.056618134027169996,0.05812797035617099,0.059637806685171976,0.05479920654299184,0.04996060640081172,0.05013602665893063,0.05444455617195114,0.05842182631426964,0.0606982245214329,0.06743727227382931,0.06827043653354851
2024-01-03,0.02753103706494393,0.0364186437433799,0.04067715774315909,0.047849880648281225,0.050871233214616084,0.05392615636502133,0.055430498755391,0.0569675442412035,0.058460616762942265,0.06000458948428576,0.05507831797110148,0.05030926788918903,0.050385795171773363,0.05478978218308362,0.05893779358251177,0.06115254692115718,0.06777034216385845,0.06867113842909
2024-01-02,0.029154025356384266,0.03710784624438406,0.04164946803722539,0.04778332493837452,0.05124464986654441,0.05474443396058285,0.05628073865995436,0.05786714025169667,0.05942099659268325,0.06104629460451979,0.0562144464777793,0.05127755817437055,0.05112954567975728,0.05549662061607568,0.05937542976844362,0.06159806863548176,0.06889426795812452,0.0697320509165689
2023-12-29,0.02936042253969357,0.03753353187219697,0.03805307222726886,0.047760426340090555,0.05141955549735283,0.05507890439573673,0.056630878825004546,0.05818285325427235,0.05984824120246725,0.06151362915066215,0.05664479130044721,0.051828875600778083,0.05155100104697645,0.05605342657444792,0.05943606474520267,0.06175395897252425,0.06956718590393976,0.0703502348294106
2023-12-28,0.02935953869543157,0.03749741544793368,0.038050740651269975,0.04768054807035507,0.051217787724487374,0.054996437450028204,0.056551885640621906,0.058107333831215614,0.05977110830101278,0.061434882770809954,0.05659527624901592,0.05175566972722188,0.05147658243163195,0.05576653427223771,0.059276185663834934,0.061660912820063245,0.06953933336771251,0.07030597220618415
2023-12-27,0.029468135963149213,0.03753621532314615,0.038054269483120004,0.047762775741571534,0.051342971250830705,0.05500328226306009,0.05657457453378435,0.0580957191788472,0.059707223316356986,0.06142860273596972,0.056589296613558965,0.051749990491148194,0.0514101782711608,0.0557696424715312,0.05899808994874427,0.061494240855505006,0.06969902735390686,0.07042683130631025
2023-12-26,0.029357771166537715,0.03753565341216726,0.0380538903847899,0.04768594112284637,0.05126572134438338,0.05492571890373221,0.05647903111048418,0.058015459488901897,0.05966303189312678,0.061347217017445554,0.0564311748270408,0.051672027600159584,0.05156945129124859,0.05551602752149576,0.0589225436460923,0.06132046068137306,0.06964841910529054,0.07036904232973935
2023-12-25,0.029137929604451974,0.037535091518010884,0.038053511294012736,0.04768558418413353,0.05126548594406895,0.05492571890373084,0.05647903111048226,0.05801545948889943,0.05966303189312366,0.06134721701744175,0.056484316228249995,0.05167427305633206,0.05169663913068169,0.055430578824234515,0.05903381870818171,0.06112217215158491,0.06963382625669935,0.07042281794966797
2023-12-22,0.028906396053584735,0.03737223547039438,0.038050428340612306,0.047604994694344135,0.05122105035842083,0.05483808342289326,0.05639039140146146,0.05794269938002966,0.05960864232204434,0.06127458526405902,0.056406017316499975,0.05159036858576224,0.051291719098798455,0.05529401908474537,0.05894195370281021,0.06124312203303593,0.06939491410674169,0.0702576015574344
2023-12-21,0.028905526060324826,0.036716013506730046,0.03804810649659067,0.04703752360269623,0.05053722717957115,0.054276591813839425,0.05583423497136378,0.05739187812888813,0.05905566492279903,0.060719451716709935,0.05588120409997409,0.051042956483238255,0.05079426850519006,0.05481318095029053,0.05833538541398667,0.06070643339379286,0.06878160579292392,0.06964488045360637
2023-12-20,0.02885489595847896,0.036715463923393886,0.03805161595341609,0.0470431028910446,0.050622927288241894,0.05428363693056536,0.055858514478180625,0.057383129976403914,0.05899344630326541,0.060713556925140195,0.05587625878432841,0.05103896064351663,0.05073921249834083,0.05459476434164105,0.05822821137906826,0.060365108361845006,0.06894489623808762,0.06971255194429929
2023-12-19,0.02896349581410029,0.03671491435651697,0.03837273262336077,0.047042750779917736,0.05062269429682303,0.054283636930565406,0.05584456945547118,0.05738853532249755,0.059035393958589484,0.060718849453261246,0.05579918028039771,0.05103652182581705,0.050643878535458375,0.05457847901080186,0.0583317377615035,0.060488424550458594,0.06905678491533014,0.06982172461214259
2023-12-18,0.029291001155739103,0.03663562004889769,0.03837235038293493,0.04696587128065019,0.05054576609843468,0.0542067701166707,0.05576318983876994,0.057302691955194184,0.05897396247473804,0.06068237233916064,0.0558163062481268,0.051003132179821574,0.05051766208646732,0.05456263216983352,0.058275817949202564,0.060555802242394034,0.06942679962833229,0.0700138956402069
2023-12-15,0.029626626128502385,0.03663043084253393,0.03836923483729677,0.04720095957633427,0.050779549475524564,0.0543598593338133,0.055912428392825855,0.05746499745183842,0.05907206206241925,0.06067912667300009,0.05581058277043846,0.050994957823339446,0.05046105062146387,0.05454041800122047,0.058159234211743634,0.06030693826068397,0.06961311845929814,0.07015863426910446
2023-12-14,0.029396915481165974,0.036712166768894876,0.03836688665815374,0.04727411579716017,0.05069655938524354,0.05435416839383016,0.055908603850297056,0.057463039306763955,0.05906981848903754,0.06067659767131114,0.05583633939206838,0.050996081112825616,0.050420394775496695,0.05475403474900492,0.058355924987983455,0.06060797006535205,0.0693682829999137,0.06992133431198166
2023-12-13,0.029674583294435293,0.03682971978358964,0.03918839282765681,0.047279739636542056,0.050780010920931554,0.05436013104753656,0.05593232175427578,0.057454336161863746,0.05900917803823843,0.06067003186072956,0.05583108014436503,0.05099212842800049,0.051025707343292835,0.05623360784693144,0.05881321036896979,0.061203598958466436,0.06920674305002145,0.06984545330367528
2023-12-12,0.029673690422965467,0.03682916856425572,0.0391880024855812,0.04727938577276212,0.05077977822899672,0.054360131047536564,0.055918404958432776,0.05745974110942794,0.05904985596440574,0.06067530670504971,0.055753972792451034,0.05098970272812677,0.050847736697149135,0.05679327019715065,0.05902544381567293,0.06145846051445428,0.06908778970129274,0.06967548396689395
2023-12-11,0.029672797605224767,0.036828617361421574,0.039187612151280186,0.04727903191427906,0.05077954553275162,0.05436013104753664,0.05591840495843282,0.05745974110942795,0.05904985596440574,0.06067530670504971,0.05580713170675744,0.05099187165409877,0.051026421153192614,0.05678069796784199,0.05908805887787307,0.061437703032737455,0.06907041459715661,0.06966059818326467
2023-12-08,0.029779529015831873,0.03682342311947409,0.039184397442602686,0.04727498722869893,0.05081528603277818,0.05435803133724783,0.055910254223500946,0.05746247710975407,0.05907017363998708,0.06067787017022009,0.05580921402193712,0.05099347804917897,0.05067624991764221,0.056811280702581506,0.059052060019840306,0.061494454497871144,0.06908615820881371,0.0696717270927007
2023-12-07,0.0298880363932187,0.036914977046181636,0.03918196628921873,0.04735768959842358,0.050780603847382734,0.05443951146960398,0.05598891209730637,0.057538312725008776,0.05914504607185356,0.060751779418698346,0.05591163747389935,0.05107149552910036,0.05095978821411763,0.0568258017966796,0.058941277672910596,0.061506225325097245,0.06896855897255438,0.06956998430712463
2023-12-06,0.030006479298476503,0.036914424600434904,0.039185660596407636,0.04736332070600041,0.05086464032481353,0.05444659433236884,0.05605808917198551,0.05761815332523142,0.059130494245270795,0.06074594931894921,0.05590537839966475,0.0510648074803803,0.05072769800679876,0.05639648303404903,0.05901521639166597,0.06143723148306873,0.0690790325654417,0.06960530003566506
2023-12-05,0.029886238183942183,0.036913872171226055,0.039185270308758006,0.04736296623523167,0.05086440727392019,0.054446594332368835,0.056043773378001566,0.05762359178183394,0.05917022859889071,0.060751235122993186,0.05582823380770662,0.05106234955567388,0.050549869896387635,0.05663277307008424,0.05879378030718344,0.061272183559198425,0.06913074314157526,0.0696877819692526
2023-12-04,0.030114061189977878,0.036913319758551284,0.039184880028882985,0.04736261176976871,0.05086417421870981,0.054446594332368814,0.05604377337800152,0.05762359178183386,0.05917022859889067,0.06075123512299318,0.055881410770190404,0.05106451929078767,0.050553067882999105,0.05654616266755925,0.0588416813978474,0.06142585178363046,0.06908600961384466,0.069653496157938
2023-12-01,0.02994230490167634,0.034447250544944887,0.03917760800997707,0.047435038649738664,0.05094943032366962,0.05446699039975884,0.05616030818773266,0.05778079510310546,0.059314825084412236,0.06084885506571901,0.05586145264097708,0.051139337579253354,0.05200186924762179,0.056792741107639544,0.05870207150306349,0.0612573611322899,0.06906820100228335,0.06977450360619915
2023-11-30,0.030070666095338205,0.03445130976143031,0.03918535122663856,0.047431689273436835,0.05088953286909489,0.0544685911945653,0.056187265825476874,0.05778062043121781,0.05931018599779531,0.06083975156437281,0.05583079225106852,0.05114155374499641,0.05204452696852865,0.056789528373484506,0.05871285949579867,0.06126789734512384,0.06906078060083015,0.06976880821207036
2023-11-29,0.030068852743323563,0.03445079140821481,0.03950614977807491,0.04751380522911724,0.05104768983017104,0.054546206908844805,0.05618441980053682,0.05785824601596126,0.05942084458278442,0.060931928911140874,0.05584155236843705,0.05122347880392223,0.05204410243856548,0.05641408853521819,0.05939926201544186,0.061883056307194206,0.06866412163647073,0.06992310221792856
2023-11-28,0.030067958209714356,0.034775361195729305,0.04015762432240524,0.04747521070423444,0.05106598687783583,0.054543183592232994,0.056204031144360726,0.05786487869648845,0.05945664714237023,0.060929879640154436,0.05612795203169886,0.05122163469262468,0.052186785191776434,0.05658917886695359,0.059584418949535825,0.06196876038190152,0.06864849847549219,0.07007868517229997
2023-11-27,0.03018635942524238,0.03526728817491667,0.04262557849074362,0.046881969078577064,0.050732324328472446,0.05446100024814698,0.05612777110850323,0.05779454196885947,0.05934248327749053,0.060839948239101015,0.05595371521037864,0.05106748218165625,0.051938351976539995,0.05632807232375051,0.05938222330466696,0.062053847707153276,0.06804838172006815,0.06982735470521068
2023-11-24,0.030430370024439542,0.03526569640346966,0.04261950490833051,0.0468779961919932,0.05066381884345407,0.054453851884109214,0.05612494185295047,0.05779603182179173,0.05933508432604171,0.06084067916715582,0.05598121638490611,0.05106835291274156,0.05179383696009091,0.056317994928958594,0.059262549651313945,0.061895345765842665,0.06848599447908778,0.07020313581130402
2023-11-23,0.030868567001395106,0.03526516584491722,0.04286656651209266,0.04726672696265986,0.05096158317765727,0.054538604698371344,0.0562716809692127,0.05794944629523997,0.059475316046243905,0.06100118579724784,0.056154099371713465,0.05130701294617908,0.05185636926717263,0.0562610094033352,0.059128939258840905,0.061840831290880506,0.0686314478436304,0.0703267843899606
2023-11-22,0.03086764884054175,0.03543202829381667,0.042866138060624344,0.04727230960935972,0.05095745280128264,0.054372140541860264,0.056138715708135466,0.05794369468237317,0.059503411057933456,0.06101170821232142,0.05618456482187603,0.05130495248153451,0.05194712278135216,0.05614145966802113,0.060225216926100944,0.06278206576788248,0.0685739539647452,0.07013884625729976
2023-11-21,0.030985980977965857,0.03608123204321092,0.042943360257084714,0.04747272380766968,0.05105821102249495,0.05453100875481686,0.056320302277978775,0.05810959580114069,0.0596994524234147,0.061170915467434264,0.0563690428205808,0.05146278163792616,0.0505466218261326,0.05663655925599696,0.06044230287783706,0.06300713201587711,0.06859944935967652,0.07017697206934727
2023-11-20,0.031233478504051667,0.036080689239742905,0.04298175428493402,0.04754884041014461,0.05113502384191665,0.05460859919447515,0.0563970990128298,0.058185598831184446,0.05979281047839827,0.06124775996956025,0.05639428570666153,0.05154081144376281,0.05036814229803917,0.056794190126615025,0.060446093294793536,0.06281736631864777,0.06843142526462559,0.07001712777142714
2023-11-17,0.03160639964477862,0.036079060927328876,0.04314055407912892,0.047783677015673265,0.0511903033845896,0.054601436143988547,0.05639072865657083,0.05818002116915311,0.05983209697534671,0.06124816195208408,0.05641938436010051,0.05153754327809515,0.05214107232232189,0.05608220628198509,0.06043195852450044,0.06241159777050653,0.06857635650512381,0.07013415889796065
2023-11-16,0.032352290282859124,0.03607851818918407,0.04346521183582319,0.048439276050383034,0.05169677531879436,0.05485105156306686,0.056616425579944854,0.05832545787287993,0.059982417297901255,0.06140266823363382,0.05654713886779317,0.05169160950195253,0.05234981730973677,0.05758404291406492,0.060624528952580484,0.06300542234327004,0.06859327893699352,0.07012299965391802
2023-11-15,0.033096171121631095,0.03821255913975995,0.044434590857773515,0.04866475252996091,0.0520361049646998,0.05516066776782451,0.05684066878818439,0.05855719156985644,0.06024019144700498,0.06163124236587265,0.05670012415341606,0.05192638205412299,0.05253301056186097,0.058129760668957114,0.0611223398012279,0.0629132115010376,0.0688513295609574,0.07061009905553793
2023-11-14,0.034702413290552146,0.03870349524578056,0.04452139456246651,0.04965683617071607,0.05257311442410863,0.0553983240311158,0.057043703888710336,0.05868908374630487,0.06046299181926671,0.06186806752062262,0.057061362914676575,0.05215016473034039,0.05229604798619298,0.05872900407588202,0.06174082466949072,0.06396081390235717,0.06900379349214858,0.07093822544782998
2023-11-13,0.0344620956583299,0.03870291305448529,0.04258078346250576,0.04981859677410844,0.052692045911169404,0.05547584664848089,0.05712399447028291,0.058772142292084925,0.06038478709450671,0.06194484565337126,0.05708554609185556,0.052226246530339866,0.052942707846247807,0.059542643514715,0.06173343958539325,0.06393479670978766,0.06906962445766435,0.07091845622592007
2023-11-10,0.03370172835187951,0.03886824286386381,0.04289500367064896,0.049976276328561664,0.05300018867749151,0.056028738510402576,0.05752141092075994,0.0590140833311173,0.06061013532536693,0.06217149053713287,0.057345114181671104,0.05246570072340206,0.053336516862326364,0.05962269368316867,0.06208171127855855,0.06436037925216548,0.06891943466585776,0.07080450156466384
2023-11-09,0.03451329797192647,0.03919193824058136,0.04532347960819667,0.04714709867737916,0.05166116427918006,0.05603310909658506,0.05758971752882903,0.05909664696855458,0.06063023378457582,0.06216382060059706,0.05734023532901898,0.0525166500574409,0.05336742447066107,0.059669690994156706,0.062306660685457156,0.06456848630967511,0.06885509797225733,0.07071333101088732
2023-11-08,0.035126178712308914,0.039191348746293264,0.045400524119731424,0.047783486349239186,0.05206458589860063,0.05603310909658511,0.05753674558861807,0.05907306983047784,0.06064713607363939,0.06216931002307035,0.05725827620198835,0.05250397750285578,0.05248952749148345,0.059541079327352815,0.062285758851493456,0.06494001044496625,0.06891716294739189,0.070549907410466
2023-11-07,0.03526192461801033,0.03919075926973828,0.04556473592348579,0.04778312880883956,0.0519731181930933,0.05603310909658503,0.057555972392655114,0.059078835688725205,0.060683833409324345,0.062169310023070364,0.05738735565192197,0.05250144575096599,0.05244563147749509,0.05961038020153043,0.06307795233387296,0.06549062005070594,0.06864192212919407,0.07059029185864774
2023-11-06,0.03543947221379325,0.04017247273306334,0.04572892413770791,0.04810759972613425,0.05225093679228404,0.056265842241854575,0.057745648479827404,0.059225454717800226,0.06079993320958293,0.06232307001141619,0.0575325890408228,0.052742108070229395,0.0524284959585947,0.060532799737214614,0.0635662501399622,0.06544143169302047,0.06902285292943597,0.07061771233656135
2023-11-03,0.03636651403591243,0.04041614977748976,0.04568337036896611,0.04777868521273885,0.052095864647866794,0.056420575255012234,0.05795075968971084,0.05948094412440944,0.060994802405037726,0.062475750723043656,0.057758562972058045,0.052989537993039626,0.05264053091207118,0.061631024832114495,0.06409207556583735,0.06720345839561392,0.06886722033427217,0.0705703757841234
2023-11-02,0.03672472603130208,0.04078862312428426,0.045804565461004663,0.04777531640268406,0.0521291930060111,0.056490664798311704,0.05802871824717171,0.059566771696031716,0.06106302001868891,0.0625592683413461,0.057688444550545094,0.05281762075974408,0.05247287056853737,0.06168796064520715,0.06419315615071655,0.06710884008003669,0.06858304743536749,0.0703156640507227
2023-11-01,0.03657487540997022,0.040785954780970336,0.045804107740331675,0.047780983678815475,0.052245111544815995,0.05657444336512911,0.05797655885512147,0.0594742731285224,0.06101482813054673,0.06255538313257107,0.057732332254753875,0.05290928137693668,0.0526538828390296,0.06203157535102411,0.06450004005069224,0.06678200234129612,0.06902622205689037,0.07061634984112139
2023-10-31,0.035621627235646866,0.04085199264239747,0.045803650028806465,0.047780626175869804,0.05226624227980049,0.05657066575443214,0.05798476773403346,0.05948013994234749,0.06104226281890548,0.0625545307100414,0.057889664697470575,0.0529067396385881,0.053033809559349866,0.06239108706206557,0.06501603045174227,0.0678321042521543,0.06878924730611483,0.07032631534640914
2023-10-30,0.034876555868960185,0.04097689220929395,0.04588065470958677,0.04778026867827406,0.05232858366858077,0.05664775166296834,0.05805877059464568,0.059568232707602836,0.061083563006477735,0.06263183526837166,0.05794358983616119,0.05298590501129496,0.05298951368490523,0.06271181959435232,0.06511212524742473,0.0678315846779752,0.06887077355349198,0.07045530587381957
2023-10-27,0.035169133165593364,0.04121408133403329,0.04587380996055686,0.047776189702362394,0.052557079914375485,0.05666242551888155,0.05811569895620934,0.05956897239353714,0.061068784497789394,0.06255229429656065,0.05778234654592616,0.05290639995638867,0.052673463690375906,0.0627689921086768,0.06523691801920456,0.06782784945168244,0.06872366110290122,0.07054538614591799
2023-10-26,0.03626095529582658,0.041390729123136634,0.04580136160838869,0.047772827864247885,0.05260813305597065,0.05666134589886046,0.058129849214744816,0.059566771814158544,0.06104737676157413,0.06254425209302726,0.05775250073604285,0.052907507697314164,0.05246741275214962,0.06264036614604648,0.06521038607930783,0.06770813295752899,0.06848226748885691,0.07031838539919705
2023-10-25,0.036359037941834815,0.04156671497718582,0.045878362464802376,0.04841842602261543,0.05294514660702836,0.05658217729827194,0.05799508339785897,0.059454568819410414,0.06094594224662509,0.06245370439282016,0.057657363118776034,0.05280772916390918,0.05254800236232732,0.06279222698612835,0.06545404292027493,0.06788658263640943,0.0688553973758509,0.07091798740982574
2023-10-24,0.03723043535217059,0.041428737359563,0.045761715749134395,0.04841806376923339,0.052541467201385,0.05658351431191305,0.05797516325134917,0.05938210503627359,0.0609320910533034,0.06238314179265045,0.05763392039019177,0.05272813124919049,0.05272719688421979,0.0627783175793331,0.06641910066022717,0.0687512943391205,0.06823722197827299,0.07042791419906265
2023-10-23,0.03648577395736369,0.041006186018312414,0.04559664274523876,0.048417701521262596,0.05258241414006899,0.05666507688822336,0.05805509182382813,0.059460381648835145,0.060937699528366175,0.06238290180182044,0.05758166660809348,0.052727670588061826,0.05242918678672197,0.06303760286123875,0.0666626689341551,0.06882207207860919,0.06815541610547847,0.07036748989614945
2023-10-20,0.034368615159539304,0.0397342517745055,0.04534784404178315,0.048413534082183615,0.052501012820446044,0.05659734690170525,0.05799029264723921,0.05938323839277317,0.060866291914465846,0.06231710514220868,0.057510572033968525,0.05265121988058288,0.0523527246250914,0.06278757146948949,0.0667353172630247,0.06901020742694958,0.06805732885174685,0.07040553457089786
2023-10-19,0.03238491806428222,0.03875533358402951,0.045149305544278324,0.04793270413771194,0.052219086600827365,0.056514755323115465,0.057916193940382006,0.05931763255764855,0.06077666184604295,0.062235691134437346,0.05740479466599695,0.05257389819755655,0.052426991148344065,0.06236926523045841,0.06601739049055635,0.06836659871648218,0.06773508682315495,0.07048294386779311
2023-10-18,0.03127233926820741,0.038615426260341305,0.044993859427928676,0.04762310387709852,0.05221566936328171,0.0565244855006288,0.057900757390798314,0.05932240088174264,0.060776428120879605,0.062230455360016576,0.057404167608989365,0.05257787985796215,0.05270734786061776,0.06115163569755127,0.06485123261069567,0.0672404958431802,0.0669068572481594,0.0692324354695183
2023-10-17,0.031023246270622053,0.03861663973837297,0.04486746443739007,0.04698233318368492,0.05176091889856631,0.05644619730814461,0.05784533447876549,0.059259846783129455,0.060798210081457645,0.062238379977764886,0.05749247234123957,0.05259010621120242,0.05250687963150566,0.06117659896117486,0.06472088333893915,0.0669406319205321,0.0670415480032914,0.0693311483780747
2023-10-16,0.030774152558891568,0.03833114301708321,0.0446247823995571,0.04698198169578454,0.05172294115932977,0.05637146637823676,0.05776881036699553,0.059181509784202196,0.06068888540049207,0.0621634919816452,0.05736575838708302,0.052515302445327865,0.052516178857193695,0.06107122833944086,0.06460389388233068,0.06658335029777648,0.06696770673175688,0.06935716685622863
2023-10-13,0.03077037948163139,0.03818839754904689,0.044618319394168944,0.046978033733234247,0.05166875517114195,0.05637062919560861,0.05777651247523649,0.059182395754864364,0.060691398988061245,0.062167597803145146,0.05736808117815895,0.05251582261223885,0.05264033020353315,0.06096830438033481,0.06457143174050499,0.06668047044192889,0.06694965930535957,0.06934402909350038
2023-10-12,0.030522337618546506,0.038191296805691416,0.044787716183253556,0.046496737703857816,0.05142512422466944,0.05636522840085603,0.057843552076912365,0.0593218757529687,0.060743992480657524,0.06216610920834635,0.0574484350381018,0.05273076086785726,0.05302486248201942,0.06119522108424695,0.06466577066265551,0.06674172076900506,0.06724569269071652,0.06979575349779145
2023-10-11,0.030769581506583935,0.03903553528263999,0.04486477486393146,0.04745816292972936,0.05205288384168212,0.056364601431920874,0.057802717306089886,0.059288243593693044,0.0607606889558548,0.062233134318016546,0.05751260933741749,0.05279208435681844,0.05303926220966636,0.06144074850796869,0.06479131381341023,0.06672769674690542,0.06684369771991637,0.06932691359946512
2023-10-10,0.032128217024651115,0.03959467832113779,0.04534863326150576,0.04841299279085648,0.05246395892024898,0.05643665308507047,0.0578818692433362,0.05934296689784661,0.06080335474109204,0.062231995022527783,0.05757745871662139,0.05276947615887193,0.05264215130773827,0.061464654454974815,0.06513303705182828,0.06659943054566099,0.06675234962243225,0.0692497138553957
2023-10-09,0.03254395321915712,0.040340133533876964,0.04571613206349923,0.04905208934661267,0.05281578827211868,0.05650687564279177,0.05794629135603522,0.05940152482436926,0.060873678781521105,0.062313829391778354,0.057606441698808734,0.05284732447075153,0.05397707411913651,0.06153243475846709,0.06522641564761412,0.06680392333751382,0.06677435293003367,0.06930256515738731
2023-10-06,0.03336310512647496,0.04057975818085245,0.04586425547605193,0.048169804371143515,0.05230602900898513,0.05649853219999665,0.057955911062794366,0.059429483024067614,0.060889153507288525,0.0623170920234829,0.057616264223686216,0.05286377897554011,0.05281714838291821,0.06178747178160065,0.06538901217414246,0.06705229808388931,0.0670995357708345,0.0693861075829756
2023-10-05,0.03369058248864776,0.040583055667653134,0.045956313820564205,0.04840505086819602,0.05250350684074978,0.05665772747614503,0.05815292284754789,0.059664731500855224,0.061026620177492955,0.06238850885413069,0.0577001391368253,0.05301176941951989,0.05334929832209798,0.06212964838478974,0.06582369637580397,0.0672527490887682,0.06743562584263918,0.06972990568486231
2023-10-04,0.03336232932020641,0.04009175667263578,0.045626715543679836,0.04841081983955586,0.05267321096408291,0.05667388394495912,0.05814272787972952,0.05965999524092091,0.06102164903357728,0.062383302826233646,0.05769674844777356,0.05301019406931347,0.05323350541768931,0.06194743625823339,0.0656161608671964,0.06732453275666077,0.06733303222477319,0.06962953659258306
2023-10-03,0.03220089642384775,0.039786872076638065,0.04489993755585744,0.04829588970418544,0.05232147253470393,0.05627009675116749,0.05776096454143024,0.05926821549422335,0.060801571187632665,0.06223705311337756,0.05762664456059418,0.052864244517059705,0.05323938497868677,0.06110022043420418,0.06497850506896875,0.06694239758480706,0.06685540886571587,0.06904482324028241
2023-10-02,0.03187258426945941,0.038922260193736485,0.04489948900950072,0.04829552842704253,0.05224721406479761,0.05612346923610437,0.057643458051022944,0.05918015003973184,0.06069859999597411,0.062089180482217024,0.05745994428505694,0.05277983736045554,0.053477214483430444,0.060025836759249454,0.06370185025731136,0.06568797695396127,0.06730542509455993,0.06923927963227824
2023-09-29,0.03071211806922194,0.03855886246547967,0.044408696053757926,0.047450963732216155,0.05169677810717268,0.055953969193836904,0.057419005546197846,0.058884041898558795,0.06032143138426908,0.06175882086997935,0.0571037405679064,0.05239750553723925,0.053195261004695134,0.0594337869776277,0.06321499376203366,0.06534164367123863,0.06683962666289214,0.06867188982794784
2023-09-28,0.03038462185831575,0.03708434475662564,0.04409347748544811,0.04709414130054025,0.051563950713095844,0.05589797696451133,0.05737996836227491,0.058814662162237526,0.06024978677894204,0.06168491139564656,0.057001436874355355,0.05231796235306415,0.052595787139914196,0.059182889447833766,0.06293462004094011,0.06484480401491458,0.06670030515036703,0.06859206384953875
2023-09-27,0.03038462185831575,0.0369559969766667,0.043773156413915326,0.04697530442477481,0.05145613690928252,0.05589919630646035,0.057297074707720025,0.05872534176987665,0.060233091942282546,0.061691136065048696,0.05693035490472117,0.05232151356865942,0.05239010042845776,0.05902430872983498,0.0625145244911494,0.06473806446498467,0.06682656087140344,0.0686298432236173
2023-09-26,0.03491757095026605,0.03842942902018933,0.0393155466544771,0.04136665320525471,0.045099522241822,0.04880081108271639,0.05079282837186196,0.05278484566100754,0.05461054780717648,0.056416187292398515,0.052036844190209104,0.04756229797710253,0.0479264149902624,0.05409584000157552,0.05762805004131082,0.059904891378511196,0.06190482623788967,0.06351922152395319
2023-09-25,0.029392045778412902,0.036954885985896635,0.04377228189526822,0.046735575238370686,0.05133691879792511,0.055899196306484676,0.05733836943104947,0.058777542555614265,0.060302514283816985,0.061810728080940555,0.05704753237358904,0.05228433666623753,0.05243607776986231,0.05881103816752979,0.062429658694367826,0.06473694080781908,0.06683923352727125,0.06863260316519525
2023-09-22,0.02823041986777446,0.036953219624982776,0.043766107807117545,0.04673168293628957,0.051325400740447766,0.05593045935026428,0.05727619592162236,0.05862193249298044,0.06013658444490302,0.0616512363968256,0.056911960163767664,0.05212060397210468,0.05233504142526038,0.05883116033780313,0.06200498864265504,0.06444509974553746,0.06673849725610927,0.06850951311060134
2023-09-21,0.029223283414522287,0.03646113143079975,0.04368328471838858,0.046489473777627605,0.05122549923053413,0.055816656345034715,0.05719995458620268,0.05853910501116316,0.06013556788707184,0.061732030762980526,0.056930590303931536,0.05212914984488253,0.052443519612555695,0.05852221341861567,0.06169588117672728,0.06415931034642892,0.06683955372163417,0.06861479317873342
2023-09-20,0.02906444176181349,0.03646058341505648,0.043808870530682505,0.046255620806931,0.05101794252854066,0.05573911457879394,0.05716883849478352,0.05862964336546852,0.060251639574785944,0.0618201633815984,0.056941544991651216,0.05221862718861723,0.052789105830526976,0.058274334618448574,0.061631495775512045,0.06390246261485101,0.06692675395729529,0.06867823522403853
2023-09-19,0.029679918129762,0.03793422858975112,0.043682412047539185,0.04601608748453399,0.05097445058471243,0.05588982080297452,0.057388720799571566,0.058887620796168605,0.060479352242266145,0.06205359213401097,0.05730920668626374,0.05246168242443505,0.052966914616214486,0.05861137010860657,0.06211274546163496,0.06441454805133606,0.06703479661251076,0.06883185229412585
2023-09-18,0.0304243197929244,0.03879800196027298,0.04425381544978343,0.047765258608458636,0.05191899121782357,0.056036582664337184,0.05751366437736744,0.05899074609039769,0.06065010975404547,0.06229123865215866,0.057399071708289784,0.0525069047644209,0.05308823776710597,0.05896067520208724,0.062261731163806774,0.06465712242702559,0.06699955003581445,0.06882844750242571
