Date,3M,6M,9M,1Y,15M,18M,21M,2Y,27M,30M,33M,3Y,5Y,7Y,10Y,15Y,20Y,30Y
2026-03-31,0.0899830635058171,0.0904573959044151,0.0872391090335299,0.088047506688478,0.0884268280569268,0.088940125203001,0.0890566772372404,0.0891066746972114,0.0894878853520303,0.0897658850900833,0.0899195084566729,0.0897497250109788,0.0969196221034298,0.0963127648282544,0.0973662119960093,0.0985872710955067,0.1000420664502296,0.1024394697580091
2026-03-30,0.0899720560646248,0.0898156729276433,0.0872391090335306,0.0875528970078701,0.0877859557379341,0.0883633220203204,0.0882470394363844,0.0883914566419409,0.0887733036453364,0.0890449567272897,0.0891959203845636,0.089045116685796,0.0962350049461884,0.0955991697697555,0.0965846353357442,0.0978950250408392,0.0993388976841172,0.1017007132046781
2026-03-27,0.089783941201036,0.0893269798048393,0.0878466369281868,0.0873218568773273,0.0876281155210554,0.0882291786095511,0.088085632803105,0.0882472543414933,0.0886253647615447,0.0889077845941354,0.0890403167504546,0.088910773649986,0.0961014580789833,0.0954596178352731,0.0965157884755221,0.0977349714073417,0.0991791290809562,0.1015410857191167
2026-03-26,0.0894832372912237,0.088513425117209,0.0875275417598316,0.0865629431248586,0.0867615713121911,0.0873269120108445,0.0873836728317169,0.0876159873265928,0.0879981174065892,0.0882854371534754,0.0884003942371665,0.0881220545327451,0.0953878425420426,0.0946620381470524,0.0955618213464212,0.0969955680706029,0.0984192424425195,0.1005909268622868
2026-03-25,0.0894832372912237,0.0885345774409506,0.0875480802627017,0.0867096648124215,0.0867798548394657,0.0873191027876677,0.0873773145343626,0.0876040605257612,0.0879918753733673,0.0882858892852295,0.0884005888768114,0.0881144294205345,0.0952774774657125,0.094382672532457,0.095616212031994,0.0970463032259144,0.0984580105723426,0.0996933030647906
2026-03-24,0.0894832372912237,0.0883815555092674,0.0872391090335369,0.0864987456166201,0.0865650176788565,0.0871197238716125,0.0871800525998787,0.0874026419209747,0.0877736505848373,0.0880662522157427,0.0881851026352626,0.0879793245468739,0.0951005585381932,0.0942903274163157,0.0955992752237342,0.0969162465731033,0.0983314964990647,0.0995708579257238
2026-03-23,0.0894832372912237,0.0878171850964909,0.0866115824688784,0.0859666648011726,0.0861632773578354,0.0867219526331627,0.086798218370944,0.0870238005739727,0.0873940446124753,0.0876748805925839,0.0877976702876905,0.0875955109415601,0.0947893182770607,0.0940396993250835,0.0952721994952106,0.0967225238078886,0.0981246635679966,0.0993420871527018
2026-03-20,0.0894614706755809,0.087806776726777,0.0866015278232188,0.0859469913951644,0.086154202944822,0.0867218345034385,0.0867981251417695,0.087023064695016,0.0873937069693099,0.0876827651376373,0.0878047068059328,0.0875956723675878,0.094759446927776,0.0939341658415533,0.0954047133612023,0.0967371918851022,0.098137735583681,0.0993572174835319
2026-03-19,0.0894832372912238,0.0877963716340151,0.086591476272822,0.0859666648011723,0.0861452597283036,0.0867140334165287,0.0867917215022645,0.0870176759165457,0.0873939867636802,0.0876831993002414,0.087804825390468,0.0875959581827569,0.0948137328855386,0.0938650294324708,0.0952897501574816,0.0967816421173098,0.0981722492640752,0.099380707478297
2026-03-18,0.0894832372912238,0.0878171850964906,0.086302393133297,0.0857555888176262,0.0859483457745727,0.0864892523783848,0.0865754500090592,0.0867248515755987,0.0870966671309329,0.0875378362778434,0.0876642645034943,0.0874666973286107,0.0947704289957691,0.0937244829993724,0.0951865111514616,0.0966255283227485,0.0980176113657383,0.0992286625870712
2026-03-17,0.0891605839053226,0.0878171850964906,0.0863023931332926,0.0857555888176235,0.0859498049061819,0.0865045529064854,0.086588029119711,0.0867341129826037,0.0870924922472567,0.0875317566123266,0.0876592912066479,0.0874623636697436,0.0947272269873778,0.0937308425236151,0.095150600108495,0.0966412052472744,0.0980304883765594,0.0992394811223084
2026-03-16,0.0894832372912236,0.0878171850964906,0.0863023931332926,0.0857555888176235,0.0859483457745673,0.0865045529064854,0.0865880291197111,0.0867337887077739,0.0871007860453232,0.0875271327282341,0.0876551490200796,0.0874694478709843,0.0951024393287049,0.094175585550634,0.0956189121284525,0.0970460224801605,0.098439248661194,0.0996485925932359
2026-03-13,0.0894614706755811,0.0878067767267774,0.0859738481093467,0.0856626153891382,0.085873911239507,0.0864382659499868,0.0865207582506025,0.086736714941535,0.0871037455699882,0.0875386095387078,0.0876724788154207,0.0874720737203297,0.0949550664390568,0.0942194556048027,0.095563867706309,0.0970770632972827,0.0984606350401861,0.0996632935712359
2026-03-12,0.0894832372912231,0.0877963716340147,0.0859639401751022,0.0856087270693376,0.0857902899246855,0.0864305216400637,0.0865141759847012,0.0867343471277578,0.0871077890967469,0.0875390829335574,0.0876724668543551,0.0874743661292613,0.094956582478317,0.0943495959957004,0.0959715380758686,0.0972170949507241,0.0986779424316376,0.100025277562348
2026-03-11,0.0894832372912231,0.0873387793591329,0.0856744234338586,0.0856087270693375,0.085808155260264,0.0864303273084462,0.0865174615102581,0.0867292182729106,0.0871017010395616,0.0875441411974424,0.0876788709905439,0.0874712549708795,0.0936925481519319,0.0934798207163472,0.0966141219773104,0.0977366856235464,0.0985986960964169,0.0999344415752709
2026-03-10,0.0894832372912231,0.087185665152429,0.0856744234338586,0.0853975755122285,0.08559316925512,0.0862210394667192,0.086310781653653,0.0865274218009464,0.0868834204998848,0.0873248632430317,0.0874573735950724,0.0872556787010756,0.0934373046490625,0.0924444154883207,0.0965436624847564,0.0971432434243505,0.0987171988293005,0.099947844784465
2026-03-09,0.0894832372912231,0.0873387793591303,0.0859837590730964,0.0853975755122284,0.0855931692551199,0.0862187270638662,0.0863017928466799,0.0865270983073439,0.08689250250907,0.0873188459008773,0.0874474364774421,0.0872627380943312,0.0934661992994095,0.0926888946175796,0.0966532889270907,0.0973214838054682,0.0989169838924862,0.1001358176893607
2026-03-06,0.0891389733676251,0.0870127460340275,0.0850364582133998,0.0853139144824706,0.0855108490053681,0.0861571109003399,0.0862619390941315,0.0864534386014477,0.0868187413802314,0.087264078959865,0.0874059834677536,0.0871897666757799,0.0934707024950538,0.0925425044460362,0.0966653685863778,0.097122777758912,0.0994512561883711,0.1002594796912552
2026-03-05,0.0891605839053224,0.0870025269004743,0.0856547453471746,0.0853333031442745,0.085502087370488,0.0861493276057547,0.08623750468723,0.0864472081589821,0.08681903444636,0.0872645065993792,0.087394397568703,0.0871894224548057,0.0934704784059591,0.0925405063596243,0.0966383925476838,0.0971320739334438,0.0994586378623584,0.1002641534113086
2026-03-04,0.0894832372912232,0.0871856651524293,0.0856744234338585,0.0851220934168226,0.0853781502900472,0.0859222670037335,0.086002785899557,0.0861543158263255,0.0865171400723577,0.0869696130723093,0.0870192789239579,0.0868290001692747,0.0929967293166725,0.0921852308006533,0.096312540357072,0.0967505529305055,0.0991172817514327,0.0999131814125517
2026-03-03,0.0894832372912232,0.0871378145390524,0.0846990755885878,0.0841848862258683,0.0853033533560271,0.0857867896704287,0.0859003821971846,0.0860616258587604,0.0863698100137546,0.0867453722675293,0.0868913631180768,0.0867010172350342,0.0928643227012364,0.0920489446552896,0.0961170948105628,0.0966242820952047,0.0989839833100066,0.0997743202458256
2026-03-02,0.0894832372912232,0.0869744714220756,0.0845583412569831,0.0835779896551243,0.0850134775431289,0.0854294415116433,0.0856850515927305,0.085867737838097,0.0861690597834028,0.086534638885989,0.0868227946187585,0.0865085530252074,0.0929369209809569,0.0919927581429893,0.0959886787686249,0.0965024431868422,0.0977319544620381,0.0987229855102322
2026-02-27,0.0880480370188694,0.0853673105567637,0.0834881912831904,0.0832467292220377,0.0842920425822204,0.0847289723249446,0.084899225879838,0.0849211132224415,0.0853636946385772,0.0856750438840201,0.0861328104248341,0.0859631310409251,0.0917608574350879,0.0912766671143939,0.0951492116774385,0.0960784853171061,0.0974642721663399,0.0983659359983014
2026-02-26,0.0873628480801127,0.0853002108919669,0.0834881912831878,0.0832652021640452,0.0842949035911535,0.0847299407553238,0.0849114771270485,0.0849155905915879,0.0853740547769608,0.0856711842683133,0.0861278760285365,0.0859629982625709,0.0917607714520193,0.0912393395488897,0.0951566245343458,0.0960835674584348,0.0974682237160865,0.0983682829516962
2026-02-25,0.0865796348058205,0.0853002108919667,0.0834881912831878,0.0832652021640452,0.0842326957181861,0.0846542462374424,0.084844676027468,0.0848476588364585,0.0853106221906092,0.0856142868388043,0.0860479130013867,0.0858831710544882,0.0915994727443071,0.0911333141716099,0.0950579179503557,0.0959169966723481,0.0974655634768357,0.0983436870329305
2026-02-24,0.0865694397459299,0.0853002108919667,0.0833472640889416,0.0832652021640452,0.084232680058004,0.0846542462374423,0.0848486546765249,0.0848473412048579,0.0853103289797917,0.0856140301673999,0.0860578350535144,0.0858796931575772,0.0916430718178719,0.0911275737617452,0.0950524206999988,0.095914275674307,0.0974641547823692,0.098344031651942
2026-02-23,0.0869506890471355,0.0852903841641552,0.0833472640889417,0.0832652021640452,0.0842877976257102,0.0847298192533828,0.084915459146862,0.0849238535461336,0.085375070474817,0.085678711416794,0.0861335430654516,0.0859624418149631,0.0917796245317094,0.0912170572731037,0.0951152372940761,0.0960152401459022,0.0975673786150664,0.0984431493826724
2026-02-13,0.0869712601397569,0.0833725388397361,0.0839766239146458,0.082943180424301,0.0842310614445855,0.084682055668715,0.0848187059957664,0.0848525418146463,0.085297273823808,0.0856239291136169,0.0860446243610722,0.0858959174829242,0.0917126783452355,0.0911437103964095,0.0950309324157878,0.095946280463763,0.0974933800275396,0.0983670356862723
2026-02-12,0.0869712601397569,0.0833725388395881,0.0839766239147562,0.0829615207143474,0.0842310614445852,0.0846820556687149,0.084830890082483,0.0848477720741264,0.0853060049141345,0.0856194735250834,0.0860397562409674,0.0858963016536559,0.0917560249782288,0.0911359892281314,0.0950269845468304,0.0959436603578779,0.0974913298559802,0.0983652585026357
2026-02-11,0.0885373876109815,0.0833725388395881,0.0839766239147562,0.0829615207143474,0.0842245275032407,0.0846820556687149,0.084830890082483,0.0848566702599016,0.0853020409986956,0.0856276043704179,0.0860357377031728,0.0858922538291889,0.0916807757692542,0.0911503463655422,0.0950338703206606,0.0959483835815717,0.0974943617064687,0.0983693448059241
2026-02-10,0.0904830720878096,0.0835932116152421,0.0849154162153435,0.0829615207143474,0.0843563766832919,0.0848303041032314,0.0849474790012879,0.0850100320882505,0.0854362464754925,0.0857653158856898,0.0861772076628441,0.0860403597275139,0.0918319210925543,0.0912172446748846,0.0952132485156894,0.0960888983462666,0.0977523229353395,0.0986096693807626
2026-02-09,0.0906674760585044,0.0835837715774129,0.0849154162153441,0.0827313975974646,0.0843466172127265,0.0848293150520263,0.0849474790012878,0.0850199350572788,0.0854366501322751,0.0857644574299622,0.086176972944138,0.0860542569670486,0.0917898536409568,0.0914870542706365,0.0955079543075758,0.0963148757275125,0.0980487661630774,0.098887817123477
2026-02-06,0.0908854580089553,0.0841016265286022,0.0845963007884167,0.0827131575186529,0.0844298206548875,0.0848891964260668,0.0850873463499313,0.0851574417769329,0.0856456435560879,0.085978956318688,0.0864040869972145,0.0863468846806746,0.091552127698699,0.0913223223165689,0.0956953792811206,0.0967912173395614,0.0984842112580312,0.0992792134269335
2026-02-05,0.0891245312573728,0.0835164586060779,0.0842864982529036,0.0827313975974646,0.0842220785750589,0.0846799784615089,0.0847458234276189,0.0847789054106202,0.0852210121155234,0.0855375208626173,0.0858873457104995,0.0857570364048798,0.0909277829574898,0.0907520566022427,0.0950809323477189,0.0962311921093792,0.0979135769193747,0.0986982590672438
2026-02-04,0.0885373876110079,0.0836603681019682,0.0844461024634617,0.0827313975974646,0.0843274108293031,0.0847914761547982,0.0848558032411433,0.0849030715148719,0.0853242204583276,0.0856468206019399,0.0859934924017231,0.0858566468207801,0.0909449728651004,0.0907402673643235,0.0950681047045461,0.0962057929043325,0.0979833258243579,0.0986121505690723
2026-02-03,0.0904830720872774,0.0836219932405488,0.0844461024634591,0.0829615207143342,0.0843937832711506,0.0847920307572334,0.0848558032411409,0.0848925478073917,0.0852473191466294,0.08557784715858,0.0858413532273204,0.0856955988568707,0.0906009733230701,0.090691655059438,0.0948454962198134,0.0962094488843142,0.0980161889369928,0.0986173802243696
2026-02-02,0.0855804778014049,0.0824324261408551,0.0833472640889421,0.0835779896550959,0.0832174299770883,0.083748244402732,0.0838178561324435,0.0837896078211566,0.0842254056229389,0.08453887976033,0.0848153713788257,0.0846229403824617,0.0895327237612347,0.0896375575203331,0.0937829923474817,0.0951494521546586,0.0969449041286117,0.0975350193596532
2026-01-30,0.0842493702989683,0.0819999877741228,0.083037171963674,0.0820227694266248,0.0829436495131432,0.083537050581271,0.0835951073721714,0.0837071593670714,0.084093040787554,0.0844015495469073,0.0846738597225113,0.0846066081943671,0.0892864094210798,0.0892216893923201,0.0938089997923499,0.0952550675743295,0.0971588398391123,0.0976931569951071
2026-01-29,0.0841215003000234,0.0819999877741228,0.083037171963674,0.0820407103362093,0.0829446189455888,0.083537050581271,0.0836069270162915,0.0837025331274621,0.0840889211807142,0.0843972226122835,0.0846692591648963,0.0846070256782523,0.089243756342454,0.0892261300706712,0.093868465903616,0.0952411843132491,0.0971478745906731,0.0976852506697662
2026-01-28,0.08363173505129,0.0819999877741228,0.083037171963674,0.0820038602790875,0.0828811085418353,0.083461268720551,0.0835305525200332,0.0836358933838645,0.0840237431238224,0.0843301490426005,0.0845999155705758,0.084528253389032,0.0892873061994842,0.0891389838324494,0.0937118722418941,0.095178429937463,0.0969886151603976,0.0975413166560471
2026-01-27,0.0831325071600854,0.0817791405743176,0.083037171963674,0.0816537169932002,0.0825177888557705,0.0830285960613294,0.0832345914311841,0.0834298289032332,0.083818024911687,0.0841276819544235,0.0844640731456631,0.0843974509426813,0.0892312593854862,0.089101504569182,0.0937087049111755,0.095118525445656,0.096929395281893,0.0974835757867082
2026-01-26,0.0830545572625682,0.0830849363734334,0.083037171963674,0.0815799869924226,0.0825181793995962,0.0830101411291317,0.0832345914311773,0.0834327272549491,0.0838179667192352,0.0841161829942736,0.0844638431017478,0.0844063352646365,0.0892616121130467,0.0890982544227306,0.0937050657918351,0.0951171504548121,0.0969311533679608,0.0974820322442761
2026-01-23,0.0826520270800278,0.0814814386837008,0.0827176078671546,0.081562244306225,0.0825198551181991,0.0830328063419504,0.0832317162237851,0.0834270554654858,0.0838137220492092,0.0841251900576294,0.084469765528109,0.0844065202517611,0.0892102614061101,0.0891619435738743,0.0936335518239482,0.0950845439585305,0.0969649753375707,0.0975046890468277
2026-01-22,0.081809288894725,0.0814814386837145,0.0827176078671487,0.0816537169931936,0.0825233698511575,0.0830328063419504,0.0832434317693411,0.0834193903484764,0.083811060569313,0.0841208790554814,0.0844650150190765,0.0844049080299405,0.0891770322982958,0.0890345099081754,0.0937026327579952,0.0950078337998769,0.0970086807633922,0.0978214216965175
2026-01-21,0.0818092888947246,0.0815582691855643,0.0827176078671487,0.0816537169931936,0.0825983261745471,0.0831075224085617,0.0833198190521957,0.0835048361773743,0.0838938933147711,0.0842030536130458,0.0845365890889072,0.0844666357680835,0.0891889309317765,0.0890516102889189,0.0934997458794919,0.0950599096628282,0.0972105912485224,0.0976960094272125
2026-01-20,0.0822306798773365,0.0815966833388078,0.0831875286425714,0.0817550868689181,0.0826996229747788,0.083220677043526,0.0834213669718739,0.0836154208268152,0.083994891541223,0.0843050649882729,0.0846384262914848,0.0845740731205552,0.0894293036436075,0.0888744590342484,0.0938668671749099,0.0956304436205664,0.0973360755509916,0.0978575459722219
2026-01-19,0.0830149669829354,0.0818853054216983,0.0831875286425718,0.0818288039611805,0.082696293035744,0.0832164095346189,0.0834213669718739,0.0836118904365381,0.0839927289102817,0.0843022120541792,0.0846381957771039,0.084578648146486,0.0897575840291248,0.089851977062164,0.0948539631335829,0.0958904792720207,0.096662268843465,0.0974130516210771
2026-01-16,0.0828969762615337,0.0816735094500971,0.0828773994630452,0.0815990941643095,0.0824813561598255,0.0829921883566399,0.0832654874308825,0.083384722348464,0.0837740050578048,0.0842421697724086,0.0845031108711927,0.084518111767113,0.089232569513444,0.0889621297528157,0.095008680277881,0.0959699167189335,0.096702869836334,0.0974155261691761
2026-01-15,0.0828969762615337,0.0816735094500971,0.0838169636469129,0.0816168526723223,0.0824813561598255,0.0829921883566399,0.0832512077000434,0.0833803834863903,0.0837693680818632,0.0842378417984041,0.0844814665755309,0.0845187347958126,0.0890505512806923,0.0886450445655862,0.0948227068022275,0.0957665942724033,0.0964999439709658,0.0972113637999833
2026-01-14,0.0830243439893535,0.0819615813028098,0.0835069804534605,0.0814693817975527,0.0823402765893239,0.0828459875878368,0.0831929614257529,0.0833280776890392,0.083784284843522,0.0842506984899504,0.0844868822205475,0.0845229686185597,0.0893994553451598,0.0887459468820116,0.0951428368028118,0.0960854051575765,0.0965353917679751,0.0972902460188683
2026-01-13,0.0820444892607997,0.0818943682178709,0.0831875286425716,0.0814693817975528,0.0823443535935176,0.0828469358185677,0.0832017920856063,0.0833277657951083,0.0837863159241617,0.0842510261394244,0.0844996236569237,0.0845195783237747,0.0889599639031687,0.0887716146824869,0.0954566175793878,0.0961388400416456,0.0967952344992496,0.0974799927648839
2026-01-12,0.0820353315323548,0.0818853054216987,0.0828773994630453,0.0814693817975528,0.082344384841411,0.0828470404182553,0.0832103671875503,0.0833274539035124,0.0837860546982796,0.0842508375896338,0.0845049479219528,0.0845263487656318,0.088870876973344,0.088783524773254,0.0956158517848931,0.0962813097865955,0.0962048789005669,0.0970446950231751
2026-01-10,0.0819170907557157,0.0818943682178712,0.0817029049276029,0.0814605328956472,0.0823282908297923,0.0828326901497279,0.0832368564260741,0.0833270991369149,0.0837875026192536,0.084251597292808,0.0845260400420057,0.0845265309125714,0.0885730229114961,0.0884597225193415,0.0953923691057804,0.0959040441236223,0.0959323669287435,0.0967335719473998
2026-01-09,0.0819170907557157,0.0818943682178712,0.0817208292526705,0.0814516865391484,0.0823448837503063,0.0828469358185649,0.0832305735331827,0.0833226170910156,0.0837811439995253,0.0842459463459716,0.0845260996295992,0.0845270204319314,0.0885733326909142,0.0884582984079642,0.0953932975806412,0.095904728110463,0.0959328809885006,0.0967335767267827
2026-01-08,0.0826520270800265,0.0821152027994561,0.081937174543113,0.0814693817975529,0.0823418256164087,0.0828438204456955,0.0832363774437368,0.0833173534765526,0.0837747699637033,0.0842397122924845,0.0845172278993806,0.0845269701632329,0.0882198419073923,0.0886932707396871,0.096111241780438,0.096093274739135,0.0954148703672858,0.0966707159390947
2026-01-07,0.0832692706852211,0.0821824085244326,0.0820124168736848,0.0816168526723235,0.0824798045398105,0.0829849957979521,0.0833775573498429,0.0834636279080333,0.0839309801594573,0.0843876108031186,0.0846534696725113,0.0848217161090617,0.0875090049080901,0.0888451501730677,0.0961449746835254,0.0965535092220479,0.0947277424989442,0.0961969708584482
2026-01-06,0.0832692706852161,0.0824128111506439,0.0820124168736847,0.0819025156196404,0.0827702230497285,0.0832754207135355,0.0835972187783139,0.0836718640191482,0.0840628909339264,0.0845179578882878,0.0846482649442289,0.0846461523210043,0.0866456499956934,0.0884355141842138,0.0957094298218037,0.0957853858550784,0.0953376024938435,0.0966002925568086
2026-01-05,0.0842391749269194,0.0826243629543508,0.082191100439849,0.0821788859576562,0.0829065881621538,0.0834900268644722,0.0837354949719368,0.08373633709997,0.0842776938834329,0.0846621317121409,0.084796260675441,0.0847909537359514,0.0867809753893869,0.0885741058381199,0.0957671626486386,0.0959535270775813,0.0953666295679165,0.0967156758740131
2025-12-31,0.0846112064098701,0.0803382392178061,0.0802901882388221,0.0802703740632698,0.081255753785089,0.0814846291585129,0.0817335681693718,0.0817799170447922,0.0824435274889373,0.0829214933633413,0.0832114512709987,0.0833042192577597,0.085625693271769,0.0873944618343084,0.0944551420153725,0.094642564072507,0.0941495024050831,0.0954557997018089
2025-12-30,0.0841215003000274,0.0803295153130762,0.0812227141484054,0.0802703740632693,0.0812577623901596,0.0814838586208226,0.0817050030551816,0.0817799170448062,0.0824443873814031,0.0829214269327554,0.0831932038889114,0.0833009078272082,0.0855408832475584,0.0874063228443828,0.0944083981720809,0.0945835324073632,0.0942046429376149,0.0954950192217112
2025-12-29,0.0841118747081718,0.0803295153130762,0.0812227141484172,0.0802703740632693,0.081257631380715,0.0814838586208225,0.0817050030551815,0.0817799170448062,0.0824440389447628,0.0829211786486561,0.0832000435010544,0.0833068972500492,0.085537979815471,0.0874062398043972,0.0944071873880265,0.0945839660490105,0.0940971944410521,0.0953004803091774
2025-12-26,0.083876625068914,0.0803295153130762,0.0818537532164337,0.0801055817201904,0.0813244060342529,0.0815459403308353,0.0817594921066313,0.0818576746871599,0.0824365508365491,0.0829174717181027,0.0831849756579746,0.0833058105637916,0.0855077428747256,0.0874549933364392,0.0944042929696186,0.0945626512945372,0.0940107226501989,0.0951941428416702
2025-12-25,0.083954986751554,0.080406372789845,0.0816366233780178,0.0807685979972144,0.0812584454275433,0.0815586623299567,0.0817588964937142,0.081826519843238,0.0825130065965495,0.0829906478770626,0.0832582179150113,0.0833581291197583,0.085479692915254,0.0874773397200315,0.0944307875538863,0.0945895586260493,0.0938617911366315,0.0952121225775807
2025-12-24,0.0844740946594877,0.0797433801781311,0.0811662620149741,0.0799103912278061,0.0808905670005729,0.0811220700925221,0.081343359528896,0.0814298118492346,0.0820788924250505,0.0825609861235655,0.0828275881779523,0.0829422778785511,0.0850627332805637,0.0870247693429559,0.0937444979111467,0.0938802815928447,0.0934596438720453,0.0946645714212162
2025-12-23,0.0839158060994963,0.0799644020693131,0.0809310190382714,0.0798457652047184,0.0804613129539226,0.0806825265563189,0.0809004782348928,0.0809901569051506,0.081729605464652,0.0822829663448342,0.0827030687238732,0.0826547361433077,0.0847777877624832,0.086738572412161,0.0934510133847369,0.0935897307906416,0.0931710327109768,0.0943710305747576
2025-12-22,0.082779876294759,0.0796664972885058,0.0806957345118856,0.0794856294573536,0.080325031728353,0.0805443022745448,0.0807634291811541,0.080851454220445,0.0815921520456815,0.0820654100860433,0.0824925014105389,0.0824486050675312,0.0844883262409011,0.0865357255574726,0.0932267404812902,0.0933835224297532,0.0929661364665363,0.0941567293393749
2025-12-19,0.0820934876202299,0.0788109762945973,0.0793792878510864,0.0790070648085093,0.0799619100693982,0.0801725693759227,0.0803537972886551,0.0805782195868121,0.0812255883259591,0.0816374224356574,0.0820010168053072,0.0820159533519947,0.0840607721519264,0.0861037710224958,0.0927375047729504,0.0929160503224446,0.0925662048325984,0.0937388388501337
2025-12-18,0.0818092888947214,0.078666751418155,0.0789250623274192,0.0788851148444916,0.0798222432222106,0.0800454978826918,0.0802166909218457,0.0804253406193606,0.0810821401950418,0.0814829043453805,0.0818670929904861,0.081877827435792,0.083890599387132,0.08594429693988,0.0925775019949361,0.0929047700977347,0.0923439426995681,0.0935995262861945
2025-12-17,0.0818092888947246,0.0786667514181568,0.0789250623273751,0.0789498029784012,0.0798222432222104,0.0800454978826909,0.0802276191073888,0.0804314371277201,0.081089995849122,0.081478847308492,0.0818626453547785,0.081872037267078,0.0839745057738736,0.0859699768503924,0.0924364098885792,0.0927492939084173,0.0926141871402246,0.0938122708579536
2025-12-16,0.0815348712266334,0.0785898272428867,0.0789250623273751,0.0788851148444926,0.0797482409986305,0.0799705983177658,0.0801510787086016,0.0803667949584994,0.0810157988808438,0.0814215886873855,0.0817833535251353,0.081794120068281,0.0839749252378414,0.0859325607830821,0.0923700047696325,0.0926545583302152,0.0925249491013472,0.0937270703904923
2025-12-15,0.0820843189878299,0.0788878919879487,0.0791606597782128,0.079162320246244,0.0798209940797135,0.0801848631896441,0.0803648059124315,0.0804225316522702,0.0810887496223796,0.0814768933658968,0.0818537529981324,0.0818685571075824,0.0838940103265196,0.0859539384974262,0.0924172418253929,0.0927655331836103,0.0926294242548289,0.0938216945103462
2025-12-12,0.082230679877336,0.0788878919879445,0.0791438313592776,0.0791456001776399,0.0798205461066037,0.0801715143203999,0.0803599281050294,0.0803515172840942,0.0810055907882379,0.0814080980944244,0.0817741152338078,0.0817117041836788,0.0836577583908319,0.0856584958673504,0.0921542656749465,0.0925528622116126,0.092412137589545,0.0934640645935948
2025-12-11,0.0822306798773364,0.0788878919879445,0.0791606597782078,0.0791623202462288,0.0798205461066036,0.0801848631896284,0.0803538484061563,0.0803464341519041,0.0810012690715292,0.081403018430229,0.0817738834608259,0.0817112687747667,0.08365762314093,0.0856334549469259,0.0922005340780518,0.0924616984430233,0.0921585634792521,0.0932824921177877
2025-12-10,0.0816720823817251,0.0787436726429818,0.0785763016138392,0.0790237271507151,0.0796725778444385,0.0800444408100167,0.080236964367517,0.0802070540685332,0.0808710135692316,0.081249450142501,0.0816378369042111,0.0815695701443899,0.0834129514595394,0.0854412820076411,0.0917144014239329,0.0920882327082589,0.092008598784735,0.093064368208698
2025-12-09,0.0818386896864514,0.0782628665768385,0.0783406007819266,0.0790606871876795,0.079671908129883,0.0800510488723685,0.0802432815900905,0.0802055098576952,0.0808703660064133,0.0812607883267549,0.0816382933964195,0.0815653644573181,0.0834126150977654,0.0854409465294368,0.0917130566349917,0.092088456369591,0.0919226569513348,0.0929939870357449
2025-12-08,0.0812416513874272,0.0779262337313687,0.078104858238412,0.0785985885121492,0.0791670451484658,0.0795428565303583,0.0797997791908632,0.0798591407428326,0.0805143693312878,0.0809139799645141,0.0812843126245629,0.0814541210471436,0.083284743004495,0.0853117122926354,0.0915778775009537,0.0918709916670226,0.0916724598457289,0.0927848382482834
2025-12-05,0.0799958281113412,0.0772239319112268,0.078437210249914,0.0779443187290177,0.0782325075644118,0.0787414963935261,0.0789824028438905,0.0790634550493894,0.0797652643685183,0.0802392851445391,0.0805141187741976,0.0807039018806305,0.082600723223999,0.0846427992360427,0.0908988290545143,0.0911400025621624,0.090881999313512,0.0920942320611584
2025-12-04,0.0795742048412145,0.0771469523731626,0.0784537423859402,0.0775997260223965,0.0779145345057503,0.0783467877650138,0.0786411212455571,0.0787369418350658,0.0794447735972907,0.0798403279002119,0.0801127050291705,0.0803006319286636,0.0823801434058663,0.0841927658428174,0.0904770943407944,0.0907250125690425,0.0907488809269637,0.0919094120817789
2025-12-03,0.0797114823462266,0.0771469523731626,0.0782180198658371,0.0774979340203838,0.0779139952391283,0.0783467877650136,0.0786577363158025,0.0787495241485485,0.0794520220998579,0.0798364295475171,0.0801123590506989,0.0802998174665442,0.0823926285173732,0.0842888687943804,0.0906739495541993,0.0906950959178987,0.0904339838375815,0.0918218747422371
2025-12-02,0.0784071583983627,0.0763384887768537,0.0774459323883343,0.0771369515889033,0.0771196565131996,0.0775590402175065,0.0779409646888389,0.0780324625644685,0.0785145782744599,0.0789708954648699,0.0791642810762453,0.0792724223502135,0.0814339046229487,0.0832962650801982,0.0894496313654474,0.08956905155884,0.0893826554428048,0.0907114947451333
2025-12-01,0.0775749667376852,0.0740749827961891,0.0764944126321103,0.0755711868470755,0.0756071344592399,0.0759713768039762,0.0762037339560552,0.0763902782003224,0.0770797110761135,0.0774768437260147,0.0777431573722962,0.0778664396163553,0.0800234668146818,0.0819631704754535,0.0878840323526981,0.0881857211911563,0.0879973685981264,0.0891922119202923
2025-11-28,0.0760405628689968,0.0731182483642687,0.0739563015755962,0.0769452264451307,0.0748847415712697,0.0751845273723975,0.0754444595759211,0.0755930598137633,0.0761827163060388,0.0766389161893225,0.0768698037196604,0.0771377348074963,0.0793584453885564,0.0812297710812196,0.0869770754889074,0.0874312086115719,0.0872646271864922,0.0884427184641684
2025-11-27,0.0755265238837376,0.0731182483642499,0.073956301575333,0.0766832247709576,0.0746633976521059,0.0749654640827732,0.0752335573756455,0.0753756280711682,0.0759643007091618,0.0764975017653281,0.0767972010805634,0.0770746536367348,0.0792911675944044,0.0811590730104185,0.0869595161031073,0.0871369426326437,0.0872631819061607,0.0884166705486252
2025-11-26,0.0759778241019242,0.0731182483642499,0.073956301575333,0.0769610411361284,0.0746752583820064,0.0749654640827732,0.0752335573756455,0.0753722480032284,0.0759607816275019,0.0765040025882857,0.0767939606874612,0.0770638916849793,0.0792867095352246,0.0811582893178825,0.0865426264430835,0.0871740441320134,0.0873828168905145,0.0885005849879112
2025-11-25,0.0751438595688145,0.0729735845505382,0.0737765139947998,0.0768499238517198,0.0744616358525128,0.074748214542388,0.0751612911562991,0.075338077866579,0.0759398587593372,0.076515305074019,0.0768066119070548,0.0770661184149127,0.0792902740086303,0.0811608281772307,0.0866898630584606,0.0871332906337903,0.0873523251631888,0.0884805461450262
2025-11-24,0.074299905241465,0.0723009208174147,0.0731896705129545,0.0759234660041577,0.0739555636020945,0.074384874426678,0.0746577260508271,0.0749985923698295,0.0755139262796502,0.0760830618918848,0.0764630746226283,0.076503397419054,0.0787200217186607,0.0805918120926287,0.0861373274355353,0.0865498452009976,0.0867731018747091,0.0878908847573222
2025-11-21,0.0735882700267611,0.0720764371986569,0.0730476535453023,0.0754447036422283,0.0737345167996795,0.0742450453486752,0.0745077941544444,0.0748709437263824,0.0753671079517759,0.075929561279363,0.0763131524833176,0.076364291429967,0.078579239373894,0.0804452302530738,0.0857531205460983,0.0864693216110431,0.0866737334707113,0.0877726311288251
2025-11-20,0.0728744922473788,0.0716325393187574,0.0725362675202785,0.0753393565458153,0.0730701019959267,0.0735166561021643,0.0736467373340564,0.0740504488315519,0.0745709925433626,0.0750941129005817,0.0754838516841244,0.0754855691971057,0.0777514029536195,0.0796165708312858,0.0851535150485987,0.0855352988470467,0.0856990714808307,0.0868435121320949
2025-11-19,0.0727299191440443,0.0716325393187574,0.0725362675202785,0.0753393565458153,0.0730836974032542,0.0735166561021642,0.0736467373340564,0.0740576776095838,0.0745691219479501,0.0751003753910467,0.0754807050830419,0.0754820795171811,0.078079598086091,0.0800069003491654,0.0852574450758389,0.0859535403044994,0.0860542625853664,0.0871615610061309
2025-11-18,0.0727227199922824,0.0716325393187574,0.0725362675202785,0.0753393565458153,0.0730836742468365,0.0735166561021642,0.0736467373340564,0.0740576776095838,0.0745757124354321,0.075100150306452,0.0754863736064248,0.07547940919236,0.0780799138305002,0.0800070506174429,0.0852565980451208,0.085953896892395,0.0860549357306847,0.0871629521909541
2025-11-17,0.072990099020958,0.0716641898906371,0.0726593968482105,0.0749961490364058,0.0731203003687447,0.0735541991654106,0.073682135946032,0.0740708622742445,0.0745731944756026,0.0750977858052686,0.0754822935646699,0.075182048047932,0.0777804526899632,0.0797115074043515,0.0849571574944112,0.0855789756235213,0.0857115038321631,0.0868765620565352
2025-11-14,0.0725959324517065,0.0720281921620887,0.0726593968482105,0.0754447036421946,0.073115381919407,0.073549853840634,0.0736728852116553,0.0740523002135046,0.0745725591820769,0.0750912088087397,0.0754822675839386,0.0751717650983893,0.0777442954106872,0.0797088732743561,0.0849327717445653,0.0855071542674876,0.0857458513559879,0.0868999617167577
2025-11-13,0.0720124753132596,0.0720281921620876,0.0726593968482105,0.0754599150098612,0.0728942171149847,0.073330583788689,0.0733077240378032,0.073679789238048,0.0740505570444319,0.0746433973142633,0.0751181560717307,0.0748780768470973,0.0774524546512523,0.0794158386776592,0.0846380704175377,0.0852134295028206,0.0853506943300713,0.0865458319502391
2025-11-12,0.0716491139939946,0.0730410956216664,0.0726593968482105,0.0756917173669408,0.0729841689214843,0.0733847127785911,0.0733845286333133,0.0737551193439944,0.0741245067814283,0.074707913446985,0.0751810467915073,0.0749449416980988,0.077502868648208,0.0795165437220807,0.0846689562231118,0.0851710201133437,0.0852774451474872,0.0865805247968689
2025-11-11,0.0708633541131888,0.0727999742742649,0.0724983792917941,0.0756917173669382,0.0729871725582878,0.0733877134384774,0.0733884389288067,0.0736009740467993,0.0740544584952917,0.0746008324430206,0.0750795003710478,0.074870101760006,0.0774299472382385,0.079442936185368,0.0844479330422133,0.0850587106388331,0.0851023296030748,0.0864108492036841
2025-11-10,0.0702739320579245,0.072551698718102,0.0732086049687443,0.0749497606076389,0.072913878980545,0.0733243878127779,0.0732944051837145,0.0735521850435275,0.0739804641231308,0.0745267244070282,0.0749920677767401,0.0748277153956482,0.0773316507428719,0.0793913247739807,0.0844703291238956,0.0849776390790517,0.0850271763482262,0.0863354002997024
2025-11-07,0.0702604850836712,0.0720764371986591,0.0727351631065251,0.0720927801933482,0.0725109457299067,0.0729199889560607,0.0729608396619582,0.0732517037360729,0.0735863610145088,0.0741697240255411,0.0745174309047089,0.0744200199480181,0.0770837973336887,0.0791122118120309,0.0841289262361169,0.0845666642596677,0.0840369784440314,0.0855780804953107
2025-11-06,0.0704704158063274,0.0706285837767461,0.0727351631065217,0.0743372315860709,0.0727962350867993,0.0732335597742494,0.0732674845961691,0.0734623446110629,0.0739401676334255,0.0744996538428085,0.0748781186555177,0.0746482072321414,0.0773528066644947,0.079318791422998,0.0844152782797505,0.0848388189900562,0.0843500352925677,0.0858939153305839
2025-11-05,0.0704704158063274,0.0715939348849043,0.0727351631065217,0.0722090274417828,0.0725920111495526,0.0730022461409588,0.0730466694799552,0.073328668266181,0.073721716013646,0.074281260416254,0.0746566286819163,0.0744805203759602,0.0771269097864966,0.0790763901838614,0.0841347543280285,0.0845423143010944,0.0841358469131787,0.0856337230295164
2025-11-04,0.0702739320579151,0.0715939348849047,0.0722615535349528,0.071995027171153,0.0724416168131194,0.0728591993384574,0.0729140768120998,0.0731823577993832,0.0735882410871739,0.0742184395274446,0.0745270850086398,0.0744210629749204,0.0770671861797123,0.0790149837436333,0.0840178248334146,0.0844150969713983,0.084033110574785,0.0855293612180743
2025-11-03,0.0702739320579156,0.0713457486020424,0.0720246858210223,0.0718554371004288,0.0723754873316678,0.0727861142476919,0.0728429622721151,0.0731200810612003,0.073512541317994,0.0741446258481974,0.0744546016694292,0.0744328558494138,0.0770694484427131,0.0790183940417645,0.083953636550371,0.0844042126336157,0.0840024012736858,0.0854676403042331
2025-10-31,0.0702604850836712,0.0713250837378277,0.0717877761352428,0.0714880462720451,0.0719251859274062,0.0723480250436501,0.0724747544686366,0.0726473993565189,0.0731202313731194,0.0737462668645389,0.0740971998481158,0.0743863927719905,0.077014368464323,0.0789547069394138,0.0838639727294585,0.0843424855577899,0.0839360084456477,0.085396685719811
2025-10-30,0.0702739320579164,0.0713181989854051,0.0722615535347588,0.0710640584310647,0.0719187004324396,0.0723473881509128,0.072472333182542,0.072659988065662,0.0731174668480101,0.0737462211909276,0.0740862269162516,0.0743976016641461,0.0770214768638421,0.0789586091548676,0.0837371846282657,0.0841951491833749,0.083837863965014,0.0852388589950256
2025-10-29,0.0707258301325921,0.0714615512846667,0.0703464610134749,0.0700669611127909,0.0711356596939993,0.0716866994805198,0.071845522326532,0.0721057190992218,0.0726949553791412,0.0732377492065957,0.0738366528102674,0.0742196481933775,0.0768318819091955,0.0787644281532899,0.083242851562996,0.0839107114008036,0.0833491218636623,0.0847400424093806
2025-10-28,0.070863354113182,0.0714615512846664,0.070346461013439,0.0700669611127766,0.0711351478777164,0.0716866994805104,0.0718455223265222,0.072105719099213,0.0727009259318437,0.0732436561669706,0.0738420960211823,0.0742169522767937,0.0768323929772862,0.0787647239238141,0.0832027862569706,0.0839063999935387,0.0833636935226406,0.0847509264942429
2025-10-27,0.0711874989214013,0.0716958266246785,0.0702705592649051,0.0702440883885093,0.0713513948056499,0.0719224467357604,0.0721452737738716,0.07235997076522,0.0729844531566058,0.0735274256588106,0.0741578210434337,0.0746261206763545,0.0772294021099498,0.0791861366481089,0.0836258334797998,0.0842964214844284,0.0835161785053345,0.084918314398044
2025-10-24,0.0710166040063372,0.0714615512846705,0.0702041417000532,0.069904693829893,0.0710906030609909,0.071742808525869,0.0719937967040309,0.0721852715162883,0.0728292663059973,0.0734484890875373,0.0741061303906767,0.0746439774731111,0.0772425804755475,0.0791577278398278,0.0837194196148438,0.0842046140211168,0.0835339669557307,0.0849303636235585
2025-10-23,0.0710303411096419,0.0717027853990322,0.0702420949982618,0.0700296671618523,0.0710843235724797,0.0717505390075321,0.0720017857567214,0.0721772373645417,0.0728263607587523,0.0734422247646253,0.0741017841757861,0.0746409875701364,0.0772832740586199,0.079265785896782,0.0838533068958796,0.0842692003988195,0.0836007812426674,0.0848846080292819
2025-10-22,0.0708633541131819,0.0721851665935111,0.0698720043756931,0.0697778966074179,0.0711729689388513,0.0718209510738137,0.0720778906296864,0.0722711737515148,0.0728968477649435,0.0734713390342436,0.074220955101327,0.0747609193589177,0.0774025713185259,0.0794090605993904,0.083610626363087,0.0840130730476973,0.0837846793817925,0.085167867124158
2025-10-21,0.0700479637169105,0.0708631654363118,0.0697296345461474,0.0697778966074186,0.0711760054879995,0.0718371909556113,0.0720812866630776,0.0721938560127398,0.0728266032499902,0.0733291027527076,0.0740690485354616,0.0745308208009888,0.0772653716058607,0.0793635344901038,0.0834666556039961,0.0838429659151087,0.0838195115908774,0.085174294560448
2025-10-20,0.07012656286051,0.0708631654359578,0.0697296345461472,0.0697778966074186,0.0711757127537016,0.0718371909556112,0.0720812866630776,0.0721938560127391,0.0728261938850732,0.0733288832360317,0.074068846856951,0.0745357323432764,0.0772625397776186,0.0793980461346851,0.0834071040644503,0.0838534832375187,0.0838294506854356,0.0850623405547296
2025-10-17,0.0700346028182897,0.0708631654359578,0.0697296345461472,0.0697648651640732,0.0711699134336841,0.0718264481844214,0.0720723373240632,0.0721907711043847,0.0728266110021954,0.0733293692134604,0.0740689422386641,0.0745357842306216,0.0774344337621832,0.0795261694470603,0.0836307772466291,0.0839238040108244,0.0836870253867108,0.0850515071543937
2025-10-16,0.0698023313562901,0.0711044715345216,0.0695777566828332,0.0696379966822704,0.0706161504866167,0.0713570278835279,0.0716042168320785,0.0718536858886904,0.0725827350078054,0.0731569528426449,0.0739812235415953,0.0744359828623721,0.0774044783382501,0.0795251910391432,0.0833777555022428,0.0838599333116304,0.0837154419204433,0.0850554312313118
2025-10-15,0.0691439616273716,0.0701776977539906,0.0694353555152532,0.0691715221946325,0.0701955984017714,0.0709673450350512,0.0712037540963165,0.0715495170872121,0.0722645918173208,0.072723983128387,0.0736107955191045,0.0739987840612918,0.0770041116353265,0.0790913636013825,0.0830156321431641,0.0835244134477125,0.0833749353014791,0.0845878548634751
2025-10-14,0.0691439616273707,0.0697720995126703,0.0691030271299795,0.0689475371260374,0.0700441867312598,0.0707812786192247,0.0711057970657286,0.0715578349543253,0.0721204650690323,0.0725931349602531,0.0734768198259038,0.0739213605070124,0.076929965417257,0.0790052319181305,0.0829281594919778,0.0833766822329901,0.0833334148004221,0.0845353203737333
2025-10-13,0.0691439616273707,0.0704190863387498,0.0691030271299678,0.0689475371260314,0.0700441867312571,0.0707734497128826,0.0711057970657272,0.0715578349543252,0.0721202253387178,0.0725880828349726,0.0734766197637591,0.0739262023112865,0.0769271462851188,0.079051364003812,0.0829322807118254,0.0832903864023096,0.0831994178218551,0.0844166598515375
2025-10-10,0.0691439616273707,0.0696755164110931,0.0685236287144484,0.0685801939445216,0.069640705878935,0.0702946123888525,0.0706298779488771,0.0710845023505986,0.0716471281554081,0.0720419302956541,0.0729300088509984,0.0734169737763585,0.0764215740113027,0.0789010081655107,0.0822578618910866,0.0827681333193203,0.0825818377308832,0.0838372707356338
2025-10-09,0.0691439616273707,0.0696755164110869,0.0685236287144425,0.0685927914656117,0.0696347582994153,0.0703048952367238,0.0706384649674495,0.0710804881862167,0.0716443984828656,0.0720376469955891,0.0729262727616838,0.0734168412290596,0.0763685696727042,0.0785814127940746,0.0821349291305949,0.0826731838419767,0.0824827889238764,0.0837030342773236
2025-10-08,0.0688982732893452,0.0696755164110869,0.0685236287144425,0.0685927914656117,0.0696475473526198,0.0703048952367238,0.0706384649674495,0.0710874917754519,0.0716400946815685,0.0720344572609754,0.072923295710238,0.0734133545137301,0.0761141302929859,0.0786148041767612,0.0818177652383738,0.0826722447809373,0.0823866090660806,0.0838044387130132
2025-10-07,0.0688982732893439,0.0694823362527164,0.0684476234095657,0.0685927914656117,0.0696475473526198,0.0703072168291056,0.0706402404813625,0.0710874917754519,0.071646202315396,0.0720416146605515,0.0729298174357594,0.0734106940892058,0.0761571014076423,0.0785868082309238,0.081934291164162,0.0825634687534365,0.0823135044263798,0.083857076468779
2025-10-06,0.0688982732893434,0.0694823362527095,0.0684476234095642,0.0685927914656117,0.0696475473526198,0.0703072168291055,0.0706402404813625,0.0710874917754519,0.0716459641670936,0.0720413990071259,0.0729296188667843,0.0734154579200859,0.0761119179443259,0.078614857659241,0.0819982556529284,0.0825456281423519,0.0823020816228631,0.0838474969469389
2025-10-03,0.068885346075309,0.0694823362527093,0.0683051018161388,0.0685801939445185,0.0696038346870302,0.0702300795346462,0.070558026698197,0.0709299707019381,0.0715007058279094,0.0718865859494686,0.072706102614277,0.0731922870477261,0.0758938171335354,0.0784746984526693,0.0815199492230569,0.0823848767307311,0.0821266160638431,0.0836545131051804
2025-10-02,0.0688788848898049,0.0700038799806918,0.0683051018161388,0.0685927914656117,0.069598006431346,0.0702340879461162,0.0705666062949653,0.0709258086325613,0.0714980450910718,0.0718784981254066,0.0727024021168873,0.0731919925514332,0.0758937531112479,0.0784501179915007,0.081680565655951,0.0822686275097175,0.0821259210619886,0.0836538046646369
2025-10-01,0.0688724253177355,0.0694823362527072,0.0680865391946161,0.0684153714325566,0.0694299958165049,0.0700588400824016,0.0703888995986169,0.0707555486635097,0.0713146670205109,0.0716994079012682,0.0725219419481974,0.0730917997275206,0.0758160300022201,0.0784193273435753,0.0813170370721585,0.0821462926408014,0.082114087128442,0.0840772478728076
2025-09-30,0.0689538874045035,0.0692956398956888,0.0679724923373802,0.0682005576892604,0.0692099373199074,0.0698324701405448,0.0700932636023106,0.0705409771353152,0.0711029393724584,0.0714890387672938,0.0723136346751632,0.0729449326481836,0.0756280466712306,0.0782193431860812,0.081141590510325,0.0819395190664275,0.0820082539585411,0.083954757123362
2025-09-29,0.0684132253411127,0.069047612848241,0.0678299200840702,0.0681631940664742,0.0692118554311793,0.0698354855257505,0.0700965677166687,0.0705423442432604,0.0711040390478243,0.0714906814561948,0.0723156146566978,0.0729505834851437,0.0756469319740785,0.0782168297931305,0.0811388033692925,0.0818615967286681,0.0820379565045912,0.083973912944296
2025-09-26,0.068413225341107,0.0690540702619611,0.0675352225739818,0.0681507520682767,0.0689823656984469,0.069615564746438,0.0697196708966755,0.0700949800891928,0.0707289773202723,0.0711210363437311,0.0719485798560947,0.0725912690452571,0.0752910632128726,0.0778566710734943,0.0807681394230093,0.0814750337495811,0.0816913331305285,0.0836134462917223
2025-09-25,0.068413225341107,0.0690540702619611,0.0675352225739813,0.0681631940664742,0.0689940602641691,0.0696155647464376,0.0697280478338507,0.0700906665939783,0.0707244430432267,0.0711179360901029,0.0719451895309524,0.0725907956180912,0.0750472898213351,0.0778960840786388,0.0806978541294492,0.08142138132487,0.0817152842232571,0.0836817212489456
2025-09-24,0.068413225341107,0.0689767618670358,0.0674591610580117,0.0679856977910943,0.0689182973894317,0.0693966888827565,0.0696624258186093,0.0699491192410138,0.070734150126939,0.0711337278869924,0.0719466317123494,0.0725997096028281,0.0751822081491995,0.0779238329252245,0.0803215610575807,0.0811727920755847,0.0813978963384267,0.0836677682435962
2025-09-23,0.068413225341107,0.0689767618670356,0.0671643818057704,0.0676960309526514,0.0686246770672981,0.0690335139667179,0.0693707971512559,0.0696694006583561,0.0704425149325028,0.0708429208612575,0.0716609814711496,0.0723875954944182,0.0748865533193876,0.0777211935735351,0.0801134343682034,0.0809165789528886,0.081203076179071,0.0834602863822235
2025-09-22,0.0680887931178587,0.0689703188210616,0.0674591610580116,0.0679856977910941,0.0689194434110634,0.0693968783790644,0.0696624258186091,0.0699491192410134,0.070734806450228,0.071133418420185,0.0719516412694138,0.0726017704401946,0.0750211116590037,0.0779429269259543,0.0803336944983104,0.0810602195012825,0.081452620322663,0.0837058595677864
2025-09-19,0.0680887931178583,0.0692956398956779,0.0670978097530571,0.0676837570055319,0.0685479586867233,0.0690297887542723,0.0693640247078223,0.0696669525723459,0.0704437952870352,0.0708369076997402,0.0716619350370177,0.0723926638637163,0.0749387752776081,0.0777938236292973,0.0801744814958877,0.0809144690836362,0.0814014255051837,0.0836359066751125
2025-09-18,0.0680887931178583,0.0692956398956895,0.0670978097530457,0.0676960309526514,0.06855950685722,0.0690297887542239,0.0693723235676379,0.0696627121509698,0.0704392623643383,0.0708338241599794,0.0716583377203698,0.0723921726125891,0.0748644597560692,0.0778360231050005,0.0801372740694916,0.08092579168408,0.0814100846229922,0.0836418738378098
2025-09-17,0.0680887931178583,0.0692956398956895,0.0670978097530457,0.0676960309526514,0.06855950685722,0.0690297887542239,0.0693723235676379,0.0696694006583559,0.0704458518802015,0.0708393472697243,0.0716554601671732,0.0723889344628667,0.0748118090151113,0.0778102554799018,0.0800817077746497,0.0809185770764484,0.0813800355808704,0.0837575858023771
2025-09-16,0.0675971791359089,0.0692956398956895,0.0670217233479502,0.0676960309526514,0.0685612341457867,0.0690297887542239,0.0693740682346375,0.0696694006583559,0.0704468422826165,0.0708391349960095,0.07166177381064,0.0723863337804329,0.0749713221911427,0.0778263568109979,0.0800744530772421,0.0809020708406134,0.0812897672711577,0.0836528507415174
2025-09-15,0.0675971791358813,0.0692891374843744,0.0670217233479484,0.0676960309526514,0.0685612341457867,0.0690300819023604,0.0693740682346375,0.0696694006583559,0.0704468422826165,0.0708391037070109,0.0716615787053744,0.072390986049999,0.0749577833984659,0.0778155797932086,0.0800630927137532,0.0808919274584662,0.0813402108927223,0.0836930689170362
2025-09-12,0.0663777163825448,0.0666174309897727,0.066508026826859,0.0673193485718099,0.0681845332790777,0.0685446836487454,0.0689346945721163,0.0693029571141256,0.0700900220312391,0.0704915585643123,0.0713909010053182,0.0721076932244536,0.0746633186669536,0.0776892760698576,0.0798535247605714,0.0805568594946449,0.0810131351202665,0.0833077709081773
2025-09-11,0.066377716382543,0.0666174309897535,0.0665080268268578,0.0673314921602853,0.0681959799061955,0.0685446836487428,0.0689043847782809,0.0692985882094531,0.0700855274063357,0.0704884825464453,0.0713890742948112,0.0721071599771838,0.0745889859759207,0.0776619043488311,0.0798017401440545,0.0805369168648807,0.0810495411623976,0.0832184937958391
2025-09-10,0.0663383727009045,0.06641424475641,0.0663462666949856,0.0669948768242788,0.0677411627629938,0.0680878902564979,0.0684650561110708,0.068949559236098,0.0697088168857615,0.0701197107506213,0.0710600147607197,0.071708038826658,0.0743320090074834,0.0772289438049746,0.0792663866620374,0.0800311149842088,0.0807418644234076,0.0828768640551278
2025-09-09,0.0662006667759626,0.0664142447564098,0.0663462666949856,0.0669200580260198,0.0676657998342421,0.0680113556130419,0.0683880066443206,0.0688748109774663,0.0695651914856827,0.0700436730203501,0.0709189619096447,0.0715502632659141,0.0740629686327657,0.0770786801959428,0.0790992314269772,0.0798636183496323,0.0806122504128771,0.082737183856906
2025-09-08,0.0662006667759635,0.0661857479665394,0.0662035209123259,0.066630082297745,0.0673813594813114,0.067688668749831,0.0680637423515115,0.0688077275160738,0.0694981792890039,0.0699899293226514,0.0709361972559437,0.0715658303658332,0.0741517319326167,0.0771776080135395,0.0791550390956627,0.0799353937814057,0.0807043056182874,0.0828249831136113
2025-09-05,0.0667809668701294,0.0659690985988563,0.0660512419439764,0.0663375847692524,0.0670743214657259,0.0672413544889142,0.0676836006136288,0.0684472777269576,0.0693596610131248,0.0698491399631156,0.0709562601054431,0.0715915053295636,0.0741696825760426,0.0771762355947716,0.0791423224364386,0.0799496447079803,0.0807136521473471,0.0828314114284304
2025-09-04,0.0667809668701343,0.0659690985988556,0.0660512419439757,0.0663493805415338,0.0670853825761461,0.0672413544889157,0.0676914707273736,0.0684434038485694,0.069355359133192,0.0698460918875498,0.0709525940222072,0.0715914200567691,0.0741697464417887,0.0773719243945431,0.0792660786280118,0.0798883775028508,0.0806667013971872,0.082797792870258
2025-09-03,0.0667809668701343,0.0659690985988556,0.0660512419439757,0.0663493805415339,0.0670853825761461,0.0672413544889157,0.0676914707273736,0.0684498771192374,0.069361787076476,0.0698515532858254,0.0709497286772185,0.071587740982579,0.0743497453416885,0.0776427156067198,0.0793957733131907,0.0799764157734186,0.0808579533366129,0.0827579073126828
2025-08-29,0.0666447910749076,0.0657907750318396,0.0659750959553008,0.0662451001677456,0.0669397765617205,0.0671703328771689,0.0676082486378263,0.0683733926668686,0.0692912834572164,0.0697861629821166,0.0708797452392842,0.0715261325829504,0.0743168886546236,0.0776417197015323,0.0793429289962578,0.0798950371772816,0.0807803804028968,0.0826806492490355
2025-08-28,0.0666568932506981,0.0649724363433841,0.0659084646575406,0.0658439187352983,0.0662703292273827,0.0667003357855917,0.0672514775203277,0.067793345318881,0.0689423074383464,0.0695483333794974,0.0707742772424765,0.0714845775958806,0.0743689614861234,0.0775798999257282,0.0793459026016677,0.0800421543824606,0.080678076831325,0.0826244477704538
2025-08-27,0.0666568932506981,0.0650516208239247,0.0659750959553007,0.0658439187352595,0.0662811040888047,0.0666951958174158,0.067249998481263,0.0677996868604941,0.0689383280162355,0.0695453809545388,0.0707704229430192,0.0714811060778799,0.0744963210467693,0.07766008430362,0.0793959385571191,0.0801245682307001,0.0807975458576608,0.0826836804992439
2025-08-26,0.0662832067705337,0.0650516208239249,0.0659750959553009,0.0658439187352595,0.0662823970696154,0.0667044685228484,0.067249998481263,0.0677996868604941,0.0689454602147501,0.0695415821477944,0.0707755571395254,0.0714785123459406,0.0745500129837492,0.0777005873237175,0.0794991870477715,0.0800255258271565,0.0808880510234206,0.0826497899373754
2025-08-25,0.0664110508431209,0.0650516208239249,0.0657561520777524,0.0658439187352595,0.0662819547064289,0.0667044685228483,0.0672548587490061,0.0677996868604941,0.0689452029868784,0.0695469883721652,0.0707786364654115,0.0714831578353314,0.0746637006008854,0.0774889777273097,0.0797256775711018,0.0802126137267252,0.0808530321532386,0.0827493102526243
2025-08-22,0.065779669549766,0.0644555820439109,0.0652514926855959,0.0653382013081339,0.0662122165259289,0.0667112134997411,0.0672582677017714,0.0678142565021266,0.0689496346147585,0.0695506148721662,0.0707865266741399,0.0714956316370563,0.0743978062044655,0.0770391502297203,0.0803657770600929,0.0807680938209015,0.0811732896346284,0.082898039714073
2025-08-21,0.0656734322042991,0.0644499530436465,0.0652514926855971,0.0652632584520281,0.0662072992652151,0.0667064989355297,0.0672660647168791,0.0678136834535858,0.0689473503735663,0.0695508018972355,0.0707827403274244,0.0714977465285852,0.0736154752774407,0.0759182423213034,0.0800495925090759,0.0806457965970081,0.0814232240992186,0.0831319041380667
2025-08-20,0.0655455643602984,0.0640379236285705,0.0649181225863176,0.0650102848395746,0.0661425723456303,0.0665531372558532,0.0671963634843535,0.0678289695778453,0.0689461894344435,0.069557593480909,0.0707584635131942,0.0714199633569528,0.0735939511226453,0.0757704544540785,0.0796031502664384,0.0804288481126353,0.0812807668820852,0.0828287931189328
2025-08-19,0.0654275288463686,0.0640323675935866,0.0649181225863172,0.0650102848395744,0.0661429799452828,0.0665623453382692,0.0671963634843535,0.0678289695778453,0.0689528264921017,0.0695537485318463,0.0707636257770933,0.0714173622089534,0.0735628037825252,0.0757169078245331,0.0796923084301908,0.0804931114963535,0.0813418278287625,0.0828878333522975
2025-08-18,0.0654865470422998,0.0638720242457315,0.0647752242367695,0.0648697162863991,0.06600038369286,0.0665639110120375,0.0671995343282798,0.0678339098466689,0.0689583537375213,0.0695601702976093,0.0707655695384892,0.0714255089519544,0.0737209337792897,0.0758724279096719,0.0796504816517447,0.0805417113597949,0.081451442011785,0.0829298764700049
2025-08-15,0.0649831941144506,0.063855447656814,0.0647752242367719,0.064858435205193,0.0659966869265492,0.066564000595647,0.0671917266238939,0.0678311540611929,0.0689600290188942,0.0695596029956772,0.0707659987306337,0.071425804582707,0.073881861741455,0.0759906455083044,0.0797591557750139,0.0805557332864771,0.0813537023418165,0.0828581742732895
2025-08-14,0.0649947019147255,0.0638499246690362,0.0647752242367719,0.0647947383111466,0.0659913737765418,0.066559315545854,0.0671995343282799,0.0678301029974245,0.0689575718377484,0.0695598325971619,0.0707621241843778,0.0714276378777707,0.0739572595539359,0.076120019567762,0.0798741794560425,0.0807894559131357,0.0814579187651517,0.0829706415105383
2025-08-13,0.0652996530766026,0.0636188502173279,0.0645656123597592,0.0645228960155344,0.0658111463758833,0.0663190643981422,0.0671656278906645,0.067729825390655,0.0689206149857525,0.0695303500886951,0.0707242069750221,0.0714365404243429,0.0737638843278275,0.0762787506449554,0.0796671633323713,0.080539005226298,0.0813577843412749,0.0830628610189026
2025-08-12,0.0654275288463689,0.0638318951243176,0.0645465551049155,0.0645791453123985,0.0657252526373243,0.0663258177580543,0.0671660506012392,0.0677278513152736,0.0689301673959693,0.0695248921278703,0.0707296551708432,0.0714325311001439,0.0737742385049476,0.0761964271049337,0.0796522898618367,0.0806609354784652,0.0815070085469545,0.0830525298138689
2025-08-11,0.0656734322042988,0.0638996773421511,0.064622782494476,0.0646541394535158,0.0657244090853934,0.0663250360166974,0.0671643598331122,0.0677252195723196,0.0689296725322871,0.0695298423973815,0.0707283234278296,0.0714353588152747,0.0739078763574307,0.0764561380963299,0.0798007038493172,0.0807806037747754,0.0815930197286558,0.0831763537666081
2025-08-08,0.0655338612280774,0.0641168024465197,0.064622782494476,0.0648584352051855,0.0657859327181696,0.0663989979055817,0.0671565527383535,0.0677150282810234,0.0689278704968902,0.0695242066897859,0.0707288852823827,0.0714303426098488,0.0738219676006868,0.0763118183157173,0.0797036417264368,0.0806978917868839,0.0815272063894954,0.0831054642616037
2025-08-07,0.0645519891603127,0.0635207502186779,0.0641653529531758,0.0643447523655982,0.0654423262131217,0.0661425135405923,0.0669527607545506,0.0674680500219654,0.068793861781604,0.0694607468527862,0.0707020564110085,0.0714964340684824,0.073930332753864,0.0764245426687677,0.079878831359357,0.0807708650796818,0.0816626108451204,0.0829784374882858
2025-08-06,0.0635188005762238,0.0630473895253528,0.0636505575817423,0.0640258897645585,0.0653044065650185,0.0659998970453253,0.0668966431825146,0.067417737151767,0.0687189295598841,0.0693887627042713,0.0706300354217758,0.0714336773455822,0.0743883451715674,0.0768811550485953,0.0799463609248539,0.081042730506697,0.0818505550148985,0.0832357689141544
2025-08-05,0.0630267114276982,0.0629698906538541,0.0635838103333247,0.0639508484918233,0.0652395868071253,0.0658565663037945,0.0668209698501242,0.0673428186582791,0.06861125592025,0.0692828726267735,0.0704898568595448,0.071315820936104,0.0742642635666768,0.0767341039975529,0.0798378052158879,0.0808566334704872,0.0816501377826313,0.083473700656017
2025-08-04,0.0626329961585912,0.0626695539257746,0.0634312326800166,0.0639508484918233,0.0652409277827951,0.065860005721387,0.0668243374075533,0.0673428186582793,0.0686120449570669,0.0692904943001042,0.0704919384247555,0.0713205344047539,0.0743035954760598,0.0768095633400544,0.0798844207933239,0.0809654241349654,0.0817362362375181,0.0831244232985022
2025-08-01,0.0625239058302644,0.0627417281387076,0.0634912137788449,0.0640148971729854,0.0653025612040901,0.0658592065553461,0.0668157779101564,0.0673378005964964,0.068610414940062,0.0692893642561588,0.0704921744709274,0.0713191394468537,0.0743046932884766,0.0767954621857366,0.0798882221784907,0.0809511206088846,0.0817409568830753,0.0831274421160907
2025-07-31,0.0621407971216172,0.0625911071969103,0.0633332967774487,0.0639508484918228,0.0652321126721227,0.0658564629039466,0.0668272193235384,0.0673364367136107,0.0686113224689713,0.0692907986290185,0.070490443434575,0.0713206731171434,0.0742951681704916,0.0768424822188524,0.0800125128523341,0.0810507686556005,0.0818377398308292,0.0832222772355516
2025-07-30,0.0623376840640024,0.0626017296612778,0.0633278897081612,0.0639508484918233,0.0652419336907085,0.0658516779082891,0.0668255406177017,0.0673428186582792,0.0686062372932181,0.0692880844453893,0.0704897906498907,0.0713172039097085,0.0742317545369777,0.0768526054677103,0.0798484723065312,0.0809607623449979,0.0817676312863456,0.0831502992465327
2025-07-29,0.0627314286388764,0.0627470645314653,0.0635020858119669,0.0639508484918233,0.0652405925137143,0.0658591180283389,0.0668209874079129,0.0673428186582793,0.0686118476830492,0.0692830462745741,0.0704838529609252,0.0713145780547664,0.074211304142258,0.0768440287746448,0.0796835081517305,0.0809778620837751,0.0818162536023812,0.0831851474755292
2025-07-28,0.0626822127040022,0.0625823508740491,0.0633876671002253,0.0639133257436525,0.0652217599536073,0.0658993466162497,0.0668235274496455,0.06734412793288,0.0686126960463726,0.0692880291936696,0.0704907170427162,0.0713202190088658,0.0743572560092063,0.0770579450752203,0.0799037990682191,0.0811926049271116,0.0819514079117349,0.083185943138309
2025-07-25,0.0625731068634492,0.0626448557885783,0.0635238975687104,0.0639773899830326,0.0652928847866855,0.0659753208010587,0.0668172616899226,0.0673390575710328,0.068610696713602,0.0692836571028646,0.0704891388767453,0.0713187881198682,0.0743583340141681,0.0770669502855164,0.0799685874517871,0.0811737344322029,0.0819350986864431,0.0831743468342293
2025-07-24,0.0622884632444102,0.0625717349500596,0.0634639473333439,0.0639508484918233,0.0652126175209579,0.0659716507959202,0.0668140706069659,0.0673364367136107,0.0686117590355147,0.069284576745719,0.0704900271050912,0.071319459815985,0.0744225310271039,0.0770584502049196,0.0801842614819714,0.0812803299708393,0.081725985137843,0.0831566580121729
2025-07-23,0.0620915738593081,0.0624660741749774,0.0633495253456098,0.0638758015874728,0.0651477654463983,0.0659682173605923,0.0668243742297051,0.0673454373091703,0.0686104693510153,0.0692828718982865,0.0704876630212526,0.0713178179053732,0.0747529887841154,0.0773241264474251,0.0805337653574975,0.0815262643055404,0.0817772879231507,0.0833033691986623
2025-07-22,0.0615008470711353,0.062059052046202,0.0630252763305909,0.0635192518590834,0.0649312279819703,0.06576154435007,0.0666097085058607,0.0670573463065088,0.0683323659274631,0.0689047394934604,0.0701101283551545,0.0709559291555291,0.0742149917846681,0.0769988547966316,0.0799788283504416,0.0810773726985914,0.0814253594995995,0.0831844150215661
2025-07-21,0.0612054506900604,0.0620590520462018,0.0630252763305909,0.0635192518590833,0.064932229432731,0.0657615443500699,0.0666097085058606,0.0670573463065086,0.0683329556081943,0.0689100916459318,0.07011521030211,0.0709605898768418,0.0742224380348337,0.0769970614328645,0.0799636086374981,0.0811106423460013,0.0814180189261025,0.0831773918745493
2025-07-18,0.0611952422252959,0.0620150695488713,0.0629764263938967,0.0634709044259528,0.0648891181132823,0.0657238017571041,0.0665688109456711,0.0670174587943578,0.068296079434982,0.0688817718236647,0.0700880826539206,0.0709235135399966,0.0741128958615109,0.0769433251156422,0.0798997486520511,0.0810289775941412,0.081414436999877,0.0831624269921015
2025-07-17,0.0615008470711303,0.0620486119830207,0.0629871241982813,0.0634817129124216,0.0648828310515195,0.0657189084573125,0.0665642447797419,0.0670135359078812,0.0682930239422841,0.0688819293513486,0.0700880250314347,0.0709232009898121,0.0740067374452465,0.0768038770673936,0.0799211187122737,0.0809639430119865,0.0812729531135825,0.0832043461359324
2025-07-16,0.0615008470711356,0.0620590520462017,0.0629871241982813,0.0634817129124216,0.0648932163045675,0.0657141132974348,0.0665719660278124,0.0670198714338622,0.0682882702106673,0.0688793384897921,0.0700839900055853,0.0709198164112702,0.07445273668977,0.077217274554367,0.0798318966664602,0.0811846777070792,0.0818005761205389,0.0837177567781821
2025-07-15,0.0613039185942237,0.0619815145520338,0.0629108166554483,0.0634066307913168,0.0648273598605179,0.0656473826520762,0.0665736536862663,0.0670224785199923,0.0682976231446363,0.068879053998424,0.0700822978463394,0.070919067388173,0.0744228435116102,0.0772572556839672,0.0797774476785546,0.0811513412421743,0.0818674032226146,0.0837722164822845
2025-07-14,0.0607820108516573,0.061874895548683,0.0628440439695968,0.0634066307913166,0.0648291264032334,0.0656485999122376,0.0665751305501227,0.0670224785199923,0.06829866454977,0.068885179749838,0.0700883718658012,0.0709237243755608,0.074419651184638,0.0772451415120002,0.0797004433255875,0.0809739646589056,0.0817830069557213,0.0837121488163287
2025-07-11,0.0606636494587235,0.0615692531646453,0.062757104233935,0.0633207850833615,0.0648244067633842,0.0656522034196655,0.0665737643483486,0.0670227173535176,0.0682997931443611,0.0688868487011668,0.0700901315348696,0.0709260122198347,0.073585157973658,0.0764051152181197,0.0789071339761539,0.0801916214861951,0.0810028044876925,0.0829189023129955
2025-07-10,0.0606736817727789,0.0615743929771445,0.0615556298812836,0.0633315430324631,0.0648191175207901,0.0656474931737341,0.0665958225802017,0.0670187362377943,0.068297353651083,0.0688871170270633,0.0701081502426837,0.070925635068416,0.0745079206304654,0.0772674648438554,0.0797300502002067,0.081185544274622,0.0818392086101328,0.0837757839739302
2025-07-09,0.0606736817727789,0.0615743929771445,0.0615556298812836,0.0634817129124215,0.064972044768294,0.0658346511579167,0.066748414477253,0.0671749883501595,0.0684340552429016,0.0690251467058398,0.0702472708116367,0.0710620939761982,0.0748183969570623,0.0775182870325085,0.080015914852103,0.081361262083749,0.0820623958694969,0.0840084074627589
2025-07-08,0.060565349735915,0.0615743929771445,0.0615556298812836,0.0632658366180887,0.0649724123277803,0.0658437895799721,0.0667484144772531,0.0671825033571324,0.068440655725644,0.0690209683745256,0.0702444107496982,0.0710648085426633,0.0746844610177902,0.0773521522208211,0.0799040023711474,0.0812338683345581,0.0819359086004858,0.0838802284946076
2025-07-07,0.0605653497359155,0.0615356151357156,0.0615556298812836,0.0632658366180854,0.0649724123277803,0.0658442337479296,0.0667484144772531,0.0671825033571324,0.068440655725644,0.069026626325857,0.0702495510818656,0.0710694928238178,0.0748193606161425,0.0774628216669819,0.0800123287208198,0.0813571938230552,0.0820793380710901,0.0840194221851517
2025-07-04,0.060210753766155,0.0617534069261313,0.0629001445506174,0.0637616961864205,0.0651110333090549,0.0658419333948273,0.0667152691124687,0.0671627305396972,0.068436612858084,0.0690245489021737,0.0702298807712157,0.0710575836137233,0.0748137906564263,0.0774667279346645,0.0800086750259645,0.0813531047698666,0.0820743902849386,0.0840156578820912
2025-07-03,0.0600236451760719,0.0617482376307777,0.0629871241982815,0.0637726028970664,0.065106313336094,0.0658376540245058,0.0667089018949809,0.0671585152724329,0.0684344734571892,0.0690250636685323,0.0702286352899562,0.0710570702969528,0.0748135824033654,0.077453592304968,0.0800111420491527,0.081370106790618,0.0820699361889441,0.0840122511100303
2025-07-02,0.0601221424158339,0.0617430694861646,0.0629871241982813,0.0637726028970664,0.0651164574852756,0.0658333103545005,0.0667166648889566,0.0671648647379821,0.0684295597721664,0.0690227186805637,0.0702245594977783,0.0710536798174892,0.0748138718190646,0.0774215130434668,0.0799637688686055,0.0812335553611804,0.08214000979731,0.0840635004266971
2025-07-01,0.0606145919375578,0.0618541431357164,0.0629871241982813,0.0637726028970664,0.0651147827298102,0.0658411770406197,0.0667166648889565,0.0671648647379821,0.0684349478822499,0.0690178745483574,0.0702217220493059,0.0710510809258157,0.0748146712133301,0.0773988295949045,0.0799798871133364,0.0812636204221567,0.0821284735254205,0.0840563267503649
2025-06-30,0.0603191295595757,0.0618800865460169,0.0629924749108961,0.0637726028970664,0.0651157875327766,0.0658405922904873,0.0667182751395837,0.0671648647379821,0.0684355387194953,0.0690225650597707,0.0702272430595693,0.0710557401661985,0.0748326868673945,0.0774189959968185,0.0799341787542117,0.0812699695822233,0.0821354482011064,0.0840592297192958
2025-06-27,0.0601122911904894,0.0615304817614075,0.0629543152559164,0.0637898328128675,0.0650733547855629,0.0658019944704637,0.0666824038687124,0.0671229445913099,0.0684382713722943,0.069027484583585,0.0702298283026584,0.0710575233932278,0.0748995907201942,0.0776539269079666,0.0800475274467043,0.0814281680214222,0.0819920237246009,0.0840447226058109
2025-06-26,0.0597281387837713,0.0614631788233112,0.0629543152559155,0.0638007490506619,0.0650693162228427,0.0657978275934257,0.0666901782870551,0.0671187764206419,0.068436502954868,0.069025284391329,0.0702257394091405,0.0710570043726447,0.0748993785491713,0.0776756028779312,0.0800443872460041,0.0813339118476934,0.0820248819285218,0.0840678713618572
2025-06-25,0.0588907511235534,0.0613953018756827,0.0628112068489133,0.0636600103599574,0.0649400793364803,0.0656159950156167,0.0665389853096233,0.0669749060908333,0.0682919771933097,0.0688812873794316,0.0700822435948748,0.0709136191608637,0.0747486997455185,0.0775039627208242,0.0798952229177934,0.0811989550880482,0.0819661799914468,0.0840235375962912
2025-06-24,0.0586936930440537,0.061240145892166,0.0627348761013847,0.063369087616643,0.0648647118385075,0.0656177498752364,0.0665406629981271,0.066985000833539,0.0683017130883528,0.068888383079709,0.07008845765543,0.0709181836495158,0.0749028560171661,0.0776875274258954,0.0799687370970841,0.0812463604766904,0.0819594427698504,0.084031827429756
2025-06-23,0.0586936930440537,0.061395301875681,0.0628779926784135,0.0637350734598389,0.0649407478400507,0.0656926975502446,0.0665375174933365,0.0669723019822567,0.0682987271488935,0.0688839905017706,0.0700861467287482,0.0709138225753114,0.0747450858239202,0.0774682830281288,0.0798595272976822,0.0810749307192458,0.0819519586518507,0.0840002915038691
2025-06-20,0.0587828019903078,0.0610845558530153,0.0628779926784163,0.0637241794461484,0.0649353981268634,0.0656922258042133,0.0665297823802276,0.0669701560854904,0.0682993778597175,0.0688871341744418,0.0700867807709565,0.0709143959496539,0.074736832995257,0.0775026045744724,0.0798445076997917,0.0810754291250564,0.081990090017867,0.0840332551134959
2025-06-19,0.0586936930440537,0.061395301875683,0.0628779926784163,0.0637350734599097,0.0649303085992753,0.0656835815880546,0.0665375174933364,0.0669660008552842,0.0682969585652993,0.0688821024939982,0.0700827523431837,0.0709138721118404,0.0747047429323075,0.0774468337737353,0.0798055143551855,0.0812818513172067,0.0818595192415108,0.0837822451539416
2025-06-18,0.0588907511235357,0.0615407496493371,0.0628779926784163,0.0638007490506619,0.0649400793364787,0.0656910506022368,0.0665375174933365,0.0669700237190447,0.0682919771933019,0.0688769740895599,0.0700799235631547,0.0709089189957986,0.0744384953273057,0.0774456773542463,0.0797937526736924,0.0809736678795637,0.0819086582841716,0.0838325533218402
2025-06-17,0.059087799415739,0.0613953018756825,0.0629543152559155,0.0638007490506618,0.0649394108998682,0.0656926975502462,0.0665358401731711,0.0669700237190447,0.0682979404103543,0.0688839905017705,0.0700838715794987,0.0709063335298267,0.0743649228697585,0.0775247153200916,0.0799954131929548,0.0811144365337903,0.0822250332943871,0.084183557339172
2025-06-16,0.0593045412340186,0.0615407496493373,0.0630306334767811,0.0638007490506618,0.0649386756969267,0.0656910506022368,0.0665341630494061,0.0669700237190447,0.0682975077713694,0.0688829468603811,0.0700825504163269,0.0709109670406405,0.0740010488112828,0.0774628049142911,0.0799908220847947,0.0810692900863953,0.0822980678876633,0.0842334084226423
2025-06-13,0.0593737422778231,0.0616758705952373,0.0629543152559159,0.0637898328128672,0.0649333979354823,0.0656855419826359,0.0665281103016877,0.0669678737745943,0.0682981688811328,0.0688828883053302,0.0700843197084045,0.0709115348497588,0.0740245794097695,0.0772727754790168,0.0800216457860557,0.0810734815632911,0.0823171598799676,0.0842467267701942
2025-06-12,0.0595803773332933,0.0616861868172576,0.0629543152559155,0.0633315430324513,0.0649273139660773,0.0656802999131977,0.0665358401731711,0.0669799644403812,0.0682955245168706,0.0688800168684952,0.0700802889707527,0.0709225934137194,0.0739256032805174,0.0771849496849477,0.0800396358598376,0.0811440126811241,0.0823189200135143,0.0842477190169657
2025-06-11,0.0595803773332915,0.0616861868172574,0.0629543152559155,0.0638007490506189,0.0649377401012384,0.0656894038984739,0.0665358401731711,0.0669700237190448,0.068290603983437,0.0688759328839336,0.0700774626936732,0.0709076822297904,0.0738973915048911,0.0770570424562376,0.0800306781723921,0.0811471629218619,0.082338565379995,0.0842632768199038
2025-06-10,0.0594424616808723,0.0616861868172574,0.0629543152559155,0.0638007490506617,0.0649382078826835,0.0656894038984738,0.0665358401731711,0.0669700237190447,0.0682972324804817,0.0688819033739101,0.0700825362670937,0.0709050979357099,0.073876903892327,0.0771180249993528,0.0800096174941193,0.0812532093534072,0.082257694212299,0.0842595304254246
2025-06-09,0.0599743956391773,0.0618413081082428,0.063068790953633,0.0638007490506617,0.0649364037635168,0.0656876476836125,0.0665333245611631,0.0669700237190447,0.0682961708250639,0.06888079049239,0.0700806499926346,0.0709097291192455,0.0739268584620692,0.0769604722412477,0.0799631809473871,0.0810997089298332,0.0823530253895956,0.0843253655785508
2025-06-06,0.0600630589663426,0.0618987793341279,0.0632118717936674,0.0638648599254397,0.0649310304258816,0.0656829070323431,0.066522468481871,0.0669651402616465,0.0682967390418964,0.0688812152068206,0.0700791660669401,0.0709083549389458,0.0737795240989279,0.0766163877966856,0.0799454858359696,0.081018931858583,0.0822464636963235,0.0841864894722128
2025-06-05,0.0600728941016232,0.0619867233625454,0.0633549373233208,0.0639508484918232,0.0650681494341888,0.0658302431308405,0.066748865963808,0.0670360539270165,0.0683572157211098,0.0689406645491482,0.0701327399961704,0.0709726455799771,0.0739504537379602,0.076899439937021,0.0801989398918971,0.0812980817520372,0.0825427859131229,0.0844818931631855
2025-06-04,0.0603388277360263,0.0620642738301161,0.0633549373233208,0.0639508484918233,0.0650777114091491,0.0658385021152071,0.0667488659638083,0.0670423553193771,0.0683521605862295,0.0689360143943078,0.0701299221123269,0.0709694573419589,0.0738660108694515,0.0767500245366755,0.0800237313153518,0.081283619644725,0.0826377737651504,0.0844328605625448
2025-06-03,0.0608312503642426,0.0620642738301155,0.0633549373233208,0.0639508484918233,0.0650760378559833,0.065838502115207,0.0667488659638083,0.0670423553193771,0.0683575314815698,0.0689419828337791,0.0701349784430214,0.0709668721403244,0.0736653460382214,0.076357638499583,0.0798229259505483,0.081096048854126,0.0823662783949708,0.0841949310447881
2025-06-02,0.0610231269511834,0.0624325973793132,0.063650557581742,0.0640915462591818,0.0652222129847621,0.065978096027452,0.0668966431825145,0.0673379097839957,0.0685873111309882,0.0691610338020361,0.0703530870575705,0.0711144330253414,0.0736913526742358,0.0763560716392958,0.0799683495381644,0.0812509334930439,0.0825596895784996,0.0843785921856459
2025-05-30,0.0610079076357093,0.0624220313310813,0.0637104142353048,0.0640805313519603,0.0652066697672594,0.0659780509059171,0.0668902597170132,0.0673353962347298,0.0685894698014056,0.0691615190506942,0.0703521312539078,0.071114771409123,0.0736934987432022,0.0762850877430074,0.0799173291152953,0.0811684815086801,0.082618112486527,0.084419815504492
2025-05-29,0.0610282023036927,0.0626395369773816,0.0637049427872895,0.0640915462591816,0.0652011333486993,0.0659711978662298,0.0668884646762275,0.0673315412515521,0.0685866741497108,0.0691606429137341,0.0703513837757053,0.0711145165939531,0.0738735765041594,0.0764128109695253,0.0800854260591159,0.0813932212908104,0.0828574741348132,0.084653171773187
2025-05-28,0.0611562158215011,0.0626211082591936,0.0623269512449652,0.0640915462591816,0.0652269570637954,0.0659664448741243,0.0669169209747376,0.0673379097839959,0.0685799272167488,0.0691580260173852,0.0703737130668505,0.0711111427618254,0.0738101920848475,0.0764921945037643,0.0800524639251711,0.0815185031815187,0.0828920058297184,0.0846914841920705
2025-05-27,0.0614614621577443,0.0626889318611344,0.0637104142345221,0.0640915462591816,0.0652259173191763,0.0659748060346342,0.0668821267190033,0.0673379097839958,0.0685857146971406,0.06915346293757,0.0703505942067195,0.0711085549586374,0.0738956931720119,0.0764133006836338,0.0799648612727761,0.0814226768153229,0.0829207522973551,0.0845882411653004
2025-05-26,0.0612448381449947,0.062543592731656,0.0637104142353045,0.0640915462591816,0.0652266551858321,0.0659764736699907,0.0668898598437545,0.0673379097839958,0.0685861488013103,0.0691605192213023,0.0703465229887847,0.0711131915953029,0.0737973284313734,0.0763199861088008,0.0799628484819979,0.0814315290071304,0.0829478555861731,0.0846052012419874
2025-05-23,0.0612346165723164,0.0625382907095044,0.0637104142353045,0.0640805313519603,0.0652215382919699,0.065976698894544,0.0668898598437545,0.0673353962347297,0.0685869282874038,0.0691606619939285,0.0703511936252641,0.0711135328770117,0.0736723539268206,0.0762292874272437,0.0798119313891069,0.0814688271553145,0.0830109944683475,0.0846496057263591
2025-05-22,0.0612448381449941,0.0624554974527213,0.0637049427872896,0.0640915462591817,0.0652266551858322,0.0659732081788592,0.0668902914518515,0.0673315412515522,0.068582952775622,0.0691618886814092,0.0703512937217677,0.0711132731982074,0.0737570563690677,0.076321984352913,0.0798791400798955,0.0815360272589038,0.0830990405139114,0.0847359256601396
2025-05-21,0.0612448381449941,0.0624660741749773,0.0637756817194176,0.0641665769749152,0.0652266551858322,0.0659682173605922,0.0668851566932161,0.0673352923021421,0.0685797500459655,0.0692384115359447,0.0704308622806645,0.0711785529418226,0.073877757441772,0.0763623711128107,0.0800091125599979,0.0816923337562116,0.083271647089686,0.084905393189255
2025-05-20,0.0612448381449941,0.0625435927316556,0.063798772188862,0.06412906232075,0.0652266551858322,0.0659764736699908,0.0668424671097261,0.0672978349974972,0.0685469111928779,0.0691941394792674,0.0703902494732396,0.0711485788240787,0.0738508098566039,0.0764274377217363,0.0800042923539074,0.0816589370878487,0.0832214895659409,0.0848618974810222
2025-05-19,0.061412230466166,0.0625435927316554,0.0637932866270801,0.06412906232075,0.0652260850090084,0.0659764736699907,0.0668505882147596,0.0672978349974969,0.0685465759516472,0.069200151381079,0.0703864854396139,0.0711532248077343,0.0737842493862951,0.0764575402897398,0.0799918796615567,0.0816481918827636,0.0832333538637784,0.0848680251170079
2025-05-16,0.0614019530929889,0.0625382907095044,0.0637482845247617,0.0641180346524478,0.0652209570443764,0.0659766777942467,0.0668523709454604,0.0672953517457627,0.0685473311525546,0.0692002808587267,0.0703923700531777,0.0711535814785051,0.073754629204457,0.0764365127772508,0.0800010451524757,0.0816527232061225,0.0832348045488056,0.0848687464460231
2025-05-15,0.0614122304661659,0.0625329898826237,0.0637428088359566,0.06412906232075,0.0652155887693002,0.0659722986628509,0.0668527710053314,0.0672914804495364,0.0685447089841932,0.0692009560428163,0.0703924490970978,0.0711533031337438,0.0737651660975323,0.0764339150246751,0.0799749052721444,0.081690414690597,0.0832889690653629,0.0849159064628048
2025-05-14,0.0620128153693046,0.0625823508740523,0.0637658775961096,0.06412906232075,0.0652240394797512,0.0659668879693233,0.0668485434093687,0.067297834997497,0.0685389888022981,0.0691979381851007,0.0703926392939564,0.071149930542627,0.0737653734192151,0.0764364434070768,0.0800253929555681,0.0816599806316917,0.0832825720190211,0.0849131080560177
2025-05-13,0.0616879200706415,0.0626501758011184,0.0638152363940589,0.06412906232075,0.065225146000002,0.0659752507130939,0.0668412108554845,0.0672978349974969,0.0685460238518349,0.0691933654417124,0.0703880617686138,0.0711473390950749,0.073766076544943,0.0764368906099571,0.0800767075124672,0.0816463951717346,0.0832724702943196,0.0849070920403225
2025-05-12,0.0614023840545413,0.062185044010582,0.0638152363940589,0.06412906232075,0.0652261185474784,0.0659805882334515,0.0668489255273995,0.0672978349974969,0.0685465956709296,0.0692027612820095,0.0703840288257263,0.0711519827438804,0.0737631000381631,0.0764595127020662,0.0800327367664511,0.081700523022333,0.0832631424463007,0.0848981964205334
2025-05-09,0.0610180527226278,0.0627417281387145,0.0638533514828331,0.0641930370110766,0.0652982994339102,0.0660127567869724,0.0668480694026598,0.0672926939096262,0.0685451316651201,0.069197199161875,0.0703881259019548,0.0711504535805128,0.0737640837729344,0.0764569861809095,0.080099590439876,0.081682569017548,0.0832469307922039,0.0848864091284358
2025-05-08,0.0608903369727346,0.062736392952831,0.0638478556541858,0.0642040902217847,0.0652933402543771,0.0660084792035001,0.0668484671872002,0.0672888719279988,0.0685427642653037,0.0691979203281457,0.0703882034187725,0.0711502084825727,0.0737640470325256,0.0764556508611067,0.0801003479258364,0.0816830535055293,0.0832473471693386,0.0848864053680878
2025-05-07,0.0608903369726928,0.0627470645314652,0.0638423610817108,0.064204090221786,0.0653038693940326,0.0660033320883246,0.0668449853418608,0.0672952193293251,0.0685382427763147,0.0691950550036576,0.0703888729421694,0.0711468372902786,0.0737112830585713,0.0764528542997174,0.0800405957415862,0.0816423211699389,0.08328699060486,0.084916212679415
2025-05-06,0.0611660628440914,0.0629892656555801,0.063853351482833,0.064204090221786,0.0653029289960443,0.0660096976967746,0.0668403573936521,0.067295219329325,0.0685440732197607,0.0691892587995585,0.070386112027209,0.0711442487059478,0.073839129442201,0.0765424087700924,0.0802196019324073,0.08175253481404,0.0834000823270836,0.0850338644824394
2025-05-05,0.0613137652502267,0.0629892656555795,0.063853351482833,0.064204090221786,0.0653024252656278,0.0660096976967746,0.0668866471510022,0.0673339837136358,0.0685830131020213,0.0692348901034485,0.070420299250669,0.0711771949005387,0.0736631093110546,0.0766518145259159,0.0802552219440916,0.0817868408662458,0.0834357965577915,0.0850659613651594
2025-04-29,0.0611120699003039,0.0626070426917877,0.0638588485681371,0.06412906232075,0.0654436643694951,0.0660144491249934,0.0668883754181814,0.0673366009922583,0.0685761455964908,0.0692373861923239,0.0704196490104478,0.071173164352881,0.0736566642743893,0.0766307590865017,0.0802100009220882,0.0817426581239184,0.0837352758035972,0.0854103234969491
2025-04-28,0.0611120699003034,0.0626070426917881,0.0638588485681371,0.06412906232075,0.0654436643694953,0.0660144491249934,0.0668883754181814,0.0673366009922583,0.0685761455964908,0.0692373861923239,0.0704247130493238,0.0711778072915701,0.0736960781142983,0.0766021155291355,0.0802087069271508,0.0817580175588011,0.0837315369810084,0.0854052527415338
2025-04-26,0.0611018919122804,0.0626017296612779,0.0638588485681371,0.0641180346524477,0.0654385151444142,0.0660530332757827,0.0668883754181814,0.0673371822643319,0.0685770167498826,0.0692358957421113,0.0704643097501906,0.0711778642454231,0.0736026129574212,0.076635953219992,0.0801761321562789,0.0819102786288207,0.0836859973102406,0.0853728788995089
2025-04-25,0.0611120699003032,0.0625964178298044,0.0638533514828332,0.0641125227042687,0.0654330767165913,0.0660486756569731,0.0668888069328764,0.0673342927162309,0.0685745289888276,0.0692365309315428,0.0704644096560076,0.071178290646762,0.0736029947812835,0.0766349315167418,0.0801771637503357,0.0819109547288853,0.0836865674519176,0.0853729775105219
2025-04-24,0.0612794958908574,0.0626070426917881,0.0638478556541858,0.0641290623207502,0.0654431032224318,0.0660436034957822,0.0668853423080063,0.0673302360357483,0.0685694355862906,0.0692336745462681,0.0704651011845453,0.0711778928858342,0.0738147151458437,0.0766663447690757,0.0802016847963556,0.0817079871940075,0.0836245343877826,0.0854038262726459
2025-04-23,0.0613287374992602,0.0624325973793132,0.0638588485681372,0.0641290623207501,0.0654429381881677,0.0660547711785002,0.0668806348724425,0.0673366009922583,0.068575720370776,0.0692309737034676,0.0704622830462409,0.0711745142687244,0.0734653836580768,0.0764902720266307,0.0798255943786407,0.0817020414340172,0.0838198662194559,0.0855449025923004
2025-04-22,0.0613287374992602,0.0626748784153364,0.0641923658489895,0.0643447523656142,0.0656993660402171,0.0664544961360951,0.0673244657510342,0.0676294815828043,0.0690167025999315,0.0696339804965119,0.0708522705826904,0.0715848217865295,0.0740022805275654,0.0767227030734572,0.0804069074904902,0.0822378179968151,0.0844202274396829,0.086143310129211
2025-04-21,0.0613287374992602,0.0626748784153371,0.0641923658489916,0.0643447523656151,0.0656993660402191,0.0664544961361016,0.067324465751044,0.0676294815828089,0.0690167025999446,0.0696339804965241,0.0708573967326487,0.0715895325148334,0.0737875219330461,0.0765968565705464,0.080253973064093,0.0821192292831946,0.0843007613834589,0.0860163394091784
2025-04-18,0.0616044793347943,0.0628870277451857,0.0641868116589622,0.0643336511901604,0.065687772424017,0.0664477318685785,0.0673249120638194,0.0676267740018862,0.0690145239546585,0.0696332013478841,0.0708571199849747,0.0715896770159102,0.0737683724317698,0.0765976600445216,0.0802454783522049,0.0821239888058158,0.0843022490406327,0.0860170713312484
2025-04-17,0.0613287374992612,0.0628299228347123,0.0641812587451405,0.064344752365615,0.0656993660402191,0.0664434222952986,0.0673214411197329,0.0676230563617154,0.0690102242472646,0.069630899902283,0.0708578660369145,0.0715894657153276,0.0737365956733844,0.0765422848113965,0.0802324954474094,0.0820935432582642,0.0843332410262596,0.0860388529419006
2025-04-16,0.0616044793352908,0.0628977509784847,0.0641923658489916,0.0643447523656151,0.0656984381521995,0.0664519428884492,0.0673166200366365,0.067629481582809,0.069016157777295,0.0696262760839408,0.0708550052322019,0.0715862000060844,0.0737368633073865,0.0765564054811476,0.0801383450661006,0.0821158937470047,0.0843505651104752,0.086053119176201
2025-04-15,0.0613287374992599,0.0627039501620318,0.0641161407159516,0.064419764086232,0.0656993660402191,0.066454163070883,0.0672876122385139,0.0676268529926868,0.0690167025999446,0.0696337695913789,0.070853880312414,0.0715817120766046,0.0737363724326152,0.0765443962682688,0.0802557942230883,0.0820854446270172,0.0843269238806331,0.0860375179275013
2025-04-14,0.0611120699003039,0.0626361154272466,0.0641161407159517,0.0644197640862317,0.0657000951853542,0.0665315959364684,0.0672876122385139,0.0676268529926867,0.0690171307279079,0.0696309480720148,0.070859009555229,0.0715864170698054,0.0736064567035217,0.0765935734667129,0.0802730765263125,0.0820857436883815,0.0843295453334798,0.0860368453043447
2025-04-11,0.0611120699003035,0.062867655083474,0.0641487061798611,0.0644836177381445,0.0656894222212166,0.0665247095163798,0.0672871965222756,0.0676216707673478,0.0690153668884856,0.0696301376194888,0.0708581509003135,0.0715848174882852,0.0735756433112411,0.0765948323289549,0.0802779396469814,0.0820872366489957,0.0843284236062775,0.0860357139915323
2025-04-10,0.0611120699003035,0.0628783717442046,0.0641542538296719,0.0644947701805119,0.0657000951853541,0.0665194977030127,0.0672828395043855,0.0676178139523581,0.0690106513348198,0.0696273090012987,0.0708582358135158,0.0715845203991353,0.0735226670554329,0.0766113010156291,0.0802555672752164,0.0820967523935811,0.0843360623792023,0.0860408378618831
2025-04-09,0.0611120699003035,0.0628783717442046,0.0641542538296719,0.0644947701805119,0.0657000951853543,0.0665288172210789,0.0672789180611026,0.0676242248106861,0.0690171307279079,0.0696231100992617,0.0708559241299799,0.0715812236486903,0.0735334814865673,0.0766704346971613,0.0802437362848726,0.0820884946834683,0.0840832023780315,0.0858261565873898
2025-04-08,0.0615256978878675,0.062674878415337,0.0640780265077685,0.0644947701805119,0.0656987032499345,0.066531151295865,0.0672884692846247,0.0676242248106861,0.0690163134331973,0.0696306668788061,0.0708531121501069,0.0715786027648319,0.0736082208918189,0.0766736646995167,0.0802606576229251,0.0820914888170613,0.0840679096776417,0.0858164796140386
2025-04-04,0.0612794958908685,0.0623832766825494,0.0641487061798643,0.0644836177381445,0.0656888612443345,0.0665300969603251,0.0672873162097361,0.0676216707673479,0.0690150358748177,0.0696335541374322,0.0708568832399404,0.0715835679436617,0.0735862643222778,0.0764311929386266,0.0800956016971915,0.0822541959616649,0.0841872543709188,0.0859108632000029
2025-04-03,0.0612794958908551,0.0623938296822568,0.0641431598040144,0.0644947701805118,0.065699531748047,0.0665250356091812,0.0672839241783105,0.067617813952358,0.0690103213085304,0.0696308266189076,0.0708576186939272,0.0715832697460465,0.0735438673285712,0.0766429808644639,0.0803000988773061,0.0822322424317784,0.0840965518388447,0.0857244136172719
2025-04-02,0.0608658425119402,0.0621515145020832,0.0640614265751812,0.0644947701805118,0.0657389100594812,0.0665659031531317,0.0673594683667705,0.0676920532563837,0.0690847592529538,0.0697459821594187,0.0710132433270512,0.0716874117853052,0.0729307754548729,0.0762575645271697,0.0797959837465405,0.0821742519171046,0.0847482212249234,0.0865464294698013
2025-04-01,0.0607870465551789,0.0618316133809898,0.0640558958019774,0.0644947701805118,0.0657391754154068,0.0665695755896246,0.0673681919615835,0.0676920532563849,0.0690849151275701,0.0697544288971957,0.0710097862605472,0.0716847810267422,0.073079309748667,0.0761943275733988,0.0798546070686841,0.0821376154832784,0.0847380754203088,0.0865404983961382
2025-03-31,0.0608658425119445,0.0620254989732399,0.0640780265077686,0.0644947701805118,0.0657389100594815,0.0665673497274947,0.067365607038607,0.0676920532563849,0.0690847592529552,0.0697530193135268,0.0710133934110152,0.0716894992355078,0.0730026088130812,0.0761447625477179,0.0797913837137797,0.082169904340407,0.0847666352247448,0.0865582900521033
2025-03-28,0.060821166013897,0.0615304817613491,0.0640724919275869,0.064549220992768,0.0657357803093012,0.0665729202352466,0.0673663605619874,0.0676873020332818,0.0690873248736099,0.0697570756142851,0.0710139028247078,0.0716882020598039,0.0731305124017891,0.0763009133304268,0.0797674025251247,0.0821539784835176,0.0847326395598082,0.0865335282544576
2025-03-27,0.0608312503642426,0.0615253495258625,0.0640669586168881,0.0645603958983168,0.0657303543973959,0.066568378279421,0.0673631819061656,0.0676833286002924,0.069084711873383,0.0697577665034532,0.0710150059361227,0.0716878178293404,0.0731303918313992,0.0763111021317037,0.0798440464165202,0.0820854433470096,0.0847332871080701,0.0865336534685776
2025-03-26,0.0605358041215621,0.0615356151357158,0.0640780265077685,0.0645603958983168,0.0657420443654902,0.0665634036564346,0.0673577420956425,0.0676897514659428,0.0690806460544225,0.0697550835040839,0.0710117146903261,0.0716845284315436,0.0732257234962902,0.0763139209304277,0.0798970968872239,0.0820905777239928,0.0846996393090592,0.0865115078386942
2025-03-25,0.0605358041215617,0.0614677520891275,0.0640780265077685,0.0645603958983168,0.0657420443654902,0.0665735568064582,0.0673656070386069,0.0676897514659428,0.0690871394711742,0.0697513529076453,0.0710076568795145,0.0716819003453785,0.0731734749686424,0.0762974089810258,0.0798659677907883,0.0821229795098686,0.0847078990598525,0.0865187899276426
2025-03-24,0.0605358041215617,0.0617391903468573,0.0640113240097071,0.0645603958983168,0.0657420443654902,0.0665704116340616,0.0673671088139136,0.0676897514659428,0.0690871394711743,0.0697554858048591,0.0710144086747155,0.0716866132355349,0.0731707252620407,0.0762853672711983,0.0798147139328751,0.0820607687086679,0.0847533539618902,0.086548723675881
2025-03-21,0.0605258172311172,0.0618503230549332,0.0640058008536265,0.0645492209927677,0.0657368388766377,0.0665692926894939,0.067367766482119,0.067687353372431,0.0690879492226297,0.069754776681239,0.0710148532863232,0.0716869865945103,0.0731200031950787,0.0759552357550024,0.0797724821181039,0.0820214625288348,0.0848498075420062,0.0866176482556852
2025-03-20,0.0605358041215618,0.0619323434943062,0.0640002789631159,0.0645603958983168,0.0657313647458963,0.0665638440925716,0.0673644468671743,0.0676833286002924,0.0690853088573168,0.0697548847600447,0.0710158655202204,0.0716865652183459,0.0730036188128226,0.0759328665631588,0.0797890512869228,0.0820330334316216,0.0848592309360113,0.086624068329185
2025-03-19,0.0605358041215613,0.062185044010617,0.064011324009707,0.0645603958983167,0.0657420443654902,0.0665559070008362,0.0673592391925214,0.0676897514659429,0.0690806460544225,0.0697503123648692,0.0710127384226051,0.0716832783992858,0.0730038069677019,0.0759352812861668,0.0797875610442852,0.0820785182708991,0.0850055732785027,0.0865069225252076
2025-03-18,0.0605358041215613,0.0629892656555079,0.0640780265077688,0.0646353914454915,0.0657420443654902,0.0665559326773363,0.0673656070386071,0.0676871212311619,0.0690871394711743,0.0697402081254979,0.0710076568795146,0.0716787869316672,0.0730983725502601,0.0759467429488058,0.0796834932964274,0.0820947165619778,0.0849363884041733,0.0864468940429424
2025-03-17,0.0611562158215266,0.0636769556430069,0.0641542538296731,0.0646353914454913,0.0657399135241922,0.0664809057243337,0.067363890913627,0.0676871212311619,0.0690858865464676,0.0697441710414514,0.0710122332380606,0.0716834940803663,0.073211897649219,0.0761057599704991,0.0797218016794772,0.0819847081768823,0.0849244991126138,0.0864356978374611
2025-03-14,0.0606538044618594,0.0636327306603592,0.0642249160401234,0.0646241908424715,0.0657365248431292,0.0664817955805183,0.067362446663496,0.0676846166159548,0.0690877312662073,0.0697447356197936,0.0710112568641513,0.0716837903671244,0.073266837738773,0.0763521446345841,0.0797824824383547,0.0819555808383778,0.0848608336084054,0.0863899654095978
2025-03-13,0.0606638335280245,0.0637046898708765,0.0644003062818172,0.0647103813687556,0.0658353627426416,0.0666203947655963,0.0673547774533424,0.0676780829107832,0.0691593203184443,0.0698873881351368,0.0711992027170623,0.071913293109206,0.0735331904232912,0.0764761489462952,0.0799137003715935,0.0821066057403945,0.0851614879914686,0.0866732645494243
2025-03-12,0.0606638335280245,0.063715691647855,0.0644114887250234,0.0647103813687556,0.0658460753035563,0.0666148678099579,0.0673502589268367,0.0676844914046815,0.0691546882515846,0.0698843103137626,0.0711964780112224,0.0719099747946179,0.0734805307332582,0.0764848812870708,0.0798262541744245,0.0820404629128269,0.085219896623095,0.0867170035618529
2025-03-11,0.0601418415703532,0.0638609449298501,0.0644114887250234,0.0646353914454921,0.0658478712883956,0.0666224836728934,0.0673581004848987,0.0676871212311619,0.0691622477064334,0.0698790672191877,0.0711924588524582,0.0719091938319771,0.0734823220048779,0.0765555134740474,0.0798798404744173,0.0821244082884432,0.0851574783423715,0.0866738663957949
2025-03-10,0.0601418415703462,0.0633089258658406,0.0644876968986321,0.0646353914454913,0.0658478712883955,0.0665522317385963,0.067317822103639,0.0676871212311619,0.0691622477064334,0.0698925748209851,0.0711988853681056,0.0719139560701063,0.0735006447314829,0.0766218834831657,0.0798136870481231,0.0820672587154573,0.0851886074409255,0.0866933004120151
2025-03-07,0.0604273626444368,0.0633034939925526,0.064482091899795,0.0646241908424714,0.0658417481640935,0.0665526605195262,0.0673182395001223,0.0676844186575853,0.069162543586255,0.0698928471888005,0.0711991685604942,0.0719141364247223,0.0734815213172571,0.0764840317987368,0.0798017376814603,0.0821102904232647,0.0852023485861456,0.0867027239877824
2025-03-06,0.0608312503642423,0.0636272436976811,0.0647621311471355,0.0646728871100596,0.0659107369554799,0.0665445966308176,0.0673083099690658,0.0676793941804721,0.0691560600486778,0.0698911756480342,0.0711956563854149,0.0719130276232584,0.0737136864938192,0.0769058877903557,0.0799420119610922,0.0823075376350153,0.0849687297841366,0.0865050129483447
2025-03-05,0.0633908632691071,0.0639577745426445,0.0651067261558863,0.0650665067286446,0.0661690016125172,0.0667652975388376,0.0675177413900558,0.0678269938728207,0.0692830457252457,0.0700342038994363,0.0713271927845402,0.0720532744845127,0.073754010438269,0.0775903506317599,0.0804035450345247,0.0827027671470165,0.0849587189777328,0.0864432626946707
2025-03-04,0.0641781043583415,0.0643644073107012,0.0652209769168137,0.0650665067286446,0.0661662811155408,0.0667699117849964,0.0675230099415364,0.0678269938728207,0.0692879506512093,0.0700271808033674,0.0713214102019507,0.0720506182713313,0.0741569229425788,0.0781350661989949,0.0809330799715117,0.0829580277542146,0.0850690795483439,0.0863257016796286
2025-03-03,0.064276498511847,0.0643644073107012,0.0652876186526167,0.065141464330786,0.0661659411299733,0.0667699117849964,0.0675215066502366,0.0678243599571359,0.0692877515094324,0.0700333203522696,0.0713261654714248,0.0720535076402437,0.0742799191352357,0.0781067272201637,0.0810777838267411,0.083188500890377,0.0847979133360542,0.0865417142717095
2025-02-28,0.0644902760565453,0.0642165906137146,0.0655371723404879,0.0650551578426387,0.0660837539923866,0.066619738110886,0.0674349732276763,0.0677463437119399,0.0692169510717803,0.0699549484995697,0.0712460476756521,0.071980930757003,0.0744396216588879,0.0781871073585183,0.0810835603055596,0.0831192363926976,0.0846311295460185,0.0863985450724478
2025-02-27,0.0643918350784477,0.0642165906137115,0.0655371723404958,0.0651414643307878,0.0660840740141013,0.066619738110868,0.0674428035156673,0.0677404806159004,0.0692171380049493,0.0699611024520136,0.0712419792097941,0.0719766988959809,0.0744499136335694,0.0781648269569334,0.0810845010018128,0.0831822305850224,0.0846277714434292,0.0862463203852676
2025-02-26,0.0648643302249706,0.0647008611122894,0.0655371723404958,0.0651414643307861,0.0660825380511168,0.0666142800987455,0.0674428035156673,0.0677468686780446,0.0692162408082651,0.0699576433454817,0.0712477444999293,0.0719734248377233,0.0745349712349689,0.0782593910201678,0.081333380835884,0.0835261563838481,0.0844261840532969,0.0861113452292153
2025-02-25,0.0651046238346715,0.0649429527578675,0.0655371723404958,0.0654318719808596,0.0660817512113677,0.0666115520921871,0.0674428035156673,0.0677366785782309,0.0692157811943512,0.0699559144262755,0.0712477444999293,0.0719708890414308,0.07452909883827,0.0783130211132156,0.0814107065883213,0.0834763580451345,0.0844063763183843,0.0860984372343856
2025-02-24,0.0650988491445933,0.0648791482569174,0.0655371723404958,0.0654318719808531,0.0661522723977608,0.0666888490727028,0.0674428035156673,0.067736678578231,0.0692133050769403,0.0699530293123222,0.0712477444999293,0.0719707094357024,0.0745062883216038,0.0783045520017144,0.0813879050656978,0.0835200412493088,0.084402842103135,0.0860936885472583
2025-02-21,0.0652285080838518,0.065001050428437,0.065737111785173,0.0654203966801605,0.0661572678306011,0.0666875010806978,0.0674305351382463,0.0677336680875335,0.0692125359578188,0.0699460417036732,0.0712429649038002,0.0719706141006202,0.0745505963105292,0.0784358015330492,0.0814038597685458,0.0834897560547727,0.0843795405827158,0.0860768918743346
2025-02-20,0.0653564547898657,0.0649429527578651,0.0657371117851711,0.0654146610311213,0.0661568514788515,0.0666881564941621,0.0674383515137369,0.0677305642622618,0.0692122930662933,0.06995259094547,0.071238972232126,0.071968349350325,0.0745515137525057,0.0783808117451101,0.0814382193342034,0.0834726432822737,0.0843844919933375,0.0859591440353873
2025-02-19,0.065848520308127,0.0650688289286763,0.0659750959552922,0.0654089267155904,0.0661552503700531,0.0666867364801969,0.0674330532922812,0.0677366559451817,0.0692113590105739,0.0699516921492172,0.0712411458600898,0.0719648984339802,0.074668286463278,0.0784132668708413,0.0815114538277926,0.0834340874978577,0.0841723488937486,0.0858138866366182
2025-02-18,0.0655966314744673,0.0650688289286759,0.0659750959553008,0.0654031937330462,0.0661560510824079,0.0666867364801969,0.0674330532922811,0.0677366504676533,0.0692118261305695,0.0699516921492171,0.0712411458600898,0.0719696117691517,0.0746669335197421,0.0783655975507761,0.0815042638009711,0.0834269943232738,0.0841854739808059,0.0858242317248584
2025-02-17,0.0659547515788985,0.0648016934022147,0.0660417239325536,0.0653600338247297,0.0661494268945411,0.0666896071993813,0.0674315701370163,0.0677377346796701,0.06921169645756,0.0699535091678282,0.0712401421085974,0.0719702055259039,0.0744856026226027,0.0783651463105861,0.0815110024178791,0.0834160136884238,0.084212215919006,0.0858409395671572
2025-02-14,0.0658682017008916,0.0648073850169621,0.0659750959553008,0.065342866312678,0.0661551863337587,0.0666896859416207,0.0674252534737326,0.0677346467080465,0.0692113216530478,0.0699474215797206,0.0712393745700141,0.0719700593885477,0.0744874826538485,0.0777806105701675,0.0816365890087741,0.083631250870804,0.0842987644134222,0.0858867840336756
2025-02-13,0.0658682017008916,0.0648073850169621,0.065975095955301,0.0653944047646626,0.0661551863337586,0.0666896859416207,0.0674330532922812,0.067731629273724,0.0692113216530477,0.0699535590076499,0.0712353937015761,0.0719678612738172,0.0747004625930062,0.0779324709467591,0.0817050355818501,0.0837836936554448,0.0842642707110155,0.0860282257189717
2025-02-12,0.0660650104338466,0.0648073850169621,0.0662130377720021,0.0653569361446278,0.0661545460048965,0.0666896859416207,0.0674277570055195,0.0677393076949641,0.0692109480976777,0.0699535590076499,0.0712375615053469,0.0719655316224098,0.0749453030051698,0.0778340419794891,0.0817996012145606,0.0841711228731905,0.0837507863461096,0.0852305432112555
2025-02-11,0.0661574473850119,0.0648073850169621,0.0660893133120953,0.0653569361446276,0.0661541969996412,0.0666896859416207,0.067430510833251,0.067739307694964,0.0692107444948248,0.0699535590076499,0.0712394252061872,0.0719702499341349,0.0748696576164925,0.0773664707539206,0.0817787245106217,0.0837882997827978,0.0839175933899876,0.0855746990785333
2025-02-10,0.0661514849427075,0.0649372374349029,0.0657561520777921,0.0653569361446276,0.0661487838697739,0.066688070439155,0.0674379275847987,0.067739307694964,0.0692112966611816,0.0699525364770463,0.0712444446247188,0.0719700703362761,0.0747195486611248,0.0771415940130632,0.0818320474562403,0.0839386871393061,0.0838649592436069,0.0856192042103194
2025-02-07,0.0656713835228358,0.0646233856471282,0.0657561520777431,0.0652331114675243,0.0660419574703211,0.066576847815165,0.0673241568380084,0.0676238626931928,0.0690985967349289,0.0699141044301162,0.0712176864203851,0.0719784787961781,0.0744193683204347,0.0769822792025305,0.081440964345471,0.0835437579105206,0.0842118629033636,0.0857135219413415
2025-02-06,0.0656713835228353,0.0644587403998966,0.0656895098674054,0.065244521860401,0.0660419574703211,0.0665787022641631,0.067333422486625,0.0676206757249976,0.0690985967349288,0.0699214204259179,0.0712146923833483,0.0719761389397586,0.0744732439786065,0.0771642001497185,0.0815220737621971,0.0837365615728671,0.0841518179448062,0.0856831695153936
2025-02-05,0.0657697937925579,0.0646524392953808,0.0656133432736204,0.065244521860401,0.0660416378412456,0.0665765205914259,0.0673351156248452,0.0676270226418809,0.0690984102544656,0.0699200377148424,0.0712216025424191,0.0719728785126321,0.0742827835364269,0.0760203639905366,0.081340193818603,0.08361536045989,0.0844948374504914,0.0859263261053882
2025-02-04,0.0661279326914782,0.0645846467983104,0.0656133432736204,0.0653944047646628,0.0661922395097907,0.0667305026902826,0.0674796492633646,0.0677767332443998,0.0692484930657778,0.0700723228513884,0.0713646883648419,0.0721172337112798,0.0745697158323879,0.0763496177333173,0.0816032282764251,0.0837879291133048,0.0846981173925558,0.0861406641268873
2025-02-03,0.0657875206324152,0.064578994030405,0.0656133432736204,0.0653944047646628,0.0661879135204866,0.0667304165710445,0.0674796492633647,0.0677767332443998,0.0692496860684357,0.0700722682765646,0.071364688364842,0.0721170537497747,0.074610490658292,0.0760915937894073,0.0816410044481988,0.0838333786427521,0.08471396822656,0.086149563906469
2025-01-24,0.0664525825073102,0.064361883974703,0.0656609479032236,0.0651675533102331,0.0661929900364416,0.0667330178897164,0.0674707557514013,0.0677811356696736,0.0692429517760964,0.07006774431801,0.0713621854636907,0.0721210117903064,0.0745203724774822,0.0759405420072191,0.0814197108501617,0.0836474688742728,0.0848590150940625,0.0863062614571959
2025-01-23,0.0664525825071647,0.0645362221907628,0.0658513494735053,0.0651414643307862,0.0661929900364416,0.0667310494246944,0.0674743468248921,0.0677792157603455,0.0692494319789906,0.0700726693237411,0.0713553118274385,0.0721195994731742,0.0745642379335953,0.0758698953077481,0.0814528980317698,0.08361365161535,0.0848694514800996,0.0864355793287787
2025-01-22,0.0666493273237861,0.064100348387282,0.0660417239325548,0.0653569361446297,0.0661923365921601,0.0667359712364026,0.0674701062684073,0.0677780486576988,0.0692490504052334,0.0700757883373685,0.0713582221935927,0.0721109089012712,0.074667145983964,0.075993286591795,0.0816412166668285,0.0840306207196395,0.0841785943891426,0.0859144553159574
2025-01-21,0.0670427883256595,0.0647008611124119,0.0663272348045346,0.0653944047646634,0.0661530737362418,0.0666908877970691,0.0674252154747671,0.0677379930856165,0.0692105887004538,0.0700335429991578,0.0713157646859734,0.0720864284358725,0.0747217879017138,0.0757926301509062,0.0819313426253071,0.08418318353506,0.0841620215162147,0.0860398069779747
2025-01-20,0.0670366656868694,0.0646951880923477,0.0663272348044976,0.06553489958766,0.0662573854713067,0.0667959923073819,0.0675408114581407,0.0678492759573545,0.0693534256219213,0.0700981432630787,0.0713103245986038,0.0719963326115956,0.0747524924396246,0.076446242774228,0.0818054611684893,0.0840477087082709,0.0838066840191322,0.0857365468343017
2025-01-17,0.0670427883256414,0.0647008611122897,0.0661369009978054,0.0653080297848104,0.0660771582765027,0.0666142800987666,0.0674216630435841,0.067737223349767,0.0692071273669532,0.0700307032262837,0.0713169284532275,0.0720877649163579,0.074913991753998,0.0764709977367812,0.0819048064804355,0.0839035323877956,0.0839669162343685,0.0858744142165623
2025-01-16,0.0670427883256414,0.0649429527578727,0.0661369009977895,0.0653194661206425,0.066077158276483,0.0666115520921872,0.0674294516068531,0.06773425141046,0.0692136051643126,0.0700351396729892,0.0713128668560126,0.0720855937090503,0.0748725820302675,0.076525212311126,0.0820049837157268,0.0839968304131883,0.0838941886083347,0.0858224393924254
2025-01-15,0.067239504512725,0.064700861112273,0.0661369009977895,0.0650665067285919,0.0660005873261534,0.0666142800987455,0.0674294516068531,0.0677494993759273,0.0692162407941802,0.0700368707263242,0.0713186351034864,0.0720886391792089,0.0751527672253333,0.0767150158640458,0.0821293678958443,0.0840765916083298,0.0840610743299949,0.0859880680285715
2025-01-14,0.0676034043062174,0.0647008611122895,0.0660417239325566,0.0649634308506559,0.0659993825866368,0.0665376697076566,0.0673544970134619,0.0677531172521647,0.069215535475718,0.0700401989794955,0.0713236984406969,0.0720959764505747,0.0753865490582445,0.0768375545851115,0.0821477008228671,0.0841522929849626,0.0839753504128727,0.0858980131747109
2025-01-13,0.0674300166548553,0.063775134069638,0.0656133432736205,0.0648134833320019,0.0658574661738158,0.0664039651388658,0.0673640226750442,0.0677583809960211,0.0692214515883304,0.0700527763597065,0.0713301614457893,0.0720995578153812,0.0753978752775627,0.0768270658376817,0.0820708052561269,0.0840842480206388,0.0838489151444079,0.0856889100271713
2025-01-10,0.0676034043062047,0.0637806477103152,0.0653752946973864,0.0647385011402375,0.0657810966479837,0.0663277237728379,0.0672169912520302,0.0677578037477646,0.0692177079409746,0.0700501444430495,0.0713389125823638,0.0721013569662292,0.0752948371448953,0.0773344168969206,0.0821981080767218,0.0837419753375239,0.0834564439991768,0.0855885915688557
2025-01-09,0.0672690111178278,0.0639744117467439,0.065375294697386,0.0647385011402375,0.0657821998841815,0.0663255495143754,0.0672247685107653,0.0677545867716422,0.0692248598226101,0.0700549680134902,0.071334747276169,0.072099135046746,0.0748712812567689,0.0768560466941178,0.0819311146568653,0.083923390339386,0.0838320565477351,0.0860102578262662
2025-01-08,0.0629292348193766,0.0643618839746359,0.0650895804478614,0.0647385011402375,0.065796526146252,0.0663212022718453,0.0672311102994593,0.0677610134807886,0.0692332781518283,0.0700521956057833,0.0713448724530278,0.0720955947822077,0.0748183694674964,0.0766428870913088,0.0819201615663792,0.0838246858237151,0.0838179300845078,0.0858659279469874
2025-01-07,0.0619786700806941,0.0642650228971885,0.064994328794911,0.0647103813687557,0.0657712670714633,0.0662935542022268,0.067194672651892,0.0677232460332112,0.0691970820403821,0.0700145126860924,0.0713081437015037,0.0720626952636511,0.0748748574680265,0.0767314616964367,0.0818746885511073,0.0838510035896526,0.0837218577237127,0.085906819799257
2025-01-06,0.0619734355379889,0.0642594256436461,0.0649943287949097,0.0647103813687556,0.0657713682216175,0.0662939018017361,0.0671946726518915,0.0677232460332106,0.0691971414700527,0.0700147343350864,0.0713081437015031,0.0720625154508044,0.0747565427892816,0.0766071955507085,0.0818554097942413,0.083829040711813,0.0838566860823089,0.0858925270701726
2025-01-03,0.0620232989096333,0.0638581555591196,0.0650895804478657,0.0647272651592103,0.0657710358066607,0.0662981172199075,0.0671847734816637,0.0677191784362617,0.0691904241280477,0.0700112212149965,0.0713050560293342,0.072061813188255,0.0747793101126053,0.0764513809179183,0.0818946674870204,0.0837299473086868,0.0837455161225028,0.0860302717412061
2025-01-02,0.0662853419082774,0.0638581555590564,0.0650895804478597,0.0647216491080624,0.0657569691661592,0.0662981172199076,0.0671925593893653,0.0677160262189992,0.0691886814663497,0.0700174223233544,0.0713008927751453,0.072059634800701,0.0747272878387743,0.07643762318617,0.0819679877454606,0.0835131869980726,0.083813615015611,0.0857166673000243
2024-12-31,0.0666218387306843,0.0638591195284965,0.0652807167410644,0.0647108657677809,0.0657562607492038,0.0662984489841992,0.0671886215267376,0.0677234995083942,0.0691882637832428,0.0700176323178729,0.0713040264867109,0.0720617962083935,0.0747583137349559,0.0763755549576946,0.0818289824488761,0.0834786395700111,0.0839589376113398,0.0858348095125526
2024-12-30,0.0666177707149001,0.0638545457892913,0.0652756220925453,0.064711350174058,0.0657565755524493,0.0662984127284437,0.0671870492730082,0.0677237529854749,0.0691884472803622,0.0700181773648051,0.0713034928995491,0.0720619760176502,0.0747567763480856,0.0763070259259912,0.0817613627372234,0.0834329480975231,0.0840941616918097,0.0858201665910099
2024-12-27,0.0664626709514499,0.0638574218178972,0.0650090317590852,0.0651512468033527,0.0656444771787984,0.0662518625629509,0.0670074458519615,0.0675995186458895,0.0690698933037167,0.0699390846000281,0.071317722943008,0.0720574144917056,0.0749146464217112,0.0764214280017026,0.0820268966309611,0.0835089690650301,0.0841793429106654,0.0859167274122255
2024-12-26,0.0667893719780316,0.0638583805516725,0.0652591809892726,0.065163129560361,0.0656438025338694,0.0662614166164361,0.0669977882799818,0.0675960842292759,0.0690759785699685,0.069935239816722,0.0713113757811142,0.0720550806663379,0.0749155548447849,0.0764246636133056,0.0820127310954866,0.0835118719108503,0.084181545102718,0.0859180340122458
2024-12-25,0.0667914000159259,0.0638593393142359,0.0652598317783967,0.0651636173704084,0.0656441967364873,0.0662617476008094,0.0670057835802597,0.0676026887254452,0.0690762087365344,0.0699416297586368,0.0713075555604551,0.0720516388540712,0.0750112802007011,0.0764136062698917,0.0820041537002157,0.0835051751973505,0.0841769006328428,0.0860373448341362
2024-12-24,0.0667934281769862,0.0636180887259497,0.0652604825805008,0.0651641051877594,0.0656445909438397,0.0662648186412038,0.067006070093834,0.0676029417560349,0.0690764389046341,0.0699435867623206,0.0713135707919694,0.0720571059879602,0.0750099194065689,0.076412609113507,0.0819630227623513,0.0835158343303965,0.0841856125484456,0.0860446509053707
2024-12-23,0.0667891798525408,0.0638612569257342,0.0652611333955851,0.0653238670099536,0.0656448999090397,0.0661857648578904,0.0670063566098586,0.0674426490903428,0.0690079861945124,0.0697175060884382,0.0711238332290936,0.0718998345463441,0.0749067496548663,0.0762536118590722,0.0816585219216438,0.0832284728504165,0.0841263623095408,0.0859519869770933
2024-12-20,0.0666440945684292,0.0636219096321792,0.0650135371571302,0.065313864766227,0.0655707351464053,0.0661036474227233,0.0668649876195067,0.0672956245006826,0.06884872802179,0.0697210114466363,0.0711360064523652,0.071908466770857,0.0750836209352745,0.0764996102511043,0.0822083619499756,0.0831783016463274,0.0844350919660852,0.085856197875928
2024-12-19,0.0648349781724826,0.0636228649304511,0.0647874927933351,0.065325823151116,0.0650642544177467,0.0655956989734329,0.0662682079673171,0.0667692393954401,0.0685064649946955,0.0694324785835021,0.0708948140157176,0.07162980906137,0.0745728269648389,0.0763203480712531,0.0822483000309583,0.0835787767690527,0.0837108162628129,0.0856018545450015
2024-12-18,0.0648369472843491,0.063623820257412,0.0635967717302958,0.065326312204712,0.0647796553084545,0.0653084874478234,0.0661575505881241,0.0667756111289488,0.0685179016070893,0.0694511917004512,0.0709158082451777,0.0716265133201594,0.0739899663884336,0.0756510432236754,0.0817150689496125,0.0835199345520032,0.084037225042363,0.0863431154800156
2024-12-17,0.065006294208304,0.0636247756130626,0.063597405991937,0.0656359216924132,0.0648460035872672,0.0653759098771068,0.0662253553728557,0.0668426523144228,0.0685936615077129,0.0695277946458658,0.0709987028954454,0.0716909080218892,0.0739866296517444,0.0756510767087576,0.081532590894753,0.0834342563552254,0.0842390569098804,0.086141113707809
2024-12-16,0.0650021666372408,0.0636257309974041,0.0635980402661421,0.0656364130748801,0.0648463636896718,0.0653762364529406,0.0662256385590429,0.0668429025077583,0.0685938727436858,0.0695280029526183,0.0709988961165349,0.0716910869119514,0.0739957215966385,0.0756849777198536,0.0816171896682233,0.0835800064506696,0.0841504878466392,0.0860756185813642
2024-12-13,0.0650141926675493,0.0636285973225884,0.0641036030861443,0.0646145887164409,0.0648475613463002,0.0653682410366385,0.0662118593491941,0.066876343700559,0.0685881405479547,0.0695264192782075,0.0709926223884206,0.0717179345192025,0.074119935827764,0.0756933708474882,0.0815789564422959,0.0835722572553428,0.0841422043909817,0.0861882079940371
2024-12-12,0.0651835637911076,0.0637458379252052,0.0643155684226242,0.0646263184087374,0.0648474067600672,0.0653762459718747,0.0662035049972535,0.0668727062138397,0.0685944829039721,0.0695218504343148,0.0709871211122938,0.0717154368560853,0.0742160990881474,0.0759041614175012,0.0816770514029186,0.0835157643843577,0.0842231314712757,0.0865118454483882
2024-12-11,0.0653923242112588,0.0635045233218346,0.0641160491057946,0.0641579052793312,0.0646285995578705,0.0650916897483562,0.0659939121807557,0.0665949617333632,0.0682203519884722,0.0693143714959602,0.0709966215865725,0.0717385408820105,0.0735442149596461,0.0760315980983233,0.0815072058432079,0.0835795081043196,0.0830536586688722,0.0875384344266082
2024-12-10,0.0644095183335443,0.0633891743453705,0.0637925517487652,0.0634546224535442,0.0643755890532933,0.0647960878359538,0.0657794308450913,0.0664352652827918,0.0681245921004575,0.0692488924307041,0.070937936672866,0.0717001939493979,0.0730993037333743,0.0755707996204583,0.0813991208847025,0.0835125219091844,0.0831292763823281,0.0875782575620248
2024-12-09,0.0644053317492443,0.0631187231639019,0.0637931880136108,0.0633424486116078,0.0643759498881741,0.0648761198581383,0.0657797121328472,0.0664393885227829,0.0681248038649682,0.0692477394690837,0.0709381297322581,0.071703185028553,0.0731418564562997,0.075602272138016,0.0814030793783487,0.0835688337365073,0.0831798938314272,0.0876260869814513
2024-12-06,0.0644173459470616,0.0632669725973207,0.0635933601725493,0.0633330441261634,0.0643771355768097,0.0648666401273762,0.0657813726622954,0.0664372082589906,0.0681191446094136,0.0692450896948102,0.0709425097623008,0.0717043624128362,0.0729432003317123,0.0756347727656823,0.0814364010396273,0.0834182542775074,0.0832442068594707,0.0876756453993578
2024-12-05,0.0641730302967649,0.0632679227658663,0.0636050181174933,0.0633443456174746,0.0643783165308053,0.0648758075748841,0.0657775185684508,0.0664341721933284,0.0681261966763425,0.069241401887444,0.0709400987811267,0.0717022454551726,0.072923042810556,0.0755712843204898,0.0813959920153254,0.0834726856970664,0.0833301196514416,0.08775314679142
2024-12-04,0.0646675258589271,0.062541717466365,0.0641205257688545,0.0634950212483329,0.0643105824713806,0.0648841774400515,0.0657740451528086,0.0664354660154241,0.068128086315114,0.069252931400012,0.0709283348979229,0.0716949660399941,0.0729208816845938,0.0755581380806245,0.0813703841757865,0.083479621844544,0.0833358212282374,0.0876326977644407
2024-12-03,0.064669490780264,0.0630274636644169,0.0639590954636754,0.0634954966492495,0.0643109687188045,0.0648791370496197,0.0657778627263027,0.0664357146967543,0.0681283133398709,0.0692496765814173,0.070936838418497,0.071700509127055,0.0725920865650114,0.0753878657698004,0.08103925308502,0.0833814382381633,0.0836901321506508,0.0869504320641465
2024-12-02,0.0646651149011533,0.0631932204154254,0.0636395391846297,0.0634959720572807,0.0643113232931814,0.0648776378172092,0.0657814982906199,0.0664359633799461,0.0681285216200981,0.0692487072626248,0.070942574317133,0.0717006880473253,0.0724427894960183,0.0750254227618822,0.0808133745945581,0.0831592752635237,0.0835888246772765,0.0873547038284083
2024-11-29,0.0648679399843877,0.0635216096057985,0.0636525098461134,0.0634865016814694,0.064303253558307,0.0648755428058587,0.0657688251547572,0.0664338652362006,0.068128281919134,0.0692405933062036,0.0709430405687727,0.0717019389787284,0.0724239436805725,0.074956576307785,0.0808959958872839,0.0833226054714904,0.0835155341494393,0.0872361966747333
2024-11-28,0.0648634420683061,0.0635225689727753,0.0638057538420736,0.0634978737606006,0.0643052145089149,0.064875867505025,0.0657845895697148,0.0664307562225394,0.068129974362389,0.0692469353007233,0.0709349652878603,0.0716997162234188,0.0724248392125622,0.0749596607086322,0.080894697638974,0.0833216837319148,0.0835148010773968,0.0872354680851578
2024-11-27,0.065525147467279,0.0637658934679378,0.0638731532861609,0.0634232474067761,0.0643135946849799,0.0648735362398498,0.0657834228114032,0.0664397896822781,0.0681246396466114,0.0692454301248795,0.0709400365198255,0.0716980873115208,0.0724260689774029,0.0749605777293792,0.0807775560199312,0.0831808745678394,0.0836058018559417,0.0874320954444308
2024-11-26,0.0654089310513965,0.063524487793769,0.0641312694590004,0.0633486142961405,0.0642383163625774,0.0647998141295972,0.0657106015231334,0.0663650501468155,0.0680559260087675,0.0691812566037512,0.0708594869205276,0.0716286678254787,0.0723500793063665,0.0748846236533038,0.0806995445777318,0.0831038920462266,0.0835293597006575,0.0873524071826129
2024-11-25,0.0651646811046776,0.0635197853927792,0.0631398671915514,0.0629922459246132,0.0641634598881497,0.0647232946779646,0.0657323874608119,0.0663775593252586,0.0680596177849154,0.0691846676617087,0.0708745628971102,0.0715570374918557,0.072275688549604,0.0748688970573085,0.0807712441102779,0.0832165948367585,0.0830846011618123,0.0873305876271301
2024-11-22,0.0638771972990313,0.0637707091865629,0.0631417637013102,0.062982916604914,0.0640972804063686,0.0646450485372771,0.0657332321040281,0.0663754443430304,0.0680661420707419,0.069180823915638,0.0708722014524097,0.0715582541965772,0.0722990524947687,0.0748526984876673,0.0807750971217465,0.0831997982615373,0.0830896322138866,0.0873343744441871
2024-11-21,0.0635666775715342,0.0635292853534548,0.0631423958965473,0.0629941326402285,0.0640175727138039,0.0646480182578078,0.0657335136565905,0.0663723193583296,0.0680673578817925,0.0691888800069651,0.0708694467099677,0.0715560601712547,0.0721521168204495,0.0748152745541821,0.0807965601067969,0.0832149423374909,0.0831010619066916,0.0873430168205982
2024-11-20,0.0635685677492794,0.0631423592188744,0.0634960689607109,0.0629946043367918,0.0640128813625509,0.0646525770586518,0.0657261406640832,0.0663788017085834,0.0680649956505156,0.069191826773048,0.0708702307820653,0.0715525726877606,0.0721205070481053,0.0748074596356154,0.0807358396368021,0.0832198748453107,0.0831231256925107,0.0873616627906441
2024-11-19,0.0643882417035716,0.0637735989668989,0.0648126435770137,0.0633049869531576,0.064224055364284,0.0647994316938211,0.0657654125035904,0.0663684019385252,0.0680618594567262,0.0691809979982489,0.0708475318202965,0.0716310896754534,0.0721825837825368,0.0748706380185625,0.0806949843280892,0.0831577763828663,0.0832915118193586,0.0875785456413835
2024-11-18,0.0655426842321727,0.0635264648558528,0.0638121424672865,0.0634650757928216,0.0641395121881245,0.0648022260126518,0.0657874073313163,0.0664407365627089,0.0681413512116803,0.069252190121604,0.0709427785474896,0.0717041303155636,0.0722758465570713,0.0749543206037457,0.0807661942494703,0.0832502047868983,0.0833609944219985,0.0876520786299241
2024-11-15,0.0652099528492879,0.0640198323324005,0.0631461893338997,0.0631458141172631,0.0640599306238978,0.0647213737410056,0.065727673234527,0.0663718205009648,0.0680688915036378,0.0691772802547555,0.0708749047489945,0.0716363275562648,0.0721962691470039,0.0748693488921977,0.0806986269640115,0.0831756933439887,0.0832860217449242,0.0875715470918387
2024-11-14,0.0589945541185762,0.064311621300492,0.0631468216176976,0.0625276720652783,0.0636291728387665,0.0644212834785677,0.0655810947239103,0.0663125673705662,0.0680183677215058,0.0691150120524178,0.0708079689912937,0.071572953974457,0.0721306496080968,0.0747230195869129,0.0806259187640914,0.0833819791005536,0.0831200420187471,0.0874208723827991
2024-11-13,0.058917372172054,0.0636339329935867,0.0626701901331018,0.0623683695475635,0.0635325336103837,0.0642851299489962,0.065446931343553,0.0661790335500071,0.0678682407756726,0.0689675300631004,0.0706678279831879,0.0714292063970507,0.0719166704106943,0.0742461350229711,0.0805197921368796,0.0831942372006025,0.0830512770952919,0.0873270767788917
2024-11-12,0.0580112146214384,0.0622768690559902,0.0612379894179857,0.0618987711599671,0.0634312261211281,0.0642618209200483,0.0654395348281519,0.0661565732071065,0.067841459104686,0.0689491885389354,0.0706612389193723,0.0714080039812369,0.071779094618671,0.0740409836738505,0.0803793405945375,0.0831158945215346,0.0831084373196974,0.0873611690963828
2024-11-11,0.0578944982182518,0.0621752705147603,0.0612386026132939,0.0618992346857221,0.0634319970388125,0.0642637716118798,0.0654398151347388,0.0661568208648792,0.0678419192356583,0.0689504518863468,0.0706614314321538,0.0714081821809328,0.0717249252527546,0.0740014775452348,0.0803909316449421,0.0831275937231628,0.083116196320702,0.0873013274517769
2024-11-08,0.0578885626302707,0.0621835898194691,0.0598442913927385,0.0626419817256068,0.0634284748482607,0.064264160693101,0.065463162897281,0.0661311106720095,0.0678433465753091,0.0689445635858941,0.0706814974960686,0.0713922808847991,0.0716219267083636,0.0738419621919095,0.0801749527424625,0.0826958874886029,0.0830756344172714,0.0872274635034647
2024-11-07,0.0580494563109613,0.0623786128304707,0.059844890656646,0.0626531157127812,0.0633849186404722,0.0643007493002391,0.0655097518089231,0.0662422296129486,0.067949832700961,0.0690569812488011,0.0708656166974173,0.0715745307806566,0.071836038271765,0.0740798037326022,0.0805154865175814,0.0831546644004353,0.0831727897735683,0.0873673060145854
2024-11-06,0.058051183151047,0.0621854687615995,0.0598454899325533,0.0626535849050145,0.0633953306410704,0.0643031786636945,0.0655100324222904,0.0662487152865954,0.0679458412284571,0.0690585566639723,0.070871812157328,0.0715709271121052,0.0718571278579876,0.0741003361109343,0.0804181841106742,0.0828446686228932,0.083618435171651,0.0877545652031142
2024-11-05,0.0582898237151025,0.062186408275247,0.0601617945333943,0.0626540541042755,0.0633187770851853,0.0642267502307394,0.0654262012501698,0.06617135667917,0.0678862519436697,0.0689827125891269,0.0707907442598145,0.0715097133794649,0.0717371649579697,0.0739934871111538,0.0803615424304773,0.0827856641835506,0.0837209034623406,0.0875827949996194
2024-11-04,0.0582915578087406,0.06094909834428,0.0606788502053166,0.0624195703612458,0.0633191557769412,0.0642408256330498,0.0654153272993632,0.0661796530796575,0.0678864776338445,0.0689918497681208,0.0707831854767171,0.0715157425622791,0.0717709075183491,0.0740043381710689,0.0802405131467898,0.0827404641357883,0.0836123697900527,0.0877286790706698
2024-11-01,0.057485810115213,0.0592367597470621,0.0593699839338745,0.0612351373724073,0.0631372240640488,0.0641804595603598,0.0652918841790089,0.0660736234179604,0.0677397481697391,0.0689341734894053,0.0707285671765327,0.0714738510198228,0.0716752342275674,0.0738773645074562,0.0801417393056067,0.0824285596447573,0.0836613346081619,0.08774359201476
2024-10-31,0.0574818953247106,0.059232589131558,0.0593705784898755,0.0612458118579293,0.0631326967610948,0.0641766108363414,0.0652998134458011,0.0660690040606355,0.0677377677702301,0.0689414216669627,0.0707242617700596,0.0714706115023322,0.0716755040772195,0.0738684276125823,0.0801420253080799,0.0824287557581486,0.0836614572987772,0.0877435004809432
2024-10-30,0.0576259852413174,0.0592284132060202,0.0593711730577842,0.0614815085118976,0.0631426188811279,0.0641767591650655,0.0653000931682791,0.0660675172199812,0.0677325839197496,0.0689420953330491,0.0707304522428256,0.0714610952304414,0.0716930612837548,0.0738978043956267,0.080080177328462,0.0823103199351987,0.0837153532996432,0.0877869716884541
2024-10-29,0.0576220266350096,0.0590990790295146,0.059371767637601,0.0614819689578745,0.0631430692940644,0.0641952145156421,0.0653003728931517,0.0660677645564089,0.0677392518641933,0.0689399626308211,0.0707306449510004,0.0714667020340423,0.0716920141950673,0.0738511570023201,0.0801122378079094,0.0822928289121356,0.0837205329962949,0.0877924946732557
2024-10-28,0.0576969737957457,0.0590999671098039,0.0593723622293273,0.0614824294107407,0.0631432499017741,0.0641955352719965,0.0653006526204209,0.0660680118946885,0.0677393586309865,0.0689401692067428,0.0707308376602254,0.0714668803864512,0.071680043441171,0.0737724651234768,0.0802040695352652,0.0823781284995483,0.0836764784641879,0.0878836542143938
2024-10-25,0.0597845582209309,0.0583054487446544,0.0592114048025164,0.0611160200770866,0.0630174666526783,0.0640383478241161,0.0651427469914252,0.0659242302748623,0.0675935178657723,0.0687931644752768,0.0706694404417133,0.0714050839613514,0.0715829558398363,0.0738418147954049,0.0800374917510913,0.0823105742264454,0.0836061472020327,0.0876786311443966
2024-10-24,0.0585180015090109,0.0583063249517497,0.0588960285955193,0.0610137188699843,0.0629794933519976,0.0640134949561141,0.0651187837255092,0.0659234450816756,0.0675958687597777,0.0687899349877663,0.070671658209398,0.0714046697517794,0.0715954666679948,0.0738329364722744,0.0800508832963967,0.0823072409037287,0.0836035059031617,0.0877403262263313
2024-10-23,0.058519743012606,0.0583072011851807,0.0588966184523945,0.0610141758331271,0.0629897884682259,0.0640138148124835,0.0651190626808793,0.0659299926987915,0.0675908944377533,0.0687963132685202,0.0706778650445458,0.0714009625675669,0.0715426681104678,0.0737700768227486,0.0800667781777067,0.0823176685173086,0.0836122995316143,0.0877490615213376
2024-10-22,0.0585214846197906,0.0583080774449478,0.0588972083210781,0.061014632803115,0.0629901652216902,0.0640141346720495,0.0651193416386396,0.0659302395268381,0.067597492494339,0.0687965194177085,0.0706780576131172,0.0714065862380392,0.07154163697628,0.0736432162436349,0.0799812630056835,0.0823136996078253,0.0836646126112246,0.0877909847283449
2024-10-21,0.058197338030925,0.0583089537310532,0.0585721663110029,0.0601863610111759,0.0629630438509649,0.0639472305663937,0.0649816163539811,0.0658810800959557,0.067520886913059,0.0687301302750159,0.0705295535273707,0.0712797312505705,0.071355263043953,0.0732399507278881,0.0795911112543739,0.0818231152226296,0.0837940436531241,0.0878455697162769
2024-10-18,0.0575290035005984,0.058019820714305,0.0579415719468928,0.0599423189639075,0.0628091005667531,0.0637889341609451,0.0648433579911364,0.065742738924053,0.0673828806037313,0.0685788043514085,0.0703944416125999,0.0711336448984869,0.0711988185953965,0.0730787831216367,0.0794846705660319,0.0816445878167541,0.0834523398833736,0.0877996066740583
2024-10-17,0.0569694524529587,0.0580206927207484,0.0579421522795378,0.0600279848889857,0.0628063233444628,0.0637980176460992,0.0648512564660163,0.0657354660570995,0.0673822769831472,0.0685746483932596,0.0703902060233893,0.0711285361664308,0.0711557672194433,0.0730279465469894,0.0793521092800825,0.081644138446508,0.0835069541905636,0.0878419601146503
2024-10-16,0.0574651348072496,0.0582160833332306,0.0579427326238081,0.0600284344930306,0.0629959246544469,0.0638730558291512,0.0649192232097966,0.0658197732293654,0.0674472562043611,0.0686557355006705,0.0704734212566545,0.0712017089882093,0.0712633543561614,0.0731002357243485,0.0794003417636649,0.0817258809935878,0.0835894665905309,0.0878662354282345
2024-10-15,0.0579607853110695,0.0577306192174549,0.0586235811645211,0.0603492218031999,0.0630708608781,0.0639555139176431,0.0649822589164332,0.0658090983200736,0.0675186538288267,0.0687355064986083,0.0705299898200626,0.0712801797755322,0.0713148098799041,0.0731644904883871,0.0795303941657597,0.0817908692962943,0.0836586700011597,0.0879441278824823
2024-10-14,0.058456403976804,0.0579746748458011,0.0587391102423578,0.0603496738200371,0.063145790144695,0.0640204108904123,0.0650574068364736,0.0658773408591514,0.0675935248886783,0.0688005861329397,0.0706050269341361,0.0713476979675163,0.0713904718768916,0.0732186009651231,0.079572071547787,0.081869188974561,0.0837341957232871,0.0880193749153022
2024-10-11,0.0572147887300427,0.0583857969106946,0.0587408753103762,0.060341054918991,0.0631461057108071,0.0640080841648116,0.0650506058267152,0.0658764084198619,0.0675981020425724,0.0687964026814916,0.0706040244852584,0.0713499332750392,0.0714460456349422,0.073199666638076,0.0795732510708644,0.0818663086171449,0.0837318154307626,0.0880173905072852
2024-10-10,0.0581176053237984,0.059981028979955,0.0587414636899559,0.0613872053418417,0.063148437605903,0.0640382334329813,0.0650971897628512,0.0658076306362497,0.0676312087731485,0.0688587591846561,0.0706380614469702,0.0713224515551987,0.0714528264080412,0.0732004681009298,0.0795595980990216,0.0819191062730614,0.0837001433972363,0.0879925648031158
2024-10-09,0.0585144992607954,0.060049955146594,0.0589814946496736,0.0614629492490464,0.0632141667537283,0.064114615265791,0.0651599854425057,0.0658795160398371,0.0677034335485105,0.0689407443115159,0.0707176909683002,0.0713943869190503,0.071433080484018,0.0732749538594724,0.0796464997873479,0.0819402605843024,0.0838081128743256,0.088101069193937
2024-10-08,0.0585162414378062,0.0601285985064098,0.0589820854512556,0.0614634096284276,0.0632145448809037,0.0641140860398527,0.0651602645923127,0.065879762691837,0.0677100509719097,0.0689403980948926,0.0707178836527289,0.071399998756737,0.0714531965400186,0.0732718605029479,0.0796561784748513,0.081904248644737,0.08381701548587,0.0881096280140421
2024-10-07,0.0585179837185612,0.060201906453992,0.0594135735784292,0.0615297399416905,0.0632149230126025,0.0641906180185454,0.0652285921002567,0.0659554249482085,0.0677790331810132,0.0690063866485624,0.0708182210918464,0.0715865408399403,0.0716134021061791,0.0734907265935581,0.0798362554007089,0.0821048713679765,0.0839966544448485,0.0882995642271639
2024-10-04,0.0587081235768923,0.0604334489894683,0.0597025554791293,0.0616712418212136,0.0632867248235108,0.0641800629167276,0.0652929024158423,0.0660273296383276,0.0678559197574375,0.0690827377859492,0.0708895114528453,0.0716621106961519,0.0718272375288163,0.0735593803077713,0.079967347761843,0.0822466352017817,0.0840153622753854,0.0883364434689069
2024-10-03,0.0593153045562567,0.0604343574625889,0.0597031535333305,0.0618232498349869,0.0635749779977052,0.0644771664399167,0.065523094622931,0.0662410244486228,0.0679884157821905,0.0692249852041503,0.0710250441544387,0.0717955877832522,0.0719866535585061,0.0736526196189308,0.0800481779805872,0.0823480828262064,0.0837908752113753,0.0885690791793749
2024-10-02,0.0593170708915221,0.0604352659630239,0.0597037515995205,0.061898968423663,0.0635702882312106,0.0644774886469234,0.0655233753355379,0.066245022488446,0.0679862204556582,0.0692314208210178,0.0710312988071343,0.0717900613197108,0.0718905779674988,0.0736282004614667,0.0800485381878342,0.082344695629705,0.0838071684922829,0.0885839333955909
2024-10-01,0.059292553071372,0.0605139087200134,0.0603072797677628,0.0618994320932943,0.0635657277182284,0.0644769564723824,0.0655106159445959,0.0662452705153978,0.0679938180861998,0.0692310732150557,0.0710224102164075,0.071795731736784,0.0718578574542659,0.0736767857812495,0.0800292667708693,0.0823449928978139,0.0838080531292965,0.0885862705736854
2024-09-30,0.059471827011904,0.0605828344486324,0.0603078838977889,0.0620409866744143,0.0638028731359519,0.0646305267525948,0.0656558142137129,0.0665415539411174,0.068284296358533,0.0695214054745683,0.0713263825791222,0.072090386935634,0.0721487438328051,0.0740038329997228,0.080333552268334,0.0826237744829511,0.0841109313780273,0.0889079022816251
2024-09-27,0.059471827011904,0.0605910214138062,0.0603096963604894,0.06218224443707,0.0639364828082838,0.0647752543427558,0.0658710715368636,0.0667588587600903,0.0685038662179127,0.0696680970863927,0.0713950632320788,0.0724717443263776,0.0725984034424402,0.0743538449484052,0.0807100931086501,0.0829977945065479,0.0844889142049781,0.0893142325912728
2024-09-26,0.059471827011904,0.0605919373916959,0.0603103005389324,0.0621933252285133,0.0639471408909343,0.0647755786422386,0.0658791423401794,0.0667541417451489,0.0684988950419248,0.0696746345200929,0.0713907319939048,0.0724684528554708,0.0725566455634256,0.0743498978015759,0.0806620538175086,0.082983811345064,0.0845147882078282,0.089499759265556
2024-09-25,0.0593631431687834,0.0605928533972802,0.0600238117857126,0.0621937911240369,0.0639478790335384,0.0647759029449685,0.0658856696494184,0.0667608337221689,0.0685058874871894,0.0696748435473408,0.0714013902535833,0.0724645625502004,0.0725672707921433,0.0743602064582214,0.0806985022313003,0.0829702836664761,0.0845047980251534,0.0894938909498526
2024-09-24,0.0593631431687834,0.0605937694305604,0.060024413112233,0.0621942570265405,0.0639482624210037,0.0647762272509455,0.0658859519250361,0.0667610836869126,0.0685061155459519,0.069675052575843,0.0714015848083103,0.0724703592175007,0.0726714599186372,0.0744159034874353,0.0807675249447025,0.0831030617442065,0.0844070189291985,0.089683013553419
2024-09-23,0.0593631431687834,0.060589210438546,0.0600250144508003,0.0623357801372108,0.0641008867254902,0.0649302982112206,0.0660408221004073,0.0669796635878797,0.0685789023334066,0.0698969378706535,0.071624947102242,0.0726880448492109,0.0729813203444025,0.0743695236533314,0.0807846170017636,0.0831329415104458,0.0845427657423015,0.0898156968566013
2024-09-20,0.0595113476812552,0.0606363116209156,0.0597109293285111,0.0622888990733378,0.0638343837588666,0.0647003250726403,0.0658184955305568,0.0667575542529724,0.0683620324016341,0.0696725927969297,0.0714087572025435,0.0724708055550393,0.0729040792000306,0.0742725689965592,0.0805457561970024,0.0829287204534323,0.0842775593934271,0.0895404562041878
2024-09-19,0.0597879814938064,0.0606372283804875,0.0597115275504973,0.0623000336350699,0.0638441171833798,0.0647006490083394,0.0658265939876248,0.0667523198530693,0.0683567200120408,0.0696791402543234,0.0714043884582256,0.0724671606656777,0.0729149130260839,0.0744572778684748,0.0807486099316423,0.0830294017219524,0.0848154750841614,0.0890998893149925
2024-09-18,0.0597879814938064,0.0610171757723482,0.0597121257844702,0.0625919774513595,0.0640633592009974,0.0649271325259706,0.0660491268624563,0.0669721114084162,0.0685807112081588,0.069894867015181,0.071630724567586,0.0726768784971863,0.0730655682059331,0.0747250974648451,0.0810311258713444,0.0833398501954389,0.0848151531205578,0.0891438935751314
2024-09-17,0.0600744750283275,0.0610861229522866,0.0597127240304306,0.062592446361322,0.0640628064743747,0.0649267116699535,0.0660494098468646,0.0669723621707946,0.0685803782217885,0.069894591058199,0.0716309197509267,0.0726827000071359,0.0730324569880194,0.0747047499383669,0.0809312495970061,0.0833419221314733,0.0848131592323648,0.0891383281045561
2024-09-16,0.0599262912652774,0.0611591789735956,0.0597133222883783,0.0626681225225334,0.064206391393039,0.0649263944320951,0.0660496928336977,0.0669700045799591,0.0685752734900792,0.0698943825644622,0.0716311149353311,0.072680975879463,0.0729875731176634,0.074812420329036,0.0809952076644762,0.0833133001100967,0.0847479277323199,0.0892098879909928
2024-09-13,0.060637523541547,0.0612453032077141,0.059715117134151,0.0626587215610905,0.0641948487064759,0.0649263071591849,0.0660426546252416,0.0669700703628019,0.0685730298274229,0.0698879480240557,0.0716301054210031,0.0726840583117823,0.073033240975526,0.0749095482972395,0.0810048682830275,0.0831806769766732,0.084772909726435,0.0892292607534616
2024-09-12,0.0607758041021345,0.0613919884316794,0.0600316299703424,0.0628861963443911,0.0644619938772729,0.0651457085903798,0.0663048036106732,0.0672189545288968,0.0687836119050863,0.0701517664393212,0.0718790854950105,0.0729341569698157,0.073254763676338,0.0751576752915457,0.0813053298524323,0.0834314346811262,0.0850283801699004,0.0895041233860666
2024-09-11,0.0610128454313462,0.0617329856777121,0.0603576444436112,0.0631028182372185,0.0646423145792289,0.0653629334533525,0.0665201496340593,0.0674413295572933,0.0690086054909754,0.0703680942321663,0.0721004641292803,0.0731456413434993,0.073469857697853,0.0753732132929726,0.0815248032191852,0.0837301323750785,0.0852207810156384,0.0897208419328847
2024-09-10,0.0610128454313457,0.0618213575153597,0.0606740187432461,0.0629153350578359,0.0646427021625832,0.0655061775005263,0.0666583820249779,0.0675936859712119,0.0691560964158551,0.070510194007989,0.0722392344438339,0.0733004489241894,0.0736665674608608,0.0754757862791047,0.0816962251793605,0.0838378479450874,0.0853756177256833,0.0898854613470129
2024-09-09,0.0611412369851197,0.0618165337217382,0.060674626674976,0.0629158064185153,0.0646426660592618,0.0655066513638997,0.0666586676294989,0.0675939390685143,0.0691560729579912,0.0705105005219833,0.0722394312895538,0.073300631875247,0.0735699339344479,0.0754757159560949,0.0817061206073792,0.0838324548771993,0.0853885533397573,0.0898923557875979
2024-09-06,0.0611412369851197,0.0618250969553954,0.0609921582641609,0.0630566311500258,0.0647854280955928,0.0657280945273772,0.0670114659736047,0.0678111744726028,0.0693063746288859,0.070653593857276,0.0724466566586702,0.0736819925558297,0.0740619995520064,0.0760849636568962,0.082178696271237,0.084321046231286,0.0859870633336079,0.0899511263384682
2024-09-05,0.0617535095544434,0.06182603188609,0.0609927694080319,0.0630680651412752,0.0647943576214951,0.065728423631888,0.0670198498400032,0.0678061652645582,0.0693001090624139,0.0706603125682131,0.0724420117543768,0.0736784350530284,0.0740942237342966,0.0760840885271908,0.082200629043273,0.0843264213894846,0.0859725179486818,0.089939751558601
2024-09-04,0.0612597486278441,0.0618269668450612,0.061318583841215,0.063068537663884,0.0647963794027333,0.0657287527396937,0.0670129385159567,0.0678130858402006,0.069308016629296,0.0706605245658987,0.0724435035776591,0.0736745085192422,0.0740204132977633,0.076104446016601,0.0821661483534353,0.0843243664475127,0.0876640685857604,0.0888446406834199
2024-08-30,0.0612444513551313,0.0611748164727309,0.0613216560992586,0.0630489485534145,0.0647948492326261,0.0657281131064707,0.0670062934668331,0.067804268390358,0.0693119241630503,0.0706649270204413,0.0724430796411026,0.0736860864095329,0.073990375621549,0.0761299678384901,0.0821810347852535,0.0843384579451327,0.0876550529551697,0.0888365163714065
2024-08-29,0.0613830107345359,0.0611700431844462,0.0613222705878111,0.0632875061994346,0.0650081636769097,0.065881680587053,0.0671691625525652,0.0679454506273547,0.0694479580068319,0.0708077505703796,0.0725912802787747,0.0738194795007488,0.074128917812505,0.076271770976344,0.082295047582006,0.084487817334109,0.0878074986906343,0.0889897089477274
2024-08-28,0.0617483270009706,0.0614858402896968,0.061638470161956,0.0633631467989387,0.0650940251749576,0.065945270354567,0.0672396904536219,0.0680277499571622,0.0695176881114036,0.0708825314268303,0.0725892298830238,0.0738084220639203,0.0741248431615541,0.0762802738247277,0.0823302098244183,0.08447294217174,0.0877961809475337,0.088983999886872
2024-08-27,0.0618766734013888,0.0614867550261514,0.0618016345651518,0.0633636215608338,0.0650939796230311,0.0659549224185188,0.0672363691034847,0.0680280046921771,0.0695243921858483,0.0708782613176903,0.072586924714586,0.0738144348325159,0.0741760967607353,0.0762267739335282,0.0823443248575414,0.0844710501475867,0.0877955362593435,0.0889850411020213
2024-08-26,0.0618766734013888,0.061487669789824,0.062117732595774,0.0635050202441703,0.0651609317468131,0.0660319990637868,0.0672972270878599,0.068100894827434,0.0696005004959209,0.0708816291318499,0.0725790268879838,0.0738070115740305,0.0742228614442609,0.0762175797212354,0.0822835192356951,0.0844835349385351,0.0878038797268981,0.0889880579204451
2024-08-23,0.0621129941872135,0.0623585864748439,0.0624350139738769,0.0635704289509241,0.065155977197018,0.0660614313555625,0.0673601816718498,0.0681744930701734,0.0696703624271716,0.0709435757891172,0.0726397941110984,0.0738840100680451,0.0741947234234024,0.0763145473420757,0.082450711469633,0.0845268206493624,0.0878747341310874,0.0890622304185193
2024-08-22,0.0622419443405956,0.0624312456667684,0.0624356396629819,0.0635820771767518,0.0651505706683266,0.0660562905149615,0.0673685913909788,0.0681768639120267,0.0696677915435013,0.0709439075188055,0.0726350903932599,0.0738797419659858,0.074194794090418,0.0763286077954204,0.0823549053690835,0.0845659304575047,0.0878873229834869,0.0890707797132858
2024-08-21,0.0623505319364037,0.0625896847129143,0.0624362653646372,0.0636483088312978,0.0652373414264932,0.0660884606750227,0.067368880061965,0.06817479642444,0.0696596095285537,0.0709385242773306,0.0726415701828721,0.0738753173030435,0.0740995542644928,0.0762014870749249,0.0823605368167127,0.0844525117733091,0.088143667898212,0.0890200270711418
2024-08-20,0.0624591165683675,0.0625906159684524,0.0624368910788333,0.0636487857548444,0.0652373629302311,0.0660841160463687,0.067369168735425,0.0681750517167732,0.0696663814949601,0.0709360526066101,0.0726417681357237,0.0738813263772728,0.0740979258380212,0.0762348354839407,0.0823396230569695,0.08442026324859,0.088157235417717,0.0890311010464637
2024-08-19,0.0624591165683675,0.0625915472517027,0.0624375168055713,0.0636492626855384,0.0652377532762729,0.0660797671042861,0.067369457411359,0.0681753070110184,0.0696666131625462,0.070943373078435,0.072641966089654,0.0738815107878369,0.0740964021117857,0.0763735036976244,0.0824077643416397,0.0844443555467862,0.0880965277123254,0.0889854155479231
2024-08-16,0.0622314168363638,0.0625106799291561,0.0624393940610375,0.0637146009515207,0.0651583018763799,0.0660293519909774,0.0673621958420476,0.0681714144219571,0.0696716827241897,0.0709481672625369,0.0726413315404202,0.0738817451931148,0.0741404317222851,0.076331228632014,0.0823737816009807,0.0844238288282004,0.0881187248140514,0.0890006984115189
2024-08-15,0.0623702748172074,0.062583282226055,0.062440019837945,0.0638014586890271,0.06522889939269,0.0660625157163224,0.0673706121398347,0.0681643042999109,0.0696659864260304,0.0709466280183715,0.0726364732001079,0.0738766800426389,0.0741400168132205,0.0762988377084633,0.0824170492908081,0.0844154092507165,0.0881117094078986,0.0889953528183654
2024-08-14,0.0622419443405956,0.0625962040836806,0.0624406456273961,0.0638019367816362,0.0652404428030226,0.0660579587435877,0.0673709008281386,0.068171275331234,0.0696614472642915,0.0709438674179251,0.072642955875489,0.0738727403959396,0.0741719523213781,0.0762837464144451,0.0823635481917988,0.0843813582635206,0.088143415079338,0.0890200616583031
2024-08-13,0.0627355004404349,0.0626359765126622,0.0624412714293907,0.0638681598639024,0.0653152225393972,0.0661671236713479,0.0674484104640389,0.0682371015314903,0.0697429302501264,0.071011850527198,0.0727195772648259,0.0739442776526493,0.074309736911705,0.0763624292996105,0.082457137476924,0.0844454576792935,0.0881914961977596,0.0890767304055334
2024-08-12,0.062982255530191,0.0624135592479962,0.0618874228698582,0.0638686384635058,0.0653813279835834,0.0663234821644891,0.0675286305909539,0.0683149494595257,0.069739989873764,0.0710134998199862,0.0727250820563719,0.0739404767501939,0.0742846554160172,0.0764672668108468,0.0825316650215456,0.0846480474991283,0.0880624761187303,0.0889829534257697
2024-08-09,0.0622314168363561,0.0624103483451067,0.0618892837166431,0.063858768068223,0.0653796826548605,0.0663245648336309,0.0675212831543968,0.068314224410407,0.0697431077471536,0.0710141964542382,0.072724179717452,0.0739430234301564,0.074414715932796,0.0764851684625461,0.0825843238573347,0.0846164653544324,0.0880363593011882,0.0889642314844328
2024-08-08,0.0623702748172077,0.0624052788871599,0.0618899040237805,0.0638705529336493,0.0653741992637901,0.066320237674964,0.0675297880824061,0.0683092183380903,0.0697404915898149,0.0710151118464324,0.072719562331714,0.0739395040685613,0.0743306103311239,0.0765210831073526,0.082599925791127,0.0846144607679524,0.0880346750180487,0.0889626491852555
2024-08-07,0.0626170525607239,0.062680412948798,0.0623685570991822,0.0640212963589132,0.0654986178762793,0.066418161812707,0.0675966413542318,0.0683884983682211,0.0698385037115635,0.07112500576774,0.0728652368716603,0.0740893073657749,0.0744827158404086,0.0766498352039899,0.0827578999990182,0.0847549466621881,0.0882024921737972,0.0891318275951525
2024-08-06,0.0627355004404335,0.0628270049892287,0.06284704916335,0.0641626299423277,0.0657172527905405,0.0665797029432966,0.0677696367539505,0.0685292317496293,0.0699150292948621,0.07118221898467,0.0729293497980028,0.0741549254958624,0.0745005700252967,0.0768665084686777,0.0828913975196076,0.0850647715448135,0.0881191895223375,0.0892250360706985
2024-08-05,0.0632289953156769,0.062827939984466,0.0628476790889698,0.0641631107737808,0.0657159571144524,0.066580034540293,0.0677699271633058,0.0685294883836222,0.0699142554797493,0.0711889914839309,0.0729295485431957,0.0741551105958084,0.0746365390580149,0.0771393007132929,0.0832116382031634,0.085059290102999,0.0880234222695398,0.0890378671522815
2024-08-02,0.0630997395601023,0.0629023094080868,0.062832575961576,0.0642282177756772,0.0657881507104856,0.0666473037828933,0.0678400788818969,0.0686032684050242,0.0699915827648701,0.0712654716192587,0.0730052698156138,0.0742322337928972,0.0747142434993668,0.0773741442259166,0.0835027709139794,0.0852550098244134,0.0879460493611031,0.0890074729914498
2024-08-01,0.0632289953156769,0.062897124112338,0.0637058001336769,0.0642401509182539,0.0657826593276873,0.0666428920901649,0.0678176250428327,0.0685986226093698,0.0699890080329977,0.0712663238492969,0.0729901998038898,0.0742290271374461,0.0746726535985574,0.077393891113007,0.0835428982643366,0.0852440804336526,0.0879371728042211,0.0890008596819684
2024-07-31,0.063110562128488,0.0628919382331224,0.0637006185929736,0.0642406323486845,0.065794372938081,0.0666385342885582,0.067814128135545,0.0686056864155006,0.0699843145762914,0.0712638860382286,0.0729977664022488,0.0742250411383703,0.0746940264816352,0.0773452639226457,0.0835489361700858,0.0852474618773884,0.0879407247272811,0.0890055456871014
2024-07-30,0.063110562128488,0.0628867517985979,0.0636954362384329,0.0640626996355448,0.0657947666640945,0.066581301356117,0.0676681239270464,0.0683892163575227,0.0699913578770573,0.0712625870445197,0.072773878149304,0.0738633493932209,0.0743089662799798,0.0769848863119198,0.0832348448455583,0.0848669635914758,0.0875560523163592,0.0886205206636796
2024-07-29,0.0629625156862199,0.0629203733635822,0.0637251580452259,0.0641289154643509,0.0658622043124938,0.0666101073617569,0.0677120125420882,0.0684259367788367,0.0700971845768289,0.0713770553586734,0.0728786871380534,0.0739709472876237,0.0744551820053993,0.0770161027435475,0.0832824850270104,0.0849846559093915,0.0876913524837151,0.0887465430953178
2024-07-26,0.0628037422044185,0.0629047901799914,0.0637270674132572,0.0641189256647809,0.065934488845116,0.0666114360182923,0.067704733472733,0.0684240263780753,0.07009617242335,0.0713779122461033,0.0728808194358671,0.073972597792694,0.0745106849034616,0.0770769287251333,0.0833228870964816,0.0849888888057245,0.0876560482554363,0.0887214012078966
2024-07-25,0.0629625156862213,0.0628995949073595,0.0637277038946944,0.0641308379380217,0.0659288419986348,0.0666069219683505,0.0677009395837329,0.0684201897320014,0.0700936217199653,0.0713786096116818,0.0728786467113143,0.073969949038591,0.0744693422917852,0.0771314763605083,0.0833175739436772,0.0850486236047912,0.0877338689520288,0.0887910116805566
2024-07-24,0.063031604711559,0.0629557043542932,0.0637283403888454,0.0641313185744495,0.0659399779844999,0.0666019223049474,0.067713461156683,0.0684272180722425,0.0700883117171379,0.0713756526728503,0.0728733938222355,0.0739660531456821,0.0744589887354512,0.0770866729365306,0.0832736689182418,0.0850372533376138,0.0877641665041065,0.0888145140575282
2024-07-23,0.0628835553308981,0.062655555499705,0.0634042706507575,0.0640284936446843,0.0658648400713323,0.0665481156835568,0.067653496787316,0.068353544014465,0.0700300342331328,0.0713072994872612,0.072808055240324,0.073907998982838,0.0744669768373098,0.0770810815087519,0.0833321628689819,0.0850749542447318,0.087630652439458,0.0887067039202641
2024-07-22,0.0630316047115596,0.0626564881377238,0.0633475940490518,0.0639538349364873,0.0658647263658893,0.0665484471463455,0.0676550732630953,0.0683564606031836,0.0700299647143428,0.07131411848845,0.0728091432677144,0.0739101195471564,0.0744560266981701,0.0770143323056916,0.0832788370660654,0.0849791466932704,0.0877059944195063,0.0887570530006658
2024-07-19,0.0630208091320962,0.0626531407868838,0.0633952201163314,0.0639438840969097,0.0658604369002628,0.0665494657683665,0.0676512039611057,0.0683546750967265,0.0700317381828583,0.0713147740732762,0.0728100597663876,0.073911847730497,0.0744692662265691,0.0769993466592429,0.0832179776275823,0.0849816696455297,0.0877272822966756,0.0887717209600412
2024-07-18,0.0631697791628036,0.0627256096903248,0.0634074371594477,0.0639557522621325,0.0658548666994379,0.0665441546224277,0.0676467856076369,0.0683507115533627,0.0700292731641063,0.0713149570268859,0.0728074652755006,0.0739090937262507,0.0744172845236707,0.0769973159255815,0.0832763495227064,0.0849547257605656,0.0877247576965393,0.0887695746921388
2024-07-17,0.0631697791628031,0.0628068571982629,0.0637327962039344,0.064031373012117,0.065942265817018,0.0666060261878593,0.0677154893212492,0.0684326741235495,0.0700896575977696,0.071378313112802,0.072874779895461,0.0739700026406532,0.074535379804414,0.0770795988615774,0.0832812869054632,0.0850295885324949,0.0878005184351943,0.088846397237598
2024-07-16,0.0633079488150882,0.0628854985392002,0.0640485353414668,0.0641069892569189,0.0659421859277454,0.066614989636235,0.0677086984547926,0.0684302669385271,0.0700964426327942,0.0713735821232251,0.0728763708813756,0.0739740742957907,0.0745326467830336,0.0771122258005373,0.0833388546630049,0.0850378419107762,0.0877693055558745,0.0888258237754713
2024-07-15,0.0634559824032518,0.062964139185317,0.0643642063938282,0.0641732098992962,0.0660181103021911,0.066691144445577,0.0677790896419472,0.0684960834527753,0.0701718289430205,0.0714558006331341,0.072948062777881,0.0740498793978538,0.0745851256784509,0.0771558454804864,0.0833565406111828,0.0852530597570231,0.0878225408738167,0.0888849524550247
2024-07-12,0.0635831535210039,0.0630286942816829,0.0646785745995555,0.0642382722119626,0.0660798268149253,0.0667680745989417,0.0678468515388987,0.0685684377545841,0.0702491202784836,0.0715318985508023,0.0730215134224357,0.0741259396100483,0.0746939366363447,0.0773170784316173,0.0834579128351309,0.0852566590062863,0.0878997886760219,0.0889633667482415
2024-07-11,0.0635941421158939,0.0630233842560977,0.0646912910267883,0.0643253854064815,0.0662267116805849,0.0668403270021662,0.0678419819353585,0.0685625588815252,0.0702408297112433,0.0715292137753774,0.0730185041051411,0.0741217997160991,0.0747257767528522,0.0773043749712595,0.0834417888864141,0.0853537426875014,0.0878620383017008,0.0889364423206628
2024-07-10,0.0635941421158934,0.0630368201766387,0.0646919372353314,0.0643258675515576,0.066238202137715,0.0668454551003069,0.0678504131196661,0.0685696198448034,0.0702355539169621,0.0715255952264406,0.0730141001694026,0.0741178949413664,0.0747471848547687,0.0772557903139905,0.0834478333030958,0.0852458913135009,0.0879112318293628,0.0889732360163012
2024-07-09,0.0635941421158934,0.0630377586714603,0.0646925834567846,0.0643263497038622,0.0662385985695055,0.0668457880656438,0.0678507034534006,0.0685698766560115,0.0702426386010478,0.0715224853941376,0.0730205892294613,0.0741239227117796,0.0747244365898735,0.0771762367998524,0.0835542855823163,0.0853257880323476,0.0878604433741052,0.0889388675758251
2024-07-08,0.0628835553309131,0.0626695479860802,0.0640536537477496,0.0639229707295786,0.0658707530654037,0.0665914535593502,0.0676820699130861,0.0684389769278623,0.0700727927920397,0.0713550939862879,0.0728392958985564,0.0739803964966901,0.0745770692533442,0.0770179262247259,0.0832198425500209,0.0852308583905289,0.0877493125186381,0.0888092701966449
2024-07-05,0.0620340437534264,0.0625884161324969,0.0637227964045448,0.0639129945433111,0.0658693910604711,0.0665167549306506,0.0676871647106344,0.068436899370238,0.0700763417884783,0.0713598158935167,0.0728464476316598,0.0739819519435201,0.0745796324995289,0.0770387710626166,0.0831408033786439,0.0852018243220072,0.0877837921119778,0.0888332206195613
2024-07-04,0.0621827134936001,0.0625831457270807,0.0637410729423933,0.0638591251041467,0.0657972057084825,0.0664357005231969,0.0676049676182971,0.0683579349415797,0.0700765193778897,0.0714334944264073,0.0728471824284426,0.0742983003563402,0.0748349431584338,0.0772942194917495,0.0834073404566149,0.0854510790767493,0.0881456661463682,0.0891819091369692
2024-07-03,0.0621827134936001,0.0625964833968065,0.063741709703626,0.0638596037795266,0.0658085792260958,0.0664310385579873,0.0676133945116712,0.0683649842166208,0.0700712198480606,0.071430711962231,0.0728426032088769,0.0742943136698373,0.0749835905765256,0.0771959755286576,0.083341461598881,0.085421436692103,0.0881808715390465,0.0892089145856063
2024-07-02,0.0624295028717569,0.0626751467306982,0.0637423464775813,0.0640761453737044,0.0658746764585898,0.0665024227207164,0.0676908854739218,0.068435186839122,0.0701438365695961,0.0715034846926104,0.0729255002699933,0.0743716658850979,0.0750859202014654,0.0772871231921571,0.0834734771168511,0.0856006726169077,0.0881874630602025,0.0892393034527502
2024-07-01,0.0625578272983586,0.062815555274187,0.0637429832642595,0.0640766256830193,0.0658746304189525,0.066496417067866,0.0676911751349485,0.0684354431545225,0.0701438072509021,0.0715098276971406,0.0729256988255889,0.0743718515422719,0.0756035829586712,0.0774105639469592,0.0834061546694865,0.0856395563350326,0.0881005869461928,0.0891754463054465
2024-06-28,0.0624189119983692,0.0628164855304646,0.0637507991093945,0.0640665820054488,0.0658708151735356,0.0665121886326729,0.0676855720872137,0.068433460954662,0.0701458313862406,0.0715085698598141,0.0729252486483627,0.0743734809986829,0.074959914664141,0.0774854437804033,0.08364248138681,0.0854249034272078,0.0880721565723152,0.0891720516546478
2024-06-27,0.0619655261761214,0.0625356157530778,0.0632259096006113,0.0637873099191657,0.0653634117141973,0.0660697305694339,0.0674741446146821,0.0681781035247704,0.0703511970584338,0.0716467693404554,0.0729799507828267,0.0741896946962729,0.0748095893987884,0.0772194423904485,0.0833972207374805,0.0852443757066761,0.0879046436578706,0.0889928109272584
2024-06-26,0.0617483270009729,0.0623801102900098,0.0629302426167946,0.0637126158120659,0.0653753904688289,0.0660812405224948,0.0674810302223979,0.0681877682969368,0.0703465912426914,0.0716436490968631,0.0729911000206143,0.0741877386358774,0.0746310731473912,0.0771957125273423,0.083555071798759,0.0852874552556654,0.0878628302359316,0.0889655399199933
2024-06-25,0.0619359088050419,0.0617093544427874,0.0629308736355854,0.0637130934178804,0.0653751431260546,0.0660891909691619,0.0674813194458193,0.0681880236914022,0.0703534135457343,0.071655633738098,0.0729912989563147,0.0741938471208662,0.0746082795607454,0.0772779521028151,0.0835147465380797,0.085381868966788,0.0879950403188428,0.0889881225103846
2024-06-24,0.0619359088050415,0.0617093544428966,0.0629315046670375,0.0637135710308568,0.0653755344276156,0.066089520793398,0.0674816086717198,0.0681882790877806,0.070353647541542,0.0716558482971225,0.0729914978930997,0.074194032337383,0.0747125530793204,0.0771039660530958,0.0835318082299454,0.0853814810997417,0.0880123794345315,0.0889976159473595
2024-06-21,0.0618860073750609,0.0614560559485731,0.0630003135899285,0.0637787763768971,0.065476017523408,0.0661940830822404,0.0675500115534833,0.0682519025264548,0.0704297385946154,0.0717236720380668,0.073066124930554,0.0742712943381805,0.0747374345122501,0.0771140076646203,0.0834706177799269,0.0854982105858953,0.0881424524689499,0.0891130507285912
2024-06-20,0.0618964186339396,0.0619524079120187,0.0630009453430203,0.0637906572048169,0.0654709570381238,0.0661841393352734,0.0675584988343265,0.0682477778413677,0.070427391936987,0.0717174171302554,0.0730612927964733,0.0742683231900359,0.0748018316637394,0.0769595599022813,0.0832773064452769,0.0854277543197543,0.0882606361354924,0.089195672841509
2024-06-19,0.0620445047543713,0.0621954318471389,0.0630780496955594,0.0638663059884185,0.0655578223866299,0.0662679345962626,0.0676343040422641,0.0683297642978621,0.0704974013214331,0.0717872870769246,0.0731331013861485,0.074339323318915,0.07482393329564,0.0775033251041617,0.0837826664822332,0.0858190778637797,0.0880792301121493,0.0891100954175288
2024-06-18,0.0620445047543713,0.0625647716813933,0.063155151229259,0.0639325548862104,0.0656247833616072,0.0663408009783259,0.0677101048307478,0.068405300004697,0.0705804997707823,0.0718675202373335,0.0732486087259584,0.0744509224208474,0.0749794754623242,0.0776578491772227,0.0839379012917665,0.0860714511208059,0.0880920857277141,0.0891539996507298
2024-06-17,0.0620445047543713,0.0625647716813864,0.0631557845540813,0.0639330341694877,0.0656632141499679,0.0664466504460586,0.0680385573056868,0.0689585223425507,0.0711389999855319,0.0725083851419377,0.073884212789255,0.0752412963812629,0.0757960585968403,0.0782181052498503,0.0847536721426012,0.0868663657127601,0.0889135531467037,0.0899754758980121
2024-06-14,0.0618860073750612,0.0623112923129497,0.0630429748839985,0.063706952081678,0.0652981313212032,0.0660813677164921,0.0676669818745281,0.0685569891422573,0.0707039073707665,0.0721506512547581,0.0733220597707185,0.0745724009509693,0.0750970542362129,0.0775982154231576,0.0840752516465166,0.0863435798717763,0.0881776427238344,0.0892478042956639
2024-06-13,0.0617581999480131,0.0623217926240101,0.0630436071092669,0.0637188252462385,0.0652934981983821,0.0660767503307394,0.0676755078781446,0.0685528998284286,0.0707017188147276,0.0721478653333889,0.0733169445392874,0.0745695648747987,0.07529933077838,0.0775427974530063,0.0840608731660944,0.0861732059537668,0.0882781643640327,0.0890675685114329
2024-06-12,0.0617581999480113,0.0623217926240099,0.0630442393472161,0.0637193029451539,0.0653808354879747,0.066086520285879,0.0676757979512585,0.0685600306361123,0.0706935141716786,0.0721434286059515,0.0733235970921504,0.074565425417911,0.0755114892086137,0.0777141866305395,0.0841796445530734,0.0865501036071393,0.0878481276581765,0.0890636319908278
2024-06-11,0.0617581999480113,0.0623217926240099,0.0630448715978466,0.0636539928890225,0.0653051303186306,0.0660100916621091,0.0676760880268592,0.0685626241033493,0.0707039249177314,0.0721539987829799,0.0733237969416903,0.0745733224164679,0.0755107844568433,0.0777946578918039,0.0841509527268362,0.0866407460877164,0.087805136973241,0.0890346458672722
2024-06-10,0.0617581999480113,0.0623217926240099,0.063045503861158,0.0636544701090465,0.0653055212338892,0.0660104211146116,0.0676763781049467,0.0685628809162497,0.0707041600902923,0.07215421484332,0.0733239967923196,0.0745735085868083,0.0753925990142247,0.0776818442924933,0.0841168416984684,0.0863971640395338,0.0879569384557344,0.0891389870555731
2024-06-07,0.0617478350103613,0.0623112923129487,0.0630474007271853,0.0636445102541083,0.0653013406883184,0.06600695837445,0.0676690058236918,0.0685610671567663,0.0707058748188842,0.0721555950204226,0.0733235388629877,0.0745753803286958,0.0754166047592807,0.0777580803893612,0.0841715711531994,0.0863818044643705,0.0879681922337545,0.0891527165394526
2024-06-06,0.0617581999480113,0.0624384262555806,0.0630862737740885,0.0636563790606997,0.0652962222469406,0.0660009956140368,0.0676766846056306,0.0685570226951025,0.0707034197983977,0.0721518646237732,0.0733177473606835,0.0745725809288702,0.0755448675316425,0.0777693857070392,0.0842338966926908,0.0864590044904864,0.0878947829038345,0.0891007465892187
2024-06-05,0.0616199764597163,0.0629243265209404,0.0630869064843399,0.0636568563165029,0.0653079459821567,0.0660052325661597,0.067676974692492,0.0685641650096107,0.070698530969525,0.0721438543162707,0.073324401644418,0.074568434854161,0.0754814555487767,0.0777077338865037,0.0841457870956385,0.0863570651194734,0.0879024638387857,0.0890321059578058
2024-06-04,0.0617581999480115,0.062924326520966,0.0630875392072831,0.0636573335794627,0.0653078668237235,0.0660055620042755,0.0676772647818404,0.0685644218340547,0.0707055711585117,0.0721509784834496,0.0733246014999638,0.0745746256283716,0.075575118355021,0.0776603078305792,0.084114176868879,0.0863623573864808,0.0879073660118945,0.0890368356506208
2024-06-03,0.0617530169000409,0.062924326520966,0.0630881719429179,0.0636578108495791,0.065270267971261,0.0660058914456797,0.0676775548736754,0.0685646786604228,0.0707073929032697,0.0721511945392745,0.0732546591961195,0.0745748118052189,0.0757219568195074,0.0776546036058012,0.084190421386605,0.0865844666835042,0.087774167175239,0.0889408626071941
2024-05-31,0.0621617031575976,0.0623112923129554,0.0632047927796336,0.063713602721363,0.0647346204472066,0.0657117234321537,0.0668013954386059,0.067891067445058,0.069824326153871,0.0716341853706321,0.0729247701144199,0.0742153548582077,0.0754156203753977,0.0775022242146635,0.0842056163418763,0.0860416782630718,0.0872840465530416,0.0884776097106442
2024-05-30,0.062557827298363,0.0623060439216814,0.0631995518087475,0.0637255136829161,0.0647561025028652,0.0657115442213597,0.0667993655454352,0.0678871868695107,0.069822816025673,0.0716348943846335,0.0729238342656184,0.0742127741466033,0.0754910795880203,0.0776704111387265,0.0842870351704711,0.0859968978107936,0.0872300727870587,0.0884394299178129
2024-05-29,0.062429502871757,0.0623165418802433,0.0628980228973534,0.0635097943917583,0.0643783309008162,0.0652657486383319,0.0666058335907884,0.0679017399184388,0.0698680497452963,0.071651918454198,0.0729329511929895,0.0742139839317809,0.0754521832064092,0.0776086760589215,0.0842917955785471,0.0859165890180001,0.0872814687955902,0.0881943557903878
2024-05-28,0.0629230357044648,0.0623165418802433,0.0628928316166506,0.0633692462721517,0.064322252989739,0.0652752597073262,0.0666823138822108,0.0679845874270508,0.069830719858183,0.0717169856030354,0.0730304836254423,0.0743006795152423,0.0756346465752291,0.077787831401553,0.0845508367852109,0.086072351756025,0.0872320376677291,0.0881857392164057
2024-05-27,0.0632783414364337,0.0620735739558495,0.0628934555720424,0.0633697214072777,0.0643240280193008,0.0652783346313239,0.0666540179795549,0.0679848420881696,0.0698553675316199,0.0717258929750702,0.0730631712701885,0.0743008650114151,0.0757179108527669,0.0780909524466407,0.0848207656476304,0.0862569069782565,0.086997598524925,0.0880205688901544
2024-05-24,0.0624583835137375,0.0621849738490107,0.0623791197752376,0.0627768899132033,0.0638450363634445,0.0649131828136858,0.0664360347667164,0.0679257812425072,0.0697888600522673,0.0716724122555413,0.072978084864463,0.074241181192659,0.07556924505875,0.0779487941883161,0.085069284512089,0.0863860453941975,0.0868448487346883,0.0879018996086658
2024-05-23,0.0623900176000329,0.0619368443594755,0.0618959337836544,0.0623932703781017,0.0635216599892434,0.064614037165987,0.0661438752941655,0.067673713422344,0.0696810985952131,0.0716884837680821,0.0729897119936119,0.0742626526490214,0.0756701367848877,0.0782662799193628,0.0850673300830326,0.086460578957453,0.0865653781798269,0.08771068642259
2024-05-22,0.0605633954366052,0.0604108771268261,0.0607525761122085,0.0614144227206676,0.0625093286330215,0.0636280368478179,0.0652316847063301,0.0667824650530231,0.068675295026316,0.0705886992384491,0.0721916816123333,0.0737946639862176,0.0755455481663626,0.0778004843361555,0.0841832660140699,0.0861575258151098,0.0858606851346898,0.0870287827769532
2024-05-21,0.0598522670527027,0.0595157514314985,0.0601321056712636,0.0609437139040345,0.0620934791573857,0.0632432444107369,0.0650293279062857,0.0666824051840808,0.0685899091841509,0.0705388806624834,0.0721652588779184,0.0737380202291082,0.0751360192036311,0.0769595943569156,0.0829282428656304,0.0855653221307456,0.0864103550756781,0.087611227292842
2024-05-20,0.0595756827926255,0.0595157514314787,0.0601327022791044,0.0609441708767745,0.0620938651941339,0.0632435595114932,0.0650486096160978,0.0666826549739503,0.0686142483641893,0.0705458417544283,0.0722037538070247,0.0737382043237894,0.075155620629068,0.0770153990019154,0.0829950532425445,0.085585477214504,0.0863684304974808,0.0875795735571387
2024-05-17,0.0595660356628923,0.0593455395798527,0.0601344921737022,0.0609350178275797,0.0620906806589562,0.0632463434903328,0.0650958107518541,0.0666810684045868,0.0686038303887997,0.0705477216255864,0.0721706300776512,0.0737406176019313,0.0751375728892926,0.0769812142442265,0.0828883390326036,0.0854482083757134,0.0864678741874723,0.0876490279791375
2024-05-16,0.0597831227903973,0.0593407765089672,0.0601680314363622,0.060945998836309,0.0621127631833816,0.0632422903704412,0.0650917690037201,0.0666770364036734,0.0686128444636758,0.0705486525236783,0.0721609453500448,0.0737381883323599,0.0751815511341028,0.077014607181231,0.082956865239228,0.0853544037641839,0.0864698365997949,0.0876500812728692
2024-05-15,0.0600004292824189,0.0602455038023866,0.0597227424300046,0.0607296337589327,0.0619275971709657,0.0631516032658689,0.0650895869210871,0.0666913897381551,0.0686484276142823,0.0705430068347885,0.0721408257512641,0.0737386446677397,0.075365414030587,0.077122805201731,0.0830129156343896,0.0856207402327397,0.0863027768098078,0.0875348209555651
2024-05-14,0.0592200462007344,0.0598368754587972,0.0592931103393486,0.0602208402668918,0.061620824016306,0.0630208077657202,0.0650789870921098,0.0667092281427154,0.0686078133102069,0.070547672068296,0.0721797472345566,0.0737580177250064,0.0753287626608804,0.0771668475139967,0.0830396782520618,0.0855667463168175,0.0863176922417395,0.087546441795642
2024-05-13,0.0582319999356843,0.0591945755537702,0.0592936986638658,0.060221291843036,0.0616247130411988,0.0630281342393615,0.0648993145135244,0.0667094780396169,0.0686344521716792,0.0705594263037416,0.0722206688644848,0.0737582018728322,0.0751890450969404,0.0768485287046792,0.0827918976510196,0.0854219166522595,0.0862271603597897,0.0873729193241316
2024-05-10,0.0580548426879946,0.0591898363093581,0.0589982976744149,0.0599954288734298,0.0614738823107792,0.0629523357481286,0.0648201877329785,0.0666474342398969,0.068555230706792,0.0704839919700266,0.0721129793537215,0.0736888475836002,0.0750874925394686,0.0767421391912414,0.0826506179321941,0.0853734533277266,0.0861718868852575,0.0873095095323823
2024-05-09,0.0580640076635917,0.0591850980741773,0.0589265946719973,0.0599306236593441,0.0614249565450635,0.0628715979557068,0.0647198312078987,0.0665680644600906,0.0684885365240601,0.0704090085880297,0.0720328557502307,0.0736214018871663,0.0750451095609341,0.0765626220857778,0.0827062911629279,0.0852562672530923,0.0861029601449305,0.087239551491316
2024-05-08,0.0579058908093831,0.0590291010727064,0.058624848099371,0.0596479497345662,0.0612411802400175,0.0628690461912394,0.0647580382009248,0.0665847557487524,0.0685272922672986,0.0704078329395083,0.0720156154689874,0.0736233979984665,0.0750705988995511,0.0763901884698833,0.0827491955966889,0.0850497520733602,0.0862047041673912,0.0874367560947574
2024-05-07,0.0578169473171188,0.058542331623445,0.0587795263303169,0.0596483970349221,0.0612658296760324,0.0628832623171426,0.064805714414251,0.0665850051849789,0.068475142772121,0.0704063703068095,0.0720450329051806,0.0736296736596494,0.074760521388584,0.0761018793307088,0.0825659546272698,0.0849914228780152,0.0860292481578441,0.0872628209456375
2024-05-06,0.0578169473171188,0.0588636128248545,0.0587033949693927,0.0596488443419866,0.061264459847455,0.0628800753529234,0.0647633708935526,0.0665852546230742,0.0684981084719058,0.0704109623207373,0.0720826537347426,0.073629857490258,0.0749605640164393,0.0764938255789753,0.0824900064035174,0.0850396255449353,0.0860180863682629,0.0871411759380079
2024-05-04,0.0571601918366118,0.0593503036678332,0.0586374297442417,0.0595691705949062,0.0613232328144474,0.0630965704429946,0.0648716717108486,0.0665888892417072,0.068493481628413,0.0703980740151187,0.0720421248298248,0.0736325652918775,0.0752932144273736,0.0766853664541085,0.0828196334163149,0.0852592499495724,0.0856590117592967,0.0868166351862437
2024-05-03,0.0571557503202515,0.0593455395798453,0.0586380116206346,0.0595645644663841,0.0613308822185535,0.063097199970723,0.0648609215291518,0.0665863013145712,0.0684819839926577,0.0703984983485254,0.0720432097174414,0.0736342891938927,0.0752942659969799,0.0766848179296467,0.082821033073199,0.0852602322081566,0.0856597336072759,0.086816838924385
2024-05-02,0.0571646342723675,0.0592629388311397,0.0585567378049247,0.0594844732637966,0.0612557408068647,0.0630270083499328,0.0648066585754012,0.0665863088008696,0.0684948888273728,0.070403468853876,0.0720369655942104,0.073634951535842,0.0753933760176541,0.0767133416684385,0.0828199111899803,0.0852463826543366,0.0856490850105511,0.0868091092065678
2024-04-26,0.0574952982506937,0.059462308991399,0.0584528098023071,0.0595022723499365,0.0613178601351002,0.0630944030216582,0.0648694541622179,0.0666640113592673,0.0685610477480616,0.0704791623189536,0.0721097329525321,0.0737048563984241,0.0755115749739753,0.0768388995269606,0.0828976656561674,0.0852793313722266,0.0856255544035591,0.0868023991682925
2024-04-25,0.0573272485069722,0.0594718755380751,0.0580842004884319,0.0592855492579685,0.0611237414502824,0.0630225333852,0.0647968000961179,0.0665905642434195,0.0684848170571145,0.0704001171242951,0.0720209644237411,0.0736418117231872,0.0754613320221564,0.0768705469769473,0.0828154070879947,0.0853445201578635,0.0854939191429524,0.0866888034040491
2024-04-24,0.0577424174720024,0.0590824931229739,0.0578327735250426,0.0588515106728455,0.0608221986078677,0.0628145424542639,0.0646824307369568,0.0664310921079885,0.0683869707843357,0.0704073289774855,0.072031682302312,0.0736560356271385,0.075803015754363,0.0769558417650251,0.0830229277574519,0.0855130614389734,0.0853109788577808,0.0865628536302702
2024-04-23,0.056427568703167,0.0586930348836035,0.057535753404595,0.0586346381335868,0.060638889983766,0.0626651665795517,0.0645727277591821,0.0664388202175161,0.0684204828673282,0.0704239220297756,0.0720994196163644,0.0736679705484902,0.0758148104345196,0.0771056671014081,0.0831281280742635,0.0856492628653219,0.0855449606131314,0.0867792720936577
2024-04-22,0.056427568703167,0.0584982773206972,0.0575363264927,0.058493324957488,0.0605690447157572,0.0626675745812601,0.0645371599120382,0.0663661020834516,0.0683501122829201,0.0703559247922729,0.0719726176715475,0.0735541650534466,0.0759765923896986,0.0771338722082832,0.0831161445212893,0.0855326021921845,0.0853366175831886,0.0865951499097748
2024-04-19,0.0557650384317964,0.0585863703645911,0.0571682123311178,0.0581919194876748,0.0606154421129909,0.063038964738307,0.0647068026734924,0.0663746406086777,0.0683579618042039,0.07034128299973,0.0719704468167685,0.0735641940290888,0.075984620753194,0.0773086387537082,0.0830010690252074,0.0855389068615233,0.0853412880851933,0.0865981879881436
2024-04-17,0.0557650384317804,0.0591798458340376,0.0577120083067363,0.0578337147086093,0.060421077135923,0.063036872117383,0.0647687629167911,0.0663901074949605,0.0683275270347859,0.0703288175484518,0.0719473782418213,0.0735659389351909,0.075970685852739,0.0772267211297347,0.0832854700488277,0.0852702519727074,0.0852729567772692,0.0869328594148734
2024-04-16,0.0554386774325362,0.0587904065535509,0.0573957331782176,0.0567459413510659,0.0596564677227694,0.0625989779007554,0.0643079477363808,0.0659797660538405,0.0679640041744253,0.069970047109522,0.0716577840457451,0.0732377930924221,0.0755194613716878,0.0769956337815603,0.0829867808936519,0.0856357266645913,0.084689415876353,0.0864182307969652
2024-04-15,0.0546078208249054,0.0568420718660889,0.056118525330097,0.0562349708383475,0.0592618165630282,0.0623219243286395,0.0640666372922214,0.0657734217131166,0.0677996885145463,0.0698482219841235,0.0714510570687794,0.0730190479124645,0.0756055772525578,0.0767955350144403,0.0828533586879549,0.0849945951301186,0.0852458117614571,0.0868397271114974
2024-04-12,0.0543605089261034,0.0542984120554587,0.0557886198140027,0.0555734994409738,0.0589211208842478,0.0622687423275219,0.0640309604274855,0.0657931785274492,0.0678328529729106,0.069872527418372,0.0714724421821757,0.0730375761902444,0.0754271759727543,0.0765805185667563,0.0825258065914155,0.0849596448311442,0.0854394897863877,0.0869455838206874
2024-04-11,0.0491931596848693,0.0522071559066357,0.0535430314185865,0.0549569861910188,0.0585104870214785,0.0621811362309643,0.0639571561997099,0.0657331761684554,0.067732557072516,0.0697319379765765,0.071317719620389,0.0729035012642014,0.0747296911199333,0.0760174102824904,0.0821644882382622,0.0844726477697236,0.0856592794591476,0.0870548743587269
2024-04-10,0.0489058899753279,0.0519629151663704,0.0532344541409487,0.0549573983972683,0.0585553021466799,0.0621927432999313,0.0639860199127485,0.065740312251374,0.0677012268122648,0.0697267869081299,0.0713125299939728,0.0728982730798156,0.0744955682501286,0.0759176170886847,0.0819699432201766,0.0845683999427361,0.0858182376456063,0.087305691363734
2024-04-09,0.0489058899753279,0.0512300139339662,0.0529074075597975,0.0548155217835272,0.0584880296475122,0.0622008947407718,0.0639926278854353,0.0657454103095626,0.0677313395122103,0.0697390921126893,0.0713759166713205,0.0729082630666347,0.0744212091765383,0.0758340272556877,0.0815180006176783,0.0843523237494598,0.0851431715989162,0.0870936890669536
2024-04-08,0.0484799005662804,0.0511127248092674,0.0525899120432239,0.0547400367289901,0.0584508594182332,0.0622024603787866,0.0639948349344024,0.0657482448257657,0.0677332937891099,0.069740156477326,0.0713426890224286,0.0729103839035072,0.075133445865685,0.0761100562110199,0.082037640728504,0.0843727110534514,0.0849088522610426,0.0871828319956322
2024-04-05,0.0486285066473469,0.0511056485263767,0.0525872403712659,0.0546619107735762,0.0584099651757308,0.0621996646267983,0.0641262363133398,0.0660528079998812,0.0678980112587523,0.0697432145176233,0.0713392816344532,0.0729006516400477,0.0752462848169332,0.0764466312228416,0.0827706475807352,0.0848067230242963,0.0852604378993591,0.0870319755954568
2024-04-04,0.048905889975327,0.0522071559066122,0.0529014606852994,0.0547416791189666,0.058402152801967,0.0621833014415499,0.0641139115542709,0.066044521666992,0.0678890110339272,0.0697335004008625,0.0713143762420149,0.0728952520831674,0.0759281752406933,0.0779790888355087,0.0828305594724201,0.0851105028171299,0.0847034687346636,0.0867821395836613
2024-04-03,0.0484799005662808,0.0526955479250491,0.0519465834077562,0.0546756733448331,0.0584108544475285,0.0621870814964074,0.0641843036566358,0.0660540435513178,0.0678587324590164,0.0697229166054304,0.0713072328367737,0.072891549068117,0.0759610149343416,0.0780107436476529,0.0826115624620862,0.0845297246122002,0.084723381575355,0.0870043213709529
2024-04-02,0.0473503148759071,0.0516404717117095,0.0542017584833456,0.0531757872268338,0.0577344374279304,0.0623431826861819,0.0643835780073457,0.066252150564622,0.0680218204606761,0.0698109372786648,0.071499921960259,0.0730810991089854,0.0764357265183564,0.0785746767375858,0.0834816021371126,0.0851722836220148,0.0854631957827644,0.088123968589301
2024-04-01,0.044009244743667,0.0496851559142028,0.0506604426132691,0.0544867053795655,0.0585526111248796,0.0626631971531092,0.0647332700952171,0.0665877104391887,0.0683794243013324,0.0701908273267964,0.071825246112878,0.0734241340557839,0.0751647975932581,0.0784046697669675,0.0835349904177579,0.08546851475226,0.0875812533488192,0.089189528792753
2024-03-29,0.0425237646456155,0.0463313097114891,0.0496954398558898,0.0541946713969557,0.0584481432950828,0.06270161519321,0.0646109992669538,0.0665203833406976,0.0683591129821407,0.0702180484438195,0.0717971033159011,0.0733588059366411,0.0750550682137431,0.0786387996893516,0.0834847892978526,0.0855801442273546,0.0878985134614085,0.0894671612775404
2024-03-28,0.0406135180695364,0.0455937078014529,0.0487260264794613,0.0540896560040116,0.0583893634340264,0.0625518461588279,0.0644760365236587,0.0664002268884895,0.0682818127589421,0.0701633986293946,0.0717633158170248,0.0733632330046551,0.0748375205866879,0.0781369060313763,0.0833065356024644,0.0852321300499202,0.0877663482685509,0.0901885424226802
2024-03-27,0.0401966231390826,0.0448641984227214,0.0484133904065928,0.0537671987164978,0.0580801686703378,0.0624868988405656,0.0645254639722702,0.0664968236600724,0.0684391522749451,0.0703194916787047,0.0718052729691826,0.0732910542596605,0.0748347238533721,0.078062603791485,0.0837899032702196,0.0857509756499971,0.0882248530340187,0.0907066915417083
2024-03-26,0.040047721504245,0.0446190892215737,0.0484133904065933,0.0536916185823548,0.0580566818228591,0.0624217450633634,0.0644327395155145,0.0664216351275321,0.068308894312255,0.0702371808705587,0.071754718465987,0.0732222273494781,0.0751511922352502,0.0785907266671793,0.0840143054656226,0.0861289455303653,0.0887537849569496,0.0918664196815078
2024-03-25,0.0399087416166054,0.0445014260759108,0.0477653967278658,0.053435532695386,0.0578908440265098,0.0623461553576336,0.0643653814758606,0.0663624182960851,0.0682706344758211,0.0701788506555571,0.0716324393756009,0.0730700545932267,0.0748598852515444,0.0781301278583602,0.0838225350030689,0.0858004383640266,0.0887670491262614,0.0914181789725377
2024-03-22,0.0395768612217514,0.0443712799632459,0.0477623170983136,0.0533524561222442,0.0578169951589852,0.0622815341957262,0.0642850794325075,0.0662886246692887,0.0681859097347283,0.0701040440866014,0.0715651020570665,0.0730101044454385,0.0749804987976115,0.078181483369178,0.0842128450890997,0.0863335402671548,0.0892624730118868,0.0919033962385671
2024-03-21,0.0392435563568111,0.0443686105407199,0.0477592379966132,0.0530665254524443,0.0576685112055664,0.0621236250729505,0.0641340651719219,0.0661445052708933,0.0680543640507562,0.0699642228306191,0.0714109359232481,0.0728576490158771,0.0748214905973238,0.0779897225431187,0.0838945947795323,0.0859779032921845,0.0891695931321713,0.0915370145088433
2024-03-20,0.0385881904725548,0.0443249183061304,0.0488484329984802,0.0530003886702408,0.0575105455899044,0.0621187493991259,0.064205036829102,0.0662225455525955,0.0681230029250362,0.0699628074026117,0.0714065962261942,0.0728503850497766,0.0748199979879548,0.078058480820656,0.0839482563672639,0.0859971496164889,0.0889959719592428,0.0911236305408145
2024-03-19,0.0377142013174865,0.0441287801904406,0.0486937674796586,0.0535804460730052,0.0580048478883674,0.0624292497037296,0.0644393237605134,0.0664273090913985,0.0683734405707786,0.0703618792562321,0.07173560373569,0.073064040594946,0.075219761198193,0.0782810796939124,0.0843916150218802,0.0864955008327313,0.0896497399894568,0.0917609758469997
2024-03-18,0.0379923096037646,0.0439326227326541,0.048693767479659,0.0535143462138472,0.058011612798819,0.0625088793837909,0.064480197113035,0.0664298520100897,0.0683785913070968,0.0703273306041039,0.0717450158135406,0.073147122064632,0.0755641999060471,0.0783867710469118,0.0848354955497631,0.0868404965765277,0.0900404058394495,0.0921474699317587
2024-03-15,0.0379883789115409,0.0441261396519247,0.0486905677199132,0.0536496809808674,0.0580790616314557,0.062508442282044,0.0644672846065239,0.0664261269310038,0.0683659163032517,0.0703270220422276,0.0717454546672681,0.0731483001206048,0.0753856086335729,0.0785105648074407,0.0849191335326069,0.0868316156175353,0.0901894847341555,0.0922801254923081
2024-03-14,0.0375552735673917,0.0443195907818703,0.0487646833088788,0.0538769197055523,0.0582941797207233,0.0625704633524313,0.0645688727949467,0.0665672822374621,0.0684863448905693,0.0704054075436765,0.0718489657016804,0.0732925238596842,0.0755029811390761,0.0786206973031967,0.0849070522996312,0.0869447575644212,0.0905684908171925,0.0927614426907869
2024-03-13,0.0375552735673921,0.0441287801904404,0.048693767479659,0.053877323895624,0.0581753091973894,0.0625667289622366,0.0646043326245865,0.0665747625398259,0.0685207770274444,0.0704046846697133,0.0718458294453172,0.0732869742209211,0.0755558516349151,0.0786256017513648,0.085113661935397,0.0868930882011602,0.090506399032039,0.0927182995574126
2024-03-12,0.0373665386175127,0.0435402497757154,0.048693767479659,0.0537352542650043,0.0581589081153685,0.0625825619657327,0.0645922922580556,0.0665799376021113,0.0684700608122184,0.0704012736573277,0.0718734467650289,0.0732970866933554,0.0753003998823661,0.0786450595438445,0.0848849148244942,0.087050080751388,0.0906676536383209,0.0928537409567471
2024-03-11,0.0356476451782795,0.0436383502711956,0.0488484329984816,0.053840140968813,0.0583412238683984,0.0628423067679838,0.0647540967192433,0.0666448779897197,0.0686751383495292,0.0707053987093387,0.0723933659791831,0.07406278415815,0.0760111521696022,0.0792254936197375,0.085863697433016,0.0882335442317839,0.0922137792196338,0.0948872491132899
2024-03-08,0.0357932214164044,0.0437044272495778,0.0490674840106473,0.0546396931487424,0.0588525285110413,0.0630653638733402,0.0649590423419129,0.0668527208104856,0.06883842722552,0.0708459545901701,0.0725309778043062,0.0741974842798254,0.0761746011296322,0.0796078856049602,0.086535174313716,0.0888371740629258,0.0919864031222934,0.0953506178439266
2024-03-07,0.0368102150942887,0.0437999062470251,0.049431335655639,0.0548670480931199,0.0593733024662102,0.0637357402103721,0.0653596138101058,0.0669834874098394,0.068900990384817,0.0708184933597946,0.0724986365373537,0.0741787797149128,0.0759638444767978,0.0794306869615188,0.0858294231250593,0.0880802422458424,0.0926425020668031,0.095852806220129
2024-03-06,0.0354389428164754,0.0441287801904346,0.0495152222344646,0.0549054136375895,0.0592682960529026,0.0637260237381138,0.0654248674775264,0.067067705379376,0.0689711598810122,0.0708138658347239,0.0724912043670052,0.0741685428992866,0.0758223047935894,0.0791299586378843,0.0854136439972424,0.0880565308140832,0.0933589939349664,0.096727337113963
2024-03-05,0.0359358352033156,0.044128780190441,0.0496601322218165,0.0550481409795866,0.059464301652141,0.0638804623246954,0.0655540653911536,0.0672092772151232,0.0690590388420636,0.0709490126782852,0.0726608234185009,0.0743162008376105,0.0759605952051649,0.0791059536209449,0.0853824605867592,0.0880357173454173,0.0936906524662368,0.0971057708632907
2024-03-04,0.0359358352033156,0.044128780190441,0.049737411097494,0.0551244478443014,0.05954118421162,0.0639579205789386,0.0656305968821859,0.0672848921271558,0.0691587498993038,0.0710326076714519,0.0727213844904885,0.0743916033225026,0.0759699952251633,0.0792246677322385,0.0853781089299619,0.0880585312499667,0.0936895903693872,0.0971057730643398
2024-03-01,0.0365581905347163,0.044287518737547,0.0498113376564839,0.0551927109157455,0.0595239247197178,0.0639503300358653,0.0655985342456278,0.0672837767522389,0.0691664266815551,0.0711111419931564,0.072743722054458,0.0743946457119539,0.0760481943994421,0.0792484632607051,0.0853566284557557,0.0881500192719855,0.0935470528018538,0.0971358936384017
2024-02-29,0.0359393534344111,0.0443008210045384,0.0505520156834536,0.0558563088192515,0.0600041734901507,0.0642442129315143,0.0659216163030513,0.067545485524433,0.0693724302462877,0.071386221587423,0.0730014923902361,0.0746718292431452,0.0761842733811365,0.0795922078249821,0.0859238578976012,0.0885516299066895,0.0937135556665491,0.0973530738990478
2024-02-28,0.0369331490052895,0.0443008210045384,0.0503299321771694,0.0557005245555406,0.059868545151593,0.0641770608239168,0.0658114143516641,0.0674812973039277,0.0693507948094692,0.0713277347003867,0.0729894303696546,0.0745980931984139,0.0763448138865846,0.0796064157765784,0.0857125786260352,0.0884085158254479,0.0937788584048869,0.0978597018122365
2024-02-27,0.0365455976202969,0.0445264134039037,0.0505520156834537,0.0558526076169614,0.0599779632171046,0.0642423757475896,0.0658970789047865,0.0675517820619833,0.0694454626798687,0.0714029752286941,0.0730171962889713,0.0746665091114285,0.0763442453807186,0.0795032011088357,0.0857346696759907,0.0885895703300117,0.0934455155945569,0.0978771833405963
2024-02-26,0.0363251652722019,0.0449186877442423,0.0504071828021217,0.0559193727932625,0.0600478492063959,0.0643154877458147,0.0659715864347997,0.0676276851237846,0.0695153197338318,0.071466582476802,0.0731025158173665,0.0747384491579309,0.0765137585740877,0.08041960551141,0.0861458844004742,0.0890116289442934,0.0932450396142093,0.0983404502822554
2024-02-23,0.0364362815773185,0.0449186877442425,0.0505451219295505,0.0560676907434389,0.060121302501343,0.0644512968791042,0.0661163338324172,0.0677813707857303,0.0697012328420637,0.0716210948983972,0.0732471492545158,0.0748910723398225,0.0766437678284575,0.080384934767091,0.0860018629280207,0.0888665728738249,0.0935141813573987,0.0974190269102693
2024-02-22,0.0364362815773185,0.0449186877442425,0.0503299321771703,0.0558456152165,0.0599628827120486,0.064316774776307,0.0659615499143708,0.0675538322288794,0.0694330640257961,0.0713977154498454,0.0730558609910829,0.0746783474884227,0.0764303122467941,0.0799578606860324,0.0858213890897943,0.0883299531286528,0.0936916765275888,0.0977914980007261
2024-02-21,0.036326962595738,0.0449186877442425,0.0498180339142594,0.0553431262342873,0.0594998023242743,0.0637965910914518,0.0654044522786216,0.0670472669698602,0.0689115871049799,0.0708830520754513,0.07255062294719,0.0741649734719584,0.0760408365607586,0.0794028298618642,0.0854445821956437,0.0880865723615609,0.0935359382436654,0.097512507792652
2024-02-20,0.0311358985300844,0.0445264134039425,0.0494412287334845,0.0551253896922019,0.0593582071665706,0.0637337038816483,0.0653276118034077,0.0669734949834853,0.0688268137526422,0.0708094338312752,0.0724328236695316,0.0740915045912284,0.0758848518973644,0.0793528743195829,0.0853098012565515,0.0878553629395,0.0935584109046284,0.097666007882634
2024-02-19,0.0306867993507366,0.0447225601389658,0.0494412287334211,0.0551258021869551,0.0593195973709015,0.0636547564374527,0.0652580842594645,0.0669311219867812,0.0687228730445163,0.0706621800717119,0.0723055450617714,0.0739489100518308,0.0757262121980685,0.0791606858369272,0.0851966780923629,0.0878531313904297,0.0933403327746812,0.0972923185231661
2024-02-16,0.0306880826043149,0.0451147962234645,0.0492510710934434,0.0551226026948628,0.0591672996199658,0.0634877713354166,0.0650715618887902,0.0667771824847309,0.0685681057538417,0.0705082726287118,0.0721449213233192,0.0737995551684168,0.0755874449325107,0.0789494171459075,0.0850152268106905,0.0875884338731086,0.0932491893203917,0.0971758909264711
2024-02-15,0.0309667294163265,0.0446244891628902,0.0492576184657537,0.0551565111653789,0.0593255695669734,0.0637342290261309,0.0653515932041612,0.0670377813897672,0.0686744019547631,0.0705736900178447,0.0722620460634718,0.0739504021090989,0.0758868306495633,0.0793841759538941,0.0854234876157975,0.0877483629977477,0.0936180459951586,0.0977136383307411
2024-02-07,0.0309070209924616,0.0457030069420496,0.0493349311283217,0.0551686989628714,0.0594470510389998,0.0638696172300539,0.0655908767137877,0.0673495548819504,0.0690978286712612,0.0709465779657049,0.072536745403302,0.0740761628162949,0.0761383026396695,0.0797195767954767,0.0855128762558753,0.0879519736873696,0.0940652687831423,0.0996702855860546
2024-02-06,0.0316831621313584,0.0453108855803608,0.0494025760375542,0.0552355149780128,0.0595543739607987,0.0640188124598584,0.0657648408775495,0.0675108692952407,0.0692770050476976,0.0711026734659677,0.0726462967396117,0.0742234770409435,0.0763002418190453,0.0798581484299235,0.0859087424158455,0.0881330762514839,0.0941231952699983,0.0997645538627501
2024-02-05,0.0306867993510058,0.0455069558186733,0.049257618465768,0.0552359283401454,0.0595536859708728,0.0640169859936472,0.0657640539675719,0.0675111219414967,0.069349993780036,0.071250850062571,0.0727404536519044,0.0742300572412379,0.0762660320292417,0.0799891530544972,0.0858599157254943,0.0881104524509156,0.0939414451144224,0.0999101622695577
2024-02-02,0.0304691324284785,0.0448696576361367,0.0490964731345524,0.0553844424661377,0.0599600526975111,0.0645356629288845,0.0662076977054078,0.0678797324819311,0.0697114839485805,0.0715432354152299,0.0730406768498267,0.0745545736848038,0.0766518097827773,0.0802435989755985,0.0859787900711416,0.0886041262516386,0.09429763924067,0.1002995743728409
2024-02-01,0.0299105322809137,0.0454873496550615,0.048812983796529,0.0553045073222136,0.0599256139362682,0.064394376376233,0.0661662273672221,0.0678815299223286,0.0696892368161177,0.0714969437099067,0.0729725670219375,0.0744481903339683,0.0762271788686188,0.080094790124697,0.0858117751890696,0.0883010033183408,0.0943605304631205,0.1003234200623054
2024-01-31,0.0302476767264889,0.0451147962234647,0.0463164165493471,0.0555184846806664,0.0600584227455042,0.0643988030932063,0.0661186477381921,0.0678758803102428,0.0697421854557459,0.0715469640579906,0.0730193371430865,0.074444719597807,0.0762174649644444,0.0799593150099848,0.0857284423017174,0.08813775236978,0.094499308572706,0.0999110682452965
2024-01-30,0.029251241603849,0.0447912069766333,0.0456673192601139,0.0552963763446331,0.059898862499629,0.0642484647999548,0.0659987885661292,0.0677491123323036,0.0696487914160847,0.0714070050361799,0.0728346133938496,0.0742932567158164,0.0761657220128967,0.0797518526902753,0.0857365037659128,0.0881148150812909,0.0942136771544886,0.1013675745561162
2024-01-29,0.0293595499728823,0.0447912069766349,0.0459967513329771,0.0558797978816959,0.0601031860878177,0.0646246958143717,0.0663298134194978,0.0680349310246238,0.0697975704733737,0.0715797948048876,0.0730831327522425,0.0745864706995974,0.0764619550490143,0.0802375544139317,0.08583214731963,0.0883358551213761,0.0943838274984051,0.1004413595986057
2024-01-26,0.0294725719312302,0.0454383334097632,0.0459910374565119,0.0560472348505585,0.0599866777115196,0.0644545824196827,0.065945370684993,0.0674361589503032,0.0690645531755829,0.0706575475264,0.0720486493317551,0.0734550379701361,0.0753417600132759,0.0790252843182756,0.0847493978496899,0.0869196299573614,0.0933461964681928,0.0982667162246175
2024-01-25,0.0295820664896962,0.0454383334097632,0.045996751332975,0.056043059773669,0.0600090347256191,0.0644646362148471,0.0659741566473646,0.0674355008958656,0.0690602342989092,0.0706496474105824,0.0720539581657346,0.0734582689208869,0.0750565853228598,0.0788035422390989,0.0843701362210302,0.0865064595682196,0.0937331004314765,0.0983388118598714
2024-01-24,0.0303583969519535,0.0454383334097632,0.045996751332975,0.0563407496709248,0.0603804116516162,0.0644649587654264,0.0659118586394961,0.0673902128586543,0.0689961389247102,0.0706568124702907,0.0720636089897176,0.0734255077478862,0.0746356205296218,0.0784341404176802,0.0839870201701488,0.0864060478644746,0.0939640966054654,0.0987581978773203
2024-01-23,0.0307962608584452,0.0457716203200959,0.0463164165493697,0.0566348970243473,0.0608428543455581,0.0650975667481158,0.0665251253259472,0.0679526839037785,0.0697029883043169,0.0714727405315279,0.072608716554907,0.0737693877092291,0.0755390008764046,0.0788837978049011,0.0843465229189906,0.0868499889723957,0.0941141838542919,0.0989763657692563
2024-01-22,0.0305773348638606,0.0457716203200961,0.0468006120691282,0.0570710162141632,0.0612443086581213,0.0654639710181234,0.066924851178713,0.0683857313393027,0.0699127447157708,0.071456724907533,0.07271566568678,0.0739746064660271,0.0756146165508946,0.0792931836471641,0.0847105438118034,0.0869859829365726,0.0944880288519731,0.0970003779565787
2024-01-19,0.0304678673976535,0.0457716203200961,0.0471140903142045,0.0570675261924815,0.0612612164415442,0.0654549066906068,0.0669227420786697,0.0683905774667325,0.0699244645201375,0.0714583515735425,0.0727113584288736,0.0739781345903071,0.0759571066678647,0.0795084883635577,0.0846108654214718,0.0869096743150392,0.0942223706524944,0.0991158928406837
2024-01-18,0.0306855162401526,0.0457716203200961,0.0474491590174987,0.0570631826348274,0.0611938232999908,0.0654652812605575,0.066971489592671,0.0684296274461,0.0699400594391372,0.0714504914321745,0.0727152156498496,0.0739799398675247,0.0758730987760751,0.0792614484758833,0.084545185464977,0.0868052868764986,0.0939929345481751,0.099286476625205
2024-01-17,0.0313534732596714,0.0470748299026949,0.0474491590174985,0.0573950777377203,0.0616210524456989,0.0658939824282106,0.0673778785476515,0.0688940332783845,0.0702916676281339,0.0717369486034428,0.0728970984104161,0.07402022215972,0.0760144464107747,0.0794200313969226,0.0844893139483452,0.086865331097388,0.0954836205758446,0.0994318105635095
2024-01-16,0.0325671330570909,0.0483771954949206,0.0477684768854141,0.0578308922462379,0.062019693477532,0.0662550369447294,0.0677557246712381,0.0692564123977468,0.0707439371501642,0.0722479899553863,0.073377640208125,0.0745318480750537,0.0761006285434007,0.0793659923275851,0.0844899180743631,0.0869890971787103,0.0958098636839794,0.0992629163204359
2024-01-15,0.03554998578485,0.0483771954949211,0.0522598587881577,0.0578313250992383,0.0620727204510702,0.0663612424179224,0.0678868853525154,0.0694125282871085,0.0709537624772853,0.0725121214917975,0.0736376874816276,0.0747632534714578,0.0766389947003732,0.0797441249195919,0.0846855706312291,0.0870904272990239,0.0946440838527741,0.1004153865962291
2024-01-12,0.0365338419173743,0.048954666662436,0.0524067250162925,0.0579790967603976,0.0622007585238535,0.0664224202873095,0.0679504162174846,0.0694784121476598,0.0710270131635446,0.0725756141794295,0.0736961376930018,0.0748289746517781,0.0749628396969475,0.0773474022745331,0.0821117608888158,0.0845209238077806,0.0919468821355764,0.0975143599042323
2024-01-11,0.0367325715140359,0.048954666662436,0.0524816216845841,0.0579746063407567,0.062132923685729,0.0664330018492799,0.0679796839433942,0.0694770038430156,0.0710222779684823,0.072567552093949,0.073699681996885,0.0748318118998208,0.0744879300891289,0.0770688064813502,0.0818461040866987,0.0843319091502453,0.0922920966249011,0.0964777250868557
2024-01-10,0.0369312912917697,0.048954666662436,0.0526358698141547,0.0579848900661198,0.0621857739253558,0.0664333342719166,0.0679549316988789,0.0694765291258411,0.0710172291989842,0.0725750481618289,0.0737179936402233,0.0748244621352646,0.074581505720679,0.0768277464258367,0.0816115085514069,0.0839513639202351,0.092521474935216,0.095398043906999
2024-01-09,0.0373287013943451,0.0490329550724568,0.0529346748874396,0.0580610163646444,0.0622237700834828,0.0664327766214195,0.0679534113759334,0.0694740461304472,0.0710157956816439,0.0725746757834094,0.0736850250905632,0.0748195124261334,0.0744647814837458,0.0772921832153932,0.0814819021749494,0.0838136619423001,0.0922225367755344,0.0950566078195405
2024-01-08,0.0376267332038125,0.0494830542934629,0.0532237774594208,0.0558924747711194,0.0613177214345625,0.0668032486164883,0.068290271391017,0.0697772941655457,0.0712720489463982,0.0727834121137046,0.0739846408128293,0.0751858695119541,0.0750378677827982,0.0773867478594824,0.0817164824919012,0.0840804372594179,0.0942779762652403,0.0941035618450565
2024-01-05,0.0388186396467998,0.0495613221362954,0.0535147291240086,0.0563630417357398,0.0616353289754642,0.0667930012751945,0.0682775606939692,0.0697621201127439,0.0712737947478304,0.0727854693829169,0.0739736249103945,0.0751748370920203,0.0748934839930792,0.0774200964210819,0.0820764325994673,0.084379754594741,0.0938080397923236,0.0943637263452728
2024-01-04,0.0397123377359778,0.0495613221362954,0.0534839162867685,0.0602829969507665,0.063559648529141,0.0669480041385964,0.068419467091823,0.069843968461436,0.0713864946045036,0.0729290207475713,0.0740774442299986,0.075225867712426,0.0750791366524153,0.078521613629685,0.0826998877490292,0.0851097113011175,0.0935140241117275,0.0945255229932219
2024-01-03,0.0414495157519195,0.0501580142917012,0.0542255155471313,0.0611433586538949,0.0642081609750801,0.0673070166553896,0.0687295784946327,0.0701830655912507,0.0717122168179133,0.0732934982000302,0.0744462671429679,0.0755622455877268,0.0753190685203809,0.0788637511674283,0.0832247195439131,0.0855599171620282,0.093810657629668,0.0949292597015643
2024-01-02,0.0430668983556639,0.0508425249079585,0.0551880173106321,0.061077786127151,0.0645778243630899,0.0681167519127614,0.069572739244672,0.0710762044243623,0.0726643153427908,0.0743254428551701,0.0754146191642321,0.0765274732191433,0.0760498023442809,0.0795533130731694,0.0836227478788862,0.0859734819234511,0.0951022308117788,0.0961309852171118
2023-12-29,0.0432713172212517,0.0512597119529962,0.0516242113276742,0.061053018701031,0.0647494359100576,0.0684460750994596,0.0699203455221246,0.0713946159447897,0.0730920438705332,0.0747894717962767,0.0759438982594085,0.0770857766088106,0.0764593246018312,0.0801038407802968,0.0836348834928715,0.0861057096817705,0.0959032711645334,0.0968511352488641
2023-12-28,0.0432700146137917,0.0512269462225346,0.0516201125564943,0.0609721347518711,0.064545218533486,0.0683621586819887,0.0698408698449028,0.071319581007817,0.0730151149529267,0.0747106488980364,0.075862768085874,0.0770148872737116,0.0763869936076778,0.079807968423348,0.0834808293831693,0.0860276980660791,0.0959092897589587,0.0968312663838949
2023-12-27,0.0433778151043636,0.0512652712722431,0.0516267715299587,0.0610570913701042,0.0646743210357415,0.0683724949328521,0.069862405556872,0.0713047658418274,0.0729474930691891,0.0747022244256891,0.0758534828721267,0.0770047413185642,0.0763201210887753,0.0798161765283146,0.0831813812659088,0.0858615085851959,0.0961647954635885,0.0970263496905218
2023-12-26,0.043267409634134,0.0512645038395511,0.0516262572217578,0.0609811672980623,0.0645978579478654,0.0682955930410873,0.0697698273569829,0.0712280373868363,0.0729073254825401,0.0746239310914818,0.0757931096793205,0.076924974056909,0.0764890221262324,0.079548190029906,0.083110782240298,0.0856768099312736,0.0961389852221276,0.0969878714788208
2023-12-25,0.0430479054789252,0.0512637364298349,0.0516257429238038,0.0609807108419488,0.0645975716701775,0.0682955930410857,0.0697698273569809,0.0712280373868337,0.0729073254825368,0.0746239310914778,0.0757840563364648,0.076931571524441,0.0766143821839703,0.0794498816920402,0.0832287302797593,0.0854381577392531,0.0961370922716619,0.0970876577963875
2023-12-22,0.0428159064271842,0.0510980812429638,0.0516206245331176,0.0608989176287921,0.064552815701531,0.068207701403265,0.0696823506659557,0.0711569999286464,0.0728550555033929,0.0745531110781393,0.0757075561119589,0.0768494528301934,0.07620288676584,0.0793242533984881,0.0831509543658928,0.0856019532978814,0.0958346294516204,0.0968977446999935
2023-12-21,0.0428146178006138,0.0504494259236599,0.0516165390291801,0.0603369239799239,0.0638725651394601,0.0676503283759794,0.0691316116041102,0.0706128948322411,0.0723082862716288,0.0740036777110165,0.0751569778513013,0.0763102779915861,0.0757170614030869,0.078856104229585,0.082546682071267,0.085079560673229,0.0952092918622028,0.0962660488860338
2023-12-20,0.0427637409354399,0.0504486707718605,0.0516231715877281,0.0603461968692183,0.0639627013973556,0.0676609199490878,0.0691550810999793,0.0706015562566935,0.0722426876037345,0.073995714269892,0.0751491837435088,0.0763026532171256,0.0756622609727581,0.0786317990717582,0.0824437501102609,0.0847070150669109,0.0954877974411241,0.0963968157870611
2023-12-19,0.0428715441614336,0.0504479156426729,0.0519408913687057,0.0603457451862705,0.0639624174998981,0.0676609199490878,0.0691432218864122,0.070609411846157,0.0722876945134537,0.0740032723511349,0.0751688870118053,0.0762973012045819,0.0755664421890623,0.078619871756937,0.0825607609123649,0.0848430793269412,0.0956110656409193,0.0965179626649527
2023-12-18,0.0431974969843613,0.0503689547427564,0.0519403739724489,0.0602697775545262,0.063886366190433,0.0675848953937451,0.0690627942904492,0.0705246290687109,0.0722272032183792,0.0739676123491512,0.07512506189976,0.0762699304769926,0.0754342229587993,0.0786059360500014,0.0825027183705975,0.0849280158140172,0.0960914044661378,0.0967290763463781
2023-12-15,0.0435306985250876,0.0503599577730245,0.0519352156137296,0.0604995065695327,0.0641165033222288,0.0677352384933101,0.0692101081756262,0.0706849778579423,0.0723243839823953,0.0739637901068483,0.0751169145991778,0.0762575051296341,0.075373639042163,0.0785823255531452,0.0823783839021077,0.0846536895286134,0.0963789994084872,0.0969512757594866
2023-12-14,0.0433013595896152,0.0504441403357986,0.0519310962757492,0.0605696480693906,0.0640295727326621,0.0677272382431987,0.0692046047039323,0.0706819711646659,0.0723211179310352,0.0739602646974044,0.0751097556839398,0.0762592466704751,0.0753322404553655,0.0788074938647238,0.0825823954481539,0.0849753061165672,0.0959934916367217,0.096580123721807
2023-12-13,0.043577647210821,0.0505606795191193,0.0527474457405892,0.0605789770092314,0.0641173702635005,0.0677364820054813,0.0692273768294409,0.0706706899036997,0.0722570070991546,0.0739514822852088,0.0751015842861527,0.0762516862870965,0.0759550637860588,0.0803397092067832,0.0829858790807393,0.0855476648347501,0.095586989981339,0.0963100672725396
2023-12-12,0.0435763360133723,0.050559922792643,0.0527469203414642,0.0605785236077119,0.0641170866551435,0.0677364820054812,0.0692155516741286,0.0706785444985515,0.0723007572217791,0.0739590191166339,0.0751212328852816,0.0762463547251426,0.0757744534977867,0.0809355432651951,0.0831940507975731,0.0858046758367936,0.0953626361928968,0.096012197560645
2023-12-11,0.0435750248948255,0.0505591660888176,0.0527463949527999,0.0605780702129794,0.0641168030417005,0.0677364820054812,0.0692155516741285,0.0706785444985515,0.0723007572217791,0.073959019116634,0.0751121900849896,0.0762528265862979,0.0759527274625648,0.0809115556968469,0.0832539878649159,0.0857699035176145,0.0953328662578548,0.0959856474684015
2023-12-08,0.0436801237925673,0.0505501660649402,0.0527411131433735,0.0605718260590504,0.0641511582225538,0.0677329638601961,0.0692074305674683,0.0706818972747407,0.072322078686978,0.0739622600992153,0.0751150275053472,0.0762552648309777,0.0755937829921135,0.0809566332202751,0.0832247070499892,0.0858457495126256,0.0953549346369504,0.0960015993586796
2023-12-07,0.0437878352516158,0.0506440977185122,0.0527368863286657,0.0606513865032254,0.0641120749176331,0.0678113610512134,0.0692837175480184,0.0707560740448233,0.0723951842189614,0.0740342943930994,0.0751838854286955,0.0763334764642916,0.0758820403977799,0.0809583800052801,0.0830942748402226,0.0858605457368956,0.0952024703974882,0.0958727402823829
2023-12-06,0.043905447971816,0.0506433398115977,0.0527437681664654,0.0606607243045319,0.0642006000009803,0.067821998021604,0.0693518538584434,0.0708328845090007,0.072377005991317,0.0740264084837913,0.0751740789132767,0.076321749342762,0.0756447834301161,0.0805188469877123,0.0832029439049212,0.0857972237657702,0.095370781188664,0.0959273687355135
2023-12-05,0.0437852007630029,0.050642581927371,0.0527432428405937,0.0606602703149624,0.064200316031095,0.0678219980216039,0.069339636527755,0.070840778963187,0.0724198236073056,0.0740339581324047,0.0751936695570379,0.0763163689149275,0.075464301525249,0.080775264274105,0.0829573177918092,0.0856218797465942,0.0954751610198061,0.0960758209025073
2023-12-04,0.0440118160065226,0.0506418240658271,0.0527427175251864,0.0606598163321883,0.0642000320561167,0.0678219980216039,0.0693396365277548,0.0708407789631868,0.0724198236073054,0.0740339581324045,0.0751846543875297,0.0763228430746644,0.0754625472248805,0.080680269603026,0.0830102162829255,0.0857957395637548,0.0953945566648813,0.0960123861430488
2023-12-01,0.0438393892354391,0.0481889900897035,0.0527300660816363,0.0607290300450252,0.0642861432650617,0.0678464634028949,0.069456421417089,0.0709971339252963,0.0725662758575018,0.0741354177897073,0.0752966734754362,0.0763961602417114,0.0769455433179516,0.0808805819084343,0.0828026605394152,0.0855695319469373,0.095359526445188,0.0961838460532032
2023-11-30,0.043966886159973,0.0481973474101937,0.0527443068148495,0.0607236781167855,0.0642252271267002,0.0678495229600092,0.0694824468778344,0.0709963034266515,0.0725597352266719,0.0741231670266924,0.0752988815032974,0.0763995503750127,0.07698995493094,0.0808753589264821,0.0828138456281347,0.0855803045188339,0.0953471491980953,0.0961741876278037
2023-11-29,0.0439634045976358,0.0481966222345709,0.0530617253762969,0.0608084914065159,0.0643853823563594,0.0679264753713518,0.0694815436390324,0.0710704177386191,0.0726699810919965,0.0742168115875704,0.0754019282596089,0.0764770856527985,0.0769877028841417,0.0804816009140061,0.0835752755663093,0.0862415504803866,0.0947065672838059,0.0963714582046158
2023-11-28,0.0439620967079291,0.048518769770761,0.0537064820301451,0.060770302532215,0.0644039770609273,0.0679227152171279,0.0695012415622059,0.0710797679072839,0.0727076555622626,0.0742143175408066,0.075331335266476,0.0764726359861815,0.0771364328032462,0.0806617084237943,0.0837642560934168,0.0863144709959651,0.094650095886523,0.0965742003783528
2023-11-27,0.0440796682624262,0.0490071346643096,0.0561494048173367,0.0601847959935135,0.0640738893689274,0.0678400792078171,0.0694269915013298,0.0710139037948425,0.0725949915844516,0.0741245221635299,0.0752258949493638,0.0763272677351977,0.0768846647423779,0.0803993793911416,0.0835670374850474,0.0864477433753964,0.0939029947918808,0.0963498776114193
2023-11-24,0.0443190794401035,0.0490049227517499,0.0561393800420025,0.060178640256119,0.064001872549542,0.0678293568371595,0.0694225420362924,0.0710157272354253,0.0725874906924612,0.0741250853786921,0.0752208164232085,0.0763285884682141,0.0767365073780037,0.0803937513061737,0.0834428495337959,0.0862800913626755,0.0944999304396569,0.096856985199196
2023-11-23,0.0447578296821166,0.049004185491933,0.056387406804165,0.0605601811740852,0.0642982064763047,0.0679170203551074,0.0695671425832451,0.0711646013360168,0.0727235543568794,0.074282507377742,0.0754238408377551,0.0765651742977682,0.0767908368559101,0.08032363966527,0.0832936359384771,0.0862253825370764,0.0947023915191576,0.0970273169357175
2023-11-22,0.0447564983962468,0.0491697008996942,0.0563868432118521,0.0605694570023678,0.0642973170021547,0.0677515865316977,0.0694359574046848,0.0711569450357803,0.07275298852745,0.0742964152007131,0.075422332813235,0.0765604886606756,0.076886263672094,0.0801979763068211,0.0844868365846845,0.0872165716041141,0.0944133560810375,0.0965471675776829
2023-11-21,0.0448740013463534,0.0498142726115262,0.0564631479617347,0.0607671191981263,0.0643943468306086,0.0679075731069751,0.0696152594471017,0.0713229457872283,0.0729485281476449,0.0744530565024985,0.075570846335129,0.0767129359467298,0.0754438375373802,0.0807669971423905,0.0847356775701618,0.0874671723763338,0.0944089524247613,0.096564697564752
2023-11-20,0.0451202190671239,0.0498135232091806,0.0565010157456071,0.0608421261266803,0.0644702761616374,0.0679845003435788,0.0696912257540789,0.0713979511645791,0.0730413780867022,0.0745291119319927,0.075661728266947,0.0767943446019014,0.0752524425646281,0.0809328874682471,0.0847317604453165,0.0872429509779989,0.0942135932357339,0.0963785716618579
2023-11-17,0.0454880655961364,0.04981127513743,0.0566541739397183,0.0610715969842936,0.0645203980124295,0.0679737612209887,0.0696824593735274,0.0713911575260661,0.0730809131952481,0.0745292751974041,0.0756531723582591,0.0767894200373652,0.0770706207725798,0.0801170180106322,0.0847002974543879,0.0867643553352551,0.0944400385942802,0.0965599494458319
2023-11-16,0.0462334630828669,0.0498105258252704,0.0569790459781902,0.061716441491665,0.0650230507754418,0.0682248808461497,0.0699044159708678,0.0715303489107545,0.0732260050382294,0.0746794245760651,0.0758086846084972,0.0769379446409292,0.0772758098128319,0.0816776634038363,0.0848216757180607,0.0873615831693803,0.0942994420406385,0.0963797390018118
2023-11-15,0.0469743333989483,0.051929831529495,0.0579385269269842,0.0619427849437517,0.0653598856177128,0.0685268477989354,0.0701246072809387,0.0717571006647247,0.0734800955115654,0.0749042034972194,0.0760540147360955,0.0771671298716032,0.077455830275612,0.0822391938995643,0.0853234617411083,0.0871828150473839,0.0945712780339604,0.0969968380029053
2023-11-14,0.0485731961908338,0.0524172180779547,0.0580243177002044,0.0629216804112892,0.0658878141304052,0.0687613223318828,0.0703226317000153,0.0718839410681478,0.0736996830063307,0.0751378944425152,0.0762467839036391,0.0773797796573961,0.0772014810884718,0.0828692361882132,0.0859646841148549,0.0883100425696449,0.094554969559845,0.0972518990103662
2023-11-13,0.0483319597465227,0.0524164296001204,0.0561031088682207,0.0630812047074877,0.0660053081795322,0.0688381828932215,0.0704017801659042,0.0719653774385868,0.0736165524095312,0.0752138847183795,0.0763361008973253,0.0774583170762711,0.0778560817204493,0.0836919316000766,0.0858905781800342,0.0882292982322717,0.0945941248397533,0.0971601992604472
2023-11-10,0.0475691148618601,0.0525800043337478,0.0564101455484548,0.0632344700897943,0.066306011951715,0.0693822643424272,0.070793760564105,0.0722052567857828,0.073837851442256,0.0754349549105451,0.0765594114645274,0.077696224683938,0.0782506382953084,0.0837531052583883,0.0862479182547049,0.0886722893615678,0.0943013027975033,0.0969223807296478
2023-11-09,0.0483759525631973,0.0529012883681555,0.0588176369691694,0.0604406913414844,0.0649866769430583,0.0693895367913666,0.0708708908036546,0.0723049675602314,0.0738649066856234,0.0754248458110155,0.0765987364314219,0.0777726270518284,0.0782967078844391,0.0838112203161145,0.0864973234520817,0.0888966773786253,0.0941783998924401,0.0967607456609423
2023-11-08,0.0489847897933014,0.0529004926686133,0.0588937672847751,0.0610724228838172,0.0653885466257244,0.0693895367913666,0.0708170858893087,0.0722756686632931,0.0738806065515518,0.0754326343995384,0.0766111448173543,0.0777520432005591,0.0773950845264687,0.0837109475996444,0.0865063249457294,0.0893510075313362,0.0942351388604079,0.0964851412591555
2023-11-07,0.0491292080190622,0.0528996969930073,0.0590561884602533,0.0610719659088219,0.0652962831174833,0.0693895367913665,0.0708367445515123,0.0722839523116581,0.0739191794733197,0.0754326343995384,0.0765771527875197,0.0777465520100223,0.077352154980404,0.0837871778843403,0.0873654560044952,0.0899157288182573,0.0937500463839633,0.0964732258955152
2023-11-06,0.0493057208779074,0.0538745267795592,0.0592185864883118,0.0613920482892707,0.0655697639163539,0.0696179822896466,0.071022712649273,0.0724274430088994,0.0740312482948847,0.075582755582414,0.0767861157052784,0.0779894758281428,0.0773195141266855,0.0847452140726612,0.0878399176609141,0.0897738454628435,0.0941619842411893,0.096360178342753
2023-11-03,0.0502255270017653,0.0541159173045515,0.0591692844434894,0.0610652170362412,0.0654123718919837,0.0697671102108408,0.0712254136141944,0.072683717017548,0.0742252998324196,0.0757333699774026,0.0769794635551418,0.0782392504689002,0.0775296932604943,0.0858847496137872,0.0883453963659961,0.0917062314693521,0.0936512945309822,0.0960236861735499
2023-11-02,0.0505848325493069,0.054485649640195,0.059292909781012,0.0610598422825443,0.0654430327616116,0.069833869566707,0.071300869340265,0.072767869113823,0.0742914150862858,0.0758149610587485,0.0769394159449552,0.0780638708311619,0.0773615266078872,0.0859532520647321,0.0884600622285899,0.091592347728097,0.0932995760798793,0.0957147445032965
2023-11-01,0.0504350882286879,0.0544810809778897,0.0592923172725951,0.0610692242024715,0.065560002736051,0.069915180496858,0.0712492771621255,0.0726743349636612,0.0742420693040274,0.0758098036443937,0.0769829680868746,0.0781561325293555,0.0775483887051379,0.0863100555959389,0.0887704130124783,0.0911706585772639,0.0938597337747289,0.0960626388346677
2023-10-31,0.0494847460098726,0.054544748764099,0.05929172477602,0.0610687672753457,0.0655802927154207,0.0699095789407042,0.0712574274525013,0.0726827385224476,0.0742708683414421,0.0758083131662134,0.0769408580264977,0.0781506218545285,0.0779405330380867,0.086675207663566,0.0893026710660379,0.0923136837279181,0.0933689067048001,0.0955043731460183
2023-10-30,0.0487418557522036,0.0546668689905746,0.0593678159661696,0.0610683103550575,0.0656422582552463,0.0699857677572476,0.071331093319837,0.0727702788053978,0.0743108398237763,0.0758848912990761,0.0770265330428708,0.0782337863811365,0.0778866611017613,0.0870072962197814,0.0893865359349169,0.0922891938575383,0.0934515053580857,0.0956561305714685
2023-10-27,0.0490295600103703,0.0548966405882074,0.0593568275717228,0.0610620275620647,0.0658748658320975,0.0700076452018121,0.0713894118706477,0.0727711785394833,0.0742972873934965,0.0758068081077922,0.0769671814458829,0.0781533408581535,0.0775644551787066,0.0870805753944892,0.0895310720186654,0.0922811792674832,0.0932624963286279,0.0958152052425588
2023-10-26,0.05011976762133,0.0550804711484243,0.0592887624707563,0.061056661774787,0.0659257250708412,0.070007235772212,0.0714025559843328,0.0727678693101713,0.074273845883158,0.0757963716492545,0.0769691893069897,0.078155038272033,0.0773533089825722,0.0869528119513693,0.0895156730893207,0.0921561675237948,0.0929847607068081,0.0955578278524691
2023-10-25,0.0502170928711554,0.0552550463980108,0.0593648498889115,0.0616975219564599,0.0662614213921707,0.0699283237356875,0.0712672987147738,0.0726504157261377,0.074169480744854,0.0757052387857539,0.0768699044969365,0.0780475109382433,0.0774386297571825,0.0871132033221291,0.089771062499977,0.0923332493699065,0.0934072293437035,0.096314616922005
2023-10-24,0.0510850386977574,0.0551178019211218,0.0592492364409322,0.0616970603525281,0.0658545314098084,0.0699299739782343,0.0712482279920892,0.0725809683137885,0.074160118196449,0.0756384712780885,0.0767829912149352,0.0779652425782714,0.0776275610364888,0.0870957042426885,0.0908187938990094,0.0932460588682738,0.092450491693061,0.0955513183801186
2023-10-23,0.0503425561047348,0.0546979271828187,0.0590856837031361,0.0616965987554881,0.0658955816905709,0.0700118395883635,0.0713280646646567,0.0726587537527773,0.0741648407222346,0.0756381866706168,0.0767966165341084,0.0779677763961,0.0773156674421639,0.0873748359144331,0.0910752529760728,0.0933009516721099,0.0923175306549344,0.0954501556553149
2023-10-20,0.0482290450353768,0.0534307412673327,0.0588352183862875,0.0616902090849666,0.0658136955732055,0.0699461154136485,0.0712642317164065,0.0725823480191645,0.0740954255413054,0.0755756100738345,0.0767274367124536,0.0778919207866619,0.0772401981765743,0.0871164662803851,0.091172347526502,0.0935261356049623,0.0921785637734654,0.0955113809383863
2023-10-19,0.0462543340943501,0.0524616200210209,0.0586422875774308,0.0612136910658227,0.0655343621443119,0.0698643937667515,0.0711918546324708,0.0725193154981901,0.0740074921491172,0.0754956688000442,0.0766576496220973,0.0778196304441503,0.0773223121776152,0.0866774944568954,0.0904145146811422,0.0928635078914873,0.0919210613800507,0.0958330058588825
2023-10-18,0.0451452209267161,0.0523208464532041,0.0584882656528772,0.0609119716708288,0.0655380382912237,0.0698782857120537,0.071179917327473,0.0725244598752688,0.0740064892150597,0.0754885185548507,0.0766562615761438,0.077824004597437,0.0776141150523866,0.0853917215325667,0.0892019480405366,0.0917086107708092,0.0911427057007593,0.0944273969832819
2023-10-17,0.0448965815687128,0.0523234566353651,0.0583630027800774,0.0602795630340202,0.0650869496205416,0.0698004665320791,0.0711275534660299,0.0724692237728813,0.0740341813872482,0.0754992480900598,0.0766509681116086,0.0778406569250765,0.0774146593809876,0.0854306368129167,0.0890688497078583,0.0913805397119325,0.09136335762285,0.0945935696761486
2023-10-16,0.0446479415776919,0.0520397032797411,0.0581226229829291,0.0602791120658454,0.0650495838530079,0.0697270459952651,0.0710519324903133,0.0723913781776148,0.0739251298263033,0.0754255390478464,0.0765916305114804,0.0777705361670225,0.0774218496004031,0.085317393734412,0.0889448037008468,0.0909821550214261,0.0913268019054367,0.0947001962611732
2023-10-13,0.0446407824026953,0.0518941211982463,0.0581121149848193,0.0602729897340482,0.0649934256710835,0.0697250848434102,0.0710587711549929,0.0723924574665756,0.0739282424617295,0.075430640826554,0.0765945840220675,0.0777713178021472,0.0775493060709025,0.0852038009070657,0.0889120154689796,0.0910986083279839,0.0912955281400361,0.0946767698105655
2023-10-12,0.0443953439124013,0.0518999778476239,0.0582833601007976,0.0597960715563757,0.0647508801335209,0.0697174691867126,0.0711252923836224,0.0725331155805323,0.0739807488359964,0.0754283820914604,0.0767100903872267,0.0779917986829929,0.0779397764368356,0.0854235395186012,0.0889892665847943,0.0911409460805821,0.0916347078980989,0.0952451140226218
2023-10-11,0.0446413097760204,0.052738234768115,0.0583595042185873,0.0607484806508917,0.0653760359935352,0.0697185656385403,0.0710826089516085,0.0724916207255472,0.0739916857251146,0.0754917507246819,0.0767675898502456,0.0780434289758092,0.0779502484605649,0.0856795254971276,0.0891094726840652,0.0911009217218627,0.091110400916847,0.0946207902314205
2023-10-10,0.0459947901572373,0.0532933469959188,0.0588383565679594,0.0616905986224499,0.0657791381002447,0.0697886796286783,0.0711578547688838,0.0725420757897509,0.0740329981957724,0.0754915092451413,0.0767292856845862,0.0780078679407162,0.0775391836230088,0.0857175614398093,0.0894896890785656,0.0909304826840203,0.0909918502534139,0.0945221936009848
2023-10-09,0.0464086610565134,0.0540334995531769,0.0592020208557898,0.0623211589453125,0.0661255476120343,0.0698565397128386,0.0712187459075281,0.0725959214010603,0.0741000648691422,0.0755715095661789,0.07682102210522,0.0780842655512835,0.0788975027411028,0.0857281658259208,0.0895397944981474,0.0911179026361552,0.0909531093396308,0.094528147709898
2023-10-06,0.0472214248961806,0.0542675164815751,0.0593444648774147,0.0614482511620114,0.0656179446952259,0.0698443721681457,0.0712294249307267,0.0726298671684474,0.0741189725299028,0.0755757060356744,0.076835369302133,0.0781088750220693,0.0777115494132263,0.0860435334598716,0.089742221502588,0.0914105000217858,0.091336270647227,0.0945623406858896
2023-10-05,0.0475496310495372,0.0542739267548995,0.0594392308673842,0.0616783206675621,0.0658110212686607,0.0699999524739644,0.0714225419551226,0.0728609379860715,0.0742528540898525,0.0756447701936335,0.0769490141060808,0.0782532580185282,0.0782500825381218,0.086376122477261,0.0901770684442269,0.0915742771431745,0.0916743714847747,0.0949130777272304
2023-10-04,0.0472221073434226,0.0537857753995373,0.0591128067363162,0.06168782972388,0.0659872646823265,0.0700227069420278,0.0714156643683379,0.072854543468043,0.0742460402756306,0.0756375370832182,0.0769434209443858,0.0782493048055535,0.0781338404989587,0.086192842513309,0.0899650530673277,0.0916852428261995,0.0915615113758731,0.0948040178516705
2023-10-03,0.046064309883757,0.0534827653052312,0.0583931986103602,0.0615743124217169,0.065637533692432,0.069623076800566,0.0710380499504215,0.0724685722557699,0.0740330290524749,0.0754976269047093,0.0767808469221924,0.0781063708962958,0.0781509603048508,0.0853108558443569,0.0893216875912864,0.0913385416230068,0.0910907578605514,0.0941740004039914
2023-10-02,0.0457367278732555,0.0526238543739133,0.0583926152675374,0.0615738518154043,0.0655648877391193,0.0694797420712468,0.0709224737304897,0.0723810595837902,0.0739320956215213,0.0753525180981802,0.0766822964257529,0.0780266877019803,0.0783929365928303,0.0841712507353475,0.0879805391482774,0.0900403937467002,0.0919400868973199,0.0946377762470438
2023-09-29,0.0445813233735871,0.0522639042039243,0.0579026794421085,0.060738201061591,0.0650177685922879,0.0693088032766874,0.0707007899880521,0.0720927766994169,0.0735585732200048,0.0750243697405928,0.0763310908694204,0.0776521715710923,0.0781220526990816,0.0835733960450769,0.0875021224454399,0.0897232369759426,0.0914683867726095,0.0940146227879826
2023-09-28,0.0442549576701025,0.0507992091020959,0.0575941571541243,0.0603840879213725,0.0648907170052244,0.0692604444258035,0.0706652352319163,0.0720251922888978,0.0734881252825718,0.0749510582762459,0.0762638277921714,0.0775765973080969,0.077512124126834,0.0833360756160419,0.0872318468702212,0.0892026038475213,0.0914005468537691,0.0940299500818608
2023-09-27,0.0442549576701025,0.0506715249893792,0.0572769214119872,0.0602705449523912,0.0647852785795035,0.0692619533351545,0.0705843639581969,0.0719355226382621,0.0734729753993607,0.0749597429045988,0.0762913061549667,0.0775803727058549,0.0773050091362056,0.0831820356947712,0.086791619303451,0.0891282054133537,0.0916166666736054,0.0941147270066933
2023-09-26,0.0487722673251221,0.0521347212774934,0.0528641260827156,0.0547361229990962,0.0584944626379365,0.0622210065989651,0.0641471339477353,0.0660732612965054,0.0679225341645823,0.0697514853527902,0.0713120333922037,0.0729065063889958,0.0729510735661188,0.0783466312837561,0.0820032626962075,0.0843954887052512,0.0867587498763566,0.0889434233252945
2023-09-25,0.0432658084959756,0.0506700016751361,0.0572757771094064,0.0600337763744284,0.0646675354865889,0.0692619533351748,0.0706267631375949,0.0719915729400151,0.0735438617276967,0.0750790923968322,0.076312321788032,0.0775455511792317,0.0773509558837094,0.0829553187182731,0.086707792677644,0.0891411133893501,0.091646972260858,0.0941301251334106
2023-09-22,0.0421081942153429,0.0506677168754933,0.0572656365309103,0.0600277234435437,0.0646527732262781,0.0692892411659351,0.0705632128896244,0.0718371846133137,0.0733783884898788,0.074919592366444,0.0761443261687209,0.0773825185842096,0.0772534371900274,0.0829842380603398,0.0862532053263842,0.088846654976383,0.0915927148669582,0.0940399818637277
2023-09-21,0.0430976288744784,0.0501787687557222,0.0571871188454958,0.0597867299493281,0.064556958084237,0.0691812716689405,0.070489226017878,0.0717554371429132,0.0733775399151419,0.0749996426873706,0.0761975375381787,0.0773954323889867,0.0773671979269343,0.0826567981567254,0.0859319062563106,0.0885555267495596,0.0917908770109789,0.0942414167984676
2023-09-20,0.0429393357299188,0.0501780145620325,0.0573113009511763,0.0595596478887519,0.0643527274382507,0.0691043915480172,0.0704601095595905,0.0718452997018502,0.0734951097905363,0.0750905305356394,0.0763068503187215,0.0774843513853222,0.0777223039118726,0.0823853204137616,0.0858640514486921,0.0882668859792455,0.0919396428907421,0.0943527829930055
2023-09-19,0.0435526868703318,0.051641420136976,0.0571859764055004,0.0593231789307212,0.0643083779179162,0.0692503513350882,0.070678098253367,0.0721058451716458,0.073721855946734,0.0753201083616564,0.0765100158254257,0.0777257908427553,0.0778990885952286,0.0827282727790197,0.0863606220111546,0.0887938775365544,0.091955005285411,0.0944402044365405
2023-09-18,0.0442945185637168,0.0524991081319985,0.0577514884623451,0.0610491258775143,0.0652397102952059,0.0693938329065836,0.0707951243099869,0.0721964157133902,0.0738848939599149,0.0755548175004339,0.0766564144188378,0.0777580113372417,0.0780056817615552,0.0830768832512064,0.0864900878315984,0.0890353896260834,0.0918463744767903,0.0943799061690697
