Date,3M,6M,9M,1Y,15M,18M,21M,2Y,27M,30M,33M,3Y,5Y,7Y,10Y,15Y,20Y,30Y
2026-03-31,0.0725302512000386,0.0733640463999773,0.0704564259950566,0.0716041258594386,0.0717792080581791,0.0722824223712858,0.0724725217128099,0.0726677142085285,0.0729275018210127,0.0731891805206172,0.0733766103665565,0.0733052733891809,0.0803942247323092,0.0807918089830635,0.080572581622637,0.0817748130044611,0.083065499527657,0.0849484546773718
2026-03-30,0.0725230890307592,0.0727206228879927,0.070456425995055,0.0711013138260667,0.0711289723482378,0.0716979971872049,0.071655526320315,0.0719425996547746,0.0722025362328429,0.0724593948046458,0.0726450759788027,0.0725877289778423,0.0796994172165787,0.080066635471656,0.0797868632115488,0.0810682355671639,0.0823499352594115,0.0842075896184492
2026-03-27,0.0723419117925131,0.0722315003963516,0.0710753582676211,0.0708736322844432,0.0709721958635186,0.0715609359797778,0.0714962322352197,0.0717955478156069,0.0720521602750289,0.0723166483650143,0.0724874166053084,0.0724505432102548,0.0795625342625589,0.0799251777281948,0.0797120343441231,0.0809117469190291,0.0821937634886297,0.0840518043395107
2026-03-26,0.0720321155176291,0.0714146275666654,0.0707558510466163,0.0700949306632611,0.0700972915294403,0.0706493027260158,0.0707883046599651,0.07115437258952,0.0714131656346549,0.0716816831853358,0.0718381576439452,0.0716506050929623,0.0788362251108653,0.0791166626957759,0.0787589783813514,0.0801502476144719,0.0814161227090526,0.0831302804755084
2026-03-25,0.0720321155176291,0.0714284358838953,0.0707693283476553,0.0702440883885096,0.0701093065973307,0.0706441502891231,0.0707841024092916,0.071145406500915,0.0714092712155083,0.0716819289644845,0.0718382508816357,0.0716448721823492,0.0787275276904364,0.0788414725848392,0.0787995100512051,0.0801899943359014,0.0814464552460576,0.0824425817166867
2026-03-24,0.0720321155176291,0.0712740886299823,0.0704564259950623,0.0700296671618546,0.0698916696146162,0.0704366864548971,0.0705788271182316,0.0709371809772121,0.071189623110664,0.0714613056963101,0.0716207981359718,0.0715075669596011,0.0785480727123963,0.0787439310946632,0.0787740771111186,0.0800636336212481,0.0813225003014752,0.082321648882945
2026-03-23,0.0720321155176291,0.070704829316103,0.0698209123892443,0.0694887485196115,0.0694846916459279,0.0700329210956087,0.0701899136330519,0.0705507801970413,0.0708010161898686,0.0710652777767913,0.0712278968655819,0.0711141930101763,0.0782299064026943,0.0784839879793349,0.0784441759170897,0.0798536980877414,0.0811020308801763,0.0820849061366721
2026-03-20,0.0720179894365555,0.0706980626384111,0.0698143507556594,0.0694758236086305,0.0694787404555572,0.0700328268148779,0.0701898397526686,0.0705501891809165,0.0708005210111455,0.0710703331986026,0.0712324248238279,0.0711143278088401,0.0781996991398701,0.0783812320576143,0.0785651608872642,0.0798704195509899,0.0811175984938501,0.0821017379308983
2026-03-19,0.0720321155176291,0.0706912976822409,0.0698077907590612,0.0694887485196109,0.0694728961781333,0.0700276855684949,0.0701856060343165,0.0705465715670535,0.0708005413199839,0.0710705581742246,0.0712324598436892,0.0711145438845718,0.0782532530730148,0.0783156467811024,0.0784555844547547,0.0799039863237643,0.081143596854048,0.0821192868418677
2026-03-18,0.0720321155176291,0.0707048293161026,0.0695077863428661,0.0692741652534867,0.0692669568184183,0.0698031511517049,0.0699677508960303,0.070251349457767,0.0705020351597932,0.070922338515136,0.0710881944384729,0.0709819133964483,0.0782050559486015,0.0781729402726629,0.0783494859390054,0.0797501951710462,0.080990868057567,0.0819685847647384
2026-03-17,0.0717080397119616,0.0707048293161026,0.0695077863428602,0.0692741652534834,0.0692681295985628,0.0698131902162201,0.0699760342810627,0.0702573419429381,0.07049938256936,0.0709183235783219,0.0710848760948758,0.0709789273791671,0.0781623542726916,0.078178082641419,0.0783149350113026,0.0797621800809058,0.0810005915762845,0.0819765632611877
2026-03-16,0.0720321155176291,0.0707048293161026,0.0695077863428602,0.0692741652534834,0.0692669568184114,0.0698131902162201,0.0699760342810627,0.0702570792701925,0.0705046417743846,0.0709152448292674,0.0710821075098578,0.0709836644341539,0.0785337867226171,0.0786197296173297,0.0787784525105614,0.0801698131851469,0.0814109807580307,0.0823866416958777
2026-03-13,0.0720179894365556,0.0706980626384115,0.0691786506474665,0.0691866980259654,0.0691947815679528,0.069746217425009,0.0699063829455859,0.0702594782746125,0.0705068318028105,0.0709232196611108,0.071095010238916,0.070985814706603,0.0783873225061132,0.0786594427441154,0.0787247435467603,0.0801937718624086,0.0814277110097298,0.0823980496830176
2026-03-12,0.0720321155176288,0.0706912976822407,0.0691722085418082,0.0691248627757179,0.0691132675796324,0.0697411230739165,0.0699020055357912,0.0702583294340867,0.0705099168838069,0.070923477492148,0.071094937994152,0.070987674062668,0.0783885741084255,0.0787864082695911,0.079113197315911,0.0803441779249912,0.0816427650931729,0.08272360559421
2026-03-11,0.0720321155176288,0.0702222782542687,0.0688718182461221,0.0691248627757179,0.0691249374580939,0.069742127511123,0.069905636070776,0.0702549304062926,0.070506140270245,0.070927458907927,0.0711000876594463,0.0709856445501894,0.0771404068086828,0.0779091935892047,0.0796659798851789,0.080802451840227,0.0815962447595833,0.0826639144448473
2026-03-10,0.0720321155176288,0.0700678371195349,0.0688718182461221,0.0689102014032075,0.0689071462355304,0.0695246991657653,0.0696926549661658,0.0700463519246872,0.0702864134949424,0.0707070936144203,0.0708776977047608,0.0707679150144474,0.076882207237959,0.0768909202355149,0.0795573750370395,0.0802274213836663,0.0816234986790453,0.0826126847742438
2026-03-09,0.0720321155176288,0.0702222782542682,0.0691850943463592,0.0689102014032075,0.0689071462355304,0.0695228314892463,0.0696853593260297,0.0700460900476284,0.0702923080375807,0.0707028858436784,0.0708702104590524,0.0707726311900973,0.0769117036576232,0.0771295834055382,0.0796693564116436,0.0804009391779705,0.0818152252512282,0.0827953700898502
2026-03-06,0.0716940400563828,0.0698971151325668,0.068229275747923,0.0688321713194489,0.0688266723749985,0.0694596276100395,0.0696398320297255,0.0699712593080989,0.070217155643708,0.0706439044336357,0.0708222382009773,0.0706983491064896,0.0769132669622784,0.0769862239303696,0.0796746111446741,0.0802168534709047,0.0822516830805258,0.0829192480285127
2026-03-05,0.0717080397119612,0.0698905016912902,0.0688590478634412,0.0688448605338706,0.0688209768847363,0.0694545030577938,0.0696209676640796,0.0699669591502129,0.0702171897933794,0.0706441251503162,0.0708127428902423,0.0706980533285711,0.0769130714258602,0.0769847408242892,0.0796491036236153,0.0802238443422027,0.0822572087076939,0.0829227108111385
2026-03-04,0.0720321155176289,0.0700678371195349,0.068871818246122,0.068630139040825,0.0686893208577381,0.0692281107444204,0.0693862312375864,0.06967165271818,0.0699149423564967,0.0703462725324061,0.0704347331100931,0.0703344537062454,0.0764358257701805,0.0766199755568568,0.0793151684375065,0.0798400622480975,0.0819075976217412,0.0825663225509252
2026-03-03,0.0720321155176289,0.0700195717989558,0.0678840398759547,0.0676773398884732,0.0686135474998395,0.0690856424167538,0.0692729123300608,0.069566782148309,0.0697678521385073,0.0701218648349866,0.0703033876269488,0.0702010927508,0.0762983700358036,0.0764792825410902,0.0791196563624413,0.0797067674448384,0.0817685636175079,0.0824230755208615
2026-03-02,0.0720321155176289,0.0698585070389615,0.0677415111622518,0.0670603386811061,0.068319886677047,0.0687240407081577,0.069054808454492,0.0693661487040958,0.0695601130976188,0.069908157709994,0.0702332385681837,0.0700005824594223,0.0763636271187553,0.076420897524181,0.0789938434006725,0.0795857237899469,0.0806887889365304,0.0814943858464544
2026-02-27,0.0705791771630395,0.0682228496577066,0.0666507401040735,0.066730406594913,0.0675905070596274,0.0680096739006623,0.0682575650387789,0.0684093354709203,0.0687486133584147,0.0690342288348041,0.0695260164359299,0.0694427808824486,0.0751836566776904,0.0756835950094092,0.0781441718695146,0.0791120320372736,0.0803514787242998,0.08108960424404
2026-02-26,0.0698910631711793,0.0681551770852498,0.0666507401040684,0.0667423409417965,0.0675927946550652,0.0680104524111021,0.0682655649099199,0.0684056160942997,0.0687555246099472,0.0690317735563509,0.0695227367616466,0.0694426593419036,0.0751835767919976,0.0756477102819045,0.0781499151099863,0.0791159793334658,0.0803545400863812,0.0810914105784237
2026-02-25,0.0691045057793601,0.0681551770852498,0.0666507401040684,0.0667423409417965,0.0675290693574392,0.0679339394628892,0.0681981513869142,0.0683338725362718,0.0686908277619538,0.0689710370193022,0.0694433432326657,0.0693633088873866,0.0750223328160391,0.075538390873356,0.0780491145873268,0.0789538901507116,0.080331218221778,0.0810519065502271
2026-02-24,0.0690980014944316,0.0681551770852498,0.0665080268268576,0.0667423409417965,0.0675290565465161,0.0679339394628889,0.0682013657716306,0.0683336167248843,0.0686905915322084,0.0689708302443162,0.0694502022092408,0.0693609985895183,0.075065245924193,0.0755337310064336,0.0780447980901321,0.0789515395554839,0.0803298358707132,0.0810518031002165
2026-02-23,0.0694846483549082,0.0681488857532212,0.0665080268268577,0.0667423409417965,0.0675884329148591,0.0680103559205986,0.0682687826653929,0.06841080227529,0.0687561362421344,0.0690365323696873,0.0695267422026128,0.069442231451765,0.075202950577241,0.0756254754075544,0.0781111133245761,0.0790515850403489,0.0804315317429789,0.0811506301930996
2026-02-13,0.0694978033320616,0.0662110380486089,0.0671453615573857,0.0664217739372219,0.0675277628976494,0.0679562900586314,0.0681790683513172,0.0683386312325071,0.06868150892415,0.0689794700120574,0.069439381461123,0.0693731550792904,0.0751332756864316,0.0755510235190467,0.0780258011833217,0.0789807097698587,0.0803569286954161,0.0810743451299623
2026-02-12,0.0694978033320616,0.0662110380483436,0.0671453615575172,0.0664335993420271,0.0675277628976492,0.0679562900586313,0.0681870136368717,0.0683355209857494,0.0686871125296967,0.0689765341838764,0.0694361463802852,0.069373450550783,0.0751760244564186,0.0755449341919601,0.0780226306188718,0.0789786007565747,0.0803552837342747,0.0810729384056923
2026-02-11,0.0710706164792328,0.0662110380483436,0.0671453615575172,0.0664335993420271,0.0675225395844088,0.0679562900586313,0.0681870136368716,0.0683412189372366,0.0686839309595849,0.068981778664299,0.0694334832168286,0.0693707045137831,0.0751016586293856,0.0755562116343153,0.0780281419093408,0.0789823892388767,0.0803577575718452,0.0810759968760809
2026-02-10,0.0730285220495172,0.066433596708318,0.0680960426602762,0.0664335993420271,0.067657925172161,0.0681068004065415,0.0683100020090328,0.0684958652174441,0.0688211774039882,0.0691218527895571,0.0695772995525008,0.0695216164357688,0.0752545745784936,0.0756275770292003,0.0782049692901905,0.0791246305847802,0.0805993374760632,0.0813040285383809
2026-02-09,0.0732176480350254,0.0664276174864839,0.0680960426602768,0.0661996407142036,0.0676514406741764,0.0681060091742705,0.0683100020090328,0.0685039119691947,0.0688213037093536,0.0691211629268253,0.0695771100465495,0.0695318936503456,0.0752132997056351,0.0758887151164228,0.0784902856813157,0.0793496755267336,0.0808836194370799,0.0815741568462146
2026-02-06,0.0734287058038655,0.066946355777496,0.0677728869255289,0.0661878975383831,0.0677326282036361,0.0681678487457785,0.0684536991101732,0.0686445791030077,0.0690359691160476,0.0693393028033994,0.0698046888280591,0.0698259665914453,0.074984140854936,0.0757280052981807,0.0786603798629478,0.0797851659115312,0.0812874534887083,0.0819428703657554
2026-02-05,0.0716602659352925,0.0663561877864041,0.0674591610580132,0.0661996407142038,0.0675205818832321,0.0679546205892537,0.0681029265479628,0.0682645570573832,0.0686031149102939,0.0688949619901631,0.0692841767337395,0.0692321425265164,0.0743543287239233,0.0751489366302677,0.0780419646809822,0.0792151726605293,0.0807091311258576,0.0813578048637345
2026-02-04,0.0710706164792517,0.0665013270775695,0.0676207866074983,0.0661996407142037,0.067626777211302,0.0680677535619087,0.0682148212675354,0.0683864406296592,0.0687076085048236,0.0690030726907127,0.069393564850329,0.0693342942080784,0.0743739358487406,0.0751389274562027,0.0780316890863745,0.0791930888718867,0.0807675557200006,0.0812969549984967
2026-02-03,0.0730285220489696,0.0664626242879793,0.0676207866074962,0.0664335993420133,0.0676958238673438,0.0680681994555548,0.0682148212675335,0.0683778967405472,0.0686320568973462,0.0689339023175667,0.0692387468602415,0.0691758133003586,0.0740321863232621,0.0750820039955384,0.0778123796236188,0.0791768981286007,0.0807772788347198,0.0812856895550656
2026-02-02,0.0681084564238784,0.0652663776656588,0.0665080268268582,0.0670603386810807,0.0665027334377243,0.0670096739893844,0.06716110832928,0.0672715867195523,0.06759104975206,0.0678792625724684,0.0681965328112563,0.0680928196975278,0.0729534216234676,0.0740126972517581,0.0767402250795192,0.0781058119140443,0.0796969965740678,0.0801994265191678
2026-01-30,0.0667824062751373,0.0648267523950865,0.0661940039849128,0.0654859381734108,0.0662200626916317,0.0667947962686609,0.0669388348580268,0.0671770004536866,0.0674558835924396,0.0677401104802041,0.0680513153203513,0.0680662831671553,0.0727025223572279,0.0735975592826623,0.0767414538656547,0.0781839155338195,0.079868800519992,0.0803283443670063
2026-01-29,0.0666394903096357,0.0648267523950865,0.0661940039849128,0.0654974362315006,0.0662208362951879,0.0667947962686609,0.0669464804172988,0.0671740082080694,0.0674532806608401,0.0677372809763492,0.0680482955296644,0.068066605602719,0.072660346911744,0.0736012696300911,0.0767966524793403,0.0781736614047616,0.0798607331535047,0.0803225475779224
2026-01-28,0.0661476091776987,0.0648267523950865,0.0661940039849128,0.0654599714717856,0.0661560450661631,0.0667181939862333,0.0668694042085074,0.067103299587086,0.0673837832050908,0.0676663814883141,0.0679793947076256,0.0679881044980567,0.0727012760016453,0.073515089144889,0.0766460324296396,0.0781064961117746,0.0797123226873681,0.0801856077739507
2026-01-27,0.065649795793907,0.0646040163157427,0.0661940039849128,0.0651039862320541,0.0657875049844306,0.066280175369764,0.066570722999317,0.0668926133824991,0.0671733370577321,0.0674585270321508,0.0678376766064399,0.0678540812384269,0.0726406118688797,0.073473388963576,0.0766375526186468,0.0780472117504186,0.0796533346855959,0.0801276135278651
2026-01-26,0.0655750726900835,0.0659244961167622,0.0661940039849128,0.0650290258204779,0.065787815608584,0.0662654210549145,0.0665707229993064,0.0668949583724462,0.0671732899011882,0.0674492980596337,0.0678374918456974,0.0678602618324743,0.0726713022318032,0.0734708321846115,0.0766347817385905,0.0780459713248477,0.0796543487478467,0.0801265282839827
2026-01-23,0.0651636679031176,0.0643037678864623,0.0658703881392845,0.0650176898639599,0.0657891479960297,0.0662835414681466,0.0665702694808122,0.0668911335551054,0.067170583550607,0.06745717013783,0.0678421629309368,0.0678603996771745,0.0726198994056941,0.0735321780327879,0.0765679887567929,0.0780140582374273,0.0796791483950952,0.0801430343530468
2026-01-22,0.0643172874370602,0.0643037678864798,0.0658703881392785,0.0651039862320456,0.0657919422778498,0.0662835414681465,0.0665778295952966,0.0668856847659134,0.0671691445629077,0.0674543540497764,0.0678390216543534,0.0678590764182321,0.0725872460053353,0.0734079064375359,0.0766283378701924,0.0779442778864647,0.0797107938271058,0.0803843879234898
2026-01-21,0.0643172874370602,0.0643812556318861,0.0658703881392785,0.0651039862320456,0.0658678847907319,0.0663592965348918,0.0666549189945302,0.0669686051186384,0.0672499975043809,0.0675348076860553,0.0679128220463617,0.0679229455441881,0.0726006885884413,0.0734252170217101,0.0764392116545497,0.0779828501403389,0.0798772401437701,0.080300726187396
2026-01-20,0.064740499749673,0.064419998388049,0.0663462666949851,0.0652070476239341,0.0659708976253032,0.0664737915576742,0.0667600692256359,0.0670810169010363,0.0673527560714659,0.0676383853730568,0.0680150933123412,0.0680333268973014,0.0728410962314759,0.0732606611660821,0.0767864530542013,0.0785177644973909,0.0800374661044846,0.0804855344981152
2026-01-19,0.0655317421682749,0.0647145531148499,0.0663462666949856,0.0652819946926019,0.065968248453201,0.06647037849016,0.0667600692256359,0.0670781634294524,0.0673510268656559,0.0676360949768814,0.0680149080719272,0.0680360141183119,0.0731664528040969,0.074220086749965,0.0777549032068662,0.0788339604087076,0.0795573542537134,0.0801762572266409
2026-01-16,0.0654096756026243,0.0644974816674589,0.0660322058533729,0.0650551578426365,0.0657503652651264,0.0662430575380881,0.0666052584954582,0.0668492546421245,0.0671308219570893,0.0675747542905283,0.0678768073870107,0.067971684731996,0.0726437482697708,0.0733395586813586,0.0778583729970771,0.078879305263888,0.0795723632137433,0.0801610984734292
2026-01-15,0.0654096756026243,0.0644974816674589,0.0669836785216017,0.0650665067286446,0.0657503652651263,0.066243057538088,0.0665919192092902,0.0668464943152048,0.067127805194733,0.0675719242894232,0.0678600312531041,0.0679721672209046,0.0724639213531454,0.0730269886730757,0.077669139254848,0.0786746091939431,0.0793680862616728,0.079956315192479
2026-01-14,0.0655375937091678,0.0647880174528296,0.0666697673901091,0.0649165746663294,0.065607544922845,0.0660961335191592,0.0665313777797931,0.0667892855014855,0.0671383920854711,0.067580972664325,0.067864974952595,0.0679761171239376,0.0728075074373379,0.073131858436339,0.0779804989236425,0.0789869431941697,0.0794404744361576,0.080059989271449
2026-01-13,0.0645535044061876,0.0647202295135024,0.0663462666949853,0.0649165746663294,0.0656107843189103,0.0660968911846074,0.0665384759233515,0.0667890355116458,0.0671400134015082,0.0675812359285566,0.0678740959949298,0.0679738801347853,0.0723733620313646,0.0731464082073866,0.0782678596485216,0.0790439037663904,0.0796719059392642,0.080237622404301
2026-01-12,0.0645478268072397,0.0647145531148512,0.0660322058533733,0.0649165746663294,0.0656108090423761,0.0660969751093174,0.0665453686683215,0.0667887855236773,0.0671398039674472,0.0675810849467845,0.0678783939832995,0.0679783474553817,0.0722863479248492,0.0731559906362409,0.078416598624591,0.0791792461732438,0.0791849844208678,0.0798668449071238
2026-01-10,0.0644255552557854,0.0647202295135025,0.0648496259802626,0.0649109254102461,0.0656005911252972,0.0660877389907986,0.0665675905129263,0.0667885041225076,0.0671405728745179,0.0675814574966734,0.0678953581700376,0.0679784959453695,0.0719915194351462,0.0728339109476481,0.0781892525779581,0.0788139610710614,0.0789078964983849,0.0795608533460106
2026-01-09,0.0644255552557854,0.0647202295135025,0.064860965079245,0.0649052774579355,0.0656112055568471,0.0660968911846067,0.0665634679704579,0.0667856331742143,0.0671365656678359,0.0675778013887537,0.0678953493370003,0.0679788815228308,0.0719917662438617,0.0728329139610023,0.0781899506333725,0.0788144789788147,0.0789082859231248,0.0795608520039999
2026-01-08,0.0651636679031148,0.064942952757865,0.0650800555879295,0.0649165746663294,0.0656087757066218,0.0660944019069053,0.0665662760729021,0.0667821285371739,0.0671321615803061,0.0675734409576821,0.0678888893318914,0.0679788274027862,0.0716426633389861,0.0730537294727612,0.0788657442075645,0.0790208440955466,0.0785112956261478,0.079510628260246
2026-01-07,0.065783578728287,0.0650107332108035,0.065156252567476,0.0650665067286454,0.0657491318498974,0.0662373078308478,0.0667091809290088,0.0669276492513007,0.0672876930972293,0.0677204569580308,0.0680284048110436,0.0682770891583668,0.0709473925911571,0.073188898166642,0.078892422749707,0.079434016450396,0.0779513465643859,0.0791103100417647
2026-01-06,0.0657835787282834,0.0652431060408531,0.0651562525674758,0.0653569361446314,0.0660433713117571,0.0665315672799923,0.0669308602116329,0.0671400926108971,0.0674231182519129,0.0678546440656629,0.0680230721316894,0.0681069355415103,0.0700942484573162,0.0727694653169307,0.0784514132674032,0.0786923237960985,0.0783807602657006,0.0793865714342385
2026-01-05,0.0667612970552258,0.0654599643356745,0.0653372029916551,0.0656379165808853,0.0661824281568924,0.0667491836804112,0.0670714219209973,0.0672075453693725,0.0676408868701336,0.0680019054690492,0.0681734129986908,0.0682517342334317,0.0702327786977121,0.0729105818063479,0.0785159769479317,0.0788551950588491,0.0784255341923836,0.0794976493625006
2025-12-31,0.067131311790629,0.0631507859807518,0.0634121592490062,0.0636975426142419,0.0645101804798456,0.0647151584852249,0.0650402782831259,0.065219174169394,0.0657820829994427,0.0662317834712022,0.066561048860744,0.06673339791704,0.0690428529801716,0.07169968913628,0.0771874071346358,0.0775279764749264,0.0771787573102305,0.0782199288602032
2025-12-30,0.0666394903096396,0.0631453801356675,0.0643599130355379,0.0636975426142416,0.0645117706598546,0.0647147278091298,0.0650179536997474,0.0652191741694115,0.0657827660534173,0.0662318009726406,0.0665466994180271,0.0667312267568355,0.0689589501400261,0.0717091353326039,0.07714222167258,0.0774709330968234,0.0772186332245507,0.0782479987674271
2025-12-29,0.0666334409067944,0.0631453801356675,0.0643599130355748,0.0636975426142416,0.0645116662816282,0.0647147278091298,0.0650179536997473,0.0652191741694115,0.065782487859162,0.0662316026607729,0.0665510567000425,0.0667350631284607,0.0689569754864829,0.0717090884146163,0.0771413416931563,0.0774711054282333,0.0771265847702265,0.0780886643941903
2025-12-26,0.0663935572009424,0.0631453801356675,0.0650058139997796,0.0635365745137279,0.0645790701295368,0.0647826383697899,0.06507844344209,0.0652981246115081,0.0657771833401628,0.0662284054716627,0.0665389056230208,0.0667342071262955,0.0689265242640813,0.0717564000716777,0.0771390509635012,0.0774528024393532,0.0770528325069221,0.0779991552605661
2025-12-25,0.0664722574183386,0.0632228989845718,0.0647790942710894,0.0642040902214906,0.0645123114096455,0.0647905737113702,0.0650788774205945,0.0652737976288487,0.0658550485822661,0.0663038122476116,0.0666114691284618,0.0667899222036704,0.0689019507953892,0.071780206838501,0.0771660074763792,0.0774801569029943,0.076930385091208,0.0780048383090697
2025-12-24,0.0669936077879297,0.0625542003635939,0.0643027417367306,0.06333154303248,0.0641400547739549,0.0643472511303381,0.0646526603144283,0.0648631379404052,0.0654124189220164,0.0658687007376543,0.0661756245902737,0.0663658423058019,0.0684764446860005,0.0713189925759721,0.0764882928685491,0.0767785082128355,0.0764892402504299,0.0774538139463104
2025-12-23,0.0664329075005417,0.0627771246788768,0.0640645015771147,0.0632658366180854,0.063704631963563,0.0639036074698863,0.064204357686495,0.0644194020797889,0.0650569982662681,0.065582990033228,0.066046557065014,0.0660742203913848,0.0681863933391483,0.0710273651685169,0.0761915619793514,0.0764839392053939,0.076196332677793,0.0771574711055867
2025-12-22,0.0652956244926614,0.0624766556625121,0.0638262188022245,0.0628996789690457,0.0635655515559795,0.0637629857249312,0.0640647021872282,0.0642764561789779,0.0649170160798799,0.0653629102040396,0.0658309600551663,0.0658623576656307,0.0678951614746565,0.070818610214927,0.0759642178110913,0.0762725594388335,0.0759859497480578,0.076940526515405
2025-12-19,0.0646027145430461,0.0616137685775472,0.0624995926691554,0.0624195928710235,0.06319698368439,0.06338970843878,0.0636457570305553,0.0639985787061366,0.0645464251777318,0.0649281948331499,0.0653296283422525,0.0654241644316847,0.0674607374619035,0.0703801369946309,0.0754728753196336,0.0758008337540597,0.0755721083127229,0.0765138115795217
2025-12-18,0.0643172874370603,0.0614683016033849,0.0620329655946332,0.0622891181264785,0.0630552149431261,0.0632557541998374,0.0635069138510906,0.0638449731217215,0.0644023423388076,0.0647733972393427,0.0651923956314558,0.0652836128963349,0.0672885567981834,0.0702182839575688,0.0753107693579236,0.0757731779431912,0.0753662000978804,0.0763711840446503
2025-12-17,0.0643172874370603,0.0614683016033849,0.0620329655946332,0.0623548887467662,0.0630552149431261,0.0632557541998374,0.0635138343829875,0.0638484124081286,0.0644072359490221,0.0647707893179303,0.0651895032846334,0.0652794759624029,0.0673716275004327,0.0702446296166494,0.0751809808645376,0.0756280393886471,0.0755828784393804,0.0765456840610304
2025-12-16,0.0640416835827064,0.0613907149026287,0.0620329655946332,0.0622891181264784,0.062979986454104,0.0631798095753251,0.0634365886000772,0.0637826893026091,0.0643318636328087,0.0647096903093613,0.0651106049991211,0.0652016033151581,0.0673698846722903,0.0702066476208312,0.0751161196306043,0.0755367702974701,0.0754958226226338,0.0764618005074188
2025-12-15,0.0645970283080021,0.0616913466496585,0.0622715693254693,0.0625709617615121,0.0630542304146525,0.0633972990058765,0.0636536325779103,0.0638412848061299,0.0644062476953406,0.0647679832967003,0.0651818524241286,0.065276190717717,0.0672935114707273,0.0702276067484126,0.0751616682312389,0.0756400175020364,0.0755939442908303,0.0765525794249438
2025-12-12,0.0647404997496736,0.0616913466496545,0.0622611113177358,0.062560457993828,0.0630538780905965,0.063388872969658,0.0636506386339326,0.0637711844000979,0.0643244184304149,0.064698721824772,0.0651020781420916,0.0651186648085884,0.0670561835065474,0.0699325215360481,0.0748969144029263,0.0754212135355833,0.0753720083965696,0.0762225933164709
2025-12-11,0.0647404997496732,0.0616913466496545,0.0622715693254643,0.0625709617614965,0.0630538780905965,0.0633972990058604,0.063646688054438,0.063767835715671,0.0643216596456285,0.064695516519784,0.0651018423329477,0.0651183036895542,0.0670560651112097,0.0699085658690062,0.0749394998909412,0.0753403272027865,0.0751516917778324,0.0760569606514101
2025-12-10,0.0641794878510392,0.0615458853026556,0.0616797536220441,0.0624300498734667,0.0629034488360153,0.0632549175482768,0.063521270965525,0.0636228742847196,0.064186030892477,0.064541258144078,0.0649636231335958,0.0649754050851343,0.0668102874053431,0.0697119269890815,0.0744682533225005,0.0749671277729611,0.0749688488797254,0.0758233305140938
2025-12-09,0.0643468153106314,0.0610609379337059,0.0614410438543711,0.062467628318475,0.0629029215696751,0.0632601477000059,0.0635262979715128,0.0636216392779036,0.064185517949169,0.0645490385685795,0.0649645477239301,0.0649725185729716,0.0668099735398192,0.0697116186696136,0.0744672289047269,0.0749671156170407,0.0748953781849275,0.0757613216964795
2025-12-08,0.0637506783984596,0.0607214049893461,0.0612022913032291,0.0619977962278188,0.0623908802838486,0.0627454218447905,0.0630773592590506,0.0632684715925091,0.0638226158138518,0.0641954384897099,0.0646020844541048,0.0648524952271033,0.0666780256672008,0.0695781180146164,0.0743292567294337,0.0747545115337904,0.0746537905551531,0.075551804716708
2025-12-05,0.0624959863704198,0.0600130512436656,0.061545409121267,0.0613389635777442,0.0614428243650403,0.0619382114389586,0.0622562074357059,0.0624624018423704,0.0630617064058299,0.0635091129016209,0.0638235360627913,0.0640899469840015,0.0659801457208337,0.0688954552218192,0.0736396537112086,0.0740188349579399,0.0738674461670857,0.0748432372232578
2025-12-04,0.062072539757412,0.0599354082220099,0.0615556298812837,0.0609822049347942,0.0611202617906848,0.0615340001110811,0.0619140106180291,0.0621317596243381,0.0627378538409265,0.0631065882909343,0.0634181844054329,0.0636811090828627,0.0657513583945527,0.0684445807919781,0.0732162462792743,0.0736008098363565,0.0736896250112407,0.0746277511148122
2025-12-03,0.0622104109506556,0.0599354082220104,0.0613168978681209,0.0608787071810732,0.0611198399569,0.0615340001110807,0.0619254233193174,0.0621403655716129,0.0627422642960668,0.0631041099421797,0.0634185510484668,0.0636809655509294,0.0657633231247214,0.0685373784467026,0.0734050356533786,0.0735863591779885,0.0734306712421446,0.0745424407744102
2025-12-02,0.0609004453378386,0.0591199749582698,0.0605381667004843,0.0605116742616294,0.0603138014111215,0.0607352396321558,0.0611975427580453,0.0614143956470738,0.0617917690029374,0.0622238288521303,0.0624601114128368,0.0626450120420826,0.0647915051107174,0.0675302735828215,0.0721845855095807,0.0724507055290362,0.0723586266378646,0.073427049761217
2025-12-01,0.0600679619327267,0.0568369404840371,0.0595776184419977,0.058919639748447,0.0587805062903635,0.0591234419191218,0.0594385534445948,0.059745342589599,0.0603346308753279,0.0607050057151375,0.0610126191616017,0.0612097265821512,0.0633559826755469,0.0661676456555132,0.0706106334078026,0.0710388504332417,0.0709460739624026,0.0719135229697639
2025-11-28,0.0585365503251557,0.0558688837700668,0.0569976144585423,0.0603230414760563,0.0580482289201112,0.0583248022934626,0.0586608117119605,0.0589545957082305,0.0594227323185597,0.0598562598125279,0.0601201828009752,0.0604804057457182,0.0626848634058694,0.0654285122171651,0.0697096829362934,0.0702732108364096,0.0701998911398447,0.0711559304451867
2025-11-27,0.0580137675266979,0.0558688837700428,0.0569976144582138,0.060050339300734,0.0578261909615184,0.058103340409311,0.0584440786678419,0.0587351831542256,0.0592022799500808,0.0597135480199544,0.0600465619048841,0.0604137006593762,0.0626148934537341,0.0653559159064599,0.0696870955891053,0.0700009334756702,0.0701750096497473,0.0711137369292383
2025-11-26,0.0584670641518678,0.0558688837700428,0.0569976144582138,0.0603328145389498,0.057833060031481,0.0581033404093109,0.0584440786678419,0.0587311933311188,0.0592004839087036,0.0597174748573162,0.0600445375969658,0.0604056512649196,0.0626113046225441,0.065354900742066,0.0692950003472894,0.0700142563847112,0.0702614860779648,0.0711739889735246
2025-11-25,0.0576294102492351,0.0557229771793781,0.0568155317412053,0.0602198340185539,0.057615826598251,0.0578832792585692,0.0583701167797185,0.0586957801013535,0.0591741441533377,0.0597263248396582,0.0600534271910334,0.0604078563622698,0.0626141027756109,0.0653569398146103,0.0694336704189159,0.0699843470128262,0.0702390499268619,0.0711592144094592
2025-11-24,0.0567817215654967,0.0550475571627365,0.0562211945435859,0.0592778329504027,0.0571022637136393,0.0575140161406808,0.0578585256508312,0.0583454848902326,0.0587407598866656,0.0592879523545972,0.0597018897557819,0.0598340988609541,0.062035510390782,0.0647778073607642,0.0688730766300434,0.0693954868466013,0.0696533443068203,0.070566664982954
2025-11-21,0.0560731743652549,0.0548181206115496,0.0560773635852465,0.0587972098826301,0.0568804046739448,0.057371916473989,0.0577102098017366,0.058213680626024,0.0585908832382563,0.0591335779507377,0.0595496438612109,0.0596905044432082,0.0618903585405529,0.0646282641523416,0.068499394542942,0.0692944945231454,0.0695386894523712,0.0704380351253548
2025-11-20,0.0553592536653935,0.0543704070235314,0.0555594439811234,0.0586839163357763,0.0562092268100532,0.0566342131111323,0.0568344009231533,0.057387523813573,0.0577855235027688,0.0582887474928945,0.0587095821992116,0.0588026427128688,0.0610508137270173,0.0637864018100183,0.0678767442096447,0.0683717056999998,0.0685790423070655,0.0695139837165422
2025-11-19,0.0552170970398026,0.0543704070235314,0.0555594439811234,0.0586839163357763,0.0562174219602321,0.0566342131111322,0.0568344009231533,0.0573918664021477,0.057784991110351,0.0582924855568739,0.058707633841701,0.0588003472641491,0.0613750342558888,0.0641734212064445,0.0679943038753066,0.0687716045300625,0.0689275213727136,0.0698331481525533
2025-11-18,0.055212940988576,0.0543704070235314,0.0555594439811234,0.0586839163357763,0.0562174039844856,0.0566342131111322,0.0568344009231533,0.0573918664021477,0.0577888819424708,0.0582923108474877,0.0587110460199697,0.0587986978399095,0.0613752556400284,0.0641735217909192,0.0679937037367104,0.0687717352264871,0.0689278599299655,0.069833951321785
2025-11-17,0.0554846556730898,0.0544053238981227,0.0556841466674735,0.05833494367943,0.056254794806268,0.0566723105183344,0.0568708306558107,0.0574021684933399,0.0577869253372743,0.0582904711826074,0.0587078633062514,0.0584977279670397,0.0610736525792799,0.063873974880708,0.0676919792077824,0.0684009923738096,0.068582826920708,0.0695341294293866
2025-11-14,0.0550978395149582,0.0547694609058148,0.0556841466674735,0.0587972098825921,0.0562521390902324,0.056668956726734,0.0568652623174958,0.0573883109509553,0.0577862701686204,0.0582859245303669,0.0587077579412673,0.0584896609410003,0.0610385241518699,0.0638719247295435,0.0676683882810374,0.0683348717859198,0.0686070869437719,0.0695505589332502
2025-11-13,0.0544841661304547,0.0547694609058139,0.0556841466674735,0.0588064994449204,0.0560301483445095,0.056447280293882,0.0564929282619321,0.0570148835521131,0.0572607122709816,0.0578359180726832,0.0583406186174046,0.0581923453841068,0.0607425645691911,0.0635745185551744,0.0673702516344229,0.0680374965876275,0.0682231869253898,0.0691981949278725
2025-11-12,0.0541191958210285,0.0557910682353947,0.0556841466674735,0.0590421939670598,0.0561155089507694,0.0565050271192765,0.0565704490625531,0.0570899236473998,0.0573369259742987,0.0579005439275327,0.0584056047905392,0.0582625127036559,0.0607950455440305,0.0636749726460125,0.0674056104676816,0.0680056862936958,0.068164058191278,0.0692221660118271
2025-11-11,0.0533299560325628,0.0555478753343584,0.0555210715836792,0.0590421939670567,0.0561178120372357,0.0565073410553466,0.0565734789427258,0.0569345282681472,0.0572634146419906,0.0577928013205741,0.0583011643739551,0.0581869525090138,0.0607205219876024,0.0635997800833942,0.0671921007625085,0.0678883575871817,0.0679934753647363,0.0690556427140199
2025-11-10,0.0527379231397483,0.055300501687883,0.0562403708354705,0.0582877758706488,0.0560429919849533,0.0564425028263937,0.0564826115723652,0.0568788834147548,0.0571880717820069,0.0577173701005916,0.0582153399230571,0.0581376808288416,0.0606200352784472,0.0635442169684747,0.0672071983928458,0.0678108130076878,0.0679200535558711,0.0689822577441663
2025-11-07,0.0527303382760569,0.0548181206115522,0.0557608810014095,0.0553886102739293,0.0556373748399912,0.0560323212538185,0.0561469572715248,0.0565526507024284,0.0567880150159975,0.0573557540509563,0.0577348890102202,0.0577097348435501,0.0603540817410472,0.0632521161159838,0.0668578441554367,0.0673994915489995,0.0670132184044692,0.068252069715153
2025-11-06,0.0529352772537265,0.0533578184404393,0.0557608810014053,0.0576649521944166,0.055929412891843,0.0563450110447553,0.0564527449167119,0.0567859068481762,0.0571481640705899,0.057688517025699,0.0581005378737114,0.057953690716844,0.0606341181882839,0.0634704502974354,0.0671487850040467,0.0676775780478327,0.0673261296946173,0.0685671010608339
2025-11-05,0.0529352772537265,0.0543314707092321,0.0557608810014053,0.0555009298608643,0.0557170439568915,0.0561140413006191,0.0562298699578092,0.0566296521480079,0.0569280377686884,0.0574663901166604,0.0578776024921493,0.0577727945653827,0.0603987049688647,0.0632194195077293,0.066864462477787,0.0673786588050568,0.0670975268762132,0.0683035116172674
2025-11-04,0.0527379231397387,0.0543314707092325,0.0552812191450291,0.055283323623237,0.0555644709178498,0.0559694235291454,0.0560933436647859,0.0564802872562301,0.0567896276240051,0.0574019545676151,0.0577424809936167,0.0577114134404502,0.0603366852032442,0.0631560275182688,0.0667493887334981,0.0672532795717514,0.0669926702763081,0.0681975777947841
2025-11-03,0.0527379231397396,0.0540841301243137,0.0550413236698934,0.0551413809962035,0.0554974647217482,0.0558947587933747,0.0560202166697843,0.0564162866162057,0.0567129605872911,0.0573267416850372,0.0576683060271997,0.0577197358369715,0.0603387827343357,0.0631587875032035,0.0666887431346359,0.0672397839973855,0.0669621245472531,0.06814327202965
2025-10-31,0.0527303382760573,0.0540722200191842,0.0548013851429459,0.0547736304799139,0.0550438401746808,0.0554516892645396,0.0556509222471485,0.0559380882509624,0.0563142535698839,0.0569240249884097,0.0573056719946133,0.057665760700448,0.0602780133111518,0.0630917736483838,0.0665968744687055,0.0671739842606175,0.0668929885457406,0.0680706088847589
2025-10-30,0.0527379231397399,0.0540682515346223,0.0552812191448286,0.0543366586530462,0.0550399863467565,0.0554513554050636,0.0556474765232044,0.0559484977708892,0.0563125852701776,0.0569240486884723,0.0572977263634608,0.057674506401013,0.060283616703858,0.0630950931721817,0.0664766083093458,0.0670334885514648,0.0667936994361571,0.0679253173360911
2025-10-29,0.0531918229260822,0.0542009338122277,0.0533416313890133,0.0533227336818508,0.0542416116927746,0.0547839817230276,0.0550039024208682,0.0553780672280451,0.05588244956958,0.0564089321167445,0.0570349886983323,0.0574853387804503,0.060085099389174,0.0628926174199534,0.0659936558815491,0.0667371977672863,0.066323661288028,0.0674464118326979
2025-10-28,0.0533299560325628,0.0542009338122277,0.0533416313889772,0.053322733681836,0.0542412225013969,0.0547839817230179,0.0550039024208579,0.0553780672280358,0.0558858602850827,0.0564123926801138,0.0570382225029319,0.0574836714988492,0.06008546029301,0.0628928249826739,0.0659560572154662,0.0667311388099312,0.066333912591899,0.0674539511069522
2025-10-27,0.0536555364700895,0.0544402293573736,0.0532647580771742,0.0535028515173063,0.0544606457350948,0.0550230058794295,0.055306021069682,0.0556359304814804,0.056173156170467,0.0566998850945967,0.0573572834776926,0.0578946136733348,0.0604881969969878,0.0633196689459561,0.0663829538730071,0.0671282085862818,0.0665269935511327,0.0676563540897976
2025-10-24,0.053489878165674,0.054200933812231,0.0531974903033855,0.0531634216190227,0.0541988679355518,0.0548452112592249,0.0551564423223577,0.0554583727318941,0.0560144541488369,0.0566182621977294,0.0573036108970664,0.0579085095913183,0.0604983049216421,0.0632911525273142,0.0664685368067537,0.0670481191237851,0.0665395385362925,0.0676647995154353
2025-10-23,0.0534976826249972,0.0544442529814416,0.053235929445682,0.0532848100032354,0.054195174611718,0.0548492485227897,0.0551610307626385,0.055452779409149,0.0560126789229515,0.0566141415594827,0.0573008244362049,0.0579061601516725,0.0605388375738243,0.0633979339582165,0.0665991570175658,0.0671169038914193,0.0666098014301622,0.0676471111689855
2025-10-22,0.0533299560325628,0.0549308027747454,0.0528611006588138,0.0530287875477181,0.0542795457904377,0.0549218857780259,0.0552357365336322,0.0555423353035734,0.0560862114402301,0.0566462889476831,0.0574207317497321,0.0580266610401123,0.0606584155857442,0.0635407525180045,0.066378736739149,0.0668793188560298,0.0667468096451543,0.0678648882164966
2025-10-21,0.0525109537715025,0.0535973748531863,0.0527169077552757,0.0530287875477187,0.0542818552245734,0.0549343237016585,0.0552383524742337,0.0554643904930631,0.0560125271287058,0.0564988806796545,0.0572659674662148,0.0577968767221692,0.0605181748110366,0.0634897304080143,0.0662360542406499,0.0667119838226422,0.0667542269474586,0.067851869299481
2025-10-20,0.0525899011114486,0.0535973748528176,0.0527169077552754,0.0530287875477187,0.0542816325866955,0.0549343237016585,0.0552383524742336,0.0554643904930624,0.0560122127039387,0.0564987115456228,0.0572658115398779,0.0577998415249935,0.0605162824067355,0.0635233921318914,0.0661813132033649,0.0667193993783008,0.0667611458803288,0.0677645005170433
2025-10-17,0.0525034339043614,0.0535973748528176,0.0527169077552754,0.053021219124988,0.0542783043599826,0.0549279797261283,0.0552330242582853,0.0554626322584448,0.0560123933885296,0.0564989211058709,0.0572657941377974,0.0577998742261903,0.0606853978415634,0.0636526448990018,0.0663992224668178,0.0668005440378907,0.0666594578705127,0.0677627357056592
2025-10-16,0.052264233208169,0.0538407672561564,0.0525630848489419,0.052886524522114,0.0537195925276775,0.0544496139994012,0.0547559602829786,0.0551231642111902,0.0557630193983925,0.0563232043168329,0.0571735868300253,0.0576954723366727,0.0606510020304256,0.0636478524154782,0.0661568797048157,0.0667269243886691,0.0666658605922694,0.067751398036018
2025-10-15,0.051602946429915,0.0529059793147192,0.0524188597995609,0.0524121682147182,0.0532875716236298,0.0540528585748127,0.0543509421843849,0.054809516703716,0.0554407051196467,0.0558845272937691,0.0567990590901576,0.0572533718387443,0.0602436883350051,0.0632066606615984,0.0657861946986299,0.0663809911870522,0.0663163855524614,0.067303437521056
2025-10-14,0.0516029464299137,0.0524968725377702,0.0520822741690479,0.0521843972374541,0.0531341468826405,0.05386352543252,0.0542501743169159,0.0548159416164942,0.05529172371983,0.0557481634853999,0.0566604185180966,0.057175774478364,0.0601681565265834,0.0631193998132245,0.0656982557136965,0.0662379755122053,0.0662634791086746,0.0672427449745401
2025-10-13,0.0516029464299137,0.0531494556370054,0.0520822741690357,0.0521843972374476,0.0531341468826376,0.0538575585402791,0.0542501743169144,0.0548159416164941,0.0552915399286893,0.0557442800811639,0.0566602642435222,0.0571786838226265,0.060166272994309,0.0631643627140008,0.0657039202156603,0.0661610667289046,0.0661442688135314,0.0671351231303689
2025-10-10,0.0516029464299137,0.0523994538604588,0.0514954508893765,0.0518164224815078,0.0527278899395009,0.0533756277256415,0.0537701226509917,0.0543369883711686,0.0548120426175793,0.0551900630279064,0.05610571772503,0.0566621920076488,0.0596523107436321,0.0629962633239381,0.0650436303555436,0.0656346180987475,0.0655364305155244,0.0665568542309321
2025-10-09,0.0516029464299137,0.0523994538604515,0.0514954508893697,0.0518236537221719,0.0527244536303096,0.0533816121975378,0.0537751663482267,0.0543345137741382,0.0548104079650498,0.0551874716664723,0.056103407665558,0.0566620780697965,0.0595999367908697,0.0626843406775865,0.0649162133932804,0.0655331779384786,0.0654320816433495,0.0664254344570226
2025-10-08,0.0513561693920353,0.0523994538604515,0.0514954508893697,0.051823653722172,0.052732001140729,0.0533816121975378,0.0537751663482267,0.054338673094509,0.0548079532021795,0.0551855623622239,0.0561015959738874,0.056659819809187,0.0593485567263296,0.062709997146286,0.0646132309836726,0.0655133772624673,0.0653330364323785,0.066480224609782
2025-10-07,0.0513561693920358,0.0522046023080927,0.0514184713513018,0.051823653722172,0.052732001140729,0.0533833776771119,0.0537765249880628,0.054338673094509,0.0548114671436771,0.0551899792403119,0.0561056616505674,0.0566581815960616,0.0593908489483666,0.0626836744214393,0.0647232626831649,0.0654203715331846,0.065268556289107,0.0665132542888272
2025-10-06,0.0513561693920358,0.0522046023080869,0.0514184713513003,0.051823653722172,0.052732001140729,0.0533833776771119,0.0537765249880627,0.054338673094509,0.0548112849531711,0.0551898140315206,0.0561055088894044,0.0566610294311275,0.0593471098532743,0.0627100312990134,0.0647839439691515,0.0654073889617758,0.0652600905973258,0.0665064212912115
2025-10-03,0.0513489759051651,0.0522046023080869,0.0512741227701391,0.0518164224815041,0.0526902712908537,0.0533098002423807,0.0536963511465075,0.0541811549490348,0.0546647755120174,0.0550336163989842,0.0558803295911664,0.0564361618313398,0.0591258802253541,0.0625651293413003,0.0643201108600045,0.0652280048421102,0.0650704280947713,0.0663039949489014
2025-10-02,0.0513453801680884,0.052730658057806,0.0512741227701391,0.051823653722172,0.0526869254437746,0.0533110144005804,0.0537013888379951,0.0541785674871071,0.0546631937359389,0.0550281101409638,0.0558780479564486,0.0564359235266196,0.0591258222011361,0.0625416011624671,0.0644707164289253,0.0651298517295018,0.0650689825420948,0.0663028301174208
2025-10-01,0.0513417851016368,0.0522046023080854,0.0510527580058961,0.051643233151838,0.0525115042606591,0.053132268023209,0.0535207722054917,0.0540024790277727,0.054479112883188,0.0548469935243736,0.0556958033578242,0.056333878850185,0.0590452618711617,0.0625062628771278,0.0641231127254898,0.0649969177250463,0.0650318824580513,0.0666054446140634
2025-09-30,0.0514091306819076,0.0520134058380699,0.050937248795072,0.0514247857421893,0.0522894274937359,0.0529025209465516,0.0532217176872094,0.0537842820873239,0.0542621677478193,0.0546308864707179,0.0554814398413629,0.0561843508045182,0.0588544094903442,0.0623033785064021,0.0639444494697109,0.0647896933806212,0.064910741137944,0.0664722435471122
2025-09-29,0.0508660983291895,0.0517661170844422,0.0507928482466434,0.0513867900166979,0.0522908725867417,0.0529048085954323,0.0532242394746501,0.0537853331439119,0.0542630041284192,0.0546321430248037,0.0554829670038512,0.0561878866967227,0.0588738686986977,0.0623014553995406,0.0639424132298863,0.0647190719253622,0.0649309696028769,0.066485315054057
2025-09-26,0.050866098329185,0.0517697569076059,0.0504943710160835,0.0513796791407653,0.0520634578746019,0.0526825020511795,0.0528457070916124,0.0533355276748371,0.0538847290818294,0.0542605606650815,0.0551103688148155,0.0558235776620846,0.0585119621868597,0.0619357900657152,0.0635674119406133,0.0643299531972825,0.064576172155344,0.0661206001179724
2025-09-25,0.050866098329185,0.0517697569076059,0.0504943710160831,0.051386790016698,0.0520701714116017,0.0526825020511791,0.0528505864376136,0.0533328283406515,0.0538821059174163,0.0542587222959634,0.0551083252509434,0.0558232034062727,0.0582711806725828,0.0619687362793872,0.0634973771981592,0.06427475192223,0.0645874736366735,0.0661669735623469
2025-09-24,0.050866098329185,0.0516917830320488,0.0504173338161171,0.051206290602831,0.0519933974563723,0.0524609803192639,0.0527839156110151,0.0531857273753489,0.0538883722321433,0.0542697427004307,0.0551099084901222,0.0558305069749816,0.0584027964855316,0.0619970082772419,0.063145095937564,0.0640325713132669,0.0642857358671246,0.0661003704721406
2025-09-23,0.050866098329185,0.0516917830320488,0.050118772732848,0.0509117215979123,0.0516958577580941,0.0520937961502007,0.0524878718693187,0.0529011947645354,0.0535923918052747,0.0539743760458006,0.0548175132577218,0.055614564834114,0.0581036437464869,0.0617875465595565,0.0629321544299476,0.0637760499203576,0.0640813558922625,0.065886807877477
2025-09-22,0.0505402436248998,0.0516881541179075,0.0504173338161171,0.0512062906028309,0.0519942596056917,0.0524611235588975,0.0527839156110148,0.0531857273753486,0.0538888705575675,0.0542695065417353,0.0551128051096776,0.0558316835434555,0.0582444053860184,0.0620117925273864,0.0631544668404798,0.0639288216196666,0.0643236002237062,0.0661265394803511
2025-09-19,0.0505402436248998,0.0520134058380579,0.050051346485978,0.0509047404860193,0.0516229179364226,0.0520909808364877,0.0524842144037703,0.0528999232640299,0.0535936867383861,0.05397031609641,0.0548181623515983,0.0556176396584932,0.0581554558911314,0.0618600745638873,0.0629928993656031,0.0637799601826883,0.0642561382419713,0.0660453505443177
2025-09-18,0.0505402436248998,0.0520134058380706,0.0500513464859647,0.0509117215979121,0.0516295183384909,0.0520909808364312,0.0524890327762879,0.0528972819881576,0.0535910629681988,0.0539684910257682,0.0548159619712212,0.0556172520468574,0.058082075461966,0.0618997795252643,0.0629575535581771,0.06378819031655,0.0642624346586868,0.0660496361632046
2025-09-17,0.0505402436248998,0.0520134058380706,0.0500513464859647,0.050911721597912,0.0516295183384909,0.0520909808364312,0.0524890327762881,0.0529011947645352,0.053594940118885,0.0539716517569841,0.0548142293713261,0.0556151854561555,0.058029971941721,0.0618726381285108,0.0629034222455145,0.063777509044923,0.0642326798548425,0.0661325507571199
2025-09-16,0.0500464739291446,0.0520134058380706,0.0499742837541366,0.050911721597912,0.0516308154297859,0.0520909808364312,0.0524903596733848,0.0529011947645352,0.0535956910645192,0.0539714900281786,0.0548181273279719,0.055613595473635,0.0581873663971184,0.0618920001233054,0.0629004116792434,0.0637650069127149,0.0641565698685838,0.0660446532621443
2025-09-15,0.0500464739291219,0.0520097318223288,0.0499742837541351,0.050911721597912,0.0516308154297858,0.0520912018296663,0.0524903596733848,0.0529011947645352,0.0535956910645192,0.0539714659722962,0.0548179780809644,0.0556163548696446,0.058174929567693,0.0618813631538516,0.062889459700272,0.0637548011713691,0.0641978266302535,0.0660787799623608
2025-09-12,0.0488216627194088,0.0493121303497708,0.0494539941011892,0.0505341308246664,0.0512530375005006,0.0515925268192889,0.0520474724481412,0.0525297208550238,0.0532336564854287,0.0536143147982388,0.0545402349712438,0.0553267129480852,0.0578741788575578,0.0617451137384698,0.0626754752614954,0.0634275940884615,0.0638765418158819,0.0657126460920275
2025-09-11,0.048821662719407,0.0493121303497525,0.049453994101188,0.0505410114937176,0.0512595591135723,0.0515925268192863,0.0520133405612537,0.0525269837203159,0.0532310618715426,0.0536124961840572,0.0545393852025493,0.0553262938792218,0.0578007873533665,0.0617171169958423,0.0626241483466972,0.0634049436043805,0.0639023872474439,0.0656415920801695
2025-09-10,0.0487821464526441,0.0491071928750904,0.0492901572981228,0.0501986955327465,0.0507986290323316,0.051130079305921,0.051568966230959,0.0521693463732471,0.0528452451723359,0.0532351599895669,0.054205704601906,0.0549224950001203,0.0575359392415427,0.0612808209590391,0.0620933368848284,0.0628984734597697,0.063565111712869,0.0652800987886201
2025-09-09,0.0486438364530405,0.0491071928750904,0.0492901572981228,0.0501226094032101,0.0507221319359214,0.0510526986192349,0.0514911934301338,0.0520933331909421,0.0527000774444081,0.0531581594355173,0.054061536474583,0.0547645112623824,0.0572664254171891,0.0611254216885651,0.0619233449962483,0.0627279942610855,0.0634270625094045,0.0651347278133212
2025-09-08,0.0486438364530414,0.0488794669079854,0.0491455787384745,0.0498277209592512,0.0504338891545248,0.0507257623115798,0.0511630695060383,0.0520231620185861,0.0526299557549374,0.0531005158478832,0.0540746991707802,0.0547756672003292,0.0573535729475069,0.061222913476098,0.0619804206627328,0.0627992187100345,0.0635153701810449,0.0652201499122125
2025-09-05,0.0492266820089074,0.0486582094263124,0.0489913443737999,0.049535648602998,0.0501282630261796,0.0502728520469996,0.0507819444080254,0.0516585449254191,0.0524889955815006,0.0529556065428344,0.054089946012393,0.0547953518795176,0.057367252185274,0.0612199798097421,0.0619660398211212,0.0628100825372584,0.0635227352819417,0.0652251736238939
2025-09-04,0.0492266820089127,0.0486582094263115,0.0489913443737994,0.0495422622251527,0.0501344887881553,0.0502728520470015,0.0507864310914368,0.0516561882209491,0.0524865433571834,0.0529538105215035,0.0540876869244266,0.0547952764825544,0.0573672942563955,0.0614107887307643,0.062088969463956,0.0627654960927762,0.063488572520458,0.0652009413944429
2025-09-03,0.0492266820089127,0.0486582094263115,0.0489913443737994,0.0495422622251527,0.0501344887881552,0.0502728520470015,0.0507864310914368,0.051659932906241,0.0524902933932367,0.0529569225405802,0.0540859652731328,0.054792877203133,0.0575450866334959,0.0616778496023649,0.0622238453958572,0.0628618586770264,0.0636725620024719,0.0652058242104779
2025-08-29,0.0490982762510463,0.0484892349304606,0.0489142205188364,0.0494496468117677,0.0499885297731924,0.0502032499220636,0.0507054456575816,0.0515831768512462,0.0524171450345649,0.0528904423678585,0.0540125636812776,0.054728855675489,0.0575105808051445,0.0616750368593959,0.0621718898913528,0.062783656338273,0.0635971013941476,0.0651308324802911
2025-08-28,0.049104854170767,0.0476663698206157,0.0488467334961088,0.0490282310673911,0.0493125636581331,0.0497259093501134,0.0503414862728099,0.0509963620730484,0.0520610925871663,0.0526443282766101,0.0539041195961017,0.0546782465713288,0.0575553958835525,0.0616116628382136,0.0621695386364785,0.0629132487318105,0.0635151691316893,0.0650831265522224
2025-08-27,0.049104854170767,0.0477408822957214,0.0489142205188362,0.0490282310673542,0.0493185741362422,0.0497229264103025,0.0503403733981923,0.0510000046984524,0.0520588762451232,0.0526425311047707,0.0539016415144326,0.0546760081018587,0.0576811411531324,0.061691943387646,0.062222059673087,0.0629948205124531,0.0636287251972814,0.0651499405379356
2025-08-26,0.0487295107326029,0.0477408822957214,0.0489142205188362,0.0490282310673542,0.0493195335500164,0.0497281376390375,0.0503403733981923,0.0510000046984524,0.0520631552443754,0.0526403073454558,0.0539046308848569,0.0546744255053242,0.057733994340624,0.0617325180373159,0.0623220173692576,0.0629117970128708,0.063705984464616,0.0651314673507141
2025-08-25,0.0488579216944487,0.0477408822957214,0.0486924646511523,0.0490282310673542,0.0493192053089558,0.0497281376390375,0.0503440304162388,0.0510000046984524,0.0520629616523684,0.052643383092711,0.0539069881789939,0.0546771774148163,0.0578472424617601,0.0615294890591735,0.0625316521069716,0.0630894879231875,0.063694324625799,0.0652228441907965
2025-08-22,0.0482292361055013,0.0471422777657709,0.0481813219251914,0.0485139355456262,0.0492504226173831,0.0497331748612396,0.0503480323191282,0.0510116390524441,0.0520661977093106,0.0526461319889875,0.0539129535336781,0.0546867889764376,0.0575823093353388,0.0610846821634069,0.0631142422884496,0.063609128373966,0.0640169674952028,0.0654102777137548
2025-08-21,0.0481170320368686,0.0471392577507274,0.0481813219251922,0.0484377211162942,0.0492477667396969,0.0497305111069944,0.0503524621676082,0.0510117888296567,0.0520649092092164,0.0526461994986045,0.0539106012900664,0.0546884094954434,0.0568091875358827,0.0599752423348482,0.0627638509826468,0.0634407122820996,0.0641713387387032,0.0655567759465465
2025-08-20,0.0479885970923095,0.0467262163838485,0.0478436676773549,0.0481804545247534,0.0491771482664102,0.049576342712319,0.0502802026812829,0.0510222160923456,0.0520648304715117,0.0526517977189581,0.0538854233698907,0.0546104907813562,0.056785653290955,0.0598285016595244,0.0623363871354318,0.0632164662627348,0.0640115547360582,0.0652737403680917
2025-08-19,0.0478700380684212,0.0467232494830188,0.0478436676773546,0.0481804545247533,0.0491774504767498,0.0495815054217917,0.0502802026812828,0.0510222160923456,0.0520687369150469,0.0526495403910548,0.053888434172912,0.0546089025742329,0.0567547160232575,0.059775530449019,0.0624182774364968,0.0632771885869926,0.064069795979083,0.0653302173435657
2025-08-18,0.0479293180232328,0.0465641010662092,0.0476989326057714,0.0480375000364501,0.0490330043621205,0.0495826746159488,0.0502825875924258,0.0510259633936052,0.0520729345314738,0.0526533863842832,0.0538899222433353,0.0546143538737355,0.0569113853317336,0.0599305134229135,0.0623871034688285,0.0633255408879816,0.0641699877271409,0.0653789307783964
2025-08-15,0.0474291522109217,0.0465552640083974,0.0476989326057735,0.0480312789409161,0.0490312522972146,0.049582742010622,0.050278150017291,0.0510244566871273,0.0520740771131903,0.0526529573688178,0.0538901766958238,0.0546145721225656,0.0570696614278869,0.0600498245651958,0.0624960496926813,0.0633494180723197,0.0640977975898889,0.0653255081634313
2025-08-14,0.0474352913331348,0.046552319314165,0.0476989326057735,0.0479612492858221,0.0490283034087846,0.049580100741948,0.0502825875924258,0.0510242433916643,0.0520726622552507,0.0526530571285307,0.0538877580791026,0.0546159736936202,0.0571438707380594,0.0601777299491533,0.0626099484403726,0.0635715148257823,0.0642106056847977,0.0654437349085727
2025-08-13,0.0477415951276364,0.046295549313979,0.0474866261548466,0.0476847915654106,0.0488410625886649,0.0493382454307849,0.0502471655724588,0.0509179857181125,0.0520357674908096,0.0526214639399947,0.053849791173164,0.0546232412707461,0.056951160359307,0.0603256465549352,0.0624150862049498,0.0633342484141048,0.0641003565037571,0.0654835977508416
2025-08-12,0.047870038068422,0.0465104627546592,0.0474673238965799,0.0477419959854212,0.0487541408041711,0.0493415772642406,0.0502474834461415,0.0509164892042945,0.0520418902744229,0.0526179840895135,0.0538530206751525,0.0546205673754965,0.0569613931583064,0.0602457876167481,0.0623988628970609,0.063442101443219,0.0642329441443204,0.0654929427614259
2025-08-11,0.0481170320368669,0.0465788394214076,0.0475445312576989,0.0478182634554751,0.048753516806217,0.0493409947553068,0.0502462120075373,0.0509144941258089,0.0520415179063703,0.0526207144248932,0.0538520025130976,0.0546219176589711,0.0570945789578946,0.0605020925257502,0.0625504462987504,0.0635670959607616,0.0643283472962261,0.065617368931437
2025-08-08,0.0479823142201106,0.0468005119566238,0.0475445312576991,0.0480312789409061,0.0488181961567296,0.0494164854945071,0.0502417750508178,0.0509073503444765,0.0520400259169303,0.0526164400949087,0.0538523572068444,0.0546180410237155,0.0570097057212591,0.0603605104842943,0.062452333167331,0.0634825231678438,0.06425873554848,0.065544110472888
2025-08-07,0.0469906147087813,0.0462018198842666,0.0470812201995166,0.0475036226438173,0.048471456611077,0.049157435119378,0.0500300108922962,0.0506552716563106,0.0519025483555451,0.0525488796683415,0.0538229249723968,0.0546780986632474,0.0571140263907709,0.0604712014641604,0.0626215757859044,0.0635606514352486,0.0643896295153546,0.0654715388997192
2025-08-06,0.0459528420530163,0.0457190755635563,0.0465598032775372,0.0471793436849218,0.0483258760268952,0.0490137904042884,0.0499704251132993,0.0505989863265267,0.051827147229161,0.0524753622050547,0.0537494307427853,0.0546140330966904,0.0575636613830162,0.0609237348681559,0.0627076424326411,0.0638285558312958,0.0645866469562391,0.0657213574381794
2025-08-05,0.0454585691719302,0.0456408967319321,0.0464921973041341,0.0471030274686428,0.0482597273681761,0.0488645119637508,0.0498936586899939,0.0505227970898904,0.0517153152430569,0.0523690829441233,0.0536058821524485,0.0544959575987296,0.0574380127975372,0.0607754184483041,0.0625963619485262,0.0636469123636016,0.0643920575894583,0.0658663500430644
2025-08-04,0.0450631065258124,0.0453379246542567,0.046337656526777,0.0471030274686427,0.0482607165742947,0.0488670681312052,0.0498961862272578,0.0505227970898904,0.0517159079828486,0.052373834569221,0.0536074734830975,0.054498761350334,0.0574778442434144,0.060849988508853,0.0626439537472521,0.0637505596108836,0.0644765321665526,0.0656136296615668
2025-08-01,0.0449587173435056,0.0454133115858006,0.046406179435315,0.0471733411537788,0.0483254882578797,0.0488664742052021,0.0498911850807817,0.0505195778428188,0.0517145500908805,0.0523729800148723,0.0536075768466527,0.0544976769662514,0.05747844346946,0.0608368931143293,0.0626466441830404,0.0637376134878731,0.064480068876344,0.0656158814616849
2025-07-31,0.0445687227787052,0.0452639339822189,0.0462487912283236,0.047103027468642,0.0482561594645422,0.0488652772553217,0.0498983478943227,0.050519125514957,0.0517156815057931,0.0523739918306348,0.0536067999692439,0.0544988492136771,0.057468802915438,0.060882647418404,0.0627649544778077,0.0638350705809236,0.0645753177625013,0.0657094554368514
2025-07-30,0.0447664836703391,0.0452695051998809,0.0462458953815186,0.0471030274686428,0.0482614586091195,0.048862564066603,0.0498974954519538,0.0505227970898904,0.051712626427605,0.0523723771658878,0.0536065594213693,0.0544966147461403,0.0574060848715287,0.0608901842862276,0.0626094452750661,0.0637446042436658,0.0645019816433713,0.0656349005063941
2025-07-29,0.045161975882935,0.0454161154268983,0.0464120120899566,0.0471030274686428,0.0482604692541617,0.0488664083993943,0.0498940791715671,0.0505227970898903,0.0517157597867481,0.0523692154780366,0.0536024911755364,0.0544950078514254,0.0573856780346585,0.0608812107488532,0.0624532464062433,0.0637511264831223,0.0645364679550925,0.0656593624558121
2025-07-28,0.0451125415123589,0.0452499563508927,0.0462961159499703,0.04706486717633,0.0482413386164384,0.0489065750962402,0.0498959856994672,0.0505237875924202,0.0517164021041124,0.0523719677006502,0.0536068033010552,0.0544985262648176,0.057530713334986,0.0610929781964174,0.0626712017758857,0.0639647905345902,0.064682000598166,0.0657000089517018
2025-07-25,0.0450081414470813,0.0453155846474304,0.0464418791620558,0.0471351934026742,0.0483157311202998,0.0489835758699888,0.0498919913709156,0.0505205289295463,0.0517147644023931,0.052368654487997,0.0536055593827239,0.0544974144424387,0.0575312972513011,0.0611023774095728,0.0627321710443634,0.0639513609612686,0.0646705563927771,0.0656919108590522
2025-07-24,0.0447170443716148,0.0452443899252613,0.0463733811636385,0.0471030274686441,0.0482365400701386,0.0489816906355065,0.0498903085448063,0.050519125514957,0.0517160145006502,0.0523692768042942,0.0536062003336864,0.0544979206025205,0.0575945887208088,0.0610959451656328,0.062936448956266,0.0640595122391822,0.0645088485445906,0.0656757763452393
2025-07-23,0.044519281015501,0.0451326592111761,0.0462574816625051,0.0470267054277542,0.0481657998259738,0.0489799820143328,0.0498966212839072,0.0505247781725125,0.0517158306256555,0.0523684259042865,0.0536049393782312,0.0544970957480796,0.0579206797932087,0.0613613938511249,0.063281335103496,0.0643122770347901,0.0645947837264776,0.0658332578999159
2025-07-22,0.0439259317926687,0.044722064593712,0.0459290449718434,0.0466640961638861,0.0479458111064577,0.0487656487681434,0.0496780763381796,0.0502312025728797,0.0514311675697609,0.0519878842299781,0.0532246117719191,0.0541309814445145,0.0573791749393282,0.06102462092601,0.0627306164909421,0.063855118114389,0.0642208835691335,0.0656418402339578
2025-07-21,0.0436292239007175,0.0447220645937117,0.0459290449718433,0.0466640961638859,0.0479465485331473,0.0487656487681433,0.0496780763381795,0.0502312025728794,0.0514316099133445,0.0519909178154647,0.0532275612731893,0.0541337438579951,0.0573875270867031,0.0610232529241929,0.0627167571844926,0.0638846615191439,0.0642157542637786,0.0656371426772058
2025-07-18,0.0436240286955493,0.0446802415288754,0.0458846969982029,0.0466200554983351,0.0479052402196792,0.0487273273770521,0.049638100746073,0.0501918432535383,0.0513938381972795,0.0519621764264638,0.0531996883128524,0.0540959312220343,0.0572775172343392,0.0609679873956163,0.0626513040482293,0.0638037516401421,0.0642017945137441,0.065614945989154
2025-07-17,0.043925931792664,0.0447166267969474,0.0458904000368973,0.0466259191178301,0.0479015778228036,0.0487245335659235,0.0496353867776863,0.0501894564707373,0.0513919773110114,0.0519622227473244,0.0531996065699921,0.0540956796496065,0.0571726640056045,0.060830149074753,0.0626647360299998,0.0637404464876591,0.0640728370009025,0.0656276072276392
2025-07-16,0.0439259317926684,0.0447220645937119,0.0458904000368973,0.0466259191178301,0.0479072908949041,0.0487218134394549,0.0496397600969157,0.0501930917938097,0.0513891704235258,0.0519607025809766,0.0531970708492393,0.0540935136980008,0.0576131146864665,0.0612422752103225,0.0626029488797273,0.063954161607037,0.0645500223170962,0.0660957684655517
2025-07-15,0.043728128996921,0.0446438464585382,0.0458131068035542,0.0465495606529802,0.0478403684118636,0.048649990851046,0.0496410250962151,0.0501950607080675,0.0513951274147854,0.0519611385602415,0.0531962452250605,0.0540933510616694,0.0575831330083466,0.0612801442023492,0.0625522342169144,0.0639214554814398,0.0646026866080829,0.0661394684871484
2025-07-14,0.0432039038886746,0.0445362914865357,0.0457454715452663,0.0465495606529798,0.0478416684389495,0.0486508944167961,0.0496421320933303,0.0501950607080674,0.0513959084646492,0.0519647563200634,0.0531999513807726,0.0540961105451803,0.0575809818092479,0.0612684749762783,0.0624795297677025,0.0637564250264873,0.0645153071744525,0.066071925966913
2025-07-11,0.0430900247542953,0.0442304904302743,0.0456625216482671,0.0464673707897356,0.0478391603687495,0.0486535690214873,0.0496418132792016,0.0501958144469168,0.0513966412173884,0.0519660169952696,0.05320125568738,0.0540978606208919,0.0567557151087008,0.0604313474285967,0.0616866161704039,0.0629718650732595,0.0637326820666294,0.0652809128449457
2025-07-10,0.0430950937705273,0.044233150641378,0.0444404050898793,0.0464731963570694,0.0478362327950954,0.0486509116783459,0.0496590563525211,0.0501933838477914,0.0513952423696788,0.0519661469857813,0.0532149556508973,0.054097565212365,0.0576672197239562,0.0612929909848289,0.0625090798318297,0.0639516519756327,0.0645800607409468,0.066141452908203
2025-07-09,0.0430950937705273,0.044233150641378,0.0444404050898793,0.04662591911783,0.0479863970217585,0.0488422068447708,0.0498096346224325,0.0503494759935796,0.0515360282789456,0.0521075954849476,0.0533573403224882,0.0542377785035273,0.0579779687946667,0.0615467201039186,0.0627957980287952,0.0641390804260145,0.0648070671824489,0.0663751365459404
2025-07-08,0.0429862806680678,0.044233150641378,0.0444404050898793,0.0464063728141598,0.0479866677365296,0.0488473131929859,0.0498096346224326,0.0503551559958835,0.0515399044067751,0.0521050858639478,0.0533556235555254,0.0542402820977845,0.0578447683506169,0.0613812056477614,0.0626818998817479,0.0640109769806153,0.0646796043213696,0.0662465155151257
2025-07-07,0.0429862806680678,0.0441940323190615,0.0444404050898793,0.0464063728141558,0.0479866677365295,0.0488476432471306,0.0498096346224326,0.0503551559958835,0.0515399044067751,0.0521083508464929,0.0533586179291499,0.0542430629418048,0.0579790143961793,0.0614923063587034,0.0627907459903417,0.0641333346169224,0.0648189148966279,0.0663828549955423
2025-07-04,0.0426350745761008,0.0444162696163801,0.0458074228490509,0.0469158154336066,0.0481291955520657,0.0488459333789182,0.049785478190028,0.0503407856591073,0.051536717250164,0.0521067810868833,0.0533435662617547,0.0542338887251018,0.0579743995159725,0.0614976115487611,0.0627877186226139,0.064130352799259,0.0648154977562345,0.0663802641771185
2025-07-03,0.0424421703852356,0.0444135875253751,0.0458904000368975,0.0469217531094045,0.048126686378733,0.0488435946591386,0.0497814127501907,0.0503381779978097,0.0515355418401875,0.0521070965085897,0.0533425782953231,0.0542334837998637,0.0579742285028649,0.0614852489835904,0.0627895300667994,0.0641454881240284,0.0648125104147106,0.066377979854036
2025-07-02,0.042541105078152,0.0444109058654077,0.0458904000368973,0.0469217531094045,0.0481322231722751,0.0488412089351175,0.0497858180116409,0.050341824384867,0.0515326168968149,0.0521057609240338,0.0533400105199393,0.054231310826786,0.0579744211933728,0.0614532153602484,0.0627439803895704,0.0640185903649297,0.0648610657405812,0.0664130959644648
2025-07-01,0.0430357415391545,0.044525507453789,0.0458904000368973,0.0469217531094045,0.0481309886759205,0.0488453703529034,0.0497858180116408,0.0503418243848669,0.0515355830010811,0.0521027480050041,0.0533383109992714,0.0542297251388101,0.0579749973059075,0.0614310175486095,0.0627586012775145,0.0640459341266721,0.0648530725680032,0.0664080896807297
2025-06-30,0.0427389670628996,0.0445389885811216,0.0458932522631381,0.0469217531094045,0.0481317293365652,0.048844793249885,0.0497866191564749,0.0503418243848669,0.0515360264473617,0.0521052230687336,0.0533413388098152,0.0542324867400499,0.0579937993943052,0.0614512630969397,0.0627168811364434,0.0640502676475098,0.0648577767476649,0.0664101602960629
2025-06-27,0.0425361653095538,0.0441913767935133,0.0458546014323319,0.0469444326956905,0.0480909217267736,0.0488066790447098,0.049753629707844,0.0503009303785699,0.0515379717767476,0.0521088700322911,0.053343232114057,0.0542338372561852,0.0580589674676935,0.061681786036646,0.0628319739114662,0.0642065147800403,0.0647571551179866,0.0664069618939108
2025-06-26,0.0421453515028427,0.0441184399491566,0.0458546014323317,0.0469503775613674,0.0480889148040845,0.048804427852517,0.0497580399240424,0.0502983584498129,0.0515370744725113,0.05210764069789,0.0533406553490155,0.054233429643878,0.058058794429615,0.0617033004402991,0.0628296091502891,0.0641213619683103,0.0647795724779176,0.066422576113008
2025-06-25,0.0413042440563079,0.0440499701506623,0.0457096508646362,0.0468072471072577,0.0479523288842332,0.0486162414162817,0.0496046066613608,0.0501493248410921,0.0513919407135464,0.0519627722356285,0.0531959581097522,0.0540887583057404,0.0579057170447541,0.0615288056070841,0.0626779601937688,0.063982672213772,0.0647063472648561,0.0663610915897958
2025-06-24,0.0411063105042202,0.0438934589272526,0.0456323374690988,0.0465113792339437,0.0478757680355595,0.0486175437049138,0.0496058638750891,0.050156947018797,0.0513981873882814,0.0519671207676482,0.0531997696844575,0.0540926822334606,0.0580568269200469,0.0617102756632883,0.0627558181014132,0.0640359168745847,0.0647127013192611,0.066378330890748
2025-06-23,0.0411063105042202,0.0440499701506604,0.0457772964185184,0.0468835858987759,0.0479528211438693,0.0486937909889534,0.0496035067208668,0.0501473585783345,0.0513959280201854,0.051963798091994,0.0531980078243156,0.0540885060330123,0.0579031849617629,0.0614942243768295,0.0626437421075194,0.0638674455122036,0.0646834200894027,0.0663321502983101
2025-06-20,0.0412006435594715,0.0437415142287182,0.0457772964185214,0.046877657803145,0.047949849309739,0.0486942802070112,0.0495991266559103,0.0501463106303377,0.0513963004460298,0.051966098484047,0.0531984166258158,0.0540889380800583,0.0578942863776703,0.0615278686096913,0.0626298912316331,0.0638679380074062,0.0647164444469434,0.0663613288674223
2025-06-19,0.0411063105042207,0.0440499701506625,0.0457772964185214,0.0468835858988505,0.0479470680621067,0.0486887057583028,0.0496035067208667,0.0501437493632495,0.05139491456343,0.0519627324505316,0.0531958853823722,0.0540885272390304,0.057862627777794,0.0614732600541308,0.0625905830265245,0.0640511843636198,0.0646144208287129,0.0661643825597229
2025-06-18,0.0413042440562869,0.0441966882694075,0.0457772964185214,0.0469503775613675,0.0479523288842312,0.0486925682620252,0.0496035067208667,0.0501456383510048,0.0513919407135376,0.0519595094458391,0.0531941934784339,0.0540851512985492,0.0575997611724552,0.0614650934915057,0.0625744363141427,0.0637669957009866,0.0646327567140608,0.0661855151768984
2025-06-17,0.041502167733921,0.0440499701506622,0.0458546014323317,0.0469503775613675,0.0479518366740092,0.0486937909889551,0.049602249784891,0.050145638351005,0.0513953379675822,0.0519637980919941,0.0531962767530859,0.0540835762135275,0.0575268896465205,0.061540103003619,0.0627659014765627,0.0639054793465544,0.0649212397544117,0.0665013425123082
2025-06-16,0.0417198723755256,0.0441966882694071,0.0459319019766313,0.0469503775613675,0.0479512952998333,0.0486925682620252,0.0496009929970156,0.050145638351005,0.0513950134891695,0.0519630099973455,0.0531952697941249,0.0540863177327324,0.0571684503891494,0.0614713366187251,0.0627527098998729,0.0638568936280199,0.0649733167318139,0.06653674305162
2025-06-13,0.0417942654914394,0.0443380489333195,0.0458546014323318,0.0469444326956903,0.0479483764464173,0.0486893180081443,0.0495978736478594,0.0501445873721901,0.0513953936531076,0.0519628928017207,0.0531965434626111,0.0540867456098792,0.0571909550028468,0.0612874313905486,0.0627755186865062,0.06385776262403,0.0649875848368742,0.0665465931032218
2025-06-12,0.0419969337338316,0.0443433955963549,0.0458546014323317,0.0464731963570623,0.0479448629332972,0.0486862693784524,0.0496022497848911,0.0501542927615541,0.0513938427873026,0.0519611576561786,0.0531940114382359,0.0540952390086857,0.057091704714121,0.0611989131613971,0.0627866250465612,0.0639179074746511,0.0649900462203941,0.0665481312312809
2025-06-11,0.0419969337338302,0.0443433955963546,0.0458546014323317,0.0469503775613218,0.0479506063646068,0.0486913457172073,0.0496022497848911,0.0501456383510049,0.0513909108088062,0.0519587231910301,0.0531923214296015,0.0540842079662066,0.05706526540853,0.0610740735785932,0.0627746621119946,0.0639175222133556,0.0650041672883237,0.0665591080622448
2025-06-10,0.0418584054732388,0.0443433955963546,0.0458546014323317,0.0469503775613674,0.0479509508201178,0.0486913457172073,0.0496022497848911,0.0501456383510049,0.0513948070215702,0.0519622220201821,0.0531952632010853,0.0540826337681173,0.0570448322530234,0.0611327905274542,0.0627564794156825,0.0640137077879726,0.0649418316989565,0.0665551530038602
2025-06-09,0.0423927021135857,0.0444998715185959,0.045970550572876,0.0469503775613674,0.0479496223393517,0.0486900418700836,0.0496003646586074,0.0501456383510049,0.0513940107824889,0.0519613816406727,0.0531938252287045,0.0540853735260364,0.0570951501822351,0.0609808663942118,0.0627090108465512,0.0638689917059471,0.0650080303890685,0.066600564638518
2025-06-06,0.0424867097314574,0.0445629250390835,0.0461154728593971,0.0470207413692239,0.0479466329939106,0.0486873621311329,0.0495936458355156,0.0501425238193753,0.0513943211485141,0.0519616296744704,0.0531926184057728,0.054084307848016,0.0569491308218287,0.0606431184549673,0.0626778192213205,0.0637837790037697,0.0649015579340917,0.0664691426192718
2025-06-05,0.0424916380400852,0.0446465565475254,0.0462603794389328,0.0471030274686427,0.0480880549265063,0.0488387908510021,0.0498195689487381,0.0502162692484222,0.0514575873498136,0.0520241131908353,0.053250703692702,0.0541499988732387,0.0571200150607731,0.0609245398592449,0.062930559291335,0.0640606134957559,0.0651933684413772,0.0667597322593491
2025-06-04,0.0427587527186579,0.0447247841521982,0.0462603794389328,0.0471030274686428,0.0480931624721484,0.0488432401485406,0.0498195689487384,0.0502198789217565,0.0514545581216209,0.0520212509705812,0.0532490199132639,0.054147979874015,0.0570364903193608,0.0607762961233255,0.0627589887023588,0.06403364516017,0.065261013046648,0.0667172173671716
2025-06-03,0.043253362046768,0.0447247841521978,0.0462603794389328,0.0471030274686428,0.0480919291299012,0.0488432401485406,0.0498195689487384,0.0502198789217565,0.0514575111796091,0.0520247485366402,0.0532519487417257,0.0541464048271643,0.0568380790400512,0.0603895219262934,0.0625530517601409,0.0638399524779332,0.0649961743698792,0.0664782672510655
2025-06-02,0.0434486118241614,0.0450963233805551,0.0465598032775371,0.0472461155968649,0.0482426453582383,0.0489854952812318,0.0499704251132993,0.0505190833960387,0.0516897469823764,0.0522465607715306,0.0534730417826727,0.0542962522011881,0.0568700149764188,0.0603926868135214,0.0626943771938856,0.0639907784673979,0.0651798807492624,0.0666548770573305
2025-05-30,0.0434408841969212,0.0450907943170544,0.0466282298955408,0.0472400961975293,0.0482340984780365,0.0489856056321134,0.0499667492500593,0.0505177592305468,0.051691030574677,0.0522469871553278,0.053472531942206,0.0542965038062657,0.0568714312962395,0.0603240800702607,0.0626433890734291,0.0639117516692738,0.0652209723521699,0.0666835675462858
2025-05-29,0.0434511885138654,0.045312793273061,0.0466252864953204,0.047246115596865,0.0482309866718839,0.0489813527719639,0.0499658100159234,0.05051542196781,0.0516893758113504,0.0522462483290547,0.0534722207613477,0.0542962972252301,0.057049316031093,0.0604530708820223,0.0628095456218715,0.0641300604774352,0.0654523852429333,0.0669100704696572
2025-05-28,0.043579770427982,0.0452890538562189,0.0452318441665388,0.047246115596865,0.0482451719923316,0.0489786638712261,0.0499875923383516,0.0505190833960389,0.051685395629353,0.0522447113488857,0.0534890735629209,0.054294137196757,0.0569866344183482,0.0605280262544229,0.0627799514513618,0.0642431523175744,0.0654894555528281,0.066949418094632
2025-05-27,0.0438863720224691,0.0453574726363597,0.0466282298946377,0.047246115596865,0.0482444050786939,0.0489831929845166,0.0499621710875455,0.0505190833960389,0.0516886619356848,0.052241908890867,0.0534718443175751,0.0542925597879517,0.0570708940678414,0.0604531563650128,0.0626966211696913,0.0641510627667282,0.0655030072134536,0.0668620088480884
2025-05-26,0.0436687862350783,0.0452108580749679,0.0466282298955406,0.047246115596865,0.0482449493276979,0.0489844331527113,0.0499665617456481,0.0505190833960389,0.051688987997032,0.0522462313423468,0.0534692752309591,0.054295304362675,0.0569746860323532,0.0603601844055877,0.062690138030522,0.0641549998619279,0.0655225020200949,0.0668743231366219
2025-05-23,0.0436635816217814,0.0452080794239286,0.0466282298955406,0.0472400961975295,0.0482421478230227,0.04898460022893,0.0499665617456481,0.0505177592305468,0.0516894569587442,0.0522463390443395,0.053471918190793,0.0542955585554825,0.0568505285925762,0.0602693556589995,0.0625417418839466,0.0641769178642683,0.0655682996634989,0.0669062182141694
2025-05-22,0.0436687862350782,0.0451271214956989,0.0466252864953204,0.047246115596865,0.0482449493276978,0.0489828480893376,0.0499668851243086,0.05051542196781,0.0516871271990758,0.0522471950140317,0.0534719948598203,0.0542953485147578,0.0569342011446315,0.0603619810326352,0.062609699655788,0.0642448898463511,0.0656539575206554,0.0669904925595112
2025-05-21,0.0436687862350782,0.0451326592111759,0.0466995503949241,0.0473224208943971,0.0482449493276978,0.0489799820143327,0.0499637361193524,0.050517103205084,0.0516852625540265,0.0523250371913043,0.0535516792902266,0.0543622138397572,0.057054838275831,0.0604044656076739,0.0627371396324183,0.0643970057168302,0.0658204346635876,0.0671541730377646
2025-05-20,0.0436687862350782,0.0452108580749677,0.0467255460291084,0.0472842689734434,0.0482449493276978,0.0489844331527113,0.0499224174831911,0.0504790105955287,0.0516495502971199,0.052282437578302,0.0535116069077206,0.0543326092367874,0.0570271153442519,0.0604663492345303,0.0627337146858467,0.0643671047862425,0.0657758102430959,0.0671144042485071
2025-05-19,0.0438369217549885,0.0452108580749675,0.0467225907785846,0.0472842689734432,0.0482445287663749,0.0489844331527112,0.0499270986013409,0.0504790105955286,0.0516492985411,0.0522859704047053,0.0535092710814872,0.0543353610714275,0.056962322522954,0.0604942446186351,0.0627220386609106,0.0643564715651473,0.0657839905657163,0.0671187540969339
2025-05-16,0.043831677063609,0.0452080794239285,0.0466847948154654,0.0472782399251899,0.0482417190551756,0.0489845846032579,0.0499284353461896,0.0504777092653226,0.0516497491301149,0.0522860681131789,0.053512840327513,0.0543356274626429,0.0569323564833051,0.0604734979913567,0.0627287901421744,0.0643601074634717,0.0657855105817356,0.067119593641815
2025-05-15,0.0438369217549879,0.0452053012273784,0.0466818451868227,0.0472842689734433,0.0482387316558807,0.0489821717811621,0.0499287351202973,0.0504753598756234,0.0516482105119102,0.0522865052864798,0.0535129010277126,0.0543354033751956,0.0569427691562493,0.0604716126618624,0.0627041385942103,0.0643929550579937,0.0658328349862379,0.0671617194399224
2025-05-14,0.0444401729127617,0.0452499563508958,0.046707821976626,0.0472842689734433,0.048243019988598,0.0489789933872718,0.0499262679263499,0.0504790105955285,0.0516446808699501,0.0522846614367727,0.0535130073837194,0.0543332428132053,0.0569428991553814,0.0604732891523369,0.0627520535033318,0.0643681606381512,0.065828047556687,0.0671594985717645
2025-05-13,0.0441138353144997,0.0453183764795206,0.0467344147634789,0.0472842689734433,0.048243836155319,0.0489835236778845,0.0499214764332988,0.0504790105955285,0.0516488839309495,0.0522818521108405,0.053509942106383,0.0543316625177856,0.0569434004896538,0.0604736121251247,0.0628006123693536,0.0643582750702694,0.0658206361690854,0.0671549946957137
2025-05-12,0.0438270316275303,0.0448491624857531,0.0467344147634789,0.0472842689734433,0.0482445535042834,0.0489874930281252,0.0499258530711495,0.0504790105955285,0.0516493133496829,0.0522879444867492,0.0535074012419924,0.054334412583314,0.0569414153871632,0.0604957455369405,0.062760205081468,0.0644056752133116,0.0658142631263757,0.0671491277499992
2025-05-09,0.0434460355415071,0.0454133115858072,0.0467730253289617,0.0473545229920429,0.0483197270760321,0.049021665175981,0.0499252102873948,0.0504756990629359,0.0516480771555996,0.0522837342549695,0.0535096060806462,0.0543332268128058,0.0569419267030311,0.0604939144784276,0.0628227292753182,0.064392947942753,0.0658029496975197,0.0671409662582102
2025-05-08,0.0433127110226916,0.0454105082053735,0.0467700637281921,0.0473605713598372,0.0483170411167157,0.049019327480813,0.0499255083113703,0.0504733868556647,0.0516467294287734,0.052284206261058,0.053509665585419,0.0543330280782151,0.0569418900275665,0.0604930019068842,0.0628232709736816,0.06439329287748,0.0658032477036677,0.0671409532579206
2025-05-07,0.0433127110226488,0.0454161154268989,0.046767102625967,0.0473605713598375,0.0483228630184224,0.0490163454722065,0.0499236008178578,0.0504770321700358,0.0516441006688066,0.0522824787306497,0.0535101382387268,0.0543308688945791,0.0568896945825595,0.0604882310400437,0.0627659775202533,0.0643526171376864,0.0658310676502664,0.0671616013646279
2025-05-06,0.0435896611718421,0.0456604417286917,0.0467730253289617,0.0473605713598375,0.0483221690833601,0.049019390331644,0.0499208356488715,0.0504770321700358,0.0516473990585178,0.0522787431591262,0.0535084570487693,0.0543292907894224,0.0570157892060934,0.0605783076908962,0.0629403943838252,0.0644657213252667,0.0659462042945315,0.067279690371556
2025-05-05,0.043738019370932,0.0456604417286912,0.0467730253289617,0.0473605713598375,0.0483217973725317,0.0490193903316441,0.0499641491454174,0.050516113225863,0.0516866127090672,0.0523220048978583,0.0535445876886269,0.054360773181804,0.0568436551475872,0.0606813364118903,0.0629748708382429,0.064499003906091,0.0659803428577807,0.0673113887297361
2025-04-29,0.0435329028135816,0.0452722914932113,0.0467759874284161,0.0472842689734432,0.0484655682523822,0.0490227801281889,0.049965034767346,0.0505180932618064,0.0516816290231532,0.0523238334805823,0.053543834385318,0.0543585030481149,0.0568360807501151,0.0606604143178155,0.0629308554079158,0.0644559099433654,0.0662298425301019,0.0675970640855366
2025-04-28,0.0435329028135821,0.0452722914932115,0.0467759874284161,0.0472842689734434,0.0484655682523822,0.0490227801281889,0.049965034767346,0.0505180932618064,0.0516816290231533,0.0523238334805823,0.0535467752150019,0.0543612526905585,0.0568759662132922,0.0606336702140011,0.062929898511601,0.0644696913383376,0.0662271152487773,0.0675936702088907
2025-04-26,0.043527730273397,0.0452695051998811,0.0467759874284161,0.04727823992519,0.0484627437861214,0.049061723448734,0.049965034767346,0.0505185330706581,0.0516821668334341,0.0523227028028814,0.0535864943694537,0.0543612988543149,0.0567830045647057,0.0606644538541178,0.0628979362477161,0.0646055848586708,0.0661967046406071,0.0675722771402616
2025-04-25,0.0435329028135819,0.0452667193629258,0.0467730253289618,0.0472752261667002,0.0484597051394953,0.0490593281432197,0.0499653580607997,0.0505169246803277,0.0516807218270263,0.0523231089866968,0.0535865709254335,0.054361616311567,0.0567832932840719,0.060663791128502,0.0628986923699966,0.0646060802026138,0.0661971228572991,0.0675723424410263
2025-04-24,0.043701064185543,0.0452722914932113,0.0467700637281923,0.0472842689734433,0.0484651538590644,0.0490564032318417,0.0499634651040346,0.0505144345388623,0.0516776707414609,0.0523213875406358,0.0535870601661634,0.0543612988997031,0.0569924550262688,0.0606998276309236,0.062926969220426,0.0644275948771568,0.066136369849559,0.0675836647469439
2025-04-23,0.0437505220708855,0.0450963233805548,0.0467759874284161,0.0472842689734433,0.0484650319853301,0.0490630168464598,0.0499606420271534,0.0505180932618064,0.0516813096452755,0.0523199958360568,0.053585336625725,0.0543591352170116,0.0566473095523717,0.0605193449554481,0.0625597753955186,0.0643931846597414,0.0662756508122816,0.0676830657539563
2025-04-22,0.0437505220708855,0.045340719344585,0.0471138244863351,0.0475036226439657,0.0487248954542482,0.049467889643474,0.0504071385431169,0.050815259059747,0.0521270506974535,0.0527262575808871,0.0539832483967446,0.0547748581130468,0.0571877677842438,0.0607657902480056,0.0631328666520885,0.0649277359263482,0.0668649289205205,0.0682694655926671
2025-04-21,0.0437505220708855,0.0453407193445859,0.0471138244863372,0.0475036226439668,0.0487248954542506,0.0494678896434811,0.0504071385431275,0.0508152590597521,0.0521270506974675,0.0527262575809002,0.0539862376909195,0.05477766084573,0.0569765711919498,0.0606383817018949,0.062980654784834,0.0648058417204995,0.0667421712741368,0.0681418598674249
2025-04-18,0.0440274749594396,0.0455598929176579,0.0471108197004124,0.0474975379740555,0.0487182866678857,0.0494636989830395,0.0504074736881296,0.0508137886771152,0.0521257219351015,0.0527255914959077,0.0539860274313006,0.0547777638802373,0.0569569763779807,0.0606391406085437,0.0629716672955381,0.0648095491855419,0.06674365430035,0.0681426603592243
2025-04-17,0.0437505220708863,0.0454971170470982,0.0471078154239589,0.0475036226439669,0.0487248954542504,0.0494613406452193,0.0504055756375573,0.0508115536996158,0.0521232639863489,0.0527242891186486,0.0539865587326051,0.0547775894868375,0.0569255800762383,0.0605848724103304,0.0629568622338541,0.0647792522233569,0.0667655131792025,0.0681578331942912
2025-04-16,0.0440274749594392,0.0455655371858002,0.0471138244863372,0.0475036226439669,0.048724209245572,0.0494659860051101,0.0504026648407108,0.0508152590597521,0.0521266406002705,0.0527214412263171,0.0539848007343978,0.0547755111614423,0.0569257569380231,0.0605978259017347,0.0628687342987721,0.0647952916598628,0.0667779274511142,0.0681678462283485
2025-04-15,0.043750522070885,0.0453700448479649,0.0470366121683063,0.0475799082956265,0.0487248954542504,0.0494676413181773,0.0503694994893783,0.0508132674351514,0.0521270506974675,0.0527260977218697,0.0539844810273033,0.0547724667966914,0.0569253278588732,0.0605861798665746,0.0629793983265522,0.0647732553801871,0.0667607846493425,0.0681565297673505
2025-04-14,0.0435329028135823,0.0453016180026912,0.0470366121683064,0.0475799082956262,0.0487254346851103,0.0495457220687948,0.0503694994893782,0.0508132674351514,0.0521273729566926,0.0527239533703911,0.0539874727076038,0.0547752651334774,0.0567979300444058,0.0606311240369632,0.0629950725390822,0.0647735784928719,0.066762632051478,0.0681562738134897
2025-04-11,0.0435329028135818,0.0455403493692772,0.0470722189960369,0.0476500646240116,0.0487195067561598,0.0495414390636479,0.0503691858951801,0.0508099216453715,0.0521263548442225,0.0527232634188857,0.0539868169229702,0.054774022827515,0.0567670404472552,0.0606322086891116,0.0629985957693813,0.0647749305824906,0.066762239289026,0.0681557500415002
2025-04-10,0.0435329028135818,0.0455459888142381,0.0470752188887872,0.0476561881282292,0.0487254346851104,0.0495384080256424,0.0503666226658942,0.0508075816445186,0.0521235854624411,0.0527215618137963,0.0539868432197811,0.054773782979643,0.0567147129583004,0.0606473585352753,0.0629768248053513,0.0647818796926891,0.066767804259128,0.0681594316935099
2025-04-09,0.0435329028135818,0.0455459888142378,0.0470752188887872,0.0476561881282289,0.0487254346851104,0.0495436494711236,0.0503643874753635,0.0508112761223121,0.0521273729566925,0.052719035793127,0.0539855045999699,0.0547716796775116,0.0567253159466161,0.0607043738778389,0.0629680214279379,0.0647757077380084,0.0665537945458121,0.0679733007929129
2025-04-08,0.0439483475140372,0.0453407193445854,0.0469980043248293,0.0476561881282289,0.0487244052954647,0.0495453904186038,0.0503701444265739,0.050811276122312,0.0521267577650808,0.0527237402351791,0.0539838979103795,0.054770075789065,0.0567989628726214,0.0607091815167029,0.0629857236374053,0.0647803968814108,0.0665426637881766,0.0679662036235871
2025-04-04,0.0437010641855525,0.0450516977320494,0.0470722189960399,0.0476500646240117,0.0487190918921772,0.0495454579755486,0.0503692755942244,0.0508099216453715,0.0521261058008718,0.0527258527093349,0.0539858511431252,0.0547730667355615,0.0567775174807792,0.0604732971116867,0.0628215530420546,0.0649128703091732,0.0666409437949992,0.0680459004829636
2025-04-03,0.0437010641855409,0.0450572172471239,0.047069219611517,0.0476561881282291,0.0487250180015489,0.049542538660092,0.0503674366988884,0.0508075816445185,0.0521233370460136,0.0527242267705638,0.0539863747130794,0.0547728262583705,0.0567356412156487,0.0606787821014807,0.0630202603179835,0.0649080386044726,0.0665761615565805,0.0679066647640552
2025-04-02,0.0432855938701958,0.0448127865401957,0.046989035488566,0.047656188128229,0.0487645425538261,0.0495789336058612,0.0504448124752706,0.0508796583619064,0.0521955951270838,0.0528412619610314,0.0541435680248385,0.0548788668937103,0.0561322946319654,0.0602900127728856,0.0625217690350336,0.064811348914,0.0670851580223603,0.0685507676631422
2025-04-01,0.0432064517877163,0.0444900921330907,0.0469860468876065,0.047656188128229,0.0487647388364178,0.0495816732479384,0.0504499451365386,0.0508796583619071,0.0521957124951955,0.0528466424807044,0.0541414650512277,0.0548772551748419,0.0562788600902692,0.060231910494092,0.0625781501144028,0.0647817417008432,0.0670773066831734,0.0685460325902272
2025-03-31,0.0432855938701988,0.044685670733381,0.0469980043248295,0.047656188128229,0.0487645425538261,0.0495800127516323,0.0504480048736294,0.0508796583619071,0.0521955951270845,0.0528455734691511,0.0541432940734798,0.0548800639708025,0.0562039917519265,0.0601820260999511,0.0625157696315641,0.0648052281202102,0.0670978733674417,0.0685589456833256
2025-03-28,0.0432482558005815,0.0441913767934857,0.0469950142070337,0.0477167876784309,0.0487629105088468,0.0495843149101139,0.0504485704132472,0.0508766382976182,0.0521971939656564,0.0528487104413572,0.0541436831941136,0.0548790546565977,0.0563298656590405,0.0603375988526194,0.0625002321545629,0.0647959945956348,0.0670733637069352,0.0685413075291856
2025-03-27,0.0432533620467676,0.0441887216926204,0.0469920245949938,0.0477229282090093,0.048759878648513,0.0495817797218997,0.0504468915319773,0.0508742099502475,0.0521956599016301,0.0528491580252525,0.0541444889564465,0.0548787483340968,0.056329764209128,0.060347906771522,0.0625727222308585,0.0647379814985051,0.0670731858535232,0.0685409263105789
2025-03-26,0.042956603849436,0.0441940323190619,0.0469980043248294,0.0477229282090093,0.0487665621308831,0.0495789228448311,0.0504435165304776,0.0508779137529528,0.0521933741118311,0.0528475643740576,0.054142400721369,0.0548766492000328,0.0564238698691076,0.0603521543746992,0.0626250035518923,0.0647471443305014,0.0670492312958669,0.0685252734405054
2025-03-25,0.042956603849436,0.0441255733987479,0.0469980043248294,0.0477229282090093,0.048766562130883,0.0495847900051679,0.0504480048736294,0.0508779137529528,0.0521971733290713,0.0528453946783925,0.0541398389024622,0.0548750395294319,0.056372080873192,0.0603347209454781,0.0625942029490085,0.0647734363033455,0.0670553502728999,0.0685304409462282
2025-03-24,0.042956603849436,0.0443993949057126,0.0469304378963387,0.0477229282090093,0.048766562130883,0.0495824435902569,0.0504491354288297,0.0508779137529528,0.0521971733290713,0.0528475048134786,0.0541440719542149,0.0548778442489562,0.0563702729639859,0.0603231205022042,0.0625458051986799,0.0647141655826807,0.0670867469623318,0.0685510389535599
2025-03-21,0.0429515672993026,0.0445140411094192,0.0469274563191634,0.0477167876784307,0.0487636937142804,0.0495816083835176,0.050449629100203,0.0508766770569843,0.0521976640812454,0.0528469667181998,0.0541444116258159,0.0548781244535472,0.0563194640453879,0.0600010084386712,0.0624936541593476,0.0646670844374041,0.0671558030037764,0.0685997419555087
2025-03-20,0.042956603849436,0.0445993268237628,0.0469244752455857,0.0477229282090092,0.0487606260344256,0.0495783965018681,0.050447844518939,0.0508742099502475,0.0521961092267592,0.0528469726814358,0.054145147428335,0.0548777896976859,0.0562045093442299,0.0599768517425736,0.062506095039382,0.0646758102316522,0.0671628842990414,0.0686045019004625
2025-03-19,0.042956603849436,0.0448491624857705,0.0469304378963387,0.0477229282090092,0.048766562130883,0.0495733300688984,0.0504446435636991,0.0508779137529528,0.0521933741118311,0.0528439474284856,0.0541431831861419,0.0548756922629754,0.0562046250092306,0.0599784382044329,0.062505004560204,0.064717175290363,0.0672900557210319,0.068530332166438
2025-03-18,0.042956603849436,0.0456604417286164,0.0469980043248296,0.0477991971332734,0.048766562130883,0.049571641789493,0.0504480048736293,0.0508759202067165,0.0521971733290713,0.052836942229521,0.0541398389024623,0.0548726442399223,0.0562981158933041,0.0599919153383071,0.0624094068364049,0.064728355465977,0.0672291644919988,0.0684761073272028
2025-03-17,0.0435797704280041,0.0463541643797408,0.0470752188887884,0.0477991971332731,0.0487649858822147,0.0494978981959315,0.0504467129542196,0.0508759202067165,0.0521962298761109,0.0528389283520089,0.0541424051659339,0.0548754445566163,0.0564111735232594,0.0601495726873269,0.0624533381530609,0.0646367206311004,0.0672189412614732,0.0684672276405492
2025-03-14,0.0430801350998041,0.046312172366263,0.0471494192781256,0.0477930371169117,0.0487634618156417,0.049498560734242,0.0504456254660515,0.0508746031052174,0.0521974999238526,0.0528393558397848,0.0541416569178085,0.0548756652570492,0.0564647578054175,0.0603910713019812,0.0625189796422918,0.0646208470927193,0.0671733585841993,0.0684348438352195
2025-03-13,0.0430852017936254,0.0463873900103259,0.0473297194095759,0.0478754602410317,0.0488661423508595,0.0496408928048061,0.0504405673384672,0.0508702340626208,0.052271590934334,0.0529837594185242,0.054330167578784,0.0551054778912097,0.0567321960804401,0.0605216706795425,0.0626546440270473,0.064773954753952,0.0674530468723613,0.0687015035292081
2025-03-12,0.0430852017936254,0.0463932401279788,0.0473357848836466,0.0478754602410317,0.0488721035490941,0.0496376252250777,0.0504378831185716,0.0508739269724834,0.0522688794835062,0.0529818693075592,0.0543285092399598,0.0551033562012206,0.0566800966561694,0.0605281276329731,0.0625715984515065,0.0647091763078759,0.0674938039581031,0.0687316105630823
2025-03-11,0.0425608917206824,0.0465397673290084,0.0473357848836466,0.0477991971332734,0.0488734328674031,0.0496415993879406,0.0504423538573112,0.0508759202067165,0.0522734821016353,0.0529785465686189,0.0543259796403629,0.0551031733269631,0.0566814444735056,0.0605966122712303,0.0626244463070826,0.0647894705557671,0.0674501541721011,0.0687016879867268
2025-03-10,0.0425608917206833,0.0459829063755621,0.0474129798001718,0.0477991971332731,0.0488734328674031,0.0495688807712198,0.0504021381342433,0.0508759202067165,0.0522734821016353,0.0529877767750926,0.0543299596950423,0.0551060165574637,0.0567004713411349,0.0606618318813405,0.062564942439042,0.0647364240275843,0.0674712253905611,0.0687148386592596
2025-03-07,0.042852666094393,0.045980032389756,0.0474099369634261,0.0477930371169118,0.0488698853296461,0.049569199610915,0.0504024516093578,0.0508744536536299,0.0522735858670729,0.0529879828109466,0.0543301763809946,0.0551061475774286,0.0566809003699189,0.0605276360778313,0.0625482188347875,0.0647709902665281,0.0674820636969741,0.0687222007148765
2025-03-06,0.0432533620467677,0.0463092573592696,0.0476962615318047,0.0478373294141599,0.048942686742719,0.0495640361716822,0.0503956926786497,0.0508712279178506,0.0522691155206258,0.0529866393909204,0.0543274438723079,0.0551052784650885,0.0569103594135783,0.0609441946475808,0.0626987058802944,0.0649714641571233,0.0673171404923879,0.0685820994562617
2025-03-05,0.0458243370276602,0.0466374461170694,0.0480400221180284,0.0482376305984877,0.0492019068221645,0.0497904626578527,0.0506109489689271,0.051020717479653,0.0524025162937835,0.0531342491410407,0.0544638396344292,0.0552506527335596,0.0569552372146772,0.0616141682621956,0.0631603018654791,0.0653740150251597,0.0673752909403473,0.0685968367711358
2025-03-04,0.0466150711857801,0.0470476445122015,0.0481557513908701,0.0482376305984878,0.0491998895250513,0.0497921945597,0.0506134816741966,0.0510207174796531,0.0524051190640979,0.0531295757348845,0.0544599539655301,0.0552490206230315,0.0573530646548211,0.0621537064120886,0.0636855097737595,0.0656525276980546,0.0675286218300907,0.0685725424711055
2025-03-03,0.0467139018752203,0.0470476445122015,0.0482232554736596,0.0483138602785506,0.0491996374198035,0.0497921945597,0.0506123489226176,0.0510187196029289,0.0524049689493133,0.0531332091202774,0.0544626574879878,0.0552504161645349,0.0574757530552854,0.0621294433326951,0.0638240974566541,0.0658699606895772,0.0673205537288056,0.0687363354933779
2025-02-28,0.0469205665807814,0.0468905859996722,0.0484706719966418,0.0482313579786857,0.049118974880333,0.0496391234057082,0.0505280375022036,0.0509407816476491,0.0523350276055736,0.0530552832612458,0.0543823781747621,0.0551756315250228,0.0576308087820431,0.0622104507585214,0.0638334899682826,0.0658111503746848,0.0671785903220838,0.0686118361488297
2025-02-27,0.0468217029598644,0.0468905859996691,0.0484706719966495,0.0483138602785518,0.049119212049161,0.0496391234056921,0.0505324931344982,0.0509369179316114,0.0523351684513914,0.0530589234930612,0.0543798074344989,0.0551727663020517,0.0576409821494203,0.0621882732734138,0.0638341715073612,0.065868081109819,0.0671796458930482,0.068498061578155
2025-02-26,0.0472962266064992,0.0473790346727523,0.0484706719966495,0.0483138602785507,0.0491180737436871,0.0496350504660704,0.0505324931344982,0.0509405956014243,0.0523344924537766,0.0530562976555909,0.0543832827210863,0.0551706803020137,0.0577249181800583,0.0622822698844805,0.0640735926286067,0.0661960236007763,0.0670447871507223,0.0684107512819579
2025-02-25,0.0475402683950695,0.0476232146499922,0.0484706719966495,0.0486091954146282,0.0491174905650967,0.0496330147452829,0.0505324931344982,0.050932869244613,0.0523341461255589,0.0530549852202074,0.0543832827210863,0.0551678857123424,0.0577204203498566,0.0623352827055496,0.0641491927506722,0.0661567305192575,0.0670298684122551,0.0684009765324978
2025-02-24,0.0475371847274556,0.0475615394720841,0.0484706719966495,0.0486091954146221,0.0491914214758969,0.0497109847832688,0.0505324931344982,0.050932869244613,0.0523321411033615,0.0530527891063272,0.0543832827210863,0.0551677480390633,0.0576984666831519,0.0623263923848436,0.0641271220120335,0.066193870176405,0.0670277544606315,0.0683981173883435
2025-02-21,0.0476619677812326,0.0476818134452358,0.0486731797938859,0.0486028265799906,0.0491941312845413,0.0497099782660261,0.0505246949756634,0.0509311703360292,0.0523316803051885,0.0530485159292385,0.0543800130756245,0.0551676664965888,0.0577415833223382,0.0624560229213288,0.0641465045164863,0.0661717360954906,0.0670107445318162,0.0683859688257619
2025-02-20,0.0477904636943347,0.0476232146499903,0.048673179793884,0.0485996429936625,0.0491938225967362,0.0497104675557432,0.0505291401298228,0.0509294012913967,0.0523314972973391,0.0530524562147257,0.0543775011478534,0.0551663238393693,0.0577422458412196,0.0624016102437551,0.0641773143301584,0.0661566871469228,0.0670142494691609,0.0682949597049801
2025-02-19,0.0482846412275433,0.047750176554277,0.0489142205188282,0.0485964599611102,0.0491926355173002,0.0497094074644137,0.0505251498072173,0.0509328560464578,0.0523307935285568,0.0530517739318766,0.0543782217132238,0.0551641010438389,0.0578575320308035,0.0624359549759492,0.0642497340192161,0.0661283791952078,0.0668369531354527,0.0681678058943014
2025-02-18,0.0480344113798112,0.0477501765542767,0.0489142205188362,0.048593277482171,0.0491932290812481,0.0497094074644137,0.0505251498072173,0.0509328528826531,0.0523311454273039,0.0530517739318765,0.0543782217132238,0.0551669101169408,0.0578565667024306,0.0623898340737005,0.0642418801849252,0.0661204253457681,0.0668461857290572,0.0681749243703877
2025-02-17,0.048396842447825,0.0474834128792771,0.0489817041352216,0.0485520223816525,0.0491893115711473,0.0497115511150785,0.0505240327796691,0.0509336766271909,0.0523309206187351,0.0530531536018446,0.054377451860336,0.0551673713965543,0.0576779232781841,0.062384866303449,0.0642446684529965,0.0661071155311677,0.0668654737490907,0.0681870856858278
2025-02-14,0.048304407090343,0.0474864775053968,0.0489142205188363,0.0485424947487574,0.0491925880401093,0.0497116093437368,0.050520717122816,0.0509319201583598,0.0523307653813562,0.0530495634037536,0.0543772610043812,0.0551672507636884,0.0576791350068839,0.0618170338069651,0.0643435337396629,0.0662934162183944,0.0669448911207843,0.0682344456667953
2025-02-13,0.048304407090343,0.0474864775053968,0.0489142205188363,0.0485710925559507,0.0491925880401093,0.0497116093437368,0.0505251498072173,0.0509302066480224,0.0523307653813563,0.0530531910782591,0.0543747564982938,0.0551659516516353,0.0578892628300274,0.0619689662597769,0.0644174035305605,0.0664424515249228,0.0669351347187762,0.0683590899372642
2025-02-12,0.0485020604789564,0.0474864775053968,0.0491552177955359,0.048532988245396,0.0491921132935238,0.0497116093437368,0.0505211609508321,0.0509348626948456,0.0523304839243697,0.0530531910782591,0.0543754726029006,0.0551645955492988,0.0581309034885701,0.0618789068728216,0.0645081954880136,0.0667993312802055,0.066527170131706,0.0677257124365323
2025-02-11,0.0485976609503604,0.0474864775053968,0.0490299046330286,0.0485329882453959,0.0491918543497876,0.0497116093437368,0.0505232349732179,0.0509348626948456,0.0523303304076862,0.0530531910782591,0.0543769020139909,0.055167407773309,0.058056558564249,0.0614223918275159,0.0644723584591136,0.0664384388045658,0.0666323023008213,0.0679715421372268
2025-02-10,0.0485944388687619,0.0476201324194504,0.0486924646511908,0.0485329882453959,0.0491888348112199,0.0497104038922268,0.0505288208500385,0.0509348626948456,0.0523306283925281,0.0530524152403996,0.0543807517886095,0.0551672701060323,0.0579088609693013,0.0611998687817905,0.0645124713386405,0.0665681101478009,0.066591302724142,0.0680048580030932
2025-02-07,0.0481067441753797,0.0473008908350937,0.048692464651145,0.0484123471931526,0.0490776615760486,0.0495969723634917,0.0504174171817758,0.0508188631030638,0.0522162552795313,0.0530146295358014,0.0543536044421405,0.0551737221413457,0.0576105619745181,0.0610376800042305,0.0641311376352884,0.0661816734306359,0.0668359237811101,0.0680597652477947
2025-02-06,0.0481067441753793,0.0471348251250303,0.0486249664337239,0.0484186666013261,0.0490776615760485,0.0495983559264598,0.0504229528272638,0.050817028578779,0.0522162552795312,0.053019151550476,0.0543518571549002,0.0551723193115608,0.0576635426096832,0.0612150985759738,0.0642147050683096,0.0663660095756526,0.066805856803907,0.068050844860878
2025-02-05,0.0482055768237126,0.0473301951290767,0.0485478214409575,0.0484186666013261,0.0490774247480663,0.0495967282292714,0.0504242273088664,0.0508206746993008,0.0522161148537879,0.0530181021148145,0.0543562102783736,0.0551702432510665,0.0574753120755598,0.0600972587935022,0.0640022561935295,0.066213987198189,0.0670516536320978,0.0682234688358508
2025-02-04,0.0485680181862743,0.0472618177806843,0.0485478214409575,0.0485710925559508,0.0492303843837691,0.0497522132658214,0.0505701199499053,0.0509729224626741,0.0523686304217305,0.0531722967882004,0.0545010163024042,0.0553152261194909,0.0577632821995508,0.060427893705004,0.064269769751873,0.0663990617101245,0.0672616052229038,0.0684412094009596
2025-02-03,0.048228877836066,0.0472587819701,0.0485478214409575,0.0485710925559507,0.0492281709243156,0.049752149537882,0.0505701199499053,0.0509729224626741,0.0523694111305865,0.0531722557089254,0.0545010163024043,0.0553150880857529,0.0578041414988623,0.0601776345617145,0.0642979739850797,0.0664352258569249,0.0672737493513503,0.0684482908569007
2025-01-24,0.0488940766753576,0.0470371330246235,0.0485960375830701,0.0483456707881802,0.049230626032403,0.0497540913411319,0.0505648632424338,0.0509768456505912,0.0523653276297051,0.0531698526111718,0.054499493512777,0.0553181487280481,0.0577137689156295,0.0600288582300909,0.0640815205139537,0.0662505146043251,0.0673702191683293,0.0685561547698386
2025-01-23,0.0488940766753054,0.0472129753980112,0.0487888847652018,0.0483138602785507,0.0492306260324031,0.0497526215070145,0.0505661256539889,0.0509759718508816,0.0523691160658346,0.0531725599420515,0.0544947693756308,0.0553174612455714,0.0577567390104868,0.0599601519009057,0.0641114044245878,0.0662204769317624,0.0673774161744811,0.068654973355668
2025-01-22,0.0490916751233585,0.0467733407114134,0.0489817041352225,0.0485329882453975,0.0492301414382947,0.0497562965790812,0.0505629312741415,0.0509739200307133,0.0523688285002866,0.0531749289082579,0.0544960543086712,0.0553111871899151,0.0578590007698308,0.060083164392418,0.0642953884240115,0.0666126049906428,0.0668294772353346,0.0682310415699531
2025-01-21,0.0494868431391135,0.0473790346728662,0.0492708810601603,0.0485710925559513,0.0491907067653251,0.0497125065728791,0.0505192468203322,0.0509338659307578,0.0523299912003257,0.0531332103972826,0.0544541403737237,0.055284580440135,0.0579126857721113,0.0598889394877712,0.0645634391853769,0.0667605417187944,0.0668336386074856,0.0683430682249491
2025-01-20,0.0494835023202458,0.0473759838444215,0.0492708810601257,0.0487139707905999,0.0492964359621247,0.0498188358149026,0.0506359298109516,0.051047289556166,0.0524745891038243,0.0531991293607157,0.0544499806743473,0.0551967474851103,0.0579434071969165,0.0605256630856747,0.0644667576303518,0.0666486892403459,0.0665322271102876,0.0680809365145046
2025-01-17,0.0494868431390964,0.0473790346727525,0.0490781033932155,0.0484885433257002,0.0491137722538154,0.0496350504660792,0.0505180130178231,0.0509338671804069,0.052328498149578,0.0531320926785996,0.0544554325420492,0.0552856066534609,0.058102266683282,0.0605544205864437,0.0645637594148173,0.066527101083121,0.0666676124986392,0.0682003486373861
2025-01-16,0.0494868431390964,0.047623214649995,0.049078103393206,0.0484948824828473,0.0491137722538056,0.049633014745283,0.0505224372253999,0.0509321948071419,0.0523322846335833,0.0531344290209012,0.0544528648263596,0.055284332402946,0.0580610942484218,0.0606052816643001,0.0646591818151767,0.0666173796792901,0.0666166679322056,0.0681643030084191
2025-01-15,0.0496844127086592,0.0473790346727523,0.049078103393206,0.0482376305984878,0.04903635089867,0.0496350504660704,0.0505224372253998,0.0509425902603464,0.0523342911180624,0.0531357435547064,0.054456342675184,0.0552871342097267,0.0583369455847757,0.0607960361332548,0.0647876802138985,0.0667051737938072,0.0667778526769824,0.0683244315606504
2025-01-14,0.0500498910410284,0.0473790346727525,0.0489817041352233,0.0481328052992847,0.0490354583976102,0.0495575915383604,0.050446234847937,0.0509453334259776,0.0523337596687457,0.0531382771139462,0.0544602180323912,0.055291971964466,0.058567926981658,0.060920925584271,0.0648139428160363,0.0667815662604339,0.0667165406568578,0.0682586673904379
2025-01-13,0.0498785783847484,0.0464479480945109,0.0485478214409573,0.0479803125185668,0.0488915157922199,0.0494197640608384,0.0504534061903276,0.0509493245388009,0.0523382556965819,0.0531478406727846,0.0544651767274887,0.0552947425998622,0.0585792202812097,0.0609105351791624,0.0647411986753462,0.0667150578903126,0.0666002917734076,0.0680787593624352
2025-01-10,0.0500498910410199,0.0464508810154753,0.0483067146446449,0.0479040574070544,0.0488142413844298,0.0493425731375764,0.0503070692744229,0.050949469150877,0.0523365500269415,0.0531468797667032,0.0544722715309894,0.0552961222270897,0.0584765347013235,0.0614025408018831,0.0648747226196721,0.0664237229624509,0.0662602364566034,0.0679634065412989
2025-01-09,0.0497140473139747,0.0466463172894944,0.0483067146446446,0.0479040574070544,0.0488150577008909,0.0493409532289378,0.0503114841044948,0.050947613590706,0.0523408446191446,0.0531495101352887,0.0544696252958641,0.0552948094414694,0.0580578918926652,0.0609259464315917,0.0645990724083651,0.0665549296252739,0.0665626817642522,0.0683031261113226
2025-01-08,0.0453554349320071,0.0470371330245729,0.0480173290838525,0.0479040574070544,0.0488256581442301,0.0493377143651634,0.0503162549402476,0.0509513205636946,0.0523471877422481,0.0531474048138393,0.0544764459260845,0.0552925210193336,0.0580055719398455,0.0607171971644263,0.0645807232489875,0.0664587327626601,0.0665381203698458,0.0681785618487542
2025-01-07,0.0444033090092255,0.046939436191298,0.0479208533094832,0.0478754602410319,0.0487991784510651,0.049309470868458,0.0502789309438448,0.0509129980218586,0.0523100514161158,0.0531091478629484,0.0544389236597174,0.0552571262037018,0.0580606921180491,0.0608042703604875,0.0645416965741252,0.0664830186010165,0.0664582055010807,0.0682035686317612
2025-01-06,0.0444006182698614,0.0469364414944228,0.0479208533094822,0.0478754602410316,0.0487992535261525,0.0493097290237677,0.0502789309438444,0.0509129980218582,0.0523100963326704,0.0531093156423907,0.0544389236597168,0.0552569883245795,0.057944403424465,0.0606804179739751,0.064517256429555,0.0664562285939277,0.0665658324910587,0.068197473044019
2025-01-03,0.0444455644020594,0.0465290577980178,0.0480173290838516,0.047897870550587,0.0487990071201643,0.0493128699649149,0.0502729203014475,0.0509104978615661,0.0523061291028923,0.0531076807223772,0.0544369516538741,0.0552564355564327,0.0579663137628672,0.0605301898044824,0.0645490011412094,0.0663653301939797,0.0664636178498738,0.0682869641204091
2025-01-02,0.0487261104244371,0.046529057797982,0.0480173290838492,0.0478947779181219,0.0487886004184229,0.0493128699649149,0.0502773414824889,0.0509086922202693,0.0523037227050059,0.0531113569928827,0.0544343086383222,0.0552551576970042,0.0579146631792756,0.0605146421165608,0.0646166922741355,0.066171732677208,0.0665102943026963,0.0680406990251702
2024-12-31,0.0490635254515672,0.0465297601763922,0.0482107422535211,0.0478758186197924,0.0487880771680647,0.0493131167328483,0.0502743785615111,0.050913188579492,0.0523034086461104,0.0531115162831488,0.0544357645770552,0.0552564368149735,0.0579455361753321,0.0604551476771955,0.0644846718778977,0.0661324898975492,0.0666246377076757,0.0681350669874075
2024-12-30,0.0490616982624472,0.046527512005675,0.0482080755050313,0.0478761770039181,0.0487883105403109,0.0493132270116841,0.050273604319791,0.0509133791385521,0.0523035472645162,0.0531119851723967,0.0544356170849471,0.0552565746913429,0.0579445826806947,0.0603882972295582,0.0644188293989591,0.066085171475531,0.0667318753823395,0.0681283252092563
2024-12-27,0.048901499489435,0.0465296076192896,0.0479428354733049,0.0483284185420056,0.0486742125922529,0.0492700571522876,0.0500921149456067,0.050793130139499,0.0521857346532197,0.0530330058842231,0.0544464685004643,0.0552529969700615,0.0581005066681862,0.0605046815332411,0.0646757235555928,0.0661737736733729,0.0668269687360746,0.0682315192667819
2024-12-26,0.049229075996808,0.0465303061991114,0.0481907080160366,0.0483350876906014,0.0486737146425224,0.0492754677672195,0.050085571788253,0.0507911081301091,0.0521892256018321,0.0530307496423853,0.0544420370485715,0.0552515963401543,0.0581011617252356,0.0605069068885099,0.0646625999129973,0.066175868496213,0.0668285546449321,0.0682324396497446
2024-12-25,0.0492305708219376,0.0465310047999101,0.0481911885919218,0.0483354495262218,0.048674006936768,0.0492757139045744,0.0500901518933305,0.0507949476762925,0.0521893995004156,0.0530345699482331,0.0544396533077642,0.0552493799818279,0.0581956404896978,0.0604983635468561,0.064656048308165,0.0661708053371926,0.0668249683818025,0.0683242309946008
2024-12-24,0.04923206573785,0.0462873922753195,0.0481916691773918,0.0483358113672598,0.0486742992345239,0.0492780008450219,0.0500903660764606,0.0507951377970674,0.0521895734001581,0.0530360551693328,0.0544433210880722,0.0552527667609967,0.0581946725676808,0.060497636906948,0.0646176979442914,0.0661783856327052,0.0668311054278247,0.0683292290166108
2024-12-23,0.0492301070136148,0.0465324020644419,0.048192149772447,0.0484981498183394,0.0486745280714619,0.0491987138336858,0.0500905802614223,0.0506348673473669,0.0521207227484627,0.0528089262305832,0.0542533912469095,0.0550946820357389,0.0580899836730041,0.0603378608505812,0.064321489949994,0.0658945988762961,0.0667414637917267,0.0682161520341962
2024-12-20,0.0490799157206195,0.0462901722988794,0.047946158112508,0.0484928755609641,0.0485988805411344,0.0491188468979443,0.0499477594259653,0.0504876525059789,0.0519623577130457,0.0528119553078285,0.0542626624229932,0.0551012895113846,0.0582629662822608,0.0605815503061629,0.0648499390999208,0.0658861074452052,0.0670343013682217,0.068197802277383
2024-12-19,0.0472624061389227,0.0462908673569479,0.0477116861171398,0.0484996021087731,0.0480838535117418,0.0486010356401235,0.0493458348697464,0.0499583898427214,0.051609680862156,0.0525187670901415,0.0540148937382249,0.054817730714676,0.0577494068500513,0.0603875613051403,0.0648659760463883,0.0662330884498551,0.0664282359866536,0.0679479125491431
2024-12-18,0.0472638415518362,0.0462915624358893,0.0465054198989007,0.048499965194972,0.0477953214795959,0.0483105556559382,0.0492238503246013,0.0499620501552847,0.0516183437646077,0.0525319368729588,0.0540314908308373,0.0548156220359638,0.0571735737081991,0.0597221745517998,0.064329819884105,0.0661257762375912,0.0666540150471045,0.0684961672968878
2024-12-17,0.0474333812567414,0.0462922575357052,0.0465058837055231,0.0488146927090267,0.0478626055005093,0.0483786361719804,0.0492922175162184,0.050032284210377,0.0516951663227075,0.0526094032627009,0.0541128430543949,0.0548805502826982,0.0571733705435678,0.0597243876305482,0.0641599741674115,0.066040443671395,0.0668133172526604,0.0683465869510862
2024-12-16,0.0474315001060234,0.0462929526563964,0.0465063475213337,0.0488150581594417,0.0478628710512524,0.0483788778403993,0.0492924282946168,0.0500324714821663,0.0516953253822984,0.0526095608815709,0.0541129903210375,0.0548806872259174,0.057182910449065,0.0597574994282676,0.0642411470305304,0.0661768685275026,0.0667515743977325,0.0683016307584158
2024-12-13,0.047439144554474,0.0462950381437291,0.0470231603668569,0.0477807339441486,0.0478637552769241,0.0483746274265144,0.0492828175195616,0.0500582799792251,0.0516921039064222,0.0526087292738205,0.0541081437792629,0.0549013956130498,0.0573015694759433,0.0597669449656128,0.0642050659376653,0.0661688949594038,0.0667431189273903,0.0683860954415683
2024-12-12,0.0476087083691739,0.0464130275448897,0.0472324225972709,0.047787284768187,0.0478636423376455,0.04837888340352,0.0492772690119036,0.0500561075295871,0.0516957862002466,0.0526059220438416,0.0541043638411269,0.0548998709551337,0.0573963489445283,0.0599734926371521,0.0643064610609333,0.0661300238437007,0.0668194616917307,0.0686492397361334
2024-12-11,0.0478178323703367,0.0461693502117191,0.0470301498156882,0.0473107822475919,0.047641972298643,0.0480903578236065,0.0490611030168971,0.0497691907132761,0.0513176397198586,0.0523918439876835,0.0541121576210432,0.0549180446891165,0.0567290678471593,0.0600789034386038,0.0641346885790832,0.0661696293959158,0.0658103537750283,0.0693192046227555
2024-12-10,0.0468302180220713,0.0460527315396831,0.0467022982159957,0.0465954140861226,0.0473845637861017,0.0477910420695912,0.0488426683818988,0.0496019454589348,0.0512183482101595,0.0523228040682909,0.0540474407989644,0.0548715004335315,0.056285175216072,0.0596166090892178,0.0640062809927638,0.0660815541143686,0.0658459550692128,0.0693268258538752
2024-12-09,0.0468282906153663,0.0457796643223155,0.0467027640232209,0.0464811989588803,0.0473848291007943,0.0478710555628484,0.0488428772442444,0.0496050482408857,0.0512185072576008,0.0523219259912528,0.0540475878904453,0.0548738073969648,0.0563274054666571,0.0596479028895988,0.0640118467533935,0.0661332955604734,0.0658936466956262,0.0693725839953445
2024-12-06,0.0468359092438036,0.0459283946639158,0.0465050428851232,0.0464763669745852,0.0473857021266529,0.0478657089963599,0.0488448099797982,0.0496039712610341,0.0512153417484013,0.0523202894040952,0.0540508997214399,0.054874699391118,0.0561304239269213,0.0596755073733675,0.0640394338086334,0.065996741081714,0.0659386190741742,0.069406337566065
2024-12-05,0.0465899902812242,0.0459290844348058,0.0465114501059188,0.0464825909970643,0.0473865696940192,0.0478708233029314,0.0488426293802765,0.0496022517057271,0.051219553362727,0.0523181486296621,0.0540494856397498,0.0548734652026021,0.0561102453429801,0.0596122844189523,0.0639990342158763,0.0660420291796171,0.0660117723236534,0.0694726498629873
2024-12-04,0.0470860898006659,0.0451963061467844,0.0470334335197912,0.0466356937972662,0.0473182612322373,0.0478770084587379,0.0488386419543015,0.0496020872372588,0.0512209874137732,0.0523258519102642,0.0540410246962648,0.054868292874612,0.0561085368010158,0.0595997483475827,0.0639747042038649,0.0660470254999296,0.0660158289431899,0.0693805020147279
2024-12-03,0.0470875205104589,0.0456860007992322,0.0468697409732676,0.0466360429687627,0.0473185454242907,0.0478732831216835,0.0488414902989686,0.0496022729078616,0.0512211580986236,0.0523233901295453,0.0540465949804636,0.0548717356651907,0.0557840605776057,0.0594264306270778,0.0636508955874198,0.0659314952341131,0.0662874727826239,0.0688613055644907
2024-12-02,0.0470854568699943,0.0458529277009809,0.046548496951323,0.0466363921454845,0.0473188059714052,0.047872174786028,0.0488448992326698,0.0496024585798546,0.0512213144928801,0.0523226568809566,0.0540509474899858,0.0548718725912167,0.0556371101842335,0.0590700259633516,0.0634233611443263,0.0657063463124151,0.0661657294844313,0.0691266355762347
2024-11-29,0.0472875614102733,0.0461806956894879,0.0465558636773329,0.0466315118486798,0.0473145041006065,0.0478704922835742,0.0488378423560822,0.0496014433211831,0.0512212332751314,0.0523174836639519,0.0540513626304253,0.0548728204737111,0.0556177607102503,0.0590032472814182,0.0634977498104604,0.065856431196287,0.0661157142130331,0.0690415570126735
2024-11-28,0.0472854094491169,0.0461813931566157,0.0467108997086455,0.046637788904662,0.0473156491938925,0.0478707318732293,0.0488461073999685,0.0495996690094244,0.0512222960273439,0.0523212623582173,0.0540458376049618,0.0548715068813613,0.0556184006984267,0.0590053475817705,0.0634968099286297,0.065855761318896,0.06611517942893,0.0690410080571026
2024-11-27,0.0479495187708044,0.0464265477011177,0.0467789867709234,0.0465617596318571,0.047319887509225,0.0478690087403147,0.0488452354840627,0.0496053315636335,0.0512190547188985,0.05232012390192,0.0540487786995865,0.054870693490046,0.0556193256346475,0.0590060567528193,0.0633862926603748,0.0657225796434245,0.066178402565595,0.0691849491915051
2024-11-26,0.0478322557366917,0.0461827881541443,0.047040243412158,0.0464857233878499,0.0472433835716595,0.0477936566310659,0.0487731219705819,0.0495292560565566,0.0511464337200809,0.0522544937106663,0.0539682774478166,0.0547979048965304,0.0555424191027376,0.058928975497166,0.0633078449458348,0.0656446258698766,0.0661008488087504,0.0691050587559716
2024-11-25,0.0475863912242461,0.0461804461126339,0.0460359070114994,0.0461231608797694,0.0471671870908988,0.047716237501702,0.0487893752270587,0.0495386686971068,0.0511492193563692,0.0522570792382948,0.0539798142767227,0.0547242663095853,0.055466913709843,0.0589099491523173,0.063371971242608,0.0657464512156329,0.0657293415719591,0.069056419345168
2024-11-22,0.0462973675157511,0.0464300539201192,0.046037289775683,0.046118384314646,0.0471009677080701,0.0476375401172656,0.0487900021571976,0.0495376406384985,0.0511540129422428,0.0522551944224955,0.0539784739918477,0.0547251879617821,0.0554892711440583,0.058895425050814,0.0633747063810796,0.0657317934707899,0.0657330026286984,0.069059075812725
2024-11-21,0.0459791729859876,0.0461862760167045,0.0460377507155368,0.0461245423400836,0.0470221636466827,0.0476397314495594,0.0487902111374911,0.0495358544568504,0.0511553740006175,0.0522602686269201,0.0539768354047313,0.0547238952023902,0.0553438653867694,0.0588545710576816,0.0633908933319666,0.0657432674168087,0.065741664226194,0.0690654362959757
2024-11-20,0.0459805401930345,0.0457957393834822,0.0463957956217898,0.0461248877180926,0.0470196784110301,0.0476430955462104,0.0487847090959718,0.0495395959082991,0.0511540362182853,0.0522624962896808,0.0539764953861841,0.0547216489746484,0.0553125967050787,0.0588461797811595,0.0633327549568706,0.0657440644685551,0.0657574018191983,0.0690783604242954
2024-11-19,0.0468033196309697,0.0464321579057664,0.0477291224637739,0.0464404139687522,0.0472367470030266,0.0477933716334728,0.0488317845635607,0.0495317676556265,0.0511504548638511,0.0522542971982161,0.0539591316010049,0.0547997651353313,0.0553766441487506,0.0589111473710661,0.0632995239106846,0.0656898189346527,0.0658985792569675,0.0692560947016539
2024-11-18,0.0479623516976959,0.0461853022465545,0.04671557669164,0.0466030900862321,0.0471544013812829,0.0477954366885433,0.0488481996329188,0.0496060304298884,0.0512300192574279,0.0523252419672922,0.0540508715119837,0.0548745128984353,0.0554717671024198,0.0589965389547278,0.0633729728464311,0.065781324493501,0.0659710006724437,0.0693317284859468
2024-11-15,0.0476325218522752,0.0466794352657496,0.0460405165485824,0.0462831312504527,0.0470802648271247,0.0477148144963528,0.0487872424883526,0.0495349022117658,0.051155355140572,0.0522525082847687,0.0539804575806196,0.0548037877311024,0.0553894914148476,0.0589104691631451,0.0633022200761543,0.0657057841481534,0.0658950617277163,0.0692517549677948
2024-11-14,0.0413830290706864,0.0469734718561115,0.0460409775529756,0.0456492061376237,0.0466401005547507,0.0474121685945124,0.0486358291124501,0.0494710388907606,0.0510979700280258,0.0521848697095653,0.0539132666155888,0.0547368848889486,0.0553204619671987,0.0587626614146619,0.0632252783078577,0.0658816274393682,0.0657571040257062,0.0691251600202669
2024-11-13,0.0413049726439309,0.0462896647502926,0.0455580311928022,0.0454870584213026,0.0465206502046473,0.0472723908573139,0.0484976005122426,0.0493322072592241,0.0509492858366485,0.0520342347994979,0.053767344743484,0.0545919194542847,0.0551049066307121,0.0582903336812474,0.063102744580517,0.0656882966243468,0.0656653823010786,0.0690145926887244
2024-11-12,0.0403942572515378,0.0449206129800207,0.0441072016604134,0.0450093319896794,0.0464170268867352,0.0472446851688844,0.048481871769502,0.0493053662933599,0.0509181182524435,0.052013021054559,0.0537552058639938,0.0545655114663344,0.0549668371941893,0.0580857915702538,0.0629597771047468,0.0656012776101196,0.06569450033796,0.0690259014781945
2024-11-11,0.0402764905350231,0.0448204957736001,0.0441076433196841,0.0450096690397284,0.0464175902234213,0.0472461201822289,0.0484820794388876,0.0493055508684763,0.0509184630107531,0.0520139742042033,0.0537553523171887,0.0545656476353492,0.0549138626501627,0.0580459845622079,0.0629684981966741,0.0656097553612593,0.0657002334929704,0.0689805953691682
2024-11-08,0.0402742858700723,0.0448254466845157,0.0426948132001074,0.045769748900348,0.0464159611362583,0.0472464065092123,0.0485008505388819,0.0492867828819073,0.0509194192740501,0.0520105399988833,0.0537710652803232,0.0545533800729529,0.0548135944280332,0.0578905215209549,0.0627582162967432,0.0652041776813183,0.0656247505712166,0.0688810276892409
2024-11-07,0.040430010288141,0.045021883828342,0.0426952407339624,0.0457758435941674,0.0463743159119594,0.0472838916942179,0.048544387836016,0.0494007375461727,0.0510272814911725,0.0521214264650446,0.0539573484513652,0.0547380866332839,0.0550292156202817,0.0581294057975978,0.0630941145714039,0.0656484463427636,0.0657628607280046,0.0690501851289687
2024-11-06,0.0404312129895411,0.0448268011322169,0.0426956682763784,0.0457761863970759,0.0463800370713967,0.0472856804636871,0.0485445957776393,0.0494044807223151,0.0510250479801927,0.0521226164689777,0.0539611492383751,0.0547357385930543,0.0550500239607157,0.0581498741328511,0.0630035105079932,0.0653643629083131,0.0661188613900648,0.0693613603697218
2024-11-05,0.0406703821147622,0.0448274783867626,0.0430158740303608,0.0457765292051188,0.0463025727588211,0.0472083141149249,0.0484617062187499,0.0493264241307515,0.0509617573121441,0.0520457050223564,0.0538802305513027,0.0546715692750555,0.0549300568539551,0.0580419491530386,0.0629435338596236,0.0653023873030039,0.0661942499899151,0.0692281949413874
2024-11-04,0.0406715920386661,0.0435817894892266,0.0435394186272893,0.0455379212357214,0.0463028496814571,0.0472186748473656,0.0484536087318114,0.0493326589878231,0.0509619267362563,0.0520526048090313,0.053874448856616,0.05467621607456,0.0549631824856983,0.0580527087004337,0.0628302376661604,0.0652551114362064,0.0660937222398022,0.06932169458454
2024-11-01,0.039866061175676,0.0418612708953218,0.042213128577403,0.0443378911243906,0.0461197154460464,0.0471582246773483,0.0483246900252484,0.0492161632356419,0.0508117090750486,0.0519926646557651,0.0538141236723987,0.054625418028105,0.0548616293976576,0.0579228823446454,0.0627262670724459,0.0649602165187963,0.0661037238483993,0.0693062574222898
2024-10-31,0.0398642986853744,0.0418593021089164,0.0422135513174357,0.0443436388118736,0.0461173513418041,0.047156213768703,0.0483292062454738,0.0492132597769071,0.0508106589627487,0.0519970546235128,0.0538113895743524,0.0546233256641734,0.0548617891039445,0.0579133797932549,0.0627264907393999,0.0649603713541828,0.0661038204679545,0.069306164121678
2024-10-30,0.0400112301501716,0.0418573292324707,0.0422139740659341,0.0445832163523766,0.0461227129866129,0.0471564483030592,0.0483294132715672,0.0492110134506494,0.0508075244818627,0.0519976247342462,0.0538151855973563,0.0546164303442991,0.0548798721118463,0.0579429308236126,0.0626699869819823,0.0648517623154754,0.0661405782539276,0.0693350596810761
2024-10-29,0.0400094369634692,0.04171407264362,0.0422143968229001,0.044583550244036,0.0461230415775876,0.0471667520142566,0.0483296202994337,0.0492111976815208,0.0508114471953603,0.051996286151287,0.0538153322191559,0.0546199205049189,0.0548791494456157,0.0578977275190026,0.0626990878662404,0.0648363188543578,0.0661440434465575,0.06933858692689
2024-10-28,0.0400869257841,0.0417146994798808,0.0422148195883332,0.0445838841406864,0.0461231735902555,0.0471669876865812,0.0483298273290739,0.0492113819137717,0.0508115273865209,0.0519964419561399,0.0538154788417545,0.0546200568144746,0.0548678674960942,0.0578207847964511,0.062783005766254,0.0649151150827716,0.0661138533779142,0.0694111672788032
2024-10-25,0.0421912730537803,0.0409124620758867,0.0420512460080597,0.0442157978547573,0.0459999237449095,0.0470114904385077,0.0481726827329128,0.0490640058524631,0.0506644800977109,0.0518464228575029,0.0537523293518476,0.0545539041181002,0.0547674820638307,0.0578839024386489,0.0626231400345316,0.0648442357676741,0.0660409048894576,0.0692364259793569
2024-10-24,0.0408931891781519,0.0409130769033224,0.0417316186904114,0.0441066501566509,0.0459623464988749,0.0469801721494522,0.048143203368623,0.0490639812721028,0.0506666800353541,0.0518447061245179,0.0537545745751432,0.05455398922592,0.0547793718666101,0.0578744834663521,0.0626357377440579,0.064841879453427,0.0660390380289284,0.0692832957654059
2024-10-23,0.040894406164974,0.0409136917492379,0.0417320366418901,0.0441069804940544,0.0459679787826992,0.0469804068953805,0.0481434096041259,0.0490677690396825,0.0506637011092931,0.0518485103633921,0.0537583826457153,0.0545515705202631,0.0547271910383848,0.0578120217946158,0.0626475834621392,0.0648497442826399,0.0660455704442821,0.0692894998689409
2024-10-22,0.0408956232241741,0.0409143066136336,0.0417324546017349,0.0441073108364065,0.0459682537256014,0.0469806416436549,0.0481436158413959,0.0490679527391049,0.050667570797965,0.0518486657282338,0.0537585291155462,0.0545550731880666,0.05472648125789,0.0576887328019184,0.0625632538177485,0.0648384257131423,0.0660826081193019,0.0693182887238528
2024-10-21,0.0405695040236722,0.0409149214965103,0.0414030356609014,0.0432647833346829,0.0459403564671814,0.0469129071056039,0.0480026530875377,0.0490110321136662,0.0505900719229664,0.0517813367065497,0.0536070948910538,0.0544226593197622,0.0545370613126539,0.0572874201018884,0.0621751308368543,0.0643574408805812,0.066127421595223,0.0693075332354635
2024-10-18,0.0399021585635146,0.0406224652831194,0.0407637566002979,0.0430210441518206,0.0457857284979741,0.0467557616520512,0.0478626516569454,0.0488702043744598,0.0504488828745866,0.0516281154487168,0.0534686270375689,0.0542730672442353,0.0543770626341088,0.0571240015103968,0.0620626034072561,0.0641816537621511,0.0658129187436965,0.0692179762732142
2024-10-17,0.039334031861471,0.0406230758167443,0.0407641648829502,0.0431031679667326,0.045784638312836,0.0467608055838508,0.0478671417338973,0.0488653151039913,0.0504488643012329,0.0516256266429265,0.0534659495861915,0.0542695377365464,0.0543346672896297,0.0570728645156757,0.0619355087826254,0.064172773417245,0.0658515428459904,0.069247069222555
2024-10-16,0.0398313848622995,0.040819897708317,0.0407645731737814,0.0431034908054672,0.0459724496681202,0.0468371734869857,0.0479356735050125,0.0489474876012352,0.0505183781232922,0.0517055020988149,0.0535475830526608,0.0543448642095078,0.0544428824877424,0.05714720061402,0.0619867147966692,0.064254018358714,0.0659333209951001,0.0692842652105779
2024-10-15,0.0403287055654836,0.0403299395486263,0.0414540372671644,0.0434296151189362,0.0460487465929074,0.0469189912096873,0.0480031237886059,0.0489394806114734,0.0505883806938727,0.0517853901979738,0.0536074238591702,0.0544229752346839,0.0544964716296704,0.0572129869304341,0.0621143898087911,0.0643232148183123,0.06600554977988,0.0693625071674092
2024-10-14,0.0408259939835783,0.0405758502220432,0.0415708787292039,0.0434299404075864,0.0461250363123257,0.0469852520777238,0.0480795625299095,0.0490082160866007,0.0506645719279103,0.0518517323935443,0.0536837414547468,0.0544911865554305,0.0545734528748683,0.0572686461806149,0.0621582233190842,0.0643990128839287,0.066079559031844,0.0694364155729569
2024-10-11,0.0395828689523984,0.0409897425866478,0.0415721279042126,0.0434256810420449,0.0461262008229586,0.0469778211730071,0.0480758820585595,0.0490080703937109,0.0506678883040862,0.0518489374932239,0.0536833515484262,0.0544928879883548,0.0546275021920648,0.0572520776335283,0.0621589440856186,0.0643972055135326,0.0660780537110185,0.069435147576511
2024-10-10,0.0404835594211251,0.0425985803479018,0.0415725443125654,0.0444846184193887,0.046126967846666,0.0470089519181339,0.0481194188321693,0.0489495229645332,0.0507033940191022,0.0519163328288508,0.0537194051580828,0.0544721238695984,0.0546372468455949,0.0572545119237754,0.0621484336926397,0.0644462174278598,0.0660557692681926,0.0694181140650425
2024-10-09,0.0408816842225467,0.0426678366428159,0.0418154950377084,0.0445615181791102,0.0461938414837556,0.0470862969251162,0.0481841015758612,0.0490198582490249,0.0507781394073941,0.0519968791462489,0.0537982939689761,0.0545464759948962,0.0546198124605106,0.0573280683949718,0.062233676189757,0.0644726600675035,0.0661552208401522,0.0695173538316154
2024-10-08,0.0408829014102745,0.0427468945797508,0.0418159138921416,0.044561851960753,0.046194117800722,0.0470859072893783,0.0481843079998278,0.0490200417786984,0.0507820242250445,0.0519966176177099,0.0537984405531385,0.0545499694653237,0.0546399820161502,0.0573257528448001,0.0622435227732279,0.0644408212297186,0.0661609806112477,0.0695226966930552
2024-10-07,0.0408841186704848,0.0428231580902555,0.0422527925071907,0.0446291776822717,0.0461943941209941,0.0471633619276982,0.0482556702255424,0.0490968371504917,0.0508513008234483,0.0520636383089636,0.0539011970893874,0.0547375903681352,0.054802881244074,0.0575455609832215,0.0624263929512809,0.0646412591564346,0.0663439645502619,0.0697130074129217
2024-10-04,0.0410793328969781,0.0430533185124401,0.0425449651040256,0.0447777198169834,0.0462693375814737,0.0471572303134606,0.0483254175707699,0.0491713661297392,0.0509288872626789,0.0521413114180331,0.0539750187909839,0.054814293200415,0.055015680724217,0.0576197739276886,0.0625571212706881,0.064783044144947,0.0663812988063448,0.069763757290665
2024-10-03,0.0416828504412234,0.04305396571665,0.0425453912867036,0.0449271484424276,0.0465643388708239,0.0474534764700135,0.048554288811492,0.0493898314107117,0.0510662220341076,0.0522886447473617,0.0541147152725676,0.054952233550504,0.0551776560298547,0.0577168760436687,0.0626426674532142,0.0648865558401298,0.0662080237259914,0.0699367076785113
2024-10-02,0.0416840917041529,0.0430546129403193,0.0425458174779274,0.0450040218744144,0.0465618558662204,0.0474537136057853,0.0485544968267127,0.0493917037472905,0.0510650107881252,0.0522924949491306,0.0541185620397925,0.0549484065428456,0.0550829438634637,0.0576909687515846,0.0626403959342938,0.0648815586961119,0.0662197047619461,0.0699469753944698
2024-10-01,0.0416618967385407,0.0431336700839102,0.0431569522356153,0.0450043589882429,0.0465594667682317,0.0474533209638747,0.0485449913877436,0.0493918886739953,0.0510695293904032,0.052292231986575,0.0541117563358918,0.0549519473056758,0.0550509335038542,0.0577377224812521,0.0626235911862461,0.0648815943816211,0.0662201298387641,0.0699482859718656
2024-09-30,0.0418365560623745,0.0432029257083244,0.0431573845617092,0.045148189161623,0.0467911511179973,0.04760845952443,0.0486914817623675,0.0496917696063852,0.0513656351491131,0.0525850880583495,0.0544175265846585,0.0552506177638893,0.0553467756829274,0.0580687487423257,0.0629321039593849,0.0651660320916697,0.0665248838288071,0.07026619039086
2024-09-27,0.041836556062374,0.0432077541458971,0.0431586815919599,0.0452965323300986,0.0469310246698995,0.0477545792186584,0.0489119860212813,0.0499129206345476,0.0515882121481611,0.0527361467753545,0.0544893538120704,0.0556345280853944,0.0557989713499795,0.0584271673506413,0.063312143684223,0.0655449984136224,0.0669067444423906,0.0706673650335563
2024-09-26,0.041836556062374,0.0432084073342165,0.0431591139527015,0.0453025831551873,0.0469369273227005,0.0477548183035606,0.0489166111310321,0.0499099380346589,0.0515852417342482,0.0527400754873488,0.0544865934611507,0.0556323913517191,0.0557575618441193,0.0584214865412411,0.0632660845214539,0.065529271272762,0.0669250166180858,0.0708056727483309
2024-09-25,0.041727394617621,0.0432090605422851,0.0428687500032128,0.0453029225207159,0.0469374683780986,0.0477550573908565,0.0489214819840944,0.0499138385224425,0.051589412289027,0.0527402337101068,0.0544938195262005,0.0556298258792462,0.0557680144803243,0.058431741338619,0.0633009628253228,0.0655194960912489,0.0669177392441358,0.0708014471287177
2024-09-24,0.0417273946176206,0.0432097137701043,0.0428691794680459,0.0453032618913291,0.0469377497828504,0.0477552964805465,0.0489216915796198,0.0499140254089621,0.0515895840321858,0.0527403919338142,0.054493968011127,0.0556334677454636,0.0558713425066504,0.0584887299496367,0.0633704256626499,0.0656463056360041,0.0668492071891966,0.0709492976042081
2024-09-23,0.0417273946176206,0.0432074725642295,0.0428696089414824,0.0454470593328675,0.0470923157081472,0.0479109323138706,0.0490779438352714,0.050135565665094,0.0516641713133109,0.0529644147602337,0.0547191737017493,0.0558543263286658,0.0561840092015429,0.0584552573213828,0.0633952368233169,0.0656804877511389,0.0669733409355046,0.0710710060307442
2024-09-20,0.0418762503986331,0.0432515407487143,0.0425509324387022,0.0454040756826307,0.0468268357159012,0.0476783125383349,0.0488549453844829,0.0499119246053113,0.0514442907662566,0.0527395580440155,0.0544998394168842,0.0556337938087129,0.0561011063061116,0.058355412366647,0.0631609278754338,0.0654772238853413,0.066718205009293,0.0708099432674192
2024-09-19,0.0421540997837707,0.0432521946681718,0.0425513587409487,0.0454101665655472,0.0468320610055156,0.0476785512497707,0.0488595906284747,0.0499085534951837,0.0514410663341627,0.0527434943401496,0.0544970532076193,0.0556313863558296,0.0561117024494789,0.0585346795799587,0.0633585673843798,0.0655838124389696,0.0671952689368527,0.0705462996855371
2024-09-18,0.0421540997837707,0.0436351555034369,0.0425517850517372,0.0457069440382475,0.0470541392138358,0.0479085906923517,0.0490841422112901,0.0501298572917982,0.0516655424450401,0.0529628431320408,0.0547236052784552,0.0558465158096912,0.0562669677233326,0.0588036740694623,0.063640656047566,0.065891999627483,0.0672397612797636,0.0706238200735268
2024-09-17,0.0424418521275364,0.0437044278073971,0.0425522113710681,0.0457072864533988,0.0470537351899476,0.047908279320044,0.0490843525100117,0.0501300449920509,0.0516652930289078,0.052962633686382,0.0547237543923468,0.0558501780902433,0.0562346467673,0.0587833655971147,0.0635456733260273,0.0658877425344112,0.0672325060548395,0.0706136405979846
2024-09-16,0.0422930172786949,0.0437805093973202,0.0425526376989415,0.0457841157122945,0.0471990040122379,0.0479080446584509,0.0490845628105353,0.0501282638794853,0.0516614230942623,0.0529624754999348,0.0547239035070509,0.0558488410513616,0.0561911011250009,0.0588872341634296,0.0636089043466166,0.0658666437705876,0.0671800051212302,0.0706653941561367
2024-09-13,0.0430073743283241,0.0438639005660765,0.0425539167338194,0.0457792880692219,0.0471924539401421,0.0479079789421685,0.0490807038418766,0.0501288768674304,0.0516600567132232,0.0529586228508454,0.0547235077546048,0.0558512115859153,0.0562352506496343,0.0589833649418582,0.0636211457486247,0.0657508120744305,0.0671964586314018,0.0706777496062927
2024-09-12,0.043146262355126,0.0440115825906571,0.0428743337172831,0.0460053614307105,0.0474583885692071,0.0481301609436223,0.049343579913292,0.0503836845327867,0.0518762800814918,0.0532231010367453,0.054978299707913,0.0561066613221609,0.0564612067327179,0.0592346279253181,0.0639216429177322,0.0660069962704018,0.0674561519039597,0.0709508029787398
2024-09-11,0.0433843449576085,0.0443552554731389,0.043204373910486,0.0462255331440818,0.0476412390986693,0.0483507212379653,0.0495627377665944,0.0506069105707307,0.0521014944854392,0.0534428810531699,0.0552010242316182,0.0563231277283915,0.0566798837867124,0.0594540750114964,0.0641437541113271,0.0663009151233546,0.0676601119684884,0.0711718612893586
2024-09-10,0.0433843449576081,0.0444441199916638,0.0435246485861077,0.0460347268146492,0.0476415247467216,0.0484957259682418,0.0497040011144375,0.0507587939914012,0.052249682174546,0.0535869823135617,0.0553425832012677,0.0564762611655923,0.0568776138700778,0.0595610887539645,0.0643150020360779,0.0664145965867046,0.0678131090206878,0.0713313240887876
2024-09-09,0.0435133004830461,0.0444416897407807,0.0435250846873521,0.0460350717060664,0.0476414990230658,0.0484960770482752,0.049704214076215,0.0507589840522625,0.0522496651038192,0.0535872153977154,0.0553427340050717,0.0564764021250717,0.0567827055961959,0.0595586645951683,0.0643225579069194,0.0664078958403492,0.0678224062559571,0.0713364480489932
2024-09-06,0.0435133004830456,0.0444468083202332,0.0438461712383069,0.0461830652876832,0.0477907211315871,0.0487197482405378,0.0500654288768784,0.0509800477289748,0.0524027218557038,0.0537354999988403,0.0555559012990216,0.0568602907914424,0.0572767563186565,0.0601704451851649,0.0648023751959653,0.066902888388148,0.0684100243871965,0.0715133471258154
2024-09-05,0.0441282622670187,0.0444474804531925,0.0438466105787008,0.0461893820909281,0.0477953594099879,0.0487199921832389,0.0500702956310432,0.0509768357997278,0.052398775315719,0.0537395724399079,0.0555528977337619,0.0568579427313379,0.0573084316440603,0.0601694920647313,0.0648238646705719,0.0669095333173268,0.0683996611315735,0.0715054117381305
2024-09-04,0.0436323326829724,0.04444815260648,0.0441764450901028,0.0461897281539836,0.0477968473588906,0.0487202361283822,0.0500651041669335,0.0509809144100162,0.0524036411832234,0.0537397336713626,0.0555530823970811,0.0568553417979413,0.05723542948886,0.0601874884990847,0.064790490440627,0.0669053752784772,0.0698287316213729,0.0708185409309653
2024-08-30,0.0436245602870953,0.0437917034272161,0.0441786584719235,0.0461794945019783,0.0477963967280994,0.0487215830710104,0.0500615366059102,0.050976555009042,0.052406256297703,0.0537435104351458,0.0555531408192128,0.0568634250040135,0.0572054776191231,0.0602121663802505,0.0648042795240039,0.0669184986436167,0.0698225995749986,0.0708131334387881
2024-08-29,0.0437586737391592,0.0437893092034838,0.0441791011749036,0.0464116132173916,0.048015035302826,0.0488769639978934,0.0502223441467326,0.0511229883643453,0.052546188609983,0.0538882120355137,0.0557048286733615,0.0570011941141335,0.0573466908704858,0.0603559208653891,0.0649221902367071,0.0670679058423153,0.0699744989679004,0.0709651603080779
2024-08-28,0.0441256119309553,0.0441103008067252,0.0444991958800278,0.0464884053799454,0.0480974003574211,0.0489423501615398,0.0502952640760982,0.0511994326503789,0.0526192352887588,0.0539643608631932,0.0557022901538095,0.0569931000376338,0.0573435091818363,0.0603647162672756,0.0649560536657119,0.0670570216047861,0.0699661586003677,0.0709608593789679
2024-08-27,0.0442545281261724,0.0441109570439983,0.0446642828795303,0.0464887537042405,0.0480973675920719,0.0489478370639221,0.0502927656406628,0.0511996243704967,0.0526231962890952,0.0539617766103964,0.0557005119591162,0.0569969169875498,0.0573945856817333,0.0603141863549379,0.0649691661999915,0.0670555271932021,0.0699654971644458,0.07096133059583
2024-08-26,0.0442545281261724,0.0441116133007981,0.0449842732550027,0.0466324217279466,0.0481651083430271,0.049025674553835,0.0503559236392983,0.051274281605195,0.0527002833584381,0.0539632946542287,0.0556944300098944,0.0569911630539578,0.0574423160790967,0.0603069943744949,0.0649133205744481,0.067064055296763,0.0699712715978974,0.0709635804790713
2024-08-23,0.044497042025056,0.04499212587587,0.0453051018061715,0.0467037717252302,0.0481624302682688,0.0490578185105484,0.0504245715096132,0.0513500560911799,0.0527701008668911,0.0540272088079067,0.0557577897611278,0.0570689431247178,0.0574158304038339,0.0604028980455762,0.0650739178570905,0.0671152303975951,0.0700450855575646,0.0710395246869412
2024-08-22,0.044621420587386,0.0450679132080889,0.0453055558287881,0.0467102504648168,0.0481594159129285,0.0490548393153411,0.0504294599999365,0.0513512698030968,0.052768600832229,0.0540273852468097,0.0557547340727805,0.0570660651777258,0.057415842027954,0.0604157911840014,0.0649843686842428,0.0671463232734322,0.0700543090266696,0.0710457087193802
2024-08-21,0.0447304901997619,0.0452219696466075,0.0453060098605147,0.0467774733683497,0.0482424496037044,0.049089865186071,0.0504296760876066,0.0513496978662862,0.0527631800777231,0.0540237294007906,0.0557587635452657,0.0570630507731854,0.0573217163542892,0.0602897570509846,0.0649835734419112,0.067039268678355,0.0702587695118323,0.0710176196658079
2024-08-20,0.0448395568219184,0.0452226424924484,0.0453064639013416,0.0467778238769282,0.0482424662628776,0.0490874796141135,0.0504298921771286,0.0513498901541238,0.0527671931231405,0.0540222965798,0.0557589154914062,0.0570668652861918,0.0573205509798285,0.0603225064326872,0.0649654403454618,0.0670099774108306,0.0702677929444197,0.0710248618814353
2024-08-19,0.0448395568219179,0.0452233153583216,0.0453069179512689,0.0467781743907635,0.048242754920403,0.0490850914020214,0.0504301082685023,0.0513500824434015,0.0527673685944078,0.0540267630281443,0.055759067438375,0.05706700772723,0.0573196097985429,0.0604573893984072,0.065034340315603,0.0670381546427026,0.0702246188968914,0.0709929350933818
2024-08-16,0.0446160016612912,0.0451437052837717,0.0453082801556569,0.0468494704509603,0.04816414937338,0.0490398836944298,0.0504260792797324,0.0513477062160655,0.0527711010662264,0.0540302137486598,0.0557589607014132,0.0570671712535355,0.0573624935861818,0.0604180606744498,0.0650010772982206,0.0670179291347276,0.0702404271708211,0.0710037000944799
2024-08-15,0.0447503207171047,0.0452194521827757,0.0453087342419895,0.0469324189419896,0.0482381735353441,0.0490756505220663,0.0504309726525168,0.0513428935464076,0.0527672204872256,0.0540289644866291,0.0557557955160535,0.0570636456351342,0.0573621102691201,0.0603857886662864,0.0650411038557418,0.0670119058103052,0.0702354346096039,0.0709999198486964
2024-08-14,0.0446214205873866,0.0452266799880581,0.0453091883374238,0.0469327706274067,0.0482447422874206,0.0490731113371028,0.0504311887531505,0.0513470121887759,0.0527645714955937,0.0540273329796684,0.0557598271856408,0.0570610355061195,0.0573935814881601,0.0603718008914556,0.0649908020908118,0.0669786784746922,0.0702574754980561,0.0710168762001989
2024-08-13,0.0451171674591359,0.0452665348274464,0.0453096424419603,0.0469999845515746,0.0483208778151029,0.0491646221377111,0.0505093511973458,0.0514138872809445,0.0528446117088816,0.0540993669730743,0.0558373189039188,0.0571314853357537,0.0575320387249606,0.0604533831046268,0.0650860662013803,0.0670468195147046,0.0703115965745862,0.0710770165905738
2024-08-12,0.0453650177305681,0.0450418988596377,0.0447484803568814,0.0470003367485693,0.048387991637701,0.0493219302256099,0.050587079875096,0.0514923047676476,0.0528423738844793,0.0540995677860123,0.0558415740620247,0.0571285500169226,0.0575083369077702,0.0605551467796518,0.0651597203979129,0.0672356824351539,0.0702217029055996,0.0710125252995119
2024-08-09,0.0446160016612817,0.0450406319997531,0.0447498258656761,0.0469951637654033,0.0483877552661023,0.0493227347463241,0.0505829860157487,0.0514923339821263,0.0528446130151718,0.0541000980625156,0.055841267391177,0.0571305155044633,0.0576359248728126,0.0605762376028152,0.0652116361644768,0.0672127446006556,0.070202828917469,0.070999121288631
2024-08-08,0.0447503207171046,0.0450380234797876,0.0447502743865625,0.0470017455893339,0.048384683566482,0.049320360045222,0.0505879469756455,0.0514891197901923,0.0528430781719544,0.0541007187936427,0.0558382812500315,0.057128195732098,0.057552671273218,0.0606083179871457,0.0652259959631516,0.0672114321432621,0.070201727336858,0.0709980599703071
2024-08-07,0.0449981938438529,0.0453097612423266,0.0452349130799778,0.0471549158782101,0.0485059728935801,0.0494222287205228,0.0506580853920657,0.0515674470940498,0.0529448269799703,0.054213547034021,0.0559841508964163,0.0572809489386895,0.057706666401427,0.060739992391369,0.0653844903818563,0.0673545365868238,0.0703673881276263,0.0711641641497197
2024-08-06,0.0451171674591342,0.0454573730165922,0.0457193864596615,0.0472985160787847,0.0487275346957962,0.049581692268135,0.0508353608033741,0.0517104989629093,0.053021078380836,0.054274503650145,0.0560519945985225,0.0573468081464907,0.0577273920723537,0.0609535800565465,0.0655198948462779,0.067648900443939,0.07033031431692,0.0712592421913215
2024-08-05,0.0456128525615941,0.0454580495159305,0.0457198447120894,0.0472988705314349,0.0487265774620307,0.0495819392073599,0.0508355786452435,0.0517106926127063,0.0530204941015732,0.0542786240875686,0.05605214734998,0.0573469512912788,0.057862288657271,0.0612222701877673,0.0658334762340194,0.0676689637641967,0.0702727301575046,0.0711310671847478
2024-08-02,0.0454882612902213,0.0455350766207302,0.0457119836645992,0.0473699864986504,0.0488017743092767,0.0496499091948177,0.0509096393964504,0.0517865979424223,0.0530983751717901,0.0543559918425015,0.0561293353282442,0.0574248231346537,0.0579403469632673,0.0614548895171441,0.0661174150610949,0.0678695977747393,0.0702418675356216,0.0711338770971607
2024-08-01,0.0456128525615938,0.0455323840994683,0.0465990842134457,0.0473766811849975,0.0487986952115659,0.0496474708557173,0.0508934265205706,0.0517836542647153,0.053096870807025,0.0543565642486049,0.0561181398764167,0.0574227377489126,0.0578990445413021,0.061472191873819,0.0661552097271525,0.0678617323418926,0.0702355037619839,0.071129168966875
2024-07-31,0.0454938937695385,0.0455296907474187,0.0465963542949888,0.0473770362367167,0.0488053957409666,0.0496450731123218,0.0508915161177728,0.0517878455920687,0.0530941053048798,0.054355154460581,0.0561229671605467,0.0574200951235491,0.0579200833423857,0.0614253183967525,0.0661597018021916,0.0678643092838649,0.0702380826203849,0.0711324292341006
2024-07-30,0.0454938937695385,0.0455269965850798,0.0465936233722842,0.047195946179478,0.0488056878017165,0.0495828781836515,0.0507448755919722,0.0515679800619713,0.0530983252374674,0.0543548420729252,0.0558977026108723,0.0570529166913209,0.0575313863049533,0.0610593039434812,0.0658392032614971,0.0674839149007915,0.0698541757944637,0.0707491637753252
2024-07-29,0.0453451902770791,0.0455634597354118,0.0466100606423061,0.0472631524089535,0.048873780992425,0.0496119898965412,0.0507824616088854,0.0516055117769413,0.0532052053232734,0.0544672861303548,0.0560039776738183,0.0571612026665392,0.0576788077415397,0.0610948721692303,0.0658897939696334,0.0675965331088392,0.0699824169379746,0.0708706184893423
2024-07-26,0.0451909220054806,0.0455553561740234,0.0466114571984302,0.0472578912453386,0.0489490444445164,0.0496129763469161,0.0507784154094123,0.0516046442106256,0.05320430288547,0.0544679378254003,0.0560055377720472,0.0571624698008532,0.0577328474627848,0.0611560613089071,0.0659300800215327,0.0676052826227999,0.069957354653051,0.0708529294310943
2024-07-25,0.0453451902770804,0.0455526535342551,0.0466119227357359,0.0472645692762972,0.0489458496886261,0.0496104618238965,0.0507762780574181,0.0516023147611836,0.05320281709567,0.0544683919667236,0.0560043013210243,0.0571608202943773,0.0576917409733885,0.0612072084243979,0.0659261783392366,0.067659912536804,0.0700276093370764,0.0709169505764411
2024-07-24,0.0454145859319387,0.0455837339899921,0.0466123882823409,0.0472649235064068,0.0489521241199575,0.0496075954190988,0.0507835480367183,0.0516064781035282,0.0531995836553135,0.0544665921170492,0.0560008570316022,0.0571582492141673,0.0576814324936099,0.0611632955374092,0.0658830977535736,0.067646194762337,0.0700491288112493,0.0709334068461138
2024-07-23,0.0452658794749471,0.0452806844096562,0.0462839548942236,0.0471602170424215,0.0488757363290982,0.0495479554547903,0.0507210816592226,0.0515312315580151,0.0531373299410306,0.0543984757757957,0.0559311125661312,0.0570965693934051,0.0576876761349715,0.0611568391080808,0.0659373820991136,0.0676822011406018,0.0699401834255893,0.0708429963724921
2024-07-22,0.0454145859319397,0.0452813584199237,0.0462263671875714,0.0470841552166638,0.0488756529979813,0.0495482022431976,0.0507222686247176,0.0515334471883584,0.0531372779595393,0.0544026323946833,0.0559319517164587,0.0570982200514255,0.0576771843424418,0.0610913666737011,0.0658847815613679,0.0675900679429953,0.0699930508113501,0.0708781844471059
2024-07-19,0.0454089730344609,0.0452799950459739,0.0462794563611924,0.0470789232102705,0.0488734652163129,0.0495489594031441,0.050720071251024,0.0515326739735502,0.0531385036728663,0.0544031316765586,0.0559326147152105,0.0570995476775373,0.0576894605058439,0.0610777544036892,0.0658263354048767,0.0675894338310636,0.0700084980528496,0.0708887182863445
2024-07-18,0.045553373610208,0.0453556537211835,0.0462862663874979,0.0470855667920351,0.0488703278211567,0.0495458500808154,0.0507174613763478,0.0515302487482831,0.0531370836143216,0.0544031924331805,0.0559310511940186,0.0570978170922818,0.0576378556265096,0.0610735905534459,0.065880366105698,0.0675672366983753,0.0700065984648068,0.0708871195420097
2024-07-17,0.0455533736102076,0.0454317128980117,0.0466156473689884,0.0471623378418551,0.0489538235243238,0.0496106542851021,0.0507850691137821,0.0516106161311788,0.0532006059480995,0.0544686227613342,0.0560019221842525,0.0571613183085355,0.0577564255762669,0.0611578862723748,0.0658913203051443,0.0676405120831252,0.0700805494986746,0.0709615985645092
2024-07-16,0.0456921564468254,0.0455107774755353,0.046935283237029,0.0472391042104972,0.0489537651936303,0.0496156318090378,0.0507799483352722,0.051608783820038,0.0532046311432651,0.0544656857611145,0.0560021794335916,0.0571636237398826,0.0577543965231422,0.0611900707237228,0.0659472281919841,0.0676518993647847,0.0700581397227782,0.0709468506586167
2024-07-15,0.0458408469708366,0.0455898413173197,0.0472548491648847,0.0473063152644672,0.0490307359850882,0.0496927747002715,0.0508527326283329,0.0516756487415453,0.0532811593882567,0.0545463858631664,0.0560758551002408,0.0572404836999113,0.0578088768834122,0.0612352243881252,0.0659678806811647,0.0678497464361081,0.070120519850269,0.0710131937135569
2024-07-12,0.0459738666288816,0.0456570036542009,0.0475782472941291,0.0473774019077584,0.0490955789731052,0.0497704930760304,0.0509242502343343,0.051750475166167,0.0533590137478357,0.0546234600033718,0.0561508442751405,0.0573175270364598,0.0579177985497664,0.0613970405431027,0.0660713703357657,0.0678657397803906,0.0701978913285982,0.0710914297639321
2024-07-11,0.0459796197793966,0.0456542210196213,0.0475854373422953,0.0474605373734162,0.0492468234626718,0.0498455754828296,0.0509213003372765,0.051746589006046,0.0533531413333805,0.0546213219478686,0.0561489636741402,0.0573147118042577,0.0579491688381686,0.0613846078326887,0.0660566951052145,0.0679531134804589,0.0701718612045671,0.0710730209926794
2024-07-10,0.0459796197793966,0.0456618255991527,0.0475859126785521,0.0474608931095579,0.0492533631180335,0.049848550504146,0.0509262113669642,0.0517507777852074,0.0533499330612021,0.0546191630591776,0.0561461284094461,0.057312136094546,0.0579702353606989,0.0613377704973268,0.0660611913084133,0.0678551297546803,0.070205881013628,0.0710981855001942
2024-07-09,0.0459796197793966,0.0456625054143263,0.0475863880243056,0.0474612488510326,0.0492536578965494,0.049848798805835,0.0509264292815863,0.0517509716054416,0.0533541858414072,0.0546173135496514,0.0561501687638074,0.0573159664930324,0.0579481977045805,0.0612601212240485,0.0661589231512562,0.0679303165331567,0.0701705768276344,0.0710744399948383
2024-07-08,0.0452658794749467,0.0452907966711167,0.0469390340463192,0.0470508822644298,0.0488801241319815,0.0495904455199351,0.0507524688093148,0.0516153948835917,0.0531794450131665,0.0544434042654906,0.0559643864723408,0.0571685403903373,0.057798106730431,0.0610987364685658,0.065832677425911,0.0678174985260934,0.0700458776697427,0.0709367886724262
2024-07-05,0.0444177335816871,0.0452109830180327,0.0466115165297481,0.047045631895151,0.0488801027655943,0.0495143814753441,0.0507570283492467,0.0516144008125114,0.053182013676461,0.0544470146727634,0.0559698642540413,0.057169733290958,0.0577998555817987,0.0611197594740033,0.0657580746006963,0.067788209973164,0.0700703460084001,0.0709536088626495
2024-07-04,0.0445619268111492,0.0452082297918847,0.0466217011677256,0.0469854132621138,0.0488094785101811,0.0494344307806714,0.0506760584143872,0.0515357175633046,0.0531826104800086,0.0545198097264931,0.0559708626527853,0.0574855019960582,0.0580564931994021,0.0613769519715057,0.0660258200841415,0.0680406407776873,0.0704175946324578,0.071290436387235
2024-07-03,0.0445619268111492,0.04521575611096,0.0466221669096803,0.046985765455485,0.0488159272344835,0.049431811998776,0.0506809645401061,0.0515398962378967,0.0531793838250421,0.0545181399109995,0.0559678962415841,0.0574828605226448,0.0582032190998748,0.0612847839012024,0.0659635058309787,0.0680105066099887,0.0704421841210071,0.0713090648633143
2024-07-02,0.0448098116760514,0.0452948428404709,0.0466226326609407,0.0472058518552969,0.0488830323235623,0.0495062558724578,0.050759107067956,0.0516125027431116,0.0532502741619995,0.054593132951102,0.0560492579539876,0.0575600634149759,0.0583074481201966,0.0613782390345072,0.0660951598150222,0.0681848128865682,0.0704705865296981,0.0713542746152269
2024-07-01,0.0449387057019302,0.0454390640120487,0.0466230984215068,0.0472062057063297,0.0488829990653781,0.0495026298054653,0.0507593242749692,0.0516126960512606,0.0532502525715614,0.0545968538516227,0.0560494105603286,0.0575602071046262,0.0588194146029582,0.061510638597065,0.0660464752937471,0.0682277605131252,0.0704074419685739,0.0713085788169379
2024-06-28,0.0448043469858992,0.0454397369341357,0.0466277530899158,0.0472009054179297,0.0488811622107251,0.049511684296466,0.0507561303784983,0.0516117743845681,0.0532516676381762,0.0545960489853386,0.0560491897668262,0.0575614594973506,0.0581827435925509,0.0615688622599815,0.0662575788922365,0.0680372756432268,0.0703725842626629,0.071293298787443
2024-06-27,0.0443437753526449,0.045151251218236,0.0460959295192362,0.0469114352705111,0.0483689003797113,0.0490655198036274,0.0505361009958207,0.0513532957813641,0.0534539898455373,0.0547305541533257,0.0561011320839945,0.0573741475305584,0.0580277733348788,0.0613008760326885,0.0660110283788064,0.0678489648416485,0.0701959437939108,0.0711084986822555
2024-06-26,0.0441256119309576,0.0449943881285091,0.0457962768612269,0.0468353370628231,0.048375791254961,0.0490723852365103,0.0505412838045143,0.051359459969286,0.0534512882079877,0.0547288502831124,0.0561087699585483,0.0573730861716503,0.0578510861973006,0.0612732789747108,0.0661550991370916,0.0678922885763682,0.070167107071492,0.0710898473465902
2024-06-25,0.0443140264996145,0.0443177750864819,0.0457967360730452,0.0468356881523053,0.0483756095403927,0.0490782983328556,0.0505415004242513,0.0513596523340187,0.053455343327595,0.054736957419986,0.056108922881815,0.0573769793247761,0.0578290125989916,0.0613531052247932,0.0661198617688065,0.0679774673744116,0.0702847036920546,0.0711236314765905
2024-06-24,0.044314026499614,0.0443177750865838,0.0457971952940793,0.0468360392470522,0.0483758990915987,0.0490785432626547,0.0505417170458453,0.0513598447001924,0.0534555211203361,0.0547371213192857,0.0561090758059153,0.0573771225598916,0.0579325980836569,0.0611861891934464,0.0661325664119297,0.0679743616754429,0.070297188336244,0.0711306478636697
2024-06-21,0.0442690258961401,0.0440673014570774,0.0458663501619052,0.0469072464030385,0.0484798414405503,0.0491853696660241,0.0506144629353731,0.0514256348018135,0.0535324653772157,0.0548054375289516,0.0561854257312081,0.0574551085774257,0.057958454779445,0.06119873960329,0.0660761885184091,0.0680788984568634,0.0704138053907247,0.0712361305073417
2024-06-20,0.0442743610161925,0.0445629511835562,0.0458668100994336,0.0469138969823212,0.0484770825804107,0.0491788180015586,0.0506194103822221,0.0514230880558934,0.0535311338689796,0.0548011040429453,0.0561822656153059,0.0574532103674355,0.058021828685773,0.0610490028639691,0.0658905208892068,0.0680025285719732,0.0704974159549294,0.0712940151403371
2024-06-19,0.044423104539838,0.0448080972285415,0.0459447270002177,0.0469906967171338,0.0485601912435958,0.0492599594240272,0.0506962890324049,0.0515034777447071,0.053604380763893,0.0548741088542644,0.056252778583877,0.0575267963750066,0.0580457309630565,0.0615802895134894,0.0663860926153744,0.0683979055056948,0.0704076563981523,0.0712729772539409
2024-06-18,0.044423104539838,0.0451806616779454,0.0460226409853591,0.0470579367398914,0.0486279403912823,0.0493346627488845,0.0507731631145793,0.0515801414260561,0.0536856461154464,0.0549532958846829,0.0563694541908959,0.0576373584214984,0.0582025024325089,0.0617366783447759,0.0665427498817537,0.0686420096598576,0.0704494165257294,0.0713366635713758
2024-06-17,0.044423104539838,0.0451806616779379,0.0460231025040217,0.0470582895191943,0.0486667779143707,0.0494415915976669,0.0511046238941318,0.0521378052275743,0.0542472838113049,0.0555969187283749,0.0570091267164521,0.058433418012299,0.0590277027628425,0.0623145184560858,0.067357622387464,0.0694389002859261,0.07126863612203,0.0721539658304657
2024-06-14,0.0442690258961399,0.0449300863199493,0.0459083008971101,0.0468332576088309,0.0482988043916316,0.0490733223883949,0.0507322322164189,0.0517321248370605,0.0538058572531475,0.0552335589543953,0.0564425968680259,0.0577587188738549,0.0583207834338592,0.0616837743968594,0.0666733494447308,0.0688960539970383,0.0705471434500351,0.0714396997980022
2024-06-13,0.0441355287096749,0.0449355612978421,0.0459087612876276,0.0468399016367105,0.0482963610334849,0.0490707357117002,0.0507372095223705,0.0517296032561305,0.0538046449705992,0.0552318786381349,0.0564392188534086,0.0577569235825079,0.0585203372535504,0.0616336898683475,0.0666622914640941,0.0687434748019344,0.0706225736644943,0.0713015352636243
2024-06-12,0.0441355287096732,0.0449355612978421,0.0459092216873799,0.0468402527946316,0.0483798204717776,0.0490763068104505,0.0507374269939614,0.0517338447333856,0.0537991918365153,0.0552291666256404,0.0564433853161776,0.0577541597129299,0.058729847683097,0.0618055022778888,0.066784052945433,0.0690982559948862,0.070295490209487,0.0712962370655143
2024-06-11,0.0441355287096732,0.0449355612978421,0.0459096820963664,0.0467736980149178,0.0483029959370626,0.0489989459501516,0.0507376444674165,0.0517358165123978,0.0538059915594107,0.0552362072006422,0.0564435391573014,0.0577594516588422,0.0587294079770448,0.061883997532959,0.0667600494879991,0.0691807483870364,0.0702652779606185,0.0712759721865173
2024-06-10,0.0441355287096732,0.0449355612978421,0.0459101425145876,0.0467740486817695,0.0483032850778709,0.048999190501022,0.050737861942736,0.0517360102976454,0.0538061705267429,0.055236372601783,0.056443692999264,0.057759595853796,0.0586132332322265,0.0617713067583195,0.0667220054146269,0.0689532625333782,0.0703718782698614,0.071348727038071
2024-06-07,0.0441302269319066,0.0449300863199482,0.0459115238246623,0.0467688113975715,0.0483011772937555,0.0489974607945352,0.0507337496397747,0.0517352166966352,0.0538073539292838,0.0552373522558633,0.0564437356669044,0.0577610371668085,0.0586361169803361,0.0618467388786653,0.0667756369362808,0.0689449783093207,0.0703855048369956,0.071364148860048
2024-06-06,0.0441355287096731,0.0450532132289247,0.045950717246344,0.0467754514017577,0.0482983759604881,0.0489938742200686,0.0507380884004754,0.051732729074861,0.0538059398522172,0.0552349485520487,0.0564398346669069,0.0577592699142123,0.0587625413503745,0.061859818812343,0.0668374753150142,0.0690204585620023,0.07033349302276,0.0713276616086006
2024-06-05,0.0439966915580516,0.0455433551252864,0.0459511780992068,0.0467758020949006,0.0483050775799198,0.0489953309781425,0.0507383058823586,0.0517369792456601,0.0538030219060903,0.0552294977441506,0.0564440024394941,0.0577565016444538,0.0586998252466093,0.061798247859254,0.0667511347954457,0.06892133238936,0.0703269009929944,0.0712631808370853
2024-06-04,0.0441355287096732,0.0455433551253128,0.0459516389613138,0.0467761527933021,0.0483050199954138,0.0489955755182934,0.0507385233661063,0.0517371730396185,0.0538072443557388,0.0552338915757054,0.0564441562852352,0.057760461038638,0.058792819985169,0.0617546658413223,0.066722262558598,0.068924885887532,0.0703301477356244,0.0712662461504196
2024-06-03,0.044132877608683,0.0455433551253128,0.0459520998326651,0.0467765034969623,0.0482667943501356,0.0489958200608851,0.0507387408517185,0.0517373668350286,0.0538086371849737,0.0552340569733791,0.0563741168003606,0.0577606052386316,0.0589384573628856,0.0617525329590324,0.0667970684566443,0.0691309348280113,0.0702367432785563,0.071199740151088
2024-05-31,0.0445511195297149,0.0449300863199486,0.0460696816759857,0.046838146731744,0.0477886969798774,0.0486983633463707,0.0498791173710141,0.0510598713956575,0.0529456337883107,0.0547110283686669,0.0560523093668721,0.0573935903650774,0.0586238978365834,0.0615894555020995,0.0667922194145492,0.0686266708216249,0.0697736125183235,0.0707575456218199
2024-05-30,0.0449387057019333,0.0449273494967454,0.0460669115220421,0.0468448183267918,0.0478066624437542,0.0486983720938548,0.0498779415323636,0.0510575109708725,0.0529448051166654,0.0547116336786842,0.0560518092434406,0.057391984808197,0.0586981144884417,0.0617539324588608,0.0668760563996646,0.0685961598608678,0.0697340639205408,0.0707298095947588
2024-05-29,0.0448098116760516,0.0449328235869399,0.0457640121165152,0.0466252975312213,0.0474287392300163,0.0482496470526982,0.049682124557585,0.0510673775293437,0.0529852179503569,0.0547251144147813,0.0560592638439561,0.057393413273131,0.0586589437478923,0.0616923736413118,0.06687725286657,0.0685213143000314,0.069770313155171,0.070538740998304
2024-05-28,0.0453055350736617,0.0449328235869399,0.0457612778708045,0.0464822252364995,0.0473686241715655,0.0482550231066315,0.0497582826637126,0.05114959736016,0.0529512848238707,0.0547921394063578,0.0561575333488264,0.0574779143041806,0.0588411646419046,0.0618725399398203,0.067132286926146,0.0686838789449213,0.0697579701741699,0.0705557090044666
2024-05-27,0.0456624176751215,0.0446877228424557,0.0457617318652474,0.0464825737547373,0.0473699366688238,0.0482572995829103,0.0497275151777276,0.0511497889596704,0.0529738420980102,0.05479789523635,0.0561898028667632,0.0574780578012944,0.0589239992829564,0.0621694441970194,0.0673982698202387,0.0688730068213869,0.0695911065523298,0.0704391705895928
2024-05-24,0.0448439974723727,0.0448026531495071,0.045240168863794,0.0458844846883942,0.0468863444008392,0.0478882041132842,0.0495047670024161,0.0510861872200452,0.0529033473625506,0.0547404762978308,0.0560992510814978,0.0574137179917844,0.0587724681192196,0.062025421903002,0.0676211886221071,0.0689942927965145,0.0694732661056641,0.0703452985214299
2024-05-23,0.0447701511356015,0.0445548744881222,0.0447531744012587,0.045488973661734,0.0465549883822765,0.0475869813564186,0.0492085538210079,0.0508301262855971,0.0527914088864999,0.0547526914874026,0.0561064462215563,0.0574307715049676,0.0588687536160015,0.062333543465285,0.0676300230287374,0.0690701845795232,0.0692479546449157,0.0701856170470784
2024-05-22,0.0429354189818612,0.0430104234795483,0.0435973008009667,0.0444933237155597,0.0455290494680464,0.0465872909977611,0.0482816091668939,0.0499200706930882,0.0517688501282037,0.0536377249919618,0.0552930261239697,0.0569483272559777,0.0587269016705561,0.0618635024335482,0.0667678622017283,0.0687274203453574,0.0685671925694923,0.0695217222970056
2024-05-21,0.0422211322588507,0.0421074312968044,0.0429633496063604,0.0440144591586887,0.0451029134727772,0.0461913677868656,0.048073246034942,0.0498149844134808,0.0516790887861451,0.0535837171669108,0.0552622519843028,0.0568854504890335,0.0583192521083607,0.0610330782500664,0.0655481466848258,0.0680975641693952,0.068911924104458,0.0699019954953564
2024-05-20,0.0419433194501315,0.0421074312967892,0.0429637758723442,0.0440147891912166,0.045103193560105,0.0461915979289935,0.0480934733075185,0.0498151710186044,0.0517015735543557,0.053587976090107,0.0553005503631678,0.0568855925095114,0.0583391998384008,0.0610877759819747,0.0656134901411767,0.0681202491789358,0.0688819917289675,0.0698797921777949
2024-05-17,0.0419385303544482,0.041938143129181,0.0429650547210808,0.0440101462559908,0.045101889947484,0.0461936336389773,0.0481433530653491,0.0498145411450964,0.0516916593239163,0.0535894051750309,0.0552657529815797,0.0568874372726976,0.0583204547926296,0.0610546916201001,0.0655105668616662,0.0679899489159991,0.0689519788778907,0.069928242356212
2024-05-16,0.042151680875437,0.0419357574552341,0.043001438440512,0.0440161093708564,0.0451214268349568,0.0461914682097773,0.0481410247653779,0.049812073241607,0.0517010473433028,0.0535900214449985,0.0552560937971345,0.0568859471850936,0.0583635049044792,0.0610871746318086,0.0655771497203211,0.0679103278339829,0.0689523396285688,0.0699282523577133
2024-05-15,0.0423699525692082,0.0428435971005636,0.0425527095150052,0.043795921341762,0.0449377643866323,0.0461044301063911,0.0481396072442996,0.049821743450122,0.0517344748877617,0.0535861617050512,0.055236476203662,0.0568867907022729,0.0585444182917131,0.0611963434536655,0.0656367788799876,0.0681595823525232,0.068835102227492,0.0698480081146052
2024-05-14,0.0415861030440986,0.0424313778168825,0.04211216520825,0.0432783168898277,0.0446225757967603,0.0459668347036929,0.0481254143706347,0.0498351804434599,0.0516926096234766,0.0535904176987111,0.0552734501583884,0.056900998031483,0.0585071595879297,0.0612375697069577,0.0656622593727633,0.0681119849306207,0.0688452525619857,0.0698557882858079
2024-05-13,0.0405936669206489,0.0417834320107062,0.0421125830581326,0.0432786414195997,0.0446254141766016,0.0459721869336034,0.0479357923368561,0.0498353671291332,0.0517168442540623,0.0535983213789913,0.0553135973963464,0.0569011400932602,0.0583697331134843,0.0609243433750974,0.065415765264988,0.0679569686569749,0.0687376594728703,0.0696857793994296
2024-05-10,0.0404204789343852,0.0417810637539842,0.0418127933117527,0.0430535127944517,0.0444743720974295,0.0458952314004073,0.0478548407209386,0.0497718498388497,0.0516365247314624,0.053521690556961,0.0552028601883577,0.0568292090709045,0.0582659081512977,0.0608170956792439,0.0652745998696336,0.0679004549551686,0.0686760629357176,0.0696181919388022
2024-05-09,0.0404249281552977,0.0417786958545504,0.0417425095264011,0.0429824755707561,0.0444219397644187,0.045815463611475,0.0477541353445522,0.0496928070776295,0.0515690593094928,0.0534453115413562,0.0551215917426765,0.056761431070055,0.058221651815769,0.0606388335097607,0.0653191119037036,0.0677908923750654,0.0686066745629452,0.0695482363040286
2024-05-08,0.0402661086614426,0.041616502689159,0.0414391520074673,0.0426948432073553,0.0442378476686335,0.0458143957051568,0.0477919103088038,0.0497042321233197,0.0516048682057474,0.0534448456897998,0.0551041603834437,0.0567634750770877,0.0582459322208229,0.0604709431724376,0.0653538600286955,0.0676020067091325,0.0686776410906075,0.0696941735884646
2024-05-07,0.040176769909776,0.041125452887668,0.0415906324449935,0.0426951633762571,0.0442591734442723,0.0458231835122876,0.0478388524193202,0.0497044183226376,0.0515543156632839,0.0534444281635096,0.0551338075447237,0.0567674931001835,0.0579402212366315,0.0601833669876871,0.0651661091994067,0.0675272438270922,0.0685048075370807,0.0695223482101857
2024-05-06,0.040176769909776,0.0414495593576182,0.0415133292627894,0.0426954835499607,0.044258170268544,0.0458208569871274,0.0477949165083016,0.0497046045233505,0.051575745156241,0.0534468857891315,0.0551714736893922,0.0567676348311228,0.0581384138555001,0.0605695588328193,0.0651115909310869,0.067580003979747,0.0685072414556365,0.0694397629639214
2024-05-04,0.0395194311394418,0.0419405291644329,0.0414461466648992,0.0426166597129041,0.0443195040918174,0.046041061046323,0.0479045827222248,0.0497073373869559,0.0515722064696736,0.0534370755523913,0.0551310252844229,0.0567697375251927,0.0584660658732612,0.0607641121671747,0.0654344045329346,0.0678063234899322,0.068241215301752,0.0691957008758506
2024-05-03,0.0395173048290068,0.0419381431291772,0.041446557947154,0.0426143190945804,0.0443279195730175,0.0460415200514546,0.0478938723619279,0.0497059561439127,0.0515614815293088,0.0534373973035554,0.0551318478008055,0.0567710444774931,0.0584668710015293,0.0607638217714134,0.0654354536765855,0.0678070633543964,0.0682417572507596,0.0691958528581402
2024-05-02,0.0395215577547438,0.0418572282219387,0.0413665657012725,0.0425351944187951,0.0442536747877503,0.0459721551567055,0.0478393425712828,0.0497065299858602,0.0515738088855984,0.0534410877853366,0.05512482261399,0.0567719545115857,0.0585639760898804,0.0607925835189247,0.065437102820565,0.0677967094676202,0.0682337993689314,0.0691901187127288
2024-04-26,0.0398513395925263,0.0420559444764984,0.0412753010864433,0.0425450620434556,0.0443115940250721,0.0460401360716002,0.0479022779478297,0.0497848829216001,0.0516410576426891,0.0535178565273457,0.0551979945223271,0.0568416077782872,0.0586828230096926,0.0609199133037766,0.0655179326330831,0.06783665797362,0.0682250828269305,0.0691937236829462
2024-04-25,0.0396825509988444,0.0420607436640352,0.0409040813049499,0.0423245043918881,0.0441174724977062,0.0459695494421776,0.0478297010291725,0.0497102938423981,0.0515643025220142,0.0534389112980706,0.0551080780198349,0.0567772447415991,0.0586302348210381,0.0609465800812445,0.0654388365366082,0.0678900474696582,0.0681122635394564,0.06909376818093
2024-04-24,0.040099545245474,0.0416679563222996,0.0406267081396579,0.0418829189102013,0.0438078608557488,0.0457539560094891,0.0477100713758953,0.0495413283146587,0.0514615626151823,0.0534451013431958,0.0551169345649365,0.0567887677866772,0.0589652608675067,0.0610359164513017,0.0656425195530028,0.0680597363618222,0.0679826092857563,0.0690051022338771
2024-04-23,0.0387789151222628,0.0412750918243953,0.0403256429908697,0.0416622068009069,0.0436211662831195,0.045601652792609,0.0475960742676296,0.0495471387540627,0.051491231718566,0.0534566883420199,0.0551819999823729,0.0567971853478098,0.0589768208365798,0.0611819617467024,0.0657469421827911,0.0681920989899942,0.0681985213836798,0.0692077601777943
2024-04-22,0.0387789151222624,0.0410786306324485,0.040326044656703,0.0415183443694516,0.0435497145763925,0.0456034075328603,0.0475592186392954,0.0494725121129819,0.0514196138221712,0.0533881122534395,0.0550530154929457,0.056681725183767,0.059134109452122,0.0612108891182661,0.0657380643217635,0.068087169794968,0.0680145697531213,0.0690421110616344
2024-04-19,0.0381134710039039,0.0411722633478207,0.0399550678224928,0.0412162290704445,0.0435984899984277,0.0459807509264109,0.0477301213853429,0.0494794918442749,0.0514281814284297,0.0533768710125845,0.055051376696885,0.0566894800837007,0.0591401438788501,0.0613811264367128,0.0656340348647395,0.0680916821242307,0.0680179057465219,0.069044256663176
2024-04-17,0.0381134710038914,0.0417661603899078,0.0405031188699409,0.040846785475869,0.0433985845747665,0.0459784254220036,0.0477923801449044,0.0494905505237903,0.0513980941016028,0.0533685237314312,0.0550301251874439,0.0566917266434565,0.0591247675226752,0.0612990946533172,0.0658982782948769,0.0678604410857929,0.0679529185516802,0.0692905660837582
2024-04-16,0.0377856744725916,0.0413733151839065,0.0401825476340499,0.039740267689969,0.042621505415831,0.0455344050947245,0.0473202088880346,0.0490671908597509,0.0510232043259692,0.0530007124456623,0.0547306464136545,0.0563501590645408,0.0586664497793568,0.0610542278578678,0.0655924743208272,0.0681550085779609,0.0674464557414778,0.0688327378559889
2024-04-15,0.0369511627295422,0.0394079308643976,0.0388885243543564,0.0392204135712693,0.0422178736228102,0.0452482727957967,0.0470712415139164,0.0488545804772945,0.0508522560627319,0.0528718841271301,0.0545168376501811,0.0561260313140353,0.0587446900947224,0.0608560048301739,0.0654574952302683,0.0675604315003788,0.0678667781352998,0.0691562483630864
2024-04-12,0.0367027627005166,0.0368463534393755,0.0385561900974908,0.0385518204217174,0.0418701689419973,0.0451885174622772,0.0470292269670755,0.0488699364718738,0.0508800781542831,0.0528902198366925,0.0545331450808352,0.0561403545588009,0.0585654933097532,0.0606416437089804,0.0651361174286485,0.0675028292250276,0.0680058615906802,0.0692297200803809
2024-04-11,0.0315126626248304,0.0347323879358665,0.0362833266325913,0.0379199881490344,0.0414495693034869,0.0450955102762181,0.0469504246577602,0.0488053390393024,0.0507752254888404,0.0527451119383784,0.0543739085837905,0.0560027052292026,0.05787085888772,0.0600720290087126,0.0647598379676312,0.067014981913793,0.0681183033632049,0.0692622027999405
2024-04-10,0.0312241272609489,0.0344860036883301,0.0359659318599289,0.0379202725688538,0.0414917001919729,0.0451023742724889,0.0469763380201436,0.0488095634254579,0.0507438440087484,0.0527418920837959,0.0543705220565833,0.0559991520293707,0.0576396160050612,0.0599693408045262,0.0645685442145956,0.0670852478939948,0.0682443337537444,0.0694593552667358
2024-04-09,0.0312241272609489,0.03374666877778,0.0356344343348953,0.037775827939318,0.0414220273724162,0.0451082949311528,0.046981194650583,0.0488133791587212,0.0507710279338778,0.0527501893329371,0.0544317832174141,0.0560060413220308,0.0575662985149041,0.0598863114590466,0.0641387529128694,0.0668634256720384,0.0676335314864963,0.0692026337095466
2024-04-08,0.030796260858445,0.0336283498249759,0.0353126116091258,0.0376989133259599,0.0413839252509418,0.0451094318124621,0.0469828289266269,0.0488155000165708,0.0507724948261623,0.0527509950732218,0.0543972329382902,0.0560076830236831,0.0582701610572787,0.0601716342904921,0.0646518634461543,0.0669266119389716,0.0674764128735363,0.0692919849519252
2024-04-05,0.0309455217499286,0.0336252776460537,0.0353116329592799,0.0376258486011332,0.0413463455745221,0.045108181403171,0.0471153465613241,0.0491225117194772,0.0509378665281112,0.0527532213367452,0.0543945535735885,0.0560002046748484,0.05838228520944,0.0605037192374856,0.065355901425703,0.0673681074266854,0.0678468705354387,0.0692743442988965
2024-04-04,0.0312241272609483,0.0347323879358493,0.0356320735266994,0.0377000444234357,0.0413385865170819,0.0450970805478814,0.0471069712225784,0.0491168618972754,0.0509315782031489,0.0527462945090225,0.0543713515242015,0.0559964085393806,0.0590557325911091,0.0620104920090564,0.0654762604218978,0.0676978906907075,0.0674415731229674,0.0691005518728404
2024-04-03,0.0307962608584453,0.03522506539182,0.0346599795931636,0.0376327715840165,0.0413451178508304,0.0450982591315653,0.047176908375678,0.0491228778808047,0.0509015996167705,0.052738960530845,0.0543665000736996,0.0559940396165541,0.0590879728285689,0.0620419349582057,0.0652714432689352,0.0671630537335204,0.0674134986586817,0.0692312917491252
2024-04-02,0.0296616970236019,0.0341607299987411,0.0369444335455082,0.0361070026383766,0.0406549072471114,0.0452527888295686,0.0473701721963189,0.0493092495953429,0.0510570845479005,0.0528241264779588,0.0545544059918109,0.0561742421324385,0.0595561932804525,0.0626015432321409,0.0661190409600533,0.0678104020346538,0.0681431144758701,0.0702502189832466
2024-04-01,0.0263058943946584,0.0321882416301377,0.0333588363816208,0.0374402920878481,0.0414830827797414,0.0455702997429743,0.0477270204578975,0.0496590827650162,0.0514221649257291,0.0532046216156806,0.0548850111041993,0.0565288703864459,0.0583152505005518,0.0624157189054858,0.0661468329192275,0.068061740622968,0.0699455730473491,0.0712518849006359
2024-03-29,0.0248187589869751,0.028808515635714,0.0323809774773656,0.0371473432251747,0.0413728817274714,0.0455984202297681,0.0475937190408319,0.0495890178518957,0.0513972424021747,0.0532253375519073,0.0548516030353045,0.0564599974694336,0.0582027904311489,0.0626392388136816,0.0661019391896594,0.0681630484446581,0.0702216112987819,0.071498043743469
2024-03-28,0.0228967225447418,0.028066122742334,0.0314007288683981,0.0370358896884518,0.0413093893815947,0.0454465007866586,0.0474578754577413,0.049469250128824,0.0513180162351382,0.0531667823414524,0.0548152857037521,0.0564637890660517,0.0579866006859103,0.0621439457424246,0.0659128155273144,0.0678221525266199,0.0700629944414163,0.0719906919696217
2024-03-27,0.022477966775321,0.0273266095169565,0.0310801750427695,0.0367077620159954,0.0409976999946177,0.0453808974945144,0.0475058454104518,0.0495607400983912,0.0514719191754832,0.0533221031756467,0.054857279691035,0.0563924562064233,0.0579821264643253,0.0620703270392671,0.0663645496127065,0.0683127980284723,0.0705038301757143,0.0724740035355764
2024-03-26,0.0223284004604052,0.0270793295690367,0.0310801750427701,0.0366307492712557,0.0409703963759853,0.0453100434807148,0.0474086529988075,0.0494842008738443,0.0513423553242143,0.0532409044365489,0.0548062809145309,0.0563200515745575,0.0582931016518003,0.0625905520443155,0.0665987883580387,0.0686839859029032,0.0710025991461766,0.0734476783820037
2024-03-25,0.0221888001597008,0.0269606242740333,0.0304236848704888,0.0363701307318255,0.0408016488958635,0.0452331670599015,0.0473392375154943,0.0494221643397069,0.0513003881578197,0.0531786119759326,0.0546804138213497,0.0561657123497842,0.058001832166029,0.0621323044468691,0.0663947914728704,0.068357426386865,0.0709652067850966,0.0730629729274733
2024-03-22,0.0218584198217998,0.0268310397835787,0.030422430037926,0.0362896523149483,0.0407283261948928,0.0451670000748374,0.0472571079544002,0.0493472158339629,0.0512145525699566,0.0531024094898623,0.0546111226916238,0.0561032566274318,0.0581176614477184,0.0621840858193316,0.0667639824645736,0.068861164511727,0.0714383108047763,0.0735253063290804
2024-03-21,0.0215206451786542,0.0268300607857752,0.0304211753431087,0.0359942449029155,0.0405747813960605,0.045009130554318,0.0471055189100287,0.0492019072657394,0.0510808406236954,0.0529597739816514,0.0544544152613193,0.0559490565409871,0.0579557594259007,0.0619893296750048,0.066452090819571,0.0685137832469411,0.0713124911974082,0.0731943287923111
2024-03-20,0.0208623529239507,0.0267825530480188,0.0315209195624939,0.0359268368308966,0.04041779133821,0.0450063752913345,0.0471774504457434,0.049276951693963,0.0511478947456113,0.0529591268488026,0.0544515390995233,0.055943951350244,0.0579545864887329,0.0620564118714182,0.0665050280956269,0.0685360366181734,0.071171598249141,0.0728718430685269
2024-03-19,0.0199844604380102,0.026584677431819,0.0313642271214001,0.0365167234165416,0.0409161104184038,0.0453154974202661,0.0474135026825585,0.0494884529419685,0.0514057296985269,0.0533646863845758,0.0547863102094889,0.0561610673148994,0.0583574752296294,0.0622884666454858,0.066943294738356,0.0690253516481584,0.0717918117307489,0.0734771513290773
2024-03-18,0.0202638108796578,0.026386782129301,0.0313642271214004,0.0364493534928935,0.0409223330628153,0.0453953126327371,0.0474541495993481,0.0494903619839083,0.0514090399721473,0.0533277179603862,0.0547937371671004,0.056243646272642,0.0586994881307528,0.062400313041748,0.0673726362230448,0.0693678576298865,0.0721728959181028,0.0738536871300604
2024-03-15,0.0202626909464958,0.0265837162663299,0.031362893818902,0.0365910694199449,0.040993030341789,0.0453949912636331,0.0474415519949058,0.0494881127261785,0.051397307081802,0.0533274815951796,0.0547940549457262,0.0562445121056074,0.0585223013468923,0.0625172772263981,0.0674508619851747,0.0693647566327742,0.0723024686093448,0.0739705616004471
2024-03-14,0.0198248228066911,0.0267806021537426,0.0314398959085471,0.0368176129743115,0.0412089017382305,0.0454600429884074,0.0475474380637679,0.0496348331391285,0.0515205684182012,0.053406303697274,0.054899706516652,0.0563931093360301,0.0586427048824223,0.0626297063263155,0.067448712192929,0.0694739057109354,0.0726357054184767,0.0743803397102531
2024-03-13,0.0198248228066911,0.026584677431818,0.0313642271214003,0.0368178891837479,0.0410915501545397,0.0454581167986095,0.0475837574215836,0.049639321980064,0.0515532942517055,0.0534061823019117,0.0548977417114264,0.0563893011209412,0.0586949830569478,0.0626357852340907,0.067644492122703,0.0694389619051808,0.0725908018860595,0.0743496611850872
2024-03-12,0.0196352447990216,0.0259909324498066,0.0313642271214004,0.0366732454616439,0.041070655504537,0.04546806554743,0.0475671722690485,0.0496432118838359,0.0515035291009034,0.0534042879966028,0.0549253631203636,0.056396292910374,0.0584427764436134,0.0626486816261986,0.0674248737404041,0.069565188046733,0.0727219661609683,0.0744604631314
2024-03-11,0.0179086714067773,0.0260899022551071,0.0315209195624959,0.0367797980578824,0.0412553450535294,0.0457308920491765,0.0477312071591685,0.0497095407844353,0.0517094406880916,0.0537093405917479,0.055445512972353,0.0571626065355889,0.0591596961649506,0.0632408298464527,0.0683890402808305,0.0707173039996044,0.0741791097007993,0.0762762239626418
2024-03-08,0.0180575143797836,0.0261582474781987,0.0317447667926236,0.0375972233503831,0.0417766503218406,0.0459560772932981,0.0479412106557444,0.0499263440181907,0.0518786512452191,0.0538524123978193,0.0555874097771732,0.0573033412512594,0.0593268574024856,0.063622355572174,0.069040057956139,0.0713128786578403,0.0740753986382568,0.0766898343360035
2024-03-07,0.0190764360074482,0.0262562642124335,0.0321153446627833,0.0378237865103996,0.0423013361550643,0.0466359852791546,0.0483493494392899,0.0500627135994252,0.0519470419200464,0.0538313702406675,0.0555603023811972,0.0572892345217269,0.0591203203861045,0.0634452812030566,0.0683671920352306,0.0705870573511556,0.0745366938485026,0.0770329239543225
2024-03-06,0.0176990363435423,0.0265846774318156,0.032196444471999,0.0378626750998435,0.0421990402317034,0.0466296741707777,0.0484167413506528,0.0501448942278947,0.0520164512119209,0.0538282776539038,0.0555550334497768,0.0572817892456498,0.0589811358552401,0.063149765580898,0.0679634799407046,0.0705345524921854,0.075105309455261,0.0777125668867802
2024-03-05,0.0181981492868851,0.0265846774318192,0.0323432523533781,0.0380077150732035,0.0423945975955428,0.046781480117882,0.0485448346789176,0.0502888117173045,0.0521085880351547,0.0539679247077407,0.055727722720299,0.0574295054137619,0.0591224468228924,0.0631331969578363,0.0679394394398891,0.070518232443255,0.0753834742018019,0.0780224437972141
2024-03-04,0.0181981492868851,0.0265846774318192,0.0324215432691277,0.0380851954118175,0.0424724493580947,0.046859703304372,0.0486223604747302,0.0503656477860736,0.0522077004291399,0.0540497530722063,0.0557874940660935,0.0575061390051028,0.0591345177392669,0.0632504288840954,0.0679409792495217,0.070542333310496,0.0753881835301515,0.0780287273708097
2024-03-01,0.0188259755912284,0.0267499532279691,0.0324983983880989,0.0381588356984496,0.0424600224192446,0.0468557407163208,0.0485910537260971,0.0503653625338459,0.0522169693214025,0.0541296180909663,0.0558096021118503,0.0575084623576881,0.059210737200325,0.0632760637797399,0.0679220900475687,0.0706260264214973,0.0752761776986971,0.0780455966372633
2024-02-29,0.0181990528118144,0.0267548199204135,0.0332448172712806,0.0388290604557607,0.0429436518452754,0.0471496785990016,0.048921902498347,0.0506375660604792,0.0524344725111297,0.0544151534851422,0.0560763184610405,0.0577941140611172,0.0593545736185839,0.0636198727836493,0.0684764282325799,0.0710340665739718,0.0754862336449741,0.0782924468157912
2024-02-28,0.0191971926223946,0.0267548199204135,0.0330198373172967,0.0386728018071982,0.0428075613319225,0.0470816947732106,0.0488082901742539,0.0505724202579286,0.052407868395472,0.0543488020581617,0.0560613453388948,0.0577192329830087,0.0595109807062866,0.0636359412852986,0.0682795910283186,0.0708957459617319,0.0755223580181014,0.0786536202877973
2024-02-27,0.0188079472370239,0.0269823891271203,0.033244817271281,0.0388273630440012,0.0429188869175956,0.0471483273262549,0.0488950423173158,0.0506417573083766,0.0525021743965518,0.0544253021730925,0.0560900096438953,0.0577909064075416,0.0595127707967654,0.0635372387983174,0.0682985078196992,0.0710588320746777,0.0752548705624076,0.0786484898987332
2024-02-26,0.0185878851826398,0.0273781003325218,0.0330980955122724,0.0388951405303043,0.0429902262993087,0.0472233486672682,0.0489710745297058,0.0507188003921433,0.0525734109055721,0.0544905363801276,0.056176137529705,0.0578617386792824,0.0596827820202123,0.0644347269908343,0.0687208949561883,0.0714891967813095,0.0751618372786996,0.0790504795215291
2024-02-23,0.0186981533405601,0.027378100332522,0.0332418228059356,0.0390479496875142,0.0430692381948007,0.0473647054639476,0.0491195011609865,0.0508742968580254,0.0527606164262302,0.0546469359944351,0.056322461050451,0.0580163984697199,0.0598152838728459,0.0644075542890421,0.0685890207913439,0.0713543836736588,0.0753749105020225,0.0783811820131422
2024-02-22,0.0186981533405601,0.027378100332522,0.0330198373172971,0.0388242524173696,0.0429069540285881,0.0472242936634398,0.0489618037105271,0.0506438613093032,0.0524906003972432,0.0544212821709988,0.0561286112573373,0.0577992235891309,0.0595977290499569,0.0639824221978901,0.0683963543649876,0.0708422410691618,0.0754610031523198,0.0786085339137389
2024-02-21,0.0185883564797459,0.027378100332522,0.0325012609389982,0.0383083198520011,0.0424337630716553,0.046698266175118,0.0483962707477453,0.0501311884632557,0.0519628211055398,0.0538997199916333,0.0556167254297926,0.0572789328220531,0.0591982838917154,0.0634214216329534,0.0680065020541686,0.0705743775238605,0.0752677801948352,0.0783235603211237
2024-02-20,0.0133745852305127,0.0269823891271362,0.0321195383814465,0.0380867059959775,0.0422892261756568,0.0466334043389208,0.0483174009397301,0.0500563104731746,0.0518768704472324,0.0538244462334339,0.0554961520725251,0.0572041993429008,0.0590410800551828,0.0633667707896684,0.0678727915213161,0.0703534228187671,0.0752589385817616,0.0784104698902272
2024-02-19,0.0129245811028805,0.0271802544630517,0.032119538381413,0.0380869909929057,0.0422503705790002,0.0465540888028282,0.0482477367023142,0.0500150214669952,0.0517732563424772,0.0536762870312342,0.0553674914580154,0.0570586958847966,0.0588819191056484,0.0631741774045914,0.0677554543009315,0.0703362981659107,0.0750612886600497,0.0781004734404871
2024-02-16,0.0129248090672673,0.0275759267393609,0.0319307676425302,0.0380856400947991,0.0421011359529601,0.0463904156196322,0.0480626397097261,0.0498634964221349,0.0516190929313755,0.0535209891497194,0.0552044611320578,0.0569064328065098,0.0587402864969146,0.0629623529783732,0.0675715466761852,0.0700776315262691,0.0749489332134034,0.0779697798199869
2024-02-15,0.0132046756337283,0.0270813242286325,0.0319335314568083,0.0381223072401364,0.0422591718609064,0.0466337873219505,0.0483442365456529,0.0501274708427043,0.0517304643122408,0.0535907283386166,0.0553252390018966,0.0570597496651766,0.0590403245618123,0.0633960964143252,0.0679787932601502,0.0702616076553607,0.0753064644812533,0.0784491304462842
2024-02-07,0.0131447058480129,0.0281692892223451,0.0320118533189178,0.0381290099750933,0.042379483493519,0.0467732314002062,0.0485836585025198,0.0504334427157531,0.0521498497781491,0.0539649009245908,0.0556045997600099,0.0571919677815327,0.0592941941605255,0.063731640737752,0.0680829420510848,0.070466417506482,0.0757144209612158,0.0799573099246758
2024-02-06,0.0139242440911363,0.0277737336873981,0.0320803811812999,0.0381968399369079,0.0424875052329225,0.0469227996962184,0.0487581914352955,0.0505935831743726,0.0523286415023786,0.0541221849425645,0.0557152847900647,0.0573430172429454,0.059458239650011,0.063873350696075,0.0684660599304143,0.0706587968898284,0.0758027394551139,0.0800730872042567
2024-02-05,0.0129245811030639,0.0279715211804652,0.0319335314568174,0.0381971257879085,0.0424869910190917,0.0469214584490788,0.0487576154800324,0.0505937725109861,0.0524019363142915,0.0542710494592813,0.0558091632037423,0.0573472769482033,0.0594250457218596,0.064000415395633,0.0684243091311864,0.0706389696453682,0.0756494870177828,0.0801624796115344
2024-02-02,0.0127049003954062,0.0273286406899259,0.031774137082378,0.0383501130407719,0.0428990558600901,0.0474479986794084,0.0492069308927424,0.0509658631060764,0.0527671452346242,0.0545684273631721,0.0561137826769669,0.0576761199172869,0.0598147628337608,0.0642640183655777,0.0685575321376387,0.0711083494580262,0.0760041633889864,0.0805375806753931
2024-02-01,0.0121448778989366,0.0279517433065182,0.0314830916075024,0.0382709863858034,0.0428624809618848,0.0473026075849086,0.0491649178323274,0.0509677926463179,0.0527460403088545,0.0545242879713912,0.056046464043569,0.0575686401157468,0.0593927219846015,0.0641075367775015,0.0683848548674168,0.0708135644754642,0.0760157325937732,0.0805170752881789
2024-01-31,0.0124845543987501,0.0275759267393611,0.0289538926313702,0.0384908560319539,0.0429974051559691,0.0473058642085991,0.0491153020563654,0.0509640755095179,0.0527977395850808,0.0545709531966142,0.0560929218066421,0.0575663169503924,0.0593828388354023,0.0639744706189028,0.0683019991474837,0.0706583936584675,0.0761130848716862,0.0802096167249025
2024-01-30,0.0114846509129587,0.027249502731479,0.0282963011005348,0.0382670857904005,0.0428354435874713,0.0471527927143735,0.0489914945026702,0.0508301962909668,0.0526988622724955,0.0544283722766764,0.0559046603567879,0.0574130416560323,0.0593268499228343,0.0637678072364709,0.0682986524617898,0.0706292428268869,0.0758644083849822,0.0812286346610819
2024-01-29,0.0115944458595972,0.0272495027314799,0.0286300447224896,0.0388628491216857,0.0430501834928942,0.0475330944079527,0.0493277825617526,0.0511224707155526,0.0528543783001215,0.0546055293022967,0.0561577144913898,0.0577098996804829,0.0596290533391799,0.0642545011824788,0.0684169956704631,0.0708565880456277,0.0760482062118609,0.0806192330674116
2024-01-26,0.0117049786306229,0.0279022977706519,0.0286278213060764,0.0390398563077731,0.0429417710385818,0.0473671133552308,0.0489422122200179,0.050517311084805,0.0521161607057045,0.0536802527261497,0.0551179820798966,0.0565715106573109,0.0584976419260349,0.0630302814620027,0.0673187806392779,0.0694583953329049,0.0749703765646277,0.0787198227753247
2024-01-25,0.011814957958422,0.0279022977706517,0.028630044722488,0.0390378264162059,0.0429630514213616,0.0473728721061662,0.0489706196186505,0.0505173751892471,0.0521135188568662,0.0536749637491022,0.0551244696849871,0.056573975620872,0.0582155270979947,0.0628077993383462,0.0669481336961982,0.0690549389902133,0.0752357716538039,0.0787474759854125
2024-01-24,0.012594725117278,0.0279022977706517,0.028630044722488,0.0393193121298411,0.0433239625757049,0.0473731091376339,0.0489117537821695,0.0504838472233255,0.0520548328943003,0.0536793748949673,0.0551374617487111,0.0565490139156333,0.0578032083124314,0.0624400680223381,0.0665693036279578,0.0689300520322572,0.0753877249395508,0.0790310332083713
2024-01-23,0.0130345270866663,0.0282385034424174,0.0289538926313899,0.0396183746370832,0.0437928113570659,0.0480136307072706,0.0495320349294622,0.0510504391516538,0.0527680295612876,0.0545047043088062,0.0556906732973103,0.0569024242203472,0.05870702375873,0.062907660927021,0.0669482745750154,0.069382714180601,0.0755938772532357,0.0792881283830549
2024-01-22,0.0128146321134977,0.0282385034424174,0.0294444217264143,0.0400618435116797,0.044199928649182,0.0483839925104344,0.0499373962623049,0.0514908000141755,0.0529833332104632,0.0544924501089319,0.0558026773991082,0.0571129046892845,0.0587906580138904,0.0633143560453834,0.0673118995480931,0.0695407793195944,0.0759489777818777,0.0779166450034125
2024-01-19,0.0127046801183507,0.0282385034424174,0.0297656692803349,0.0400602949413926,0.044219624620996,0.0483789543005994,0.0499367076346187,0.051494460968638,0.0529942394979676,0.0544940180272973,0.0557976648742348,0.057115637510699,0.0591285179405392,0.063532123445527,0.0672313187071545,0.0694779256326784,0.0757293431212223,0.0794483630281783
2024-01-18,0.0129243531492122,0.0282385034424174,0.0301014484246274,0.040058146907877,0.0441517761340576,0.0483849609020399,0.0499852069613052,0.0515343813378279,0.0530115622265953,0.0544887431153627,0.0558028782559509,0.0571170133965391,0.0590452985097819,0.0632899938061912,0.0671593944073695,0.0693720605482606,0.0755195522096424,0.0795328209880331
2024-01-17,0.0135942055018559,0.0295531212048048,0.0301014484246274,0.0403907909881436,0.0445832336712028,0.0488222590507404,0.0503984045042609,0.0520088139893796,0.0533712511877735,0.0547801351088399,0.0559928354984716,0.0571668326841788,0.0591908925856057,0.0634512486965857,0.0671189510164266,0.0694335314681638,0.0767715045497003,0.0797821549196991
2024-01-16,0.0148132353166753,0.0308668801405897,0.0304249398408165,0.0408339441854672,0.0449894649548427,0.0491911581772113,0.0507830104630451,0.0523748627488789,0.0538287233138101,0.0552987378850183,0.0564797238034674,0.0576863833288392,0.0592894713835594,0.0634106411650223,0.067128041220385,0.0695526618166107,0.0770579229938335,0.0797036866947731
2024-01-15,0.0178092792040054,0.0308668801405899,0.0349749180388357,0.0408342498196113,0.0450429662690664,0.0492984462346266,0.0509153120709589,0.0525321779072912,0.054040026461374,0.05556462888828,0.0567408693858076,0.0579171098833353,0.0598268320497166,0.0637955568317708,0.0673393825381906,0.0696760453271061,0.076127102028747,0.0804801976833915
2024-01-12,0.0187974841185586,0.0314494007550995,0.0351278586061478,0.0409865995220111,0.0451764101093207,0.0493662206966303,0.0509826825665784,0.0525991444365265,0.0541146054025084,0.0556300663684904,0.0568005606182989,0.0579839174422812,0.0581729879036485,0.0614249872650321,0.0648029610794305,0.0671323008233456,0.0734858786887711,0.0777213207215161
2024-01-11,0.0189970919981928,0.0314494007550995,0.0351995689717485,0.040984345636187,0.0451080778820125,0.0493723919089458,0.0510116826929605,0.0525986556859959,0.054111637774425,0.0556246198628541,0.0568053557786658,0.0579860916944774,0.0577034472826105,0.0611426102264815,0.0645335137843029,0.0669323228853126,0.0737323416011787,0.0769513100178093
2024-01-10,0.0191966899719215,0.0314494007550995,0.0353558256010263,0.0409897740998618,0.0451580494458612,0.0493726389623717,0.0509851758974992,0.0525977128326267,0.054105131437012,0.0556292991370017,0.0568241323844579,0.0579808326559315,0.057796211256702,0.0609096843885128,0.0643069126325299,0.0665718151395319,0.0738813326813051,0.0761357646883789
2024-01-09,0.0195958562055994,0.0315283736116966,0.0356585208142552,0.0410670706181365,0.0451967046270091,0.0493722234582026,0.0509840194290512,0.0525958153998998,0.0541040353231291,0.0556290132455053,0.056790581795838,0.0579774018363952,0.0576808936273981,0.0613589241646826,0.0641973836554943,0.0664511258402949,0.0736264949627407,0.0758522512912749
2024-01-08,0.0198952048851701,0.0319824073620632,0.0359513863704522,0.0388611840958875,0.0442745460675011,0.049748056505466,0.0513151306670155,0.052882204828565,0.0543544210241266,0.0558429951774167,0.0570871493486473,0.0583313035198779,0.0582474187235059,0.0614649300715199,0.064433632766159,0.0667163528099969,0.0753766856477105,0.0753651623102365
2024-01-05,0.0210923768532897,0.0320613592903279,0.036250388287931,0.0393418072273946,0.0445991127739826,0.0497421290695578,0.0513063621082514,0.0528705951469451,0.0543577545531366,0.0558449139593281,0.0570770187505656,0.0583226631548935,0.0581061347554204,0.0614953155167593,0.0647716468031286,0.0670044325689242,0.0750258859104353,0.0755554381673422
2024-01-04,0.0219900220344973,0.0320613592903277,0.0362149104822842,0.0433315288029317,0.0465579137132435,0.0498942890182249,0.0514663754557514,0.0529882889218674,0.0544907613061051,0.0559932336903428,0.0571954830039489,0.0583977323175549,0.0583059515405697,0.0625841496606461,0.0654089356869868,0.0677368695599605,0.0749042443626311,0.0757700750942197
2024-01-03,0.0237348699218164,0.0326632658390558,0.0369661567880021,0.044201354333584,0.0472134324083284,0.0502589780172365,0.0517831769540741,0.0533405106504082,0.0548253095590357,0.0563607266122755,0.0575720924767754,0.0587447977285785,0.0585550278262985,0.0629309063608248,0.0659274919181059,0.0681902012416715,0.0752281561626799,0.0761710425149821
2024-01-02,0.0253593904937968,0.0333537563576881,0.0379411711048663,0.044134526717619,0.0475878862400832,0.0510796164239081,0.0526353687680947,0.054241852166983,0.0557879505423241,0.0574051339004395,0.0585501161135658,0.0597199892443687,0.0592998021881403,0.0636362600819415,0.0663541738814439,0.0686268845231672,0.0763934912259275,0.0772654007347581
2023-12-29,0.025566327682608,0.0337815050410865,0.0343356140290984,0.044112060208317,0.047763637297319,0.0514154336739194,0.0529861887645163,0.0545569438551132,0.0562151680878488,0.0578733923205844,0.0590827546423702,0.0602789717215278,0.0597167287933877,0.064191234032444,0.0663992136405765,0.0687745410695043,0.0770964775316192,0.0779067357781228
2023-12-28,0.0255655580529477,0.033744647988917,0.0343336814416032,0.0440323753685946,0.0475623800099224,0.0513333009464012,0.0529072752100481,0.0544812494736949,0.0561379454184781,0.0577946413632613,0.059000287456557,0.0602059335498527,0.0596426368932611,0.0639000287474497,0.0662411553518969,0.0686856730963523,0.0770773801015425,0.0778686517133688
2023-12-27,0.0256743728629681,0.0337835779730617,0.0343365230667899,0.0441140168821753,0.0476866902577984,0.0513393108105229,0.0529302821135368,0.0544704777366672,0.0560749869120007,0.0577888944401978,0.0589936337073315,0.0601983729744651,0.059577160455091,0.0639060422203123,0.0659583762314301,0.0685198418242992,0.0772617060620096,0.0780080198835468
2023-12-26,0.0255640189326297,0.0337830722384475,0.0343361810048155,0.0440369299979143,0.0476092224202442,0.0512615643903873,0.0528339898977249,0.054389323823461,0.0560297976004235,0.0577067263502073,0.0589323692109373,0.0601188958101546,0.0597418744128574,0.06364770150239,0.065885227965138,0.0683439938063284,0.0772180199176932,0.0779554991109494
2023-12-25,0.0253440848909186,0.033782566518974,0.0343358389496561,0.0440366003727722,0.0476090009431808,0.0512615643903858,0.0528339898977228,0.0543893238234582,0.05602979760042,0.0577067263502032,0.0589215604089311,0.0601231897496294,0.059866212105523,0.0635553769740302,0.0659963560226982,0.0681336713405849,0.0772050899238323,0.078019035917841
2023-12-22,0.0251126778269718,0.0336202987051126,0.0343332284273783,0.0439562586270925,0.0475646097808141,0.0511739362524438,0.0527450119256158,0.0543160875987878,0.0559748469913659,0.0576336063839439,0.0588429735204549,0.0600391953620039,0.0594570728443135,0.0634217009053984,0.0659085925072183,0.0682662279785796,0.0769508286518549,0.0778480441024398
2023-12-21,0.0251119220129157,0.0329621786874199,0.0343313046093502,0.0433871862924378,0.0468796315603009,0.0506112408337431,0.0521873036834813,0.0537633665332195,0.0554201188872981,0.0570768712413768,0.0582834280994949,0.059489984957613,0.0589609816795315,0.0629430036508937,0.0653036255902159,0.0677341059428923,0.0763354324786768,0.0772317298525357
2023-12-20,0.0250613591107074,0.0329616852933279,0.0343341287760802,0.0433919126026632,0.0469643155905902,0.0506174361387401,0.0522118063811816,0.0537552924669495,0.0553587280942494,0.0570714888779561,0.0582779557328965,0.0594844225878369,0.0589071449452317,0.0627228280894451,0.0651986997876037,0.0673854068409013,0.0765281964424466,0.0773154466100742
2023-12-19,0.0251701764684843,0.0329611919140129,0.0346561817311282,0.0433915878201911,0.0469640965303047,0.05061743613874,0.0521973560292704,0.0537601028775124,0.0553999450090027,0.0570762280767484,0.0582979745696772,0.0594807291532573,0.0588125681513743,0.0627089762540148,0.065306765753972,0.0675127567028462,0.0766435916360396,0.0774279471479916
2023-12-18,0.0254981059297613,0.0328818058287753,0.0346558365121977,0.0433144556864283,0.0468869256680767,0.0505403366266525,0.0521157131296713,0.0536739659750485,0.0553382537043301,0.0570395256053734,0.0582511744373188,0.0594496531732649,0.0586809053069512,0.0626914784087115,0.0652484980125876,0.0675834166202559,0.0770398647636939,0.0776243243992464
2023-12-15,0.0258343925777487,0.0328774816623266,0.0346531954847855,0.0435509419111417,0.0471216734654408,0.0506941212019227,0.0522654674213154,0.0538368136407081,0.0554366316838711,0.0570364497270342,0.0582447616952907,0.0594399398378053,0.0586226390670091,0.0626685535675939,0.065129834886892,0.0673279300802879,0.0772514164229666,0.0777878164477844
2023-12-14,0.0256045800739694,0.0329587252389709,0.0346512474527976,0.0436248476310499,0.0470396061097324,0.0506890019441195,0.0522620533494737,0.0538351047548278,0.055434637545412,0.0570341703359962,0.0582377190265511,0.059441267717106,0.0585815284141699,0.0628869066948885,0.0653283287568968,0.0676342410819381,0.0769714719335845,0.0775182824248992
2023-12-13,0.0258826249024362,0.0330765563379074,0.0354743509646485,0.0436296152143538,0.0471220661887849,0.0506941876070603,0.052286031724161,0.0538270723056095,0.0553748497591406,0.0570281574935942,0.0582319571053594,0.0594357567171247,0.0591971325382179,0.0643921498787181,0.0657711230375964,0.0682234380705921,0.0767483313791322,0.0773948473325958
2023-12-12,0.0258818461262992,0.0330760612910414,0.0354739976168646,0.0436292886698196,0.0471218474308414,0.0506941876070604,0.0522716079758171,0.0538318824710005,0.0554147933349266,0.057032879995829,0.0582519324081716,0.0594320788924608,0.0590187892635038,0.0649674942319682,0.0659829206283063,0.0684792785759603,0.0766033637130781,0.0771943868080413
2023-12-11,0.0258810673970258,0.0330755662589938,0.0354736442761178,0.0436289621301734,0.0471216286687994,0.0506941876070604,0.0522716079758171,0.0538318824710004,0.0554147933349266,0.057032879995829,0.0582411416681389,0.0594362700614019,0.0591953963976728,0.0649488072981194,0.0660428324091145,0.068453339041255,0.0765814235755336,0.0771756349658957
2023-12-08,0.025988244290479,0.0330712365853412,0.0354709108989202,0.0436254407702096,0.0471577078288261,0.0506924158375477,0.0522634320754228,0.0538344483132979,0.0554348583190378,0.0570352683247777,0.0582432892739675,0.0594381795606661,0.0588405563099804,0.0649841860712112,0.0660087765999389,0.068515300162908,0.0765990188581502,0.0771881285780297
2023-12-07,0.0260969689756721,0.033162317008004,0.0354688867656984,0.0437089278725635,0.0471240758267897,0.0507746817058389,0.0523426918715312,0.0539107020372236,0.0555101861103365,0.0571096701834493,0.0583132899600279,0.0595169097366065,0.0591270985355256,0.0649945317156394,0.0658925745686275,0.0685277078025384,0.0764725685653006,0.0770797030985269
2023-12-06,0.0262156385553212,0.0331618207221477,0.0354718776779624,0.0437137022376059,0.0472070816554799,0.0507809126015409,0.0524121560559193,0.0539913385489879,0.0554965303578231,0.0571043488808971,0.0583062503517005,0.059508151822504,0.0588935201414331,0.0645610090625289,0.0659770522462092,0.0684611858883824,0.0765984533212078,0.0771206118081651
2023-12-05,0.0260953988554051,0.0331613244511482,0.0354715243794459,0.0437133750808651,0.0472068625392716,0.0507809126015408,0.0523973314060612,0.0539961804409674,0.0555355272760743,0.0571090818186281,0.0583261804256668,0.0595044354601405,0.0587153076543983,0.0648061561898698,0.065750028170125,0.0682940333310072,0.0766638756401049,0.0772193600848361
2023-12-04,0.02632355174416,0.0331608281950022,0.0354711710879668,0.0437130479290211,0.0472066434189581,0.0507809126015407,0.0523973314060612,0.0539961804409673,0.0555355272760743,0.0571090818186281,0.0583154115200357,0.0595086289420803,0.0587140524909403,0.0647140489932683,0.0657973911140236,0.0684515986141039,0.0766089013587583,0.077177074543709
2023-12-01,0.0261519779744239,0.0306909448182524,0.0354651180714265,0.0437862787563879,0.0472916242129972,0.0508001299161416,0.0525137260396152,0.0541536191040148,0.0556796395755117,0.0572056600470087,0.0584270998227795,0.0595835693977115,0.0601815350542235,0.0649467512998974,0.0656389442737766,0.0682673786366134,0.0765860916659038,0.0773092943116615
2023-11-30,0.0262805751592139,0.0306940937057357,0.03547142093481,0.0437833987468152,0.0472319564089261,0.0508014032823884,0.0525409137703838,0.0541535849519629,0.0556754651969731,0.0571973454419832,0.058431147768588,0.0595861967551968,0.0602249987443433,0.0649428239420383,0.0656498123973398,0.0682779576679477,0.0765774129552775,0.0773026133211107
2023-11-29,0.0262791259141361,0.030693631883463,0.0357931510598712,0.0438649373028738,0.0473897080900131,0.0508792025668674,0.0525376445555575,0.0542321396309582,0.0557862828683705,0.0572891906144396,0.0585359441201599,0.0596670194655557,0.0602253988824314,0.0645607695830371,0.0663572699993422,0.0689060216321173,0.076120473787943,0.0774658601592016
2023-11-28,0.0262783441230393,0.0310188663877457,0.0364464773801433,0.0438262302639577,0.0474079524329542,0.0508763815290032,0.0525572424302082,0.0542381033314133,0.0558216450437018,0.0572872634369902,0.0584628692346766,0.0596640316801389,0.0603722818883706,0.0647395297765766,0.0665442189795104,0.0689888993840858,0.0760950033230169,0.077632498105607
2023-11-27,0.0263969718807395,0.0315117709926284,0.0389213319617178,0.0432308473653568,0.0470732989479862,0.0507943209729163,0.0524804248042077,0.054166528635499,0.0557070275243332,0.0571972927537488,0.0583547290319153,0.0595121653100818,0.060118621577692,0.0644745945537746,0.0663418747102109,0.0690855534089972,0.0754571654047182,0.0773860687831573
2023-11-24,0.0266420558792307,0.0315103487245743,0.0389161721878591,0.0432273931593498,0.0470056104998367,0.0507880297712984,0.0524779780911525,0.0541679264110066,0.0556996406206956,0.0571980566953914,0.0583493028955836,0.0595132001529207,0.0599721715129537,0.0644658510900777,0.0662210969466586,0.0689248024443545,0.0759349352439871,0.0777936656172186
2023-11-23,0.0270802844956398,0.0315098746637532,0.039163142204856,0.0436180291687121,0.0473038422280393,0.0508721089933406,0.0526253092426705,0.0543225562925538,0.0558409570715401,0.0573593578505264,0.0585562448494956,0.0597531318484647,0.0600322862389474,0.0644040685520026,0.0660831205130671,0.0688700763529838,0.0760945538543386,0.0779284664105755
2023-11-22,0.027079479014217,0.031677106658723,0.0391627507691201,0.0436227588054673,0.0472989583604568,0.0507053588443927,0.0524919052990372,0.054317289720087,0.0558687274224629,0.0573690188269582,0.058553008670924,0.0597498679697154,0.0601264927515708,0.0642832165214359,0.0672061707759929,0.0698251248401735,0.07597958007035,0.0776709068499167
2023-11-21,0.0271980375643074,0.0323275817556932,0.0392402256442821,0.0438239345121356,0.0474006853443798,0.0508650212728244,0.0526741338330661,0.0544832463933078,0.0560649848118917,0.0575289341993045,0.0587051513379876,0.0599069384144681,0.0587063456267221,0.064805739302307,0.0674327386925059,0.0700576553674782,0.0759982785470754,0.0777045029427886
2023-11-20,0.0274458846822568,0.0323270954218706,0.0392787645055876,0.043900358033939,0.0474777425384674,0.0509427952548073,0.0527511603965926,0.0545595255383779,0.0561585023092616,0.0576059970702721,0.0587966579544334,0.0599873188385947,0.0585198695646861,0.0649644304575566,0.0674324064943743,0.0698572858510548,0.0758218747614156,0.0775372633610591
2023-11-17,0.0278200093034051,0.0323256365081998,0.0394389442698934,0.0441365944810228,0.0475342949417473,0.0509364899854876,0.0527453873623872,0.0545542847392868,0.0561977593049574,0.057606451789818,0.0587884492539004,0.0599834357011045,0.060316753946909,0.0642151615506784,0.0674133969788635,0.0694322715549152,0.0759869782844784,0.0776697120892408
2023-11-16,0.0285662174395144,0.032325150232905,0.0397637172766832,0.0447950856424657,0.0480418954777126,0.0511858210135684,0.0529721196934812,0.0547014088410563,0.0563494746119885,0.0577621024156446,0.0589494722079204,0.0601368420001962,0.060525301121476,0.0657432461958994,0.0675857703084449,0.0700259017715913,0.0759632298184542,0.0776168807473269
2023-11-15,0.0293109209711966,0.0344632360548566,0.0407358246939326,0.0450204909801657,0.0483820536759317,0.0514975433682384,0.0531975331443526,0.0549344792199476,0.0566083156887325,0.0579917927700751,0.0592008831975469,0.0603713856326526,0.0607098233012807,0.0662979471307959,0.0680850152804467,0.069911163299309,0.0762245734120597,0.0781343738631547
2023-11-14,0.0309190887551743,0.0349551463337943,0.040822907396593,0.0460162246999543,0.0489215139369723,0.0517360776892511,0.0534019651863249,0.0550678526833986,0.056832077769331,0.0582294837779903,0.0593984933247175,0.0605929161224605,0.0604672321146352,0.0669110597018211,0.0687098928612037,0.0709798440043212,0.0763347911340306,0.0784442223225707
2023-11-13,0.0306789307291871,0.0349546205264535,0.0388769473502933,0.0461786040462202,0.0490408431166293,0.0518137835288324,0.053482571860506,0.0551513601921797,0.0567550674674008,0.058306479940169,0.059488747793587,0.0606710156470051,0.0611168732966886,0.0677292249041692,0.0686819008838923,0.070937228853616,0.0763917211845401,0.0784057223909672
2023-11-10,0.0299189661197321,0.0351204313993785,0.0391929725659713,0.0463374203904958,0.0493508900921507,0.0523689812629014,0.0538814267659105,0.0553938722689196,0.0569815180189737,0.0585346497309832,0.0597168125114392,0.0609119660916805,0.0615129478515268,0.067803321483825,0.0690321966778913,0.071367132018584,0.0762053352279288,0.0782614476319855
2023-11-09,0.0307317380567965,0.0354447884866633,0.0416274077171809,0.0434983593065399,0.0480064858868105,0.052372678666764,0.0539472900779471,0.0554716479334542,0.0569996205893509,0.0585275932452475,0.0597499627017511,0.0609723321582546,0.0615494859365781,0.0678547286929943,0.069264110007042,0.0715798440554503,0.0761265105888154,0.0781534580639005
2023-11-08,0.03134563299091,0.0354442553540525,0.0417047040062633,0.0441362050140912,0.0484104809079955,0.052372678666764,0.0538946031130829,0.0554496128734521,0.0570169008142487,0.0585325199218321,0.0597641561174231,0.060956484774857,0.0606606057563854,0.0677358656935895,0.0692525123392254,0.0719741030938974,0.0761883776862521,0.0779642750775849
2023-11-07,0.0314796462630029,0.0354437222374795,0.0418694091927294,0.0441358747645092,0.0483191721430365,0.052372678666764,0.0539137217564081,0.0554547648460522,0.057053156984855,0.0585325199218321,0.0597295864616227,0.0609526761870609,0.0606182726583313,0.0678089968355612,0.070063456556869,0.0725290929880621,0.0758605061246751,0.0779911854634439
2023-11-06,0.0316574764590966,0.0364273251406824,0.0420340906670694,0.0444615601631704,0.048598188638666,0.0526065934447343,0.0541044215782623,0.0556022497117903,0.057170332851519,0.058687282845387,0.0599419814831028,0.0611966801208185,0.0605929749832589,0.0687449673689853,0.0705451954521898,0.0724533723727106,0.0762470417910666,0.0779837384754295
2023-11-03,0.0325863130972333,0.0366716291366138,0.0419893956212062,0.0441319836767563,0.048443603593357,0.052762744983585,0.0543101334582469,0.0558575219329088,0.0573654118680715,0.0588405215872524,0.0601366679893422,0.061447057758488,0.0608055549446241,0.0698620438585189,0.0710647381767276,0.07425931895145,0.0760011371885941,0.0778648329221829
2023-11-02,0.0329444082610089,0.0370448546891912,0.0421100943768488,0.0441290852647286,0.0484775939899246,0.0528336885400141,0.0543887301970757,0.0559437718541372,0.0574341591544746,0.0589245464548119,0.0600985101349817,0.0612724738151515,0.0606368049132217,0.0699229642465046,0.0711694642490855,0.0741596954864508,0.0756997370220402,0.0775967392508822
2023-11-01,0.032794528332083,0.0370426184342431,0.0421096735746745,0.0441338933708153,0.0485933160085009,0.0529180846766649,0.0543364481834744,0.0558515182930208,0.0573862524612036,0.0589209866293864,0.0601429039625265,0.0613648212956666,0.0608222072566458,0.0702740870380863,0.071478077627015,0.0738085492775045,0.0761727393387149,0.0779094503473754
2023-10-31,0.0318404855514798,0.0371092173971946,0.0421092527809102,0.0441335631558289,0.0486146597437646,0.0529147462643877,0.054344666430027,0.0558567659155306,0.0574133649691268,0.0589202853295231,0.0601004113262921,0.0613610004592043,0.061209658837219,0.0706386306160442,0.0719990744689754,0.0748834246731975,0.0758716617626591,0.0775537728559316
2023-10-30,0.0310948177180242,0.0372347904886462,0.042186509043855,0.0441332329457838,0.0486771129171912,0.0529920693317464,0.0544187717605687,0.055945011568146,0.0574549863696231,0.0589977867102628,0.0601861283311458,0.0614427654474819,0.0611589433762756,0.0709619683409475,0.0720894655133234,0.0748747439522639,0.0759518780793051,0.0776870762242472
2023-10-27,0.0313885439507198,0.0374737478357536,0.0421806320817234,0.0441296786358643,0.0489047034199795,0.0530050123874638,0.0544753597056183,0.0559457070237728,0.0574399271649202,0.0589179057827943,0.0601266535958049,0.0613622624713268,0.0608392244883008,0.0710246047695247,0.0722196470778747,0.0748700908429066,0.0757942325645086,0.0777935347521827
2023-10-26,0.0324809895503253,0.0376488694139599,0.04210714893823,0.0441267866525351,0.04895583839194,0.0530038092548012,0.0544897686626867,0.0559437719542735,0.0574190178964979,0.0589104753325929,0.0601302438503998,0.0613635653517379,0.0606304332267197,0.0708955208441623,0.0721962114621865,0.0747491170261833,0.0755436653357524,0.0775591423446034
2023-10-25,0.032579278984278,0.0378252422731346,0.0421844013623944,0.0447738652374341,0.049293350970041,0.0529245687604054,0.0543551929825579,0.0558329806406055,0.057318354968003,0.0588200520902071,0.0600332463191406,0.0612599204839512,0.0607143842630888,0.0710523275818482,0.0724439221726016,0.074927856637227,0.0759298463787835,0.0781969100380643
2023-10-24,0.0334516196505934,0.0376870631437415,0.0420674695694161,0.0447735302516582,0.0488902876139537,0.0529258197841175,0.0543350493428943,0.0557597649407785,0.0573034225281703,0.0587485487801967,0.0599438161348126,0.0611784879077124,0.0608991757054936,0.0710385367558259,0.0734319731311748,0.0758059016545057,0.075225721571192,0.0776394763803872
2023-10-23,0.0327063624210995,0.0372637767560767,0.0419019772375809,0.0447731952708842,0.0489312068762125,0.053007300628951,0.0544150044158018,0.0558381774750357,0.057309239224216,0.0587483213701533,0.0599573189218786,0.0611796021609854,0.0605920747808141,0.071302908579174,0.0736766418603708,0.0758707740005157,0.0751294112699299,0.0775678986226589
2023-10-20,0.0305880233671401,0.0359903595132431,0.0416534633718528,0.0447695577065255,0.0488498376935573,0.0529389574278079,0.0543498938512553,0.0557608302747026,0.0572372886568178,0.0586816501175827,0.0598855632585981,0.06110270621435,0.0605155511829492,0.0710488675528577,0.0737560597891379,0.0760689204859245,0.0750212266914946,0.0776115187371243
2023-10-19,0.028602051991575,0.0350089302377098,0.0414535526492247,0.0442874493966717,0.0485671205591338,0.0528560634410307,0.0542752671532936,0.0556944708655566,0.0571471386033069,0.0585998063410572,0.0598131444244848,0.0610264825079124,0.0605928588956402,0.0706218093964619,0.0730279408965179,0.0754206659288332,0.0747158607177963,0.0777483311703116
2023-10-18,0.0274885255951909,0.0348691710074489,0.0412977136871309,0.0439758366971661,0.048561981885218,0.0528647743993248,0.0542589528789899,0.055699093286556,0.0571470668320688,0.0585950403775816,0.0598127043661199,0.0610303683546582,0.0608799754286525,0.0693773612910161,0.0718513547081451,0.0742884900122006,0.0739015916235206,0.0764622082271183
2023-10-17,0.0272393083421526,0.0348700902741157,0.0411710063665155,0.0433327511937818,0.0481061565368979,0.0527863557273446,0.0542026940989157,0.0556345966284162,0.0571673473037041,0.0586022628295056,0.0598033517936439,0.0610440370972593,0.0606803948184684,0.0694084202456068,0.0717215352858069,0.0739821523023038,0.0740589116075802,0.0765781661573955
2023-10-16,0.0269900903527415,0.0345841146996119,0.0409276894288786,0.0433324270094191,0.0480680100121778,0.0527112635948797,0.0541259207775716,0.0555561236435898,0.0570579103141215,0.0585270494483373,0.0597422230150331,0.0609707501374069,0.0606860898180458,0.0692974416275057,0.0716006324291006,0.0736125888205069,0.0739933331736999,0.0766228895248488
2023-10-13,0.0269870594891549,0.0344419682789108,0.0409221667476964,0.0433289954518821,0.0480142648971157,0.052710673966335,0.0541338150919475,0.0555569562175601,0.0570602649106014,0.0585308929798809,0.0597444615605013,0.0609713660595901,0.0608119743926102,0.0691904693946498,0.0715681323881259,0.0737148886319033,0.0739720719124809,0.076607318294723
2023-10-12,0.0267384883739894,0.0344442343495725,0.0410912278160831,0.0428464025428254,0.0477702573941526,0.0527058191264278,0.0542009438661479,0.055696068605868,0.0571128303205352,0.0585295920352024,0.059859829269727,0.0611900665042516,0.0612005443375248,0.0694161615227153,0.0716575822477824,0.0737708835588481,0.0742788113364647,0.0770868990337921
2023-10-11,0.0269860813677804,0.0352901147033496,0.0411685383766843,0.0438104927942385,0.0483989770547161,0.0527048421284725,0.0541607088391826,0.0556645711557403,0.0571310689040058,0.0585975666522713,0.0599228829652502,0.0612481992782291,0.0612150868232843,0.0696675339265472,0.07178244332053,0.0737505303774706,0.0738457725629915,0.0765802668788332
2023-10-10,0.0283461258235249,0.0358503640755091,0.0416537765540437,0.0447688409769108,0.0488121965397901,0.0527774271879559,0.0542409516675841,0.0557205588338017,0.0571742046837304,0.0585962495369216,0.0598871573468076,0.0612206225570195,0.0608126122401551,0.0696971551427091,0.0721353486638078,0.0736119011387456,0.0737478090314955,0.0764980343571284
2023-10-09,0.0287623716572343,0.0365972747775357,0.0420223321746655,0.045410300033133,0.0491655239280199,0.0528482997734878,0.0543063491494196,0.0557804210459661,0.0572454291738122,0.058678589298879,0.0599816971169892,0.0612991248012324,0.0621590567349361,0.0697439817823053,0.0722142909765894,0.0738096771245896,0.0737524230711826,0.0765378438571462
2023-10-06,0.0295830867005504,0.0368382596834606,0.0421718468032392,0.0445253343171914,0.0486550142240243,0.052840883634707,0.0543156099227142,0.0558067220583659,0.0572599658708521,0.058681617426545,0.0599929061196931,0.0613186045786999,0.0609847291102549,0.0700200035141891,0.072387964629629,0.0740701200647242,0.0740929886894059,0.0766102365444494
2023-10-05,0.0299105469217334,0.0368408808630879,0.0422633321952277,0.0447619291056026,0.0488536343575566,0.0530010124202838,0.0545136454321703,0.0560430854775221,0.0573983720566871,0.0587536586358521,0.0601101199786308,0.0614665813214095,0.0615216660514829,0.0703605755698463,0.0728220302096707,0.074260420690629,0.0744289777499942,0.076955130144799
2023-10-04,0.0295820941010275,0.0363487175056457,0.0419328586687426,0.044766831588405,0.0490218185907759,0.0530155420753267,0.0545026416442704,0.0560387664737287,0.0573938544975649,0.058748942521401,0.0601064114354508,0.0614638803495006,0.0614066395413371,0.0701785381877941,0.072614616058779,0.0743434131822392,0.0743246330328057,0.0768532645639905
2023-10-03,0.0284196671876886,0.0360433180592792,0.0412041039286711,0.0446515101628329,0.0486694644624726,0.0526106059856139,0.054119742067345,0.0556454620620623,0.0571719569815407,0.058601016055095,0.0599372261380624,0.0613174871028859,0.0614178096050006,0.0693171752104012,0.0719772501254737,0.0739719440975181,0.0738500436312319,0.0762588411310705
2023-10-02,0.0280911551942347,0.0351771408493342,0.0412036923033602,0.0446511761474514,0.0485947617901038,0.0524630715804307,0.0540017035864242,0.0555572436364395,0.0570684418274317,0.058452381223393,0.0598358554415857,0.0612345326731652,0.0616552296553711,0.0682136802085305,0.0706819939439048,0.0727050526965471,0.0744013745761848,0.0765202053625894
2023-09-29,0.0269293966491718,0.034812885388556,0.0407124882940081,0.0438040587904988,0.048043275533429,0.052293851309631,0.0537764105644154,0.0552589698191998,0.0566901847426449,0.0581213996660899,0.0594790933775357,0.0608517068000964,0.0613755930181152,0.0676171034283822,0.0701983394106011,0.0723672235139485,0.0739349589404018,0.0759402608597281
2023-09-28,0.0266015914217301,0.0333356709422903,0.0403955975631225,0.0434464014804645,0.0479089244279574,0.0522358855613897,0.053736413293994,0.0551890518436428,0.0566181601744668,0.0580472685052908,0.0594100671978313,0.0607728658903718,0.0607696390150221,0.0673693981601069,0.0699211590409674,0.0718645808647579,0.0738141905007691,0.075884027813758
2023-09-27,0.0266015914217301,0.0332071407269761,0.0400744257100578,0.0433262684280182,0.0478005056646042,0.0522370254113139,0.0536530146377279,0.0550997862386293,0.0566010829603156,0.0580528863834848,0.0594366451433139,0.0607762413895315,0.0605639213066828,0.0672128963410483,0.069497018444613,0.0717672735351298,0.0739642609486624,0.0759343282334825
2023-09-26,0.0311388154378313,0.0346833824359644,0.0356044612864496,0.0376970695773911,0.0414256748244735,0.0451227359476832,0.0471302277628234,0.0491377195779637,0.0509586144455326,0.0527594994793919,0.0543652694383538,0.0560059474399019,0.0561155727811603,0.0622954082480445,0.0646471789175404,0.0669690128542401,0.0690669948130843,0.070817600055212
2023-09-25,0.0256080786197022,0.0332061424363098,0.0400736250862183,0.0430857192885433,0.0476808791251008,0.0522370254113373,0.0536940149852754,0.0551510045592134,0.0566701226301569,0.0581725470959252,0.0594562163005125,0.0607398855050999,0.0606086854412063,0.0669930147924909,0.0694115341406193,0.0717691391722634,0.0739809170983971,0.0759398859419857
2023-09-22,0.0244453561551256,0.0332046451128469,0.040068369540664,0.0430823395763671,0.0476701351901768,0.0522692569891538,0.0536321567728558,0.0549950565565578,0.0565040494541791,0.0580130423518004,0.0592870206094945,0.060574998628262,0.0605082869965775,0.0670161276487956,0.0689791005188336,0.0714768316980173,0.0738922425886929,0.0758252254918217
2023-09-21,0.025439156966914,0.0327116946589832,0.0399845335248589,0.0428397088881165,0.0475691751216631,0.0521539736540723,0.0535552926941542,0.0549118887861485,0.0565029374139623,0.0580939860417762,0.0593395534544622,0.0605851208671482,0.0606191217070356,0.0666996518608357,0.0686669658352504,0.0711898258938936,0.0740181641328276,0.0759542458665392
2023-09-20,0.0252801653829933,0.0327112029977823,0.0401105060634762,0.0426041510789459,0.0473607500410165,0.0520762487802324,0.0535236776005933,0.0550025722648751,0.0566186405609934,0.0581814318803165,0.0594483831086726,0.0606748997233579,0.0609711417465354,0.0664442129854765,0.0686027009303537,0.070925387461077,0.074121523326585,0.0760298976892747
2023-09-19,0.0258962226682207,0.0341876588991858,0.0399837347447977,0.0423637693057895,0.0473174915360691,0.0522282611244001,0.0537440914957295,0.0552599218670589,0.0568466406069772,0.0584159228772261,0.0596541314389732,0.0609192575781494,0.0611510715509712,0.0667859825238879,0.0690885969529994,0.071441737258363,0.0742062655523647,0.0761671890116472
2023-09-18,0.0266413268155778,0.0350531025718308,0.0405567619942153,0.0441193685844896,0.0482656858289178,0.0523759264307556,0.0538712243233218,0.0553665222158881,0.0570195340000583,0.0586543808195674,0.0598075831958817,0.0609607855721959,0.0612648848716754,0.0671339294944041,0.0692296636786764,0.0716819523162157,0.0741506156296447,0.0761484252459546
